type,source_path,library_path,matched_script,classification_reason,format,bytes,sha256
other,binance_tsla.png,outputs/charts/by-type/other/root/binance_tsla.png,,no reliable type signal,png,217378,b7879078e0d563a9863644041c573af4ec240ff589daf53ec3af76d5c62a97e1
other,chains.png,outputs/charts/by-type/other/root/chains.png,charts/app_revenue_by_chain_monthly.py,no reliable type signal,png,202592,69743a178da800b8941f17a57ef9aaddc017c7fbc7b4b51cb1b4c94e27a1cab9
pie-donut,outputs/charts/21shares/aum/twentyone_shares_aum.png,outputs/charts/by-type/pie-donut/generated/21shares/aum/twentyone_shares_aum.png,charts/twentyone_shares_aum.py,matched donut|pie_chart|\.pie\(,png,134612,3e6ee391e2e7b53b41b6852da67ea2b803678442318a4ee231db1f34f150367c
pie-donut,outputs/charts/21shares/aum/twentyone_shares_aum.svg,outputs/charts/by-type/pie-donut/generated/21shares/aum/twentyone_shares_aum.svg,charts/twentyone_shares_aum.py,matched donut|pie_chart|\.pie\(,svg,42030,91ce92c7601e77b69dea9f08350729c1c193689d0b9fda71710ba2fff60fb031
other,outputs/charts/Group 1991501171.svg,outputs/charts/by-type/other/generated/Group 1991501171.svg,charts/dz_rtt_improvement.py,no reliable type signal,svg,99105,f8b0b43e6082c9324d40ff5ba819411559300f4997cb559b1e887d865e1904ee
area,outputs/charts/amazon/revenue/amazon_revenue_milestones.png,outputs/charts/by-type/area/generated/amazon/revenue/amazon_revenue_milestones.png,charts/amazon_revenue_milestones.py,script uses fill_between,png,143634,d1e8e1086f553d8cf3f05ba041edc6032bfad8561448afd07577a000315c2914
area,outputs/charts/amazon/revenue/amazon_revenue_milestones.svg,outputs/charts/by-type/area/generated/amazon/revenue/amazon_revenue_milestones.svg,charts/amazon_revenue_milestones.py,script uses fill_between,svg,68243,c5b97abbdf5910eb221e25d7461c90e5711d52ba12ce7093019ee7e6602443f3
area,outputs/charts/apriori/tvl/apriori_tvl_trend.png,outputs/charts/by-type/area/generated/apriori/tvl/apriori_tvl_trend.png,charts/apriori_tvl_trend.py,script uses fill_between,png,55343,1ddc0b19212009e5852e5b81fa3eb96be8fdb18f98a41026599ba57ac3c74eff
area,outputs/charts/apriori/tvl/apriori_tvl_trend.svg,outputs/charts/by-type/area/generated/apriori/tvl/apriori_tvl_trend.svg,charts/apriori_tvl_trend.py,script uses fill_between,svg,28510,f2d2f99531c2f747543016ea696f1d0afec48b8d8d6b955f93e6812f52cc6f3f
line,outputs/charts/asia-cex/listings/asia_cex_liquidity_survival.png,outputs/charts/by-type/line/generated/asia-cex/listings/asia_cex_liquidity_survival.png,charts/asia_cex_liquidity_survival.py,script uses plot,png,85420,6f7de5b6e37465a0fe536130e90a03357fd602b34e0d29f0aee996921e6b0900
line,outputs/charts/asia-cex/listings/asia_cex_liquidity_survival.svg,outputs/charts/by-type/line/generated/asia-cex/listings/asia_cex_liquidity_survival.svg,charts/asia_cex_liquidity_survival.py,script uses plot,svg,24658,cdd23c0617bd151951c0b94524c63f5e299035d5eab670a0d1c085bb25408ddb
diagram,outputs/charts/asia-cex/listings/asia_cex_post_listing_liquidity.png,outputs/charts/by-type/diagram/generated/asia-cex/listings/asia_cex_post_listing_liquidity.png,charts/asia_cex_post_listing_liquidity.py,matched lifecycle|funnel|flowchart|diagram|deployer_timeline,png,89621,bb617f42230dc75b97a60fab2a6acf332782680e17f42044342cad88f76a7d36
diagram,outputs/charts/asia-cex/listings/asia_cex_post_listing_liquidity.svg,outputs/charts/by-type/diagram/generated/asia-cex/listings/asia_cex_post_listing_liquidity.svg,charts/asia_cex_post_listing_liquidity.py,matched lifecycle|funnel|flowchart|diagram|deployer_timeline,svg,25403,50d1b89bb4465b8c15eab888233a5710fc25348736b38688d0613323287be633
line,outputs/charts/asia-cex/listings/asia_cex_top20_assets.png,outputs/charts/by-type/line/generated/asia-cex/listings/asia_cex_top20_assets.png,charts/asia_cex_top20_assets.py,script uses plot,png,264570,e77b422feded2afcf6bd60817bcc3eef3a1ed2ad31b30d660cba63606dd3b08e
line,outputs/charts/asia-cex/listings/asia_cex_top20_assets.svg,outputs/charts/by-type/line/generated/asia-cex/listings/asia_cex_top20_assets.svg,charts/asia_cex_top20_assets.py,script uses plot,svg,125906,3d2a8270c734833b0dd2147e902e45b992cbd7f180a1f89aa002ae6d1b5ebb63
other,outputs/charts/asia-cex/tail/asia_cex_tail_vs_btc_24h.png,outputs/charts/by-type/other/generated/asia-cex/tail/asia_cex_tail_vs_btc_24h.png,charts/asia_cex_tail_vs_btc_24h.py,no reliable type signal,png,47676,20fcca5a63d9a895a7dff99344d4fd12676a13596a7a865b30dcc7227a7a101f
other,outputs/charts/asia-cex/tail/asia_cex_tail_vs_btc_24h.svg,outputs/charts/by-type/other/generated/asia-cex/tail/asia_cex_tail_vs_btc_24h.svg,charts/asia_cex_tail_vs_btc_24h.py,no reliable type signal,svg,47008,9e4c2b6a52356a77c858a6efe2cb98be34dc44a86182e201929ae4c4d856a262
scatter,outputs/charts/asia-cex/tail/asia_cex_tier_share_binance.png,outputs/charts/by-type/scatter/generated/asia-cex/tail/asia_cex_tier_share_binance.png,charts/asia_cex_tier_share.py,matched bubble_chart|\.scatter\(,png,47222,a2bc27922c777636ee3bc288873caef574ca40ea11406e530126d2491f4f4e93
scatter,outputs/charts/asia-cex/tail/asia_cex_tier_share_binance.svg,outputs/charts/by-type/scatter/generated/asia-cex/tail/asia_cex_tier_share_binance.svg,charts/asia_cex_tier_share.py,matched bubble_chart|\.scatter\(,svg,69928,23df8b5f80624366bfeb8345341ab56d9dbee972953db0eaa2feb879223f535f
scatter,outputs/charts/asia-cex/tail/asia_cex_tier_share_bithumb.png,outputs/charts/by-type/scatter/generated/asia-cex/tail/asia_cex_tier_share_bithumb.png,charts/asia_cex_tier_share.py,matched bubble_chart|\.scatter\(,png,53554,8b2fdeaa08911ada03b985bb26c84df522169b61bf7f70cfe630c712f4493ef3
scatter,outputs/charts/asia-cex/tail/asia_cex_tier_share_bithumb.svg,outputs/charts/by-type/scatter/generated/asia-cex/tail/asia_cex_tier_share_bithumb.svg,charts/asia_cex_tier_share.py,matched bubble_chart|\.scatter\(,svg,69405,542f305608f1eadc8e7e0ad5bcbcc659f4c951d23a7794e4132e169b07119d4a
scatter,outputs/charts/asia-cex/tail/asia_cex_tier_share_coinbase.png,outputs/charts/by-type/scatter/generated/asia-cex/tail/asia_cex_tier_share_coinbase.png,charts/asia_cex_tier_share.py,matched bubble_chart|\.scatter\(,png,49328,0dd3eb4d83db307c310f88a4deed0169680ed26ce45c370be71bfe716286c17f
scatter,outputs/charts/asia-cex/tail/asia_cex_tier_share_coinbase.svg,outputs/charts/by-type/scatter/generated/asia-cex/tail/asia_cex_tier_share_coinbase.svg,charts/asia_cex_tier_share.py,matched bubble_chart|\.scatter\(,svg,71240,fec330e43ec609c42aa8ea6aba001cd4806a30b3593b7afa4dd12274e379efaa
scatter,outputs/charts/asia-cex/tail/asia_cex_tier_share_upbit.png,outputs/charts/by-type/scatter/generated/asia-cex/tail/asia_cex_tier_share_upbit.png,charts/asia_cex_tier_share.py,matched bubble_chart|\.scatter\(,png,52487,08ed8d4d0896c7ec32349a2269183615361a46d7c2e9530d1ddebab087c6801c
scatter,outputs/charts/asia-cex/tail/asia_cex_tier_share_upbit.svg,outputs/charts/by-type/scatter/generated/asia-cex/tail/asia_cex_tier_share_upbit.svg,charts/asia_cex_tier_share.py,matched bubble_chart|\.scatter\(,svg,68690,ad85001ee8a1ec52c9e0593c0a408a3fb5ae5b6fe113e797de525d02b2f41b3c
area,outputs/charts/bitcoin/fees/btc_network_fee_by_tx_type.png,outputs/charts/by-type/area/generated/bitcoin/fees/btc_network_fee_by_tx_type.png,charts/btc_network_fee_by_tx_type.py,script uses fill_between,png,54293,a5c6bb7b76a3db963a44f412e4cb53ef4bf2bae92504d81b200780ade59993b5
area,outputs/charts/bitcoin/fees/btc_network_fee_by_tx_type.svg,outputs/charts/by-type/area/generated/bitcoin/fees/btc_network_fee_by_tx_type.svg,charts/btc_network_fee_by_tx_type.py,script uses fill_between,svg,3321982,adc375ea3dfb3f699b5302ec603e17cf5f1a1a0436f522afb6e37440c65be7bd
bar,outputs/charts/bitcoin/mining/btc_cost_to_mine_vs_price.png,outputs/charts/by-type/bar/generated/bitcoin/mining/btc_cost_to_mine_vs_price.png,charts/btc_cost_to_mine_vs_price.py,script uses bar/barh,png,105163,dc7115255b59b6bae368887624787beed492e031172a515cd9187b07f428bc76
bar,outputs/charts/bitcoin/mining/btc_cost_to_mine_vs_price.svg,outputs/charts/by-type/bar/generated/bitcoin/mining/btc_cost_to_mine_vs_price.svg,charts/btc_cost_to_mine_vs_price.py,script uses bar/barh,svg,72693,e2f0360dc1ae49640689dc5bd6b2211071ea5381fd68d82b02018b63d9971a95
area,outputs/charts/bitcoin/mining/btc_price_difficulty_hashprice.png,outputs/charts/by-type/area/generated/bitcoin/mining/btc_price_difficulty_hashprice.png,charts/btc_price_difficulty_hashprice.py,script uses fill_between,png,108100,9270390204116a6677fb2e9d193bea549d5f32a5fdfc1abce31ef8ef8a1e0943
area,outputs/charts/bitcoin/mining/btc_price_difficulty_hashprice.svg,outputs/charts/by-type/area/generated/bitcoin/mining/btc_price_difficulty_hashprice.svg,charts/btc_price_difficulty_hashprice.py,script uses fill_between,svg,105884,9331754f67a044602e041fceed54564d558f6b731d36931c9d11684f4d8aec90
area,outputs/charts/bitcoin/mining/btc_price_difficulty_hashprice_dual.png,outputs/charts/by-type/area/generated/bitcoin/mining/btc_price_difficulty_hashprice_dual.png,charts/btc_price_difficulty_hashprice.py,script uses fill_between,png,116223,751c584e2898c1467a0a96ddc03cb1bd94d575578790ba36121dee309fb900e5
area,outputs/charts/bitcoin/mining/btc_price_difficulty_hashprice_dual.svg,outputs/charts/by-type/area/generated/bitcoin/mining/btc_price_difficulty_hashprice_dual.svg,charts/btc_price_difficulty_hashprice.py,script uses fill_between,svg,274089,d5031d86f7fb94cfff020c3619eaa37f7fd8dce994c8fcf9a270c23e40e9d9f1
area,outputs/charts/bitcoin/mining/btc_price_difficulty_hashprice_index.png,outputs/charts/by-type/area/generated/bitcoin/mining/btc_price_difficulty_hashprice_index.png,charts/btc_price_difficulty_hashprice.py,script uses fill_between,png,104694,e760fddd8bdfce864b386ae47dd3a620c6db96db7f989ae76f5c56aea6bc622b
area,outputs/charts/bitcoin/mining/btc_price_difficulty_hashprice_index.svg,outputs/charts/by-type/area/generated/bitcoin/mining/btc_price_difficulty_hashprice_index.svg,charts/btc_price_difficulty_hashprice.py,script uses fill_between,svg,241010,7359debf9f8a9353ae4b1b23291fb52db574525ffc0a0d731e8727fe59a8bdc4
area,outputs/charts/bitcoin/mining/btc_price_difficulty_hashprice_index_log.png,outputs/charts/by-type/area/generated/bitcoin/mining/btc_price_difficulty_hashprice_index_log.png,charts/btc_price_difficulty_hashprice.py,script uses fill_between,png,129596,a466a8342a05175fb6f40e7371ac446c3e2300cc75727f7d3f2c7f241bd83a5d
area,outputs/charts/bitcoin/mining/btc_price_difficulty_hashprice_index_log.svg,outputs/charts/by-type/area/generated/bitcoin/mining/btc_price_difficulty_hashprice_index_log.svg,charts/btc_price_difficulty_hashprice.py,script uses fill_between,svg,291836,fd3050b407638cfd2fd660d289356fe6571fc0f169c32ef0c10eeb5bbe914dcd
scatter,outputs/charts/bitcoin/mining/btc_price_vs_hashprice.png,outputs/charts/by-type/scatter/generated/bitcoin/mining/btc_price_vs_hashprice.png,charts/btc_price_vs_hashprice.py,matched bubble_chart|\.scatter\(,png,130249,521a903c225f4d489db85e320e9b0da3be86d564ad7ba22a74ffb7498b6d05f9
scatter,outputs/charts/bitcoin/mining/btc_price_vs_hashprice.svg,outputs/charts/by-type/scatter/generated/bitcoin/mining/btc_price_vs_hashprice.svg,charts/btc_price_vs_hashprice.py,matched bubble_chart|\.scatter\(,svg,66636,2400cd4d39da9e6f8d58790f137f9bf9138c408a926d275403671abeb34da843
line,outputs/charts/bitcoin/mining/btc_price_vs_network_hashrate.png,outputs/charts/by-type/line/generated/bitcoin/mining/btc_price_vs_network_hashrate.png,charts/btc_price_vs_network_hashrate.py,script uses plot,png,176659,de32c992472330c14991b73ce3959d038d9e775e428c94c43b8c78f91cd62b6b
line,outputs/charts/bitcoin/mining/btc_price_vs_network_hashrate.svg,outputs/charts/by-type/line/generated/bitcoin/mining/btc_price_vs_network_hashrate.svg,charts/btc_price_vs_network_hashrate.py,script uses plot,svg,74395,74dd1a93e646403051b62d585e8b82b7d80f8425b6237c75ac4f058912bb8962
line,outputs/charts/bitcoin/mining/btc_price_vs_network_hashrate_from_difficulty.png,outputs/charts/by-type/line/generated/bitcoin/mining/btc_price_vs_network_hashrate_from_difficulty.png,charts/btc_price_vs_network_hashrate.py,script uses plot,png,158819,a7b53a2fe77eac96cbfa20da42945a7272e6890d6aa91718752fcf7a60c90a27
line,outputs/charts/bitcoin/mining/btc_price_vs_network_hashrate_from_difficulty.svg,outputs/charts/by-type/line/generated/bitcoin/mining/btc_price_vs_network_hashrate_from_difficulty.svg,charts/btc_price_vs_network_hashrate.py,script uses plot,svg,61513,df471ad3cb7a969b202a5cd08a7048ec2c8219854fa6de635341e1ad504fbbc1
heatmap,outputs/charts/bitcoin/mining/miner_market_cap_ranking.png,outputs/charts/by-type/heatmap/generated/bitcoin/mining/miner_market_cap_ranking.png,charts/miner_market_cap_ranking.py,matched heatmap|pcolormesh|\.imshow\(,png,94479,71ac51b23d6bbc4c1d7c0f47c2f4beeb6ab9b769d48b2a41a8c31ae581cbd553
heatmap,outputs/charts/bitcoin/mining/miner_market_cap_ranking.svg,outputs/charts/by-type/heatmap/generated/bitcoin/mining/miner_market_cap_ranking.svg,charts/miner_market_cap_ranking.py,matched heatmap|pcolormesh|\.imshow\(,svg,64041,86e4ca4ee48ff30e93db53a8295032d146949d394e146883bc55de846de75447
heatmap,outputs/charts/bitcoin/mining/miner_q2_production_vs_revenue.png,outputs/charts/by-type/heatmap/generated/bitcoin/mining/miner_q2_production_vs_revenue.png,charts/miner_q2_production_vs_revenue.py,matched heatmap|pcolormesh|\.imshow\(,png,38531,4a439a628b17874f78b0100afc3645ae985a2f1b58a05e2d01fb935b125ed3c9
heatmap,outputs/charts/bitcoin/mining/miner_q2_production_vs_revenue.svg,outputs/charts/by-type/heatmap/generated/bitcoin/mining/miner_q2_production_vs_revenue.svg,charts/miner_q2_production_vs_revenue.py,matched heatmap|pcolormesh|\.imshow\(,svg,30712,767a218e0177bfa02118f8507f9f3cc6e9c437fec7d1d5272b97ea88ebe781e9
heatmap,outputs/charts/bitcoin/mining/realized_hashrate_change.png,outputs/charts/by-type/heatmap/generated/bitcoin/mining/realized_hashrate_change.png,charts/realized_hashrate_change.py,matched heatmap|pcolormesh|\.imshow\(,png,54193,ba3f333500e8b859ef2afde79dbc711b6d47e6e858b66a5565e9369afb13bc60
heatmap,outputs/charts/bitcoin/mining/realized_hashrate_change.svg,outputs/charts/by-type/heatmap/generated/bitcoin/mining/realized_hashrate_change.svg,charts/realized_hashrate_change.py,matched heatmap|pcolormesh|\.imshow\(,svg,42118,05c06d90cba0b59ca2c0f6e7dd9b6719856d8abf83f4894e71a668b9bd64bed3
heatmap,outputs/charts/blackrock/buidl/buidl_total_value_by_network.png,outputs/charts/by-type/heatmap/generated/blackrock/buidl/buidl_total_value_by_network.png,charts/buidl_total_value_by_network.py,matched heatmap|pcolormesh|\.imshow\(,png,95447,d963ccc8ce29fbc06c81f04d666a3d23f7b5499dc51b7e92eb9374659ffa458c
heatmap,outputs/charts/blackrock/buidl/buidl_total_value_by_network.svg,outputs/charts/by-type/heatmap/generated/blackrock/buidl/buidl_total_value_by_network.svg,charts/buidl_total_value_by_network.py,matched heatmap|pcolormesh|\.imshow\(,svg,621399,a52494377d5c817eb88e11c5ca14ab432976348eed383bbbe7bae2d3ed4a6cfd
line,outputs/charts/blockchains/fees/blockchains_median_tx_fee.png,outputs/charts/by-type/line/generated/blockchains/fees/blockchains_median_tx_fee.png,charts/blockchains_median_tx_fee.py,script uses plot,png,93805,67de853f16c31eefb8779cc77776853cd07d5ae5ad3c7e19bdc9a9abe38e93b6
line,outputs/charts/blockchains/fees/blockchains_median_tx_fee.svg,outputs/charts/by-type/line/generated/blockchains/fees/blockchains_median_tx_fee.svg,charts/blockchains_median_tx_fee.py,script uses plot,svg,34934,8fb5fbb881172402890074e2333187d8fa829b0450997abaa479bcd741673518
line,outputs/charts/blockchains/revenue/app_revenue_by_chain_monthly.png,outputs/charts/by-type/line/generated/blockchains/revenue/app_revenue_by_chain_monthly.png,charts/app_revenue_by_chain_monthly.py,filename matched trend|price|tvl|volume|revenue|growth|supply|fees|ratio|rate|daily|weekly|monthly,png,50636,d6f967aa23164613ddff6a80e0aa03b22397eb400d0f8e82a563a483d96f2620
line,outputs/charts/blockchains/revenue/app_revenue_by_chain_monthly.svg,outputs/charts/by-type/line/generated/blockchains/revenue/app_revenue_by_chain_monthly.svg,charts/app_revenue_by_chain_monthly.py,filename matched trend|price|tvl|volume|revenue|growth|supply|fees|ratio|rate|daily|weekly|monthly,svg,143220,e24924d85631238fb5d22952f38fbf901f4a2ccb3542da2f7cbba33bf2d1f4be
other,outputs/charts/blockchains/tps/chainspect_realtime_tps_30d.png,outputs/charts/by-type/other/generated/blockchains/tps/chainspect_realtime_tps_30d.png,charts/chainspect_realtime_tps_30d.py,no reliable type signal,png,26039,96138ffea16fa704f7eb341b6de03f2bbfa470f978e13cb2d7ba478da82d37d0
other,outputs/charts/blockchains/tps/chainspect_realtime_tps_30d.svg,outputs/charts/by-type/other/generated/blockchains/tps/chainspect_realtime_tps_30d.svg,charts/chainspect_realtime_tps_30d.py,no reliable type signal,svg,33638,7807ae29aeaacd15c849cd5dc47fedd3139ea76ac949860bb1f88ec2122621d5
line,outputs/charts/blockchains/transactions/chain_transactions_daily.png,outputs/charts/by-type/line/generated/blockchains/transactions/chain_transactions_daily.png,charts/chain_transactions_daily.py,script uses plot,png,74906,94442bfa2c64af1b4259c64a64f5d4daca13f4a65c9627267c946d0ddf794ccc
line,outputs/charts/blockchains/transactions/chain_transactions_daily.svg,outputs/charts/by-type/line/generated/blockchains/transactions/chain_transactions_daily.svg,charts/chain_transactions_daily.py,script uses plot,svg,82664,c9e9d30e4a35fdbedc86dbc3524d4a1ae681ac76a29237c128b7973904f81893
line,outputs/charts/cap/bitcoin/price/btc_price_strategy_sale.png,outputs/charts/by-type/line/generated/cap/bitcoin/price/btc_price_strategy_sale.png,charts/btc_price_strategy_sale.py,script uses plot,png,74251,76df56c3ca98d6df8c9a700d31e3faab6121e451408570ae1ee9b11f418f1a16
line,outputs/charts/cap/bitcoin/price/btc_price_strategy_sale.svg,outputs/charts/by-type/line/generated/cap/bitcoin/price/btc_price_strategy_sale.svg,charts/btc_price_strategy_sale.py,script uses plot,svg,65702,550db50bef5c11358bf3b96329c10378d5f1791221f5da6df84b71368086dc80
line,outputs/charts/cap/bitcoin/price/btc_price_strategy_sale_1w.png,outputs/charts/by-type/line/generated/cap/bitcoin/price/btc_price_strategy_sale_1w.png,charts/btc_price_strategy_sale_1w.py,script uses plot,png,75575,460c62ed3da1a3210ce2305cc01e85ca30339313f6ea4652392cf84d09e7cb44
line,outputs/charts/cap/bitcoin/price/btc_price_strategy_sale_1w.svg,outputs/charts/by-type/line/generated/cap/bitcoin/price/btc_price_strategy_sale_1w.svg,charts/btc_price_strategy_sale_1w.py,script uses plot,svg,105916,356aa939a75578db2d6238be5304fa7cb993e4c937d4af0b598d774b46c265c6
line,outputs/charts/cap/bitcoin/price/btc_weekly_drawdown.png,outputs/charts/by-type/line/generated/cap/bitcoin/price/btc_weekly_drawdown.png,charts/btc_weekly_drawdown.py,filename matched trend|price|tvl|volume|revenue|growth|supply|fees|ratio|rate|daily|weekly|monthly,png,40984,e8786d4d41ef09f26f35301290c1a116724b01b06c4333464405ac884e7eafbf
line,outputs/charts/cap/bitcoin/price/btc_weekly_drawdown.svg,outputs/charts/by-type/line/generated/cap/bitcoin/price/btc_weekly_drawdown.svg,charts/btc_weekly_drawdown.py,filename matched trend|price|tvl|volume|revenue|growth|supply|fees|ratio|rate|daily|weekly|monthly,svg,54989,51ef3d56e6ba388aa197268db99731573bb37a332be7979aa6e30c82489cdbb6
heatmap,outputs/charts/cap/bitcoin/treasury/btc_treasury_holdings_ranking.png,outputs/charts/by-type/heatmap/generated/cap/bitcoin/treasury/btc_treasury_holdings_ranking.png,charts/btc_treasury_holdings_ranking.py,matched heatmap|pcolormesh|\.imshow\(,png,61603,ab3d6b68c18f9a2d4043badae8ed7350dba383e295747f7a2843880635fd0ce8
heatmap,outputs/charts/cap/bitcoin/treasury/btc_treasury_holdings_ranking.svg,outputs/charts/by-type/heatmap/generated/cap/bitcoin/treasury/btc_treasury_holdings_ranking.svg,charts/btc_treasury_holdings_ranking.py,matched heatmap|pcolormesh|\.imshow\(,svg,24750,1c04decf6ee6d7a993a08621a6bfea79f7846c54b9242403c7cb5da99effff94
line,outputs/charts/cap/bitcoin/treasury/enterprise_value_vs_btc_nav.png,outputs/charts/by-type/line/generated/cap/bitcoin/treasury/enterprise_value_vs_btc_nav.png,charts/enterprise_value_vs_btc_nav.py,script uses plot,png,239261,4a5ba185d2b0b676d8b40c9a41e532cea572fb1f9e9cf363a0c50e86ce8cdb60
line,outputs/charts/cap/bitcoin/treasury/enterprise_value_vs_btc_nav.svg,outputs/charts/by-type/line/generated/cap/bitcoin/treasury/enterprise_value_vs_btc_nav.svg,charts/enterprise_value_vs_btc_nav.py,script uses plot,svg,4097727,25a47427e2b083419e2e636128b499f31993eb5b9fdcd947de10111af59d1820
heatmap,outputs/charts/cap/bitcoin/treasury/japanese_listed_btc_holdings.png,outputs/charts/by-type/heatmap/generated/cap/bitcoin/treasury/japanese_listed_btc_holdings.png,charts/japanese_listed_btc_holdings.py,matched heatmap|pcolormesh|\.imshow\(,png,29100,a7b1137744efbbcb440ae0238a321b10496d6d99ef694097ad16ade767cb4c45
heatmap,outputs/charts/cap/bitcoin/treasury/japanese_listed_btc_holdings.svg,outputs/charts/by-type/heatmap/generated/cap/bitcoin/treasury/japanese_listed_btc_holdings.svg,charts/japanese_listed_btc_holdings.py,matched heatmap|pcolormesh|\.imshow\(,svg,47161,5febb81fae4f9d05f2a1bc06c5990c67d3d6f4a9d23b20564212b347c21bf82c
line,outputs/charts/cap/bitcoin/treasury/metaplanet_btc_holdings_growth.png,outputs/charts/by-type/line/generated/cap/bitcoin/treasury/metaplanet_btc_holdings_growth.png,charts/metaplanet_btc_holdings_growth.py,script uses plot,png,81178,ca7d1267172dbf7059af246fe79ac4e0fbbcfdb92a93c6b82cc4429bc7dea97b
line,outputs/charts/cap/bitcoin/treasury/metaplanet_btc_holdings_growth.svg,outputs/charts/by-type/line/generated/cap/bitcoin/treasury/metaplanet_btc_holdings_growth.svg,charts/metaplanet_btc_holdings_growth.py,script uses plot,svg,45269,d068b6ad822e8bfa7b826fd92388b16fc1be9f0a3f3924d71955d5c1e8f681cd
bar,outputs/charts/cap/deposits/cap_organic_deposit_share.png,outputs/charts/by-type/bar/generated/cap/deposits/cap_organic_deposit_share.png,charts/cap_organic_deposits.py,script uses bar/barh,png,35809,80ae96eedd27c01fd67c0b4e1ebec4a3ad8bafd5ba0ae210e152c8ba59f38cd3
bar,outputs/charts/cap/deposits/cap_organic_deposit_share.svg,outputs/charts/by-type/bar/generated/cap/deposits/cap_organic_deposit_share.svg,charts/cap_organic_deposits.py,script uses bar/barh,svg,21095,b427c7f67c43d8d0c099e4277262a67731549442b8b5a961a4b83f23674a2ee7
bar,outputs/charts/cap/deposits/cap_unstaked_share_vs_peers.png,outputs/charts/by-type/bar/generated/cap/deposits/cap_unstaked_share_vs_peers.png,charts/cap_organic_deposits.py,script uses bar/barh,png,41019,e838ee52758f51e353821e048926edd979a03b54abdf0bb59d3d89362da0d43b
bar,outputs/charts/cap/deposits/cap_unstaked_share_vs_peers.svg,outputs/charts/by-type/bar/generated/cap/deposits/cap_unstaked_share_vs_peers.svg,charts/cap_organic_deposits.py,script uses bar/barh,svg,21331,a0194a322af1099c62ec14c9db5ad0f2403fb9e73d1161a5a046d2da931de4ee
stacked,outputs/charts/cap/reserves/cap_reserve_collateral_composition.png,outputs/charts/by-type/stacked/generated/cap/reserves/cap_reserve_collateral_composition.png,charts/cap_reserve_collateral_composition.py,script uses stacked bars,png,43586,f890190bd497a7f050a81c7e03325de9838e230ddf7bf3929d9d98c263e42345
stacked,outputs/charts/cap/reserves/cap_reserve_collateral_composition.svg,outputs/charts/by-type/stacked/generated/cap/reserves/cap_reserve_collateral_composition.svg,charts/cap_reserve_collateral_composition.py,script uses stacked bars,svg,29317,79310908f4f94a9396a34679999625111fad19211bf2af4b12091d6bd21995cd
line,outputs/charts/cap/tvl/cap_tvl_borrow_indexed.png,outputs/charts/by-type/line/generated/cap/tvl/cap_tvl_borrow_indexed.png,charts/cap_tvl_borrow_indexed.py,script uses plot,png,95808,0ba793294d58b2e48f270092a174aa97f4fcdd172eaa613ded74946fa4097a1f
line,outputs/charts/cap/tvl/cap_tvl_borrow_indexed.svg,outputs/charts/by-type/line/generated/cap/tvl/cap_tvl_borrow_indexed.svg,charts/cap_tvl_borrow_indexed.py,script uses plot,svg,40658,56302a85c9696a23bf8a4c4947c8f0e52f312b3fd27eb5d591900b06b4463fe4
pie-donut,outputs/charts/cap/tvl/cap_tvl_token_breakdown.png,outputs/charts/by-type/pie-donut/generated/cap/tvl/cap_tvl_token_breakdown.png,charts/cap_tvl_token_breakdown.py,matched donut|pie_chart|\.pie\(,png,105381,a4b4a86e1f5edfaf3b7153ec7c7b70fdb6aa4b060717fac6d40ce8dc1ee2e135
pie-donut,outputs/charts/cap/tvl/cap_tvl_token_breakdown.svg,outputs/charts/by-type/pie-donut/generated/cap/tvl/cap_tvl_token_breakdown.svg,charts/cap_tvl_token_breakdown.py,matched donut|pie_chart|\.pie\(,svg,40213,e6ea72c6429443db671a17d342b780584d30c713f69787364598573cc768f8f8
line,outputs/charts/cap/tvl/cap_tvl_trajectory.png,outputs/charts/by-type/line/generated/cap/tvl/cap_tvl_trajectory.png,charts/cap_tvl_trajectory.py,script uses plot,png,213252,829491c0372e0bb1417cc31cf0682dd722f2445f649f0772e55ded5d32465e74
line,outputs/charts/cap/tvl/cap_tvl_trajectory.svg,outputs/charts/by-type/line/generated/cap/tvl/cap_tvl_trajectory.svg,charts/cap_tvl_trajectory.py,script uses plot,svg,683044,21a7b0e03c72427311efc5611dca6c0602243dbb960d28fd92b1df56aa0653fe
heatmap,outputs/charts/cap/yield/cap_stcusd_apy.png,outputs/charts/by-type/heatmap/generated/cap/yield/cap_stcusd_apy.png,charts/cap_stcusd_apy.py,matched heatmap|pcolormesh|\.imshow\(,png,111302,75dfdaaf65db069e2cb73261055b76d9dd03e219b6bc039a25702c7cebf22b40
heatmap,outputs/charts/cap/yield/cap_stcusd_apy.svg,outputs/charts/by-type/heatmap/generated/cap/yield/cap_stcusd_apy.svg,charts/cap_stcusd_apy.py,matched heatmap|pcolormesh|\.imshow\(,svg,137714,901256655b8bc3297196016df3682eff3fa330907a7ad6c95e779997a65d714c
line,outputs/charts/coinbase/revenue/coinbase_revenue_stack.png,outputs/charts/by-type/line/generated/coinbase/revenue/coinbase_revenue_stack.png,charts/coinbase_revenue_stack.py,filename matched trend|price|tvl|volume|revenue|growth|supply|fees|ratio|rate|daily|weekly|monthly,png,82868,fb68416058d168f0444d4562ff5fd85ebf9a1fccd1eae1503e47300ded5363b1
line,outputs/charts/coinbase/revenue/coinbase_revenue_stack.svg,outputs/charts/by-type/line/generated/coinbase/revenue/coinbase_revenue_stack.svg,charts/coinbase_revenue_stack.py,filename matched trend|price|tvl|volume|revenue|growth|supply|fees|ratio|rate|daily|weekly|monthly,svg,47314,2e37cd73f4c68feab0517ffa56a4326d153efeab1cada0932e5e740da671fd97
scatter,outputs/charts/coinbase/revenue/coinbase_subscription_share.png,outputs/charts/by-type/scatter/generated/coinbase/revenue/coinbase_subscription_share.png,charts/coinbase_subscription_share.py,matched bubble_chart|\.scatter\(,png,53763,ee27b438479f44ce982f7e7cac2ac6da9fdea20453ee4798ba75f29a4d0fbe02
scatter,outputs/charts/coinbase/revenue/coinbase_subscription_share.svg,outputs/charts/by-type/scatter/generated/coinbase/revenue/coinbase_subscription_share.svg,charts/coinbase_subscription_share.py,matched bubble_chart|\.scatter\(,svg,25249,671c07b096c9eacf84ee3897a23092d9da481c6f7430028a602dedcfe2aa6855
bar,outputs/charts/collector-crypt/metrics/cc_keep_rate.png,outputs/charts/by-type/bar/generated/collector-crypt/metrics/cc_keep_rate.png,charts/cc_keep_rate.py,script uses bar/barh,png,80960,b713df580cf9b5a922f755e1ea982d8525697919aef3e2c719e92a8c1db433d5
bar,outputs/charts/collector-crypt/metrics/cc_keep_rate.svg,outputs/charts/by-type/bar/generated/collector-crypt/metrics/cc_keep_rate.svg,charts/cc_keep_rate.py,script uses bar/barh,svg,34778,24acea501ad1d7cebd50e0cda838b92a091cfb63fb9fc92e227705749f8e2225
line,outputs/charts/collector-crypt/metrics/cc_payout_per_soldback.png,outputs/charts/by-type/line/generated/collector-crypt/metrics/cc_payout_per_soldback.png,charts/cc_payout_per_soldback.py,script uses plot,png,106618,1f35b9cd0b58f3c46571b1e5a9557a1000bf124d40b515979c43057bc631c29f
line,outputs/charts/collector-crypt/metrics/cc_payout_per_soldback.svg,outputs/charts/by-type/line/generated/collector-crypt/metrics/cc_payout_per_soldback.svg,charts/cc_payout_per_soldback.py,script uses plot,svg,39270,a8794057ec35467477c82cf9dc55d6b4c33209af8ddaddbecf7b0d6594f9a564
bar,outputs/charts/collector-crypt/rarity/cc_rarity_sellback.png,outputs/charts/by-type/bar/generated/collector-crypt/rarity/cc_rarity_sellback.png,charts/cc_rarity_sellback.py,script uses bar/barh,png,25272,4aaa40977e33f97d9be71ac39fa4a726f8319a6e192737da96478ebd8b7b5b15
bar,outputs/charts/collector-crypt/rarity/cc_rarity_sellback.svg,outputs/charts/by-type/bar/generated/collector-crypt/rarity/cc_rarity_sellback.svg,charts/cc_rarity_sellback.py,script uses bar/barh,svg,26084,43d1d9d5f0a19e8d1f8534a453acec32c649eaf19e857632aa824fc9ca3cc25b
stacked,outputs/charts/collector-crypt/revenue/cc_partner_machine_revenue.png,outputs/charts/by-type/stacked/generated/collector-crypt/revenue/cc_partner_machine_revenue.png,charts/cc_partner_machine_revenue.py,script uses stacked bars,png,78971,3b10e0ff3a1c0c2eca1d561b3efb8a53980c0c13a2126542d1d76c895d5b1936
stacked,outputs/charts/collector-crypt/revenue/cc_partner_machine_revenue.svg,outputs/charts/by-type/stacked/generated/collector-crypt/revenue/cc_partner_machine_revenue.svg,charts/cc_partner_machine_revenue.py,script uses stacked bars,svg,40264,c12f01c10fadc09684ec4e2b0e498347b90395645e5c347454e413738835411c
combo,outputs/charts/collector-crypt/volume/cc_spin_volume_vs_take.png,outputs/charts/by-type/combo/generated/collector-crypt/volume/cc_spin_volume_vs_take.png,charts/cc_spin_volume_vs_take.py,script uses multiple plotting primitives,png,90427,49f19333d21ba6adc1106de0ab306446688f8535d6f88365ea576979c68bed75
combo,outputs/charts/collector-crypt/volume/cc_spin_volume_vs_take.svg,outputs/charts/by-type/combo/generated/collector-crypt/volume/cc_spin_volume_vs_take.svg,charts/cc_spin_volume_vs_take.py,script uses multiple plotting primitives,svg,45190,31d2901f4a36c52b4e8a42d15f23a90d435e1a3deab05557b4f6d9ffca7674db
bar,outputs/charts/collector_crypt/concentration/cc_wallet_concentration_wide.png,outputs/charts/by-type/bar/generated/collector_crypt/concentration/cc_wallet_concentration_wide.png,charts/cc_wallet_concentration.py,script uses bar/barh,png,67324,f6d9485f22a282a3dd0cfe42e8a3408a25694ca0bb5c919534bdf49de3aebf72
bar,outputs/charts/collector_crypt/concentration/cc_wallet_concentration_wide.svg,outputs/charts/by-type/bar/generated/collector_crypt/concentration/cc_wallet_concentration_wide.svg,charts/cc_wallet_concentration.py,script uses bar/barh,svg,39424,379b2c0912dc6da76e25f4da0e675d338a21f35536d31d9a2d9b75dd375a963b
heatmap,outputs/charts/collector_crypt/gacha/cc_gacha_ebay_bridge_wide 3.png,outputs/charts/by-type/heatmap/generated/collector_crypt/gacha/cc_gacha_ebay_bridge_wide 3.png,charts/cc_gacha_ebay_bridge.py,matched heatmap|pcolormesh|\.imshow\(,png,82846,d88cb01b0f2dab89f3edb244b5460043ac5c76cede452b47831de3882a750426
heatmap,outputs/charts/collector_crypt/gacha/cc_gacha_ebay_bridge_wide 3.svg,outputs/charts/by-type/heatmap/generated/collector_crypt/gacha/cc_gacha_ebay_bridge_wide 3.svg,charts/cc_gacha_ebay_bridge.py,matched heatmap|pcolormesh|\.imshow\(,svg,22365,ca61693bffe23de068a6b998954285b173d37e2b9425e9b0d429a42ea1a3823e
heatmap,outputs/charts/collector_crypt/gacha/cc_gacha_ebay_bridge_wide.png,outputs/charts/by-type/heatmap/generated/collector_crypt/gacha/cc_gacha_ebay_bridge_wide.png,charts/cc_gacha_ebay_bridge.py,matched heatmap|pcolormesh|\.imshow\(,png,82846,d88cb01b0f2dab89f3edb244b5460043ac5c76cede452b47831de3882a750426
heatmap,outputs/charts/collector_crypt/gacha/cc_gacha_ebay_bridge_wide.svg,outputs/charts/by-type/heatmap/generated/collector_crypt/gacha/cc_gacha_ebay_bridge_wide.svg,charts/cc_gacha_ebay_bridge.py,matched heatmap|pcolormesh|\.imshow\(,svg,22365,ca61693bffe23de068a6b998954285b173d37e2b9425e9b0d429a42ea1a3823e
stacked,outputs/charts/collector_crypt/gmv/cc_pack_tier_gmv_latest.png,outputs/charts/by-type/stacked/generated/collector_crypt/gmv/cc_pack_tier_gmv_latest.png,charts/cc_pack_tier_gmv_latest.py,script uses stacked bars,png,65518,3e84b0893bede4a2d499664e7d47968725ac7cd7fc90706cac1c9b05f8a19881
stacked,outputs/charts/collector_crypt/gmv/cc_pack_tier_gmv_latest.svg,outputs/charts/by-type/stacked/generated/collector_crypt/gmv/cc_pack_tier_gmv_latest.svg,charts/cc_pack_tier_gmv_latest.py,script uses stacked bars,svg,74082,33326dd9c56a76414c31b1efa481f3da0e199c44364c845debf6cae45be731e2
stacked,outputs/charts/collector_crypt/gmv/cc_pack_tier_gmv_wide 1.svg,outputs/charts/by-type/stacked/generated/collector_crypt/gmv/cc_pack_tier_gmv_wide 1.svg,charts/cc_pack_tier_gmv.py,script uses stacked bars,svg,143995,03702f59f1d0e7e676d20ebc266068880e03eed4f09a5a791f3a4966d50ab326
stacked,outputs/charts/collector_crypt/gmv/cc_pack_tier_gmv_wide.png,outputs/charts/by-type/stacked/generated/collector_crypt/gmv/cc_pack_tier_gmv_wide.png,charts/cc_pack_tier_gmv.py,script uses stacked bars,png,63747,b1f46fe8a7a9d130561be04512618a3a7e8e23c6bff03fba3ac1e3829ac2bcb7
stacked,outputs/charts/collector_crypt/gmv/cc_pack_tier_gmv_wide.svg,outputs/charts/by-type/stacked/generated/collector_crypt/gmv/cc_pack_tier_gmv_wide.svg,charts/cc_pack_tier_gmv.py,script uses stacked bars,svg,63770,f42da6a306ea2733b11c493131304a2686cd8dc9d994e981fdccb9097686a3ff
heatmap,outputs/charts/collector_crypt/gmv/cc_pack_tier_share.png,outputs/charts/by-type/heatmap/generated/collector_crypt/gmv/cc_pack_tier_share.png,charts/cc_pack_tier_share.py,matched heatmap|pcolormesh|\.imshow\(,png,58427,12024221f3cee9e2f1b28fab878c85efcdf2c3dbab93b67d8ce3a4740bfba65c
heatmap,outputs/charts/collector_crypt/gmv/cc_pack_tier_share.svg,outputs/charts/by-type/heatmap/generated/collector_crypt/gmv/cc_pack_tier_share.svg,charts/cc_pack_tier_share.py,matched heatmap|pcolormesh|\.imshow\(,svg,58514,605c3ce9a6a7ed9d34ef9b5cb0a519b6062a1cee83000b91488826606786c56d
heatmap,outputs/charts/collector_crypt/metrics/cc_quarterly_users_gmv_wide 1.png,outputs/charts/by-type/heatmap/generated/collector_crypt/metrics/cc_quarterly_users_gmv_wide 1.png,charts/cc_quarterly_users_gmv.py,matched heatmap|pcolormesh|\.imshow\(,png,48293,620ce960ec8934a6c4eb823ae4d04221410f9e35806668b9bee9f50849ea946c
heatmap,outputs/charts/collector_crypt/metrics/cc_quarterly_users_gmv_wide 1.svg,outputs/charts/by-type/heatmap/generated/collector_crypt/metrics/cc_quarterly_users_gmv_wide 1.svg,charts/cc_quarterly_users_gmv.py,matched heatmap|pcolormesh|\.imshow\(,svg,32257,c58e916ec4140de6680e93d5c433d6f4c87b0b9e130586cf89dbf298f033caa3
heatmap,outputs/charts/collector_crypt/metrics/cc_quarterly_users_gmv_wide.png,outputs/charts/by-type/heatmap/generated/collector_crypt/metrics/cc_quarterly_users_gmv_wide.png,charts/cc_quarterly_users_gmv.py,matched heatmap|pcolormesh|\.imshow\(,png,48293,620ce960ec8934a6c4eb823ae4d04221410f9e35806668b9bee9f50849ea946c
heatmap,outputs/charts/collector_crypt/metrics/cc_quarterly_users_gmv_wide.svg,outputs/charts/by-type/heatmap/generated/collector_crypt/metrics/cc_quarterly_users_gmv_wide.svg,charts/cc_quarterly_users_gmv.py,matched heatmap|pcolormesh|\.imshow\(,svg,32257,c58e916ec4140de6680e93d5c433d6f4c87b0b9e130586cf89dbf298f033caa3
stacked,outputs/charts/collector_crypt/revenue/cc_gross_revenue_breakdown_weekly.png,outputs/charts/by-type/stacked/generated/collector_crypt/revenue/cc_gross_revenue_breakdown_weekly.png,charts/cc_gross_revenue_breakdown_weekly.py,filename matched stacked|composition|breakdown|share,png,64870,5ec007e9295f37ceb4c17605b7296f538d024e104218270da8c0ec445303db0a
stacked,outputs/charts/collector_crypt/revenue/cc_gross_revenue_breakdown_weekly.svg,outputs/charts/by-type/stacked/generated/collector_crypt/revenue/cc_gross_revenue_breakdown_weekly.svg,charts/cc_gross_revenue_breakdown_weekly.py,filename matched stacked|composition|breakdown|share,svg,189306,4ebc15b85585a23ba30f951885f76ebc53312ba7f4daf432e669d76abb078831
combo,outputs/charts/collector_crypt/revenue/cc_monthly_gross_net_margin_wide 1.png,outputs/charts/by-type/combo/generated/collector_crypt/revenue/cc_monthly_gross_net_margin_wide 1.png,charts/cc_monthly_gross_net_margin.py,script uses multiple plotting primitives,png,78797,bb367f0f6d2832d02f4e895ea476689e8470173935031250796c914a5d9de8f1
combo,outputs/charts/collector_crypt/revenue/cc_monthly_gross_net_margin_wide 1.svg,outputs/charts/by-type/combo/generated/collector_crypt/revenue/cc_monthly_gross_net_margin_wide 1.svg,charts/cc_monthly_gross_net_margin.py,script uses multiple plotting primitives,svg,48229,239685af2df368102a0bedd5489f33cb6e767927bf938d07a490d2af530d5c41
combo,outputs/charts/collector_crypt/revenue/cc_monthly_gross_net_margin_wide.png,outputs/charts/by-type/combo/generated/collector_crypt/revenue/cc_monthly_gross_net_margin_wide.png,charts/cc_monthly_gross_net_margin.py,script uses multiple plotting primitives,png,78797,bb367f0f6d2832d02f4e895ea476689e8470173935031250796c914a5d9de8f1
combo,outputs/charts/collector_crypt/revenue/cc_monthly_gross_net_margin_wide.svg,outputs/charts/by-type/combo/generated/collector_crypt/revenue/cc_monthly_gross_net_margin_wide.svg,charts/cc_monthly_gross_net_margin.py,script uses multiple plotting primitives,svg,48229,239685af2df368102a0bedd5489f33cb6e767927bf938d07a490d2af530d5c41
line,outputs/charts/collector_crypt/revenue/collector_crypt_revenue_decomp_square.png,outputs/charts/by-type/line/generated/collector_crypt/revenue/collector_crypt_revenue_decomp_square.png,charts/collector_crypt_revenue_decomp.py,filename matched trend|price|tvl|volume|revenue|growth|supply|fees|ratio|rate|daily|weekly|monthly,png,51022,d55013fc4d8a1f06fd2d1d10f40cfe30d5099b0a0309f68ea7e128d559b5e978
line,outputs/charts/collector_crypt/revenue/collector_crypt_revenue_decomp_square.svg,outputs/charts/by-type/line/generated/collector_crypt/revenue/collector_crypt_revenue_decomp_square.svg,charts/collector_crypt_revenue_decomp.py,filename matched trend|price|tvl|volume|revenue|growth|supply|fees|ratio|rate|daily|weekly|monthly,svg,46274,c40fd86c25f8b835718bc7cfe17c2ade5924367a9091f268ddf0592f3315349f
line,outputs/charts/collector_crypt/revenue/collector_crypt_revenue_decomp_wide 2.png,outputs/charts/by-type/line/generated/collector_crypt/revenue/collector_crypt_revenue_decomp_wide 2.png,charts/collector_crypt_revenue_decomp.py,filename matched trend|price|tvl|volume|revenue|growth|supply|fees|ratio|rate|daily|weekly|monthly,png,57998,2e1aa7dc1d4044df9f086e7172f072266159fadfe57583a4ea5e6ec765186593
line,outputs/charts/collector_crypt/revenue/collector_crypt_revenue_decomp_wide 2.svg,outputs/charts/by-type/line/generated/collector_crypt/revenue/collector_crypt_revenue_decomp_wide 2.svg,charts/collector_crypt_revenue_decomp.py,filename matched trend|price|tvl|volume|revenue|growth|supply|fees|ratio|rate|daily|weekly|monthly,svg,46745,96662c1602d626f69624f23d8f8456e6e1f297f02c19f4a33b0e5db72020a1f7
line,outputs/charts/collector_crypt/revenue/collector_crypt_revenue_decomp_wide.png,outputs/charts/by-type/line/generated/collector_crypt/revenue/collector_crypt_revenue_decomp_wide.png,charts/collector_crypt_revenue_decomp.py,filename matched trend|price|tvl|volume|revenue|growth|supply|fees|ratio|rate|daily|weekly|monthly,png,57998,2e1aa7dc1d4044df9f086e7172f072266159fadfe57583a4ea5e6ec765186593
line,outputs/charts/collector_crypt/revenue/collector_crypt_revenue_decomp_wide.svg,outputs/charts/by-type/line/generated/collector_crypt/revenue/collector_crypt_revenue_decomp_wide.svg,charts/collector_crypt_revenue_decomp.py,filename matched trend|price|tvl|volume|revenue|growth|supply|fees|ratio|rate|daily|weekly|monthly,svg,46745,96662c1602d626f69624f23d8f8456e6e1f297f02c19f4a33b0e5db72020a1f7
heatmap,outputs/charts/crypto-payments/volume/fp_card_network_volume.png,outputs/charts/by-type/heatmap/generated/crypto-payments/volume/fp_card_network_volume.png,charts/fp_card_network_volume.py,matched heatmap|pcolormesh|\.imshow\(,png,64679,4086e18b05465abfcec757eaf50d429516730bbab841cd03d94255ba25239f22
heatmap,outputs/charts/crypto-payments/volume/fp_card_network_volume.svg,outputs/charts/by-type/heatmap/generated/crypto-payments/volume/fp_card_network_volume.svg,charts/fp_card_network_volume.py,matched heatmap|pcolormesh|\.imshow\(,svg,75809,4356ad397d4b2d1cb2f0fcc1c54856a64e8043b6f4e3310527dd396e4414dd22
heatmap,outputs/charts/crypto-payments/volume/fp_card_network_volume_square.png,outputs/charts/by-type/heatmap/generated/crypto-payments/volume/fp_card_network_volume_square.png,charts/fp_card_network_volume.py,matched heatmap|pcolormesh|\.imshow\(,png,64061,5d1eb294126a500b1f1b15e9f1e3554ee28aa06db56ab5909d93668d477d9774
heatmap,outputs/charts/crypto-payments/volume/fp_card_network_volume_square.svg,outputs/charts/by-type/heatmap/generated/crypto-payments/volume/fp_card_network_volume_square.svg,charts/fp_card_network_volume.py,matched heatmap|pcolormesh|\.imshow\(,svg,77287,84a912caf8e608c0d1089602d55c1a7a11287d358ecc2fd32cf184c1cc72697b
heatmap,outputs/charts/crypto_funding/vc/crypto_vc_vs_institutional_capital.png,outputs/charts/by-type/heatmap/generated/crypto_funding/vc/crypto_vc_vs_institutional_capital.png,charts/crypto_vc_vs_institutional_capital.py,matched heatmap|pcolormesh|\.imshow\(,png,33113,08b16d783df56fd9a42d72f759058e4c655d8cad96d92dd031c118ff891a8108
heatmap,outputs/charts/crypto_funding/vc/crypto_vc_vs_institutional_capital.svg,outputs/charts/by-type/heatmap/generated/crypto_funding/vc/crypto_vc_vs_institutional_capital.svg,charts/crypto_vc_vs_institutional_capital.py,matched heatmap|pcolormesh|\.imshow\(,svg,52922,04251f05f1b2464e1cf2fd1ee829736301a939b77252445daf65a97c28c1feda
other,outputs/charts/crypto_funding/vc/new_institutional_subtype_2015.png,outputs/charts/by-type/other/generated/crypto_funding/vc/new_institutional_subtype_2015.png,,no reliable type signal,png,25341,3e9dd0e52e7c0b4eff0f6d3ed7fe172a00b5a8b70c80ade4c9907b16914f2d43
other,outputs/charts/crypto_funding/vc/new_institutional_subtype_2015.svg,outputs/charts/by-type/other/generated/crypto_funding/vc/new_institutional_subtype_2015.svg,,no reliable type signal,svg,19003,396adb6dc5c43166448bfe6d5499cb0e0161e67310776d4bd4c64f9d9a76c2a2
other,outputs/charts/crypto_funding/vc/new_institutional_subtype_2016.png,outputs/charts/by-type/other/generated/crypto_funding/vc/new_institutional_subtype_2016.png,,no reliable type signal,png,27659,590558683fee30be483ec8b8d3a359949367f552a5f7daa4462491d874e3f7f8
other,outputs/charts/crypto_funding/vc/new_institutional_subtype_2016.svg,outputs/charts/by-type/other/generated/crypto_funding/vc/new_institutional_subtype_2016.svg,,no reliable type signal,svg,22630,e92e92c1ad258ae4b89af34bcbe9c2d59488e819c1849647154fd643cf315601
other,outputs/charts/crypto_funding/vc/new_institutional_subtype_2017.png,outputs/charts/by-type/other/generated/crypto_funding/vc/new_institutional_subtype_2017.png,,no reliable type signal,png,26776,b945721491dd5d9d37e48233a81a8bb3324ff4c7166844091cc44ccd984b2b6d
other,outputs/charts/crypto_funding/vc/new_institutional_subtype_2017.svg,outputs/charts/by-type/other/generated/crypto_funding/vc/new_institutional_subtype_2017.svg,,no reliable type signal,svg,22858,48c00fa92c9be256cb4417b0138b69e28dfed1d4dc1d861654ea1cdb15fcb699
other,outputs/charts/crypto_funding/vc/new_institutional_subtype_2018.png,outputs/charts/by-type/other/generated/crypto_funding/vc/new_institutional_subtype_2018.png,,no reliable type signal,png,26532,13f282be808ff4155bfd3a08ad13a2579d00216743be0c76a70b6d03041f50fe
other,outputs/charts/crypto_funding/vc/new_institutional_subtype_2018.svg,outputs/charts/by-type/other/generated/crypto_funding/vc/new_institutional_subtype_2018.svg,,no reliable type signal,svg,25253,db643fce06c34eca546428d76e411880003a796c90bfd15db5dd88ac2b975c03
other,outputs/charts/crypto_funding/vc/new_institutional_subtype_2019.png,outputs/charts/by-type/other/generated/crypto_funding/vc/new_institutional_subtype_2019.png,,no reliable type signal,png,24840,6cdba71cb110276bc7eeacb15c7b592eb0e2acdc135e606840f0606398af1151
other,outputs/charts/crypto_funding/vc/new_institutional_subtype_2019.svg,outputs/charts/by-type/other/generated/crypto_funding/vc/new_institutional_subtype_2019.svg,,no reliable type signal,svg,19640,e967fa3c0b6456b5bac895d3bacd2e3b1da86ad970921684b9f352c95d0d8185
other,outputs/charts/crypto_funding/vc/new_institutional_subtype_2020.png,outputs/charts/by-type/other/generated/crypto_funding/vc/new_institutional_subtype_2020.png,,no reliable type signal,png,28026,2b91b097e6b7cd9b47e03ef0bd13cdac00ef7a6019d40eb671e53dec5c10568e
other,outputs/charts/crypto_funding/vc/new_institutional_subtype_2020.svg,outputs/charts/by-type/other/generated/crypto_funding/vc/new_institutional_subtype_2020.svg,,no reliable type signal,svg,25175,764c1f18df93c5635783e5fef13a334c93d7d0c0a9d42fb034269c39dad93357
other,outputs/charts/crypto_funding/vc/new_institutional_subtype_2021.png,outputs/charts/by-type/other/generated/crypto_funding/vc/new_institutional_subtype_2021.png,,no reliable type signal,png,25885,b68943c2cae73e56245d6e233889037e6c84fa9f1596f4e018dd5a5e56f1e13a
other,outputs/charts/crypto_funding/vc/new_institutional_subtype_2021.svg,outputs/charts/by-type/other/generated/crypto_funding/vc/new_institutional_subtype_2021.svg,,no reliable type signal,svg,21693,b25c90ca2d098c84eb139eff2053cd5f7a3971b82118687d34ca3347b819b942
other,outputs/charts/crypto_funding/vc/new_institutional_subtype_2022.png,outputs/charts/by-type/other/generated/crypto_funding/vc/new_institutional_subtype_2022.png,,no reliable type signal,png,27026,f3279baa44383f1b291920888866cb658135391bdc22105a47190af5d70730e4
other,outputs/charts/crypto_funding/vc/new_institutional_subtype_2022.svg,outputs/charts/by-type/other/generated/crypto_funding/vc/new_institutional_subtype_2022.svg,,no reliable type signal,svg,24606,cf5f4532bdd9da033bab252f965082b52df6458ede1981a4c346bf136de25f69
other,outputs/charts/crypto_funding/vc/new_institutional_subtype_2023.png,outputs/charts/by-type/other/generated/crypto_funding/vc/new_institutional_subtype_2023.png,,no reliable type signal,png,26606,7540c10ea9ff8487537c6af8b7598478cf15450045b65414d641f505d9dd2679
other,outputs/charts/crypto_funding/vc/new_institutional_subtype_2023.svg,outputs/charts/by-type/other/generated/crypto_funding/vc/new_institutional_subtype_2023.svg,,no reliable type signal,svg,21662,414d15c5b42f959f102b21c7d8d0955083f261cdaf3f7159d2a17a5e3bb1ace7
other,outputs/charts/crypto_funding/vc/new_institutional_subtype_2024.png,outputs/charts/by-type/other/generated/crypto_funding/vc/new_institutional_subtype_2024.png,,no reliable type signal,png,25751,fe2beae52d56e629aa865099403ae714b12162779bbc2345157b27095af08051
other,outputs/charts/crypto_funding/vc/new_institutional_subtype_2024.svg,outputs/charts/by-type/other/generated/crypto_funding/vc/new_institutional_subtype_2024.svg,,no reliable type signal,svg,22457,d5ca3ad461f36f5b3ffdc348f7eeded579f4163af5a5d04cec4e8bd795fa1480
other,outputs/charts/crypto_funding/vc/new_institutional_subtype_2025.png,outputs/charts/by-type/other/generated/crypto_funding/vc/new_institutional_subtype_2025.png,,no reliable type signal,png,26962,06d35ecbbb7e7ce2d7758a5ef402a8c5df5f74705b12a29d52a4619490409c18
other,outputs/charts/crypto_funding/vc/new_institutional_subtype_2025.svg,outputs/charts/by-type/other/generated/crypto_funding/vc/new_institutional_subtype_2025.svg,,no reliable type signal,svg,22076,bf4c8f60b09068021e3227a4a324d154e92185b04801fb374d68f7132a9a9c0c
other,outputs/charts/crypto_funding/vc/new_institutional_subtype_2026.png,outputs/charts/by-type/other/generated/crypto_funding/vc/new_institutional_subtype_2026.png,,no reliable type signal,png,26837,a204c58e3cbe2b65886b2691952688f53d919f0b675720c94731c51b6e1abdbf
other,outputs/charts/crypto_funding/vc/new_institutional_subtype_2026.svg,outputs/charts/by-type/other/generated/crypto_funding/vc/new_institutional_subtype_2026.svg,,no reliable type signal,svg,22467,9bfa4d4f8dd16f2f4c9d94e014d40b7fcfe6f3c4ae212c30eb6a0bc75ef93502
line,outputs/charts/crypto_funding/vc/new_investor_type_share.png,outputs/charts/by-type/line/generated/crypto_funding/vc/new_investor_type_share.png,charts/new_investor_type_share.py,script uses plot,png,73494,bcc5fb7a618980bb8bc204c19b4932cf795a680604016c4b4f8c5607f39d85fb
line,outputs/charts/crypto_funding/vc/new_investor_type_share.svg,outputs/charts/by-type/line/generated/crypto_funding/vc/new_investor_type_share.svg,charts/new_investor_type_share.py,script uses plot,svg,26670,e2db2f04a7e4281f3eef7d866e5e41d58b3228352bc43acf4c02e71f5d6e2257
area,outputs/charts/curvance/borrows/curvance_borrows_tall.png,outputs/charts/by-type/area/generated/curvance/borrows/curvance_borrows_tall.png,charts/curvance_tvl_borrows_fees_tall.py,script uses fill_between,png,49869,aaf938ce0fa985be3e9b3d4fe764ad625d722375a7bdfb580018fe98b36ddf96
area,outputs/charts/curvance/borrows/curvance_borrows_tall.svg,outputs/charts/by-type/area/generated/curvance/borrows/curvance_borrows_tall.svg,charts/curvance_tvl_borrows_fees_tall.py,script uses fill_between,svg,40424,4dd7def0f6e1676559cd5cdbc0301186313f6625ed4e151cc30c46ad21c9af57
area,outputs/charts/curvance/fees/curvance_daily_fees_tall.png,outputs/charts/by-type/area/generated/curvance/fees/curvance_daily_fees_tall.png,charts/curvance_tvl_borrows_fees_tall.py,script uses fill_between,png,36299,bec6fa6c74cda1bc55005e9f764f62bfc81c0a4d6664f39a925e5529a759ddfb
area,outputs/charts/curvance/fees/curvance_daily_fees_tall.svg,outputs/charts/by-type/area/generated/curvance/fees/curvance_daily_fees_tall.svg,charts/curvance_tvl_borrows_fees_tall.py,script uses fill_between,svg,63314,3a29da2ea3f6fe9f390ff434e9bb0995645c99faf34fd1e7b17ed876ca88219f
area,outputs/charts/curvance/tvl/curvance_tvl_tall.png,outputs/charts/by-type/area/generated/curvance/tvl/curvance_tvl_tall.png,charts/curvance_tvl_borrows_fees_tall.py,script uses fill_between,png,51942,3773b4d0b6d66acc76f6a5babe5dc59e3408a558317f68ad78d8b0fb72c5b8f0
area,outputs/charts/curvance/tvl/curvance_tvl_tall.svg,outputs/charts/by-type/area/generated/curvance/tvl/curvance_tvl_tall.svg,charts/curvance_tvl_borrows_fees_tall.py,script uses fill_between,svg,41239,746706fdc9f6dd4a3f4fdd6a39d57340e52edbdec859f28cdf54c5e36e05d43d
scatter,outputs/charts/dat/mnav/dat_mnav_vs_financing.png,outputs/charts/by-type/scatter/generated/dat/mnav/dat_mnav_vs_financing.png,charts/dat_mnav_vs_financing.py,matched bubble_chart|\.scatter\(,png,150337,374afb5eb7a2788a83d17c014fb7d08a4c6b29007e05febbb08db36dc17c2a63
scatter,outputs/charts/dat/mnav/dat_mnav_vs_financing.svg,outputs/charts/by-type/scatter/generated/dat/mnav/dat_mnav_vs_financing.svg,charts/dat_mnav_vs_financing.py,matched bubble_chart|\.scatter\(,svg,17080,b017eb9d5ee9fbb62db1eaee0078fd3a307eb80220ccc8dd7c0db6027f639ed7
stacked,outputs/charts/dat/treasury/dat_unrealized_pnl.png,outputs/charts/by-type/stacked/generated/dat/treasury/dat_unrealized_pnl.png,charts/dat_unrealized_pnl.py,script uses stacked bars,png,277038,97d1131afa7e1a488e7719bb19f52852cdadf2ec81ce89bd9739176df047c00b
stacked,outputs/charts/dat/treasury/dat_unrealized_pnl.svg,outputs/charts/by-type/stacked/generated/dat/treasury/dat_unrealized_pnl.svg,charts/dat_unrealized_pnl.py,script uses stacked bars,svg,21302,e9cd60e358c4105fddc7812aad3b79af2415f4a450842c508471ba0a1b250e7b
stacked,outputs/charts/dat/treasury/dat_unrealized_pnl_zeroline.png,outputs/charts/by-type/stacked/generated/dat/treasury/dat_unrealized_pnl_zeroline.png,charts/dat_unrealized_pnl_zeroline.py,script uses stacked bars,png,277456,41d98880d6f89111993fbb7764d74bb87c928d5eef0a15c3c3986e72345fc3b7
stacked,outputs/charts/dat/treasury/dat_unrealized_pnl_zeroline.svg,outputs/charts/by-type/stacked/generated/dat/treasury/dat_unrealized_pnl_zeroline.svg,charts/dat_unrealized_pnl_zeroline.py,script uses stacked bars,svg,21302,f40472b68f022c8a956e8092b86f8609d3408a7476ac719d2df03552fbc98f55
bar,outputs/charts/defi/lending/defillama_lending_protocols.png,outputs/charts/by-type/bar/generated/defi/lending/defillama_lending_protocols.png,charts/defillama_lending_protocols.py,script uses bar/barh,png,93977,85d8428a1f067aa16ada7ffd5f6474db62a5f400210c2cc278ad3f526c3aa7cb
bar,outputs/charts/defi/lending/defillama_lending_protocols.svg,outputs/charts/by-type/bar/generated/defi/lending/defillama_lending_protocols.svg,charts/defillama_lending_protocols.py,script uses bar/barh,svg,16898,e67b7df54bdba11f8dca0598d983f0058e2959c2be30c503ef65ab689aeed2f0
heatmap,outputs/charts/defi/lending/defillama_lending_table.png,outputs/charts/by-type/heatmap/generated/defi/lending/defillama_lending_table.png,charts/defillama_lending_table.py,matched heatmap|pcolormesh|\.imshow\(,png,327840,78627338067a8816bf447f7dea0da3a22855cde6c8d3badae23d75756fd4588d
heatmap,outputs/charts/defi/lending/defillama_lending_table.svg,outputs/charts/by-type/heatmap/generated/defi/lending/defillama_lending_table.svg,charts/defillama_lending_table.py,matched heatmap|pcolormesh|\.imshow\(,svg,110689,26f67fbd69cd47b4a562a408a732f8001fffbd396f6a16d497d3d259b540f6c7
line,outputs/charts/defi/restaking/defillama_restaking_tvl.png,outputs/charts/by-type/line/generated/defi/restaking/defillama_restaking_tvl.png,charts/defillama_restaking_tvl.py,script uses plot,png,227233,32812c7bd5205447699ffb180fd66500c96d4902c74c9bf8fc582cf545050816
line,outputs/charts/defi/restaking/defillama_restaking_tvl.svg,outputs/charts/by-type/line/generated/defi/restaking/defillama_restaking_tvl.svg,charts/defillama_restaking_tvl.py,script uses plot,svg,3002214,b6a3de9fc383f89e7bcb540569611351b4bbdcae4fb709db1c7ee4631edeadc7
line,outputs/charts/defi/tvl/defillama_curated_vault_tvl.png,outputs/charts/by-type/line/generated/defi/tvl/defillama_curated_vault_tvl.png,charts/defillama_curated_vault_tvl.py,script uses plot,png,117280,215e7a69d97d9785102d57ef217f2551badffc6c113645be397608591d404269
line,outputs/charts/defi/tvl/defillama_curated_vault_tvl.svg,outputs/charts/by-type/line/generated/defi/tvl/defillama_curated_vault_tvl.svg,charts/defillama_curated_vault_tvl.py,script uses plot,svg,3049048,236ff9c76daf9b33c9118fec18f0fd24e83ac229815c1499992eb8d6803f7931
line,outputs/charts/defi/tvl/defillama_tvl_dominance.png,outputs/charts/by-type/line/generated/defi/tvl/defillama_tvl_dominance.png,charts/defillama_tvl_dominance.py,script uses plot,png,109972,8dd7851938147beef718aea28109abcb36f87ff37ee7994b2e7a94257a531ff3
line,outputs/charts/defi/tvl/defillama_tvl_dominance.svg,outputs/charts/by-type/line/generated/defi/tvl/defillama_tvl_dominance.svg,charts/defillama_tvl_dominance.py,script uses plot,svg,261251,85f4ef26c37a776967518913cbf5c2083f5f028b50c5e1e5cc1782335f448e80
pie-donut,outputs/charts/defi/vault/vault_tvl_market_share.png,outputs/charts/by-type/pie-donut/generated/defi/vault/vault_tvl_market_share.png,charts/vault_tvl_market_share.py,matched donut|pie_chart|\.pie\(,png,89678,e8ee02e14ce8d5b1e3580ea26bf45209c68dd248257cab87951da3dabf07a388
pie-donut,outputs/charts/defi/vault/vault_tvl_market_share.svg,outputs/charts/by-type/pie-donut/generated/defi/vault/vault_tvl_market_share.svg,charts/vault_tvl_market_share.py,matched donut|pie_chart|\.pie\(,svg,78155,389b8ac86be4f129146cbd5f039b6bfc0ec0b9302b2b34be8fc9553ce312240e
line,outputs/charts/dex/volume/perp_vs_spot_dex_volume.png,outputs/charts/by-type/line/generated/dex/volume/perp_vs_spot_dex_volume.png,charts/perp_vs_spot_dex_volume.py,script uses plot,png,54008,62034e54674d2c2ef3a921789064d2807cfdaf786bea0781a63f226d49f19be1
line,outputs/charts/dex/volume/perp_vs_spot_dex_volume.svg,outputs/charts/by-type/line/generated/dex/volume/perp_vs_spot_dex_volume.svg,charts/perp_vs_spot_dex_volume.py,script uses plot,svg,25475,239e6d052facfbc5e702e956cd3f1ac2be9e7064384902a26b7f6828b4b16787
scatter,outputs/charts/dunamu/revenue/dunamu_fee_dependency.png,outputs/charts/by-type/scatter/generated/dunamu/revenue/dunamu_fee_dependency.png,charts/dunamu_fee_dependency.py,matched bubble_chart|\.scatter\(,png,53914,1d1c53bfd10264ae73df9fe2afd4a8fc82f151b1b7eb74f79834995c0c9eb4a6
scatter,outputs/charts/dunamu/revenue/dunamu_fee_dependency.svg,outputs/charts/by-type/scatter/generated/dunamu/revenue/dunamu_fee_dependency.svg,charts/dunamu_fee_dependency.py,matched bubble_chart|\.scatter\(,svg,21411,dc83f82b3ac39ea72b67b7e6da45511d375d1f5f9937b50a97e5ab07e10f6dd8
line,outputs/charts/dunamu/revenue/dunamu_revenue_mix.png,outputs/charts/by-type/line/generated/dunamu/revenue/dunamu_revenue_mix.png,charts/dunamu_revenue_mix.py,filename matched trend|price|tvl|volume|revenue|growth|supply|fees|ratio|rate|daily|weekly|monthly,png,33814,6a3c04713536aa37a48a7f623bac25a21c841ddd724a773e337184248f6ff883
line,outputs/charts/dunamu/revenue/dunamu_revenue_mix.svg,outputs/charts/by-type/line/generated/dunamu/revenue/dunamu_revenue_mix.svg,charts/dunamu_revenue_mix.py,filename matched trend|price|tvl|volume|revenue|growth|supply|fees|ratio|rate|daily|weekly|monthly,svg,21516,814839b2286b999d07eadbba98c303af91ad154a50f18d633a10e045bdc7ec2c
other,outputs/charts/dz_rtt_improvement.png,outputs/charts/by-type/other/generated/dz_rtt_improvement.png,charts/dz_rtt_improvement.py,no reliable type signal,png,237086,66db0d8bd46c5663d704108fcf03a8b5cd2ccc096c9c47f47036a1a16abe9956
other,outputs/charts/dz_rtt_improvement.svg,outputs/charts/by-type/other/generated/dz_rtt_improvement.svg,charts/dz_rtt_improvement.py,no reliable type signal,svg,99105,f8b0b43e6082c9324d40ff5ba819411559300f4997cb559b1e887d865e1904ee
line,outputs/charts/ethereum/eip/eip_new_proposals_by_year.png,outputs/charts/by-type/line/generated/ethereum/eip/eip_new_proposals_by_year.png,charts/eip_new_proposals_by_year.py,script uses plot,png,89322,cfa60751e541554bf93062399506f6c8a965ed8089669f18eb21d4de0c1bfd46
line,outputs/charts/ethereum/eip/eip_new_proposals_by_year.svg,outputs/charts/by-type/line/generated/ethereum/eip/eip_new_proposals_by_year.svg,charts/eip_new_proposals_by_year.py,script uses plot,svg,30621,d6581ebc9a816d22f353625a7cfcf0db97589077257ae6dae16e49da8efc1964
bar,outputs/charts/ethereum/eip/eip_new_proposers_share.png,outputs/charts/by-type/bar/generated/ethereum/eip/eip_new_proposers_share.png,charts/eip_new_proposers_share.py,script uses bar/barh,png,79584,878b6bff3ef0a73dde3b8dfb4ee42287ec86b689fc7a51d14ea02c2d7c69ac9d
bar,outputs/charts/ethereum/eip/eip_new_proposers_share.svg,outputs/charts/by-type/bar/generated/ethereum/eip/eip_new_proposers_share.svg,charts/eip_new_proposers_share.py,script uses bar/barh,svg,59402,34f5113401384c13a14e88247d2c703ca10f3fddc742c1dbb8ddec3a78470594
stacked,outputs/charts/ethereum/eip/eip_proposals_stacked_bar.png,outputs/charts/by-type/stacked/generated/ethereum/eip/eip_proposals_stacked_bar.png,charts/eip_proposals_stacked_bar.py,script uses stacked bars,png,91298,fb195dcceb3bdff8a7919abfd0c6e1e423d6fce237c5897ad24cd3aa5da5c14f
stacked,outputs/charts/ethereum/eip/eip_proposals_stacked_bar.svg,outputs/charts/by-type/stacked/generated/ethereum/eip/eip_proposals_stacked_bar.svg,charts/eip_proposals_stacked_bar.py,script uses stacked bars,svg,53056,f1c2af83192ef7bf07b9939c0e39cdfeea4323e53b9ac64d7b997c52396086d1
sankey-flow,outputs/charts/ethereum/eip/eip_status_sankey.png,outputs/charts/by-type/sankey-flow/generated/ethereum/eip/eip_status_sankey.png,charts/eip_status_sankey.py,matched sankey|networkx|alluvial|chord_diagram,png,98766,2a81d9af841ef8e8566f4c830aca018fc16419509ba3e959d29067aaec28b320
sankey-flow,outputs/charts/ethereum/eip/eip_status_sankey.svg,outputs/charts/by-type/sankey-flow/generated/ethereum/eip/eip_status_sankey.svg,charts/eip_status_sankey.py,matched sankey|networkx|alluvial|chord_diagram,svg,43364,78f0412519696de6f1a85126a905aee285e860a7d00673db86e4c3b93dd96a4c
other,outputs/charts/ethereum/roadmap/vitalik_roadmap_posts.png,outputs/charts/by-type/other/generated/ethereum/roadmap/vitalik_roadmap_posts.png,charts/vitalik_roadmap_posts.py,no reliable type signal,png,41592,c417ad31b38a50a2c68371566cc9529999d066d64dc926232239874d969ef493
other,outputs/charts/ethereum/roadmap/vitalik_roadmap_posts.svg,outputs/charts/by-type/other/generated/ethereum/roadmap/vitalik_roadmap_posts.svg,charts/vitalik_roadmap_posts.py,no reliable type signal,svg,52797,61ee1fd06ae6401532681db4500c647635f33dfb762e3b4365a977a6db46fdae
other,outputs/charts/ethereum/roadmap/vitalik_roadmap_posts_labeled.png,outputs/charts/by-type/other/generated/ethereum/roadmap/vitalik_roadmap_posts_labeled.png,charts/vitalik_roadmap_posts.py,no reliable type signal,png,41348,5acd06108b7567f90063d264808ff7c539bda079faef3f58d7f23a5b05c2c0e4
other,outputs/charts/ethereum/roadmap/vitalik_roadmap_posts_labeled.svg,outputs/charts/by-type/other/generated/ethereum/roadmap/vitalik_roadmap_posts_labeled.svg,charts/vitalik_roadmap_posts.py,no reliable type signal,svg,51931,1e4aeebb89060dde8e5ca8632605f8e092f56fbe0f15c4931f8884da21718c4a
bar,outputs/charts/ethereum/staking/eth_dvt_share_ssv_obol.png,outputs/charts/by-type/bar/generated/ethereum/staking/eth_dvt_share_ssv_obol.png,charts/eth_dvt_share_ssv_obol.py,script uses bar/barh,png,108485,9c70e31a23ca67f0431d0bdbf4031f65f8c945a264d4d0a73ce4a8b2e0109f21
bar,outputs/charts/ethereum/staking/eth_dvt_share_ssv_obol.svg,outputs/charts/by-type/bar/generated/ethereum/staking/eth_dvt_share_ssv_obol.svg,charts/eth_dvt_share_ssv_obol.py,script uses bar/barh,svg,63032,cd1637ab02d2dfa47b48cac10ec7f984a4dd6dc7cd767f6ac929161832346010
bar,outputs/charts/ethereum/staking/eth_dvt_share_ssv_obol_panel.png,outputs/charts/by-type/bar/generated/ethereum/staking/eth_dvt_share_ssv_obol_panel.png,charts/eth_dvt_share_ssv_obol.py,script uses bar/barh,png,50959,cc44fa350387dce3b816efa9fe453161a44f961efb9142aa047f8b474fa0745f
bar,outputs/charts/ethereum/staking/eth_dvt_share_ssv_obol_panel.svg,outputs/charts/by-type/bar/generated/ethereum/staking/eth_dvt_share_ssv_obol_panel.svg,charts/eth_dvt_share_ssv_obol.py,script uses bar/barh,svg,42203,e4bf000334041c6be043acc49bdf05b114546a8a4b551f9ff37dcffd37307e99
pie-donut,outputs/charts/ethereum/staking/eth_net_staked_by_project_pie.png,outputs/charts/by-type/pie-donut/generated/ethereum/staking/eth_net_staked_by_project_pie.png,charts/eth_net_staked_by_project_pie.py,matched donut|pie_chart|\.pie\(,png,112132,e0a63480e49fc25570dfeb4d1bef27d19b3fdd1beb2ba993ff756b8a8313dadc
pie-donut,outputs/charts/ethereum/staking/eth_net_staked_by_project_pie.svg,outputs/charts/by-type/pie-donut/generated/ethereum/staking/eth_net_staked_by_project_pie.svg,charts/eth_net_staked_by_project_pie.py,matched donut|pie_chart|\.pie\(,svg,27104,8a856c7996a370ec147f85826b8eefac17cdeb272a99b45b00a6944b6cd0f3cb
pie-donut,outputs/charts/ethereum/staking/eth_net_staked_by_project_pie_bg.png,outputs/charts/by-type/pie-donut/generated/ethereum/staking/eth_net_staked_by_project_pie_bg.png,charts/eth_net_staked_by_project_pie.py,matched donut|pie_chart|\.pie\(,png,91986,794101e48790e7c92cda1db68fbb1068c8729741aeba5cbb831414bd4837ca75
area,outputs/charts/ethereum/staking/ethereum_staked_eth.png,outputs/charts/by-type/area/generated/ethereum/staking/ethereum_staked_eth.png,charts/ethereum_staked_eth.py,script uses fill_between,png,45625,b5e149b0f7dfe881e9b340c598869d84077f70dfe53acdeddbc64b974f614d16
area,outputs/charts/ethereum/staking/ethereum_staked_eth.svg,outputs/charts/by-type/area/generated/ethereum/staking/ethereum_staked_eth.svg,charts/ethereum_staked_eth.py,script uses fill_between,svg,11075,225ee0b99c6ba854697bfa969c27df7c8cfd0fd30e169ae7c5aa1be25e61884d
scatter,outputs/charts/ethereum/staking/ethereum_staking_ratio_validators.png,outputs/charts/by-type/scatter/generated/ethereum/staking/ethereum_staking_ratio_validators.png,charts/ethereum_staking_ratio_validators.py,matched bubble_chart|\.scatter\(,png,130435,ca0e7c4469f45ab18681139973d1c2b2e7774725bf84db9136bc0e4395e4d805
scatter,outputs/charts/ethereum/staking/ethereum_staking_ratio_validators.svg,outputs/charts/by-type/scatter/generated/ethereum/staking/ethereum_staking_ratio_validators.svg,charts/ethereum_staking_ratio_validators.py,matched bubble_chart|\.scatter\(,svg,36846,8fb94ef24eb0436d7666aec74e30b7e7d677e05e34357077a59f15cd129fdbbe
stacked,outputs/charts/ethereum/staking/lido_beacon_chain_staked.png,outputs/charts/by-type/stacked/generated/ethereum/staking/lido_beacon_chain_staked.png,charts/lido_beacon_chain_staked.py,script uses a stacked area,png,105115,189c65c2efa3014242d942dee28a2e0241fbf8decc0f7e80a2cf630488450914
stacked,outputs/charts/ethereum/staking/lido_beacon_chain_staked.svg,outputs/charts/by-type/stacked/generated/ethereum/staking/lido_beacon_chain_staked.svg,charts/lido_beacon_chain_staked.py,script uses a stacked area,svg,26904,4827a3089e9380738f0609326fa5c17bab5e0bd58208ad75f6c41cfda221e82b
bar,outputs/charts/ethereum/validators/eth_validator_geo_distribution.png,outputs/charts/by-type/bar/generated/ethereum/validators/eth_validator_geo_distribution.png,charts/eth_validator_geo_distribution.py,script uses bar/barh,png,103241,400f7d7f43bdd3ee9c8ab017df663cef9fbc3e2e9992fc06de5c20ea52892ba6
bar,outputs/charts/ethereum/validators/eth_validator_geo_distribution.svg,outputs/charts/by-type/bar/generated/ethereum/validators/eth_validator_geo_distribution.svg,charts/eth_validator_geo_distribution.py,script uses bar/barh,svg,43226,a0b5502ff5ec3bb7cb8930b9f2ba789364459d8e44a5a03b96efe0d97b752032
stacked,outputs/charts/farcaster/metrics/farcaster_dau.png,outputs/charts/by-type/stacked/generated/farcaster/metrics/farcaster_dau.png,charts/farcaster_dau_activity.py,script uses a stacked area,png,51373,03baa2317c25ccc0f51ec5900f43bbfca83c2fead32179ddc28ab2f3456e715a
stacked,outputs/charts/farcaster/metrics/farcaster_dau.svg,outputs/charts/by-type/stacked/generated/farcaster/metrics/farcaster_dau.svg,charts/farcaster_dau_activity.py,script uses a stacked area,svg,70182,a5f2319dc966eb015c5ed289c791199c17f25a61260b6c899bebf8209434adfd
stacked,outputs/charts/farcaster/volume/farcaster_cast_reaction_link_volume.png,outputs/charts/by-type/stacked/generated/farcaster/volume/farcaster_cast_reaction_link_volume.png,charts/farcaster_dau_activity.py,script uses a stacked area,png,42338,94e7a0dd54889ea7b41ab9444dcfae913b68186cfb4fbb531fd5c4659b68a14f
stacked,outputs/charts/farcaster/volume/farcaster_cast_reaction_link_volume.svg,outputs/charts/by-type/stacked/generated/farcaster/volume/farcaster_cast_reaction_link_volume.svg,charts/farcaster_dau_activity.py,script uses a stacked area,svg,38081,017d91c4810c06717927613740f7d7dabbedec08b40292ab5eef9f8df9bd4644
line,outputs/charts/fomo/metrics/fomo_daily_active_traders_solana.png,outputs/charts/by-type/line/generated/fomo/metrics/fomo_daily_active_traders_solana.png,charts/fomo_traders_revenue.py,script uses plot,png,49533,a3c3fada375fa0d4f4ac9b3fd9f249445d5a2b46cb1b74f806b9280b094cd222
line,outputs/charts/fomo/metrics/fomo_daily_active_traders_solana.svg,outputs/charts/by-type/line/generated/fomo/metrics/fomo_daily_active_traders_solana.svg,charts/fomo_traders_revenue.py,script uses plot,svg,27494,90925a5222e68b178cea190b036a8905b9bf2c25065ea9c0bb4e97992dd8a928
line,outputs/charts/fomo/metrics/fomo_monthly_net_revenue.png,outputs/charts/by-type/line/generated/fomo/metrics/fomo_monthly_net_revenue.png,charts/fomo_traders_revenue.py,script uses plot,png,67625,225b0fe4ea9ef5f9afe26eaea872ecedd698c7f1a960219d2f289f9f169553bf
line,outputs/charts/fomo/metrics/fomo_monthly_net_revenue.svg,outputs/charts/by-type/line/generated/fomo/metrics/fomo_monthly_net_revenue.svg,charts/fomo_traders_revenue.py,script uses plot,svg,46707,52baaf1a8f3b6a5834da0987a31b5ea55ce29098be03b589d5a12d57ab2131d9
line,outputs/charts/fomo/revenue/fomo_net_revenue.png,outputs/charts/by-type/line/generated/fomo/revenue/fomo_net_revenue.png,charts/fomo_net_revenue.py,filename matched trend|price|tvl|volume|revenue|growth|supply|fees|ratio|rate|daily|weekly|monthly,png,42964,2bea5d71a22f335dcede78478d759fa889508fd284e85511d005a41e2f30fbb3
line,outputs/charts/fomo/revenue/fomo_net_revenue.svg,outputs/charts/by-type/line/generated/fomo/revenue/fomo_net_revenue.svg,charts/fomo_net_revenue.py,filename matched trend|price|tvl|volume|revenue|growth|supply|fees|ratio|rate|daily|weekly|monthly,svg,105793,6cbc5bc7f15abd937bf1f215f723b25dd0bf50e06b61f0fbda38af8e65fb2df8
line,outputs/charts/four_pillars/carry/locked_share_carry_payoff.png,outputs/charts/by-type/line/generated/four_pillars/carry/locked_share_carry_payoff.png,charts/locked_share_carry_payoff.py,script uses plot,png,74681,4de5cea4d88296742e159359e8d7395dbc33f988d852a1c38ca339fddc406d4b
line,outputs/charts/four_pillars/carry/locked_share_carry_payoff.svg,outputs/charts/by-type/line/generated/four_pillars/carry/locked_share_carry_payoff.svg,charts/locked_share_carry_payoff.py,script uses plot,svg,41024,6832ea093795e30e184720fd738effb095c44b77dccbf3053fb986cedf853faf
other,outputs/charts/four_pillars/revenue/fp_base_ebitda_margin.png,outputs/charts/by-type/other/generated/four_pillars/revenue/fp_base_ebitda_margin.png,charts/fp_base_ebitda_margin.py,no reliable type signal,png,7740,8ff59b09924b453464214d0c68ea9dd4c82586553dc6196c72dbeb38205a895f
other,outputs/charts/four_pillars/revenue/fp_base_ebitda_margin.svg,outputs/charts/by-type/other/generated/four_pillars/revenue/fp_base_ebitda_margin.svg,charts/fp_base_ebitda_margin.py,no reliable type signal,svg,21417,3947de4f2acabe11eab8d6b46028ecd1bcee1ea537ea4e4943da7e6a37f9c349
other,outputs/charts/four_pillars/revenue/fp_fy2025_estimate_vs_actual.png,outputs/charts/by-type/other/generated/four_pillars/revenue/fp_fy2025_estimate_vs_actual.png,charts/fp_fy2025_estimate_vs_actual.py,no reliable type signal,png,15259,9b5c12ade97781fa5c2cd682e7dc6f10e876a3ac8ecc9ce2d390f068eb191e6a
other,outputs/charts/four_pillars/revenue/fp_fy2025_estimate_vs_actual.svg,outputs/charts/by-type/other/generated/four_pillars/revenue/fp_fy2025_estimate_vs_actual.svg,charts/fp_fy2025_estimate_vs_actual.py,no reliable type signal,svg,36211,c9fa6f1e55ecc4e32df78b39182d6c2ee29816911286e88a8b93ca0b0f2285c5
scatter,outputs/charts/four_pillars/revenue/fp_quarterly_revenue.png,outputs/charts/by-type/scatter/generated/four_pillars/revenue/fp_quarterly_revenue.png,charts/fp_quarterly_revenue.py,matched bubble_chart|\.scatter\(,png,23407,a167c921243b5da4ffe20221bc6bf8cbf445115f7b20a690b2f770aa6e189e02
scatter,outputs/charts/four_pillars/revenue/fp_quarterly_revenue.svg,outputs/charts/by-type/scatter/generated/four_pillars/revenue/fp_quarterly_revenue.svg,charts/fp_quarterly_revenue.py,matched bubble_chart|\.scatter\(,svg,46982,70df808926a8a127873f24ab131516064e6fb62318ddfafc239fc3156da298aa
line,outputs/charts/four_pillars/revenue/fp_revenue_by_scenario.png,outputs/charts/by-type/line/generated/four_pillars/revenue/fp_revenue_by_scenario.png,charts/fp_revenue_by_scenario.py,script uses plot,png,12898,009b85472a42dee771aca26f3fc586311fb81baddc6938930ab0bf4ede991963
line,outputs/charts/four_pillars/revenue/fp_revenue_by_scenario.svg,outputs/charts/by-type/line/generated/four_pillars/revenue/fp_revenue_by_scenario.svg,charts/fp_revenue_by_scenario.py,script uses plot,svg,30085,9e0ca301f6964f5b66fa8c06dc2dd48f60e2542476bfd492007cafd172a07419
bar,outputs/charts/four_pillars/valuation/fp_valuation_summary.png,outputs/charts/by-type/bar/generated/four_pillars/valuation/fp_valuation_summary.png,charts/fp_valuation_summary.py,script uses bar/barh,png,14688,6299a60bd36651955649c2d17f8a67e9805d0d2cb63c58c2930a79e219ae22bd
bar,outputs/charts/four_pillars/valuation/fp_valuation_summary.svg,outputs/charts/by-type/bar/generated/four_pillars/valuation/fp_valuation_summary.svg,charts/fp_valuation_summary.py,script uses bar/barh,svg,39705,0491fa2e0f578b2118bc305475dfbccff7e6c1794e65293192c2ff322b32eb8a
bar,outputs/charts/four_pillars/valuation/fp_valuation_summary_inside.png,outputs/charts/by-type/bar/generated/four_pillars/valuation/fp_valuation_summary_inside.png,charts/fp_valuation_summary.py,script uses bar/barh,png,15848,6ca8b2fea0ce8843d84cacc4e3d551ec5f1c53167fa7a874d3a661498a0cb3e2
bar,outputs/charts/four_pillars/valuation/fp_valuation_summary_inside.svg,outputs/charts/by-type/bar/generated/four_pillars/valuation/fp_valuation_summary_inside.svg,charts/fp_valuation_summary.py,script uses bar/barh,svg,39705,8eb8d535f7614cf3e0080fc63d90da196f797cab04580c525b6964caf46ce0dd
line,outputs/charts/four_pillars/volume/fp_platform_txn_volume.png,outputs/charts/by-type/line/generated/four_pillars/volume/fp_platform_txn_volume.png,charts/fp_platform_txn_volume.py,filename matched trend|price|tvl|volume|revenue|growth|supply|fees|ratio|rate|daily|weekly|monthly,png,11911,95e3a7ac8f4c9b3ff3cd67edac95313b685a12ba234d32aaf605a51cd1330f6a
line,outputs/charts/four_pillars/volume/fp_platform_txn_volume.svg,outputs/charts/by-type/line/generated/four_pillars/volume/fp_platform_txn_volume.svg,charts/fp_platform_txn_volume.py,filename matched trend|price|tvl|volume|revenue|growth|supply|fees|ratio|rate|daily|weekly|monthly,svg,22877,f3e62c37033ff080f5b1fe49b38bf8a00e1d3ddc6df513cf41c913c94eacec31
scatter,outputs/charts/gold/volatility/gvz_gold_volatility.png,outputs/charts/by-type/scatter/generated/gold/volatility/gvz_gold_volatility.png,charts/gvz_gold_volatility.py,matched bubble_chart|\.scatter\(,png,70014,828b60c0dab70fae0731b1c2fb651d89143ce116c470779a05ef65c99479e596
scatter,outputs/charts/gold/volatility/gvz_gold_volatility.svg,outputs/charts/by-type/scatter/generated/gold/volatility/gvz_gold_volatility.svg,charts/gvz_gold_volatility.py,matched bubble_chart|\.scatter\(,svg,31815,a5ce0f94a9a29b237b6613eed0d410193776d27fab5e708e85ab858dbe2e4d0a
stacked,outputs/charts/hackathon/sector/hackathon_sector_share_stacked_bar.png,outputs/charts/by-type/stacked/generated/hackathon/sector/hackathon_sector_share_stacked_bar.png,charts/hackathon_sector_share_stacked_bar.py,script uses stacked bars,png,38457,841bb7586bb5b7d66dbaa8c9419793d71ba96912ffb94e5bbd0363d7dc27472e
stacked,outputs/charts/hackathon/sector/hackathon_sector_share_stacked_bar.svg,outputs/charts/by-type/stacked/generated/hackathon/sector/hackathon_sector_share_stacked_bar.svg,charts/hackathon_sector_share_stacked_bar.py,script uses stacked bars,svg,23023,1389cdeaa8f94ee09487e87b3054ad78098657df1b99f32f420655eaf1e0d747
combo,outputs/charts/hyperliquid/etf/hype_etf_daily_inflows_by_deployer.png,outputs/charts/by-type/combo/generated/hyperliquid/etf/hype_etf_daily_inflows_by_deployer.png,charts/hype_etf_daily_inflows_by_deployer_hrc.py,script uses multiple plotting primitives,png,60572,b208dfadd0ab033729fa79cd998ca05fddd75c226a33afacc8bd82f7ea8ba332
combo,outputs/charts/hyperliquid/etf/hype_etf_daily_inflows_by_deployer.svg,outputs/charts/by-type/combo/generated/hyperliquid/etf/hype_etf_daily_inflows_by_deployer.svg,charts/hype_etf_daily_inflows_by_deployer_hrc.py,script uses multiple plotting primitives,svg,30987,8fd9c536b2b7042a43858b128b285ac906d37679237f56cc5b169b7e69a3e89b
scatter,outputs/charts/hyperliquid/etf/hype_etf_inflows_vs_price_ytd.png,outputs/charts/by-type/scatter/generated/hyperliquid/etf/hype_etf_inflows_vs_price_ytd.png,charts/hype_etf_inflows_vs_price_ytd.py,matched bubble_chart|\.scatter\(,png,103491,3dfde3ab8403ed7f8f777f137b0b54680880c25a69ce421309020bac6754fac6
scatter,outputs/charts/hyperliquid/etf/hype_etf_inflows_vs_price_ytd.svg,outputs/charts/by-type/scatter/generated/hyperliquid/etf/hype_etf_inflows_vs_price_ytd.svg,charts/hype_etf_inflows_vs_price_ytd.py,matched bubble_chart|\.scatter\(,svg,72922,06dc1f8846bc6a94cb445e0ba3d0693192c0abb69236ce31737f83ebb7c45e21
scatter,outputs/charts/hyperliquid/etf/hype_etf_inflows_vs_price_ytd_full.png,outputs/charts/by-type/scatter/generated/hyperliquid/etf/hype_etf_inflows_vs_price_ytd_full.png,charts/hype_etf_inflows_vs_price_ytd.py,matched bubble_chart|\.scatter\(,png,95677,c8a6fe077d8ba539b19b7a89bdf8460825d715fd8a8269011e528da0a5dd6876
scatter,outputs/charts/hyperliquid/etf/hype_etf_inflows_vs_price_ytd_full.svg,outputs/charts/by-type/scatter/generated/hyperliquid/etf/hype_etf_inflows_vs_price_ytd_full.svg,charts/hype_etf_inflows_vs_price_ytd.py,matched bubble_chart|\.scatter\(,svg,82954,593c704c0b349ffe387175d95945837c31253c39d89711dfb4d40acdd6a7e6a0
stacked,outputs/charts/hyperliquid/hip3/hip3_deployer_volume_share_monthly.png,outputs/charts/by-type/stacked/generated/hyperliquid/hip3/hip3_deployer_volume_share_monthly.png,charts/hip3_deployer_volume_share_monthly.py,filename matched stacked|composition|breakdown|share,png,35631,b2d0f18fef7ca422eb052153cefa7653f08783730f94737c8b2c4a3d93eea080
stacked,outputs/charts/hyperliquid/hip3/hip3_deployer_volume_share_monthly.svg,outputs/charts/by-type/stacked/generated/hyperliquid/hip3/hip3_deployer_volume_share_monthly.svg,charts/hip3_deployer_volume_share_monthly.py,filename matched stacked|composition|breakdown|share,svg,90026,2871971a3ed83826119a0c547ceb16f74eb1204a23569d37bdf0f569269ad0a1
scatter,outputs/charts/hyperliquid/hip3/hip3_ma_volume_vs_hype_ytd.png,outputs/charts/by-type/scatter/generated/hyperliquid/hip3/hip3_ma_volume_vs_hype_ytd.png,charts/hip3_ma_volume_vs_hype_ytd.py,matched bubble_chart|\.scatter\(,png,134207,eb81df0762d486090f73817a95558edff800b135c511efb13e27232b45382b7e
scatter,outputs/charts/hyperliquid/hip3/hip3_ma_volume_vs_hype_ytd.svg,outputs/charts/by-type/scatter/generated/hyperliquid/hip3/hip3_ma_volume_vs_hype_ytd.svg,charts/hip3_ma_volume_vs_hype_ytd.py,matched bubble_chart|\.scatter\(,svg,28286,315ca50dda4bd1d824cc5b37475da4fa3fb8d445bf5728823a26d2a98e729674
line,outputs/charts/hyperliquid/hip3/hip3_skhx_skhy_funding.png,outputs/charts/by-type/line/generated/hyperliquid/hip3/hip3_skhx_skhy_funding.png,charts/hip3_skhx_skhy_funding.py,script uses plot,png,86235,2ac821ed0d6b82104e0e810dcf4ac14cbf024469f2d3e880503cdd4e07a11ae2
line,outputs/charts/hyperliquid/hip3/hip3_skhx_skhy_funding.svg,outputs/charts/by-type/line/generated/hyperliquid/hip3/hip3_skhx_skhy_funding.svg,charts/hip3_skhx_skhy_funding.py,script uses plot,svg,24087,6b9c438a70a8544fafb1b0b7d2a004d2a122b5080cea84bc86328a3fbb631918
line,outputs/charts/hyperliquid/hip3/hip3_skhx_skhy_funding_2panel.png,outputs/charts/by-type/line/generated/hyperliquid/hip3/hip3_skhx_skhy_funding_2panel.png,charts/hip3_skhx_skhy_funding.py,script uses plot,png,115692,e0c5ed5fada587f9dd178ea2d77bbe7641600f7cfb852519ee2bdbd569af8af7
line,outputs/charts/hyperliquid/hip3/hip3_skhx_skhy_funding_2panel.svg,outputs/charts/by-type/line/generated/hyperliquid/hip3/hip3_skhx_skhy_funding_2panel.svg,charts/hip3_skhx_skhy_funding.py,script uses plot,svg,36857,f8d61bd04e31c992804f16ba75361a4c7b4bd5bdd9a990814fb9a2e73484bf66
line,outputs/charts/hyperliquid/hip3/hip3_skhx_skhy_funding_pct.png,outputs/charts/by-type/line/generated/hyperliquid/hip3/hip3_skhx_skhy_funding_pct.png,charts/hip3_skhx_skhy_funding.py,script uses plot,png,118006,3563605578748b7ca9b698623608d23238f1d8d8ad78481f7572af6670788fc8
line,outputs/charts/hyperliquid/hip3/hip3_skhx_skhy_funding_pct.svg,outputs/charts/by-type/line/generated/hyperliquid/hip3/hip3_skhx_skhy_funding_pct.svg,charts/hip3_skhx_skhy_funding.py,script uses plot,svg,33858,be87d78b685fc0bccbc01ebea6e5e24288149c38193a5382b3fbbddd007533af
line,outputs/charts/hyperliquid/hip3/hip3_skhx_skhy_funding_split.png,outputs/charts/by-type/line/generated/hyperliquid/hip3/hip3_skhx_skhy_funding_split.png,charts/hip3_skhx_skhy_funding.py,script uses plot,png,119106,aed939fd999315f184f1f49b39f391104d880b88fb608a611ef0ad87ebfec200
line,outputs/charts/hyperliquid/hip3/hip3_skhx_skhy_funding_split.svg,outputs/charts/by-type/line/generated/hyperliquid/hip3/hip3_skhx_skhy_funding_split.svg,charts/hip3_skhx_skhy_funding.py,script uses plot,svg,35471,1e25aa6d4de0aa925c520aaedf4b27580cd4baa684fba0972fce3a188f53c553
stacked,outputs/charts/hyperliquid/hip3/hip3_volume_oi_weekly.png,outputs/charts/by-type/stacked/generated/hyperliquid/hip3/hip3_volume_oi_weekly.png,charts/hip3_volume_oi_weekly.py,script uses stacked bars,png,55556,d910360a28287b76f624848d44c983a046ea1bafd582b23c9a6170dce230f964
stacked,outputs/charts/hyperliquid/hip3/hip3_volume_oi_weekly.svg,outputs/charts/by-type/stacked/generated/hyperliquid/hip3/hip3_volume_oi_weekly.svg,charts/hip3_volume_oi_weekly.py,script uses stacked bars,svg,66201,74fee1abf86424720b5a488ea8ce31ff626323a8879b873eff1a626da6aa3eda
stacked,outputs/charts/hyperliquid/hip3/hip3_weekly_oi.png,outputs/charts/by-type/stacked/generated/hyperliquid/hip3/hip3_weekly_oi.png,charts/hip3_volume_oi_weekly.py,script uses stacked bars,png,38880,f3f15b4b97471817240d6edf65c4f6b325352a872b190615c9a306615a7b09d5
stacked,outputs/charts/hyperliquid/hip3/hip3_weekly_oi.svg,outputs/charts/by-type/stacked/generated/hyperliquid/hip3/hip3_weekly_oi.svg,charts/hip3_volume_oi_weekly.py,script uses stacked bars,svg,67666,cec9fc756d60ea0ea7aad22537ff3061d12d72fa88808777c71ed567b0c2f561
stacked,outputs/charts/hyperliquid/hip3/hip3_weekly_volume.png,outputs/charts/by-type/stacked/generated/hyperliquid/hip3/hip3_weekly_volume.png,charts/hip3_volume_oi_weekly.py,script uses stacked bars,png,42314,b8cbd41d15fe42b33bbe532efada636d96504c06c2f7f1dd6a0f196dccd08746
stacked,outputs/charts/hyperliquid/hip3/hip3_weekly_volume.svg,outputs/charts/by-type/stacked/generated/hyperliquid/hip3/hip3_weekly_volume.svg,charts/hip3_volume_oi_weekly.py,script uses stacked bars,svg,65863,1e5760afb9cd3bf57f36abb6f9b3d6d015eef366658cfe0ce240859d0acd98c3
bar,outputs/charts/hyperliquid/hip3/hl_weekend_korean_stocks_accuracy.png,outputs/charts/by-type/bar/generated/hyperliquid/hip3/hl_weekend_korean_stocks_accuracy.png,charts/hl_weekend_korean_stocks_accuracy.py,script uses bar/barh,png,44402,d83ff238c9bd14b71bf2cb67293959860ecaa691d03a81a4e7bda55062f2bfc1
bar,outputs/charts/hyperliquid/hip3/hl_weekend_korean_stocks_accuracy.svg,outputs/charts/by-type/bar/generated/hyperliquid/hip3/hl_weekend_korean_stocks_accuracy.svg,charts/hl_weekend_korean_stocks_accuracy.py,script uses bar/barh,svg,32569,70a192cc231ec065c576f63c3f3d8c20cda86a4061d15173c38a7c12ef7c87ae
bar,outputs/charts/hyperliquid/hip3/hl_weekend_move_vs_gap_ewy.png,outputs/charts/by-type/bar/generated/hyperliquid/hip3/hl_weekend_move_vs_gap_ewy.png,charts/hl_weekend_move_vs_gap.py,script uses bar/barh,png,36752,80653d87b233d72ad0a5fcd9e7e71f6c3f4429ffb0bac4785942f6cb6c53b325
bar,outputs/charts/hyperliquid/hip3/hl_weekend_move_vs_gap_ewy.svg,outputs/charts/by-type/bar/generated/hyperliquid/hip3/hl_weekend_move_vs_gap_ewy.svg,charts/hl_weekend_move_vs_gap.py,script uses bar/barh,svg,30973,e57e0515c2b7d84e0da3aba0c52137adfc9a8d878c3f25f34df7dfd6b7923796
bar,outputs/charts/hyperliquid/hip3/hl_weekend_move_vs_gap_hyundai.png,outputs/charts/by-type/bar/generated/hyperliquid/hip3/hl_weekend_move_vs_gap_hyundai.png,charts/hl_weekend_move_vs_gap.py,script uses bar/barh,png,45853,f2dd0277c84ec3302dc6f78bf09efb29944af506c13b9ae5f8e9c4712a311d39
bar,outputs/charts/hyperliquid/hip3/hl_weekend_move_vs_gap_hyundai.svg,outputs/charts/by-type/bar/generated/hyperliquid/hip3/hl_weekend_move_vs_gap_hyundai.svg,charts/hl_weekend_move_vs_gap.py,script uses bar/barh,svg,38085,e0d7f4f376b55110204aead013821039f2824242def1c8c75f7281998b90f6dc
bar,outputs/charts/hyperliquid/hip3/hl_weekend_move_vs_gap_samsung.png,outputs/charts/by-type/bar/generated/hyperliquid/hip3/hl_weekend_move_vs_gap_samsung.png,charts/hl_weekend_move_vs_gap.py,script uses bar/barh,png,44384,58466dbeb4749cb01bf47ee3671fa4e468026e6ab42620561497c9fbf67db81f
bar,outputs/charts/hyperliquid/hip3/hl_weekend_move_vs_gap_samsung.svg,outputs/charts/by-type/bar/generated/hyperliquid/hip3/hl_weekend_move_vs_gap_samsung.svg,charts/hl_weekend_move_vs_gap.py,script uses bar/barh,svg,37397,6cf4e0c5f18d8ae88844011e7defc17d3ad3a9a0232804aff7a90a1d46674b70
bar,outputs/charts/hyperliquid/hip3/hl_weekend_move_vs_gap_sk_hynix.png,outputs/charts/by-type/bar/generated/hyperliquid/hip3/hl_weekend_move_vs_gap_sk_hynix.png,charts/hl_weekend_move_vs_gap.py,script uses bar/barh,png,46558,d3137b6bfef45887b075ee74d304817192bdb87eeb95696fdde28e4eb24dae06
bar,outputs/charts/hyperliquid/hip3/hl_weekend_move_vs_gap_sk_hynix.svg,outputs/charts/by-type/bar/generated/hyperliquid/hip3/hl_weekend_move_vs_gap_sk_hynix.svg,charts/hl_weekend_move_vs_gap.py,script uses bar/barh,svg,38138,19aedba525cab3ca99a4887f762f5fd3ac9754c3d30baaea40e1979fd0b4e6af
stacked,outputs/charts/hyperliquid/hip3/hleco_hip3_deployer_share_h1_2026.png,outputs/charts/by-type/stacked/generated/hyperliquid/hip3/hleco_hip3_deployer_share_h1_2026.png,charts/hleco_hip3_deployer_share_h1_2026.py,filename matched stacked|composition|breakdown|share,png,83751,c47d64ed268800249648685e467fad95fdf7baa75533c65e14a66aca61e6974b
stacked,outputs/charts/hyperliquid/hip3/hleco_hip3_deployer_share_h1_2026.svg,outputs/charts/by-type/stacked/generated/hyperliquid/hip3/hleco_hip3_deployer_share_h1_2026.svg,charts/hleco_hip3_deployer_share_h1_2026.py,filename matched stacked|composition|breakdown|share,svg,55497,3cac41f5da6a5a507399144c4908ee351fc97e11b93b714bf33953346efec27a
bar,outputs/charts/hyperliquid/hip3/single_name_equity_volume_hrc.png,outputs/charts/by-type/bar/generated/hyperliquid/hip3/single_name_equity_volume_hrc.png,charts/single_name_equity_volume_hrc.py,script uses bar/barh,png,68456,fb8b6d06a67b73f1c53609a5ef1f1f0844efdedde4c9b68d804a417d03c080bc
bar,outputs/charts/hyperliquid/hip3/single_name_equity_volume_hrc.svg,outputs/charts/by-type/bar/generated/hyperliquid/hip3/single_name_equity_volume_hrc.svg,charts/single_name_equity_volume_hrc.py,script uses bar/barh,svg,33158,923b1cb6c6975af57010e93dffa6358a0d629f3c56f1416ee19a913b2d1ea7b6
bar,outputs/charts/hyperliquid/hip3/single_name_equity_volume_hrc_preview.png,outputs/charts/by-type/bar/generated/hyperliquid/hip3/single_name_equity_volume_hrc_preview.png,charts/single_name_equity_volume_hrc.py,script uses bar/barh,png,97071,86d1c85395376a658d4fa0e3ca374351c73b1c25dd7ec950e227e05722871a44
line,outputs/charts/hyperliquid/hip4/hip4_daily_volume_by_deployer.png,outputs/charts/by-type/line/generated/hyperliquid/hip4/hip4_daily_volume_by_deployer.png,charts/hip4_daily_volume_by_deployer.py,filename matched trend|price|tvl|volume|revenue|growth|supply|fees|ratio|rate|daily|weekly|monthly,png,49248,daac3bbed6944aac72ee2c73160edc97705cff5ebe24341fc820e912a00909c1
line,outputs/charts/hyperliquid/hip4/hip4_daily_volume_by_deployer.svg,outputs/charts/by-type/line/generated/hyperliquid/hip4/hip4_daily_volume_by_deployer.svg,charts/hip4_daily_volume_by_deployer.py,filename matched trend|price|tvl|volume|revenue|growth|supply|fees|ratio|rate|daily|weekly|monthly,svg,161361,e2a5902ecfb59964dbaf0fa6f800435772d9dc6c4e91892f06356baed51b3f1f
line,outputs/charts/hyperliquid/hip4/hip4_daily_volume_by_deployer_hrc.png,outputs/charts/by-type/line/generated/hyperliquid/hip4/hip4_daily_volume_by_deployer_hrc.png,charts/hip4_daily_volume_by_deployer_hrc.py,filename matched trend|price|tvl|volume|revenue|growth|supply|fees|ratio|rate|daily|weekly|monthly,png,48246,c43e8ea561f5d001b0f32ee119a791b046bc0f599f41eea03fd13f837824fbb6
line,outputs/charts/hyperliquid/hip4/hip4_daily_volume_by_deployer_hrc.svg,outputs/charts/by-type/line/generated/hyperliquid/hip4/hip4_daily_volume_by_deployer_hrc.svg,charts/hip4_daily_volume_by_deployer_hrc.py,filename matched trend|price|tvl|volume|revenue|growth|supply|fees|ratio|rate|daily|weekly|monthly,svg,159306,b7495e48477155a06c1bce064f9c84de86565cd41923839cf0079feae5cd2f64
line,outputs/charts/hyperliquid/hip4/hip4_daily_volume_since_launch.png,outputs/charts/by-type/line/generated/hyperliquid/hip4/hip4_daily_volume_since_launch.png,charts/hip4_daily_volume_since_launch.py,filename matched trend|price|tvl|volume|revenue|growth|supply|fees|ratio|rate|daily|weekly|monthly,png,68919,92480eb8b77d1d1438781049c7b8bd9b0fb8614e8b8a06b0d5bf07016fca3029
line,outputs/charts/hyperliquid/hip4/hip4_daily_volume_since_launch.svg,outputs/charts/by-type/line/generated/hyperliquid/hip4/hip4_daily_volume_since_launch.svg,charts/hip4_daily_volume_since_launch.py,filename matched trend|price|tvl|volume|revenue|growth|supply|fees|ratio|rate|daily|weekly|monthly,svg,61374,49a15984ddbe7e04b323b97f76b23295021e8c2e104298bd891b526de74fdf56
line,outputs/charts/hyperliquid/hip4/hip4_daily_volume_since_launch_hrc.png,outputs/charts/by-type/line/generated/hyperliquid/hip4/hip4_daily_volume_since_launch_hrc.png,charts/hip4_daily_volume_since_launch_hrc.py,filename matched trend|price|tvl|volume|revenue|growth|supply|fees|ratio|rate|daily|weekly|monthly,png,66972,eb7e69a600e73c4df43ca1987608bb2c9b92965ee6ed2addb4fd5cdaa893000d
line,outputs/charts/hyperliquid/hip4/hip4_daily_volume_since_launch_hrc.svg,outputs/charts/by-type/line/generated/hyperliquid/hip4/hip4_daily_volume_since_launch_hrc.svg,charts/hip4_daily_volume_since_launch_hrc.py,filename matched trend|price|tvl|volume|revenue|growth|supply|fees|ratio|rate|daily|weekly|monthly,svg,58004,5b6d16755b4dbe21a7c8a0a34c86c288fa86073e0296e926c7b9ca763116755c
line,outputs/charts/hyperliquid/hip4/hip4_venue_registrations_vs_volume.png,outputs/charts/by-type/line/generated/hyperliquid/hip4/hip4_venue_registrations_vs_volume.png,charts/hip4_venue_registrations_vs_volume.py,filename matched trend|price|tvl|volume|revenue|growth|supply|fees|ratio|rate|daily|weekly|monthly,png,31722,68910245a357120d7ceb8f5db6a676e5233e4a2627acae796389265d72f56e95
line,outputs/charts/hyperliquid/hip4/hip4_venue_registrations_vs_volume.svg,outputs/charts/by-type/line/generated/hyperliquid/hip4/hip4_venue_registrations_vs_volume.svg,charts/hip4_venue_registrations_vs_volume.py,filename matched trend|price|tvl|volume|revenue|growth|supply|fees|ratio|rate|daily|weekly|monthly,svg,43444,40f5f06fe6f2898956856e5041c6e3f500cbf41b7458a168a7c7ad122c019e27
bar,outputs/charts/hyperliquid/hip4/hip4_venue_registrations_vs_volume_hrc.png,outputs/charts/by-type/bar/generated/hyperliquid/hip4/hip4_venue_registrations_vs_volume_hrc.png,charts/hip4_venue_registrations_vs_volume_hrc.py,script uses bar/barh,png,30342,ae1f67df0c2e678a45591d0ff27c9f6db220fd107e92a6ea1337a2ce9b33451c
bar,outputs/charts/hyperliquid/hip4/hip4_venue_registrations_vs_volume_hrc.svg,outputs/charts/by-type/bar/generated/hyperliquid/hip4/hip4_venue_registrations_vs_volume_hrc.svg,charts/hip4_venue_registrations_vs_volume_hrc.py,script uses bar/barh,svg,32618,072b7e7d4592b0bea0b32040cea1d5837af838ad509c350f29ddb8f36ced019f
bar,outputs/charts/hyperliquid/hip4/prediction_market_weekly_volume_by_platform.png,outputs/charts/by-type/bar/generated/hyperliquid/hip4/prediction_market_weekly_volume_by_platform.png,charts/prediction_market_weekly_volume_by_platform.py,script uses bar/barh,png,42432,ae5c21387755ff7db41a315daedce14c936e46c2a36223fd2e3ef7a5ee7abbbe
bar,outputs/charts/hyperliquid/hip4/prediction_market_weekly_volume_by_platform.svg,outputs/charts/by-type/bar/generated/hyperliquid/hip4/prediction_market_weekly_volume_by_platform.svg,charts/prediction_market_weekly_volume_by_platform.py,script uses bar/barh,svg,40377,71fa6849e2cc7495a47b0ba48365a48e06f22bbd71e82a8a599afe02a9882c0e
bar,outputs/charts/hyperliquid/hip4/prediction_market_weekly_volume_by_platform_hrc.png,outputs/charts/by-type/bar/generated/hyperliquid/hip4/prediction_market_weekly_volume_by_platform_hrc.png,charts/prediction_market_weekly_volume_by_platform_hrc.py,script uses bar/barh,png,41768,a15305ff352fbad4252e7f457c809e157d9964b21f996f1563e82b6316e11523
bar,outputs/charts/hyperliquid/hip4/prediction_market_weekly_volume_by_platform_hrc.svg,outputs/charts/by-type/bar/generated/hyperliquid/hip4/prediction_market_weekly_volume_by_platform_hrc.svg,charts/prediction_market_weekly_volume_by_platform_hrc.py,script uses bar/barh,svg,37308,fc8d73bf2c884f86b597cd6cab807ba90e059e536305e493d029d810c3d7a75d
bar,outputs/charts/hyperliquid/metrics/asxn_perp_active_users_weekly.png,outputs/charts/by-type/bar/generated/hyperliquid/metrics/asxn_perp_active_users_weekly.png,charts/asxn_perp_active_users_weekly.py,script uses bar/barh,png,18011,8ced4ae618eede0383a7985237c945e754459c92cee8e2300abe88845fd2085a
bar,outputs/charts/hyperliquid/metrics/asxn_perp_active_users_weekly.svg,outputs/charts/by-type/bar/generated/hyperliquid/metrics/asxn_perp_active_users_weekly.svg,charts/asxn_perp_active_users_weekly.py,script uses bar/barh,svg,31220,03560e579d2fe7547f37e67cbf91d6a799226e289e36957ed23cc5d98d8f331f
line,outputs/charts/hyperliquid/metrics/hleco_hypercore_weekly_traders.png,outputs/charts/by-type/line/generated/hyperliquid/metrics/hleco_hypercore_weekly_traders.png,charts/hleco_hypercore_weekly_traders.py,filename matched trend|price|tvl|volume|revenue|growth|supply|fees|ratio|rate|daily|weekly|monthly,png,95579,d345ffbf485c03fab6f19fa9cd18913f64c1e0913b9e7cbfbc5c71b508df9f47
line,outputs/charts/hyperliquid/metrics/hleco_hypercore_weekly_traders.svg,outputs/charts/by-type/line/generated/hyperliquid/metrics/hleco_hypercore_weekly_traders.svg,charts/hleco_hypercore_weekly_traders.py,filename matched trend|price|tvl|volume|revenue|growth|supply|fees|ratio|rate|daily|weekly|monthly,svg,141338,91ee3bc3fbe44118a7173de6e75f835c534c9583b0bb205a0816dbcb9b12d9c1
line,outputs/charts/hyperliquid/metrics/hypercore_daily_active_users.png,outputs/charts/by-type/line/generated/hyperliquid/metrics/hypercore_daily_active_users.png,charts/hypercore_daily_active_users.py,script uses plot,png,170327,aa24103d1d4724c4c987f07e15e4d0d636e3aa57b2cd37efe309374f7d3b9ef6
line,outputs/charts/hyperliquid/metrics/hypercore_daily_active_users.svg,outputs/charts/by-type/line/generated/hyperliquid/metrics/hypercore_daily_active_users.svg,charts/hypercore_daily_active_users.py,script uses plot,svg,974798,de492d9d8155cbbf74de0a48c998cd62461edc92d33d7cb87b7504728dd559f1
bar,outputs/charts/hyperliquid/revenue/asxn_af_weekly_buyback.png,outputs/charts/by-type/bar/generated/hyperliquid/revenue/asxn_af_weekly_buyback.png,charts/asxn_af_weekly_buyback.py,script uses bar/barh,png,34247,60fd3f6b74829472fe9172232a495a24f227172f8f38b8a3f2f779f3eb5f76ec
bar,outputs/charts/hyperliquid/revenue/asxn_af_weekly_buyback.svg,outputs/charts/by-type/bar/generated/hyperliquid/revenue/asxn_af_weekly_buyback.svg,charts/asxn_af_weekly_buyback.py,script uses bar/barh,svg,35624,d84e4f4f31e2d3b1fdc1b5ba317f94cace9f9e2d147c395b3f37dada8316c930
bar,outputs/charts/hyperliquid/revenue/asxn_af_weekly_buyback_since_inception.png,outputs/charts/by-type/bar/generated/hyperliquid/revenue/asxn_af_weekly_buyback_since_inception.png,charts/asxn_af_weekly_buyback_since_inception.py,script uses bar/barh,png,20755,c70da4e50dbd7c51495b41191a3dd76184d3757087f945c467ba2fc3f0afa432
bar,outputs/charts/hyperliquid/revenue/asxn_af_weekly_buyback_since_inception.svg,outputs/charts/by-type/bar/generated/hyperliquid/revenue/asxn_af_weekly_buyback_since_inception.svg,charts/asxn_af_weekly_buyback_since_inception.py,script uses bar/barh,svg,31603,6b80edf3a559929ea05e5ea132d2865c2a826f8e1db076f3c9deb69357acfd3b
line,outputs/charts/hyperliquid/revenue/asxn_protocol_holder_revenue.png,outputs/charts/by-type/line/generated/hyperliquid/revenue/asxn_protocol_holder_revenue.png,charts/asxn_protocol_holder_revenue.py,script uses plot,png,104828,8a647e650fd7e9eff8b117bb268e2d14acbf7b197e6e32ec5e800952fd88b030
line,outputs/charts/hyperliquid/revenue/asxn_protocol_holder_revenue.svg,outputs/charts/by-type/line/generated/hyperliquid/revenue/asxn_protocol_holder_revenue.svg,charts/asxn_protocol_holder_revenue.py,script uses plot,svg,49921,eac9904f046c998ef87db5f3a27de2a8d19482b55a5a3f1c51cfcfba2c5789f0
line,outputs/charts/hyperliquid/revenue/hl_protocol_holder_revenue.png,outputs/charts/by-type/line/generated/hyperliquid/revenue/hl_protocol_holder_revenue.png,charts/hl_protocol_holder_revenue.py,script uses plot,png,77533,b930bb7f60521ebaef2909ffaa275257af5e74d36e0cafaca29c018ff5358a89
line,outputs/charts/hyperliquid/revenue/hl_protocol_holder_revenue.svg,outputs/charts/by-type/line/generated/hyperliquid/revenue/hl_protocol_holder_revenue.svg,charts/hl_protocol_holder_revenue.py,script uses plot,svg,53557,d597545f423bda43758c16e9faf79cccf514f49977dfa4196c65ad1a048a3905
line,outputs/charts/hyperliquid/revenue/hleco_af_weekly_buyback_h1_2026.png,outputs/charts/by-type/line/generated/hyperliquid/revenue/hleco_af_weekly_buyback_h1_2026.png,charts/hleco_af_weekly_buyback_h1_2026.py,filename matched trend|price|tvl|volume|revenue|growth|supply|fees|ratio|rate|daily|weekly|monthly,png,63853,2235a64803bf1a2e91d71becf8955618da18921eb9b180199570c4896fcd083d
line,outputs/charts/hyperliquid/revenue/hleco_af_weekly_buyback_h1_2026.svg,outputs/charts/by-type/line/generated/hyperliquid/revenue/hleco_af_weekly_buyback_h1_2026.svg,charts/hleco_af_weekly_buyback_h1_2026.py,filename matched trend|price|tvl|volume|revenue|growth|supply|fees|ratio|rate|daily|weekly|monthly,svg,84874,5067cb42dcb22429b26c2d28a569c31a5c29e34e3d3384d6cde70031510a2651
line,outputs/charts/hyperliquid/revenue/hleco_monthly_protocol_holder_revenue.png,outputs/charts/by-type/line/generated/hyperliquid/revenue/hleco_monthly_protocol_holder_revenue.png,charts/hleco_monthly_protocol_holder_revenue.py,script uses plot,png,128659,944abb8227866fe444476409c2f975f559e175746e68a420ecfb02081ebbb529
line,outputs/charts/hyperliquid/revenue/hleco_monthly_protocol_holder_revenue.svg,outputs/charts/by-type/line/generated/hyperliquid/revenue/hleco_monthly_protocol_holder_revenue.svg,charts/hleco_monthly_protocol_holder_revenue.py,script uses plot,svg,60574,d16440f09a45b12ba19314f8a4dec9554d31a899d6d25b37035c279583621d35
line,outputs/charts/hyperliquid/revenue/hleco_monthly_protocol_holder_revenue_light.png,outputs/charts/by-type/line/generated/hyperliquid/revenue/hleco_monthly_protocol_holder_revenue_light.png,charts/hleco_monthly_protocol_holder_revenue.py,script uses plot,png,66693,d064f934ffc12d2c398c59c8f36e3d32f958c249b652fd8d95365d3b7c3bfca1
line,outputs/charts/hyperliquid/revenue/hleco_monthly_protocol_holder_revenue_light.svg,outputs/charts/by-type/line/generated/hyperliquid/revenue/hleco_monthly_protocol_holder_revenue_light.svg,charts/hleco_monthly_protocol_holder_revenue.py,script uses plot,svg,55584,54c73949b206ad9de70c0e44b4004dfb08af7ae8c566f9b96e5f9e105f7207b0
scatter,outputs/charts/hyperliquid/revenue/hype_pe_buyback_ytd.png,outputs/charts/by-type/scatter/generated/hyperliquid/revenue/hype_pe_buyback_ytd.png,charts/hype_pe_buyback_ytd.py,matched bubble_chart|\.scatter\(,png,148717,01809c12170ea67a354c64c13e8ec6d3cf3d5d29ad5ada45e5d4b7feedd4b1d8
scatter,outputs/charts/hyperliquid/revenue/hype_pe_buyback_ytd.svg,outputs/charts/by-type/scatter/generated/hyperliquid/revenue/hype_pe_buyback_ytd.svg,charts/hype_pe_buyback_ytd.py,matched bubble_chart|\.scatter\(,svg,22619,b86957ccce0abf9437784563a6cefcb975a8c95d94494f21e923143707f7da1d
table-scorecard,outputs/charts/hyperliquid/stablecoin/hleco_hyperevm_stablecoin_supply.png,outputs/charts/by-type/table-scorecard/generated/hyperliquid/stablecoin/hleco_hyperevm_stablecoin_supply.png,charts/hleco_hyperevm_stablecoin_supply.py,filename matched table|scorecard|ranking,png,76653,fdb70d325403019bf3887590bd9dce186751b8b9a4a25bd0cdc68a1b7a4116e4
table-scorecard,outputs/charts/hyperliquid/stablecoin/hleco_hyperevm_stablecoin_supply.svg,outputs/charts/by-type/table-scorecard/generated/hyperliquid/stablecoin/hleco_hyperevm_stablecoin_supply.svg,charts/hleco_hyperevm_stablecoin_supply.py,filename matched table|scorecard|ranking,svg,59820,0fa3388c7592b76419dab383a48ad37f586bfd2244d58abed68de77368ff3c25
table-scorecard,outputs/charts/hyperliquid/stablecoin/hyperevm_stablecoin_supply_monthly.png,outputs/charts/by-type/table-scorecard/generated/hyperliquid/stablecoin/hyperevm_stablecoin_supply_monthly.png,charts/hyperevm_stablecoin_supply_monthly.py,filename matched table|scorecard|ranking,png,29016,ce9d016fff20f9fd9993983e5083a8b6f7771f44e0f938e3b5aa0a594a1a01a0
table-scorecard,outputs/charts/hyperliquid/stablecoin/hyperevm_stablecoin_supply_monthly.svg,outputs/charts/by-type/table-scorecard/generated/hyperliquid/stablecoin/hyperevm_stablecoin_supply_monthly.svg,charts/hyperevm_stablecoin_supply_monthly.py,filename matched table|scorecard|ranking,svg,63968,5dab082b03c1d2a627ca4b275c1e4162be28f8e11d507136ce73dadab46bd70c
scatter,outputs/charts/hyperliquid/token/hleco_hype_etf_cum_inflows.png,outputs/charts/by-type/scatter/generated/hyperliquid/token/hleco_hype_etf_cum_inflows.png,charts/hleco_hype_etf_cum_inflows.py,matched bubble_chart|\.scatter\(,png,51142,1a8f50b9f2aba29bdc494d209158063ccf66d5b9793778424ce02f1aec0ad4c1
scatter,outputs/charts/hyperliquid/token/hleco_hype_etf_cum_inflows.svg,outputs/charts/by-type/scatter/generated/hyperliquid/token/hleco_hype_etf_cum_inflows.svg,charts/hleco_hype_etf_cum_inflows.py,matched bubble_chart|\.scatter\(,svg,25465,cd20d716610ead7eada2533387307f194fcdbdfc1651e5cf6e6a7a25a4fcd742
other,outputs/charts/hyperliquid/token/hleco_hype_team_claims_h1_2026.png,outputs/charts/by-type/other/generated/hyperliquid/token/hleco_hype_team_claims_h1_2026.png,charts/hleco_hype_team_claims_h1_2026.py,no reliable type signal,png,73109,da568b0cdcaf027f2b3222a23251940f0a9c07c761b19a38d5708cb939715b9b
other,outputs/charts/hyperliquid/token/hleco_hype_team_claims_h1_2026.svg,outputs/charts/by-type/other/generated/hyperliquid/token/hleco_hype_team_claims_h1_2026.svg,charts/hleco_hype_team_claims_h1_2026.py,no reliable type signal,svg,43577,3066efec47ff6e49b7069dd4e912a3b0b5aa20435590b446ee4d0bcdd8977a8b
other,outputs/charts/hyperliquid/token/hleco_hype_team_claims_h1_2026_aligned.png,outputs/charts/by-type/other/generated/hyperliquid/token/hleco_hype_team_claims_h1_2026_aligned.png,charts/hleco_hype_team_claims_h1_2026.py,no reliable type signal,png,66548,1d10e1978bdc1173e880c9a652c12a11917b5f034b5338248e82ccef4ac239f5
other,outputs/charts/hyperliquid/token/hleco_hype_team_claims_h1_2026_aligned.svg,outputs/charts/by-type/other/generated/hyperliquid/token/hleco_hype_team_claims_h1_2026_aligned.svg,charts/hleco_hype_team_claims_h1_2026.py,no reliable type signal,svg,43579,592683a252d2b77fe942dcd6c5223fe9bb8300a227b62c4dcb18ad7d3d470d35
scatter,outputs/charts/hyperliquid/token/hleco_hype_vs_btc_indexed_h1_2026.png,outputs/charts/by-type/scatter/generated/hyperliquid/token/hleco_hype_vs_btc_indexed_h1_2026.png,charts/hleco_hype_vs_btc_indexed_h1_2026.py,matched bubble_chart|\.scatter\(,png,95809,5108725102a2d1227952358eee97de123fc5e90647770c1553d2a541c52cabaa
scatter,outputs/charts/hyperliquid/token/hleco_hype_vs_btc_indexed_h1_2026.svg,outputs/charts/by-type/scatter/generated/hyperliquid/token/hleco_hype_vs_btc_indexed_h1_2026.svg,charts/hleco_hype_vs_btc_indexed_h1_2026.py,matched bubble_chart|\.scatter\(,svg,35381,6ba5d979446505563b102590c24f7a616181c23e310c38b12579321aa5598c00
other,outputs/charts/hyperliquid/token/hype_team_claim_vs_entitlement.png,outputs/charts/by-type/other/generated/hyperliquid/token/hype_team_claim_vs_entitlement.png,charts/hype_team_claim_vs_entitlement.py,no reliable type signal,png,27653,b7b904028d64dbb5929939fb81c435b7d6142fd7637c3b8c6b8182856ba51c6f
other,outputs/charts/hyperliquid/token/hype_team_claim_vs_entitlement.svg,outputs/charts/by-type/other/generated/hyperliquid/token/hype_team_claim_vs_entitlement.svg,charts/hype_team_claim_vs_entitlement.py,no reliable type signal,svg,42451,6cd7547ce2d844def744850ae6340806fa1414682eae70656358621e833fa33f
other,outputs/charts/hyperliquid/token/hype_team_claim_vs_entitlement_through_jun.png,outputs/charts/by-type/other/generated/hyperliquid/token/hype_team_claim_vs_entitlement_through_jun.png,charts/hype_team_claim_vs_entitlement.py,no reliable type signal,png,25519,6a99ad504081a1e22c84e23d1f7540df9bde09a43d3426b907abc48a5f499ed1
other,outputs/charts/hyperliquid/token/hype_team_claim_vs_entitlement_through_jun.svg,outputs/charts/by-type/other/generated/hyperliquid/token/hype_team_claim_vs_entitlement_through_jun.svg,charts/hype_team_claim_vs_entitlement.py,no reliable type signal,svg,38766,939db5ea1759591178b616b97db8eb58886975a80532aadb786e36aacda0d623
line,outputs/charts/hyperliquid/token/hype_vs_btc_indexed_2q26.png,outputs/charts/by-type/line/generated/hyperliquid/token/hype_vs_btc_indexed_2q26.png,charts/hype_vs_btc_indexed_2q26.py,script uses plot,png,32544,bccd4554be9c184ed895e8774588586a734753ff7f22e471a0902d6e3e869f53
line,outputs/charts/hyperliquid/token/hype_vs_btc_indexed_2q26.svg,outputs/charts/by-type/line/generated/hyperliquid/token/hype_vs_btc_indexed_2q26.svg,charts/hype_vs_btc_indexed_2q26.py,script uses plot,svg,20556,f5f824e8cfb6ae2600ff46a332c3ac27fa4cabf08c5921c644dde917720ebc57
line,outputs/charts/hyperliquid/token/hype_vs_btc_indexed_2q26_api.png,outputs/charts/by-type/line/generated/hyperliquid/token/hype_vs_btc_indexed_2q26_api.png,charts/hype_vs_btc_indexed_2q26_api.py,script uses plot,png,32793,d54ef0cff88a38280bdbf1f565de4f98de73bbe74110f9b0948467a0e2fb0ff9
line,outputs/charts/hyperliquid/token/hype_vs_btc_indexed_2q26_api.svg,outputs/charts/by-type/line/generated/hyperliquid/token/hype_vs_btc_indexed_2q26_api.svg,charts/hype_vs_btc_indexed_2q26_api.py,script uses plot,svg,20890,f90b3af2602fa8448149feba327de502c9f89bdfdea27db14d59a3498cdc42ad
stacked,outputs/charts/jpyc/issuance/jpyc_cumulative_issuance_stacked_fp.png,outputs/charts/by-type/stacked/generated/jpyc/issuance/jpyc_cumulative_issuance_stacked_fp.png,charts/jpyc_cumulative_issuance_stacked.py,script uses a stacked area,png,93834,ed539325a0b858cf2996ba2de4a59b78b2c74c9c8cb14d6d6e4fbde21fa14e0f
stacked,outputs/charts/jpyc/issuance/jpyc_cumulative_issuance_stacked_fp.svg,outputs/charts/by-type/stacked/generated/jpyc/issuance/jpyc_cumulative_issuance_stacked_fp.svg,charts/jpyc_cumulative_issuance_stacked.py,script uses a stacked area,svg,75474,d57df939c59e2f5af6fe3260ac7c2f389ad25ee720c6ee990b290f416f3389c8
stacked,outputs/charts/jpyc/issuance/jpyc_issuance_by_chain.png,outputs/charts/by-type/stacked/generated/jpyc/issuance/jpyc_issuance_by_chain.png,charts/jpyc_issuance_by_chain.py,script uses a stacked area,png,114280,de610b1ca55f7f26a94c88d0652356234a862212c3da9ecde79a82c35c824edd
stacked,outputs/charts/jpyc/issuance/jpyc_issuance_by_chain.svg,outputs/charts/by-type/stacked/generated/jpyc/issuance/jpyc_issuance_by_chain.svg,charts/jpyc_issuance_by_chain.py,script uses a stacked area,svg,60799,f782f1c70324c2dd1a190d35673877ca60824081543268775e7a2bb020685bb9
bar,outputs/charts/kalshi/hold_to_expiry/kalshi_hold_to_expiry.png,outputs/charts/by-type/bar/generated/kalshi/hold_to_expiry/kalshi_hold_to_expiry.png,charts/kalshi_hold_to_expiry.py,script uses bar/barh,png,66636,44dc86d7d61f6d8114fe318a832f6e9de1108870ac63ace660f9bd1c119abc48
bar,outputs/charts/kalshi/hold_to_expiry/kalshi_hold_to_expiry.svg,outputs/charts/by-type/bar/generated/kalshi/hold_to_expiry/kalshi_hold_to_expiry.svg,charts/kalshi_hold_to_expiry.py,script uses bar/barh,svg,45267,0a567c234035775ae65917ba72e4f1cc74b0709eadb634726b2bc1c694b6744d
scatter,outputs/charts/kalshi/oi_accumulation/kalshi_oi_accumulation.png,outputs/charts/by-type/scatter/generated/kalshi/oi_accumulation/kalshi_oi_accumulation.png,charts/kalshi_oi_accumulation.py,matched bubble_chart|\.scatter\(,png,118480,b7164b2cb7edc99adc1a37dd2ea27b138ac641010c35a753e2894a246e8abf71
scatter,outputs/charts/kalshi/oi_accumulation/kalshi_oi_accumulation.svg,outputs/charts/by-type/scatter/generated/kalshi/oi_accumulation/kalshi_oi_accumulation.svg,charts/kalshi_oi_accumulation.py,matched bubble_chart|\.scatter\(,svg,54840,416e507fc86248f9ce1ad45a21f11b89680fc5be9e9b25fbf996d2896b6b201c
line,outputs/charts/kalshi/oi_term_structure/kalshi_oi_term_structure.png,outputs/charts/by-type/line/generated/kalshi/oi_term_structure/kalshi_oi_term_structure.png,charts/kalshi_oi_term_structure.py,script uses plot,png,144365,5e60d2fb310860dfa743946b69e435fbbb5f39ae5ecd3553c47c9053a2ae5a66
line,outputs/charts/kalshi/oi_term_structure/kalshi_oi_term_structure.svg,outputs/charts/by-type/line/generated/kalshi/oi_term_structure/kalshi_oi_term_structure.svg,charts/kalshi_oi_term_structure.py,script uses plot,svg,51913,e7839748184e357c43ecf6e386b1020ac47caf76576b8f0f6ee33af4f4375686
bar,outputs/charts/kalshi/turnover/kalshi_turnover_vs_corn.png,outputs/charts/by-type/bar/generated/kalshi/turnover/kalshi_turnover_vs_corn.png,charts/kalshi_turnover_vs_corn.py,script uses bar/barh,png,54520,6b29b4e19897cc5f7366b26ec41090192734bb288b042575582c54fe2233d88c
bar,outputs/charts/kalshi/turnover/kalshi_turnover_vs_corn.svg,outputs/charts/by-type/bar/generated/kalshi/turnover/kalshi_turnover_vs_corn.svg,charts/kalshi_turnover_vs_corn.py,script uses bar/barh,svg,43262,70ce938125a96d5f30c7322fcedf48a75a584f66798efe65b41168b0d5500b18
combo,outputs/charts/kinetiq/volume/kinetiq_cumulative_volume.png,outputs/charts/by-type/combo/generated/kinetiq/volume/kinetiq_cumulative_volume.png,charts/kinetiq_volume_trading.py,script uses multiple plotting primitives,png,94652,d3990fc3bedf902fd57364954df7cf476543e7b80dfc55403614b0c18b9378dc
combo,outputs/charts/kinetiq/volume/kinetiq_cumulative_volume.svg,outputs/charts/by-type/combo/generated/kinetiq/volume/kinetiq_cumulative_volume.svg,charts/kinetiq_volume_trading.py,script uses multiple plotting primitives,svg,52468,1e63a17aa8045235f44ff4a31c4eac9bc6d023ff597361ec1624c35d27d43eb3
combo,outputs/charts/kinetiq/volume/kinetiq_daily_volume.png,outputs/charts/by-type/combo/generated/kinetiq/volume/kinetiq_daily_volume.png,charts/kinetiq_volume_trading.py,script uses multiple plotting primitives,png,58480,37f56c67c0fc9bfce97a5d3eb9a27f039923120a761777d8d8290c5a4be48ce2
combo,outputs/charts/kinetiq/volume/kinetiq_daily_volume.svg,outputs/charts/by-type/combo/generated/kinetiq/volume/kinetiq_daily_volume.svg,charts/kinetiq_volume_trading.py,script uses multiple plotting primitives,svg,677618,97f0bae3bc500fc9c66774dd13fa8ac62493c9d15aa2d3eb4030b85c7a56d5c1
area,outputs/charts/kintsu/tvl/kintsu_tvl_sq.png,outputs/charts/by-type/area/generated/kintsu/tvl/kintsu_tvl_sq.png,charts/kintsu_magma_tvl_sq.py,script uses fill_between,png,68921,78d3006079512bcf9d2a3301fb7bf66c5521789d34fc2731f671798927541a20
area,outputs/charts/kintsu/tvl/kintsu_tvl_sq.svg,outputs/charts/by-type/area/generated/kintsu/tvl/kintsu_tvl_sq.svg,charts/kintsu_magma_tvl_sq.py,script uses fill_between,svg,39087,32efa68a3bf2193e25024bc17f8d095e9921d9d706cd832797157aacc76428f3
line,outputs/charts/kizzy/metrics/kizzy_first_time_depositors.png,outputs/charts/by-type/line/generated/kizzy/metrics/kizzy_first_time_depositors.png,charts/kizzy_first_time_depositors.py,script uses plot,png,45718,ae5c3ef9d69fe6206d0896bb83d19800b4e4ac42272378c5c5767919e824cab9
line,outputs/charts/kizzy/metrics/kizzy_first_time_depositors.svg,outputs/charts/by-type/line/generated/kizzy/metrics/kizzy_first_time_depositors.svg,charts/kizzy_first_time_depositors.py,script uses plot,svg,54855,2d6390fcc2253ccb933470d8ce876bdb9a23b9862bd499a74c99d5250ae4637b
area,outputs/charts/kizzy/vault/kizzy_vault_usdc_balance.png,outputs/charts/by-type/area/generated/kizzy/vault/kizzy_vault_usdc_balance.png,charts/kizzy_vault_usdc_balance.py,script uses fill_between,png,52707,954fc1d67c98cf1f1aa6c3d7388cba416aedc1b7cb0dd14979e73c75e598f73a
area,outputs/charts/kizzy/vault/kizzy_vault_usdc_balance.svg,outputs/charts/by-type/area/generated/kizzy/vault/kizzy_vault_usdc_balance.svg,charts/kizzy_vault_usdc_balance.py,script uses fill_between,svg,30972,cd8e13128baee81b2e59ab109e924d2f9a1845475dc7f5e2bf3e83af618b4f87
stacked,outputs/charts/korea-cex/revenue/exchange_nontrading_revenue_share.png,outputs/charts/by-type/stacked/generated/korea-cex/revenue/exchange_nontrading_revenue_share.png,charts/exchange_nontrading_revenue_share.py,filename matched stacked|composition|breakdown|share,png,22463,35cc6c3c8fb9eec93e5ce0379716a33f1ba2271fdc87941656086ea7944aa7bb
stacked,outputs/charts/korea-cex/revenue/exchange_nontrading_revenue_share.svg,outputs/charts/by-type/stacked/generated/korea-cex/revenue/exchange_nontrading_revenue_share.svg,charts/exchange_nontrading_revenue_share.py,filename matched stacked|composition|breakdown|share,svg,20808,fb1303bfaf11816ff2019b537d20a53a173403fcdc61354365eca632c6710188
pie-donut,outputs/charts/korea/cex/korea_cex_market_share_donut.png,outputs/charts/by-type/pie-donut/generated/korea/cex/korea_cex_market_share_donut.png,charts/korea_cex_market_share_donut.py,matched donut|pie_chart|\.pie\(,png,58364,7d76762071483fe8050afd3d67d6142228db906c5ee2bd30864294c0ff949c15
pie-donut,outputs/charts/korea/cex/korea_cex_market_share_donut.svg,outputs/charts/by-type/pie-donut/generated/korea/cex/korea_cex_market_share_donut.svg,charts/korea_cex_market_share_donut.py,matched donut|pie_chart|\.pie\(,svg,25303,fb4d436efe8a35fea8198d282ccc9e46a138393e32cf590daff4697fe1c22039
area,outputs/charts/korea/investors/korea_stock_crypto_investor_gap.png,outputs/charts/by-type/area/generated/korea/investors/korea_stock_crypto_investor_gap.png,charts/korea_stock_crypto_investor_gap.py,script uses fill_between,png,51534,908281438cee88c8dbd297d533e86d12b19aeb3899b3690a67c491b4b869767d
area,outputs/charts/korea/investors/korea_stock_crypto_investor_gap.svg,outputs/charts/by-type/area/generated/korea/investors/korea_stock_crypto_investor_gap.svg,charts/korea_stock_crypto_investor_gap.py,script uses fill_between,svg,26106,5fcb1a32cc562e4d24514221574d0f272bcf47ebb7810f4d10685590b3b9261c
scatter,outputs/charts/korea/premium/kimchi_premium_cycles.png,outputs/charts/by-type/scatter/generated/korea/premium/kimchi_premium_cycles.png,charts/kimchi_premium_cycles.py,matched bubble_chart|\.scatter\(,png,99814,56c3ad93e64d8e1b83aff5ecdf4223477e6f69f3e96e2df2735b9103cf668a7d
scatter,outputs/charts/korea/premium/kimchi_premium_cycles.svg,outputs/charts/by-type/scatter/generated/korea/premium/kimchi_premium_cycles.svg,charts/kimchi_premium_cycles.py,matched bubble_chart|\.scatter\(,svg,68035,191c31d6fd1128ba2e75d2d73fcd249fe8e0adafa464c16574775bc53112aceb
line,outputs/charts/korea/volume/upbit_cycle_top_volume_2017_12.png,outputs/charts/by-type/line/generated/korea/volume/upbit_cycle_top_volume_2017_12.png,,filename matched trend|price|tvl|volume|revenue|growth|supply|fees|ratio|rate|daily|weekly|monthly,png,35925,329a7cfb3b8ac4a931796aa6dc8a1f88b61e7c0967537fe3c67f88435cbe2f8e
line,outputs/charts/korea/volume/upbit_cycle_top_volume_2017_12.svg,outputs/charts/by-type/line/generated/korea/volume/upbit_cycle_top_volume_2017_12.svg,,filename matched trend|price|tvl|volume|revenue|growth|supply|fees|ratio|rate|daily|weekly|monthly,svg,24209,c02ebc058f3453c64d6f85172fd9407aba8ba6ae32427c0e633b378c42ac9466
line,outputs/charts/korea/volume/upbit_cycle_top_volume_2021_04.png,outputs/charts/by-type/line/generated/korea/volume/upbit_cycle_top_volume_2021_04.png,,filename matched trend|price|tvl|volume|revenue|growth|supply|fees|ratio|rate|daily|weekly|monthly,png,38150,e3de89eb2383d020341fb8e9f126034102d826d0de414f692f8b3ab272b2df21
line,outputs/charts/korea/volume/upbit_cycle_top_volume_2021_04.svg,outputs/charts/by-type/line/generated/korea/volume/upbit_cycle_top_volume_2021_04.svg,,filename matched trend|price|tvl|volume|revenue|growth|supply|fees|ratio|rate|daily|weekly|monthly,svg,22829,90e18f1b4235144bb9cb0900b9428b7fc38570121a69d6eecfc550a0644de6c4
line,outputs/charts/korea/volume/upbit_cycle_top_volume_2021_11.png,outputs/charts/by-type/line/generated/korea/volume/upbit_cycle_top_volume_2021_11.png,,filename matched trend|price|tvl|volume|revenue|growth|supply|fees|ratio|rate|daily|weekly|monthly,png,39792,7164f9260661bb1e270c2d370dec6c9369d6517bce87bfb4d722389ca788cdd5
line,outputs/charts/korea/volume/upbit_cycle_top_volume_2021_11.svg,outputs/charts/by-type/line/generated/korea/volume/upbit_cycle_top_volume_2021_11.svg,,filename matched trend|price|tvl|volume|revenue|growth|supply|fees|ratio|rate|daily|weekly|monthly,svg,23020,5efee965b2fb4d037eb5af76d95b64d737d3935b316b31d034bd9c2a7cccce13
line,outputs/charts/korea/volume/upbit_cycle_top_volume_2025_10.png,outputs/charts/by-type/line/generated/korea/volume/upbit_cycle_top_volume_2025_10.png,,filename matched trend|price|tvl|volume|revenue|growth|supply|fees|ratio|rate|daily|weekly|monthly,png,40853,32a4dded2ecc61768655483c581bceb7456ce52051e306cccec0271758473635
line,outputs/charts/korea/volume/upbit_cycle_top_volume_2025_10.svg,outputs/charts/by-type/line/generated/korea/volume/upbit_cycle_top_volume_2025_10.svg,,filename matched trend|price|tvl|volume|revenue|growth|supply|fees|ratio|rate|daily|weekly|monthly,svg,25008,7c0e9f42e4221211602f2733fe57c9e395c0fbe519c45d26c0ddb2ed8b0000c0
scatter,outputs/charts/korea/volume/upbit_cycle_top_volume_panels.png,outputs/charts/by-type/scatter/generated/korea/volume/upbit_cycle_top_volume_panels.png,charts/upbit_cycle_top_volume_panels.py,matched bubble_chart|\.scatter\(,png,121319,a87099bb4ef57bf201b548c28c44f737bf0c2af8bfb67f59966bae206cee5903
scatter,outputs/charts/korea/volume/upbit_cycle_top_volume_panels.svg,outputs/charts/by-type/scatter/generated/korea/volume/upbit_cycle_top_volume_panels.svg,charts/upbit_cycle_top_volume_panels.py,matched bubble_chart|\.scatter\(,svg,58020,1ae915302c4c07b071feb003da4f0849759bc2d7d3cad100ce38edc5290b3b60
line,outputs/charts/korea_cex/listing/korea_cex_delisting_ratio.png,outputs/charts/by-type/line/generated/korea_cex/listing/korea_cex_delisting_ratio.png,charts/korea_cex_delisting_ratio.py,filename matched trend|price|tvl|volume|revenue|growth|supply|fees|ratio|rate|daily|weekly|monthly,png,38503,c6392a21cac4ee5a615005aed45c47f6b5acd985c0713852bae223538c9e4432
line,outputs/charts/korea_cex/listing/korea_cex_delisting_ratio.svg,outputs/charts/by-type/line/generated/korea_cex/listing/korea_cex_delisting_ratio.svg,charts/korea_cex_delisting_ratio.py,filename matched trend|price|tvl|volume|revenue|growth|supply|fees|ratio|rate|daily|weekly|monthly,svg,35366,8cb2af0f134b7bbbd94b21930e574b534b1e6a83716647c235409d72ed0b461d
bar,outputs/charts/korea_cex/listing/korea_cex_listings_delistings.png,outputs/charts/by-type/bar/generated/korea_cex/listing/korea_cex_listings_delistings.png,charts/korea_cex_listings_delistings.py,script uses bar/barh,png,40611,79f5d39f2204c0760f45e7fde886a2f58fe7e9ba4a51a021a5cf376d83aa9a35
bar,outputs/charts/korea_cex/listing/korea_cex_listings_delistings.svg,outputs/charts/by-type/bar/generated/korea_cex/listing/korea_cex_listings_delistings.svg,charts/korea_cex_listings_delistings.py,script uses bar/barh,svg,37845,f9637af4483d37b94d6821666b2db32702d9d6afeac2ca88b32b0ad8e6ebfb27
bar,outputs/charts/korea_cex/listing/upbit_2026_listing_dayone_pump.png,outputs/charts/by-type/bar/generated/korea_cex/listing/upbit_2026_listing_dayone_pump.png,charts/upbit_2026_listing_dayone_pump.py,script uses bar/barh,png,41780,ddf0a8a010f15402120d229f5d19be7f520496cca2fe2246640fcba83f6cedba
bar,outputs/charts/korea_cex/listing/upbit_2026_listing_dayone_pump.svg,outputs/charts/by-type/bar/generated/korea_cex/listing/upbit_2026_listing_dayone_pump.svg,charts/upbit_2026_listing_dayone_pump.py,script uses bar/barh,svg,46897,985a2ffe5ca74e0950d3c7bb6226b5a8e18fd0ee72625b289763e694720387ed
scatter,outputs/charts/korea_cex/stablecoin/korea_cex_stablecoin_flows.png,outputs/charts/by-type/scatter/generated/korea_cex/stablecoin/korea_cex_stablecoin_flows.png,charts/korea_cex_stablecoin_flows.py,matched bubble_chart|\.scatter\(,png,77026,1c83d08f19ab5aeaf21d1312c8a3dcb09e3cff9c6510c5b3c80a0cb4d50bd158
scatter,outputs/charts/korea_cex/stablecoin/korea_cex_stablecoin_flows.svg,outputs/charts/by-type/scatter/generated/korea_cex/stablecoin/korea_cex_stablecoin_flows.svg,charts/korea_cex_stablecoin_flows.py,matched bubble_chart|\.scatter\(,svg,38881,ce6082ee923ddb477ea568fd913a6c6353a935565ed930a9ebb73efb4e7b2c86
scatter,outputs/charts/korea_cex/stablecoin/korea_cex_stablecoin_share.png,outputs/charts/by-type/scatter/generated/korea_cex/stablecoin/korea_cex_stablecoin_share.png,charts/korea_cex_stablecoin_share.py,matched bubble_chart|\.scatter\(,png,97015,725fc9d66f57dc3e9ec3199dea226d80139e411411f3cc4d4efd1cda14b867f3
scatter,outputs/charts/korea_cex/stablecoin/korea_cex_stablecoin_share.svg,outputs/charts/by-type/scatter/generated/korea_cex/stablecoin/korea_cex_stablecoin_share.svg,charts/korea_cex_stablecoin_share.py,matched bubble_chart|\.scatter\(,svg,34850,601af62a8ee9024e17005639412242d455bab602e589cc160b43affc59b8c4a3
line,outputs/charts/kuru/fees/kuru_daily_fees.png,outputs/charts/by-type/line/generated/kuru/fees/kuru_daily_fees.png,charts/kuru_daily_fees.py,filename matched trend|price|tvl|volume|revenue|growth|supply|fees|ratio|rate|daily|weekly|monthly,png,40297,c4a555aa1f96af40fd615a528c05af0fb573eb126dd671932955645a97e29f58
line,outputs/charts/kuru/fees/kuru_daily_fees.svg,outputs/charts/by-type/line/generated/kuru/fees/kuru_daily_fees.svg,charts/kuru_daily_fees.py,filename matched trend|price|tvl|volume|revenue|growth|supply|fees|ratio|rate|daily|weekly|monthly,svg,66145,aa6adec2f39c9cc5d9be39f9214a345bf64d5b3e5b890cfffe1f22960a80fe88
line,outputs/charts/kuru/fees/kuru_daily_fees_log.png,outputs/charts/by-type/line/generated/kuru/fees/kuru_daily_fees_log.png,charts/kuru_daily_fees.py,filename matched trend|price|tvl|volume|revenue|growth|supply|fees|ratio|rate|daily|weekly|monthly,png,47024,d875898e0f548d1912262bcb52c434bbbc313abbae43575112432fa81e2727ec
line,outputs/charts/kuru/fees/kuru_daily_fees_log.svg,outputs/charts/by-type/line/generated/kuru/fees/kuru_daily_fees_log.svg,charts/kuru_daily_fees.py,filename matched trend|price|tvl|volume|revenue|growth|supply|fees|ratio|rate|daily|weekly|monthly,svg,117775,9ec109d648942cfe51b5fa585ecdd1c86dce1e2fd8e934852355d513ade5c11b
area,outputs/charts/kuru/tvl/kuru_tvl_trend.png,outputs/charts/by-type/area/generated/kuru/tvl/kuru_tvl_trend.png,charts/kuru_tvl_trend.py,script uses fill_between,png,64672,a94b8b63cc5dd9660f0d8243b973f4129c463a926e7031cf55e525522aaa6a47
area,outputs/charts/kuru/tvl/kuru_tvl_trend.svg,outputs/charts/by-type/area/generated/kuru/tvl/kuru_tvl_trend.svg,charts/kuru_tvl_trend.py,script uses fill_between,svg,41233,4046647cdeb2ca4d1c63bc2fc2d3dc621e73463acb70a42effcf75c4945d62ca
line,outputs/charts/kuru/volume/kuru_daily_volume.png,outputs/charts/by-type/line/generated/kuru/volume/kuru_daily_volume.png,charts/kuru_daily_volume.py,filename matched trend|price|tvl|volume|revenue|growth|supply|fees|ratio|rate|daily|weekly|monthly,png,40193,b576247e4071a354aa90e0aad834db74d1abf3f4e8e701eb73c061477c6049d4
line,outputs/charts/kuru/volume/kuru_daily_volume.svg,outputs/charts/by-type/line/generated/kuru/volume/kuru_daily_volume.svg,charts/kuru_daily_volume.py,filename matched trend|price|tvl|volume|revenue|growth|supply|fees|ratio|rate|daily|weekly|monthly,svg,67089,cb1a25f0e56061baa143b93025b2c83be5bf8063488c5485d026610b1ec81f1b
area,outputs/charts/leverup/tvl/leverup_tvl_trend.png,outputs/charts/by-type/area/generated/leverup/tvl/leverup_tvl_trend.png,charts/leverup_tvl_trend.py,script uses fill_between,png,56434,a4430d13fa6e82db7664566da65cdefcda0d0ca3095f36d2ed5b7c413a221d19
area,outputs/charts/leverup/tvl/leverup_tvl_trend.svg,outputs/charts/by-type/area/generated/leverup/tvl/leverup_tvl_trend.svg,charts/leverup_tvl_trend.py,script uses fill_between,svg,39763,109db283c8cc126842cc7adb77fadec4347289a2e395915b59c4f9d56aa89d8d
pie-donut,outputs/charts/lido/clients/lido_consensus_clients.png,outputs/charts/by-type/pie-donut/generated/lido/clients/lido_consensus_clients.png,charts/lido_consensus_clients.py,matched donut|pie_chart|\.pie\(,png,142364,bbec1c872a348f42b285e5631beead6805b58d163273712d11795fe81f9ec343
pie-donut,outputs/charts/lido/clients/lido_consensus_clients.svg,outputs/charts/by-type/pie-donut/generated/lido/clients/lido_consensus_clients.svg,charts/lido_consensus_clients.py,matched donut|pie_chart|\.pie\(,svg,50911,95eaf2df84147af2ca84d83a6c9b5c88e65a67581f42dba6bce0b44b7ac09e29
pie-donut,outputs/charts/lido/token/ldo_initial_distribution_donut.png,outputs/charts/by-type/pie-donut/generated/lido/token/ldo_initial_distribution_donut.png,charts/ldo_initial_distribution_donut.py,matched donut|pie_chart|\.pie\(,png,100415,4d8974cedb84508a427fd4251fed055e2fe9181e7f92b423789db4cbb7c2c508
pie-donut,outputs/charts/lido/token/ldo_initial_distribution_donut.svg,outputs/charts/by-type/pie-donut/generated/lido/token/ldo_initial_distribution_donut.svg,charts/ldo_initial_distribution_donut.py,matched donut|pie_chart|\.pie\(,svg,15408,b0a43c0931db72c6e19f9cec6d4b0e456d1223f3626ea52883856a3fb2443c7c
pie-donut,outputs/charts/lido/token/ldo_initial_distribution_donut_bg.png,outputs/charts/by-type/pie-donut/generated/lido/token/ldo_initial_distribution_donut_bg.png,charts/ldo_initial_distribution_donut.py,matched donut|pie_chart|\.pie\(,png,76750,f7a017f998460912025356a24791ae4140ad996acdea1f1409e7d6fa2f2ca889
other,outputs/charts/macro/distressed_debt/global_distressed_debt_absolute_opportunity.png,outputs/charts/by-type/other/generated/macro/distressed_debt/global_distressed_debt_absolute_opportunity.png,charts/global_distressed_debt_absolute_opportunity.py,no reliable type signal,png,49284,91669a32736f8b4ef70a9f7ebd941f5924b578732eadb6ef32e7ef71af5e9b5a
other,outputs/charts/macro/distressed_debt/global_distressed_debt_absolute_opportunity.svg,outputs/charts/by-type/other/generated/macro/distressed_debt/global_distressed_debt_absolute_opportunity.svg,charts/global_distressed_debt_absolute_opportunity.py,no reliable type signal,svg,57387,b728e5b060a00e30d014c633dccac6e8c49821e449914bbbee31231a4e791e6c
other,outputs/charts/macro/distressed_debt/global_distressed_debt_market_size.png,outputs/charts/by-type/other/generated/macro/distressed_debt/global_distressed_debt_market_size.png,charts/global_distressed_debt_market_size.py,no reliable type signal,png,58430,69e22fe97e260f921e9a069a34704699cd1a7e88cf9ee77d0f2105649fd6ad46
other,outputs/charts/macro/distressed_debt/global_distressed_debt_market_size.svg,outputs/charts/by-type/other/generated/macro/distressed_debt/global_distressed_debt_market_size.svg,charts/global_distressed_debt_market_size.py,no reliable type signal,svg,63741,c8eeb01cdbce559a9effb0dd08ac3e9f9ceb6a4b8173c9fd3076fb290a9b4b7b
scatter,outputs/charts/macro/election/seoul_mayor_polymarket_vs_margin.png,outputs/charts/by-type/scatter/generated/macro/election/seoul_mayor_polymarket_vs_margin.png,charts/seoul_mayor_polymarket_vs_margin.py,matched bubble_chart|\.scatter\(,png,118766,36c0c8f424d4a99d919af1382353f797a3b8f949203045c9c40fa49dbba3a091
scatter,outputs/charts/macro/election/seoul_mayor_polymarket_vs_margin.svg,outputs/charts/by-type/scatter/generated/macro/election/seoul_mayor_polymarket_vs_margin.svg,charts/seoul_mayor_polymarket_vs_margin.py,matched bubble_chart|\.scatter\(,svg,3598461,d117e16f974a129ab06d5bac91ab02d4174183ae6cf928a343ed445c2f1bd302
line,outputs/charts/macro/equities/kospi_composite_index.png,outputs/charts/by-type/line/generated/macro/equities/kospi_composite_index.png,charts/kospi_composite_index.py,script uses plot,png,113355,d257607ddebf0a95be13223a72171f8dff375184a1b1d7ceb4d3d07f4dc19eec
line,outputs/charts/macro/equities/kospi_composite_index.svg,outputs/charts/by-type/line/generated/macro/equities/kospi_composite_index.svg,charts/kospi_composite_index.py,script uses plot,svg,237539,9aea2ce69acc16db42dc683d245b90409733dc2d6339f6c14760847ca623b00f
bar,outputs/charts/macro/exchanges/jp_exchanges_crypto_assets.png,outputs/charts/by-type/bar/generated/macro/exchanges/jp_exchanges_crypto_assets.png,charts/jp_exchanges_crypto_assets.py,script uses bar/barh,png,68501,40083f672e11247d2aa8ef27554399a3c7d405c0c342d2c8ce08042cdf522cab
bar,outputs/charts/macro/exchanges/jp_exchanges_crypto_assets.svg,outputs/charts/by-type/bar/generated/macro/exchanges/jp_exchanges_crypto_assets.svg,charts/jp_exchanges_crypto_assets.py,script uses bar/barh,svg,62886,aeb96823e1b7df0022252d4eaac2cc692bb535c12f5f6ee6259d8631eaaf123c
stacked,outputs/charts/macro/gacha/gacha_spending_weekly.png,outputs/charts/by-type/stacked/generated/macro/gacha/gacha_spending_weekly.png,charts/gacha_spending_weekly.py,script uses stacked bars,png,44992,e7fd7ee23107e8090e884d2aaccd60e7918e11fe49cf161571f23c879bd756d3
stacked,outputs/charts/macro/gacha/gacha_spending_weekly.svg,outputs/charts/by-type/stacked/generated/macro/gacha/gacha_spending_weekly.svg,charts/gacha_spending_weekly.py,script uses stacked bars,svg,124914,00ad8df6e6a632047b25b53fbb0e38c31cf12939bd87305e3fa6d4e20cb7e090
scatter,outputs/charts/macro/shareholders/jp_sub_unit_shareholders.png,outputs/charts/by-type/scatter/generated/macro/shareholders/jp_sub_unit_shareholders.png,charts/jp_sub_unit_shareholders.py,matched bubble_chart|\.scatter\(,png,68131,205ad2cf9eb1039bbb175b4ac55357616d016176d7bc7932b999f0f04f1a32d8
scatter,outputs/charts/macro/shareholders/jp_sub_unit_shareholders.svg,outputs/charts/by-type/scatter/generated/macro/shareholders/jp_sub_unit_shareholders.svg,charts/jp_sub_unit_shareholders.py,matched bubble_chart|\.scatter\(,svg,30558,e412581604471137fcc3980915bfa0bedcd99e2ba526c36635e9d8d684ff2c18
other,outputs/charts/macro/tcg/tcg_market_size.png,outputs/charts/by-type/other/generated/macro/tcg/tcg_market_size.png,charts/tcg_market_size.py,no reliable type signal,png,48665,c615d4eaaeeceb979dad7335dead86c93157342c90171fb1f0c3522f97e0e03b
other,outputs/charts/macro/tcg/tcg_market_size.svg,outputs/charts/by-type/other/generated/macro/tcg/tcg_market_size.svg,charts/tcg_market_size.py,no reliable type signal,svg,34598,2144d3a5e44f161a90904309666a9063a01958fb04dc7666ebaac0bce9df5d72
bar,outputs/charts/macro/users/japan_crypto_users.png,outputs/charts/by-type/bar/generated/macro/users/japan_crypto_users.png,charts/japan_crypto_users.py,script uses bar/barh,png,23993,24337f013481dac30151496152818585c11f31a22258de8edaa3b6c562e686e3
bar,outputs/charts/macro/users/japan_crypto_users.svg,outputs/charts/by-type/bar/generated/macro/users/japan_crypto_users.svg,charts/japan_crypto_users.py,script uses bar/barh,svg,15679,c7a59383aa114acbac32d4d0d10854218358eb9826fa8b7c6bafccec7d2d49d4
scatter,outputs/charts/macro/volume/japan_crypto_trading_volume_fy.png,outputs/charts/by-type/scatter/generated/macro/volume/japan_crypto_trading_volume_fy.png,charts/japan_crypto_trading_volume_fy.py,matched bubble_chart|\.scatter\(,png,35123,10cab9ae2560ea4b3d1b2ce81aa67113fa3d2cb0caced3f1375fc8e8720ec493
scatter,outputs/charts/macro/volume/japan_crypto_trading_volume_fy.svg,outputs/charts/by-type/scatter/generated/macro/volume/japan_crypto_trading_volume_fy.svg,charts/japan_crypto_trading_volume_fy.py,matched bubble_chart|\.scatter\(,svg,11449,c071de717a33f118b82c6ceb5dbad6c81efd2d745d8388cffe255821049ccb4f
area,outputs/charts/magma/tvl/magma_tvl_sq.png,outputs/charts/by-type/area/generated/magma/tvl/magma_tvl_sq.png,charts/kintsu_magma_tvl_sq.py,script uses fill_between,png,64657,d6fa46342e2787646e2240283a160bf9608f83765632c3ca40893b25a8e73819
area,outputs/charts/magma/tvl/magma_tvl_sq.svg,outputs/charts/by-type/area/generated/magma/tvl/magma_tvl_sq.svg,charts/kintsu_magma_tvl_sq.py,script uses fill_between,svg,38350,edc29f3fd15bc467e47bbb7e9af84a3409df703005e9ad8cfec84a326eb3d787
other,outputs/charts/mantle/exchange/bybit_mantle_wallets_by_asset.png,outputs/charts/by-type/other/generated/mantle/exchange/bybit_mantle_wallets_by_asset.png,charts/bybit_mantle_wallets_by_asset.py,no reliable type signal,png,173236,5e65eccc44c7ceace1cd3148a42ce1f160e764cc4ebd67a6e0fd5a505160bf64
other,outputs/charts/mantle/exchange/bybit_mantle_wallets_by_asset.svg,outputs/charts/by-type/other/generated/mantle/exchange/bybit_mantle_wallets_by_asset.svg,charts/bybit_mantle_wallets_by_asset.py,no reliable type signal,svg,248411,f08c7ece98cfb934864ef617a6a7afe20342e6c2583ceacffc35a935fe6bad35
bar,outputs/charts/mantle/rwa/mantle_tokenized_equities_by_ticker.png,outputs/charts/by-type/bar/generated/mantle/rwa/mantle_tokenized_equities_by_ticker.png,charts/mantle_tokenized_equities_by_ticker.py,script uses bar/barh,png,130085,a420e1916b5f28763737134e87270e0e2515ed57ed4855a868d1670128a49573
bar,outputs/charts/mantle/rwa/mantle_tokenized_equities_by_ticker.svg,outputs/charts/by-type/bar/generated/mantle/rwa/mantle_tokenized_equities_by_ticker.svg,charts/mantle_tokenized_equities_by_ticker.py,script uses bar/barh,svg,62671,19d759c18b36622a5b150b52fd5496ba7335d9d301bae8b46884f2591fc8ea3f
table-scorecard,outputs/charts/mantle/stablecoin/mantle_stablecoin_supply_by_asset.png,outputs/charts/by-type/table-scorecard/generated/mantle/stablecoin/mantle_stablecoin_supply_by_asset.png,charts/mantle_stablecoin_supply_by_asset.py,filename matched table|scorecard|ranking,png,152230,9c6249a00fae624129f411d09579cee472b1e7ac4f2dd9f9686231ecfcdd607c
table-scorecard,outputs/charts/mantle/stablecoin/mantle_stablecoin_supply_by_asset.svg,outputs/charts/by-type/table-scorecard/generated/mantle/stablecoin/mantle_stablecoin_supply_by_asset.svg,charts/mantle_stablecoin_supply_by_asset.py,filename matched table|scorecard|ranking,svg,446003,bbdea0e27156e480a4d0406ba56dcc183d9e1ddd6dc2840ec41074a233de84e9
scatter,outputs/charts/market/structure/onchain_barbell_yoy.png,outputs/charts/by-type/scatter/generated/market/structure/onchain_barbell_yoy.png,charts/onchain_barbell_yoy.py,matched bubble_chart|\.scatter\(,png,232560,4ab1433684151aa9a2b6396558697aed2d19df788e42fbb08ad6222af616dce0
scatter,outputs/charts/market/structure/onchain_barbell_yoy.svg,outputs/charts/by-type/scatter/generated/market/structure/onchain_barbell_yoy.svg,charts/onchain_barbell_yoy.py,matched bubble_chart|\.scatter\(,svg,93664,18f6f8f03cd4f9863b28b0ec3e559404471f3e09c2049b2306d9bfa2f4f705d4
scatter,outputs/charts/market/structure/onchain_barbell_yoy_20260819.png,outputs/charts/by-type/scatter/generated/market/structure/onchain_barbell_yoy_20260819.png,charts/onchain_barbell_yoy_20260819.py,matched bubble_chart|\.scatter\(,png,231214,380f7307c09c00dd8b843a07db92a2e6696529896c9ff0de02f63d51d1f9faff
scatter,outputs/charts/market/structure/onchain_barbell_yoy_20260819.svg,outputs/charts/by-type/scatter/generated/market/structure/onchain_barbell_yoy_20260819.svg,charts/onchain_barbell_yoy_20260819.py,matched bubble_chart|\.scatter\(,svg,93557,748ab96ebc132aff9755c660153df1b7c4784f404075ae637b5913e94856fe17
scatter,outputs/charts/market/structure/onchain_barbell_yoy_v2.png,outputs/charts/by-type/scatter/generated/market/structure/onchain_barbell_yoy_v2.png,charts/onchain_barbell_yoy.py,matched bubble_chart|\.scatter\(,png,138561,ac21d1aef24761a0cc0da064b59f1a3fe7df98a818bd2d05c3929a59a8710876
scatter,outputs/charts/market/structure/onchain_barbell_yoy_v2.svg,outputs/charts/by-type/scatter/generated/market/structure/onchain_barbell_yoy_v2.svg,charts/onchain_barbell_yoy.py,matched bubble_chart|\.scatter\(,svg,74775,3fbc7ab44494a0757c4e49a187be273182f78bea71ed08c788a13fb888b09b15
line,outputs/charts/monad/dex/kuru_daily_volume_sq.png,outputs/charts/by-type/line/generated/monad/dex/kuru_daily_volume_sq.png,charts/kuru_daily_volume.py,filename matched trend|price|tvl|volume|revenue|growth|supply|fees|ratio|rate|daily|weekly|monthly,png,39528,649acb75deff57e200bd4eb9dda600b7c01ab547cc46d8636ba29140e48c8116
line,outputs/charts/monad/dex/kuru_daily_volume_sq.svg,outputs/charts/by-type/line/generated/monad/dex/kuru_daily_volume_sq.svg,charts/kuru_daily_volume.py,filename matched trend|price|tvl|volume|revenue|growth|supply|fees|ratio|rate|daily|weekly|monthly,svg,65921,4c007079b5e7970f6a47dd73e41db7630ebc5efbbcca3047e1a66bfd6ea765a4
line,outputs/charts/monad/dex/monad_dex_daily_volume_sq.png,outputs/charts/by-type/line/generated/monad/dex/monad_dex_daily_volume_sq.png,charts/monad_kuru_daily_volume_sq.py,filename matched trend|price|tvl|volume|revenue|growth|supply|fees|ratio|rate|daily|weekly|monthly,png,39760,c8908f8929ffa4bdb7c886e8fdc5c5ea49594ad1a1e621dfe1e2d503606899ec
line,outputs/charts/monad/dex/monad_dex_daily_volume_sq.svg,outputs/charts/by-type/line/generated/monad/dex/monad_dex_daily_volume_sq.svg,charts/monad_kuru_daily_volume_sq.py,filename matched trend|price|tvl|volume|revenue|growth|supply|fees|ratio|rate|daily|weekly|monthly,svg,65913,1c033f2f54c786bfa2f3019420dcee85d128fac711609bbeb2802b60f64f129b
scatter,outputs/charts/monad/dex/monad_kuru_flip_glow.png,outputs/charts/by-type/scatter/generated/monad/dex/monad_kuru_flip_glow.png,charts/monad_kuru_flip_glow.py,matched bubble_chart|\.scatter\(,png,339788,5129e6b900d339f82f7d82de740d137f25e5033223d6f4a92e40ef84ef61670b
scatter,outputs/charts/monad/dex/monad_kuru_flip_glow.svg,outputs/charts/by-type/scatter/generated/monad/dex/monad_kuru_flip_glow.svg,charts/monad_kuru_flip_glow.py,matched bubble_chart|\.scatter\(,svg,1312494,ec8ac01c3a7ed8062da573e9c972ba983c67756e57b6d83382d082d020b3be59
scatter,outputs/charts/monad/dex/monad_kuru_hero_area.png,outputs/charts/by-type/scatter/generated/monad/dex/monad_kuru_hero_area.png,charts/monad_kuru_hero_area.py,matched bubble_chart|\.scatter\(,png,125693,3fff4a56a12d9cfec1227bc27bb40294beef64c073e45db002b12f00f29ac16d
scatter,outputs/charts/monad/dex/monad_kuru_hero_area.svg,outputs/charts/by-type/scatter/generated/monad/dex/monad_kuru_hero_area.svg,charts/monad_kuru_hero_area.py,matched bubble_chart|\.scatter\(,svg,55806,17d3fbe73a6dd63fd64d4be6c9050f2dd70fc111d5b7fd345424c4c25f653ab2
bar,outputs/charts/monad/tvl/monad_top10_protocols_tvl.png,outputs/charts/by-type/bar/generated/monad/tvl/monad_top10_protocols_tvl.png,charts/monad_top10_protocols_tvl.py,script uses bar/barh,png,77313,9f2fc1746bbb99eb8cef1da3c93cac9c320db7c7c131f5dcfa89bcfe8f9c43ac
bar,outputs/charts/monad/tvl/monad_top10_protocols_tvl.svg,outputs/charts/by-type/bar/generated/monad/tvl/monad_top10_protocols_tvl.svg,charts/monad_top10_protocols_tvl.py,script uses bar/barh,svg,41485,88b3c622c223b1dca5c652f86846c7fe2b1a4d6d8b119c678a53bf325d32374a
area,outputs/charts/mudigital/tvl/mudigital_tvl_trend.png,outputs/charts/by-type/area/generated/mudigital/tvl/mudigital_tvl_trend.png,charts/mudigital_tvl_trend.py,script uses fill_between,png,45901,b2df0b0a0c9ecdb308fa01f63a4831a9699623a8febfc69d65b41f795ea76fbc
area,outputs/charts/mudigital/tvl/mudigital_tvl_trend.svg,outputs/charts/by-type/area/generated/mudigital/tvl/mudigital_tvl_trend.svg,charts/mudigital_tvl_trend.py,script uses fill_between,svg,32136,3c4604e475cec2d2b306d78939b74ebd236414b10109016eb98efda88657cba5
line,outputs/charts/nadfun/fees/nadfun_daily_fees_sq.png,outputs/charts/by-type/line/generated/nadfun/fees/nadfun_daily_fees_sq.png,charts/nadfun_daily_volume_fees_sq.py,filename matched trend|price|tvl|volume|revenue|growth|supply|fees|ratio|rate|daily|weekly|monthly,png,41835,45cc2c9ac4207354b0b52ea5080fb0b5d48edc58a9c4042363618d7eb084280a
line,outputs/charts/nadfun/fees/nadfun_daily_fees_sq.svg,outputs/charts/by-type/line/generated/nadfun/fees/nadfun_daily_fees_sq.svg,charts/nadfun_daily_volume_fees_sq.py,filename matched trend|price|tvl|volume|revenue|growth|supply|fees|ratio|rate|daily|weekly|monthly,svg,64589,5b61e3d36bea3c98991aa27dc59382a4e25141edb8fe7ba8e6f382a6c97397b6
line,outputs/charts/nadfun/volume/nadfun_daily_volume_sq.png,outputs/charts/by-type/line/generated/nadfun/volume/nadfun_daily_volume_sq.png,charts/nadfun_daily_volume_fees_sq.py,filename matched trend|price|tvl|volume|revenue|growth|supply|fees|ratio|rate|daily|weekly|monthly,png,37770,14149b5d51dff5c1c973c1c03d5ee43fde303f4fa564ad6b234f3d08994f46aa
line,outputs/charts/nadfun/volume/nadfun_daily_volume_sq.svg,outputs/charts/by-type/line/generated/nadfun/volume/nadfun_daily_volume_sq.svg,charts/nadfun_daily_volume_fees_sq.py,filename matched trend|price|tvl|volume|revenue|growth|supply|fees|ratio|rate|daily|weekly|monthly,svg,62929,2142d27d4d361a906e680e83a6703c0c8eab74447a01df71a16b501d3f09a4cd
area,outputs/charts/neverland/borrows/neverland_borrows_tall.png,outputs/charts/by-type/area/generated/neverland/borrows/neverland_borrows_tall.png,charts/neverland_tvl_borrows_fees_tall.py,script uses fill_between,png,51575,5e723f67db17f6992229dc0f594d9d508fe03ce35ba825a5ac9c65782ee92985
area,outputs/charts/neverland/borrows/neverland_borrows_tall.svg,outputs/charts/by-type/area/generated/neverland/borrows/neverland_borrows_tall.svg,charts/neverland_tvl_borrows_fees_tall.py,script uses fill_between,svg,40283,29502c322e1428ca2dcc29203271aac99aa8e07c7213ae9a40b1662164a00f1c
area,outputs/charts/neverland/fees/neverland_daily_fees_tall.png,outputs/charts/by-type/area/generated/neverland/fees/neverland_daily_fees_tall.png,charts/neverland_tvl_borrows_fees_tall.py,script uses fill_between,png,37778,e0e13065eb564dccdbb4ccde5c514b5f40ccdfddab11e0b4c615029d7829ef49
area,outputs/charts/neverland/fees/neverland_daily_fees_tall.svg,outputs/charts/by-type/area/generated/neverland/fees/neverland_daily_fees_tall.svg,charts/neverland_tvl_borrows_fees_tall.py,script uses fill_between,svg,63725,4dc44bc77082732d2de57e8992ad73c88ee9d41f135c5ffeb6bbb509a7263e5a
area,outputs/charts/neverland/tvl/neverland_tvl_tall.png,outputs/charts/by-type/area/generated/neverland/tvl/neverland_tvl_tall.png,charts/neverland_tvl_borrows_fees_tall.py,script uses fill_between,png,55691,20ea14ae6f956df0a797051645cc28655748805582cb64dbafe4d881722f681f
area,outputs/charts/neverland/tvl/neverland_tvl_tall.svg,outputs/charts/by-type/area/generated/neverland/tvl/neverland_tvl_tall.svg,charts/neverland_tvl_borrows_fees_tall.py,script uses fill_between,svg,40996,4e16c308158d44c2ff7037809b6848715c24ea80d8e3bede3fc5c1db2ccd9095
stacked,outputs/charts/nexpace/metrics/nxpc_cumulative_wallet_growth.png,outputs/charts/by-type/stacked/generated/nexpace/metrics/nxpc_cumulative_wallet_growth.png,charts/nxpc_cumulative_wallet_growth.py,script uses a stacked area,png,47339,bdab9e48018c5449df778c77d1f1dfba4b25c7f94ca29829eb119c395a5dccf8
stacked,outputs/charts/nexpace/metrics/nxpc_cumulative_wallet_growth.svg,outputs/charts/by-type/stacked/generated/nexpace/metrics/nxpc_cumulative_wallet_growth.svg,charts/nxpc_cumulative_wallet_growth.py,script uses a stacked area,svg,19998,1a4fff9aa9868490a052874ae9e9f0c50e5c9ac632bfdd3cfa748630731dd32b
combo,outputs/charts/nexpace/metrics/nxpc_levels_net_sink.png,outputs/charts/by-type/combo/generated/nexpace/metrics/nxpc_levels_net_sink.png,charts/nxpc_levels_net_sink.py,script uses multiple plotting primitives,png,100531,a89b13bf7886f6d03d946f9a7fc9b32a6ff39d8c17f4162390946b3e09947ba6
combo,outputs/charts/nexpace/metrics/nxpc_levels_net_sink.svg,outputs/charts/by-type/combo/generated/nexpace/metrics/nxpc_levels_net_sink.svg,charts/nxpc_levels_net_sink.py,script uses multiple plotting primitives,svg,36940,02e97239e104fb056f6eef261f0d37a2964be3b4d6ee514b5b029c726484dadb
pie-donut,outputs/charts/nexpace/revenue/nxpc_fee_breakdown_year1.png,outputs/charts/by-type/pie-donut/generated/nexpace/revenue/nxpc_fee_breakdown_year1.png,charts/nxpc_fee_breakdown_year1_donut.py,matched donut|pie_chart|\.pie\(,png,76492,259c00d0aadd016e0c56aa62af6e6993c1cb35810d37077cce30418db44d2076
pie-donut,outputs/charts/nexpace/revenue/nxpc_fee_breakdown_year1.svg,outputs/charts/by-type/pie-donut/generated/nexpace/revenue/nxpc_fee_breakdown_year1.svg,charts/nxpc_fee_breakdown_year1_donut.py,matched donut|pie_chart|\.pie\(,svg,17175,61b703079694bfdc32d03477b9074b162d0d9136d2d88f8e075265bbef35397c
stacked,outputs/charts/nexpace/revenue/nxpc_fee_breakdown_year1_ondark.png,outputs/charts/by-type/stacked/generated/nexpace/revenue/nxpc_fee_breakdown_year1_ondark.png,,filename matched stacked|composition|breakdown|share,png,86261,0c9e4ddbd65b43b8f2af3d5f755e72c8869427259ae3c5ff79005f9af5a06f46
pie-donut,outputs/charts/nexpace/token/nxpc_remaining_allocation.png,outputs/charts/by-type/pie-donut/generated/nexpace/token/nxpc_remaining_allocation.png,charts/nxpc_remaining_allocation_donut.py,matched donut|pie_chart|\.pie\(,png,78449,65b45a9245e5f38513886e6cd90c1a0af668cf8049fca8ac9d5a078652af0336
pie-donut,outputs/charts/nexpace/token/nxpc_remaining_allocation.svg,outputs/charts/by-type/pie-donut/generated/nexpace/token/nxpc_remaining_allocation.svg,charts/nxpc_remaining_allocation_donut.py,matched donut|pie_chart|\.pie\(,svg,18657,74138adb1881c04354181b16d18531c26cb63167ad0020404c00211ef7a08134
other,outputs/charts/nexpace/token/nxpc_remaining_allocation_ondark.png,outputs/charts/by-type/other/generated/nexpace/token/nxpc_remaining_allocation_ondark.png,,no reliable type signal,png,63215,e2eabcb8109d15ad14699bb3f8c2220e22b9e94f149261bc31347fadca5837b9
scatter,outputs/charts/ondo/perps/ondo_perps_open_interest.png,outputs/charts/by-type/scatter/generated/ondo/perps/ondo_perps_open_interest.png,charts/ondo_perps_open_interest.py,matched bubble_chart|\.scatter\(,png,64214,bedcaec94c2d9d2d092fe3af9249f1b4c7fca892282f9466aac31b5504e138ac
scatter,outputs/charts/ondo/perps/ondo_perps_open_interest.svg,outputs/charts/by-type/scatter/generated/ondo/perps/ondo_perps_open_interest.svg,charts/ondo_perps_open_interest.py,matched bubble_chart|\.scatter\(,svg,35342,88e1924dc0ed5cd28b147d222c4bdf83cafb28e88d8b7c4afc2fc3039f863724
stacked,outputs/charts/ondo/perps/perp_oi_by_venue.png,outputs/charts/by-type/stacked/generated/ondo/perps/perp_oi_by_venue.png,charts/perp_oi_by_venue.py,script uses stacked bars,png,47980,b1bb0efeb6818b56fcbe3cf81fff340e48a2c9a7a5e77c4b7823855a6df4f884
stacked,outputs/charts/ondo/perps/perp_oi_by_venue.svg,outputs/charts/by-type/stacked/generated/ondo/perps/perp_oi_by_venue.svg,charts/perp_oi_by_venue.py,script uses stacked bars,svg,6517,9eadd1a7f80a83522c9140d800ef612ae078b18fe60910245693cc1949b9e9b9
line,outputs/charts/ondo/rwa/ondo_distributed_asset_composition.png,outputs/charts/by-type/line/generated/ondo/rwa/ondo_distributed_asset_composition.png,charts/ondo_distributed_asset_composition.py,script uses plot,png,76098,af918b9400e94eafb182a1c6dcb213966da06af6dab997f223f6a805427d211f
line,outputs/charts/ondo/rwa/ondo_distributed_asset_composition.svg,outputs/charts/by-type/line/generated/ondo/rwa/ondo_distributed_asset_composition.svg,charts/ondo_distributed_asset_composition.py,script uses plot,svg,644002,c3aec91d8d02da7af21dd551e6b6eea5207ba914a998c7b6179bb4c7b2f319bd
area,outputs/charts/onre/market_cap/onre_market_cap_monthly.png,outputs/charts/by-type/area/generated/onre/market_cap/onre_market_cap_monthly.png,charts/onre_market_cap_monthly.py,script uses fill_between,png,59749,8e365855854f08d01467aba3be820184c57db2ffcebc1661c3d9d7162654cf2d
area,outputs/charts/onre/market_cap/onre_market_cap_monthly.svg,outputs/charts/by-type/area/generated/onre/market_cap/onre_market_cap_monthly.svg,charts/onre_market_cap_monthly.py,script uses fill_between,svg,20905,78fe76080d26e19c55c3c664e5af3f467b257d78e4415862cdeaf27e37a2c9a8
bar,outputs/charts/opensea/volume/opensea_monthly_volume.png,outputs/charts/by-type/bar/generated/opensea/volume/opensea_monthly_volume.png,charts/opensea_monthly_volume.py,script uses bar/barh,png,28327,db24d374f91a7df1faf45e5406a05054af623b7da60fafda682c4c5d93020adc
bar,outputs/charts/opensea/volume/opensea_monthly_volume.svg,outputs/charts/by-type/bar/generated/opensea/volume/opensea_monthly_volume.svg,charts/opensea_monthly_volume.py,script uses bar/barh,svg,30538,6ec6613fd064c4e463d60e56e6fdfbcf8ae4fb0e5bb16d6ef67daa7b3bc80f3c
heatmap,outputs/charts/payment/volume/paymentscan_volume_by_project.png,outputs/charts/by-type/heatmap/generated/payment/volume/paymentscan_volume_by_project.png,charts/paymentscan_volume_by_project.py,matched heatmap|pcolormesh|\.imshow\(,png,150304,fbbf1c69e95a1e43ecffb44809e51d6ac63a764227c4e75030ddf2a6490f7ac6
heatmap,outputs/charts/payment/volume/paymentscan_volume_by_project.svg,outputs/charts/by-type/heatmap/generated/payment/volume/paymentscan_volume_by_project.svg,charts/paymentscan_volume_by_project.py,matched heatmap|pcolormesh|\.imshow\(,svg,163380,af8f7e5a4c85bbe843cce1c6ae4f5221a623c02a946f1a9b3bc78f0325447745
area,outputs/charts/perpl/tvl/perpl_tvl_trend.png,outputs/charts/by-type/area/generated/perpl/tvl/perpl_tvl_trend.png,charts/perpl_tvl_trend.py,script uses fill_between,png,56903,8a43799db45d654cfc8f2c163cc87b026d8b965957b6e834c05df7e554904db4
area,outputs/charts/perpl/tvl/perpl_tvl_trend.svg,outputs/charts/by-type/area/generated/perpl/tvl/perpl_tvl_trend.svg,charts/perpl_tvl_trend.py,script uses fill_between,svg,35270,dc932b93f82272a48605737dd09348134c0e590996645abdb7ee015246fb427e
line,outputs/charts/perps/funding/preipo_funding_anthropic.png,outputs/charts/by-type/line/generated/perps/funding/preipo_funding_anthropic.png,charts/preipo_perp_funding.py,script uses plot,png,46391,bf44677fa6a99b1361ef31f4aa0742229ee41bb521783fee51701563487a5cba
line,outputs/charts/perps/funding/preipo_funding_anthropic.svg,outputs/charts/by-type/line/generated/perps/funding/preipo_funding_anthropic.svg,charts/preipo_perp_funding.py,script uses plot,svg,29881,eb49fa56244b9c645c74d71496e9024ed6913b672644c8697ae202e02030c965
line,outputs/charts/perps/funding/preipo_funding_openai.png,outputs/charts/by-type/line/generated/perps/funding/preipo_funding_openai.png,charts/preipo_perp_funding.py,script uses plot,png,45965,8a927ab24a72810a75fa31c783d67ba44e4a8667883b142a11921dbdbe6a4ef7
line,outputs/charts/perps/funding/preipo_funding_openai.svg,outputs/charts/by-type/line/generated/perps/funding/preipo_funding_openai.svg,charts/preipo_perp_funding.py,script uses plot,svg,29190,2881e5d1b7751d067211aeb16339eee1e1c042381b24faa445a2b4b433c18101
line,outputs/charts/perps/funding/preipo_funding_spacex.png,outputs/charts/by-type/line/generated/perps/funding/preipo_funding_spacex.png,charts/preipo_perp_funding.py,script uses plot,png,75435,69951f3597368bc66e8e5d4a11555bae6f92d532d3737a3ec093c57db0b24e40
line,outputs/charts/perps/funding/preipo_funding_spacex.svg,outputs/charts/by-type/line/generated/perps/funding/preipo_funding_spacex.svg,charts/preipo_perp_funding.py,script uses plot,svg,33679,ff471fd1f5b9c9f950e8962a519f5d04f727bbcf7ce14604afe1a7f08c808f0a
line,outputs/charts/perps/funding/spcx_perp_funding.png,outputs/charts/by-type/line/generated/perps/funding/spcx_perp_funding.png,charts/spcx_perp_funding.py,script uses plot,png,69770,b340fda20a61ced77674f8fc0f6ef720d21cf572ef0e1eb20fa0eb948042640c
line,outputs/charts/perps/funding/spcx_perp_funding.svg,outputs/charts/by-type/line/generated/perps/funding/spcx_perp_funding.svg,charts/spcx_perp_funding.py,script uses plot,svg,30870,16fb8922c018e0a38de0639daf300d8a66796c117af226c568db9e7e413c82a0
line,outputs/charts/perps/funding/spcx_perp_funding_daily.png,outputs/charts/by-type/line/generated/perps/funding/spcx_perp_funding_daily.png,charts/spcx_perp_funding.py,script uses plot,png,64332,2d978838ad290c91d25aac42a719a3fba04e9c80f1bf25b14d903dc2329f90cf
line,outputs/charts/perps/funding/spcx_perp_funding_daily.svg,outputs/charts/by-type/line/generated/perps/funding/spcx_perp_funding_daily.svg,charts/spcx_perp_funding.py,script uses plot,svg,29675,7b05d2e296a4f8e05e8ca451b17bcedc7d426fa200b498cf5e7032d141ecfdd3
line,outputs/charts/perps/funding/spcx_perp_funding_reference.png,outputs/charts/by-type/line/generated/perps/funding/spcx_perp_funding_reference.png,charts/spcx_perp_funding.py,script uses plot,png,67735,a081739f2bc5585262049ecee3c0c1b33fac407ef68e8f1a7c7d56b6d92dab98
line,outputs/charts/perps/funding/spcx_perp_funding_reference.svg,outputs/charts/by-type/line/generated/perps/funding/spcx_perp_funding_reference.svg,charts/spcx_perp_funding.py,script uses plot,svg,29001,1736e7cc4ccf6b7cc1d0eaa65cf1138c9437e7ab0a79e6500503fc0e2e02de50
scatter,outputs/charts/perps/volume/equity_vs_alt_perp_volume_binance.png,outputs/charts/by-type/scatter/generated/perps/volume/equity_vs_alt_perp_volume_binance.png,charts/equity_vs_alt_perp_volume.py,matched bubble_chart|\.scatter\(,png,88779,a7f77f6f3a555d21078533e4520faa21a19c93ab003006240900423c6496da51
scatter,outputs/charts/perps/volume/equity_vs_alt_perp_volume_binance.svg,outputs/charts/by-type/scatter/generated/perps/volume/equity_vs_alt_perp_volume_binance.svg,charts/equity_vs_alt_perp_volume.py,matched bubble_chart|\.scatter\(,svg,37891,b885bbcdfeeb36be991582dc7a991cfd9000e0a14ce64e6baadc22a321db6ca0
scatter,outputs/charts/perps/volume/equity_vs_alt_perp_volume_binance_indexed.png,outputs/charts/by-type/scatter/generated/perps/volume/equity_vs_alt_perp_volume_binance_indexed.png,charts/equity_vs_alt_perp_volume.py,matched bubble_chart|\.scatter\(,png,81091,ace04d0cb0f18836ee5b62f8bdec65989a62556c8d7cfae76c47280bd57b8db6
scatter,outputs/charts/perps/volume/equity_vs_alt_perp_volume_binance_indexed.svg,outputs/charts/by-type/scatter/generated/perps/volume/equity_vs_alt_perp_volume_binance_indexed.svg,charts/equity_vs_alt_perp_volume.py,matched bubble_chart|\.scatter\(,svg,33233,bba033a77941eb7639b73300384727ed77b5a94ab0f34d70a03b8b1ad625b5ad
scatter,outputs/charts/perps/volume/equity_vs_alt_perp_volume_hlalt_binaneq.png,outputs/charts/by-type/scatter/generated/perps/volume/equity_vs_alt_perp_volume_hlalt_binaneq.png,charts/equity_vs_alt_perp_volume.py,matched bubble_chart|\.scatter\(,png,84105,f1b06b57748095c447e5f965cb9e0896a7406de2f0874d6fb5c8184df27a1b0f
scatter,outputs/charts/perps/volume/equity_vs_alt_perp_volume_hlalt_binaneq.svg,outputs/charts/by-type/scatter/generated/perps/volume/equity_vs_alt_perp_volume_hlalt_binaneq.svg,charts/equity_vs_alt_perp_volume.py,matched bubble_chart|\.scatter\(,svg,38375,81c9f24fd202f27aba439f1f7a92a4cef6c3a0efdceb76b043b3ddcf93e08236
scatter,outputs/charts/perps/volume/equity_vs_alt_perp_volume_hlalt_binaneq_indexed.png,outputs/charts/by-type/scatter/generated/perps/volume/equity_vs_alt_perp_volume_hlalt_binaneq_indexed.png,charts/equity_vs_alt_perp_volume.py,matched bubble_chart|\.scatter\(,png,83019,b6e148565370d8416f3d4d240ef1b48068e6057c088fb2623ad448412b297bbb
scatter,outputs/charts/perps/volume/equity_vs_alt_perp_volume_hlalt_binaneq_indexed.svg,outputs/charts/by-type/scatter/generated/perps/volume/equity_vs_alt_perp_volume_hlalt_binaneq_indexed.svg,charts/equity_vs_alt_perp_volume.py,matched bubble_chart|\.scatter\(,svg,32409,87540b5b56813c038aad1e7f204f80d45a2117279592fe8066d11e22824f457f
scatter,outputs/charts/perps/volume/equity_vs_alt_perp_volume_hyperliquid.png,outputs/charts/by-type/scatter/generated/perps/volume/equity_vs_alt_perp_volume_hyperliquid.png,charts/equity_vs_alt_perp_volume.py,matched bubble_chart|\.scatter\(,png,92080,e3cab6378ef384bcfb5fc83e8eaffdc9b67660b765a4f549b0ae4b562cbd18a4
scatter,outputs/charts/perps/volume/equity_vs_alt_perp_volume_hyperliquid.svg,outputs/charts/by-type/scatter/generated/perps/volume/equity_vs_alt_perp_volume_hyperliquid.svg,charts/equity_vs_alt_perp_volume.py,matched bubble_chart|\.scatter\(,svg,39955,9d3da2146a494033568b490d30b58325b6be50fc99190ad276e7cf58b5b65454
scatter,outputs/charts/perps/volume/equity_vs_alt_perp_volume_hyperliquid_indexed.png,outputs/charts/by-type/scatter/generated/perps/volume/equity_vs_alt_perp_volume_hyperliquid_indexed.png,charts/equity_vs_alt_perp_volume.py,matched bubble_chart|\.scatter\(,png,87025,bf3df162c7f04ffff547fe36e0efa4b3cf650f5c7c9bd8970a4ffab343a82f30
scatter,outputs/charts/perps/volume/equity_vs_alt_perp_volume_hyperliquid_indexed.svg,outputs/charts/by-type/scatter/generated/perps/volume/equity_vs_alt_perp_volume_hyperliquid_indexed.svg,charts/equity_vs_alt_perp_volume.py,matched bubble_chart|\.scatter\(,svg,38019,3806307819b66813f03e93eb89eb8e0a21ffca721fa25da73881402181868a77
scatter,outputs/charts/perps/volume/equity_vs_alt_perp_volume_traced.png,outputs/charts/by-type/scatter/generated/perps/volume/equity_vs_alt_perp_volume_traced.png,charts/equity_vs_alt_perp_volume_traced.py,matched bubble_chart|\.scatter\(,png,91574,2c254db6aecdc41344a8d60adb3c905fd26390cad7606be1326f2464e2672429
scatter,outputs/charts/perps/volume/equity_vs_alt_perp_volume_traced.svg,outputs/charts/by-type/scatter/generated/perps/volume/equity_vs_alt_perp_volume_traced.svg,charts/equity_vs_alt_perp_volume_traced.py,matched bubble_chart|\.scatter\(,svg,37024,657cbed30784e2a7dc23c102951cdb6966a5a0393051303962dff7c4c6fd765a
scatter,outputs/charts/perps/volume/equity_vs_alt_perp_volume_traced_indexed.png,outputs/charts/by-type/scatter/generated/perps/volume/equity_vs_alt_perp_volume_traced_indexed.png,charts/equity_vs_alt_perp_volume.py,matched bubble_chart|\.scatter\(,png,83238,77713a8b2d327d0d9d8c469f1627e449678af396c1dd73644eece6f1d14560b5
scatter,outputs/charts/perps/volume/equity_vs_alt_perp_volume_traced_indexed.svg,outputs/charts/by-type/scatter/generated/perps/volume/equity_vs_alt_perp_volume_traced_indexed.svg,charts/equity_vs_alt_perp_volume.py,matched bubble_chart|\.scatter\(,svg,32707,d8e6a6e01d81d6b84eb7a545dd7208167905a0c8bb6f8ff3f0395573e0ee20b3
pie-donut,outputs/charts/platform/asset_class/asset_class_q1_2026_donut_chart.png,outputs/charts/by-type/pie-donut/generated/platform/asset_class/asset_class_q1_2026_donut_chart.png,charts/asset_class_q1_2026_donut_chart.py,matched donut|pie_chart|\.pie\(,png,71376,07834206e848b64856a7832cd328c64e54c2e9a2d8bb48d77011697d748d4624
pie-donut,outputs/charts/platform/asset_class/asset_class_q1_2026_donut_chart.svg,outputs/charts/by-type/pie-donut/generated/platform/asset_class/asset_class_q1_2026_donut_chart.svg,charts/asset_class_q1_2026_donut_chart.py,matched donut|pie_chart|\.pie\(,svg,23443,270dcd510d4163b98e1e45ffdd3fddd11eda2161823851239daabc44f5da6f4d
scatter,outputs/charts/platform/crypto_cards/crypto_card_volumes_users_wide.png,outputs/charts/by-type/scatter/generated/platform/crypto_cards/crypto_card_volumes_users_wide.png,charts/crypto_card_volumes_users.py,matched bubble_chart|\.scatter\(,png,63068,fbd1aca7df00721d1eccef28f3c33922875533d4ad61407b1e7831735598b0b1
scatter,outputs/charts/platform/crypto_cards/crypto_card_volumes_users_wide.svg,outputs/charts/by-type/scatter/generated/platform/crypto_cards/crypto_card_volumes_users_wide.svg,charts/crypto_card_volumes_users.py,matched bubble_chart|\.scatter\(,svg,78766,ad1e005b708d9a46f6211b33a81c3868b0e23c1a83f7752067b41ead5e831a4f
combo,outputs/charts/platform/m2m/m2m_x402_mpp_buyers_transactions_wide.png,outputs/charts/by-type/combo/generated/platform/m2m/m2m_x402_mpp_buyers_transactions_wide.png,charts/m2m_x402_mpp_buyers_transactions.py,script uses multiple plotting primitives,png,61492,fe265e3bd09e82d01d878ed4f508789e4b0acaa02cffa8c7995cc64dd4f4257b
combo,outputs/charts/platform/m2m/m2m_x402_mpp_buyers_transactions_wide.svg,outputs/charts/by-type/combo/generated/platform/m2m/m2m_x402_mpp_buyers_transactions_wide.svg,charts/m2m_x402_mpp_buyers_transactions.py,script uses multiple plotting primitives,svg,42167,db5c2ab1d697af24797a3f40f444cb43c21a10256f911efc39544c32f580c411
heatmap,outputs/charts/platform/m2m/x402_buyers_transactions_daily_wide.png,outputs/charts/by-type/heatmap/generated/platform/m2m/x402_buyers_transactions_daily_wide.png,charts/x402_buyers_transactions_weekly.py,matched heatmap|pcolormesh|\.imshow\(,png,190762,975d722f838eda52dc45856c59b1e7dc1bbe0e1ffd1d08da1af956d532ef2123
heatmap,outputs/charts/platform/m2m/x402_buyers_transactions_daily_wide.svg,outputs/charts/by-type/heatmap/generated/platform/m2m/x402_buyers_transactions_daily_wide.svg,charts/x402_buyers_transactions_weekly.py,matched heatmap|pcolormesh|\.imshow\(,svg,199032,a623aab6145fc5770db0aabef97f8d6a60efdbbb561d002bf2b8fcc0b27f120f
heatmap,outputs/charts/platform/m2m/x402_buyers_transactions_weekly_wide.png,outputs/charts/by-type/heatmap/generated/platform/m2m/x402_buyers_transactions_weekly_wide.png,charts/x402_buyers_transactions_weekly.py,matched heatmap|pcolormesh|\.imshow\(,png,96040,820eef309f90afe934ae7d4ff7738592769456fbd1c33dab90aa8be018f265e8
heatmap,outputs/charts/platform/m2m/x402_buyers_transactions_weekly_wide.svg,outputs/charts/by-type/heatmap/generated/platform/m2m/x402_buyers_transactions_weekly_wide.svg,charts/x402_buyers_transactions_weekly.py,matched heatmap|pcolormesh|\.imshow\(,svg,63162,e57afd808fdf5fd98eaa5912c57e00ebd80a998a643cf60405c6a352fc56ea9a
heatmap,outputs/charts/platform/m2m/x402_weekly_cumulative_buyers_transactions 1.svg,outputs/charts/by-type/heatmap/generated/platform/m2m/x402_weekly_cumulative_buyers_transactions 1.svg,charts/x402_weekly_cumulative_buyers_transactions.py,matched heatmap|pcolormesh|\.imshow\(,svg,79119,3e43115677b75993616ebe24abf3290653048de4b413cacb213f9e7c34e81741
heatmap,outputs/charts/platform/m2m/x402_weekly_cumulative_buyers_transactions.png,outputs/charts/by-type/heatmap/generated/platform/m2m/x402_weekly_cumulative_buyers_transactions.png,charts/x402_weekly_cumulative_buyers_transactions.py,matched heatmap|pcolormesh|\.imshow\(,png,127018,db9e81b0a442776b4d10569e93609af775694a38de1f26d51ae8bd96f7a0af92
heatmap,outputs/charts/platform/m2m/x402_weekly_cumulative_buyers_transactions.svg,outputs/charts/by-type/heatmap/generated/platform/m2m/x402_weekly_cumulative_buyers_transactions.svg,charts/x402_weekly_cumulative_buyers_transactions.py,matched heatmap|pcolormesh|\.imshow\(,svg,120663,cf5faeec093ec769aaab6cde8cc15deb3219844743de6b90b9eaa1190c0724e6
bar,outputs/charts/platform/regulation/fiat_ramp_licensed_platforms.png,outputs/charts/by-type/bar/generated/platform/regulation/fiat_ramp_licensed_platforms.png,charts/fiat_ramp_licensed_platforms.py,script uses bar/barh,png,23644,62b576da68a109551e78295ae7dd42ce5233bcae0f31c9faa609ed166c602ee8
bar,outputs/charts/platform/regulation/fiat_ramp_licensed_platforms.svg,outputs/charts/by-type/bar/generated/platform/regulation/fiat_ramp_licensed_platforms.svg,charts/fiat_ramp_licensed_platforms.py,script uses bar/barh,svg,23578,e529207f9ae5a82cd3448336a9b98d16dd749c59c5db0931b6127371fbd5fa04
pie-donut,outputs/charts/prediction-markets/volume/kalshi_volume_by_sector.png,outputs/charts/by-type/pie-donut/generated/prediction-markets/volume/kalshi_volume_by_sector.png,charts/prediction_market_volume_by_sector.py,matched donut|pie_chart|\.pie\(,png,44674,be83f2ab63c55a85f176083653b01b2c52cd70b46a52dde84e2191ee10ba7f90
pie-donut,outputs/charts/prediction-markets/volume/kalshi_volume_by_sector.svg,outputs/charts/by-type/pie-donut/generated/prediction-markets/volume/kalshi_volume_by_sector.svg,charts/prediction_market_volume_by_sector.py,matched donut|pie_chart|\.pie\(,svg,54914,3068010ae41017832890c235f427f6a380592d032ba24555c49bdfc42ca5c078
pie-donut,outputs/charts/prediction-markets/volume/polymarket_volume_by_sector.png,outputs/charts/by-type/pie-donut/generated/prediction-markets/volume/polymarket_volume_by_sector.png,charts/prediction_market_volume_by_sector.py,matched donut|pie_chart|\.pie\(,png,45999,5ec3a2a280cac5b572ee68ae34a90a9b95cae72b3dbf04abee4b920d6f4e9cc4
pie-donut,outputs/charts/prediction-markets/volume/polymarket_volume_by_sector.svg,outputs/charts/by-type/pie-donut/generated/prediction-markets/volume/polymarket_volume_by_sector.svg,charts/prediction_market_volume_by_sector.py,matched donut|pie_chart|\.pie\(,svg,53352,d68975fcb338a238cf4e1c3dba9535b91f60429a95cf30e51a066322f33c64db
line,outputs/charts/prediction-markets/volume/prediction_market_monthly_volume.png,outputs/charts/by-type/line/generated/prediction-markets/volume/prediction_market_monthly_volume.png,charts/prediction_market_monthly_volume.py,filename matched trend|price|tvl|volume|revenue|growth|supply|fees|ratio|rate|daily|weekly|monthly,png,39146,6f1364d955abd76bbdfb5dd8960d8f05a15b7f0ff7ffc201b53e36e6e3b008ad
line,outputs/charts/prediction-markets/volume/prediction_market_monthly_volume.svg,outputs/charts/by-type/line/generated/prediction-markets/volume/prediction_market_monthly_volume.svg,charts/prediction_market_monthly_volume.py,filename matched trend|price|tvl|volume|revenue|growth|supply|fees|ratio|rate|daily|weekly|monthly,svg,84156,1dc9b9380e9d76cf941c8c480076b37c1507135f848720775983eb4b5eba9927
pie-donut,outputs/charts/prediction-markets/volume/prediction_market_volume_by_sector.png,outputs/charts/by-type/pie-donut/generated/prediction-markets/volume/prediction_market_volume_by_sector.png,charts/prediction_market_volume_by_sector.py,matched donut|pie_chart|\.pie\(,png,47722,413d9bc979444c7aa0166a2b7899cb0085f30d6aa92962c0b9449f17ad649b91
pie-donut,outputs/charts/prediction-markets/volume/prediction_market_volume_by_sector.svg,outputs/charts/by-type/pie-donut/generated/prediction-markets/volume/prediction_market_volume_by_sector.svg,charts/prediction_market_volume_by_sector.py,matched donut|pie_chart|\.pie\(,svg,54779,078d8c117077010b94adc39a97b4e4b90cc32153669fd2c7eb8c84f41004985d
stacked,outputs/charts/pump/token/pump_buyback_burn_daily.png,outputs/charts/by-type/stacked/generated/pump/token/pump_buyback_burn_daily.png,charts/pump_buyback_burn_daily.py,script uses stacked bars,png,70366,6cc62397ab6a350729ed6478e1664564e72173714df3a2f993389b58ef7fe8bf
stacked,outputs/charts/pump/token/pump_buyback_burn_daily.svg,outputs/charts/by-type/stacked/generated/pump/token/pump_buyback_burn_daily.svg,charts/pump_buyback_burn_daily.py,script uses stacked bars,svg,1294669,ad1629520d1041d0e324ca8bc3008855d3f29483aa419f27ed97d5b8c874b7a3
line,outputs/charts/pump/token/pump_insider_selling_daily.png,outputs/charts/by-type/line/generated/pump/token/pump_insider_selling_daily.png,charts/pump_insider_selling_daily.py,filename matched trend|price|tvl|volume|revenue|growth|supply|fees|ratio|rate|daily|weekly|monthly,png,24775,798f0a59f73a42e98044d9f60cb453805d107d2033f375cabecb8bf683015c26
line,outputs/charts/pump/token/pump_insider_selling_daily.svg,outputs/charts/by-type/line/generated/pump/token/pump_insider_selling_daily.svg,charts/pump_insider_selling_daily.py,filename matched trend|price|tvl|volume|revenue|growth|supply|fees|ratio|rate|daily|weekly|monthly,svg,28765,8e3a05928add4ae9eb7d820f31a07fe74e6700f8ff2afc2bf2b474b1c04d624d
line,outputs/charts/pump/token/pump_price_vs_buyback.png,outputs/charts/by-type/line/generated/pump/token/pump_price_vs_buyback.png,charts/pump_price_vs_buyback.py,script uses plot,png,94568,3d4b7d296ac81c8c80adbe630f2bcc4749fc0287e40b9c74bd5d231b1461a64c
line,outputs/charts/pump/token/pump_price_vs_buyback.svg,outputs/charts/by-type/line/generated/pump/token/pump_price_vs_buyback.svg,charts/pump_price_vs_buyback.py,script uses plot,svg,41728,2f63d9725adcab1351090095b397c872b8d5011576e8a96201b79db6a9e84b6a
line,outputs/charts/pumpfun/fees/pumpfun_vs_challengers_daily_fees.png,outputs/charts/by-type/line/generated/pumpfun/fees/pumpfun_vs_challengers_daily_fees.png,charts/pumpfun_vs_challengers_daily_fees.py,script uses plot,png,51898,098467cef26421980c6a73d989292e2892498c0f8357d1e097e18ddc2bc4c9cc
line,outputs/charts/pumpfun/fees/pumpfun_vs_challengers_daily_fees.svg,outputs/charts/by-type/line/generated/pumpfun/fees/pumpfun_vs_challengers_daily_fees.svg,charts/pumpfun_vs_challengers_daily_fees.py,script uses plot,svg,20721,24e3dd5d0fb34692ce5e9aaa9e5440f6bc7d14372a774e4c1241ccd4171e31c3
heatmap,outputs/charts/pumpfun/revenue/pumpfun_daily_revenue.png,outputs/charts/by-type/heatmap/generated/pumpfun/revenue/pumpfun_daily_revenue.png,charts/pumpfun_daily_revenue.py,matched heatmap|pcolormesh|\.imshow\(,png,43567,cd570dee08245927d4c5d2384d4814feb1b93587334eded688ef00f2a0eb4146
heatmap,outputs/charts/pumpfun/revenue/pumpfun_daily_revenue.svg,outputs/charts/by-type/heatmap/generated/pumpfun/revenue/pumpfun_daily_revenue.svg,charts/pumpfun_daily_revenue.py,matched heatmap|pcolormesh|\.imshow\(,svg,63051,09bba5795e49f96da0248b1070445b24f61f7c9c183a8b7de4cb00587a15037e
other,outputs/charts/pumpfun/rewards/pumpfun_creator_rewards_tiers.png,outputs/charts/by-type/other/generated/pumpfun/rewards/pumpfun_creator_rewards_tiers.png,charts/pumpfun_creator_rewards_tiers.py,no reliable type signal,png,58036,370050d4935071019fb93457d78c67e11133ba18ba3bef1f32793a6f2bb4493b
other,outputs/charts/pumpfun/rewards/pumpfun_creator_rewards_tiers.svg,outputs/charts/by-type/other/generated/pumpfun/rewards/pumpfun_creator_rewards_tiers.svg,charts/pumpfun_creator_rewards_tiers.py,no reliable type signal,svg,38832,39e0becf4a69b588c784bcb0888bb5f25b89d6a3e7556a1f5de0e36ed1d09ec9
line,outputs/charts/robinhood/revenue/robinhood_chain_fee_revenue.png,outputs/charts/by-type/line/generated/robinhood/revenue/robinhood_chain_fee_revenue.png,charts/robinhood_chain_fee_revenue.py,filename matched trend|price|tvl|volume|revenue|growth|supply|fees|ratio|rate|daily|weekly|monthly,png,43976,cc3ebd60404bcb0634a9e8aeb2877f86260b48b6375b49d0bc099aadafddf819
line,outputs/charts/robinhood/revenue/robinhood_chain_fee_revenue.svg,outputs/charts/by-type/line/generated/robinhood/revenue/robinhood_chain_fee_revenue.svg,charts/robinhood_chain_fee_revenue.py,filename matched trend|price|tvl|volume|revenue|growth|supply|fees|ratio|rate|daily|weekly|monthly,svg,45792,f16ba1248fa7bb107a0c9d32275a72fae148ab4cba4a071bbf6c96b6b1a83ea7
stacked,outputs/charts/robinhood/volume/robinhood_spot_volume_by_pair_category.png,outputs/charts/by-type/stacked/generated/robinhood/volume/robinhood_spot_volume_by_pair_category.png,charts/robinhood_spot_volume_by_pair_category.py,script uses stacked bars,png,31926,a9a491f552d6e342dc29134c659c1f99d101233855479f328d1e5f72785b6d75
stacked,outputs/charts/robinhood/volume/robinhood_spot_volume_by_pair_category.svg,outputs/charts/by-type/stacked/generated/robinhood/volume/robinhood_spot_volume_by_pair_category.svg,charts/robinhood_spot_volume_by_pair_category.py,script uses stacked bars,svg,40766,2d8735831d79c60b3f34d1e92089f3e274dd90c6b37c8d3fa40e9074a15e68af
area,outputs/charts/rwa/asset_classes/tokenized_stocks_treasuries_total_value.png,outputs/charts/by-type/area/generated/rwa/asset_classes/tokenized_stocks_treasuries_total_value.png,charts/tokenized_stocks_treasuries_total_value.py,script uses fill_between,png,96077,ab71b3a7f9e56547061e169607ac696f99c65d1262e840b687b1b2b2e3571be7
area,outputs/charts/rwa/asset_classes/tokenized_stocks_treasuries_total_value.svg,outputs/charts/by-type/area/generated/rwa/asset_classes/tokenized_stocks_treasuries_total_value.svg,charts/tokenized_stocks_treasuries_total_value.py,script uses fill_between,svg,93521,c1009a793a08c73dd5c56ca1278ab5e091e75f41908b79fde8743e99f6cc7683
line,outputs/charts/rwa/asset_classes/tokenized_stocks_treasuries_total_value_line.png,outputs/charts/by-type/line/generated/rwa/asset_classes/tokenized_stocks_treasuries_total_value_line.png,charts/tokenized_stocks_treasuries_total_value_line.py,script uses plot,png,85634,289e9d2d6c99a9b522d6713ce9a902990e4aeb384c9d473cfcadd7bbf79c6fd4
line,outputs/charts/rwa/asset_classes/tokenized_stocks_treasuries_total_value_line.svg,outputs/charts/by-type/line/generated/rwa/asset_classes/tokenized_stocks_treasuries_total_value_line.svg,charts/tokenized_stocks_treasuries_total_value_line.py,script uses plot,svg,38340,d647019dc0ac0b2bfcf0978523f0430c41bdfa8be13d2bc82a29ae5384d80c13
heatmap,outputs/charts/rwa/gold/paxg_xaut_defi_supply_share.png,outputs/charts/by-type/heatmap/generated/rwa/gold/paxg_xaut_defi_supply_share.png,charts/paxg_xaut_defi_supply_share.py,matched heatmap|pcolormesh|\.imshow\(,png,131019,b060267ba1783f8cec0c9eda14d34f0d14f838fedcce62925efb1a7e6f5ebd71
heatmap,outputs/charts/rwa/gold/paxg_xaut_defi_supply_share.svg,outputs/charts/by-type/heatmap/generated/rwa/gold/paxg_xaut_defi_supply_share.svg,charts/paxg_xaut_defi_supply_share.py,matched heatmap|pcolormesh|\.imshow\(,svg,268891,38488d2d29c72d504eacec662abaae95a1ad4c2dca6a2f2b0ab69f24912e1077
combo,outputs/charts/rwa/launches/rwa_asset_launches_by_year.png,outputs/charts/by-type/combo/generated/rwa/launches/rwa_asset_launches_by_year.png,charts/rwa_asset_launches_by_year.py,script uses multiple plotting primitives,png,57497,535d9669f92b27c6ea7d18c4ccbc97b242101fd133f7b3bc05bb9e2f968b75c5
combo,outputs/charts/rwa/launches/rwa_asset_launches_by_year.svg,outputs/charts/by-type/combo/generated/rwa/launches/rwa_asset_launches_by_year.svg,charts/rwa_asset_launches_by_year.py,script uses multiple plotting primitives,svg,52133,cb8ad3042dd956cb520d740599bf5ac8f36045e5b8ead0809dfbf2aa8efaf4cb
stacked,outputs/charts/rwa/market/rwa_tokenized_market_stacked.png,outputs/charts/by-type/stacked/generated/rwa/market/rwa_tokenized_market_stacked.png,charts/rwa_tokenized_market_stacked.py,script uses a stacked area,png,32657,89f7a59e44235c0a169554edd94b2142ec88202af8fe3bf74cb0385e321680e4
stacked,outputs/charts/rwa/market/rwa_tokenized_market_stacked.svg,outputs/charts/by-type/stacked/generated/rwa/market/rwa_tokenized_market_stacked.svg,charts/rwa_tokenized_market_stacked.py,script uses a stacked area,svg,571913,994951132b1e0de2d963b00477e1b094ad20e77cce7d27feb98e5c1d777fad37
stacked,outputs/charts/rwa/market/rwa_tokenized_market_stacked_tall.png,outputs/charts/by-type/stacked/generated/rwa/market/rwa_tokenized_market_stacked_tall.png,charts/rwa_tokenized_market_stacked.py,script uses a stacked area,png,57511,5cb8da26560d82492c5aa5236f9223a73e883cd4b6bd3bcc219e6c87c18d4ee4
stacked,outputs/charts/rwa/market/rwa_tokenized_market_stacked_tall.svg,outputs/charts/by-type/stacked/generated/rwa/market/rwa_tokenized_market_stacked_tall.svg,charts/rwa_tokenized_market_stacked.py,script uses a stacked area,svg,586669,592fdd507882ee80f5516cc396f00e77c72523f68de2e43b62ae1dd5ad62cd8e
stacked,outputs/charts/rwa/market/rwa_us_treasury_vs_others.png,outputs/charts/by-type/stacked/generated/rwa/market/rwa_us_treasury_vs_others.png,charts/rwa_us_treasury_vs_others.py,script uses a stacked area,png,75827,c06c4d7514ef5d8897a57df09826968bcc009c5dca537ff45187dd31bc2a6fe4
stacked,outputs/charts/rwa/market/rwa_us_treasury_vs_others.svg,outputs/charts/by-type/stacked/generated/rwa/market/rwa_us_treasury_vs_others.svg,charts/rwa_us_treasury_vs_others.py,script uses a stacked area,svg,131277,97a594febef620dd5b657c204a2f6b53dca6db145c4e86391fb4979dc01e0e68
line,outputs/charts/rwa/market/safe_vs_speculative_dual.png,outputs/charts/by-type/line/generated/rwa/market/safe_vs_speculative_dual.png,charts/safe_vs_speculative_crypto.py,script uses plot,png,90050,dc38c7329f8e33f3144c343fa2a73a02ce62b89f1091fd615f6fc75baf57dccb
line,outputs/charts/rwa/market/safe_vs_speculative_dual.svg,outputs/charts/by-type/line/generated/rwa/market/safe_vs_speculative_dual.svg,charts/safe_vs_speculative_crypto.py,script uses plot,svg,58617,927c6329df9a8c4c66ca3bd2b7a452ec9e09c632aba51a4b8a1ee06ca478b6f9
line,outputs/charts/rwa/market/safe_vs_speculative_indexed.png,outputs/charts/by-type/line/generated/rwa/market/safe_vs_speculative_indexed.png,charts/safe_vs_speculative_crypto.py,script uses plot,png,64783,091adc033a4f5d4b535d1b76a8e32a7632a1f7fede21cd394a7cfc5d57274b0b
line,outputs/charts/rwa/market/safe_vs_speculative_indexed.svg,outputs/charts/by-type/line/generated/rwa/market/safe_vs_speculative_indexed.svg,charts/safe_vs_speculative_crypto.py,script uses plot,svg,43820,c1024df910608c2df1872972612a70ae8607afbf6c87cbfdc772bf69195045ff
other,outputs/charts/rwa/market/sovereign_debt_combined.png,outputs/charts/by-type/other/generated/rwa/market/sovereign_debt_combined.png,charts/sovereign_debt_usd_vs_nonusd.py,no reliable type signal,png,28104,bc54ee705fbc9fa56be9ccdd46587a25db64b4aeea5e868a6aaf7abe6bf3525a
other,outputs/charts/rwa/market/sovereign_debt_combined.svg,outputs/charts/by-type/other/generated/rwa/market/sovereign_debt_combined.svg,charts/sovereign_debt_usd_vs_nonusd.py,no reliable type signal,svg,37018,d33f1764ecd2881dacc23a4b34cb7258543e16913c73d21e3c776e0154af7844
other,outputs/charts/rwa/market/sovereign_debt_onchain.png,outputs/charts/by-type/other/generated/rwa/market/sovereign_debt_onchain.png,,no reliable type signal,png,23747,0c7856129e7657e86dc9b7a8a2e59e874002600676f0cfc108de26b8634c15bd
other,outputs/charts/rwa/market/sovereign_debt_onchain.svg,outputs/charts/by-type/other/generated/rwa/market/sovereign_debt_onchain.svg,,no reliable type signal,svg,24131,23cef6f0ce5bc29898ff644a4801834eda7d0e86a3fb1f26af471e0bcc59e865
other,outputs/charts/rwa/market/sovereign_debt_real_world.png,outputs/charts/by-type/other/generated/rwa/market/sovereign_debt_real_world.png,,no reliable type signal,png,25031,31c6a72851d129b83b3e8f92eb4ce06bb2e4f0e5422d6d700b6e7b0b473d0ff6
other,outputs/charts/rwa/market/sovereign_debt_real_world.svg,outputs/charts/by-type/other/generated/rwa/market/sovereign_debt_real_world.svg,,no reliable type signal,svg,27689,f19c92a77b9ddd954d82e1da6ceaaa79b1d32ab80d2f798f62947ecd997c4dad
stacked,outputs/charts/rwa/market_cap/rwa_value_by_asset_class.png,outputs/charts/by-type/stacked/generated/rwa/market_cap/rwa_value_by_asset_class.png,charts/rwa_value_by_asset_class.py,script uses a stacked area,png,95454,cabf3d0397b450e6c9eb94e63ce42149d6d3725ba27df1292777c4b2c8441ce9
stacked,outputs/charts/rwa/market_cap/rwa_value_by_asset_class.svg,outputs/charts/by-type/stacked/generated/rwa/market_cap/rwa_value_by_asset_class.svg,charts/rwa_value_by_asset_class.py,script uses a stacked area,svg,340251,68915737e40f667882995f216cf397e2843686a464fd9b50f0eafc82a2227d59
other,outputs/charts/rwa/overview/total_rwa_value_by_asset_class_legend.svg,outputs/charts/by-type/other/generated/rwa/overview/total_rwa_value_by_asset_class_legend.svg,charts/rwa_total_value_by_asset_class.py,no reliable type signal,svg,3714,acfdb72fac4aaec934084ed2794fd0ad13596bd1fd358f6e3b4599f4cb42cafd
other,outputs/charts/rwa/overview/total_rwa_value_by_asset_class_wide.png,outputs/charts/by-type/other/generated/rwa/overview/total_rwa_value_by_asset_class_wide.png,charts/rwa_total_value_by_asset_class.py,no reliable type signal,png,120137,2b7604a95efb4e5afd338b402c0e32c51450732f23f0597dee797fad2c616645
other,outputs/charts/rwa/overview/total_rwa_value_by_asset_class_wide.svg,outputs/charts/by-type/other/generated/rwa/overview/total_rwa_value_by_asset_class_wide.svg,charts/rwa_total_value_by_asset_class.py,no reliable type signal,svg,919195,7b4693fb4503becc2df338b4112f8f5719a8873363db906e98a3aae795c16b7c
stacked,outputs/charts/rwa/perps/rwa_perp_volume_by_venue.png,outputs/charts/by-type/stacked/generated/rwa/perps/rwa_perp_volume_by_venue.png,charts/rwa_perp_volume_by_venue.py,script uses stacked bars,png,129401,891c436a2da6367e061c5109263b3f11a0c44c2dc89301211ec3dff238d96e10
stacked,outputs/charts/rwa/perps/rwa_perp_volume_by_venue.svg,outputs/charts/by-type/stacked/generated/rwa/perps/rwa_perp_volume_by_venue.svg,charts/rwa_perp_volume_by_venue.py,script uses stacked bars,svg,34502,c44f7163452dd7e7284260bbd0eed06839cf92cffb5bd59a568d0a28cd216345
pie-donut,outputs/charts/rwa/securitize/securitize_asset_class_donut.png,outputs/charts/by-type/pie-donut/generated/rwa/securitize/securitize_asset_class_donut.png,charts/securitize_asset_class_donut.py,matched donut|pie_chart|\.pie\(,png,32824,98ba130050d0c6d6233ba5481a009dd174adf36660eb8e2cfd5a7e9d59fc737a
pie-donut,outputs/charts/rwa/securitize/securitize_asset_class_donut.svg,outputs/charts/by-type/pie-donut/generated/rwa/securitize/securitize_asset_class_donut.svg,charts/securitize_asset_class_donut.py,matched donut|pie_chart|\.pie\(,svg,52372,de221be5ede1cf9d7014617ec027f34a722f13ec2eda714b70e6a6fa49dbba10
pie-donut,outputs/charts/rwa/securitize/securitize_asset_class_donut_value.png,outputs/charts/by-type/pie-donut/generated/rwa/securitize/securitize_asset_class_donut_value.png,charts/securitize_asset_class_donut_value.py,matched donut|pie_chart|\.pie\(,png,33286,3070001663eb0e6167b60f30af01768b74965ca7d6db8a7745d7d3d96691cbf6
pie-donut,outputs/charts/rwa/securitize/securitize_asset_class_donut_value.svg,outputs/charts/by-type/pie-donut/generated/rwa/securitize/securitize_asset_class_donut_value.svg,charts/securitize_asset_class_donut_value.py,matched donut|pie_chart|\.pie\(,svg,54306,4cf4712e90a5a452eae1b419d44bd1b88ffb841778ee4af9bd5340c0dda73e7e
heatmap,outputs/charts/rwa/securitize/securitize_buidl_concentration.png,outputs/charts/by-type/heatmap/generated/rwa/securitize/securitize_buidl_concentration.png,charts/securitize_buidl_concentration.py,matched heatmap|pcolormesh|\.imshow\(,png,63492,cc5874e4dcd26f71300aec08987ff3bc333468a6076b8905677e3bc79e61584d
heatmap,outputs/charts/rwa/securitize/securitize_buidl_concentration.svg,outputs/charts/by-type/heatmap/generated/rwa/securitize/securitize_buidl_concentration.svg,charts/securitize_buidl_concentration.py,matched heatmap|pcolormesh|\.imshow\(,svg,458759,2bdddafa1288a13b0981acd138fda031a0e92ddc61b4ea46522e2a20c291ce8b
stacked,outputs/charts/rwa/securitize/securitize_platform_value_history.png,outputs/charts/by-type/stacked/generated/rwa/securitize/securitize_platform_value_history.png,charts/securitize_platform_value_history.py,script uses a stacked area,png,31459,67d42706263538ede3a73d1bb1fa5ee4d72cdee3b28d5a2881d0779e70c6434c
stacked,outputs/charts/rwa/securitize/securitize_platform_value_history.svg,outputs/charts/by-type/stacked/generated/rwa/securitize/securitize_platform_value_history.svg,charts/securitize_platform_value_history.py,script uses a stacked area,svg,1117801,85ad42a053d614334c81e6a97219858311ccf0052a32213c96dcc355cef4ca14
stacked,outputs/charts/rwa/securitize/securitize_platform_value_history_full.png,outputs/charts/by-type/stacked/generated/rwa/securitize/securitize_platform_value_history_full.png,charts/securitize_platform_value_history.py,script uses a stacked area,png,35027,d2cc72e3ff766dc9ea283fccd311342f2d1fe4b5eb42d46866dd671b9dce74ce
stacked,outputs/charts/rwa/securitize/securitize_platform_value_history_full.svg,outputs/charts/by-type/stacked/generated/rwa/securitize/securitize_platform_value_history_full.svg,charts/securitize_platform_value_history.py,script uses a stacked area,svg,1117801,658bef740535929a3f96f010584be3fd0be87adf0da4e2e91d4836dd861d401d
pie-donut,outputs/charts/rwa/security_token/jp_st_issuance_share_by_asset.png,outputs/charts/by-type/pie-donut/generated/rwa/security_token/jp_st_issuance_share_by_asset.png,charts/jp_st_issuance_share_by_asset.py,matched donut|pie_chart|\.pie\(,png,46173,bee3647100cf453ee0e22ec0c66c379aa351a12cbcef810d6abbcc1812aacbf6
pie-donut,outputs/charts/rwa/security_token/jp_st_issuance_share_by_asset.svg,outputs/charts/by-type/pie-donut/generated/rwa/security_token/jp_st_issuance_share_by_asset.svg,charts/jp_st_issuance_share_by_asset.py,matched donut|pie_chart|\.pie\(,svg,6713,c687985ac98180cdad2a7468397b42cf4b7693f8cf2485c854b2d7150089131e
line,outputs/charts/rwa/stocks/tokenized_stock_platform_composition.png,outputs/charts/by-type/line/generated/rwa/stocks/tokenized_stock_platform_composition.png,charts/tokenized_stock_platform_composition.py,script uses plot,png,100195,ef2db8f4bb2c7faa29909fe7dd8a89e04042397f1c2abc5e6c3eda8a733bd4a3
line,outputs/charts/rwa/stocks/tokenized_stock_platform_composition.svg,outputs/charts/by-type/line/generated/rwa/stocks/tokenized_stock_platform_composition.svg,charts/tokenized_stock_platform_composition.py,script uses plot,svg,279636,595b578bd7b75509f6bf5c7b73d5abe82071dc88e6c91cbf83acaa75d8cdf1b0
bar,outputs/charts/rwa/stocks/tokenized_stock_platforms_value.png,outputs/charts/by-type/bar/generated/rwa/stocks/tokenized_stock_platforms_value.png,charts/tokenized_stock_platforms_value.py,script uses bar/barh,png,87408,ff9bbebb3ac9d25bca60c2f06dd4ceba4f591901c030fba209d53a514b90f3ae
bar,outputs/charts/rwa/stocks/tokenized_stock_platforms_value.svg,outputs/charts/by-type/bar/generated/rwa/stocks/tokenized_stock_platforms_value.svg,charts/tokenized_stock_platforms_value.py,script uses bar/barh,svg,21349,420bfe0240b30eb8c8360908f36c297e6c639b054aa281812912cbdd95b578ca
heatmap,outputs/charts/rwa/tokenized_equity/tokenized_equity_mcap_by_issuer.png,outputs/charts/by-type/heatmap/generated/rwa/tokenized_equity/tokenized_equity_mcap_by_issuer.png,charts/tokenized_equity_mcap_by_issuer.py,matched heatmap|pcolormesh|\.imshow\(,png,111389,077fac53f45631315e1c2d09ad5715abc5284b4ca1620fe1ec7db8d8deb0ec08
heatmap,outputs/charts/rwa/tokenized_equity/tokenized_equity_mcap_by_issuer.svg,outputs/charts/by-type/heatmap/generated/rwa/tokenized_equity/tokenized_equity_mcap_by_issuer.svg,charts/tokenized_equity_mcap_by_issuer.py,matched heatmap|pcolormesh|\.imshow\(,svg,57428,139dbd2b79c8ca4820c5156944e4678dd33faa9483148d57baf1e230a8fdad6f
heatmap,outputs/charts/rwa/tokenized_equity/tokenized_equity_mcap_by_issuer_softfloor.png,outputs/charts/by-type/heatmap/generated/rwa/tokenized_equity/tokenized_equity_mcap_by_issuer_softfloor.png,charts/tokenized_equity_mcap_by_issuer.py,matched heatmap|pcolormesh|\.imshow\(,png,112197,2d04e6bf862eecf87582e5c046d58b9e4d309462f8b39faf2468637cf13a8ee5
heatmap,outputs/charts/rwa/tokenized_equity/tokenized_equity_mcap_by_issuer_softfloor.svg,outputs/charts/by-type/heatmap/generated/rwa/tokenized_equity/tokenized_equity_mcap_by_issuer_softfloor.svg,charts/tokenized_equity_mcap_by_issuer.py,matched heatmap|pcolormesh|\.imshow\(,svg,58016,27bccc42ac067c41d7f043b7af11b18288a0f0d53bfa311c47755d9dcd7ad933
heatmap,outputs/charts/rwa/tokenized_equity/tokenized_equity_mcap_by_platform.png,outputs/charts/by-type/heatmap/generated/rwa/tokenized_equity/tokenized_equity_mcap_by_platform.png,charts/tokenized_equity_mcap_by_issuer.py,matched heatmap|pcolormesh|\.imshow\(,png,121449,7b25ceb7ff8aced8459c30d8ddd7ddce425cac85367e23411a740ff82b371020
heatmap,outputs/charts/rwa/tokenized_equity/tokenized_equity_mcap_by_platform.svg,outputs/charts/by-type/heatmap/generated/rwa/tokenized_equity/tokenized_equity_mcap_by_platform.svg,charts/tokenized_equity_mcap_by_issuer.py,matched heatmap|pcolormesh|\.imshow\(,svg,73052,19e4a284c852ef5c4a60cb714be51c0a14d9357728e3313bd6ed17da4be4bcd0
line,outputs/charts/rwa/treasury/tokenized_treasury_product_composition.png,outputs/charts/by-type/line/generated/rwa/treasury/tokenized_treasury_product_composition.png,charts/tokenized_treasury_product_composition.py,script uses plot,png,109514,709b38b8b7c85946421e5ed340be0627949eab539f5f671a299e9100f8ec1c6d
line,outputs/charts/rwa/treasury/tokenized_treasury_product_composition.svg,outputs/charts/by-type/line/generated/rwa/treasury/tokenized_treasury_product_composition.svg,charts/tokenized_treasury_product_composition.py,script uses plot,svg,785897,25920a6541d953c8888f9cdab323fdc9dedd20c75a81037d0f0c42f062678980
heatmap,outputs/charts/securitize/treasury/securitize_treasury_platforms_bar.png,outputs/charts/by-type/heatmap/generated/securitize/treasury/securitize_treasury_platforms_bar.png,charts/securitize_tokenized_treasury_platforms.py,matched heatmap|pcolormesh|\.imshow\(,png,13362,97f17f37ea303ec246ac520c08bc1b20946dfcc496e87e3ad96ba0918351cd41
heatmap,outputs/charts/securitize/treasury/securitize_treasury_platforms_bar.svg,outputs/charts/by-type/heatmap/generated/securitize/treasury/securitize_treasury_platforms_bar.svg,charts/securitize_tokenized_treasury_platforms.py,matched heatmap|pcolormesh|\.imshow\(,svg,34004,86bb8b5c1d3f3394df2bb692c7c42c4503b5d55c8aa0f9e68ac987595f6a2c8d
heatmap,outputs/charts/securitize/treasury/securitize_treasury_share_line.png,outputs/charts/by-type/heatmap/generated/securitize/treasury/securitize_treasury_share_line.png,charts/securitize_tokenized_treasury_platforms.py,matched heatmap|pcolormesh|\.imshow\(,png,15077,a623c755cfcea5e177f2a67d155156ed90f12d448761c30463e0fb7a818e8fe0
heatmap,outputs/charts/securitize/treasury/securitize_treasury_share_line.svg,outputs/charts/by-type/heatmap/generated/securitize/treasury/securitize_treasury_share_line.svg,charts/securitize_tokenized_treasury_platforms.py,matched heatmap|pcolormesh|\.imshow\(,svg,15310,438e67e966d7a2177513fd253fcb04648d4bf6d0a01f793a524c948d030ffcec
area,outputs/charts/shmonad/tvl/shmonad_tvl_trend.png,outputs/charts/by-type/area/generated/shmonad/tvl/shmonad_tvl_trend.png,charts/shmonad_tvl_trend.py,script uses fill_between,png,66135,6e6410c2e0c6718529cd3ceee078d79a1a072d8f62100890184120b0b8d3c0c3
area,outputs/charts/shmonad/tvl/shmonad_tvl_trend.svg,outputs/charts/by-type/area/generated/shmonad/tvl/shmonad_tvl_trend.svg,charts/shmonad_tvl_trend.py,script uses fill_between,svg,39661,f901ae7c4d3fa2d70ce2ff8afb970a5ef2778ae6933ac8310a84dba8453029c5
heatmap,outputs/charts/solana/deposits/depositors_vs_spend.png,outputs/charts/by-type/heatmap/generated/solana/deposits/depositors_vs_spend.png,charts/depositors_vs_spend.py,matched heatmap|pcolormesh|\.imshow\(,png,91750,1ed12ea6ede32270e8a484157db5d4e8752de19f98463dcd6efd5f18efa06cf4
heatmap,outputs/charts/solana/deposits/depositors_vs_spend.svg,outputs/charts/by-type/heatmap/generated/solana/deposits/depositors_vs_spend.svg,charts/depositors_vs_spend.py,matched heatmap|pcolormesh|\.imshow\(,svg,29283,9cdf2800e03f0811d30279f130364ea7b2e7ded15265f95c509fc89d31857276
line,outputs/charts/solana/performance/solana_cost_finality.png,outputs/charts/by-type/line/generated/solana/performance/solana_cost_finality.png,charts/solana_cost_finality.py,script uses plot,png,85934,3c4bb826b5462b612c57792bffef1f92f1e13bf36b162c1673c601a827025600
line,outputs/charts/solana/performance/solana_cost_finality.svg,outputs/charts/by-type/line/generated/solana/performance/solana_cost_finality.svg,charts/solana_cost_finality.py,script uses plot,svg,48485,7f2b1c83fb540c3808d8415490df6f2fd7c9930cafcceb4da1583316e66fc1c2
scatter,outputs/charts/solana/rwa/solana_asset_class_share_gap.png,outputs/charts/by-type/scatter/generated/solana/rwa/solana_asset_class_share_gap.png,charts/solana_asset_class_share_gap.py,matched bubble_chart|\.scatter\(,png,91122,f416313ca53e7c46668c5eb63ddd75079405d1cc6dd6902f16c4331e09b229a2
scatter,outputs/charts/solana/rwa/solana_asset_class_share_gap.svg,outputs/charts/by-type/scatter/generated/solana/rwa/solana_asset_class_share_gap.svg,charts/solana_asset_class_share_gap.py,matched bubble_chart|\.scatter\(,svg,47029,8a85a3b98ea5061134495d85cdd2cc76fbd544f2af9ea3c1f208c0c0c64a02cb
stacked,outputs/charts/solana/rwa/solana_rwa_share_metrics.png,outputs/charts/by-type/stacked/generated/solana/rwa/solana_rwa_share_metrics.png,charts/solana_rwa_share_metrics.py,filename matched stacked|composition|breakdown|share,png,50191,8637558c598abb2747e3849ff78408a80ff067dc334fa5749d645e59ef4ae829
stacked,outputs/charts/solana/rwa/solana_rwa_share_metrics.svg,outputs/charts/by-type/stacked/generated/solana/rwa/solana_rwa_share_metrics.svg,charts/solana_rwa_share_metrics.py,filename matched stacked|composition|breakdown|share,svg,31815,670f16fd00ba69b177298d1ce33375010090a95779189f1b449739521b81b163
heatmap,outputs/charts/solana/stablecoin/solana_stablecoin_supply_mix.png,outputs/charts/by-type/heatmap/generated/solana/stablecoin/solana_stablecoin_supply_mix.png,charts/solana_stablecoin_supply_mix.py,matched heatmap|pcolormesh|\.imshow\(,png,22061,6496eb05390f69bf820d6ce6d149d7616938abe4ae73666a67d96e59922fb80a
heatmap,outputs/charts/solana/stablecoin/solana_stablecoin_supply_mix.svg,outputs/charts/by-type/heatmap/generated/solana/stablecoin/solana_stablecoin_supply_mix.svg,charts/solana_stablecoin_supply_mix.py,matched heatmap|pcolormesh|\.imshow\(,svg,15672,6cce263a80e42d85a725ae5fdf92cd94d6fea05031407d863d89a9f8a825c14a
table-scorecard,outputs/charts/solana/stablecoin/solana_stablecoin_supply_quarterly.png,outputs/charts/by-type/table-scorecard/generated/solana/stablecoin/solana_stablecoin_supply_quarterly.png,charts/solana_stablecoin_supply_quarterly.py,filename matched table|scorecard|ranking,png,26324,b787e2d6675d215e07b73c9347552c6f3dfd941a86bd133c91fffb802801b938
table-scorecard,outputs/charts/solana/stablecoin/solana_stablecoin_supply_quarterly.svg,outputs/charts/by-type/table-scorecard/generated/solana/stablecoin/solana_stablecoin_supply_quarterly.svg,charts/solana_stablecoin_supply_quarterly.py,filename matched table|scorecard|ranking,svg,26726,2ce7063f7d15942b360f1e3699ac64f04f73820b0b212dacaa1105ea2c369caa
scatter,outputs/charts/stablecoin/payment/stablecoin_supply_vs_payment_volume_wide.png,outputs/charts/by-type/scatter/generated/stablecoin/payment/stablecoin_supply_vs_payment_volume_wide.png,charts/stablecoin_supply_vs_payment_volume.py,matched bubble_chart|\.scatter\(,png,87185,b9bfbe8a3f3c468b1987375d4eecea91e70960fafdb98e9ed52ca6ef838b90d8
scatter,outputs/charts/stablecoin/payment/stablecoin_supply_vs_payment_volume_wide.svg,outputs/charts/by-type/scatter/generated/stablecoin/payment/stablecoin_supply_vs_payment_volume_wide.svg,charts/stablecoin_supply_vs_payment_volume.py,matched bubble_chart|\.scatter\(,svg,97330,f305aed7f9fd2ebe139a527c7da773a84ee3a5bf93a3c4ad287f3ae7b823ab9a
heatmap,outputs/charts/stablecoin/regional_flows/domestic_share/stablecoin_domestic_share_by_country.png,outputs/charts/by-type/heatmap/generated/stablecoin/regional_flows/domestic_share/stablecoin_domestic_share_by_country.png,charts/stablecoin_domestic_share_by_country.py,matched heatmap|pcolormesh|\.imshow\(,png,130500,1b169db859a1e822cfc9c644075c1d9667f3e8076eadffc6733a48d95febabe3
heatmap,outputs/charts/stablecoin/regional_flows/domestic_share/stablecoin_domestic_share_by_country.svg,outputs/charts/by-type/heatmap/generated/stablecoin/regional_flows/domestic_share/stablecoin_domestic_share_by_country.svg,charts/stablecoin_domestic_share_by_country.py,matched heatmap|pcolormesh|\.imshow\(,svg,69205,87badc104b7a2885ad83a9ef03c39311f193435c870ff409bfc7ae80ad0f94f5
heatmap,outputs/charts/stablecoin/regional_flows/stablecoin_region_flows_heatmap.png,outputs/charts/by-type/heatmap/generated/stablecoin/regional_flows/stablecoin_region_flows_heatmap.png,charts/stablecoin_region_flows_heatmap.py,matched heatmap|pcolormesh|\.imshow\(,png,141742,9fca4487b595f45784577bc8558216d485733c43bf6618c599b3e78cf333a127
heatmap,outputs/charts/stablecoin/regional_flows/stablecoin_region_flows_heatmap.svg,outputs/charts/by-type/heatmap/generated/stablecoin/regional_flows/stablecoin_region_flows_heatmap.svg,charts/stablecoin_region_flows_heatmap.py,matched heatmap|pcolormesh|\.imshow\(,svg,58426,8e1bfc571c7dfe346da67341f8a1e9c9eb065eee9c041179b3e7f90b7536f8db
heatmap,outputs/charts/stablecoin/regional_flows/stablecoin_region_flows_legend.svg,outputs/charts/by-type/heatmap/generated/stablecoin/regional_flows/stablecoin_region_flows_legend.svg,charts/stablecoin_region_flows_legend.py,matched heatmap|pcolormesh|\.imshow\(,svg,17566,7285707c89b625c6e32a3f4f7d5efc870febfd713eb26ba4a95cebc797d5b150
heatmap,outputs/charts/stablecoin/regional_volume/stablecoin_volume_by_continent.png,outputs/charts/by-type/heatmap/generated/stablecoin/regional_volume/stablecoin_volume_by_continent.png,charts/stablecoin_volume_by_continent.py,matched heatmap|pcolormesh|\.imshow\(,png,65015,a6ba6114782bfdd0986a30ff2704e6868c4c384eead7fe503cda1f493ae78ddd
heatmap,outputs/charts/stablecoin/regional_volume/stablecoin_volume_by_continent.svg,outputs/charts/by-type/heatmap/generated/stablecoin/regional_volume/stablecoin_volume_by_continent.svg,charts/stablecoin_volume_by_continent.py,matched heatmap|pcolormesh|\.imshow\(,svg,43810,9ceff680518403d0ec6a41d087dc68ccd815cb628820ee32d75a3ee2e7abed0a
heatmap,outputs/charts/state_street/sweep/sweep_total_value.png,outputs/charts/by-type/heatmap/generated/state_street/sweep/sweep_total_value.png,charts/sweep_total_value.py,matched heatmap|pcolormesh|\.imshow\(,png,70354,0ebcab979e26f284f3fe9ced2b35f4a8f4d4b74b0b29430c1f7848918a3c88e1
heatmap,outputs/charts/state_street/sweep/sweep_total_value.svg,outputs/charts/by-type/heatmap/generated/state_street/sweep/sweep_total_value.svg,charts/sweep_total_value.py,matched heatmap|pcolormesh|\.imshow\(,svg,106070,3e88c0a2354d800430fb12fe746f0f3cba2838ea6df838429648f0213873c3df
heatmap,outputs/charts/strategy/strc/tvl_vs_strc_mcap.png,outputs/charts/by-type/heatmap/generated/strategy/strc/tvl_vs_strc_mcap.png,charts/tvl_vs_strc_mcap.py,matched heatmap|pcolormesh|\.imshow\(,png,164259,fddb188635a506abb8985e58aa08c962c34fbef3cb3a170c7c9d585e8480d285
heatmap,outputs/charts/strategy/strc/tvl_vs_strc_mcap.svg,outputs/charts/by-type/heatmap/generated/strategy/strc/tvl_vs_strc_mcap.svg,charts/tvl_vs_strc_mcap.py,matched heatmap|pcolormesh|\.imshow\(,svg,272121,db089201f52b8ecdf02aa225bfa8b671501ad2906f177a0aa43df1e88da42f58
scatter,outputs/charts/strategy/treasury/metaplanet_btc_acquisitions.png,outputs/charts/by-type/scatter/generated/strategy/treasury/metaplanet_btc_acquisitions.png,charts/metaplanet_btc_acquisitions.py,matched bubble_chart|\.scatter\(,png,150271,cb825fe9a082ba4cc84664bb69f0735dd90594ca88c5c68c6fe40b4df8fdbee1
scatter,outputs/charts/strategy/treasury/metaplanet_btc_acquisitions.svg,outputs/charts/by-type/scatter/generated/strategy/treasury/metaplanet_btc_acquisitions.svg,charts/metaplanet_btc_acquisitions.py,matched bubble_chart|\.scatter\(,svg,143142,c25af5e448209e9f046cf3a8d9ae7fde9ab20995e73fa0e2cecd30d2306af52b
line,outputs/charts/terra/stablecoin/ust_market_cap.png,outputs/charts/by-type/line/generated/terra/stablecoin/ust_market_cap.png,charts/cmc_ust_marketcap.py,script uses plot,png,46980,90c8dd1d1fc4d96fdddbb3f4842329dfe2d3c49c24a41c2f60ce4372db6f108d
line,outputs/charts/terra/stablecoin/ust_market_cap.svg,outputs/charts/by-type/line/generated/terra/stablecoin/ust_market_cap.svg,charts/cmc_ust_marketcap.py,script uses plot,svg,27664,4326f1be569a31529b821ec8ba60c8368167873d99f2b67749f93b718363f04e
combo,outputs/charts/tokenized-equities/amc/tokenized_amc_float_holders.png,outputs/charts/by-type/combo/generated/tokenized-equities/amc/tokenized_amc_float_holders.png,charts/tokenized_amc_float_holders.py,script uses multiple plotting primitives,png,31958,e31c30e05301a0864cd2a97a90ad19f0c4662181ebc6a4e59cabb981e45e368a
combo,outputs/charts/tokenized-equities/amc/tokenized_amc_float_holders.svg,outputs/charts/by-type/combo/generated/tokenized-equities/amc/tokenized_amc_float_holders.svg,charts/tokenized_amc_float_holders.py,script uses multiple plotting primitives,svg,23343,08e04ae21407ef7e0a93b180997b3b22b6002f7b1ff8d2f0fc014346d628332b
bar,outputs/charts/tokenized-equities/volume/tradfi_contract_volume_ranking.png,outputs/charts/by-type/bar/generated/tokenized-equities/volume/tradfi_contract_volume_ranking.png,charts/tradfi_contract_volume_ranking.py,script uses bar/barh,png,126704,83e310de9715c9ddf3e9a56fcf24d71884875a551c2fa29b39abb8c1446c3239
bar,outputs/charts/tokenized-equities/volume/tradfi_contract_volume_ranking.svg,outputs/charts/by-type/bar/generated/tokenized-equities/volume/tradfi_contract_volume_ranking.svg,charts/tradfi_contract_volume_ranking.py,script uses bar/barh,svg,25367,306af7a2c8214733a20d3f83dccf97a373740aa9b5e82e9dfe8b02d9347e517d
bar,outputs/charts/tokenized_equities/volume/solana_equity_token_volume_panels.png,outputs/charts/by-type/bar/generated/tokenized_equities/volume/solana_equity_token_volume_panels.png,charts/solana_equity_token_volume_panels.py,script uses bar/barh,png,71127,1985b1013ebfcea6e680aa74e874c3fc6f390f912075c6a871982fd3e9084ecf
bar,outputs/charts/tokenized_equities/volume/solana_equity_token_volume_panels.svg,outputs/charts/by-type/bar/generated/tokenized_equities/volume/solana_equity_token_volume_panels.svg,charts/solana_equity_token_volume_panels.py,script uses bar/barh,svg,49302,9d233fbb0ad85d57f1510663fc5fdfc35eb6a7a1d3d00083897094f6f32e7d05
heatmap,outputs/charts/tokenized_equities/volume/solana_tokenized_equity_session_share.png,outputs/charts/by-type/heatmap/generated/tokenized_equities/volume/solana_tokenized_equity_session_share.png,charts/solana_tokenized_equity_session_share.py,matched heatmap|pcolormesh|\.imshow\(,png,34681,7635d05afb0009283c4c1ad2671ab6a81c009b7aa15a06ba4f02912c4c67d53a
heatmap,outputs/charts/tokenized_equities/volume/solana_tokenized_equity_session_share.svg,outputs/charts/by-type/heatmap/generated/tokenized_equities/volume/solana_tokenized_equity_session_share.svg,charts/solana_tokenized_equity_session_share.py,matched heatmap|pcolormesh|\.imshow\(,svg,24221,4e0a65290cb06e07b1a8a7ab42782a8c6a358b60c35b9f1d42e61ec0a6c11ee8
area,outputs/charts/townsquare/borrows/townsquare_borrows_trend.png,outputs/charts/by-type/area/generated/townsquare/borrows/townsquare_borrows_trend.png,charts/townsquare_borrows_trend.py,script uses fill_between,png,56928,7708c6b489ee7a2ca24f136813ae5a5e156323454c6b1813eba7017487c9613d
area,outputs/charts/townsquare/borrows/townsquare_borrows_trend.svg,outputs/charts/by-type/area/generated/townsquare/borrows/townsquare_borrows_trend.svg,charts/townsquare_borrows_trend.py,script uses fill_between,svg,39598,d07136f703fd81b5c2416dceb6b20ff285c88b3dab23755ab078866fb45417b0
diagram,outputs/charts/tradexyz/ch4/_preview_e01.png,outputs/charts/by-type/diagram/generated/tradexyz/ch4/_preview_e01.png,charts/tradexyz_ch4_e01_lifecycle.py,matched lifecycle|funnel|flowchart|diagram|deployer_timeline,png,165784,9c15bc939b28aa183a8de6b236e5d332bf8871579405759b48839f56c950ee1d
table-scorecard,outputs/charts/tradexyz/ch4/_preview_e02_params_table.png,outputs/charts/by-type/table-scorecard/generated/tradexyz/ch4/_preview_e02_params_table.png,,filename matched table|scorecard|ranking,png,45961,e6bf1ccb4ff625ab495f65650b7ff62e0ac99e878c9149d6919a52922a9e7383
line,outputs/charts/tradexyz/ch4/_preview_e03a_cbrs_price.png,outputs/charts/by-type/line/generated/tradexyz/ch4/_preview_e03a_cbrs_price.png,,filename matched trend|price|tvl|volume|revenue|growth|supply|fees|ratio|rate|daily|weekly|monthly,png,105948,7aae52b9e5e657e8362750c28a60a7bce5b473b437b3c44420d587d5abb306cd
line,outputs/charts/tradexyz/ch4/_preview_e03b_cbrs_daily_notional.png,outputs/charts/by-type/line/generated/tradexyz/ch4/_preview_e03b_cbrs_daily_notional.png,,filename matched trend|price|tvl|volume|revenue|growth|supply|fees|ratio|rate|daily|weekly|monthly,png,33843,4b1c16fc5bc556fd890e474c6a33e42f1753be764578f5843812faa230d61e6a
scatter,outputs/charts/tradexyz/ch4/_preview_e04.png,outputs/charts/by-type/scatter/generated/tradexyz/ch4/_preview_e04.png,charts/tradexyz_ch4_e04_cbrs_cross_venue.py,matched bubble_chart|\.scatter\(,png,105329,19f6b787bdd75915c90bd9b83fb2a66b8e991d65dfc436e515b715796f67d02a
scatter,outputs/charts/tradexyz/ch4/_preview_e05.png,outputs/charts/by-type/scatter/generated/tradexyz/ch4/_preview_e05.png,charts/tradexyz_ch4_e05_cbrs_convergence.py,matched bubble_chart|\.scatter\(,png,164838,babfaaadb80cbf144daaefb849e9e1a91f8364711b54dd1c2e3bb5bd80dbb5f9
stacked,outputs/charts/tradexyz/ch4/_preview_e06.png,outputs/charts/by-type/stacked/generated/tradexyz/ch4/_preview_e06.png,charts/tradexyz_ch4_e06_spcx_venue_volume.py,script uses a stacked area,png,124917,5cad6062a67e4f06331130417b998565d613334dfcc92790b60d4bac02f5426d
diagram,outputs/charts/tradexyz/ch4/_preview_e07.png,outputs/charts/by-type/diagram/generated/tradexyz/ch4/_preview_e07.png,charts/tradexyz_ch4_e07_spcx_marks_funnel.py,matched lifecycle|funnel|flowchart|diagram|deployer_timeline,png,376308,dfabe6a8e2b10ba243c9cf67be7202d2973044c3c3debcba8f61f631ca7d04bc
table-scorecard,outputs/charts/tradexyz/ch4/_preview_e08.png,outputs/charts/by-type/table-scorecard/generated/tradexyz/ch4/_preview_e08.png,charts/tradexyz_ch4_e08_spcx_scorecard.py,matched scorecard|maturation_table|pipeline_table|\.table\(,png,93755,2be9105c5d3b99691f2cd0d2c7be1672a239dcd82308f7bccc8d244ccec84d0f
line,outputs/charts/tradexyz/ch4/_preview_e09.png,outputs/charts/by-type/line/generated/tradexyz/ch4/_preview_e09.png,charts/tradexyz_ch4_e09_spcx_depth_listing.py,script uses plot,png,297954,c0aa5b5c73651d8da898c002ea22d8015b4c01e64110609580a747a134327bc9
table-scorecard,outputs/charts/tradexyz/ch4/_preview_e10_maturation_table.png,outputs/charts/by-type/table-scorecard/generated/tradexyz/ch4/_preview_e10_maturation_table.png,,matched scorecard|maturation_table|pipeline_table|\.table\(,png,151132,97a7f62b8b07cc36b6f6de67a83f0fe114162bcbe9d659ebaf74c5d238e2de62
table-scorecard,outputs/charts/tradexyz/ch4/_preview_e11_pipeline_table.png,outputs/charts/by-type/table-scorecard/generated/tradexyz/ch4/_preview_e11_pipeline_table.png,,matched scorecard|maturation_table|pipeline_table|\.table\(,png,232695,ce2c5edb02623871dc9f2a00119daf28f059ba53eb11e17b09cbb804217b1b73
diagram,outputs/charts/tradexyz/ch4/e01_lifecycle_diagram.png,outputs/charts/by-type/diagram/generated/tradexyz/ch4/e01_lifecycle_diagram.png,charts/tradexyz_ch4_e01_lifecycle.py,matched lifecycle|funnel|flowchart|diagram|deployer_timeline,png,174696,68920b48250cfa2a04320b4fa03645a0cd12921e1991f95bf42a847b9d30e2a3
diagram,outputs/charts/tradexyz/ch4/e01_lifecycle_diagram.svg,outputs/charts/by-type/diagram/generated/tradexyz/ch4/e01_lifecycle_diagram.svg,charts/tradexyz_ch4_e01_lifecycle.py,matched lifecycle|funnel|flowchart|diagram|deployer_timeline,svg,159189,e1b4967f4008ecd416289d6939e8655ca22cc33f2f7663603024a923d59f9c5a
table-scorecard,outputs/charts/tradexyz/ch4/e02_params_table.png,outputs/charts/by-type/table-scorecard/generated/tradexyz/ch4/e02_params_table.png,charts/tradexyz_ch4_tables.py,matched scorecard|maturation_table|pipeline_table|\.table\(,png,45067,99cfcef631e4e83af623aa2a8a0046caef8e8d63fe938036da9c9a35a9639a20
table-scorecard,outputs/charts/tradexyz/ch4/e02_params_table.svg,outputs/charts/by-type/table-scorecard/generated/tradexyz/ch4/e02_params_table.svg,charts/tradexyz_ch4_tables.py,matched scorecard|maturation_table|pipeline_table|\.table\(,svg,57029,e53d7411f27cb7d4a59049eb73304e042570e01f4b5a0f775c185555f27034c5
combo,outputs/charts/tradexyz/ch4/e03a_cbrs_price.png,outputs/charts/by-type/combo/generated/tradexyz/ch4/e03a_cbrs_price.png,charts/tradexyz_ch4_e03_cbrs_price_events.py,script uses multiple plotting primitives,png,86537,2e2a153d5abd956bb001bd38b4855b99237cc434c69a3b627c67fa390e1ddae2
combo,outputs/charts/tradexyz/ch4/e03a_cbrs_price.svg,outputs/charts/by-type/combo/generated/tradexyz/ch4/e03a_cbrs_price.svg,charts/tradexyz_ch4_e03_cbrs_price_events.py,script uses multiple plotting primitives,svg,81097,b8201bfe4c60cfbd665364b1a02d4d486041965aab9cf989677a88859c096437
combo,outputs/charts/tradexyz/ch4/e03b_cbrs_daily_notional.png,outputs/charts/by-type/combo/generated/tradexyz/ch4/e03b_cbrs_daily_notional.png,charts/tradexyz_ch4_e03_cbrs_price_events.py,script uses multiple plotting primitives,png,30080,4fd0544b63c75b8e1db97ec96ef8b01af377379794bb815b9bb8378e16118ad3
combo,outputs/charts/tradexyz/ch4/e03b_cbrs_daily_notional.svg,outputs/charts/by-type/combo/generated/tradexyz/ch4/e03b_cbrs_daily_notional.svg,charts/tradexyz_ch4_e03_cbrs_price_events.py,script uses multiple plotting primitives,svg,43548,71649b64885db1e84f78325aa58442a3f3078f1ebcd1bd4aa6e3d876595942a7
scatter,outputs/charts/tradexyz/ch4/e04_cbrs_cross_venue.png,outputs/charts/by-type/scatter/generated/tradexyz/ch4/e04_cbrs_cross_venue.png,charts/tradexyz_ch4_e04_cbrs_cross_venue.py,matched bubble_chart|\.scatter\(,png,87456,9c4ec11f061bf1ea6493f847f4c8f8725dfc2f7cd2ae70e25861d761e8290ba2
scatter,outputs/charts/tradexyz/ch4/e04_cbrs_cross_venue.svg,outputs/charts/by-type/scatter/generated/tradexyz/ch4/e04_cbrs_cross_venue.svg,charts/tradexyz_ch4_e04_cbrs_cross_venue.py,matched bubble_chart|\.scatter\(,svg,73497,854407ed5fcf6eb72a78318368fe07ccac467e491accb1e3a7a82475c289a24f
scatter,outputs/charts/tradexyz/ch4/e05_cbrs_convergence.png,outputs/charts/by-type/scatter/generated/tradexyz/ch4/e05_cbrs_convergence.png,charts/tradexyz_ch4_e05_cbrs_convergence.py,matched bubble_chart|\.scatter\(,png,142015,8ee1d97367899da99fcfc9ef37ec205be4f8da39e16b0088b4151b567b7d9f7d
scatter,outputs/charts/tradexyz/ch4/e05_cbrs_convergence.svg,outputs/charts/by-type/scatter/generated/tradexyz/ch4/e05_cbrs_convergence.svg,charts/tradexyz_ch4_e05_cbrs_convergence.py,matched bubble_chart|\.scatter\(,svg,148932,73a19b53c342902b4daaa95875b9408057822f2e4060beb41476a4dc45661d30
stacked,outputs/charts/tradexyz/ch4/e06_spcx_venue_volume.png,outputs/charts/by-type/stacked/generated/tradexyz/ch4/e06_spcx_venue_volume.png,charts/tradexyz_ch4_e06_spcx_venue_volume.py,script uses a stacked area,png,125384,d74f4f434f06e4d39a8b53d5fbbd0fe2e1a2887135d2afd0d99872c0442cd8d5
stacked,outputs/charts/tradexyz/ch4/e06_spcx_venue_volume.svg,outputs/charts/by-type/stacked/generated/tradexyz/ch4/e06_spcx_venue_volume.svg,charts/tradexyz_ch4_e06_spcx_venue_volume.py,script uses a stacked area,svg,83778,c9eddce75db83dceeb0d196d590a935fc1c27b44872eba49d7860b8395381a11
diagram,outputs/charts/tradexyz/ch4/e07_spcx_marks_funnel.png,outputs/charts/by-type/diagram/generated/tradexyz/ch4/e07_spcx_marks_funnel.png,charts/tradexyz_ch4_e07_spcx_marks_funnel.py,matched lifecycle|funnel|flowchart|diagram|deployer_timeline,png,343673,3463638b86a4114d7b4f391eee06c795cbdab71ea21cd48218fe1aabc24e9cf1
diagram,outputs/charts/tradexyz/ch4/e07_spcx_marks_funnel.svg,outputs/charts/by-type/diagram/generated/tradexyz/ch4/e07_spcx_marks_funnel.svg,charts/tradexyz_ch4_e07_spcx_marks_funnel.py,matched lifecycle|funnel|flowchart|diagram|deployer_timeline,svg,229761,7995e8430d78515f68b26ed55f3d812887ba8bd847db20d48e3bbe4a44f03b89
table-scorecard,outputs/charts/tradexyz/ch4/e08_spcx_scorecard.png,outputs/charts/by-type/table-scorecard/generated/tradexyz/ch4/e08_spcx_scorecard.png,charts/tradexyz_ch4_e08_spcx_scorecard.py,matched scorecard|maturation_table|pipeline_table|\.table\(,png,81198,badab454ecfcd7dc0c3e057b9c2fbe3803d8a2fabfa6cd861a498a0480408dba
table-scorecard,outputs/charts/tradexyz/ch4/e08_spcx_scorecard.svg,outputs/charts/by-type/table-scorecard/generated/tradexyz/ch4/e08_spcx_scorecard.svg,charts/tradexyz_ch4_e08_spcx_scorecard.py,matched scorecard|maturation_table|pipeline_table|\.table\(,svg,67141,b4f5580f2a7b087543d1a59eaa8f8314724d7df0645cda2ab2d20d4e9d780394
line,outputs/charts/tradexyz/ch4/e09_spcx_depth_listing.png,outputs/charts/by-type/line/generated/tradexyz/ch4/e09_spcx_depth_listing.png,charts/tradexyz_ch4_e09_spcx_depth_listing.py,script uses plot,png,238521,80a0444d927d0e9a711a1cdbd2b57013bf90b964908c0b47469bd7e47e71741d
line,outputs/charts/tradexyz/ch4/e09_spcx_depth_listing.svg,outputs/charts/by-type/line/generated/tradexyz/ch4/e09_spcx_depth_listing.svg,charts/tradexyz_ch4_e09_spcx_depth_listing.py,script uses plot,svg,78661,9b7bdedb80bafee9638098b16f20aa6d3c57aeb9f3d7f72b1f333ab8a27ef923
table-scorecard,outputs/charts/tradexyz/ch4/e10_maturation_table.png,outputs/charts/by-type/table-scorecard/generated/tradexyz/ch4/e10_maturation_table.png,charts/tradexyz_ch4_tables.py,matched scorecard|maturation_table|pipeline_table|\.table\(,png,122911,8e2d9564760d9523f78a26ac97221ce959e6237c5e05ab356e87cd2532484052
table-scorecard,outputs/charts/tradexyz/ch4/e10_maturation_table.svg,outputs/charts/by-type/table-scorecard/generated/tradexyz/ch4/e10_maturation_table.svg,charts/tradexyz_ch4_tables.py,matched scorecard|maturation_table|pipeline_table|\.table\(,svg,98120,e7d5786e9d18767f0762791795330b1e4947fa5641d349c2b0e5428dee4e7ed7
table-scorecard,outputs/charts/tradexyz/ch4/e11_pipeline_table.png,outputs/charts/by-type/table-scorecard/generated/tradexyz/ch4/e11_pipeline_table.png,charts/tradexyz_ch4_tables.py,matched scorecard|maturation_table|pipeline_table|\.table\(,png,186933,be28cf727a52df5bf89547c28cf726e682ecc122ba842321b9649a9c8559e5c3
table-scorecard,outputs/charts/tradexyz/ch4/e11_pipeline_table.svg,outputs/charts/by-type/table-scorecard/generated/tradexyz/ch4/e11_pipeline_table.svg,charts/tradexyz_ch4_tables.py,matched scorecard|maturation_table|pipeline_table|\.table\(,svg,161257,b4ffe7bc059d3b534de50fe357c4981343c79312933d58d66c5b47c601a61038
other,outputs/charts/tradexyz/ch6/_preview_e610_convergence_three.png,outputs/charts/by-type/other/generated/tradexyz/ch6/_preview_e610_convergence_three.png,,no reliable type signal,png,57659,2ef3e20e117caaef57260a629dfb8ff80f762de000f15f26503e0ae000e23778
other,outputs/charts/tradexyz/ch6/_preview_e612_error_compression.png,outputs/charts/by-type/other/generated/tradexyz/ch6/_preview_e612_error_compression.png,,no reliable type signal,png,84697,d84c694c710d9b273490e777712d0689d96b2a0297365c1dd63df7716b08c8db
other,outputs/charts/tradexyz/ch6/_preview_e613_hit_by_gap.png,outputs/charts/by-type/other/generated/tradexyz/ch6/_preview_e613_hit_by_gap.png,,no reliable type signal,png,248187,5c071ebe4b8a7b9a14d1f1c31fb3853a4918a30f4e06be3ff329e1307a20c7b4
other,outputs/charts/tradexyz/ch6/_preview_e61_spread_tails.png,outputs/charts/by-type/other/generated/tradexyz/ch6/_preview_e61_spread_tails.png,,no reliable type signal,png,104597,844c3450978b90dd0fc3e27ce97b2c3c0afe4e5b95545c4970742ce2c1b72094
line,outputs/charts/tradexyz/ch6/_preview_e62_depth_migration.png,outputs/charts/by-type/line/generated/tradexyz/ch6/_preview_e62_depth_migration.png,,filename matched trend|price|tvl|volume|revenue|growth|supply|fees|ratio|rate|daily|weekly|monthly,png,77223,218821f01fc1988e5c6fb9fa37c1b4e174ee3c685bf5c23a8dc806d689af400b
other,outputs/charts/tradexyz/ch6/_preview_e65_rwa_vs_crypto.png,outputs/charts/by-type/other/generated/tradexyz/ch6/_preview_e65_rwa_vs_crypto.png,,no reliable type signal,png,95382,c90321e9fde1c655908cd51a5160b09e971e57bc653c85f84149c6ccd69b08ca
other,outputs/charts/tradexyz/ch6/_preview_e66_june5_breadth.png,outputs/charts/by-type/other/generated/tradexyz/ch6/_preview_e66_june5_breadth.png,,no reliable type signal,png,172174,374282fc4d61617d4a787e4ef4dea5dcb24c71bfa2b613c679e1bab427721476
line,outputs/charts/tradexyz/ch6/_preview_e67_june5_spread_ratio.png,outputs/charts/by-type/line/generated/tradexyz/ch6/_preview_e67_june5_spread_ratio.png,,filename matched trend|price|tvl|volume|revenue|growth|supply|fees|ratio|rate|daily|weekly|monthly,png,165812,4220eee6afabcbe2786305038f9eadd589f7884973fc73eb633c5238533681ad
line,outputs/charts/tradexyz/ch6/_preview_e67_june5_spread_ratio_bottom.png,outputs/charts/by-type/line/generated/tradexyz/ch6/_preview_e67_june5_spread_ratio_bottom.png,,filename matched trend|price|tvl|volume|revenue|growth|supply|fees|ratio|rate|daily|weekly|monthly,png,94519,c6220740818a7c02a4656e30e50ec34ca813bcc1625887afe068b63ba966a6f2
line,outputs/charts/tradexyz/ch6/_preview_e67_june5_spread_ratio_top.png,outputs/charts/by-type/line/generated/tradexyz/ch6/_preview_e67_june5_spread_ratio_top.png,,filename matched trend|price|tvl|volume|revenue|growth|supply|fees|ratio|rate|daily|weekly|monthly,png,229838,8000b2ae1edd5b0305d1c255b8202c3a5b4fee8167bb7e9aa626eec40bb313ec
other,outputs/charts/tradexyz/ch6/_preview_e69_accuracy_conventions.png,outputs/charts/by-type/other/generated/tradexyz/ch6/_preview_e69_accuracy_conventions.png,,no reliable type signal,png,86216,312aa3d85b25dd72c16293842a90e169209c1fa308cb50013cefc7c1c24e8ba4
combo,outputs/charts/tradexyz/ch6/e610_convergence_three.png,outputs/charts/by-type/combo/generated/tradexyz/ch6/e610_convergence_three.png,charts/tradexyz_ch6_e610_convergence_three.py,script uses multiple plotting primitives,png,53123,663394d1a35028b83954e24fcfae863c2d1fb4e945c4e22a305e7931419b6fed
combo,outputs/charts/tradexyz/ch6/e610_convergence_three.svg,outputs/charts/by-type/combo/generated/tradexyz/ch6/e610_convergence_three.svg,charts/tradexyz_ch6_e610_convergence_three.py,script uses multiple plotting primitives,svg,49445,a71da61c1f885436bbd8db5c57a5ca72aa873739fb2b50ec608a51a495f5e018
line,outputs/charts/tradexyz/ch6/e612_error_compression.png,outputs/charts/by-type/line/generated/tradexyz/ch6/e612_error_compression.png,charts/tradexyz_ch6_e612_error_compression.py,script uses plot,png,73329,1d6046402b6c856d4aef52a702b3f21a15c49962b0e90629eb0772a1bece1fea
line,outputs/charts/tradexyz/ch6/e612_error_compression.svg,outputs/charts/by-type/line/generated/tradexyz/ch6/e612_error_compression.svg,charts/tradexyz_ch6_e612_error_compression.py,script uses plot,svg,45046,0dc08b0fb5655f5ec8730c6759531f97a360633db5af619b539e85b68c8a64da
heatmap,outputs/charts/tradexyz/ch6/e613_hit_by_gap.png,outputs/charts/by-type/heatmap/generated/tradexyz/ch6/e613_hit_by_gap.png,charts/tradexyz_ch6_e613_hit_by_gap.py,matched heatmap|pcolormesh|\.imshow\(,png,291213,2b9ed2895ed104085f454cfd08316da71674a970a81db90dbd21665d336d188b
heatmap,outputs/charts/tradexyz/ch6/e613_hit_by_gap.svg,outputs/charts/by-type/heatmap/generated/tradexyz/ch6/e613_hit_by_gap.svg,charts/tradexyz_ch6_e613_hit_by_gap.py,matched heatmap|pcolormesh|\.imshow\(,svg,342031,b695d669f1cf914c7db44cb1129e3ce668cf50c34d0c350b28dc3f71c2a8425c
area,outputs/charts/tradexyz/ch6/e61_spread_tails.png,outputs/charts/by-type/area/generated/tradexyz/ch6/e61_spread_tails.png,charts/tradexyz_ch6_e61_spread_tails.py,script uses fill_between,png,117904,9e12ebd4e5ad2f8a484f320411361568f962b3386471c4155da26d4c8e0799f1
area,outputs/charts/tradexyz/ch6/e61_spread_tails.svg,outputs/charts/by-type/area/generated/tradexyz/ch6/e61_spread_tails.svg,charts/tradexyz_ch6_e61_spread_tails.py,script uses fill_between,svg,46590,b3d36561382bca7d20ed03f8d53051833024806a618ade2c250513942593ed88
area,outputs/charts/tradexyz/ch6/e62_depth_migration.png,outputs/charts/by-type/area/generated/tradexyz/ch6/e62_depth_migration.png,charts/tradexyz_ch6_e62_depth_migration.py,script uses fill_between,png,82057,23b3ce5eb5cd988c4a152156211aadbebbbe999e4507e7cac8eef9888173b30f
area,outputs/charts/tradexyz/ch6/e62_depth_migration.svg,outputs/charts/by-type/area/generated/tradexyz/ch6/e62_depth_migration.svg,charts/tradexyz_ch6_e62_depth_migration.py,script uses fill_between,svg,46559,5a9ff1fdb726a8a06bc210f6c62e1b2fe90132b0e7a18d149117673e880f8d67
scatter,outputs/charts/tradexyz/ch6/e65_rwa_vs_crypto.png,outputs/charts/by-type/scatter/generated/tradexyz/ch6/e65_rwa_vs_crypto.png,charts/tradexyz_ch6_e65_rwa_vs_crypto.py,matched bubble_chart|\.scatter\(,png,87854,fa9b3bfdc5357865cbd3275cc8e82c6c3f8091bf43692d0cb1c9440cde62c388
scatter,outputs/charts/tradexyz/ch6/e65_rwa_vs_crypto.svg,outputs/charts/by-type/scatter/generated/tradexyz/ch6/e65_rwa_vs_crypto.svg,charts/tradexyz_ch6_e65_rwa_vs_crypto.py,matched bubble_chart|\.scatter\(,svg,84026,ac4bad1c16fd6b566bc4a46b095e6bfd61f5aaf6e74c2fe483d791283f2d82fa
bar,outputs/charts/tradexyz/ch6/e66_june5_breadth.png,outputs/charts/by-type/bar/generated/tradexyz/ch6/e66_june5_breadth.png,charts/tradexyz_ch6_e66_june5_breadth.py,script uses bar/barh,png,151330,ec613cd531f0e0705cfe464290417e8f9ea5e0ac204466a68c40431ca027faf4
bar,outputs/charts/tradexyz/ch6/e66_june5_breadth.svg,outputs/charts/by-type/bar/generated/tradexyz/ch6/e66_june5_breadth.svg,charts/tradexyz_ch6_e66_june5_breadth.py,script uses bar/barh,svg,90617,fd9c7ce73bba0ccfe36a1fda085627ecd287fd7e1580157c730cca57e5e7c970
line,outputs/charts/tradexyz/ch6/e67_june5_spread_ratio.png,outputs/charts/by-type/line/generated/tradexyz/ch6/e67_june5_spread_ratio.png,charts/tradexyz_ch6_e67_june5_spread_ratio.py,script uses plot,png,148485,8fa4db6138cc616938833daa433a96fc202f05d6213efa7dab8246520c3fa2c9
line,outputs/charts/tradexyz/ch6/e67_june5_spread_ratio.svg,outputs/charts/by-type/line/generated/tradexyz/ch6/e67_june5_spread_ratio.svg,charts/tradexyz_ch6_e67_june5_spread_ratio.py,script uses plot,svg,104824,0d3ca40b426fa188b0ad3a41ddeeb0dd1634d1b84e1eaba175eadfa24e727070
line,outputs/charts/tradexyz/ch6/e67_june5_spread_ratio_bottom.png,outputs/charts/by-type/line/generated/tradexyz/ch6/e67_june5_spread_ratio_bottom.png,charts/tradexyz_ch6_e67_june5_spread_ratio.py,script uses plot,png,84196,2b3bd774b1e5751abc202edc2cb489225b0cf1b2bf0583376bf071e0b2f84597
line,outputs/charts/tradexyz/ch6/e67_june5_spread_ratio_bottom.svg,outputs/charts/by-type/line/generated/tradexyz/ch6/e67_june5_spread_ratio_bottom.svg,charts/tradexyz_ch6_e67_june5_spread_ratio.py,script uses plot,svg,42944,7cbf2c518169ff4ebde8d3bf8a200ed4877a25453210bb4c2c384912eb34ea78
line,outputs/charts/tradexyz/ch6/e67_june5_spread_ratio_top.png,outputs/charts/by-type/line/generated/tradexyz/ch6/e67_june5_spread_ratio_top.png,charts/tradexyz_ch6_e67_june5_spread_ratio.py,script uses plot,png,199849,a580ca4005a844d7acae6b2e84be1cae63789abbd0bcb91adb689bdf386a81c8
line,outputs/charts/tradexyz/ch6/e67_june5_spread_ratio_top.svg,outputs/charts/by-type/line/generated/tradexyz/ch6/e67_june5_spread_ratio_top.svg,charts/tradexyz_ch6_e67_june5_spread_ratio.py,script uses plot,svg,73954,3483bdadaaea9139186874d2c573618eb745289c97a3fc5e06c6cd44f2295954
line,outputs/charts/tradexyz/ch6/e69_accuracy_conventions.png,outputs/charts/by-type/line/generated/tradexyz/ch6/e69_accuracy_conventions.png,charts/tradexyz_ch6_e69_accuracy_conventions.py,script uses plot,png,80671,66eced326d2e8105ca68307087f013477cb7826f328e277b2533aaf3b13cae61
line,outputs/charts/tradexyz/ch6/e69_accuracy_conventions.svg,outputs/charts/by-type/line/generated/tradexyz/ch6/e69_accuracy_conventions.svg,charts/tradexyz_ch6_e69_accuracy_conventions.py,script uses plot,svg,62891,8f151c73f61383a1dbc84ff4d936d6445823fc1e7c0adfe5a66926ffaffd9577
diagram,outputs/charts/tradexyz/ch7/_preview_e71_deployer_timeline.png,outputs/charts/by-type/diagram/generated/tradexyz/ch7/_preview_e71_deployer_timeline.png,,matched lifecycle|funnel|flowchart|diagram|deployer_timeline,png,127516,2b5db4fd332a23aa6c285318b07b0bb942d811ef0c387b77b6055de7b8f452aa
stacked,outputs/charts/tradexyz/ch7/_preview_e73_share_curve.png,outputs/charts/by-type/stacked/generated/tradexyz/ch7/_preview_e73_share_curve.png,,filename matched stacked|composition|breakdown|share,png,173180,63f9e54f6b02cb896c2a14fa9f5b2ef6c614211a42c445e89ca9540d9841daab
line,outputs/charts/tradexyz/ch7/_preview_e74_concentration.png,outputs/charts/by-type/line/generated/tradexyz/ch7/_preview_e74_concentration.png,,filename matched trend|price|tvl|volume|revenue|growth|supply|fees|ratio|rate|daily|weekly|monthly,png,378320,53530d2b360b404338dd754c847ffcaba30cf0b1888aeaff2ebc78d471cac892
heatmap,outputs/charts/tradexyz/ch7/e71_deployer_timeline.png,outputs/charts/by-type/heatmap/generated/tradexyz/ch7/e71_deployer_timeline.png,charts/tradexyz_ch7_e71_deployer_timeline.py,matched heatmap|pcolormesh|\.imshow\(,png,120643,26716e6381e434ab1ca15589bcf7df78f9597e25e6a208187b37e776ecc8cfa0
heatmap,outputs/charts/tradexyz/ch7/e71_deployer_timeline.svg,outputs/charts/by-type/heatmap/generated/tradexyz/ch7/e71_deployer_timeline.svg,charts/tradexyz_ch7_e71_deployer_timeline.py,matched heatmap|pcolormesh|\.imshow\(,svg,117344,70ed596234a638aa5ed74216ebc1788acabf829d010d338d67e76061d2029a58
line,outputs/charts/tradexyz/ch7/e73_share_curve.png,outputs/charts/by-type/line/generated/tradexyz/ch7/e73_share_curve.png,charts/tradexyz_ch7_e73_share_curve.py,script uses plot,png,179061,872505519d8ab15c0beb900479c676abf7a1ac4b03679de4e6a437496559a9c9
line,outputs/charts/tradexyz/ch7/e73_share_curve.svg,outputs/charts/by-type/line/generated/tradexyz/ch7/e73_share_curve.svg,charts/tradexyz_ch7_e73_share_curve.py,script uses plot,svg,58050,89a29420f94f99e1d773c7f849239817b3b7e2306e98badc82b15eb9bd4e6ca5
heatmap,outputs/charts/tradexyz/ch7/e74_concentration.png,outputs/charts/by-type/heatmap/generated/tradexyz/ch7/e74_concentration.png,charts/tradexyz_ch7_e74_concentration.py,matched heatmap|pcolormesh|\.imshow\(,png,412680,6fd0f6fb9ee06d89b6f4c181bab7c870c9fc75f0af32cf00357fcb79380c46c9
heatmap,outputs/charts/tradexyz/ch7/e74_concentration.svg,outputs/charts/by-type/heatmap/generated/tradexyz/ch7/e74_concentration.svg,charts/tradexyz_ch7_e74_concentration.py,matched heatmap|pcolormesh|\.imshow\(,svg,492993,cd8663c223cb79efe97af6f2a6afae4fc049befb832cf8429fbf07d6a9b10ff5
line,outputs/charts/tradexyz/oi/_preview_hip3_monthly_volume_by_builder.png,outputs/charts/by-type/line/generated/tradexyz/oi/_preview_hip3_monthly_volume_by_builder.png,,filename matched trend|price|tvl|volume|revenue|growth|supply|fees|ratio|rate|daily|weekly|monthly,png,93459,0d57795d6159a78d79bddaa4c6a11050a1acc5ec2ff4be555d82d6bdf711191f
stacked,outputs/charts/tradexyz/oi/_preview_hip3_share_of_hl_volume.png,outputs/charts/by-type/stacked/generated/tradexyz/oi/_preview_hip3_share_of_hl_volume.png,,filename matched stacked|composition|breakdown|share,png,91690,d2a5ecf0a3e174b1dc79c1636bfc6666de5dd4acf6ef4d8b6c00e2edddfc7784
line,outputs/charts/tradexyz/oi/_preview_hip3_volume_rolling_avg.png,outputs/charts/by-type/line/generated/tradexyz/oi/_preview_hip3_volume_rolling_avg.png,,filename matched trend|price|tvl|volume|revenue|growth|supply|fees|ratio|rate|daily|weekly|monthly,png,124655,5e788edfc5f0bd61b04a214316562f38bb97f958a33819eb886f7f290c0f88ae
stacked,outputs/charts/tradexyz/oi/_preview_hip3_volume_share_xyz_vs_others.png,outputs/charts/by-type/stacked/generated/tradexyz/oi/_preview_hip3_volume_share_xyz_vs_others.png,,filename matched stacked|composition|breakdown|share,png,106946,5386b6b7a0c058c3f0425a5519123d02b4595af4fa3d81188ef2149ebc423ea6
other,outputs/charts/tradexyz/oi/_preview_oi_liquidations.png,outputs/charts/by-type/other/generated/tradexyz/oi/_preview_oi_liquidations.png,,no reliable type signal,png,86816,42b1d768b6c805494704051a7489a3a362830dd641fc233a06b9b2c527eba328
other,outputs/charts/tradexyz/oi/_preview_oi_liquidations_ref.png,outputs/charts/by-type/other/generated/tradexyz/oi/_preview_oi_liquidations_ref.png,,no reliable type signal,png,88810,970c1b2e9b9176fa62b2682d599c2904699e4bf4e733d5c5741da0e09cbb9148
other,outputs/charts/tradexyz/oi/_preview_tradexyz_oi_rolling_avg.png,outputs/charts/by-type/other/generated/tradexyz/oi/_preview_tradexyz_oi_rolling_avg.png,,no reliable type signal,png,96931,51d5c49171a0faf0ef454cbe1714c85da3377d7196ec42c9c9999949c5f9b5bf
line,outputs/charts/tradexyz/oi/hip3_monthly_volume_by_builder.png,outputs/charts/by-type/line/generated/tradexyz/oi/hip3_monthly_volume_by_builder.png,charts/hip3_monthly_volume_by_builder.py,filename matched trend|price|tvl|volume|revenue|growth|supply|fees|ratio|rate|daily|weekly|monthly,png,97534,938557a982375945ac4c36c7a19125acce089c9bdeefb1e16c1394ed7fe4d088
line,outputs/charts/tradexyz/oi/hip3_monthly_volume_by_builder.svg,outputs/charts/by-type/line/generated/tradexyz/oi/hip3_monthly_volume_by_builder.svg,charts/hip3_monthly_volume_by_builder.py,filename matched trend|price|tvl|volume|revenue|growth|supply|fees|ratio|rate|daily|weekly|monthly,svg,65615,c9b3cdef4aedbd1c1c52fd8b7e4dea7737560c16444d63aee6a9ae5e7aa51ddf
stacked,outputs/charts/tradexyz/oi/hip3_share_of_hl_volume.png,outputs/charts/by-type/stacked/generated/tradexyz/oi/hip3_share_of_hl_volume.png,charts/hip3_share_of_hl_volume.py,script uses a stacked area,png,98800,8c532d8f9d42d4cd5bac05eec7d9f53d7b68240b41f8f7fccb0b8a4a3a2957e0
stacked,outputs/charts/tradexyz/oi/hip3_share_of_hl_volume.svg,outputs/charts/by-type/stacked/generated/tradexyz/oi/hip3_share_of_hl_volume.svg,charts/hip3_share_of_hl_volume.py,script uses a stacked area,svg,57347,8daed1d37d6c54d11be0cee02052226d83f5425e8ab275a6a17175e54d9ccd66
area,outputs/charts/tradexyz/oi/hip3_volume_rolling_avg.png,outputs/charts/by-type/area/generated/tradexyz/oi/hip3_volume_rolling_avg.png,charts/hip3_volume_rolling_avg.py,script uses fill_between,png,119273,2fd59141010e2b4c9da51108dfc9a6123d06c04ecfd7761951bf8671226189e8
area,outputs/charts/tradexyz/oi/hip3_volume_rolling_avg.svg,outputs/charts/by-type/area/generated/tradexyz/oi/hip3_volume_rolling_avg.svg,charts/hip3_volume_rolling_avg.py,script uses fill_between,svg,48860,537862506b33db0f91dcd965c129ba1069ecd4866d26f18481c3d0d6b04a860d
area,outputs/charts/tradexyz/oi/hip3_volume_share_xyz_vs_others.png,outputs/charts/by-type/area/generated/tradexyz/oi/hip3_volume_share_xyz_vs_others.png,charts/hip3_volume_share_xyz_vs_others.py,script uses fill_between,png,111072,d4d06153d5a34cd0c13713b1355b0fe6830cbe694ee75ae481c23c657f81502a
area,outputs/charts/tradexyz/oi/hip3_volume_share_xyz_vs_others.svg,outputs/charts/by-type/area/generated/tradexyz/oi/hip3_volume_share_xyz_vs_others.svg,charts/hip3_volume_share_xyz_vs_others.py,script uses fill_between,svg,70974,38289b0ba8eaa63da6114fae06f1d1d2185922a7474727de534aa6247479cf52
line,outputs/charts/tradexyz/oi/oi_liquidations.png,outputs/charts/by-type/line/generated/tradexyz/oi/oi_liquidations.png,charts/tradexyz_oi_liquidations.py,script uses plot,png,78543,7da09099f086d8da398e364a465b0041b2c5f4797d1de1464dee96b2b100da5a
line,outputs/charts/tradexyz/oi/oi_liquidations.svg,outputs/charts/by-type/line/generated/tradexyz/oi/oi_liquidations.svg,charts/tradexyz_oi_liquidations.py,script uses plot,svg,61216,b6676d780241afe6faa02d3792497c86669205bcc3d1cd8c1ec25e35da809441
line,outputs/charts/tradexyz/oi/oi_liquidations_ref.png,outputs/charts/by-type/line/generated/tradexyz/oi/oi_liquidations_ref.png,charts/tradexyz_oi_liquidations.py,script uses plot,png,79934,e3f4b0f967b9f3b8c7ee75a4f00bc27958f6b27373525ee4fe5d028e9de8ed90
line,outputs/charts/tradexyz/oi/oi_liquidations_ref.svg,outputs/charts/by-type/line/generated/tradexyz/oi/oi_liquidations_ref.svg,charts/tradexyz_oi_liquidations.py,script uses plot,svg,61215,4f83565dd91aa291654f153139138634e02c1081a8208885193d20c838215579
area,outputs/charts/tradexyz/oi/tradexyz_oi_rolling_avg.png,outputs/charts/by-type/area/generated/tradexyz/oi/tradexyz_oi_rolling_avg.png,charts/tradexyz_oi_rolling_avg.py,script uses fill_between,png,96883,d481bb69888f58255b6f00ee8fc5206ec0ce87c1bb549f7169c93ac141eca99c
area,outputs/charts/tradexyz/oi/tradexyz_oi_rolling_avg.svg,outputs/charts/by-type/area/generated/tradexyz/oi/tradexyz_oi_rolling_avg.svg,charts/tradexyz_oi_rolling_avg.py,script uses fill_between,svg,45977,6b4398be46906067a4a6a71c5cb2b48909e32fda6063445b1c5acb9dfab82e38
other,outputs/charts/tradexyz/preipo/_preview_preipo_conversion.png,outputs/charts/by-type/other/generated/tradexyz/preipo/_preview_preipo_conversion.png,,no reliable type signal,png,96102,a09c8838086b4e3c61516af0c546f07c521c44c18376a2a9496afd832e8851ab
line,outputs/charts/tradexyz/preipo/preipo_conversion.png,outputs/charts/by-type/line/generated/tradexyz/preipo/preipo_conversion.png,charts/tradexyz_preipo_conversion.py,script uses plot,png,82618,8b2b72c1e9dd1c65cd1683c259a29b72a32e0af27ddd904a3b2d1cf4723be849
line,outputs/charts/tradexyz/preipo/preipo_conversion.svg,outputs/charts/by-type/line/generated/tradexyz/preipo/preipo_conversion.svg,charts/tradexyz_preipo_conversion.py,script uses plot,svg,57022,b939e6797bcb5c8ec64be5611c2edd55f709b6f1115bd4ecb2d0d8b8998c8423
other,outputs/charts/tradexyz/volume/_preview_cl_ceasefire_weekend.png,outputs/charts/by-type/other/generated/tradexyz/volume/_preview_cl_ceasefire_weekend.png,,no reliable type signal,png,67191,ec96a13b9e2ac5509d06bcc9ff9c1875cae9e110f55bff084610ca725ade6cdd
line,outputs/charts/tradexyz/volume/_preview_index_complex_monthly.png,outputs/charts/by-type/line/generated/tradexyz/volume/_preview_index_complex_monthly.png,,filename matched trend|price|tvl|volume|revenue|growth|supply|fees|ratio|rate|daily|weekly|monthly,png,35564,87207510267dbc941097f7523ca915ccdbb04511393bd44132fb360438b11ea4
other,outputs/charts/tradexyz/volume/_preview_q2_top_markets.png,outputs/charts/by-type/other/generated/tradexyz/volume/_preview_q2_top_markets.png,,no reliable type signal,png,91950,582eda9d09a1009194bd1c30d2050c84fc5165d1be52bfe09f5035acdbc179e6
line,outputs/charts/tradexyz/volume/_preview_q2_volume_by_asset_class.png,outputs/charts/by-type/line/generated/tradexyz/volume/_preview_q2_volume_by_asset_class.png,,filename matched trend|price|tvl|volume|revenue|growth|supply|fees|ratio|rate|daily|weekly|monthly,png,43951,b5d7dbdab26951c6a21c154b97d00efdc0fe958a040783b98b7e7f028e88762d
line,outputs/charts/tradexyz/volume/_preview_weekend_ratio.png,outputs/charts/by-type/line/generated/tradexyz/volume/_preview_weekend_ratio.png,,filename matched trend|price|tvl|volume|revenue|growth|supply|fees|ratio|rate|daily|weekly|monthly,png,47960,9052c1b67f8a6650b52c458e27b562f3d31d116b8281ead9dfe40afb29c6b0c4
line,outputs/charts/tradexyz/volume/_preview_weekend_ratio_ref.png,outputs/charts/by-type/line/generated/tradexyz/volume/_preview_weekend_ratio_ref.png,,filename matched trend|price|tvl|volume|revenue|growth|supply|fees|ratio|rate|daily|weekly|monthly,png,49439,1c90c5ad70724bffca3184ab272bd92ccf1b54c981e89464da797afd2db55d19
line,outputs/charts/tradexyz/volume/cl_ceasefire_weekend.png,outputs/charts/by-type/line/generated/tradexyz/volume/cl_ceasefire_weekend.png,charts/tradexyz_cl_ceasefire_weekend.py,script uses plot,png,64522,413a68569f0fdd7c12a06dc42c7cce16d11f261bd30103cd39dbc265ac8e5e45
line,outputs/charts/tradexyz/volume/cl_ceasefire_weekend.svg,outputs/charts/by-type/line/generated/tradexyz/volume/cl_ceasefire_weekend.svg,charts/tradexyz_cl_ceasefire_weekend.py,script uses plot,svg,38066,269cd963c40e63c2288e1103d607829ff0107b5e77d15e78e7f6d610c0dcc443
line,outputs/charts/tradexyz/volume/index_complex_monthly.png,outputs/charts/by-type/line/generated/tradexyz/volume/index_complex_monthly.png,charts/tradexyz_index_complex_monthly.py,filename matched trend|price|tvl|volume|revenue|growth|supply|fees|ratio|rate|daily|weekly|monthly,png,33264,00abd9ad1fd5a9ff13f4e23c6fb5dd78f5fe0719263ed07b4523b38ff4a64ac8
line,outputs/charts/tradexyz/volume/index_complex_monthly.svg,outputs/charts/by-type/line/generated/tradexyz/volume/index_complex_monthly.svg,charts/tradexyz_index_complex_monthly.py,filename matched trend|price|tvl|volume|revenue|growth|supply|fees|ratio|rate|daily|weekly|monthly,svg,43087,1b63e153c7926abf3e07119b1ca6dff192d4c2e8d5e925b6adabbc1fe552cba1
bar,outputs/charts/tradexyz/volume/q2_top_markets.png,outputs/charts/by-type/bar/generated/tradexyz/volume/q2_top_markets.png,charts/tradexyz_q2_top_markets.py,script uses bar/barh,png,75621,1eda5291122fe4eb721fdf7112b60fea009bb232cf114f00d738513014604a95
bar,outputs/charts/tradexyz/volume/q2_top_markets.svg,outputs/charts/by-type/bar/generated/tradexyz/volume/q2_top_markets.svg,charts/tradexyz_q2_top_markets.py,script uses bar/barh,svg,53358,a071e99c9c6d881fd524987b9ba1b12538dbda7d24a22fa6cf1453c55afa638e
line,outputs/charts/tradexyz/volume/q2_volume_by_asset_class.png,outputs/charts/by-type/line/generated/tradexyz/volume/q2_volume_by_asset_class.png,charts/tradexyz_cl_ceasefire_weekend.py,script uses plot,png,40857,e49eca4834ee1e4d8ad22acedbb2ae9efee00a01209291b99f20a9466d6f355a
line,outputs/charts/tradexyz/volume/q2_volume_by_asset_class.svg,outputs/charts/by-type/line/generated/tradexyz/volume/q2_volume_by_asset_class.svg,charts/tradexyz_cl_ceasefire_weekend.py,script uses plot,svg,118738,8f57d6a91afdb217e8b6781b52f8cd15c45e477ac57613fe18e209b14c3d432b
line,outputs/charts/tradexyz/volume/weekend_ratio.png,outputs/charts/by-type/line/generated/tradexyz/volume/weekend_ratio.png,charts/tradexyz_weekend_ratio.py,filename matched trend|price|tvl|volume|revenue|growth|supply|fees|ratio|rate|daily|weekly|monthly,png,43090,670267095095713fcafc1a326c8b37248d9a916d819085438d797be7e96b34b2
line,outputs/charts/tradexyz/volume/weekend_ratio.svg,outputs/charts/by-type/line/generated/tradexyz/volume/weekend_ratio.svg,charts/tradexyz_weekend_ratio.py,filename matched trend|price|tvl|volume|revenue|growth|supply|fees|ratio|rate|daily|weekly|monthly,svg,52422,1675caa97edf4eba94ce89f0652b348dab8cddba79213d60e1e7508928584712
line,outputs/charts/tradexyz/volume/weekend_ratio_ref.png,outputs/charts/by-type/line/generated/tradexyz/volume/weekend_ratio_ref.png,charts/tradexyz_weekend_ratio.py,filename matched trend|price|tvl|volume|revenue|growth|supply|fees|ratio|rate|daily|weekly|monthly,png,44358,6216af2c706168b0c2f67f665bfc8b660929335930132861cbe628e23dd08647
line,outputs/charts/tradexyz/volume/weekend_ratio_ref.svg,outputs/charts/by-type/line/generated/tradexyz/volume/weekend_ratio_ref.svg,charts/tradexyz_weekend_ratio.py,filename matched trend|price|tvl|volume|revenue|growth|supply|fees|ratio|rate|daily|weekly|monthly,svg,53649,6f22f3a91aceaf79ebf9c60907f8e44d2d55cf5cf6503d5ff28346178a918231
line,outputs/charts/upbit/listings/upbit_2026_listings_share.png,outputs/charts/by-type/line/generated/upbit/listings/upbit_2026_listings_share.png,charts/upbit_2026_listings_share.py,script uses plot,png,99009,8fb7fc2de5598ac4571c352afc7f22dc5fc7544d07232d0b14db714ca2e500a5
line,outputs/charts/upbit/listings/upbit_2026_listings_share.svg,outputs/charts/by-type/line/generated/upbit/listings/upbit_2026_listings_share.svg,charts/upbit_2026_listings_share.py,script uses plot,svg,52568,1674ea2318015cc389255f67bdb76a9aee3074760e8048956a40fa3aa5ca5cea
line,outputs/charts/upbit/listings/upbit_listings_vs_volume.png,outputs/charts/by-type/line/generated/upbit/listings/upbit_listings_vs_volume.png,charts/upbit_listings_vs_volume.py,script uses plot,png,96117,2218a4ab33619f6f37b5ccb12e8f114836da3546390db6812d593f2541b0ab3f
line,outputs/charts/upbit/listings/upbit_listings_vs_volume.svg,outputs/charts/by-type/line/generated/upbit/listings/upbit_listings_vs_volume.svg,charts/upbit_listings_vs_volume.py,script uses plot,svg,48601,4e3c487c78bf2b9efd019dbd98c0512979d1fb9f7de3d411b4f67638ce01ad98
scatter,outputs/charts/upbit/stablecoin/upbit_stablecoin_avg_volume_compare.png,outputs/charts/by-type/scatter/generated/upbit/stablecoin/upbit_stablecoin_avg_volume_compare.png,charts/upbit_stablecoin_fee_event.py,matched bubble_chart|\.scatter\(,png,31650,c5be49a5bca14a1c99a15509197e9a0d3b2dd2ce4cce1652980312fd15e87b37
scatter,outputs/charts/upbit/stablecoin/upbit_stablecoin_avg_volume_compare.svg,outputs/charts/by-type/scatter/generated/upbit/stablecoin/upbit_stablecoin_avg_volume_compare.svg,charts/upbit_stablecoin_fee_event.py,matched bubble_chart|\.scatter\(,svg,30384,2bc9727b5fe17209f1b505545122eeafb080c458a494c490e2b9d8e4350ba2fa
scatter,outputs/charts/upbit/stablecoin/upbit_stablecoin_daily_volume.png,outputs/charts/by-type/scatter/generated/upbit/stablecoin/upbit_stablecoin_daily_volume.png,charts/upbit_stablecoin_fee_event.py,matched bubble_chart|\.scatter\(,png,95682,aef0cbf999c70649ba2ce3dd82dc1ca380ded1fa17dfa62d827418f214091253
scatter,outputs/charts/upbit/stablecoin/upbit_stablecoin_daily_volume.svg,outputs/charts/by-type/scatter/generated/upbit/stablecoin/upbit_stablecoin_daily_volume.svg,charts/upbit_stablecoin_fee_event.py,matched bubble_chart|\.scatter\(,svg,35589,4ff39ef93446019f1cd89b55eba0f4a6f83cdaa39c8bb7b932e714847c426037
pie-donut,outputs/charts/x402/volume/x402_usdc_share_donut.png,outputs/charts/by-type/pie-donut/generated/x402/volume/x402_usdc_share_donut.png,charts/x402_usdc_share_donut.py,matched donut|pie_chart|\.pie\(,png,60739,e595790481fba3967dd67e23527cca636f6e88c87bf172a05280767eda1576a0
pie-donut,outputs/charts/x402/volume/x402_usdc_share_donut.svg,outputs/charts/by-type/pie-donut/generated/x402/volume/x402_usdc_share_donut.svg,charts/x402_usdc_share_donut.py,matched donut|pie_chart|\.pie\(,svg,27767,9476bb45130c06428cdb6336a3cda8714d1afd8c4c973bc987ded66ffeedf61d
stacked,outputs/charts/x402/volume/x402_volume_scenarios.png,outputs/charts/by-type/stacked/generated/x402/volume/x402_volume_scenarios.png,charts/x402_volume_scenarios.py,script uses stacked bars,png,86659,cd0a4b10aaa4ac6ee3661cbfd7f474d50736f8a52845961e9fcd31b4b61e91c0
stacked,outputs/charts/x402/volume/x402_volume_scenarios.svg,outputs/charts/by-type/stacked/generated/x402/volume/x402_volume_scenarios.svg,charts/x402_volume_scenarios.py,script uses stacked bars,svg,74238,6783780bf9cada0a255908911c54f4638e3db8415470a729dd31945062801380
bar,outputs/charts/zcash/supply/zcash_shielded_supply.png,outputs/charts/by-type/bar/generated/zcash/supply/zcash_shielded_supply.png,charts/zcash_shielded_supply.py,script uses bar/barh,png,48500,c278a32f0a38cf03a0a178e2ce16894a38777dcfbb09a9ce669f2ce7dcc8298a
bar,outputs/charts/zcash/supply/zcash_shielded_supply.svg,outputs/charts/by-type/bar/generated/zcash/supply/zcash_shielded_supply.svg,charts/zcash_shielded_supply.py,script uses bar/barh,svg,39559,e55106a2db88da311c5c3a3893113b8a3dacf82669b95b0deaf3d59365ed7b5c
other,perps_dash.png,outputs/charts/by-type/other/root/perps_dash.png,,no reliable type signal,png,363881,6f26eec587f25f9a3fedc4c4d7af286d615c8ec47b31a25418fd95582c4f8ff7
diagram,tradeXYZ_Inforgraphic_retouch/ch4/e01_lifecycle_diagram.png,outputs/charts/by-type/diagram/tradeXYZ_Inforgraphic_retouch/ch4/e01_lifecycle_diagram.png,charts/tradexyz_ch4_e01_lifecycle.py,matched lifecycle|funnel|flowchart|diagram|deployer_timeline,png,405950,d23b06fa376b68f3431536741212731a8f2cdac5da2ddeb7ea54c620e37ced4b
diagram,tradeXYZ_Inforgraphic_retouch/ch4/e01_lifecycle_diagram.svg,outputs/charts/by-type/diagram/tradeXYZ_Inforgraphic_retouch/ch4/e01_lifecycle_diagram.svg,charts/tradexyz_ch4_e01_lifecycle.py,matched lifecycle|funnel|flowchart|diagram|deployer_timeline,svg,20047,9002cec79dadc8800a7e72b3cb4f0aca8cd69c7d0f55ec42718ada7fc7dba2dd
line,tradeXYZ_Inforgraphic_retouch/ch4/e03_cbrs_price_events.png,outputs/charts/by-type/line/tradeXYZ_Inforgraphic_retouch/ch4/e03_cbrs_price_events.png,,filename matched trend|price|tvl|volume|revenue|growth|supply|fees|ratio|rate|daily|weekly|monthly,png,344477,954d4863317dd32e56b7a8241186e4e1b7852fedbe42f6427c8e8fc55d81a85f
line,tradeXYZ_Inforgraphic_retouch/ch4/e03_cbrs_price_events.svg,outputs/charts/by-type/line/tradeXYZ_Inforgraphic_retouch/ch4/e03_cbrs_price_events.svg,,filename matched trend|price|tvl|volume|revenue|growth|supply|fees|ratio|rate|daily|weekly|monthly,svg,61648,4fabd8aee9537613074cbbb644635ad70d99c6076ff85596ce663fb35e055a52
scatter,tradeXYZ_Inforgraphic_retouch/ch4/e04_cbrs_cross_venue.png,outputs/charts/by-type/scatter/tradeXYZ_Inforgraphic_retouch/ch4/e04_cbrs_cross_venue.png,charts/tradexyz_ch4_e04_cbrs_cross_venue.py,matched bubble_chart|\.scatter\(,png,309364,c50cda611d447b5273c5a61c0c4b0efbbbf641f29f93aea1aa27f72c5890ddee
scatter,tradeXYZ_Inforgraphic_retouch/ch4/e04_cbrs_cross_venue.svg,outputs/charts/by-type/scatter/tradeXYZ_Inforgraphic_retouch/ch4/e04_cbrs_cross_venue.svg,charts/tradexyz_ch4_e04_cbrs_cross_venue.py,matched bubble_chart|\.scatter\(,svg,26163,6d45152103913c6ac5c69ed4aa7b3fe9b84fd97561204ff225c167e41f5fb223
scatter,tradeXYZ_Inforgraphic_retouch/ch4/e05_cbrs_convergence.png,outputs/charts/by-type/scatter/tradeXYZ_Inforgraphic_retouch/ch4/e05_cbrs_convergence.png,charts/tradexyz_ch4_e05_cbrs_convergence.py,matched bubble_chart|\.scatter\(,png,480511,298e6caad32d00e54fbb74ca6b36a382e5ad4a8386cc86332fc581d69c17f24b
scatter,tradeXYZ_Inforgraphic_retouch/ch4/e05_cbrs_convergence.svg,outputs/charts/by-type/scatter/tradeXYZ_Inforgraphic_retouch/ch4/e05_cbrs_convergence.svg,charts/tradexyz_ch4_e05_cbrs_convergence.py,matched bubble_chart|\.scatter\(,svg,220021,1e4fbf38fecf2e993f4d598efcf3640b021df680588c2e16acd128f984294b76
stacked,tradeXYZ_Inforgraphic_retouch/ch4/e06_spcx_venue_volume.png,outputs/charts/by-type/stacked/tradeXYZ_Inforgraphic_retouch/ch4/e06_spcx_venue_volume.png,charts/tradexyz_ch4_e06_spcx_venue_volume.py,script uses a stacked area,png,396637,8ebb3cd93fbcc4421bcbc3679f77ec52b255f3bafeb6f74d964d6f3565c506da
stacked,tradeXYZ_Inforgraphic_retouch/ch4/e06_spcx_venue_volume.svg,outputs/charts/by-type/stacked/tradeXYZ_Inforgraphic_retouch/ch4/e06_spcx_venue_volume.svg,charts/tradexyz_ch4_e06_spcx_venue_volume.py,script uses a stacked area,svg,42295,6bacf384304c5222c32184931155f58cbf23ab55dbd73c9fc99a641c8a1fc5c9
diagram,tradeXYZ_Inforgraphic_retouch/ch4/e07_spcx_marks_funnel.png,outputs/charts/by-type/diagram/tradeXYZ_Inforgraphic_retouch/ch4/e07_spcx_marks_funnel.png,charts/tradexyz_ch4_e07_spcx_marks_funnel.py,matched lifecycle|funnel|flowchart|diagram|deployer_timeline,png,762075,a0fb660ad11766d8b8c82e11cbc8edd392adb7a61ed96305c1ab6e7f3915cce5
diagram,tradeXYZ_Inforgraphic_retouch/ch4/e07_spcx_marks_funnel.svg,outputs/charts/by-type/diagram/tradeXYZ_Inforgraphic_retouch/ch4/e07_spcx_marks_funnel.svg,charts/tradexyz_ch4_e07_spcx_marks_funnel.py,matched lifecycle|funnel|flowchart|diagram|deployer_timeline,svg,163427,1adc3f18dd8f851a13324316e359f758bb65d248a5cdf956672479f482426929
table-scorecard,tradeXYZ_Inforgraphic_retouch/ch4/e08_spcx_scorecard.png,outputs/charts/by-type/table-scorecard/tradeXYZ_Inforgraphic_retouch/ch4/e08_spcx_scorecard.png,charts/tradexyz_ch4_e08_spcx_scorecard.py,matched scorecard|maturation_table|pipeline_table|\.table\(,png,260424,c25682f98c31b01d5dc201b98b55df9f52860c79cdaf9e16f671cebf2fe2bc32
table-scorecard,tradeXYZ_Inforgraphic_retouch/ch4/e08_spcx_scorecard.svg,outputs/charts/by-type/table-scorecard/tradeXYZ_Inforgraphic_retouch/ch4/e08_spcx_scorecard.svg,charts/tradexyz_ch4_e08_spcx_scorecard.py,matched scorecard|maturation_table|pipeline_table|\.table\(,svg,23187,fe600e5334ca8aea81e0317a7a81e047f91bee56fc0bc03f5723354987b437ae
line,tradeXYZ_Inforgraphic_retouch/ch4/e09_spcx_depth_listing.png,outputs/charts/by-type/line/tradeXYZ_Inforgraphic_retouch/ch4/e09_spcx_depth_listing.png,charts/tradexyz_ch4_e09_spcx_depth_listing.py,script uses plot,png,559014,825c00a250b1cc152e155a4b7222910a0895f243878e58b7b58352dcfc867d32
line,tradeXYZ_Inforgraphic_retouch/ch4/e09_spcx_depth_listing.svg,outputs/charts/by-type/line/tradeXYZ_Inforgraphic_retouch/ch4/e09_spcx_depth_listing.svg,charts/tradexyz_ch4_e09_spcx_depth_listing.py,script uses plot,svg,33243,ad9ca22b3a4436649d8e342ed301ad849037063ada7ca2c9e71f01c5e3b689cf
combo,tradeXYZ_Inforgraphic_retouch/ch6/e610_convergence_three.png,outputs/charts/by-type/combo/tradeXYZ_Inforgraphic_retouch/ch6/e610_convergence_three.png,charts/tradexyz_ch6_e610_convergence_three.py,script uses multiple plotting primitives,png,171572,a034f8d8efca39cc394295590d5bbc0ef0e99b02cd961022dd63e22926473163
combo,tradeXYZ_Inforgraphic_retouch/ch6/e610_convergence_three.svg,outputs/charts/by-type/combo/tradeXYZ_Inforgraphic_retouch/ch6/e610_convergence_three.svg,charts/tradexyz_ch6_e610_convergence_three.py,script uses multiple plotting primitives,svg,21761,dc3d6ecd5c4e69eb4fb26e71d40b2a83985111d5f74f765e033d2cd7970d0b34
line,tradeXYZ_Inforgraphic_retouch/ch6/e612_error_compression.png,outputs/charts/by-type/line/tradeXYZ_Inforgraphic_retouch/ch6/e612_error_compression.png,charts/tradexyz_ch6_e612_error_compression.py,script uses plot,png,214675,81fb8cf8cdea016b66591878d0b12c3fb5257a96abc97cb1023006f9a686b5fb
line,tradeXYZ_Inforgraphic_retouch/ch6/e612_error_compression.svg,outputs/charts/by-type/line/tradeXYZ_Inforgraphic_retouch/ch6/e612_error_compression.svg,charts/tradexyz_ch6_e612_error_compression.py,script uses plot,svg,12729,05b004128926149cb8cb825c85b0fd4f123c26f2f01cf5075b443d66a55190d0
heatmap,tradeXYZ_Inforgraphic_retouch/ch6/e613_hit_by_gap.png,outputs/charts/by-type/heatmap/tradeXYZ_Inforgraphic_retouch/ch6/e613_hit_by_gap.png,charts/tradexyz_ch6_e613_hit_by_gap.py,matched heatmap|pcolormesh|\.imshow\(,png,207235,92cd2d7eb73e686ecc96ae9c05d022fe4b9424ea89a3890a18939ad8e2c1ffa9
heatmap,tradeXYZ_Inforgraphic_retouch/ch6/e613_hit_by_gap.svg,outputs/charts/by-type/heatmap/tradeXYZ_Inforgraphic_retouch/ch6/e613_hit_by_gap.svg,charts/tradexyz_ch6_e613_hit_by_gap.py,matched heatmap|pcolormesh|\.imshow\(,svg,12569,664d3f32622654600cb3445cdc2ea60a62a1707c0da89a3e09394a7ada440250
area,tradeXYZ_Inforgraphic_retouch/ch6/e61_spread_tails.png,outputs/charts/by-type/area/tradeXYZ_Inforgraphic_retouch/ch6/e61_spread_tails.png,charts/tradexyz_ch6_e61_spread_tails.py,script uses fill_between,png,244584,1071337753c7c56cced94ad9b8cf3d604a36e93a9c7ff1c416f9473745ecc6e0
area,tradeXYZ_Inforgraphic_retouch/ch6/e61_spread_tails.svg,outputs/charts/by-type/area/tradeXYZ_Inforgraphic_retouch/ch6/e61_spread_tails.svg,charts/tradexyz_ch6_e61_spread_tails.py,script uses fill_between,svg,26466,47a1ece341c965c79a02000506ec1772d1e2cdf43ac524669982cdfe966368a0
area,tradeXYZ_Inforgraphic_retouch/ch6/e62_depth_migration.png,outputs/charts/by-type/area/tradeXYZ_Inforgraphic_retouch/ch6/e62_depth_migration.png,charts/tradexyz_ch6_e62_depth_migration.py,script uses fill_between,png,227686,523c31e58b08fef7f367dd754dbb5a327deeac9695b5baf103349db37bae18b8
area,tradeXYZ_Inforgraphic_retouch/ch6/e62_depth_migration.svg,outputs/charts/by-type/area/tradeXYZ_Inforgraphic_retouch/ch6/e62_depth_migration.svg,charts/tradexyz_ch6_e62_depth_migration.py,script uses fill_between,svg,22009,5a92207648456043679704ed8586d23616fa2a9ef2068410899a2649f20d61a0
scatter,tradeXYZ_Inforgraphic_retouch/ch6/e65_rwa_vs_crypto.png,outputs/charts/by-type/scatter/tradeXYZ_Inforgraphic_retouch/ch6/e65_rwa_vs_crypto.png,charts/tradexyz_ch6_e65_rwa_vs_crypto.py,matched bubble_chart|\.scatter\(,png,215670,e54d7c9acc96082cab7a5c79decd1b99e0dc4fe2b2a89c216c1723a9360712ad
scatter,tradeXYZ_Inforgraphic_retouch/ch6/e65_rwa_vs_crypto.svg,outputs/charts/by-type/scatter/tradeXYZ_Inforgraphic_retouch/ch6/e65_rwa_vs_crypto.svg,charts/tradexyz_ch6_e65_rwa_vs_crypto.py,matched bubble_chart|\.scatter\(,svg,52179,c08ac6be75883fcc2f2e7a7cff9ec1f5ad744f73fa4dfa029ad47790b4274872
bar,tradeXYZ_Inforgraphic_retouch/ch6/e66_june5_breadth.png,outputs/charts/by-type/bar/tradeXYZ_Inforgraphic_retouch/ch6/e66_june5_breadth.png,charts/tradexyz_ch6_e66_june5_breadth.py,script uses bar/barh,png,275996,2c9b0685683b1e95282916393d90dbca3e968317e9bb289ef2aae6b01a72cff3
bar,tradeXYZ_Inforgraphic_retouch/ch6/e66_june5_breadth.svg,outputs/charts/by-type/bar/tradeXYZ_Inforgraphic_retouch/ch6/e66_june5_breadth.svg,charts/tradexyz_ch6_e66_june5_breadth.py,script uses bar/barh,svg,42894,6f25d647c06262d7b3c7cb37b0b1677578a1923f13e93dc41b76b0254931df7e
line,tradeXYZ_Inforgraphic_retouch/ch6/e67_june5_spread_ratio.png,outputs/charts/by-type/line/tradeXYZ_Inforgraphic_retouch/ch6/e67_june5_spread_ratio.png,charts/tradexyz_ch6_e67_june5_spread_ratio.py,script uses plot,png,415280,c3442c1d5b5d96638bf6a287973ba2d270df9538a87de0531ff5eac0d6400c8a
line,tradeXYZ_Inforgraphic_retouch/ch6/e67_june5_spread_ratio.svg,outputs/charts/by-type/line/tradeXYZ_Inforgraphic_retouch/ch6/e67_june5_spread_ratio.svg,charts/tradexyz_ch6_e67_june5_spread_ratio.py,script uses plot,svg,51604,4252282907b7f35f2d0ae30724aa15bc88099fbd1144e8b691e6d2132ecca861
line,tradeXYZ_Inforgraphic_retouch/ch6/e69_accuracy_conventions.png,outputs/charts/by-type/line/tradeXYZ_Inforgraphic_retouch/ch6/e69_accuracy_conventions.png,charts/tradexyz_ch6_e69_accuracy_conventions.py,script uses plot,png,217722,ada4b51cd1a765f73902e33cd256f09d500f1cba177c048533ebdbfedc41af13
line,tradeXYZ_Inforgraphic_retouch/ch6/e69_accuracy_conventions.svg,outputs/charts/by-type/line/tradeXYZ_Inforgraphic_retouch/ch6/e69_accuracy_conventions.svg,charts/tradexyz_ch6_e69_accuracy_conventions.py,script uses plot,svg,16714,6b98a0325962c59d9900926f262d04623c9cc2a20b86c44ee849b6e6db4b0cfd
heatmap,tradeXYZ_Inforgraphic_retouch/ch7/e71_deployer_timeline.png,outputs/charts/by-type/heatmap/tradeXYZ_Inforgraphic_retouch/ch7/e71_deployer_timeline.png,charts/tradexyz_ch7_e71_deployer_timeline.py,matched heatmap|pcolormesh|\.imshow\(,png,219231,8a149825796ffa1b090482f10b36cb0f8123edb36e7718fd8e100c31b1c4e6b8
heatmap,tradeXYZ_Inforgraphic_retouch/ch7/e71_deployer_timeline.svg,outputs/charts/by-type/heatmap/tradeXYZ_Inforgraphic_retouch/ch7/e71_deployer_timeline.svg,charts/tradexyz_ch7_e71_deployer_timeline.py,matched heatmap|pcolormesh|\.imshow\(,svg,16372,f6df956d2b3e85cf33b26da173d6b793ee1f3cfa3097c5fe31e9495281d029c3
line,tradeXYZ_Inforgraphic_retouch/ch7/e73_share_curve.png,outputs/charts/by-type/line/tradeXYZ_Inforgraphic_retouch/ch7/e73_share_curve.png,charts/tradexyz_ch7_e73_share_curve.py,script uses plot,png,313416,cf6922ceb8c42b67cde2cb004be643edef7182d2114801403b115e1f6ac7237a
line,tradeXYZ_Inforgraphic_retouch/ch7/e73_share_curve.svg,outputs/charts/by-type/line/tradeXYZ_Inforgraphic_retouch/ch7/e73_share_curve.svg,charts/tradexyz_ch7_e73_share_curve.py,script uses plot,svg,19906,45d90223e4f15f292abc1520e9ce39c1f2f5942a45afe2c3b5ac6157fd775bea
heatmap,tradeXYZ_Inforgraphic_retouch/ch7/e74_concentration.png,outputs/charts/by-type/heatmap/tradeXYZ_Inforgraphic_retouch/ch7/e74_concentration.png,charts/tradexyz_ch7_e74_concentration.py,matched heatmap|pcolormesh|\.imshow\(,png,200172,cb2a2b769da516734f1038631d51b8306e5522e3e009ab3b530d768b4db31a9d
heatmap,tradeXYZ_Inforgraphic_retouch/ch7/e74_concentration.svg,outputs/charts/by-type/heatmap/tradeXYZ_Inforgraphic_retouch/ch7/e74_concentration.svg,charts/tradexyz_ch7_e74_concentration.py,matched heatmap|pcolormesh|\.imshow\(,svg,16178,cf5cc6fb324a1eb4e21b1118b01061c2197e5467c9c2dee456c0b6502dff6be0
other,모나드 최신화(9-15)/.backups/chart1-before-sep15-data.svg,outputs/charts/by-type/other/모나드 최신화(9-15)/.backups/chart1-before-sep15-data.svg,,no reliable type signal,svg,92558,64edd319816634d30f42cf279436b065553d8da6d2ae6289c13cdb2c9e9ea0eb
other,모나드 최신화(9-15)/.backups/chart1-before-single-text.svg,outputs/charts/by-type/other/모나드 최신화(9-15)/.backups/chart1-before-single-text.svg,,no reliable type signal,svg,92522,a1e3c074cb53e0a70d0fc4eb9d965e39e35f098f6baebba6897c842037b60734
other,모나드 최신화(9-15)/.backups/chart1-before-title-wording-update.svg,outputs/charts/by-type/other/모나드 최신화(9-15)/.backups/chart1-before-title-wording-update.svg,,no reliable type signal,svg,92522,a1e3c074cb53e0a70d0fc4eb9d965e39e35f098f6baebba6897c842037b60734
other,모나드 최신화(9-15)/.backups/chart2-before-title-wording-update.svg,outputs/charts/by-type/other/모나드 최신화(9-15)/.backups/chart2-before-title-wording-update.svg,,no reliable type signal,svg,125992,f031f8b21d6a5733b505d12c99b680821824c1c5c8af6d4fefcc41e60feb0ff4
other,모나드 최신화(9-15)/.backups/chart3-before-title-wording-update.svg,outputs/charts/by-type/other/모나드 최신화(9-15)/.backups/chart3-before-title-wording-update.svg,,no reliable type signal,svg,78080,d968cfc70ae0726dbb8c3d112a312f2941b1443bc50372b57f60b3330d870d26
other,모나드 최신화(9-15)/.backups/chart4-before-clob-agg-update.svg,outputs/charts/by-type/other/모나드 최신화(9-15)/.backups/chart4-before-clob-agg-update.svg,,no reliable type signal,svg,106156,96d26e015460174e967b9507eeafd1a0d6b062aaa7733f83493bea5071d4563c
other,모나드 최신화(9-15)/.backups/chart4-before-log-scale.svg,outputs/charts/by-type/other/모나드 최신화(9-15)/.backups/chart4-before-log-scale.svg,,no reliable type signal,svg,158100,f9dde0fc3bb3b7634ab48350d6babe8c9a1726483c98889a375eba54ed672da3
other,모나드 최신화(9-15)/.backups/chart4-before-merge-series.svg,outputs/charts/by-type/other/모나드 최신화(9-15)/.backups/chart4-before-merge-series.svg,,no reliable type signal,svg,158114,f39cf1f9ab03862862543cfeafacd0f6bca72e12111596504356f0a91483937e
other,모나드 최신화(9-15)/.backups/chart4-before-remove-combined.svg,outputs/charts/by-type/other/모나드 최신화(9-15)/.backups/chart4-before-remove-combined.svg,,no reliable type signal,svg,166657,f6a7a9fb8b5f29b7b9fbcbc58de294e389b9ccd0f91278d4b6ce6509a088ecb1
other,모나드 최신화(9-15)/.backups/chart4-before-stack-line.svg,outputs/charts/by-type/other/모나드 최신화(9-15)/.backups/chart4-before-stack-line.svg,,no reliable type signal,svg,159845,7111f56f9a4d55229b67d48d470abc9eba410d834b5e27fbfff19c71da5de66a
stacked,모나드 최신화(9-15)/1.Kuru's Share Of Monad DEX Volume Climbed From 1.2% To 67.8% In Ten Months.png,outputs/charts/by-type/stacked/모나드 최신화(9-15)/1.Kuru's Share Of Monad DEX Volume Climbed From 1.2% To 67.8% In Ten Months.png,,filename matched stacked|composition|breakdown|share,png,261312,7f772203f03bd5a143b620ad3cdbb69570980336e1b7c64326fc41905a6c1b2f
stacked,모나드 최신화(9-15)/1.Kuru's Share Of Monad DEX Volume Climbed From 1.2% To 67.8% In Ten Months.svg,outputs/charts/by-type/stacked/모나드 최신화(9-15)/1.Kuru's Share Of Monad DEX Volume Climbed From 1.2% To 67.8% In Ten Months.svg,,filename matched stacked|composition|breakdown|share,svg,92422,534f024c9f7dcf0f0268e1b12e273d5f6308bb29214d4bbbaa07e4e11a9ae45e
other,"모나드 최신화(9-15)/10.Neverland's Incentive Loop Unwound Fast_ Borrows Fell 95%  From Their $122.5M April Peak, Slipped Back Below Deposits On June.png","outputs/charts/by-type/other/모나드 최신화(9-15)/10.Neverland's Incentive Loop Unwound Fast_ Borrows Fell 95%  From Their $122.5M April Peak, Slipped Back Below Deposits On June.png",,no reliable type signal,png,224812,80e788ed63ea7a96b913e50e3e57ae4b5bd3a6545b10ee7523be4afc9184bedb
other,"모나드 최신화(9-15)/10.Neverland's Incentive Loop Unwound Fast_ Borrows Fell 95%  From Their $122.5M April Peak, Slipped Back Below Deposits On June.svg","outputs/charts/by-type/other/모나드 최신화(9-15)/10.Neverland's Incentive Loop Unwound Fast_ Borrows Fell 95%  From Their $122.5M April Peak, Slipped Back Below Deposits On June.svg",,no reliable type signal,svg,231799,53fa18988bb926ee223c5520a612ca5af184c42c7f6b5f4fbc9e8a135ca06b92
line,"모나드 최신화(9-15)/11.Lending Dominates Monad's TVL_ Aave V3, Euler V2, Morpho Blue,  And Curvance Hold The Top Four Spots With Roughly $900M Combined.png","outputs/charts/by-type/line/모나드 최신화(9-15)/11.Lending Dominates Monad's TVL_ Aave V3, Euler V2, Morpho Blue,  And Curvance Hold The Top Four Spots With Roughly $900M Combined.png",,filename matched trend|price|tvl|volume|revenue|growth|supply|fees|ratio|rate|daily|weekly|monthly,png,205816,3ce65a0e75b978301f29d2af0506c53022c6a51d2312e2ab564df7501b4a3d87
line,"모나드 최신화(9-15)/11.Lending Dominates Monad's TVL_ Aave V3, Euler V2, Morpho Blue,  And Curvance Hold The Top Four Spots With Roughly $900M Combined.svg","outputs/charts/by-type/line/모나드 최신화(9-15)/11.Lending Dominates Monad's TVL_ Aave V3, Euler V2, Morpho Blue,  And Curvance Hold The Top Four Spots With Roughly $900M Combined.svg",,filename matched trend|price|tvl|volume|revenue|growth|supply|fees|ratio|rate|daily|weekly|monthly,svg,69697,1c25ee868442605bb29e3c5b47f59e8b17114834e7aa818b6f2d6d3c48380a56
other,모나드 최신화(9-15)/12.TownSquare's Borrows Spiked To ~$2.7M In January And ~$1.3M In June But Settled Back Near $0.3M.png,outputs/charts/by-type/other/모나드 최신화(9-15)/12.TownSquare's Borrows Spiked To ~$2.7M In January And ~$1.3M In June But Settled Back Near $0.3M.png,,no reliable type signal,png,170512,d8d0ee72a72371b4a9de6f96eb4ad129263da5628267858e165eec3ea840a7ec
other,모나드 최신화(9-15)/12.TownSquare's Borrows Spiked To ~$2.7M In January And ~$1.3M In June But Settled Back Near $0.3M.svg,outputs/charts/by-type/other/모나드 최신화(9-15)/12.TownSquare's Borrows Spiked To ~$2.7M In January And ~$1.3M In June But Settled Back Near $0.3M.svg,,no reliable type signal,svg,76326,7527f061c01534c121b061b2ed93a303a2a737dd38f6ac722b2f2bf82f284cb3
sankey-flow,"모나드 최신화(9-15)/13.Fastlane's Dollar TVL Slid With MON's Price,  But Deposits Turned Back To Net Inflows.png","outputs/charts/by-type/sankey-flow/모나드 최신화(9-15)/13.Fastlane's Dollar TVL Slid With MON's Price,  But Deposits Turned Back To Net Inflows.png",,filename matched sankey|flow,png,179652,41c3d797a8da3269037d0fff766dc000587677f783926446b28e12f5596fbc25
sankey-flow,"모나드 최신화(9-15)/13.Fastlane's Dollar TVL Slid With MON's Price,  But Deposits Turned Back To Net Inflows.svg","outputs/charts/by-type/sankey-flow/모나드 최신화(9-15)/13.Fastlane's Dollar TVL Slid With MON's Price,  But Deposits Turned Back To Net Inflows.svg",,filename matched sankey|flow,svg,76539,b344bdd6d317d0ab0eef2fb3033561583c98983e35262bb80453b14354da92a7
line,모나드 최신화(9-15)/14.aPriori’s TVL Drifted From ~$0.85M To ~$0.6M In Two Months.png,outputs/charts/by-type/line/모나드 최신화(9-15)/14.aPriori’s TVL Drifted From ~$0.85M To ~$0.6M In Two Months.png,,filename matched trend|price|tvl|volume|revenue|growth|supply|fees|ratio|rate|daily|weekly|monthly,png,169971,6fc3547a9493dc8892a17653df3bbe5509739ade7a2be30c74f1c5dbcf6e0d91
line,모나드 최신화(9-15)/14.aPriori’s TVL Drifted From ~$0.85M To ~$0.6M In Two Months.svg,outputs/charts/by-type/line/모나드 최신화(9-15)/14.aPriori’s TVL Drifted From ~$0.85M To ~$0.6M In Two Months.svg,,filename matched trend|price|tvl|volume|revenue|growth|supply|fees|ratio|rate|daily|weekly|monthly,svg,270723,dedb9c4c7878ce747fef669b3d7b6a57d84a5bc602f6a6466ed6cb969e6e6874
line,"모나드 최신화(9-15)/15.Kintsu's TVL Is Down 66% From Its January Peak To ~$2.0M,  And Magma's Is Down 59% To ~$1.0M.png","outputs/charts/by-type/line/모나드 최신화(9-15)/15.Kintsu's TVL Is Down 66% From Its January Peak To ~$2.0M,  And Magma's Is Down 59% To ~$1.0M.png",,filename matched trend|price|tvl|volume|revenue|growth|supply|fees|ratio|rate|daily|weekly|monthly,png,206554,0ac36066ffe11eef744cdea6db1730ea2866f5f1a20ff7ebf1914c4e81dcbdd1
line,"모나드 최신화(9-15)/15.Kintsu's TVL Is Down 66% From Its January Peak To ~$2.0M,  And Magma's Is Down 59% To ~$1.0M.svg","outputs/charts/by-type/line/모나드 최신화(9-15)/15.Kintsu's TVL Is Down 66% From Its January Peak To ~$2.0M,  And Magma's Is Down 59% To ~$1.0M.svg",,filename matched trend|price|tvl|volume|revenue|growth|supply|fees|ratio|rate|daily|weekly|monthly,svg,114760,883fae93789872d8269a722ac0bebbf26c87a608e1dc52706dd84609ac528b8d
line,모나드 최신화(9-15)/16.Mu Digital's TVL Fell 20% In Three Weeks From Its $21.6M June Peak.svg,outputs/charts/by-type/line/모나드 최신화(9-15)/16.Mu Digital's TVL Fell 20% In Three Weeks From Its $21.6M June Peak.svg,,filename matched trend|price|tvl|volume|revenue|growth|supply|fees|ratio|rate|daily|weekly|monthly,svg,89624,10ab771f1e45f8b6a6a4f1a6b4414026af43adc6bc7cb10e5a5c1c1a7ced419d
line,"모나드 최신화(9-15)/17.Kizzy's First-Time Depositors Climbed ~1,500  Across Three Growth Waves.svg","outputs/charts/by-type/line/모나드 최신화(9-15)/17.Kizzy's First-Time Depositors Climbed ~1,500  Across Three Growth Waves.svg",,filename matched trend|price|tvl|volume|revenue|growth|supply|fees|ratio|rate|daily|weekly|monthly,svg,155735,5a9200022cc82a126f5a199b824347747d2491aef6e9a314c74b9c2317739824
other,모나드 최신화(9-15)/18.Kizzy's Vault Balance Jumped To ~$100K USDC In June.svg,outputs/charts/by-type/other/모나드 최신화(9-15)/18.Kizzy's Vault Balance Jumped To ~$100K USDC In June.svg,,no reliable type signal,svg,111817,9915c74c392030f830b80fa7e07e3b0555acc9cbf92fbbc2f7e60787a1ac7cb4
line,"모나드 최신화(9-15)/2.Monad's Daily DEX Volume Has Trended Down Since Its Launch Spike, While Kuru Moved The Opposite Way.svg","outputs/charts/by-type/line/모나드 최신화(9-15)/2.Monad's Daily DEX Volume Has Trended Down Since Its Launch Spike, While Kuru Moved The Opposite Way.svg",,filename matched trend|price|tvl|volume|revenue|growth|supply|fees|ratio|rate|daily|weekly|monthly,svg,125940,a9210599799c2fb3e28da3418b109fd6bb5eef3544076353840ab5a07415e1f8
line,"모나드 최신화(9-15)/3.Kuru's TVL Halved From Its ~$2.2M December Peak To ~$1.3M, Yet Still Turns Over 2,300x Its TVL In Monthly Volume.png","outputs/charts/by-type/line/모나드 최신화(9-15)/3.Kuru's TVL Halved From Its ~$2.2M December Peak To ~$1.3M, Yet Still Turns Over 2,300x Its TVL In Monthly Volume.png",,filename matched trend|price|tvl|volume|revenue|growth|supply|fees|ratio|rate|daily|weekly|monthly,png,192632,c9d51d92b158991f63330ba43f6938d135d6dcfdb70049e36b817d8966adc4bc
line,"모나드 최신화(9-15)/3.Kuru's TVL Halved From Its ~$2.2M December Peak To ~$1.3M, Yet Still Turns Over 2,300x Its TVL In Monthly Volume.svg","outputs/charts/by-type/line/모나드 최신화(9-15)/3.Kuru's TVL Halved From Its ~$2.2M December Peak To ~$1.3M, Yet Still Turns Over 2,300x Its TVL In Monthly Volume.svg",,filename matched trend|price|tvl|volume|revenue|growth|supply|fees|ratio|rate|daily|weekly|monthly,svg,78032,5a36d4432de0fe431200bdd5a88385950546dbdafe989995a6102e314797c112
line,모나드 최신화(9-15)/4.Kuru's Reported Fees Remain Small Despite Record Trading Volume.png,outputs/charts/by-type/line/모나드 최신화(9-15)/4.Kuru's Reported Fees Remain Small Despite Record Trading Volume.png,,filename matched trend|price|tvl|volume|revenue|growth|supply|fees|ratio|rate|daily|weekly|monthly,png,146873,2990b65791821d11dbc1201e3800c7211a8e1fc1591520cfebd3ccdd43835707
line,모나드 최신화(9-15)/4.Kuru's Reported Fees Remain Small Despite Record Trading Volume.svg,outputs/charts/by-type/line/모나드 최신화(9-15)/4.Kuru's Reported Fees Remain Small Despite Record Trading Volume.svg,,filename matched trend|price|tvl|volume|revenue|growth|supply|fees|ratio|rate|daily|weekly|monthly,svg,106132,029540349a71adcfee4ec4e5e795c2b48491e04b79ce4ca1dbe51d9b3d71f697
line,"모나드 최신화(9-15)/5.Kuru's Daily Volume Bottomed In December, Ramped Through February, And Spiked To A Record ~$450M In Late June.png","outputs/charts/by-type/line/모나드 최신화(9-15)/5.Kuru's Daily Volume Bottomed In December, Ramped Through February, And Spiked To A Record ~$450M In Late June.png",,filename matched trend|price|tvl|volume|revenue|growth|supply|fees|ratio|rate|daily|weekly|monthly,png,161204,8f35abbff818e28f167f001cd49bbe469410c345e8364ff9d90d2517938b5e36
line,"모나드 최신화(9-15)/5.Kuru's Daily Volume Bottomed In December, Ramped Through February, And Spiked To A Record ~$450M In Late June.svg","outputs/charts/by-type/line/모나드 최신화(9-15)/5.Kuru's Daily Volume Bottomed In December, Ramped Through February, And Spiked To A Record ~$450M In Late June.svg",,filename matched trend|price|tvl|volume|revenue|growth|supply|fees|ratio|rate|daily|weekly|monthly,svg,153829,bfe7d5e7bcfbac03f66613b252db15728c51fa1019036d6653ee85f831cf82bd
line,모나드 최신화(9-15)/6.Perpl's TVL Nearly Doubled In A Month After Its June Public Launch And First Points Program.png,outputs/charts/by-type/line/모나드 최신화(9-15)/6.Perpl's TVL Nearly Doubled In A Month After Its June Public Launch And First Points Program.png,,filename matched trend|price|tvl|volume|revenue|growth|supply|fees|ratio|rate|daily|weekly|monthly,png,163839,7c640bb96f3ce401e9da1918ae5da910f1d10b32125563d5da75044b8908787f
line,모나드 최신화(9-15)/6.Perpl's TVL Nearly Doubled In A Month After Its June Public Launch And First Points Program.svg,outputs/charts/by-type/line/모나드 최신화(9-15)/6.Perpl's TVL Nearly Doubled In A Month After Its June Public Launch And First Points Program.svg,,filename matched trend|price|tvl|volume|revenue|growth|supply|fees|ratio|rate|daily|weekly|monthly,svg,72438,8f7045fcb4808d40417495fab59dd4032d12eeed7d6bb1766be2d154527625d1
line,"모나드 최신화(9-15)/7.LeverUp's TVL Ground Steadily Higher To ~$2.7M, With Over 60% Of Deposits Held In WMON.png","outputs/charts/by-type/line/모나드 최신화(9-15)/7.LeverUp's TVL Ground Steadily Higher To ~$2.7M, With Over 60% Of Deposits Held In WMON.png",,filename matched trend|price|tvl|volume|revenue|growth|supply|fees|ratio|rate|daily|weekly|monthly,png,164754,c524cc201bcfaef1a38011284ffeeb9603807ccbc49256256488a3f0d356d033
line,"모나드 최신화(9-15)/7.LeverUp's TVL Ground Steadily Higher To ~$2.7M, With Over 60% Of Deposits Held In WMON.svg","outputs/charts/by-type/line/모나드 최신화(9-15)/7.LeverUp's TVL Ground Steadily Higher To ~$2.7M, With Over 60% Of Deposits Held In WMON.svg",,filename matched trend|price|tvl|volume|revenue|growth|supply|fees|ratio|rate|daily|weekly|monthly,svg,84785,d9d09d679b9fc363fc4ba463c1e9e8fa2d3d43c963e7e3fae7fa796e87c159ca
line,모나드 최신화(9-15)/8.Nad.fun‘s $70M Cumulative Volume Came In Mainnet Week One.png,outputs/charts/by-type/line/모나드 최신화(9-15)/8.Nad.fun‘s $70M Cumulative Volume Came In Mainnet Week One.png,,filename matched trend|price|tvl|volume|revenue|growth|supply|fees|ratio|rate|daily|weekly|monthly,png,155689,fa962e5667bcc95afbb03b101c28b9005b9e7d5a25d225d727cdca0bde334f5c
line,모나드 최신화(9-15)/8.Nad.fun‘s $70M Cumulative Volume Came In Mainnet Week One.svg,outputs/charts/by-type/line/모나드 최신화(9-15)/8.Nad.fun‘s $70M Cumulative Volume Came In Mainnet Week One.svg,,filename matched trend|price|tvl|volume|revenue|growth|supply|fees|ratio|rate|daily|weekly|monthly,svg,164495,8fcbdf37d53be49a8dda079e5825153d0ea73489d8b32999029e79a821d6a4c6
line,모나드 최신화(9-15)/9.Curvance's TVL Grew More Than 17x To A Record $141.3M  While Monthly Fees Fell For Five Straight Months.png,outputs/charts/by-type/line/모나드 최신화(9-15)/9.Curvance's TVL Grew More Than 17x To A Record $141.3M  While Monthly Fees Fell For Five Straight Months.png,,filename matched trend|price|tvl|volume|revenue|growth|supply|fees|ratio|rate|daily|weekly|monthly,png,217511,7465ca305490c2229f70269f062840ee5e0a49f5eac730af1c53742834e3da3a
line,모나드 최신화(9-15)/9.Curvance's TVL Grew More Than 17x To A Record $141.3M  While Monthly Fees Fell For Five Straight Months.svg,outputs/charts/by-type/line/모나드 최신화(9-15)/9.Curvance's TVL Grew More Than 17x To A Record $141.3M  While Monthly Fees Fell For Five Straight Months.svg,,filename matched trend|price|tvl|volume|revenue|growth|supply|fees|ratio|rate|daily|weekly|monthly,svg,231449,03e1ca96285c618afd366f706a759a58b475516ddb6d2f752c220876afb0db87
