date,price_usd,difficulty_t,fees_btc,block_subsidy_btc,hashprice_usd_per_ph_day,hashprice_7d
2017-01-01,964.84,0.3177,65.0795,12.5,791.3028,
2017-01-02,997.36,0.3177,112.8841,12.5,838.9395,
2017-01-03,1013.42,0.3177,117.5087,12.5,854.5094,828.2506
2017-01-04,1037.83,0.3177,193.3374,12.5,909.6977,848.6124
2017-01-05,1109.16,0.3177,114.9919,12.5,934.0093,865.6917
2017-01-06,999.65,0.3177,127.7707,12.5,847.4096,862.6447
2017-01-07,891.95,0.3177,106.3384,12.5,747.7054,846.2248
2017-01-08,906.16,0.3177,91.2413,12.5,753.6017,840.8389
2017-01-09,910.49,0.3177,102.0459,12.5,761.5286,829.7802
2017-01-10,896.92,0.3195,119.9409,12.5,752.9678,815.2743
2017-01-11,903.66,0.3369,111.8209,12.5,716.3788,787.6573
2017-01-12,780.92,0.3369,105.5039,12.5,617.0308,742.3747
2017-01-13,805.52,0.3369,96.9954,12.5,633.6261,711.8342
2017-01-14,825.0,0.3369,86.8567,12.5,645.4808,697.2307
2017-01-15,819.55,0.3369,82.2243,12.5,639.6425,680.9508
2017-01-16,822.01,0.3369,103.6427,12.5,648.863,664.8557
2017-01-17,830.56,0.3369,109.3931,12.5,657.5924,651.2306
2017-01-18,906.6,0.3369,107.9363,12.5,717.2491,651.355
2017-01-19,885.44,0.3369,112.3957,12.5,702.1459,663.5143
2017-01-20,903.1,0.3369,104.8496,12.5,713.3243,674.8997
2017-01-21,895.64,0.3369,94.5896,12.5,703.6215,683.2055
2017-01-22,921.99,0.3395,87.1149,12.5,715.9866,694.1118
2017-01-23,922.33,0.393,109.0117,12.5,625.9424,690.8375
2017-01-24,919.97,0.393,143.1652,12.5,635.5106,687.6829
2017-01-25,883.59,0.393,135.0081,12.5,607.8172,672.0498
2017-01-26,893.14,0.393,123.5563,12.5,610.7506,658.9933
2017-01-27,915.05,0.393,114.0437,12.5,622.6387,646.0382
2017-01-28,918.01,0.393,122.5351,12.5,627.424,635.1529
2017-01-29,918.62,0.393,119.8378,12.5,626.9601,622.4348
2017-01-30,912.19,0.393,135.1561,12.5,627.539,622.6629
2017-01-31,920.0,0.393,145.6616,12.5,636.3478,622.7825
2017-02-01,964.1,0.393,154.9166,12.5,670.0231,631.669
2017-02-02,983.42,0.393,142.3006,12.5,679.0393,641.4246
2017-02-03,1008.67,0.393,162.4212,12.5,703.689,653.0032
2017-02-04,1015.65,0.3936,138.6464,12.5,698.8996,663.214
2017-02-05,1034.07,0.4222,136.1787,12.5,662.5197,668.2939
2017-02-06,1011.08,0.4222,154.9302,12.5,654.064,672.0832
2017-02-07,1023.96,0.4222,170.7567,12.5,667.7585,676.5705
2017-02-08,1052.84,0.4222,157.1449,12.5,681.8499,678.26
2017-02-09,1050.7,0.4222,174.1857,12.5,686.3888,679.3099
2017-02-10,985.34,0.4222,139.7792,12.5,632.4728,669.1362
2017-02-11,997.59,0.4222,117.08,12.5,632.8427,659.6995
2017-02-12,1012.46,0.4222,102.5106,12.5,637.3946,656.1102
2017-02-13,1000.74,0.4222,136.7724,12.5,641.3621,654.2956
2017-02-14,1001.2,0.4222,140.9913,12.5,643.0546,650.7665
2017-02-15,1007.08,0.4222,134.0489,12.5,644.5177,645.4333
2017-02-16,1011.25,0.4222,169.8772,12.5,659.1756,641.5457
2017-02-17,1035.2,0.4222,165.8444,12.5,673.4058,647.3933
2017-02-18,1054.55,0.4329,152.229,12.5,664.2892,651.8857
2017-02-19,1056.0,0.4408,129.4438,12.5,645.7518,653.0795
2017-02-20,1050.87,0.4408,159.914,12.5,652.7631,654.7083
2017-02-21,1084.06,0.4408,165.8171,12.5,675.4077,659.3301
2017-02-22,1125.0,0.4408,182.0357,12.5,706.6976,668.213
2017-02-23,1130.01,0.4408,211.6547,12.5,720.4525,676.9668
2017-02-24,1187.41,0.4408,226.7099,12.5,762.7143,689.7252
2017-02-25,1180.14,0.4408,191.3042,12.5,744.8018,701.227
2017-02-26,1150.37,0.4408,161.1726,12.5,715.0279,711.1236
2017-02-27,1180.46,0.4408,195.3875,12.5,746.5315,724.519
2017-02-28,1194.17,0.4408,227.3715,12.5,767.3069,737.6475
2017-03-01,1190.89,0.4408,229.5904,12.5,766.0368,746.1245
2017-03-02,1224.98,0.4408,252.2266,12.5,796.7534,757.0247
2017-03-03,1257.6,0.4455,259.6861,12.5,812.1622,764.0886
2017-03-04,1287.0,0.4608,220.2955,12.5,788.3176,770.3052
2017-03-05,1262.2,0.4608,216.6962,12.5,771.7497,778.4083
2017-03-06,1271.04,0.4608,238.9809,12.5,785.7424,784.0099
2017-03-07,1279.5,0.4608,269.7719,12.5,802.9169,789.097
2017-03-08,1233.88,0.4608,233.7308,12.5,760.8064,788.3498
2017-03-09,1155.11,0.4608,236.6718,12.5,713.2671,776.4232
2017-03-10,1192.09,0.4608,257.918,12.5,743.7807,766.6544
2017-03-11,1104.94,0.4608,217.6677,12.5,675.9213,750.5978
2017-03-12,1176.59,0.4608,190.6288,12.5,710.1061,741.7916
2017-03-13,1227.68,0.4608,220.7509,12.5,752.1523,736.993
2017-03-14,1240.72,0.4608,256.5317,12.5,773.6009,732.805
2017-03-15,1246.72,0.4608,236.255,12.5,769.6777,734.0723
2017-03-16,1257.0,0.4608,264.5516,12.5,786.8081,744.5782
2017-03-17,1170.2,0.4699,244.589,12.5,711.3199,739.9409
2017-03-18,1068.3,0.4757,217.0577,12.5,632.7979,733.7804
2017-03-19,967.69,0.4757,211.6279,12.5,571.6595,714.0023
2017-03-20,1010.99,0.4757,241.1579,12.5,606.006,693.1243
2017-03-21,1031.5,0.4757,248.6366,12.5,620.5655,671.2621
2017-03-22,1113.0,0.4757,265.8452,12.5,675.2218,657.7684
2017-03-23,1030.2,0.4757,235.9981,12.5,615.9598,633.3615
2017-03-24,1029.99,0.4757,231.5505,12.5,614.489,619.5285
2017-03-25,927.93,0.4757,182.0077,12.5,540.0998,606.2859
2017-03-26,961.81,0.4757,154.6518,12.5,552.0929,603.4907
2017-03-27,959.47,0.4757,194.8438,12.5,562.0744,597.2147
2017-03-28,1041.04,0.4757,233.2218,12.5,621.5923,597.3614
2017-03-29,1042.77,0.4757,212.9358,12.5,616.4132,588.9602
2017-03-30,1039.77,0.4829,203.4045,12.5,602.6711,587.0618
2017-03-31,1034.74,0.4996,217.277,12.5,583.6258,582.6528
2017-04-01,1073.09,0.4996,190.6426,12.5,597.2652,590.8193
2017-04-02,1082.81,0.4996,180.7364,12.5,599.676,597.6169
2017-04-03,1079.99,0.4996,221.0392,12.5,610.2843,604.504
2017-04-04,1146.98,0.4996,200.3028,12.5,641.4892,607.3464
2017-04-05,1141.23,0.4996,236.2986,12.5,649.7591,612.1101
2017-04-06,1133.53,0.4996,221.7198,12.5,640.7546,617.5506
2017-04-07,1193.73,0.4996,225.1468,12.5,675.9279,630.7366
2017-04-08,1190.22,0.4996,171.613,12.5,656.1251,639.1452
2017-04-09,1184.03,0.4996,168.0598,12.5,651.5365,646.5538
2017-04-10,1206.18,0.4996,197.2659,12.5,673.5746,655.5953
2017-04-11,1209.99,0.4996,226.3467,12.5,685.5407,661.8884
2017-04-12,1219.09,0.4996,212.1552,12.5,685.8592,667.0455
2017-04-13,1212.17,0.5178,216.6677,12.5,659.5088,669.7247
2017-04-14,1174.43,0.5208,235.4845,12.5,641.2215,664.7666
2017-04-15,1170.36,0.5208,201.5536,12.5,628.3474,660.7984
2017-04-16,1190.5,0.5208,158.8563,12.5,625.5256,657.0825
2017-04-17,1161.1,0.5208,180.7283,12.5,616.8899,648.9847
2017-04-18,1176.97,0.5208,220.2069,12.5,637.7851,642.1625
2017-04-19,1201.2,0.5208,209.5294,12.5,647.4747,636.679
2017-04-20,1205.0,0.5208,228.3756,12.5,655.6145,636.1227
2017-04-21,1236.63,0.5208,244.3891,12.5,678.1354,641.3961
2017-04-22,1243.61,0.5208,180.3405,12.5,660.5979,646.0033
2017-04-23,1233.24,0.5208,169.6731,12.5,651.5607,649.7226
2017-04-24,1240.84,0.5208,187.9614,12.5,661.663,656.1188
2017-04-25,1253.57,0.5208,271.6274,12.5,696.5838,664.5186
2017-04-26,1272.67,0.5208,253.8437,12.5,701.1264,672.1831
2017-04-27,1288.02,0.5218,256.4473,12.5,709.0787,679.8208
2017-04-28,1330.33,0.522,249.6842,12.5,729.7741,687.1978
2017-04-29,1330.7,0.522,256.3765,12.5,732.3604,697.4496
2017-04-30,1333.0,0.522,199.3076,12.5,713.2666,706.2647
2017-05-01,1354.8,0.522,227.7489,12.5,735.2439,716.7763
2017-05-02,1390.86,0.522,272.6797,12.5,771.5387,727.4841
2017-05-03,1447.55,0.522,247.3437,12.5,793.1702,740.6332
2017-05-04,1501.0,0.522,307.0957,12.5,846.4612,760.2593
2017-05-05,1537.23,0.522,261.3117,12.5,848.0561,777.1567
2017-05-06,1518.75,0.522,296.5737,12.5,852.1941,794.2758
2017-05-07,1554.04,0.522,277.0358,12.5,863.8697,815.7906
2017-05-08,1558.74,0.522,316.4496,12.5,882.9247,836.8878
2017-05-09,1651.1,0.522,302.9615,12.5,929.2804,859.4223
2017-05-10,1720.26,0.5551,303.265,12.5,910.5708,876.1939
2017-05-11,1774.52,0.56,279.5802,12.5,920.6245,886.7886
2017-05-12,1829.0,0.56,322.0506,12.5,968.2675,903.9617
2017-05-13,1692.88,0.56,301.1944,12.5,887.3978,908.9908
2017-05-14,1770.8,0.56,297.4762,12.5,926.6004,917.9523
2017-05-15,1780.0,0.56,327.3038,12.5,944.6598,926.7716
2017-05-16,1717.91,0.56,343.409,12.5,918.6105,925.2473
2017-05-17,1708.99,0.56,485.9361,12.5,974.607,934.3954
2017-05-18,1783.98,0.56,392.0214,12.5,975.5751,942.2454
2017-05-19,1879.99,0.56,442.8119,12.5,1051.8997,954.1929
2017-05-20,1957.38,0.56,387.7539,12.5,1068.3155,980.0383
2017-05-21,2008.84,0.56,352.7885,12.5,1078.8788,1001.7923
2017-05-22,2017.55,0.56,406.638,12.5,1110.6605,1025.5067
2017-05-23,2099.98,0.5842,468.3836,12.5,1139.1922,1057.0184
2017-05-24,2256.32,0.5959,472.94,12.5,1202.2387,1089.5372
2017-05-25,2421.49,0.5959,498.8794,12.5,1304.9711,1136.5938
2017-05-26,2277.01,0.5959,469.7962,12.5,1211.5849,1159.406
2017-05-27,2279.82,0.5959,528.8278,12.5,1244.6292,1184.5936
2017-05-28,2047.76,0.5959,421.485,12.5,1066.4107,1182.8125
2017-05-29,2177.38,0.5959,494.9044,12.5,1171.3882,1191.4879
2017-05-30,2290.02,0.5959,588.3879,12.5,1282.1716,1211.9135
2017-05-31,2204.89,0.5959,570.4199,12.5,1225.2204,1215.1966
2017-06-01,2298.01,0.5959,569.07,12.5,1276.2385,1211.0919
2017-06-02,2409.93,0.5959,470.1519,12.5,1282.5118,1221.2243
2017-06-03,2488.98,0.5959,545.6473,12.5,1368.6303,1238.9388
2017-06-04,2541.29,0.6283,441.9936,12.5,1266.7399,1267.5572
2017-06-05,2529.53,0.6788,475.438,12.5,1184.6224,1269.4478
2017-06-06,2699.12,0.6788,511.3381,12.5,1283.9874,1269.7072
2017-06-07,2872.3,0.6788,668.132,12.5,1459.0604,1303.113
2017-06-08,2683.03,0.6788,490.9904,12.5,1265.0972,1301.5213
2017-06-09,2809.01,0.6788,455.5601,12.5,1304.0156,1304.5933
2017-06-10,2825.14,0.6788,390.904,12.5,1273.909,1291.0617
2017-06-11,2898.63,0.6788,356.1202,12.5,1286.2958,1293.8554
2017-06-12,2954.96,0.6788,409.8644,12.5,1343.9784,1316.6205
2017-06-13,2656.97,0.6788,479.4398,12.5,1246.493,1311.2642
2017-06-14,2706.0,0.6788,454.742,12.5,1255.74,1282.2184
2017-06-15,2445.0,0.6788,435.4035,12.5,1124.8895,1262.1888
2017-06-16,2424.8,0.6788,375.3514,12.5,1085.6265,1230.9903
2017-06-17,2477.94,0.6797,311.3983,12.5,1075.3629,1202.6266
2017-06-18,2629.76,0.7117,277.9956,12.5,1072.6471,1172.1053
2017-06-19,2522.0,0.7117,387.1628,12.5,1082.7354,1134.7849
2017-06-20,2600.0,0.7117,388.0854,12.5,1116.6929,1116.242
2017-06-21,2740.0,0.7117,462.7037,12.5,1216.9546,1110.7013
2017-06-22,2658.69,0.7117,447.1051,12.5,1172.7008,1117.5315
2017-06-23,2713.48,0.7117,338.9597,12.5,1139.2666,1125.1943
2017-06-24,2685.05,0.7117,307.2088,12.5,1110.596,1130.2276
2017-06-25,2557.0,0.7117,258.6884,12.5,1033.2787,1124.6036
2017-06-26,2502.03,0.7117,375.0566,12.5,1068.2163,1122.5294
2017-06-27,2430.0,0.7117,367.8938,12.5,1034.0473,1110.7229
2017-06-28,2558.11,0.7117,385.86,12.5,1097.5838,1093.6699
2017-06-29,2558.3,0.7117,341.4005,12.5,1075.3393,1079.7611
2017-06-30,2541.69,0.7117,357.1719,12.5,1076.226,1070.7553
2017-07-01,2476.63,0.7117,255.274,12.5,999.1415,1054.8333
2017-07-02,2421.26,0.7087,197.8596,12.5,953.5215,1043.4394
2017-07-03,2512.71,0.7087,283.2101,12.5,1031.8801,1038.2485
2017-07-04,2549.93,0.7087,293.9343,12.5,1052.5557,1040.8926
2017-07-05,2598.89,0.7087,225.8208,12.5,1037.8694,1032.3619
2017-07-06,2600.0,0.7087,241.5206,12.5,1046.3595,1028.222
2017-07-07,2599.67,0.7087,240.6557,12.5,1045.7834,1023.873
2017-07-08,2502.86,0.7087,192.4118,12.5,983.0361,1021.5722
2017-07-09,2555.14,0.7087,157.228,12.5,985.8479,1026.1903
2017-07-10,2509.58,0.7087,205.5725,12.5,992.1863,1020.5198
2017-07-11,2327.09,0.7087,207.5762,12.5,920.9563,1001.7198
2017-07-12,2310.93,0.7087,222.352,12.5,921.2921,985.0659
2017-07-13,2388.0,0.7087,210.7902,12.5,946.5747,970.811
2017-07-14,2338.49,0.7618,215.3776,12.5,864.2957,944.8842
2017-07-15,2216.1,0.8045,378.3576,12.5,838.2436,924.1995
2017-07-16,1972.29,0.8045,166.9285,12.5,673.614,879.5947
2017-07-17,1910.96,0.8045,198.0366,12.5,662.9897,832.5666
2017-07-18,2220.07,0.8045,224.5185,12.5,780.4411,812.493
2017-07-19,2300.01,0.8045,201.6022,12.5,799.391,795.0785
2017-07-20,2265.21,0.8045,229.2722,12.5,798.1794,773.8792
2017-07-21,2840.0,0.8045,249.7397,12.5,1010.8083,794.8096
2017-07-22,2672.95,0.8045,171.0369,12.5,914.8235,805.7496
2017-07-23,2825.51,0.8045,125.3769,12.5,944.6357,844.467
2017-07-24,2748.36,0.8045,166.9635,12.5,938.6889,883.8526
2017-07-25,2759.58,0.8045,168.4929,12.5,943.2539,907.1115
2017-07-26,2564.3,0.8045,167.5348,12.5,876.0785,918.0669
2017-07-27,2516.93,0.8364,166.2706,12.5,826.6406,922.1328
2017-07-28,2656.53,0.8602,188.4313,12.5,857.8398,900.2801
2017-07-29,2784.8,0.8602,156.4667,12.5,884.8045,895.9917
2017-07-30,2704.53,0.8602,138.1168,12.5,851.2411,882.6496
2017-07-31,2738.92,0.8602,194.8689,12.5,887.3083,875.3095
2017-08-01,2862.9,0.8602,75.9466,12.5,872.1828,865.1565
2017-08-02,2731.34,0.8602,130.5149,12.5,856.3075,862.3321
2017-08-03,2699.39,0.8602,124.106,12.5,843.4813,864.7379
2017-08-04,2790.0,0.8602,113.4712,12.5,866.9758,866.043
2017-08-05,2856.52,0.8602,113.5668,12.5,887.6909,866.4554
2017-08-06,3250.77,0.8602,87.9064,12.5,996.6612,887.2297
2017-08-07,3210.2,0.8602,121.8265,12.5,1001.9063,903.6008
2017-08-08,3380.5,0.8602,159.0631,12.5,1075.4995,932.6461
2017-08-09,3408.75,0.8881,157.9519,12.5,1049.8785,960.2991
2017-08-10,3340.28,0.9232,193.186,12.5,1007.4204,983.7189
2017-08-11,3413.41,0.9232,234.9447,12.5,1051.0445,1010.0145
2017-08-12,3650.0,0.9232,210.7524,12.5,1110.5331,1041.8491
2017-08-13,3868.52,0.9232,189.711,12.5,1164.7022,1065.8549
2017-08-14,4073.76,0.9232,249.1883,12.5,1263.157,1103.1765
2017-08-15,4315.66,0.9232,350.4504,12.5,1404.2896,1150.1465
2017-08-16,4179.97,0.9232,347.525,12.5,1358.2867,1194.2048
2017-08-17,4375.8,0.9232,365.3163,12.5,1433.7019,1255.1021
2017-08-18,4279.79,0.9232,337.9619,12.5,1384.5303,1302.743
2017-08-19,4104.71,0.9232,265.9118,12.5,1283.1407,1327.4012
2017-08-20,4146.09,0.9232,208.982,12.5,1260.3606,1341.0667
2017-08-21,4054.6,0.9232,297.965,12.5,1287.1415,1344.493
2017-08-22,3986.28,0.9232,334.1847,12.5,1287.3002,1327.7803
2017-08-23,4090.89,0.9232,541.9707,12.5,1449.7039,1340.8399
2017-08-24,4133.67,0.8916,385.9992,12.5,1415.7484,1338.2751
2017-08-25,4331.77,0.8882,425.8159,12.5,1516.523,1357.1312
2017-08-26,4357.77,0.8882,425.3131,12.5,1525.2808,1391.7226
2017-08-27,4339.82,0.8882,358.8427,12.5,1473.6254,1422.189
2017-08-28,4339.05,0.8882,378.1785,12.5,1486.5602,1450.6774
2017-08-29,4376.66,0.8882,461.7601,12.5,1556.9825,1489.2035
2017-08-30,4594.54,0.8882,388.4975,12.5,1581.5484,1508.0384
2017-08-31,4582.52,0.8882,413.2149,12.5,1595.2264,1533.6781
2017-09-01,4732.87,0.8882,382.742,12.5,1624.8803,1549.1577
2017-09-02,4908.41,0.8882,290.4993,12.5,1613.932,1561.8222
2017-09-03,4585.57,0.8882,239.1353,12.5,1470.7327,1561.4089
2017-09-04,4603.54,0.8882,325.4017,12.5,1538.96,1568.8946
2017-09-05,4202.91,0.8882,281.9048,12.5,1376.2754,1543.0793
2017-09-06,4385.02,0.9033,272.5999,12.5,1405.5265,1517.9333
2017-09-07,4612.12,0.9227,257.3358,12.5,1436.5641,1495.2673
2017-09-08,4613.84,0.9227,217.7657,12.5,1409.4592,1464.4928
2017-09-09,4312.26,0.9227,144.8504,12.5,1269.7271,1415.3207
2017-09-10,4330.87,0.9227,143.2384,12.5,1274.1498,1387.2374
2017-09-11,4232.93,0.9227,159.7338,12.5,1255.9068,1346.8013
2017-09-12,4198.59,0.9227,148.908,12.5,1238.8366,1327.1672
2017-09-13,4169.94,0.9227,133.7315,12.5,1220.802,1300.7779
2017-09-14,3865.22,0.9227,153.735,12.5,1143.2972,1258.8827
2017-09-15,3216.43,0.9227,174.8166,12.5,961.6568,1194.9109
2017-09-16,3707.5,0.9227,119.9178,12.5,1077.6632,1167.4732
2017-09-17,3689.11,0.9227,99.4107,12.5,1060.864,1137.0038
2017-09-18,3678.53,1.0522,168.3081,12.5,961.3165,1094.9195
2017-09-19,4092.07,1.1034,173.7034,12.5,1022.5463,1064.0209
2017-09-20,3899.35,1.1034,146.407,12.5,960.9127,1026.8938
2017-09-21,3894.48,1.1034,136.3488,12.5,954.7532,999.959
2017-09-22,3600.92,1.1034,117.1642,12.5,874.039,987.4421
2017-09-23,3604.79,1.1034,99.6959,12.5,867.006,957.3482
2017-09-24,3777.62,1.1034,83.6752,12.5,900.9119,934.4979
2017-09-25,3666.31,1.1034,147.3705,12.5,903.9321,926.3002
2017-09-26,3931.98,1.1034,150.0856,12.5,970.7849,918.9057
2017-09-27,3881.0,1.1034,143.4987,12.5,954.9616,918.0555
2017-09-28,4204.51,1.1034,134.4516,12.5,1029.7488,928.7692
2017-09-29,4189.38,1.1034,115.3322,12.5,1015.9022,949.0354
2017-09-30,4164.27,1.1034,101.4415,12.5,1002.4896,968.3902
2017-10-01,4354.16,1.1034,119.0535,12.5,1057.9119,990.8187
2017-10-02,4405.01,1.1236,180.4732,12.5,1084.674,1016.639
2017-10-03,4394.07,1.1239,152.5344,12.5,1066.4576,1030.3065
2017-10-04,4308.33,1.1239,136.7328,12.5,1037.1858,1042.0528
2017-10-05,4211.55,1.1239,160.3442,12.5,1026.2477,1041.5527
2017-10-06,4318.58,1.1239,149.0212,12.5,1046.2499,1045.8881
2017-10-07,4369.57,1.1239,108.2156,12.5,1036.4397,1050.7381
2017-10-08,4439.46,1.1239,111.7965,12.5,1054.9933,1050.3211
2017-10-09,4605.66,1.1239,149.341,12.5,1115.983,1054.7939
2017-10-10,4773.84,1.1239,167.2582,12.5,1167.3662,1069.2094
2017-10-11,4776.5,1.1239,148.1729,12.5,1156.6852,1086.2807
2017-10-12,4822.17,1.1239,174.4145,12.5,1183.4741,1108.7416
2017-10-13,5435.75,1.1239,281.5346,12.5,1406.4394,1160.1973
2017-10-14,5636.24,1.1239,227.5956,12.5,1420.5245,1215.0665
2017-10-15,5825.99,1.183,162.7073,12.5,1350.3567,1257.2613
2017-10-16,5691.69,1.1968,193.4195,12.5,1324.3793,1287.0322
2017-10-17,5764.24,1.1968,209.1373,12.5,1351.8364,1313.3851
2017-10-18,5594.66,1.1968,192.2027,12.5,1301.0071,1334.0025
2017-10-19,5571.92,1.1968,191.5124,12.5,1295.2701,1349.9734
2017-10-20,5697.16,1.1968,161.9724,12.5,1304.7394,1335.4448
2017-10-21,5986.44,1.1968,167.7673,12.5,1375.0384,1328.9468
2017-10-22,6012.65,1.1968,155.3319,12.5,1372.331,1332.086
2017-10-23,5982.49,1.1968,185.6443,12.5,1386.615,1340.9768
2017-10-24,5900.59,1.1968,199.7906,12.5,1377.3757,1344.6252
2017-10-25,5510.76,1.1968,141.9754,12.5,1249.1876,1337.2225
2017-10-26,5732.35,1.2338,112.6505,12.5,1241.432,1329.5313
2017-10-27,5889.82,1.4528,166.6675,12.5,1113.7985,1302.254
2017-10-28,5769.89,1.4528,175.0383,12.5,1095.7632,1262.3576
2017-10-29,5728.65,1.4528,278.8571,12.5,1145.1189,1229.8987
2017-10-30,6136.49,1.4528,263.591,12.5,1217.6355,1205.7588
2017-10-31,6133.16,1.4528,231.895,12.5,1198.2825,1180.174
2017-11-01,6416.07,1.4528,296.9376,12.5,1293.6842,1186.5307
2017-11-02,6751.98,1.4528,277.5908,12.5,1348.8536,1201.8766
2017-11-03,7024.56,1.4528,271.7739,12.5,1399.3783,1242.6737
2017-11-04,7213.04,1.4528,273.2497,12.5,1437.9495,1291.5575
2017-11-05,7365.99,1.4528,197.6564,12.5,1414.8995,1330.0976
2017-11-06,7392.51,1.4528,240.3379,12.5,1450.3328,1363.3401
2017-11-07,6960.58,1.4528,294.1273,12.5,1401.5938,1392.3845
2017-11-08,7128.64,1.4528,262.1694,12.5,1413.5289,1409.5052
2017-11-09,7468.44,1.4528,361.3299,12.5,1552.1176,1438.5429
2017-11-10,7092.42,1.4234,319.973,12.5,1475.7038,1449.4466
2017-11-11,6569.22,1.3644,323.8994,12.5,1428.5334,1448.1014
2017-11-12,6340.89,1.3644,576.769,12.5,1543.0495,1466.4085
2017-11-13,5890.08,1.3644,783.3863,12.5,1557.9488,1481.7823
2017-11-14,6493.63,1.3644,615.0869,12.5,1605.6946,1510.9395
2017-11-15,6592.73,1.3644,603.51,12.5,1622.3848,1540.7761
2017-11-16,7279.78,1.3644,502.6403,12.5,1716.2755,1564.2272
2017-11-17,7868.77,1.3644,401.1664,12.5,1773.3824,1606.7527
2017-11-18,7718.2,1.3644,289.9884,12.5,1651.5912,1638.6181
2017-11-19,7791.3,1.3644,247.4435,12.5,1633.2945,1651.5103
2017-11-20,8049.72,1.3644,329.0182,12.5,1754.6997,1679.6175
2017-11-21,8242.81,1.3644,310.2966,12.5,1780.9898,1704.6597
2017-11-22,8095.88,1.3644,256.4032,12.5,1704.5705,1716.4005
2017-11-23,8236.72,1.3644,265.9196,12.5,1742.2496,1720.1111
2017-11-24,8043.31,1.362,233.5365,12.5,1677.6897,1706.4407
2017-11-25,8212.78,1.347,195.6398,12.5,1699.7916,1713.3265
2017-11-26,8768.8,1.347,191.2221,12.5,1810.853,1738.692
2017-11-27,9311.7,1.347,236.5031,12.5,1966.6967,1768.9773
2017-11-28,9717.32,1.347,245.2309,12.5,2061.1623,1809.0019
2017-11-29,9919.0,1.347,290.9021,12.5,2150.9233,1872.7666
2017-11-30,9646.35,1.347,270.6311,12.5,2071.5198,1919.8052
2017-12-01,9988.19,1.347,247.0519,12.5,2120.5034,1983.0643
2017-12-02,10879.88,1.347,190.2959,12.5,2245.769,2061.0611
2017-12-03,10912.87,1.347,187.4511,12.5,2249.359,2123.7048
2017-12-04,11179.52,1.347,226.1199,12.5,2349.1548,2178.3417
2017-12-05,11591.22,1.347,219.6798,12.5,2427.9235,2230.7361
2017-12-06,11660.41,1.408,257.17,12.5,2380.0186,2263.464
2017-12-07,13843.93,1.5909,364.6056,12.5,2631.4039,2343.4475
2017-12-08,16860.88,1.5909,641.4297,12.5,3614.7128,2556.9059
2017-12-09,15875.27,1.5909,567.0884,12.5,3299.7797,2707.4789
2017-12-10,14652.37,1.5909,458.1003,12.5,2905.3633,2801.1938
2017-12-11,15068.95,1.5909,483.6387,12.5,3021.7583,2897.28
2017-12-12,16732.72,1.5909,537.9441,12.5,3435.184,3041.1744
2017-12-13,16916.8,1.5909,604.2979,12.5,3571.5427,3211.3921
2017-12-14,16252.31,1.5909,644.6079,12.5,3488.7806,3333.8745
2017-12-15,16408.15,1.5909,592.7039,12.5,3447.4496,3309.9797
2017-12-16,17507.86,1.5909,534.0114,12.5,3588.2722,3351.193
2017-12-17,19279.9,1.5909,535.4387,12.5,3953.8719,3500.9799
2017-12-18,18905.26,1.718,587.1255,12.5,3669.5647,3593.5237
2017-12-19,18911.79,1.8731,662.5955,12.5,3473.4006,3598.9832
2017-12-20,17382.94,1.8731,911.5917,12.5,3515.4157,3590.965
2017-12-21,16357.24,1.8731,1128.7617,12.5,3572.9194,3602.9849
2017-12-22,15521.07,1.8731,1495.9465,12.5,3815.32,3655.5378
2017-12-23,13776.61,1.8731,1065.6156,12.5,2944.3501,3563.5489
2017-12-24,14121.53,1.8731,881.1214,12.5,2823.7574,3402.104
2017-12-25,13554.31,1.8731,689.3944,12.5,2516.5194,3237.3832
2017-12-26,13740.94,1.8731,725.6238,12.5,2588.2979,3110.94
2017-12-27,15677.99,1.8731,784.8171,12.5,3022.382,3040.5066
2017-12-28,15422.19,1.8731,785.8339,12.5,2974.2388,2954.9808
2017-12-29,14214.01,1.8731,785.795,12.5,2741.1946,2801.5343
2017-12-30,14413.54,1.8731,778.5711,12.5,2771.9087,2776.8998
2017-12-31,12612.54,1.8731,545.1445,12.5,2205.9788,2688.6457
2018-01-01,13796.0,1.9226,469.413,12.5,2274.9589,2654.1371
2018-01-02,13374.98,1.9311,649.165,12.5,2369.6795,2622.9059
2018-01-03,14793.46,1.9311,749.6855,12.5,2728.5681,2580.9325
2018-01-04,15039.24,1.9311,778.2611,12.5,2804.9893,2556.754
2018-01-05,15169.66,1.9311,701.356,12.5,2744.9206,2557.2863
2018-01-06,16914.73,1.9311,694.4779,12.5,3052.2715,2597.3381
2018-01-07,17155.95,1.9311,686.114,12.5,3085.4196,2722.9725
2018-01-08,16192.91,1.9311,694.5264,12.5,2922.0755,2815.4177
2018-01-09,14962.63,1.9311,752.4182,12.5,2762.7284,2871.5676
2018-01-10,14437.42,1.9311,720.3257,12.5,2632.2352,2857.8057
2018-01-11,14882.86,1.9311,697.4408,12.5,2688.8095,2841.2086
2018-01-12,13285.55,1.9311,617.6358,12.5,2323.533,2781.0104
2018-01-13,13791.19,2.1343,528.4663,12.5,2101.9237,2645.2464
2018-01-14,14246.18,2.2278,491.3245,12.5,2046.8731,2496.8826
2018-01-15,13583.83,2.2278,510.1176,12.5,1967.7152,2360.5454
2018-01-16,13554.14,2.2278,606.3825,12.5,2045.2317,2258.0459
2018-01-17,11307.27,2.2278,675.0967,12.5,1754.914,2132.7143
2018-01-18,11091.26,2.2278,656.8975,12.5,1708.7315,1992.7032
2018-01-19,11174.82,2.2278,491.49,12.5,1605.7,1890.1556
2018-01-20,11506.51,2.2278,429.4032,12.5,1608.5632,1819.6755
2018-01-21,12744.58,2.2278,343.3627,12.5,1712.8806,1771.9623
2018-01-22,11513.42,2.2278,314.6125,12.5,1526.6555,1708.9538
2018-01-23,10770.49,2.2278,285.958,12.5,1408.7922,1618.0339
2018-01-24,10831.49,2.2278,283.4981,12.5,1415.1003,1569.489
2018-01-25,11392.03,2.4606,220.8545,12.5,1307.0409,1512.1047
2018-01-26,11150.79,2.6031,209.1322,12.5,1202.3156,1454.4783
2018-01-27,11094.24,2.6031,168.2547,12.5,1171.8801,1392.095
2018-01-28,11431.37,2.6031,155.3449,12.5,1199.571,1318.7651
2018-01-29,11742.33,2.6031,145.7511,12.5,1226.1565,1275.8367
2018-01-30,11186.12,2.6031,160.3009,12.5,1176.8105,1242.6964
2018-01-31,10082.52,2.6031,162.2062,12.5,1061.7397,1192.2163
2018-02-01,10204.0,2.6031,214.0275,12.5,1102.9103,1163.0548
2018-02-02,9098.27,2.6031,274.3626,12.5,1012.8563,1135.9892
2018-02-03,8852.73,2.6031,146.9278,12.5,924.978,1100.7175
2018-02-04,9224.62,2.6031,111.3167,12.5,946.2055,1064.5224
2018-02-05,8202.06,2.6031,173.7675,12.5,868.8069,1013.4725
2018-02-06,6925.46,2.6079,164.27,12.5,728.7108,949.4582
2018-02-07,7712.37,2.8747,123.5211,12.5,720.9208,900.7698
2018-02-08,7585.17,2.8747,87.985,12.5,695.9317,842.63
2018-02-09,8245.08,2.8747,88.3643,12.5,756.6297,806.0262
2018-02-10,8688.86,2.8747,88.7957,12.5,797.5364,787.8203
2018-02-11,8561.0,2.8747,61.9646,12.5,774.6378,763.3106
2018-02-12,8068.02,2.8747,69.9697,12.5,733.1693,743.9338
2018-02-13,8895.72,2.8747,68.5733,12.5,807.7817,755.2296
2018-02-14,8527.87,2.8747,63.7585,12.5,772.3834,762.5814
2018-02-15,9471.64,2.8747,64.0801,12.5,858.0103,785.7355
2018-02-16,10033.77,2.8747,58.2571,12.5,906.0928,807.0874
2018-02-17,10178.56,2.8747,48.6388,12.5,914.4104,823.7837
2018-02-18,11085.83,2.8747,44.5833,12.5,993.7319,855.0828
2018-02-19,10392.46,2.8747,50.9081,12.5,934.7726,883.8833
2018-02-20,11171.78,2.9679,52.2307,12.5,974.0167,907.6312
2018-02-21,11245.98,3.0074,40.6826,12.5,961.5652,934.6571
2018-02-22,10485.78,3.0074,37.6022,12.5,895.0654,939.9507
2018-02-23,9850.78,3.0074,73.9481,12.5,857.4932,933.0079
2018-02-24,10171.3,3.0074,96.1077,12.5,895.8638,930.3584
2018-02-25,9699.76,3.0074,41.4406,12.5,829.7003,906.9253
2018-02-26,9582.29,3.0074,46.1904,12.5,821.7663,890.7816
2018-02-27,10319.46,3.0074,50.5458,12.5,887.0729,878.361
2018-02-28,10628.61,3.0074,51.2991,12.5,914.0198,871.5688
2018-03-01,10332.14,3.0074,52.0557,12.5,888.8876,870.6863
2018-03-02,10931.12,3.0074,42.0138,12.5,935.3196,881.8043
2018-03-03,11040.53,3.0074,37.9638,12.5,942.6043,888.4815
2018-03-04,11453.34,3.0074,33.4659,12.5,975.4556,909.3037
2018-03-05,11516.83,3.2336,44.5314,12.5,917.7547,923.0164
2018-03-06,11442.48,3.2906,37.24,12.5,892.4863,923.7897
2018-03-07,10727.69,3.2906,34.8377,12.5,835.6403,912.5926
2018-03-08,9920.46,3.2906,35.6308,12.5,773.0946,896.0508
2018-03-09,9324.5,3.2906,34.8459,12.5,726.3412,866.1967
2018-03-10,9262.8,3.2906,40.2732,12.5,723.6692,834.9203
2018-03-11,8777.37,3.2906,39.6104,12.5,685.4973,793.4977
2018-03-12,9538.93,3.2906,33.4678,12.5,742.4863,768.4593
2018-03-13,9130.0,3.2906,60.6763,12.5,721.2023,743.9902
2018-03-14,9153.54,3.2906,37.0404,12.5,713.8768,726.5954
2018-03-15,8214.99,3.2906,36.6462,12.5,640.5427,707.6594
2018-03-16,8263.34,3.2906,29.6518,12.5,641.8589,695.5905
2018-03-17,8297.89,3.2906,21.5154,12.5,641.6763,683.8772
2018-03-18,7885.08,3.3817,25.3329,12.5,594.5724,670.888
2018-03-19,8214.46,3.4625,30.7806,12.5,606.7526,651.4974
2018-03-20,8605.64,3.4625,31.3791,12.5,635.8544,639.3049
2018-03-21,8909.95,3.4625,31.0253,12.5,658.2122,631.3528
2018-03-22,8909.26,3.4625,27.7248,12.5,656.9748,633.7002
2018-03-23,8725.37,3.4625,26.2577,12.5,642.8982,633.8487
2018-03-24,8917.48,3.4625,21.765,12.5,655.4367,635.8145
2018-03-25,8533.76,3.4625,20.2315,12.5,626.7053,640.4049
2018-03-26,8457.96,3.4625,26.9851,12.5,623.4432,642.7893
2018-03-27,8146.5,3.4625,27.5103,12.5,600.6579,637.7612
2018-03-28,7797.25,3.4625,24.0927,12.5,573.8319,625.7069
2018-03-29,7950.61,3.4625,27.2012,12.5,586.1154,615.5841
2018-03-30,7099.17,3.4625,25.7647,12.5,522.9361,598.4466
2018-03-31,6854.19,3.4625,20.0745,12.5,503.317,576.7153
2018-04-01,6937.56,3.4943,18.2818,12.5,504.3134,559.2307
2018-04-02,6827.54,3.5111,21.3925,12.5,494.7899,540.8517
2018-04-03,7065.29,3.5111,25.1293,12.5,513.0701,528.3391
2018-04-04,7426.48,3.5111,24.819,12.5,539.2074,523.3928
2018-04-05,6810.71,3.5111,24.4629,12.5,494.4023,510.2909
2018-04-06,6786.66,3.5111,34.5314,12.5,495.3753,506.3536
2018-04-07,6634.68,3.5111,27.1656,12.5,482.3374,503.3565
2018-04-08,6910.12,3.5111,21.0173,12.5,500.6714,502.8363
2018-04-09,7029.71,3.5111,22.4241,12.5,509.7297,504.9705
2018-04-10,6784.41,3.5111,22.9885,12.5,492.0951,501.9741
2018-04-11,6849.3,3.5111,22.7535,12.5,496.7378,495.907
2018-04-12,6955.36,3.5111,35.7092,12.5,508.015,497.8517
2018-04-13,7941.46,3.5111,36.3634,12.5,580.2458,509.976
2018-04-14,7895.25,3.7962,23.7594,12.5,529.8794,516.7677
2018-04-15,8013.91,3.8393,24.305,12.5,531.9604,521.2376
2018-04-16,8368.1,3.8393,25.7306,12.5,555.9055,527.8341
2018-04-17,8069.03,3.8393,26.1371,12.5,536.1572,534.1287
2018-04-18,7907.19,3.8393,25.318,12.5,525.1679,538.1902
2018-04-19,8175.96,3.8393,27.6723,12.5,543.719,543.2907
2018-04-20,8288.12,3.8393,29.023,12.5,551.5852,539.1964
2018-04-21,8876.51,3.8393,28.4059,12.5,590.544,547.8627
2018-04-22,8930.6,3.8393,21.7395,12.5,591.9763,556.4364
2018-04-23,8812.76,3.8393,29.1338,12.5,586.5362,560.8123
2018-04-24,8952.68,3.8393,65.4109,12.5,607.6661,571.0278
2018-04-25,9658.11,3.8393,91.7324,12.5,664.7974,590.9749
2018-04-26,8870.14,3.8393,67.5883,12.5,602.7664,599.4102
2018-04-27,9294.67,3.9436,55.6305,12.5,610.9824,607.8955
2018-04-28,8928.55,4.0221,41.9471,12.5,571.2169,605.1345
2018-04-29,9349.41,4.0221,34.8862,12.5,595.8491,605.6878
2018-04-30,9398.4,4.0221,36.7191,12.5,599.5696,607.5497
2018-05-01,9239.55,4.0221,31.7579,12.5,587.8436,604.7179
2018-05-02,9074.98,4.0221,38.8868,12.5,579.6203,592.5498
2018-05-03,9220.76,4.0221,39.4007,12.5,589.0959,590.5968
2018-05-04,9753.35,4.0221,39.3785,12.5,623.1145,592.33
2018-05-05,9696.13,4.0221,32.1783,12.5,617.034,598.8753
2018-05-06,9837.92,4.0221,31.282,12.5,625.7508,603.147
2018-05-07,9631.44,4.0221,35.9001,12.5,614.1624,605.2316
2018-05-08,9369.16,4.0221,34.2941,12.5,596.9151,606.5276
2018-05-09,9186.69,4.0221,30.5296,12.5,584.0886,607.1659
2018-05-10,9310.37,4.0221,26.7118,12.5,590.7176,607.3976
2018-05-11,9015.88,4.1381,38.6121,12.5,559.611,598.3256
2018-05-12,8396.83,4.1439,28.3883,12.5,517.5689,584.1163
2018-05-13,8463.52,4.1439,23.3386,12.5,520.2388,569.0432
2018-05-14,8691.46,4.1439,35.2577,12.5,537.7423,558.126
2018-05-15,8671.51,4.1439,37.8347,12.5,537.2613,549.6041
2018-05-16,8471.06,4.1439,32.3589,12.5,523.2782,540.9169
2018-05-17,8343.27,4.1439,54.0573,12.5,521.4874,531.0268
2018-05-18,8063.86,4.1439,70.14,12.5,508.3952,523.7103
2018-05-19,8239.08,4.1439,31.4239,12.5,508.6886,522.4417
2018-05-20,8242.07,4.1439,24.9892,12.5,507.0852,520.5626
2018-05-21,8520.59,4.1439,31.2892,12.5,526.0306,518.8895
2018-05-22,8396.63,4.1439,26.5241,12.5,517.0289,515.9992
2018-05-23,7987.38,4.1439,30.8203,12.5,492.9858,511.6717
2018-05-24,7511.91,4.2191,29.7536,12.5,455.1036,502.1883
2018-05-25,7576.78,4.3069,30.377,12.5,449.8283,493.8216
2018-05-26,7465.12,4.3069,22.5141,12.5,441.2953,484.194
2018-05-27,7334.71,4.3069,19.4709,12.5,432.8622,473.5907
2018-05-28,7344.56,4.3069,29.124,12.5,435.7431,460.6925
2018-05-29,7106.06,4.3069,28.6368,12.5,421.4809,447.0427
2018-05-30,7457.02,4.3069,22.6621,12.5,440.8523,439.5951
2018-05-31,7386.72,4.3069,21.6541,12.5,436.4547,436.931
2018-06-01,7489.66,4.3069,20.3748,12.5,442.2262,435.845
2018-06-02,7518.67,4.3069,16.2784,12.5,442.9402,436.0799
2018-06-03,7637.14,4.3069,15.3074,12.5,449.6789,438.4823
2018-06-04,7713.85,4.3069,20.7108,12.5,455.5476,441.3115
2018-06-05,7495.47,4.4156,18.5283,12.5,431.2422,442.706
2018-06-06,7619.43,4.9407,19.458,12.5,391.9828,435.7247
2018-06-07,7653.96,4.9407,20.6699,12.5,394.0215,429.6628
2018-06-08,7687.37,4.9407,17.8904,12.5,395.1372,422.9358
2018-06-09,7615.54,4.9407,18.7074,12.5,391.621,415.6045
2018-06-10,7497.1,4.9407,16.701,12.5,385.1051,406.3796
2018-06-11,6762.1,4.9407,24.671,12.5,348.874,391.1405
2018-06-12,6879.31,4.9407,21.9065,12.5,354.3835,380.1607
2018-06-13,6553.0,4.9407,37.4142,12.5,340.4472,372.7985
2018-06-14,6299.89,4.9407,28.0172,12.5,325.6235,363.0274
2018-06-15,6637.41,4.9407,23.1945,12.5,342.1639,355.4597
2018-06-16,6391.16,4.9407,16.4422,12.5,328.2493,346.4066
2018-06-17,6488.68,4.9407,23.489,12.5,334.5507,339.1846
2018-06-18,6445.79,4.9407,17.5229,12.5,331.252,336.6672
2018-06-19,6712.5,5.0245,83.8087,12.5,351.5731,336.2657
2018-06-20,6743.41,5.0775,203.2853,12.5,371.6755,340.7269
2018-06-21,6760.83,5.0775,73.5201,12.5,348.4977,343.9946
2018-06-22,6719.79,5.0775,68.9368,12.5,345.5349,344.4762
2018-06-23,6059.3,5.0775,31.938,12.5,305.404,341.2126
2018-06-24,6170.46,5.0775,27.0309,12.5,310.1737,337.7301
2018-06-25,6157.04,5.0775,34.6801,12.5,310.7949,334.8077
2018-06-26,6249.62,5.0775,32.3438,12.5,315.0664,329.5924
2018-06-27,6097.46,5.0775,32.1589,12.5,307.3644,320.4051
2018-06-28,6143.97,5.0775,27.1593,12.5,308.8638,314.7432
2018-06-29,5878.14,5.0775,27.4106,12.5,295.5409,307.6012
2018-06-30,6223.28,5.0775,23.6041,12.5,312.2421,308.578
2018-07-01,6408.91,5.0775,16.7929,12.5,320.3547,310.0325
2018-07-02,6365.66,5.1729,23.4806,12.5,313.4747,310.4153
2018-07-03,6626.44,5.3637,27.9026,12.5,315.4728,310.4733
2018-07-04,6518.97,5.3637,21.5445,12.5,309.2769,310.7466
2018-07-05,6602.32,5.3637,19.766,12.5,312.9254,311.3268
2018-07-06,6555.51,5.3637,21.7028,12.5,311.0374,313.5406
2018-07-07,6628.59,5.3637,16.5697,12.5,313.6186,313.7372
2018-07-08,6778.38,5.3637,15.6448,12.5,320.5424,313.764
2018-07-09,6724.04,5.3637,19.9261,12.5,318.7225,314.5137
2018-07-10,6682.68,5.3637,22.8607,12.5,317.2728,314.7709
2018-07-11,6329.27,5.3637,20.4425,12.5,300.0953,313.4592
2018-07-12,6403.18,5.3637,18.6332,12.5,303.298,312.0839
2018-07-13,6239.47,5.3637,19.5351,12.5,295.6901,309.8914
2018-07-14,6220.1,5.3637,15.0126,12.5,294.0395,307.0944
2018-07-15,6248.84,5.3637,15.2782,12.5,295.4413,303.5085
2018-07-16,6348.09,5.3637,23.6129,12.5,301.5119,301.0498
2018-07-17,6732.81,5.1996,24.9421,12.5,330.1153,302.8845
2018-07-18,7321.62,5.1787,31.8267,12.5,361.7967,311.699
2018-07-19,7371.11,5.1787,28.8274,12.5,363.6459,320.3201
2018-07-20,7473.9,5.1787,23.0878,12.5,367.5597,330.5872
2018-07-21,7334.99,5.1787,17.3782,12.5,359.5985,339.9528
2018-07-22,7408.99,5.1787,14.7723,12.5,362.7056,349.5619
2018-07-23,7406.66,5.1787,26.1207,12.5,364.8589,358.6115
2018-07-24,7715.1,5.1787,29.643,12.5,380.786,365.8502
2018-07-25,8418.11,5.1787,26.8242,12.5,414.8436,373.4283
2018-07-26,8171.65,5.1787,23.8802,12.5,402.0491,378.9145
2018-07-27,7939.81,5.1787,20.724,12.5,389.9665,382.1155
2018-07-28,8178.33,5.1787,16.7488,12.5,400.8045,388.002
2018-07-29,8219.92,5.5958,15.6708,12.5,372.5929,389.4145
2018-07-30,8220.91,5.9494,24.5779,12.5,352.2068,387.6071
2018-07-31,8171.49,5.9494,25.583,12.5,350.2824,383.2494
2018-08-01,7735.28,5.9494,21.2833,12.5,330.8027,371.2436
2018-08-02,7607.7,5.9494,25.209,12.5,326.048,360.3863
2018-08-03,7535.88,5.9494,23.2149,12.5,322.6171,350.7649
2018-08-04,7414.77,5.9494,17.1945,12.5,316.3841,338.7049
2018-08-05,7011.28,5.9494,13.6299,12.5,298.5805,328.1317
2018-08-06,7032.3,5.9494,17.7505,12.5,300.1561,320.6958
2018-08-07,6937.23,5.9494,18.6153,12.5,296.2391,312.9754
2018-08-08,6718.23,5.9494,20.7509,12.5,287.2241,306.7499
2018-08-09,6277.59,5.9494,20.7502,12.5,268.3854,298.5123
2018-08-10,6532.36,5.9494,20.4145,12.5,279.226,292.3136
2018-08-11,6138.96,6.1978,15.3905,12.5,251.1978,283.0013
2018-08-12,6227.85,6.3893,12.7753,12.5,246.842,275.6101
2018-08-13,6313.42,6.3893,19.9208,12.5,251.22,268.6192
2018-08-14,6252.13,6.3893,26.4558,12.5,249.6745,261.9671
2018-08-15,6189.97,6.3893,22.1633,12.5,246.6112,256.1653
2018-08-16,6270.67,6.3893,24.0477,12.5,250.0847,253.5509
2018-08-17,6312.75,6.3893,24.8842,12.5,251.8784,249.6441
2018-08-18,6577.74,6.3893,16.4533,12.5,261.2389,251.0785
2018-08-19,6394.18,6.3893,17.0459,12.5,254.0316,252.1056
2018-08-20,6486.58,6.3893,29.0723,12.5,259.4082,253.2754
2018-08-21,6262.64,6.3893,24.7523,12.5,249.8609,253.302
2018-08-22,6472.41,6.3893,24.2742,12.5,258.1625,254.9522
2018-08-23,6354.57,6.3893,19.3084,12.5,252.7723,255.3361
2018-08-24,6525.96,6.505,19.1536,12.5,254.9501,255.7749
2018-08-25,6691.39,6.7272,21.0631,12.5,253.0444,254.6043
2018-08-26,6738.27,6.7272,27.803,12.5,255.7603,254.8512
2018-08-27,6707.96,6.7272,32.6558,12.5,255.2859,254.2623
2018-08-28,6901.26,6.7272,45.2135,12.5,264.442,256.3454
2018-08-29,7078.19,6.7272,23.6475,12.5,268.0517,257.7581
2018-08-30,7032.13,6.7272,24.101,12.5,266.3736,259.7011
2018-08-31,6986.54,6.7272,25.2563,12.5,264.8143,261.1103
2018-09-01,7018.78,6.7272,19.2117,12.5,265.1553,262.8404
2018-09-02,7197.43,6.7272,16.3033,12.5,271.4696,265.0846
2018-09-03,7291.84,6.7272,19.916,12.5,275.5776,267.9834
2018-09-04,7265.08,6.7272,24.1065,12.5,275.1985,269.5201
2018-09-05,7359.19,6.7272,31.8273,12.5,279.9432,271.2189
2018-09-06,6695.32,6.7272,31.2901,12.5,254.6149,269.5391
2018-09-07,6501.19,6.9712,27.9219,12.5,238.1419,265.7287
2018-09-08,6399.85,7.0192,18.8194,12.5,231.6665,260.9446
2018-09-09,6184.06,7.0192,18.3703,12.5,223.7999,254.1346
2018-09-10,6240.98,7.0192,19.9751,12.5,226.0591,247.0606
2018-09-11,6306.59,7.0192,23.2747,12.5,228.8498,240.4393
2018-09-12,6283.54,7.0192,23.9144,12.5,228.0934,233.0322
2018-09-13,6326.04,7.0192,20.298,12.5,229.1808,229.3988
2018-09-14,6479.6,7.0192,21.2189,12.5,234.8628,228.9303
2018-09-15,6487.12,7.0192,15.7,12.5,234.4228,229.3241
2018-09-16,6522.39,7.0192,13.0702,12.5,235.356,230.975
2018-09-17,6497.37,7.0192,17.4577,12.5,235.0205,232.2552
2018-09-18,6253.99,7.0192,19.0137,12.5,226.4107,231.9067
2018-09-19,6342.39,7.0192,17.0934,12.5,229.3686,232.0889
2018-09-20,6389.3,7.0313,18.2619,12.5,230.8148,232.3223
2018-09-21,6496.02,7.1526,25.6126,12.5,231.6229,231.8595
2018-09-22,6756.12,7.1526,18.656,12.5,239.9791,232.6532
2018-09-23,6718.7,7.1526,14.4774,12.5,238.1016,233.0455
2018-09-24,6705.66,7.1526,15.5084,12.5,237.7745,233.4389
2018-09-25,6583.45,7.1526,20.3174,12.5,234.0594,234.5316
2018-09-26,6432.71,7.1526,20.1339,12.5,228.6771,234.4328
2018-09-27,6459.35,7.1526,23.6535,12.5,230.0682,234.3261
2018-09-28,6686.08,7.1526,28.9183,12.5,238.8313,235.3559
2018-09-29,6628.66,7.1526,19.1069,12.5,235.51,234.7174
2018-09-30,6592.64,7.1526,15.4279,12.5,233.7566,234.0967
2018-10-01,6611.02,7.1526,21.8233,12.5,235.234,233.7338
2018-10-02,6586.58,7.1526,25.7227,12.5,234.866,233.849
2018-10-03,6521.31,7.1526,21.3645,12.5,231.9835,234.3214
2018-10-04,6483.73,7.3643,18.7092,12.5,223.6918,233.4105
2018-10-05,6568.14,7.455,21.3367,12.5,224.1704,231.316
2018-10-06,6620.63,7.455,17.5788,12.5,225.4956,229.8854
2018-10-07,6573.62,7.455,13.0667,12.5,223.3387,228.3971
2018-10-08,6588.93,7.455,16.796,12.5,224.3193,226.8379
2018-10-09,6641.33,7.455,16.6663,12.5,226.0871,225.5838
2018-10-10,6626.85,7.455,15.6339,12.5,225.466,224.6527
2018-10-11,6581.07,7.455,18.4172,12.5,224.2516,224.7327
2018-10-12,6207.79,7.455,18.4459,12.5,211.5354,222.9277
2018-10-13,6247.0,7.455,13.2848,12.5,212.2673,221.0379
2018-10-14,6265.9,7.455,12.4178,12.5,212.8077,219.5335
2018-10-15,6265.16,7.455,23.096,12.5,214.0362,218.0645
2018-10-16,6599.17,7.455,19.3194,12.5,224.98,217.9063
2018-10-17,6616.45,7.455,18.8501,12.5,225.5109,217.9127
2018-10-18,6595.51,7.4274,18.0593,12.5,225.5346,218.096
2018-10-19,6509.61,7.1829,17.6588,12.5,230.1239,220.7515
2018-10-20,6463.58,7.1829,14.3251,12.5,228.0776,223.0101
2018-10-21,6504.92,7.1829,12.464,12.5,229.3009,225.3663
2018-10-22,6504.78,7.1829,16.6995,12.5,229.8318,227.6228
2018-10-23,6493.89,7.1829,16.5833,12.5,229.4324,228.2589
2018-10-24,6476.85,7.1829,16.9417,12.5,228.8755,228.7395
2018-10-25,6489.77,7.1829,17.5399,12.5,229.4076,229.2928
2018-10-26,6466.29,7.1829,17.9151,12.5,228.6247,229.0786
2018-10-27,6472.17,7.1829,13.0965,12.5,228.2261,229.0999
2018-10-28,6457.21,7.1829,16.5139,12.5,228.1277,228.9323
2018-10-29,6449.37,7.1829,19.6042,12.5,228.2384,228.7046
2018-10-30,6307.51,7.1829,18.7714,12.5,223.1159,227.8023
2018-10-31,6301.61,7.1829,16.6523,12.5,222.6475,226.9126
2018-11-01,6338.78,7.183,17.4594,12.5,224.0552,226.1479
2018-11-02,6373.08,7.1844,18.3247,12.5,225.3312,225.6774
2018-11-03,6390.42,7.1844,13.5919,12.5,225.3562,225.2674
2018-11-04,6361.3,7.1844,13.1022,12.5,224.2687,224.7162
2018-11-05,6454.0,7.1844,18.4223,12.5,228.2046,224.7113
2018-11-06,6437.76,7.1844,19.1839,12.5,227.7257,225.3699
2018-11-07,6477.84,7.1844,20.3384,12.5,229.2889,226.3186
2018-11-08,6536.83,7.1844,20.9989,12.5,231.4608,227.3766
2018-11-09,6444.97,7.1844,22.429,12.5,228.3874,227.8132
2018-11-10,6377.4,7.1844,16.6492,12.5,225.2762,227.8018
2018-11-11,6388.46,7.1844,14.1398,12.5,225.3552,227.957
2018-11-12,6408.53,7.1844,19.172,12.5,226.6902,227.7406
2018-11-13,6384.75,7.1844,18.0725,12.5,225.7125,227.453
2018-11-14,6358.25,7.1844,25.8234,12.5,225.734,226.9452
2018-11-15,5756.77,7.1844,38.6512,12.5,205.8158,223.2816
2018-11-16,5658.73,7.176,36.9273,12.5,202.3585,219.5632
2018-11-17,5592.58,6.6533,21.551,12.5,213.8984,217.9378
2018-11-18,5572.44,6.6533,18.0375,12.5,212.7171,216.1324
2018-11-19,5616.29,6.6533,39.9695,12.5,216.9773,214.7448
2018-11-20,4848.78,6.6533,69.3677,12.5,190.3186,209.6885
2018-11-21,4491.98,6.6533,49.9502,12.5,174.4825,202.3669
2018-11-22,4616.44,6.6533,39.1342,12.5,178.2685,198.4316
2018-11-23,4312.31,6.6533,36.9843,12.5,166.3296,193.2846
2018-11-24,4352.98,6.6533,31.18,12.5,167.3678,186.6373
2018-11-25,3862.01,6.6533,32.0111,12.5,148.5578,177.4717
2018-11-26,4010.72,6.6533,38.279,12.5,154.806,168.5901
2018-11-27,3793.35,6.6533,37.3831,12.5,146.3446,162.3081
2018-11-28,3828.45,6.6533,38.7374,12.5,147.8076,158.4974
2018-11-29,4256.55,6.6533,45.0724,12.5,164.9017,156.5879
2018-11-30,4278.77,6.6533,40.7781,12.5,165.3768,156.4518
2018-12-01,4013.52,6.6533,31.1173,12.5,154.3106,154.5864
2018-12-02,4188.09,6.6533,23.2454,12.5,160.3302,156.2682
2018-12-03,4140.6,6.194,31.1266,12.5,171.0018,158.5819
2018-12-04,3894.21,5.6464,31.5001,12.5,176.4598,162.8841
2018-12-05,3956.94,5.6464,26.3111,12.5,178.7943,167.3107
2018-12-06,3744.98,5.6464,28.4757,12.5,169.4175,167.9559
2018-12-07,3484.94,5.6464,31.1954,12.5,157.8881,166.886
2018-12-08,3425.69,5.6464,19.7524,12.5,154.2339,166.8751
2018-12-09,3453.66,5.6464,16.8336,12.5,155.2438,166.1485
2018-12-10,3588.44,5.6464,22.9728,12.5,161.8473,164.8407
2018-12-11,3472.98,5.6464,23.319,12.5,156.6695,162.0135
2018-12-12,3407.28,5.6464,22.3578,12.5,153.6247,158.4178
2018-12-13,3487.73,5.6464,22.0883,12.5,157.2287,156.6766
2018-12-14,3308.11,5.6464,25.0954,12.5,149.3774,155.4608
2018-12-15,3242.42,5.6464,18.3732,12.5,145.8719,154.2662
2018-12-16,3231.91,5.6464,14.8488,12.5,145.1173,152.8195
2018-12-17,3246.64,5.6464,20.9755,12.5,146.2708,150.5943
2018-12-18,3556.54,5.6211,26.5783,12.5,161.4495,151.2772
2018-12-19,3714.09,5.1064,32.9296,12.5,186.2399,155.9365
2018-12-20,3734.55,5.1064,27.6281,12.5,186.7242,160.1501
2018-12-21,4135.19,5.1064,30.959,12.5,207.1327,168.4009
2018-12-22,3899.83,5.1064,18.7765,12.5,194.0437,175.2826
2018-12-23,4031.85,5.1064,15.4495,12.5,200.2457,183.1581
2018-12-24,3995.17,5.1064,23.0172,12.5,199.2511,190.7267
2018-12-25,4075.15,5.1064,18.2867,12.5,202.7125,196.6214
2018-12-26,3821.52,5.1064,16.2266,12.5,189.8807,197.1415
2018-12-27,3848.21,5.1064,16.9166,12.5,191.2795,197.7923
2018-12-28,3638.9,5.1064,17.9707,12.5,180.9804,194.0562
2018-12-29,3923.19,5.1064,15.3125,12.5,194.8343,194.1692
2018-12-30,3770.36,5.1064,13.9111,12.5,187.0998,192.2912
2018-12-31,3865.26,5.2485,15.9084,12.5,186.822,190.5156
2019-01-01,3737.91,5.6186,11.2287,12.5,168.3316,185.604
2019-01-02,3855.88,5.6186,18.0404,12.5,174.2973,183.3778
2019-01-03,3931.31,5.6186,19.1678,12.5,177.8172,181.4547
2019-01-04,3822.87,5.6186,19.5793,12.5,172.9514,180.3077
2019-01-05,3856.62,5.6186,12.2711,12.5,173.7775,177.2995
2019-01-06,3831.94,5.6186,16.5951,12.5,173.0774,175.2963
2019-01-07,4071.77,5.6186,23.8759,12.5,184.6469,174.9856
2019-01-08,4032.25,5.6186,20.9468,12.5,182.5611,177.0184
2019-01-09,4020.97,5.6186,24.1698,12.5,182.3726,178.172
2019-01-10,4016.92,5.6186,25.8452,12.5,182.3563,178.8205
2019-01-11,3646.25,5.6186,24.2592,12.5,165.3852,177.7396
2019-01-12,3656.9,5.6186,17.1227,12.5,165.2194,176.517
2019-01-13,3637.31,5.6186,14.1771,12.5,164.0679,175.2299
2019-01-14,3531.96,5.8626,19.9943,12.5,153.1743,170.7338
2019-01-15,3682.48,5.884,21.2036,12.5,159.2276,167.4005
2019-01-16,3600.16,5.884,25.0793,12.5,155.9995,163.6329
2019-01-17,3621.43,5.884,23.4876,12.5,156.7843,159.9797
2019-01-18,3658.41,5.884,20.918,12.5,158.1621,158.9479
2019-01-19,3625.73,5.884,17.5773,12.5,156.4617,157.6968
2019-01-20,3703.98,5.884,14.4227,12.5,159.561,157.0529
2019-01-21,3548.98,5.884,19.9191,12.5,153.347,157.0776
2019-01-22,3540.02,5.884,20.9004,12.5,153.0423,156.194
2019-01-23,3587.35,5.884,22.6728,12.5,155.2394,156.0854
2019-01-24,3566.4,5.884,22.989,12.5,154.3596,155.739
2019-01-25,3586.25,5.884,24.8234,12.5,155.3749,155.3408
2019-01-26,3577.79,5.884,19.8802,12.5,154.5885,155.0732
2019-01-27,3576.3,5.884,15.9078,12.5,154.1868,154.3055
2019-01-28,3554.5,5.8367,24.1632,12.5,155.1921,154.5691
2019-01-29,3448.58,5.8147,23.1498,12.5,151.0531,154.2849
2019-01-30,3421.6,5.8147,21.2235,12.5,149.713,153.4954
2019-01-31,3470.0,5.8147,29.0363,12.5,152.482,153.2272
2019-02-01,3444.81,5.8147,33.1108,12.5,151.7123,152.704
2019-02-02,3475.33,5.8147,18.9262,12.5,151.8721,152.3159
2019-02-03,3506.22,5.8147,14.7432,12.5,152.8696,152.1277
2019-02-04,3456.02,5.8147,17.0881,12.5,150.8756,151.5111
2019-02-05,3452.35,5.8147,17.2108,12.5,150.7256,151.4643
2019-02-06,3467.34,5.8147,21.7905,12.5,151.7616,151.757
2019-02-07,3405.7,5.8147,16.7414,12.5,148.6505,151.2096
2019-02-08,3394.76,5.8147,20.9105,12.5,148.513,150.7526
2019-02-09,3661.08,5.8147,17.7526,12.5,159.8862,151.8974
2019-02-10,3664.38,5.894,13.6208,12.5,157.5171,152.5614
2019-02-11,3686.29,6.0615,23.138,12.5,154.8884,153.1346
2019-02-12,3629.47,6.0615,34.316,12.5,153.436,153.5218
2019-02-13,3632.42,6.0615,35.6376,12.5,153.6714,153.7947
2019-02-14,3614.5,6.0615,26.1804,12.5,152.1254,154.2911
2019-02-15,3600.31,6.0615,26.4655,12.5,151.5519,154.7252
2019-02-16,3608.2,6.0615,22.3657,12.5,151.5431,153.5333
2019-02-17,3619.55,6.0615,19.1724,12.5,151.7534,152.7099
2019-02-18,3670.74,6.0615,29.4041,12.5,154.7652,152.6923
2019-02-19,3910.8,6.0615,36.593,12.5,165.5345,154.4207
2019-02-20,3926.53,6.0615,37.7618,12.5,166.3061,156.2257
2019-02-21,3987.18,6.0615,34.7156,12.5,168.5949,158.5784
2019-02-22,3944.88,6.0615,39.0128,12.5,167.197,160.8135
2019-02-23,3983.48,6.0615,25.4394,12.5,167.5869,163.1054
2019-02-24,4139.6,6.0641,29.5554,12.5,174.4738,166.3512
2019-02-25,3766.89,6.0718,38.8535,12.5,159.3678,167.0087
2019-02-26,3848.33,6.0718,35.8452,12.5,162.547,166.5819
2019-02-27,3831.45,6.0718,32.6632,12.5,161.5535,165.903
2019-02-28,3833.23,6.0718,30.2959,12.5,161.4198,164.878
2019-03-01,3850.08,6.0718,30.4861,12.5,162.1462,164.1564
2019-03-02,3834.62,6.0718,25.3215,12.5,161.0395,163.2211
2019-03-03,3831.44,6.0718,21.3843,12.5,160.5589,161.2332
2019-03-04,3814.58,6.0718,28.4599,12.5,160.4733,161.3912
2019-03-05,3730.98,6.0718,29.0236,12.5,157.0048,160.5994
2019-03-06,3872.25,6.0718,38.4368,12.5,163.7882,160.9187
2019-03-07,3876.85,6.0718,38.1589,12.5,163.958,161.2813
2019-03-08,3886.82,6.0718,34.5342,12.5,164.0555,161.554
2019-03-09,3875.96,6.0718,24.5442,12.5,162.7063,161.7921
2019-03-10,3950.56,6.0712,19.0867,12.5,165.359,162.4779
2019-03-11,3928.17,6.0689,30.8218,12.5,165.5459,163.2025
2019-03-12,3881.09,6.0689,31.5043,12.5,163.6227,164.1479
2019-03-13,3892.51,6.0689,36.0432,12.5,164.5109,164.2512
2019-03-14,3877.77,6.0689,37.5644,12.5,164.0237,164.2606
2019-03-15,3885.21,6.0689,31.1245,12.5,163.7625,164.2187
2019-03-16,3936.5,6.0689,22.363,12.5,165.1304,164.565
2019-03-17,4015.95,6.0689,16.7807,12.5,167.9472,164.9348
2019-03-18,3994.92,6.0689,22.3748,12.5,167.5822,165.2257
2019-03-19,3998.77,6.0689,22.3087,12.5,167.7376,165.8135
2019-03-20,4029.11,6.0689,27.1998,12.5,169.4639,166.5211
2019-03-21,4056.4,6.0689,35.5304,12.5,171.3896,167.5733
2019-03-22,3992.34,6.0689,27.147,12.5,167.9125,168.1662
2019-03-23,3999.06,6.0689,17.9489,12.5,167.3484,168.4831
2019-03-24,4011.92,6.3689,15.6763,12.5,159.7778,167.316
2019-03-25,3994.11,6.3793,29.201,12.5,159.9934,166.2319
2019-03-26,3935.89,6.3793,36.415,12.5,158.2831,164.8812
2019-03-27,3947.74,6.3793,48.0205,12.5,159.7629,163.4954
2019-03-28,4048.51,6.3793,47.8169,12.5,163.823,162.4144
2019-03-29,4037.37,6.3793,63.4821,12.5,164.7572,161.9637
2019-03-30,4115.55,6.3793,54.6737,12.5,167.1537,161.9359
2019-03-31,4114.44,6.3793,44.6143,12.5,166.2023,162.8537
2019-04-01,4114.16,6.3793,61.8467,12.5,167.7435,163.9608
2019-04-02,4152.53,6.3793,114.4898,12.5,174.0951,166.2197
2019-04-03,4882.88,6.3793,142.103,12.5,207.6677,173.0632
2019-04-04,4959.81,6.3793,154.4635,12.5,212.2821,179.9859
2019-04-05,4911.24,6.3793,114.8231,12.5,205.9399,185.8692
2019-04-06,5028.77,6.3796,80.8476,12.5,207.1171,191.5782
2019-04-07,5053.52,6.393,85.5164,12.5,208.2137,197.5799
2019-04-08,5189.39,6.393,130.5444,12.5,218.9179,204.8905
2019-04-09,5268.71,6.393,114.9256,12.5,220.4658,211.5149
2019-04-10,5175.81,6.393,111.7854,12.5,216.2233,212.7371
2019-04-11,5310.18,6.393,115.2851,12.5,222.2428,214.1601
2019-04-12,5035.02,6.393,100.5657,12.5,209.1073,214.6126
2019-04-13,5072.85,6.393,66.2212,12.5,206.8713,214.5774
2019-04-14,5064.62,6.393,57.4237,12.5,205.562,214.1986
2019-04-15,5152.51,6.393,78.9697,12.5,211.5552,213.1468
2019-04-16,5036.18,6.393,76.5687,12.5,206.5146,211.1538
2019-04-17,5196.65,6.393,77.1498,12.5,213.1609,210.7163
2019-04-18,5220.37,6.393,72.4196,12.5,213.5942,209.4808
2019-04-19,5276.31,6.393,78.433,12.5,216.5764,210.5478
2019-04-20,5277.04,6.393,58.091,12.5,214.2607,211.6034
2019-04-21,5309.28,6.3577,50.3128,12.5,215.8593,213.0745
2019-04-22,5281.83,6.353,70.1269,12.5,217.2031,213.8813
2019-04-23,5377.19,6.353,96.4812,12.5,224.2407,216.4136
2019-04-24,5518.16,6.353,130.6749,12.5,234.2685,219.429
2019-04-25,5434.19,6.353,94.3009,12.5,226.3572,221.2523
2019-04-26,5195.61,6.353,91.4474,12.5,216.0933,221.1833
2019-04-27,5292.83,6.353,54.4209,12.5,215.8275,221.4071
2019-04-28,5280.19,6.353,47.9539,12.5,214.5612,221.2216
2019-04-29,5301.29,6.353,70.9547,12.5,218.0998,221.3497
2019-04-30,5260.65,6.353,85.4846,12.5,218.1086,220.4737
2019-05-01,5269.79,6.353,65.6252,12.5,216.1863,217.8906
2019-05-02,5326.67,6.353,64.7108,12.5,218.4126,216.7556
2019-05-03,5390.16,6.353,81.2723,12.5,222.9789,217.7393
2019-05-04,5657.14,6.5541,60.6292,12.5,224.3564,218.9577
2019-05-05,5771.08,6.7022,62.8723,12.5,224.0867,220.3185
2019-05-06,5717.66,6.7022,76.3117,12.5,223.6141,221.1062
2019-05-07,5684.47,6.7022,92.3193,12.5,224.2128,221.9783
2019-05-08,5755.72,6.7022,112.3077,12.5,229.4211,223.8689
2019-05-09,5936.72,6.7022,106.9565,12.5,235.9735,226.3776
2019-05-10,6146.91,6.7022,123.7436,12.5,246.479,229.7348
2019-05-11,6348.02,6.7022,125.1234,12.5,254.7257,234.0733
2019-05-12,7248.31,6.7022,104.0802,12.5,287.6722,243.1569
2019-05-13,6978.63,6.7022,112.2005,12.5,278.1503,250.9478
2019-05-14,7823.11,6.7022,132.6879,12.5,315.1499,263.9388
2019-05-15,7992.69,6.7022,192.3591,12.5,331.9224,278.5819
2019-05-16,8206.9,6.7022,228.5158,12.5,347.0032,294.4432
2019-05-17,7885.96,6.7022,227.2666,12.5,333.2279,306.8359
2019-05-18,7362.22,6.7038,134.7873,12.5,296.834,312.8514
2019-05-19,7265.05,6.7046,125.6673,12.5,291.4985,313.398
2019-05-20,8193.7,6.7046,186.0999,12.5,339.0764,322.1018
2019-05-21,8007.03,6.7046,202.4814,12.5,334.0845,324.8067
2019-05-22,7952.5,6.7046,176.7383,12.5,327.5437,324.1812
2019-05-23,7625.93,6.7046,163.9629,12.5,312.0632,319.1897
2019-05-24,7880.29,6.7046,191.8832,12.5,327.0563,318.3081
2019-05-25,8003.26,6.7046,128.1188,12.5,321.5268,321.8356
2019-05-26,8071.45,6.7046,95.8861,12.5,318.8454,325.7423
2019-05-27,8744.42,6.7046,189.3134,12.5,362.4521,329.0817
2019-05-28,8770.06,6.7046,192.9503,12.5,364.1794,333.381
2019-05-29,8719.88,6.7046,187.0836,12.5,361.0298,338.1647
2019-05-30,8662.98,6.7471,188.2065,12.5,356.6176,344.5296
2019-05-31,8272.46,7.4597,205.0372,12.5,310.6192,342.1815
2019-06-01,8553.81,7.4597,159.4219,12.5,313.8764,341.0886
2019-06-02,8554.8,7.4597,118.4455,12.5,307.3481,339.4461
2019-06-03,8739.03,7.4597,198.9933,12.5,327.1491,334.4028
2019-06-04,8134.92,7.4597,217.913,12.5,307.4163,326.2938
2019-06-05,7675.8,7.4597,159.4267,12.5,281.6591,314.9551
2019-06-06,7786.04,7.4597,122.1899,12.5,280.2748,304.049
2019-06-07,7803.23,7.4597,106.4925,12.5,278.5997,299.4748
2019-06-08,7998.29,7.4597,73.3647,12.5,280.6019,294.7213
2019-06-09,7931.34,7.4597,62.9906,12.5,276.7123,290.3447
2019-06-10,7640.61,7.4597,101.83,12.5,272.1265,282.4844
2019-06-11,8020.38,7.4597,110.5872,12.5,286.9677,279.5631
2019-06-12,7917.58,7.4597,108.8698,12.5,283.0348,279.7597
2019-06-13,8173.06,7.4597,109.4551,12.5,292.2573,281.4715
2019-06-14,8237.88,7.4115,117.9495,12.5,297.8098,284.2158
2019-06-15,8693.6,7.4094,78.7016,12.5,307.9398,288.1212
2019-06-16,8859.47,7.4094,74.3601,12.5,313.09,293.318
2019-06-17,8978.99,7.4094,117.7998,12.5,324.6677,300.8239
2019-06-18,9327.48,7.4094,116.5383,12.5,337.0468,307.978
2019-06-19,9076.18,7.4094,105.7549,12.5,326.1208,314.1332
2019-06-20,9281.7,7.4094,111.816,12.5,334.5662,320.1773
2019-06-21,9531.35,7.4094,126.2325,12.5,346.1557,327.0839
2019-06-22,10209.38,7.4094,122.4791,12.5,370.0577,335.9578
2019-06-23,10668.63,7.4094,81.2353,12.5,378.4079,345.289
2019-06-24,10814.48,7.4094,102.0983,12.5,387.835,354.3129
2019-06-25,11017.5,7.4094,121.1074,12.5,399.0645,363.1725
2019-06-26,11766.4,7.4094,184.065,12.5,440.1573,379.4635
2019-06-27,12932.55,7.8681,200.1013,12.5,459.2576,397.2765
2019-06-28,11132.85,7.9347,182.2644,12.5,388.5332,403.3305
2019-06-29,12374.35,7.9347,108.766,12.5,415.8486,409.872
2019-06-30,11890.38,7.9347,104.9186,12.5,398.779,412.7822
2019-07-01,10737.73,7.9347,126.9382,12.5,364.2843,409.4178
2019-07-02,10578.72,7.9347,117.8896,12.5,357.2045,403.4378
2019-07-03,10805.4,7.9347,94.7475,12.5,360.4561,392.0519
2019-07-04,11984.76,7.9347,83.8421,12.5,397.4971,383.229
2019-07-05,11160.49,7.9347,75.8968,12.5,368.5975,380.381
2019-07-06,10955.16,7.9347,50.6175,12.5,356.9403,371.9655
2019-07-07,11232.04,7.9347,45.6166,12.5,364.9726,367.1361
2019-07-08,11477.01,7.9347,67.4606,12.5,377.3465,369.0021
2019-07-09,12313.08,8.5874,71.275,12.5,374.8277,371.5197
2019-07-10,12586.78,9.0642,85.643,12.5,365.7951,372.2824
2019-07-11,12099.9,9.0642,79.3667,12.5,350.4751,365.565
2019-07-12,11352.87,9.0642,67.4267,12.5,326.7481,359.5865
2019-07-13,11803.97,9.0642,44.3822,12.5,335.5389,356.5291
2019-07-14,11389.1,9.0642,40.7299,12.5,323.1047,350.548
2019-07-15,10186.96,9.0642,63.9175,12.5,292.641,338.4472
2019-07-16,10873.5,9.0642,62.6985,12.5,312.1589,329.4945
2019-07-17,9397.72,9.0642,64.5019,12.5,270.0531,315.8171
2019-07-18,9674.28,9.0642,72.1054,12.5,279.134,305.6255
2019-07-19,10638.56,9.0642,71.1028,12.5,306.7922,302.7747
2019-07-20,10535.75,9.0642,50.0499,12.5,300.4089,297.7561
2019-07-21,10764.9,9.0642,37.5512,12.5,304.869,295.151
2019-07-22,10587.41,9.0642,53.8804,12.5,302.5069,296.5604
2019-07-23,10323.62,9.0332,51.7274,12.5,295.6383,294.2003
2019-07-24,9844.3,9.0138,49.9089,12.5,282.2405,295.9414
2019-07-25,9772.17,9.0138,56.1615,12.5,281.1194,296.225
2019-07-26,9875.17,9.0138,46.519,12.5,282.6067,292.77
2019-07-27,9848.65,9.0138,33.0415,12.5,279.7906,289.8245
2019-07-28,9473.99,9.0138,26.4657,12.5,268.1813,284.5834
2019-07-29,9530.0,9.0138,39.7459,12.5,271.7283,280.1864
2019-07-30,9501.33,9.0138,60.2274,12.5,273.9268,277.0848
2019-07-31,9589.13,9.0138,53.6158,12.5,275.4755,276.1184
2019-08-01,10084.7,9.0138,46.7325,12.5,288.6364,277.1922
2019-08-02,10407.17,9.0138,44.6884,12.5,297.5362,279.325
2019-08-03,10529.55,9.0138,27.4779,12.5,298.2264,281.9587
2019-08-04,10814.57,9.0138,19.7221,12.5,304.999,287.2184
2019-08-05,10980.23,9.8902,42.2582,12.5,285.7241,289.2178
2019-08-06,11787.99,9.9853,45.8052,12.5,304.4064,293.572
2019-08-07,11465.67,9.9853,70.827,12.5,300.0967,297.0893
2019-08-08,11960.82,9.9853,70.3597,12.5,312.9783,300.5667
2019-08-09,11996.41,9.9853,65.334,12.5,313.0661,302.7853
2019-08-10,11856.64,9.9853,39.6903,12.5,305.1649,303.7765
2019-08-11,11282.22,9.9853,30.3457,12.5,288.9055,301.4774
2019-08-12,11566.84,9.9853,50.5436,12.5,299.4624,303.44
2019-08-13,11386.26,9.9853,75.0905,12.5,298.6974,302.6245
2019-08-14,10858.12,9.9853,58.7017,12.5,282.3531,300.0897
2019-08-15,10016.96,9.9853,53.848,12.5,259.7995,292.4927
2019-08-16,10302.17,9.9853,51.3353,12.5,266.8345,285.8882
2019-08-17,10359.44,9.9853,35.3825,12.5,266.0058,280.294
2019-08-18,10214.52,10.0168,29.1723,12.5,260.5764,276.247
2019-08-19,10317.6,10.1835,41.6695,12.5,260.6665,270.7047
2019-08-20,10917.26,10.1835,46.6901,12.5,276.5684,267.5435
2019-08-21,10760.56,10.1835,52.2259,12.5,273.4158,266.2667
2019-08-22,10129.4,10.1835,53.9988,12.5,257.625,265.9561
2019-08-23,10111.98,10.1835,41.4739,12.5,255.4445,264.3289
2019-08-24,10405.81,10.1835,30.091,12.5,261.2422,263.6484
2019-08-25,10143.8,10.1835,21.579,12.5,253.4799,262.6346
2019-08-26,10135.06,10.1835,33.1703,12.5,254.8731,261.807
2019-08-27,10360.28,10.1835,33.9834,12.5,260.6524,259.5333
2019-08-28,10171.95,10.1835,33.8703,12.5,255.8984,257.0308
2019-08-29,9717.82,10.1835,33.9174,12.5,244.4801,255.1529
2019-08-30,9484.55,10.1835,34.4605,12.5,238.6821,252.7583
2019-08-31,9577.99,10.1835,24.0374,12.5,239.6641,249.6757
2019-09-01,9600.9,10.6856,20.0623,12.5,228.4503,246.1001
2019-09-02,9769.79,10.772,28.7612,12.5,231.7061,242.7905
2019-09-03,10386.64,10.772,38.9783,12.5,247.7119,240.9419
2019-09-04,10621.29,10.772,37.3447,12.5,253.0831,240.5397
2019-09-05,10584.16,10.772,36.6929,12.5,252.1089,241.6295
2019-09-06,10577.8,10.772,37.3964,12.5,252.0539,243.5398
2019-09-07,10317.47,10.772,26.7181,12.5,244.4218,244.2194
2019-09-08,10487.21,10.772,21.7473,12.5,247.7669,246.9789
2019-09-09,10406.31,10.772,32.7116,12.5,247.3353,249.2117
2019-09-10,10313.66,10.772,37.3487,12.5,245.7534,248.9319
2019-09-11,10101.03,10.772,34.7778,12.5,240.3501,247.1129
2019-09-12,10159.32,10.772,29.5121,12.5,241.0433,245.5321
2019-09-13,10420.16,10.9584,27.5404,12.5,242.7641,244.205
2019-09-14,10363.9,11.8906,21.0247,12.5,221.7312,240.9635
2019-09-15,10361.33,11.8906,18.243,12.5,221.3376,237.1879
2019-09-16,10310.43,11.8906,29.2587,12.5,221.5847,233.5092
2019-09-17,10265.63,11.8906,34.6414,12.5,221.271,230.0117
2019-09-18,10190.36,11.8906,34.1259,12.5,219.5869,227.0455
2019-09-19,10157.59,11.8906,36.545,12.5,219.1695,223.9207
2019-09-20,10275.88,11.8906,32.038,12.5,221.1777,220.8369
2019-09-21,10173.11,11.8906,23.4005,12.5,217.9333,220.2944
2019-09-22,9979.49,11.8906,20.5273,12.5,213.4486,219.1674
2019-09-23,10033.05,11.8906,32.1954,12.5,215.9696,218.3652
2019-09-24,9683.38,11.8906,38.4615,12.5,209.1555,216.6344
2019-09-25,8553.61,11.8906,42.8248,12.5,185.1916,211.7208
2019-09-26,8432.23,12.0177,32.6417,12.5,179.635,206.073
2019-09-27,8055.64,12.7598,34.2633,12.5,161.7739,197.5868
2019-09-28,8193.9,12.7598,23.1649,12.5,163.5549,189.8184
2019-09-29,8225.0,12.7598,21.0016,12.5,163.9808,182.7516
2019-09-30,8056.74,12.7598,41.0133,12.5,162.3914,175.0976
2019-10-01,8307.74,12.7598,48.265,12.5,168.1102,169.234
2019-10-02,8322.92,12.7598,37.2002,12.5,167.4091,166.6936
2019-10-03,8382.03,12.7598,37.884,12.5,168.6608,165.1259
2019-10-04,8236.17,12.7598,27.8037,12.5,164.8169,165.5606
2019-10-05,8155.48,12.7598,19.1481,12.5,162.4293,165.3998
2019-10-06,8147.69,12.7598,16.491,12.5,162.0372,165.1221
2019-10-07,7869.74,12.7598,24.7042,12.5,157.2171,164.3829
2019-10-08,8212.02,12.7598,27.6592,12.5,164.3206,163.8416
2019-10-09,8190.0,12.7598,30.3662,12.5,164.1227,163.3721
2019-10-10,8587.92,12.8748,33.4666,12.5,170.8493,163.6847
2019-10-11,8586.9,13.0081,27.8301,12.5,168.5583,164.2192
2019-10-12,8269.73,13.0081,20.7624,12.5,161.7046,164.1157
2019-10-13,8308.01,13.0081,16.1809,12.5,162.0444,164.1167
2019-10-14,8283.76,13.0081,23.8203,12.5,162.251,164.8358
2019-10-15,8353.54,13.0081,25.8946,12.5,163.8038,164.762
2019-10-16,8162.16,13.0081,29.1365,12.5,160.3353,164.221
2019-10-17,8002.51,13.0081,25.4038,12.5,156.8783,162.2251
2019-10-18,8076.78,13.0081,24.9435,12.5,158.2944,160.7588
2019-10-19,7954.15,13.0081,18.3072,12.5,155.3241,159.8473
2019-10-20,7960.04,13.0081,15.8434,12.5,155.2285,158.8736
2019-10-21,8231.06,13.0081,20.6326,12.5,160.937,158.6859
2019-10-22,8222.52,13.0081,22.2159,12.5,160.9098,158.2725
2019-10-23,8026.76,13.0691,31.0704,12.5,157.1053,157.8111
2019-10-24,7469.56,13.6915,28.9599,12.5,139.3928,155.3131
2019-10-25,7431.88,13.6915,36.0867,12.5,139.23,152.5896
2019-10-26,8666.79,13.6915,47.8564,12.5,163.4058,153.7442
2019-10-27,9259.8,13.6915,33.9705,12.5,173.2746,156.3222
2019-10-28,9551.54,13.6915,37.9842,12.5,179.125,158.9205
2019-10-29,9218.76,13.6915,35.4702,12.5,172.6477,160.5973
2019-10-30,9433.35,13.6915,33.6514,12.5,176.4915,163.3668
2019-10-31,9164.62,13.6915,35.4652,12.5,171.6333,167.9726
2019-11-01,9147.98,13.6915,40.1877,12.5,171.7625,172.6201
2019-11-02,9252.99,13.6915,27.6902,12.5,172.5543,173.927
2019-11-03,9301.18,13.6915,26.0662,12.5,173.2988,173.9304
2019-11-04,9206.16,13.6915,48.2879,12.5,173.6157,173.1434
2019-11-05,9418.05,13.6915,43.7323,12.5,177.1739,173.79
2019-11-06,9310.19,13.6915,38.6654,12.5,174.6635,173.5289
2019-11-07,9343.34,13.6699,39.7364,12.5,175.6645,174.1047
2019-11-08,9204.24,12.72,40.8888,12.5,186.0885,176.1513
2019-11-09,8766.04,12.72,29.4426,12.5,176.1272,176.6617
2019-11-10,8809.41,12.72,23.8664,12.5,176.4591,177.1132
2019-11-11,9037.12,12.72,29.5624,12.5,181.5856,178.2518
2019-11-12,8717.81,12.72,28.6553,12.5,175.0827,177.953
2019-11-13,8801.52,12.72,34.3152,12.5,177.311,178.3312
2019-11-14,8762.42,12.72,29.6408,12.5,176.0735,178.3897
2019-11-15,8632.32,12.72,29.6486,12.5,173.46,176.5856
2019-11-16,8457.69,12.72,22.9334,12.5,169.3272,175.6142
2019-11-17,8482.7,12.72,21.0812,12.5,169.6553,174.6422
2019-11-18,8503.93,12.72,27.8272,12.5,170.71,173.0885
2019-11-19,8175.99,12.72,34.3684,12.5,164.7142,171.6073
2019-11-20,8120.8,12.72,27.3637,12.5,162.9776,169.5597
2019-11-21,8081.81,12.7958,36.8594,12.5,162.0723,167.5595
2019-11-22,7617.07,12.9732,40.021,12.5,150.9224,164.3399
2019-11-23,7286.35,12.9732,21.548,12.5,142.9202,160.5674
2019-11-24,7324.03,12.9732,17.0147,12.5,143.3018,156.8026
2019-11-25,6907.4,12.9732,32.1849,12.5,136.2784,151.8838
2019-11-26,7130.25,12.9732,39.8689,12.5,141.265,148.534
2019-11-27,7163.63,12.9732,33.8603,12.5,141.4629,145.4604
2019-11-28,7523.83,12.9732,26.172,12.5,147.953,143.4434
2019-11-29,7431.0,12.9732,32.7065,12.5,146.6504,142.8331
2019-11-30,7757.47,12.9732,27.2303,12.5,152.6358,144.221
2019-12-01,7557.72,12.9732,21.9088,12.5,148.2725,144.9311
2019-12-02,7402.69,12.9732,26.0911,12.5,145.5644,146.2577
2019-12-03,7309.59,12.9732,25.4773,12.5,143.6854,146.6035
2019-12-04,7296.77,12.9732,29.5455,12.5,143.753,146.9306
2019-12-05,7192.85,12.956,23.2417,12.5,141.4058,145.9953
2019-12-06,7395.97,12.8768,25.0329,12.5,146.436,145.9647
2019-12-07,7547.19,12.8768,18.0566,12.5,148.8589,145.4251
2019-12-08,7504.83,12.8768,14.5035,12.5,147.7341,145.3482
2019-12-09,7522.39,12.8768,21.8207,12.5,148.6769,145.7929
2019-12-10,7337.42,12.8768,23.2222,12.5,145.1326,145.9996
2019-12-11,7220.76,12.8768,24.6043,12.5,142.9334,145.8825
2019-12-12,7202.31,12.8768,22.5639,12.5,142.4087,146.0258
2019-12-13,7189.16,12.8768,22.4712,12.5,142.1415,145.4123
2019-12-14,7251.87,12.8768,15.364,12.5,142.8222,144.5499
2019-12-15,7067.74,12.8768,20.4478,12.5,139.5857,143.3859
2019-12-16,7111.14,12.8768,22.1633,12.5,140.5751,142.2285
2019-12-17,6879.54,12.8768,22.9272,12.5,136.0538,140.9315
2019-12-18,6612.12,12.8768,27.4831,12.5,131.092,139.2399
2019-12-19,7284.29,12.8928,28.7155,12.5,144.3365,139.5153
2019-12-20,7150.86,12.9486,25.4772,12.5,140.8327,139.3283
2019-12-21,7190.17,12.9486,16.6094,12.5,140.919,139.0564
2019-12-22,7143.2,12.9486,12.8041,12.5,139.7052,139.0735
2019-12-23,7514.41,12.9486,18.8711,12.5,147.4571,140.0566
2019-12-24,7322.08,12.9486,17.6085,12.5,143.5832,141.1322
2019-12-25,7250.69,12.9486,13.132,12.5,141.8331,142.6667
2019-12-26,7192.72,12.9486,18.9121,12.5,141.1477,142.2111
2019-12-27,7194.4,12.9486,17.1163,12.5,141.0412,142.2409
2019-12-28,7243.93,12.9486,13.8039,12.5,141.7534,142.3601
2019-12-29,7301.07,12.9486,12.6092,12.5,142.7774,142.799
2019-12-30,7385.36,12.9486,15.9028,12.5,144.6882,142.4035
2019-12-31,7219.6,12.9486,14.8421,12.5,141.3581,142.0856
2020-01-01,7168.31,13.0317,9.971,12.5,139.0849,141.693
2020-01-02,7175.68,13.7988,13.7808,12.5,131.7645,140.3525
2020-01-03,6944.33,13.7988,16.3898,12.5,127.6997,138.4466
2020-01-04,7326.35,13.7988,12.3122,12.5,134.4223,137.3993
2020-01-05,7347.89,13.7988,11.8871,12.5,134.7859,136.2577
2020-01-06,7351.57,13.7988,20.4931,12.5,135.4939,134.9442
2020-01-07,7759.24,13.7988,25.5619,12.5,143.4057,135.2367
2020-01-08,8165.47,13.7988,30.8308,12.5,151.3491,136.9887
2020-01-09,8042.65,13.7988,29.7812,12.5,148.9872,139.4491
2020-01-10,7817.92,13.7988,32.5651,12.5,145.0445,141.9269
2020-01-11,8184.66,13.7988,18.3835,12.5,150.6734,144.2485
2020-01-12,8021.49,13.7988,14.5316,12.5,147.3568,146.0444
2020-01-13,8173.97,13.7988,17.631,12.5,150.4144,148.1759
2020-01-14,8105.24,13.819,26.2216,12.5,149.6352,149.0658
2020-01-15,8842.42,14.7764,31.3581,12.5,153.0975,149.3156
2020-01-16,8813.89,14.7764,23.8525,12.5,151.9781,149.7428
2020-01-17,8722.03,14.7764,24.2932,12.5,150.4305,150.5123
2020-01-18,8900.34,14.7764,17.7656,12.5,152.9566,150.8384
2020-01-19,8910.85,14.7764,16.5176,12.5,153.0321,151.6492
2020-01-20,8703.36,14.7764,17.7433,12.5,149.5696,151.5285
2020-01-21,8626.47,14.7764,20.5191,12.5,148.4746,151.3627
2020-01-22,8722.26,14.7764,21.6795,12.5,150.2189,150.9515
2020-01-23,8658.94,14.7764,21.0375,12.5,149.0759,150.5369
2020-01-24,8388.11,14.7764,16.1008,12.5,144.0216,149.6213
2020-01-25,8428.17,14.7764,11.3933,12.5,144.3344,148.3896
2020-01-26,8327.36,14.7764,10.573,12.5,142.5434,146.8912
2020-01-27,8588.42,14.7764,19.7872,12.5,147.7602,146.6327
2020-01-28,8895.78,15.2038,22.9874,12.5,149.007,146.7088
2020-01-29,9385.69,15.4661,20.4252,12.5,154.3297,147.296
2020-01-30,9279.81,15.4661,19.6458,12.5,152.5234,147.7885
2020-01-31,9502.37,15.4661,22.5314,12.5,156.4291,149.561
2020-02-01,9333.77,15.4661,17.4816,12.5,153.2279,150.8315
2020-02-02,9378.09,15.4661,16.9488,12.5,153.9103,152.4554
2020-02-03,9314.56,15.4661,21.5331,12.5,153.2534,153.2401
2020-02-04,9284.51,15.4661,23.7459,12.5,152.9445,153.8026
2020-02-05,9162.14,15.4661,25.4414,12.5,151.069,153.3368
2020-02-06,9614.9,15.4661,27.1064,12.5,158.6789,154.2162
2020-02-07,9755.66,15.4661,31.5176,12.5,161.3906,154.9249
2020-02-08,9807.54,15.4661,21.3369,12.5,161.347,156.0848
2020-02-09,9907.12,15.4661,19.8218,12.5,162.8497,157.3619
2020-02-10,10162.41,15.4661,27.5807,12.5,167.7582,159.434
2020-02-11,9854.79,15.5211,34.7725,12.5,162.7412,160.8335
2020-02-12,10275.38,15.5467,37.3985,12.5,169.6497,163.4879
2020-02-13,10354.3,15.5467,35.4786,12.5,170.7741,165.2158
2020-02-14,10242.43,15.5467,32.1726,12.5,168.6247,166.2492
2020-02-15,10368.53,15.5467,28.5482,12.5,170.3631,167.5372
2020-02-16,9904.17,15.5467,21.5994,12.5,162.1149,167.4323
2020-02-17,9937.67,15.5467,25.2977,12.5,162.9935,166.7516
2020-02-18,9703.93,15.5467,30.1281,12.5,159.5809,166.3001
2020-02-19,10180.65,15.5467,31.4286,12.5,167.5396,165.9987
2020-02-20,9604.72,15.5467,27.7967,12.5,157.7482,164.1378
2020-02-21,9606.86,15.5467,23.5445,12.5,157.4163,162.5366
2020-02-22,9696.58,15.5467,18.3244,12.5,158.4316,160.8321
2020-02-23,9669.63,15.5467,16.6207,12.5,157.8433,160.2219
2020-02-24,9989.39,15.5467,22.9243,12.5,163.6287,160.3127
2020-02-25,9663.75,15.5094,24.5448,12.5,158.8174,160.2036
2020-02-26,9309.15,15.4869,29.2991,12.5,153.6106,158.2137
2020-02-27,8785.52,15.4869,26.9596,12.5,144.7848,156.3618
2020-02-28,8804.72,15.4869,26.2826,12.5,145.0474,154.5948
2020-02-29,8712.35,15.4869,18.504,12.5,142.9144,152.3781
2020-03-01,8531.42,15.4869,14.4466,12.5,139.6343,149.7768
2020-03-02,8534.17,15.4869,22.939,12.5,140.333,146.4488
2020-03-03,8912.82,15.4869,24.7164,12.5,146.7023,144.7181
2020-03-04,8754.34,15.4869,24.2574,12.5,144.0576,143.3534
2020-03-05,8758.9,15.4869,24.3717,12.5,144.1416,143.2615
2020-03-06,9067.39,15.4869,26.6326,12.5,149.4032,143.8838
2020-03-07,9155.89,15.4869,18.5385,12.5,150.193,144.9236
2020-03-08,8898.63,15.4869,16.1424,12.5,145.7805,145.8016
2020-03-09,8039.38,16.0768,25.612,12.5,127.5333,143.9731
2020-03-10,7931.94,16.5529,27.9413,12.5,122.3653,140.4964
2020-03-11,7885.46,16.5529,29.5615,12.5,121.7561,137.3104
2020-03-12,7936.65,16.5529,59.1683,12.5,124.5296,134.5087
2020-03-13,4830.21,16.5529,84.3131,12.5,76.8132,124.1387
2020-03-14,5609.03,16.5529,52.8665,12.5,87.7099,115.2126
2020-03-15,5166.26,16.5529,44.3083,12.5,80.413,105.8743
2020-03-16,5348.44,16.5529,61.5663,12.5,84.0277,99.6593
2020-03-17,5026.35,16.5529,62.252,12.5,78.9965,93.4637
2020-03-18,5357.61,16.5529,58.7716,12.5,84.0454,88.0765
2020-03-19,5410.23,16.5529,68.457,12.5,85.3131,82.4741
2020-03-20,6195.2,16.5529,79.9899,12.5,98.2941,85.5428
2020-03-21,6226.44,16.5529,47.0808,12.5,97.0605,86.8786
2020-03-22,6189.85,16.5529,33.3418,12.5,95.7724,89.0728
2020-03-23,5822.62,16.5529,51.4245,12.5,90.979,90.0659
2020-03-24,6502.16,16.5529,44.7436,12.5,101.2303,93.2421
2020-03-25,6768.49,16.5529,45.4018,12.5,105.4143,96.2948
2020-03-26,6698.46,14.1436,55.056,12.5,122.7339,101.6406
2020-03-27,6763.75,13.9125,41.5785,12.5,125.0729,105.4662
2020-03-28,6369.09,13.9125,28.82,12.5,116.959,108.3088
2020-03-29,6260.95,13.9125,21.0619,12.5,114.4855,110.9821
2020-03-30,5885.41,13.9125,26.2429,12.5,107.9247,113.4029
2020-03-31,6405.29,13.9125,29.0612,12.5,117.6393,115.7471
2020-04-01,6428.28,13.9125,26.7433,12.5,117.9119,117.5325
2020-04-02,6652.87,13.9125,25.0144,12.5,121.916,117.4156
2020-04-03,6809.11,13.9125,25.8262,12.5,124.8347,117.3816
2020-04-04,6741.67,13.9125,16.6701,12.5,122.9785,118.2415
2020-04-05,6871.69,13.9125,13.6494,12.5,125.1418,119.7638
2020-04-06,6777.44,13.9125,20.9921,12.5,123.9251,122.0496
2020-04-07,7343.2,13.9125,25.3241,12.5,134.5894,124.4711
2020-04-08,7205.55,14.3975,22.6628,12.5,127.4319,125.8311
2020-04-09,7365.03,14.7152,23.296,12.5,127.4842,126.6265
2020-04-10,7293.69,14.7152,20.7869,12.5,126.0757,126.8038
2020-04-11,6873.24,14.7152,13.7525,12.5,118.3489,126.1424
2020-04-12,6891.6,14.7152,12.8645,12.5,118.607,125.2089
2020-04-13,6915.37,14.7152,16.7438,12.5,119.2707,124.544
2020-04-14,6857.66,14.7152,22.4696,12.5,118.6482,122.2667
2020-04-15,6871.95,14.7152,26.5442,12.5,119.1612,121.0851
2020-04-16,6623.8,14.7152,28.6407,12.5,114.9901,119.3003
2020-04-17,7112.27,14.7152,25.5408,12.5,123.2607,118.8981
2020-04-18,7034.89,14.7152,19.2636,12.5,121.5004,119.3483
2020-04-19,7259.36,14.7152,15.5697,12.5,125.1227,120.2791
2020-04-20,7130.04,14.7152,21.9767,12.5,123.3274,120.8587
2020-04-21,6840.24,15.6248,23.3762,12.5,111.5124,119.8393
2020-04-22,6852.52,15.9587,25.3733,12.5,109.4957,118.4585
2020-04-23,7130.99,15.9587,41.1235,12.5,114.9285,118.4497
2020-04-24,7477.6,15.9587,37.0616,12.5,120.2489,118.0194
2020-04-25,7507.08,15.9587,27.8142,12.5,120.1153,117.8216
2020-04-26,7549.52,15.9587,20.7504,12.5,120.3275,117.1365
2020-04-27,7699.27,15.9587,28.0799,12.5,123.2083,117.1195
2020-04-28,7790.66,15.9587,27.7959,12.5,124.6514,118.9965
2020-04-29,7765.33,15.9587,51.7266,12.5,125.8728,121.3361
2020-04-30,8777.63,15.9587,106.6759,12.5,146.5039,125.8469
2020-05-01,8628.77,15.9587,110.1967,12.5,144.2853,129.2806
2020-05-02,8824.66,15.9587,68.2421,12.5,144.3199,132.7384
2020-05-03,8973.82,15.9587,57.2803,12.5,145.8982,136.3914
2020-05-04,8903.95,15.9587,67.0589,12.5,145.5244,139.5794
2020-05-05,8885.93,16.0798,71.8987,12.5,144.5091,142.4162
2020-05-06,9030.96,16.1048,68.5385,12.5,146.3767,145.3454
2020-05-07,9170.79,16.1048,88.3182,12.5,150.2166,145.8757
2020-05-08,10002.48,16.1048,104.1018,12.5,165.209,148.8648
2020-05-09,9821.8,16.1048,87.0603,12.5,160.7729,151.2153
2020-05-10,9527.39,16.1048,63.2736,12.5,153.9878,152.3709
2020-05-11,8754.46,16.1048,88.6044,6.25,75.0737,142.3065
2020-05-12,8617.25,16.1048,109.8119,6.25,75.4823,132.4456
2020-05-13,8814.53,16.1048,108.8619,6.25,77.1377,122.5543
2020-05-14,9305.93,16.1048,145.5926,6.25,84.4031,113.1524
2020-05-15,9790.31,16.1048,161.779,6.25,90.1709,102.4326
2020-05-16,9303.59,16.1048,108.3165,6.25,81.3736,91.0899
2020-05-17,9385.7,16.1048,100.6501,6.25,81.4676,80.7298
2020-05-18,9669.4,16.1048,163.9096,6.25,89.236,82.753
2020-05-19,9719.37,16.1048,182.3488,6.25,91.2517,85.0058
2020-05-20,9785.74,15.2137,192.286,6.25,98.1491,88.0074
2020-05-21,9510.67,15.138,201.4998,6.25,96.6757,89.7607
2020-05-22,9057.57,15.138,158.6395,6.25,88.4874,89.5202
2020-05-23,9167.26,15.138,108.0328,6.25,85.2778,90.0779
2020-05-24,9178.32,15.138,73.4362,6.25,82.4503,90.2183
2020-05-25,8730.73,15.138,92.3763,6.25,79.9555,88.8925
2020-05-26,8899.66,15.138,80.4744,6.25,80.5251,87.3601
2020-05-27,8842.85,15.138,77.8991,6.25,79.8009,84.739
2020-05-28,9197.54,15.138,88.3424,6.25,83.8882,82.9122
2020-05-29,9569.21,15.138,94.1095,6.25,87.7874,82.8122
2020-05-30,9425.98,15.138,68.4324,6.25,84.2398,82.6639
2020-05-31,9698.1,15.138,61.0264,6.25,86.0089,83.1723
2020-06-01,9450.84,15.138,79.7307,6.25,85.4474,83.9568
2020-06-02,10204.23,15.138,97.9271,6.25,93.9725,85.8779
2020-06-03,9525.57,15.138,82.1646,6.25,86.337,86.8116
2020-06-04,9658.04,14.4771,62.3774,6.25,89.6901,87.6404
2020-06-05,9794.56,13.7324,55.9957,6.25,95.2549,88.7072
2020-06-06,9623.75,13.7324,31.9263,6.25,91.2373,89.7069
2020-06-07,9670.43,13.7324,26.3291,6.25,91.1292,90.4383
2020-06-08,9753.85,13.7324,41.7225,6.25,93.4427,91.5805
2020-06-09,9782.59,13.7324,35.1746,6.25,93.0664,91.4511
2020-06-10,9775.15,13.7324,38.3855,6.25,93.3149,92.4479
2020-06-11,9892.13,13.7324,38.5924,6.25,94.4525,93.1283
2020-06-12,9286.42,13.7324,29.9188,6.25,87.8496,92.0704
2020-06-13,9459.97,13.7324,21.0833,6.25,88.6411,91.6995
2020-06-14,9473.5,13.7324,16.2969,6.25,88.3066,91.2963
2020-06-15,9330.07,13.7324,34.1832,6.25,88.6673,90.6141
2020-06-16,9426.7,14.266,50.5974,6.25,87.7498,89.8545
2020-06-17,9526.0,15.7847,47.7926,6.25,79.9057,87.9389
2020-06-18,9454.81,15.7847,44.7797,6.25,79.0564,85.7395
2020-06-19,9380.03,15.7847,49.5777,6.25,78.8295,84.4509
2020-06-20,9300.15,15.7847,30.01,6.25,76.5476,82.7233
2020-06-21,9357.43,15.7847,24.9794,6.25,76.6024,81.0512
2020-06-22,9284.78,15.7847,36.1595,6.25,76.9264,79.374
2020-06-23,9691.9,15.7847,45.8105,6.25,81.1273,78.4279
2020-06-24,9621.49,15.7847,42.3573,6.25,80.2439,78.4762
2020-06-25,9276.58,15.7847,40.0833,6.25,77.1806,78.2082
2020-06-26,9240.85,15.7847,34.0423,6.25,76.3893,77.8596
2020-06-27,9154.45,15.7847,23.4041,6.25,74.8131,77.6119
2020-06-28,9004.23,15.7847,19.6991,6.25,73.2902,77.1387
2020-06-29,9127.47,15.7847,33.3948,6.25,75.3997,76.9206
2020-06-30,9185.35,15.7846,42.9724,6.25,76.657,76.282
2020-07-01,9133.97,15.7842,62.8257,6.25,77.8351,75.9379
2020-07-02,9236.38,15.7842,56.014,6.25,78.151,76.0765
2020-07-03,9087.98,15.7842,53.7863,6.25,76.7161,76.1232
2020-07-04,9072.42,15.7842,31.8705,6.25,74.8251,76.1249
2020-07-05,9131.31,15.7842,25.1096,6.25,74.7644,76.3355
2020-07-06,9089.09,15.7842,36.9083,6.25,75.3678,76.3309
2020-07-07,9348.91,15.7842,40.7292,6.25,77.8384,76.4997
2020-07-08,9256.23,15.7842,47.6861,6.25,77.6367,76.4714
2020-07-09,9440.07,15.7842,55.0813,6.25,79.7965,76.7064
2020-07-10,9238.04,15.7842,48.4181,6.25,77.544,76.8247
2020-07-11,9287.4,15.7842,32.6994,6.25,76.6662,77.0877
2020-07-12,9235.96,15.7842,24.5852,6.25,75.5783,77.204
2020-07-13,9295.9,16.5704,40.9183,6.25,73.7398,76.9714
2020-07-14,9238.13,17.3459,62.9544,6.25,71.6445,76.0866
2020-07-15,9254.52,17.3459,64.3201,6.25,71.8734,75.2632
2020-07-16,9193.51,17.3459,78.1586,6.25,72.4242,74.2101
2020-07-17,9131.0,17.3459,77.3058,6.25,71.8691,73.3994
2020-07-18,9154.19,17.3459,76.3126,6.25,71.9784,72.7297
2020-07-19,9174.71,17.3459,45.968,6.25,69.8976,71.9181
2020-07-20,9214.66,17.3459,78.5886,6.25,72.6228,71.7586
2020-07-21,9163.87,17.3459,102.2835,6.25,73.9712,72.091
2020-07-22,9392.66,17.3459,143.2748,6.25,78.9188,73.0974
2020-07-23,9537.4,17.3459,135.007,6.25,79.4999,74.1083
2020-07-24,9613.11,17.3459,124.3804,6.25,79.3083,75.171
2020-07-25,9551.28,17.3459,89.05,6.25,76.0805,75.757
2020-07-26,9707.5,17.3459,76.4881,6.25,76.3427,76.6777
2020-07-27,9938.83,17.3092,121.1237,6.25,81.9085,78.0043
2020-07-28,11042.4,16.8476,187.5714,6.25,99.5808,81.6628
2020-07-29,10934.94,16.8476,174.6403,6.25,97.4392,84.3086
2020-07-30,11102.67,16.8476,179.9587,6.25,99.4235,87.1548
2020-07-31,11114.93,16.8476,171.6476,6.25,98.7673,89.9346
2020-08-01,11343.88,16.8476,128.2456,6.25,96.7192,92.883
2020-08-02,11823.69,16.8476,106.64,6.25,98.6919,96.0758
2020-08-03,11077.77,16.8476,130.1632,6.25,94.6265,97.8926
2020-08-04,11242.57,16.8476,111.4034,6.25,94.2854,97.1361
2020-08-05,11194.25,16.8476,136.1726,6.25,96.1793,96.9562
2020-08-06,11750.28,16.8476,196.2205,6.25,106.8072,98.011
2020-08-07,11772.94,16.8476,137.2091,6.25,101.2525,98.366
2020-08-08,11605.6,16.8476,78.9453,6.25,94.2064,98.007
2020-08-09,11767.6,16.8476,62.6687,6.25,93.9332,97.3272
2020-08-10,11684.06,16.8717,133.6661,6.25,100.0015,98.0951
2020-08-11,11893.03,16.9478,151.684,6.25,103.0993,99.3542
2020-08-12,11392.43,16.9478,125.0328,6.25,96.257,99.3653
2020-08-13,11573.11,16.9478,109.0639,6.25,96.2602,97.8586
2020-08-14,11777.43,16.9478,106.5529,6.25,97.7159,97.3534
2020-08-15,11774.38,16.9478,67.5145,6.25,93.9017,97.3098
2020-08-16,11873.98,16.9478,60.4619,6.25,94.0058,97.3202
2020-08-17,11914.01,16.9478,81.7084,6.25,96.4092,96.807
2020-08-18,12293.72,16.9478,158.1271,6.25,107.2258,97.3965
2020-08-19,11969.53,16.9478,147.5822,6.25,103.3578,98.4109
2020-08-20,11734.0,16.9478,130.6472,6.25,99.686,98.9003
2020-08-21,11865.82,16.9478,136.1085,6.25,101.34,99.418
2020-08-22,11522.8,16.9478,93.507,6.25,94.3641,99.4841
2020-08-23,11683.44,16.9478,59.1062,6.25,92.3667,99.2499
2020-08-24,11653.02,17.3409,78.4496,6.25,91.8535,98.5991
2020-08-25,11763.93,17.558,90.0123,6.25,92.6637,96.5188
2020-08-26,11337.4,17.558,108.4722,6.25,90.9691,94.749
2020-08-27,11467.37,17.558,122.8998,6.25,93.3283,93.8408
2020-08-28,11302.01,17.558,103.3352,6.25,90.2232,92.2527
2020-08-29,11534.75,17.558,65.8525,6.25,88.6412,91.4351
2020-08-30,11481.64,17.558,64.1054,6.25,88.0734,90.8218
2020-08-31,11707.78,17.558,91.5378,6.25,92.3635,90.8946
2020-09-01,11659.57,17.558,125.9355,6.25,95.1742,91.2533
2020-09-02,11923.25,17.558,127.5246,6.25,97.4773,92.183
2020-09-03,11397.44,17.558,134.3158,6.25,93.7944,92.2496
2020-09-04,10187.51,17.558,155.4635,6.25,85.5515,91.5822
2020-09-05,10467.89,17.558,119.8896,6.25,84.9432,91.0539
2020-09-06,10159.62,17.558,70.7372,6.25,78.4686,89.6818
2020-09-07,10254.93,17.4453,96.7179,6.25,81.8497,88.1798
2020-09-08,10367.74,17.346,84.0619,6.25,82.1672,86.3217
2020-09-09,10121.52,17.346,89.1958,6.25,80.6344,83.9156
2020-09-10,10227.83,17.346,110.3897,6.25,83.227,82.4059
2020-09-11,10352.66,17.346,95.1671,6.25,82.9736,82.0377
2020-09-12,10395.44,17.346,58.1158,6.25,80.2145,81.3621
2020-09-13,10446.44,17.346,49.0814,6.25,79.848,81.5592
2020-09-14,10330.77,17.346,75.4721,6.25,81.1596,81.4606
2020-09-15,10674.64,17.346,77.1337,6.25,84.0039,81.723
2020-09-16,10785.62,17.346,77.6731,6.25,84.9241,82.3358
2020-09-17,10948.43,17.346,70.9506,6.25,85.6133,82.6767
2020-09-18,10943.89,17.346,69.4104,6.25,85.442,83.0293
2020-09-19,10931.79,17.346,47.5514,6.25,83.4231,83.4877
2020-09-20,11081.43,19.1483,33.0098,6.25,75.4299,82.8566
2020-09-21,10919.65,19.3147,61.3082,6.25,75.9234,82.1085
2020-09-22,10430.46,19.3147,74.1725,6.25,73.4926,80.6069
2020-09-23,10532.22,19.3147,96.1164,6.25,75.8812,79.3151
2020-09-24,10234.48,19.3147,82.5049,6.25,72.7285,77.4744
2020-09-25,10732.43,19.3147,77.1601,6.25,75.8522,76.1044
2020-09-26,10692.84,19.3147,41.5724,6.25,72.8201,74.5897
2020-09-27,10732.4,19.3147,37.5852,6.25,72.78,74.2111
2020-09-28,10774.24,19.3147,56.7292,6.25,74.5556,74.0157
2020-09-29,10692.33,19.3147,82.9749,6.25,76.0185,74.3766
2020-09-30,10840.8,19.3147,95.0159,6.25,78.0182,74.6819
2020-10-01,10777.92,19.3147,102.0319,6.25,78.1126,75.451
2020-10-02,10619.24,19.3147,122.5122,6.25,78.5356,75.8344
2020-10-03,10575.06,19.3147,71.9062,6.25,74.3381,76.0512
2020-10-04,10551.77,19.3007,55.8318,6.25,73.0003,76.0827
2020-10-05,10673.46,19.2981,98.2826,6.25,77.1322,76.4508
2020-10-06,10788.56,19.2981,113.3114,6.25,79.1377,76.8964
2020-10-07,10603.74,19.2981,111.1733,6.25,77.6179,76.8392
2020-10-08,10670.8,19.2981,103.1396,6.25,77.4882,76.75
2020-10-09,10923.3,19.2981,110.7839,6.25,79.9262,76.9487
2020-10-10,11063.19,19.2981,75.8499,6.25,78.1521,77.4935
2020-10-11,11302.67,19.2981,51.23,6.25,77.8294,78.1834
2020-10-12,11376.61,19.2981,74.8469,6.25,80.2835,78.6336
2020-10-13,11540.04,19.2981,74.0743,6.25,81.3723,78.9528
2020-10-14,11428.24,19.2981,73.0492,6.25,80.4991,79.3644
2020-10-15,11431.32,19.2981,78.2781,6.25,80.9535,79.8594
2020-10-16,11503.73,19.2981,64.1446,6.25,80.2894,79.9113
2020-10-17,11327.57,19.5297,35.4345,6.25,75.796,79.5747
2020-10-18,11366.51,19.9973,36.451,6.25,74.3586,79.0789
2020-10-19,11508.2,19.9973,50.5686,6.25,76.4205,78.5271
2020-10-20,11758.16,19.9973,76.7422,6.25,80.2303,78.3639
2020-10-21,11925.46,19.9973,116.6431,6.25,84.696,78.9635
2020-10-22,12831.56,19.9973,166.9781,6.25,95.6432,81.062
2020-10-23,12990.25,19.9973,144.0181,6.25,94.7425,83.1267
2020-10-24,12944.52,19.9973,93.8422,6.25,89.8716,85.1375
2020-10-25,13128.46,19.9973,65.2647,6.25,88.5278,87.1617
2020-10-26,13036.77,19.9973,111.2908,6.25,92.1012,89.4018
2020-10-27,13076.37,19.9973,192.2352,6.25,99.7752,92.1939
2020-10-28,13651.47,19.9973,226.6621,6.25,107.4465,95.444
2020-10-29,13289.0,19.9973,259.2317,6.25,107.6172,97.1546
2020-10-30,13458.66,19.9973,262.3469,6.25,109.2841,99.2319
2020-10-31,13564.72,19.9973,264.038,6.25,110.3055,102.1511
2020-11-01,13810.32,19.9973,177.8428,6.25,103.9869,104.3595
2020-11-02,13758.88,19.9973,209.4686,6.25,106.6393,106.4364
2020-11-03,13575.17,17.8653,289.31,6.25,126.2473,110.2181
2020-11-04,14023.31,16.7878,205.0325,6.25,128.9507,113.2901
2020-11-05,14155.59,16.7878,260.4444,6.25,136.6943,117.444
2020-11-06,15591.39,16.7878,239.9343,6.25,147.8982,122.9603
2020-11-07,15595.77,16.7878,135.2344,6.25,134.3518,126.3955
2020-11-08,14839.84,16.7878,95.6906,6.25,122.9566,129.1055
2020-11-09,15490.6,16.7878,142.1585,6.25,134.3384,133.0625
2020-11-10,15328.53,16.7878,154.8373,6.25,134.5501,134.2486
2020-11-11,15317.04,16.7878,107.5788,6.25,128.4257,134.1736
2020-11-12,15708.65,16.7878,102.8502,6.25,131.0911,133.3731
2020-11-13,16295.57,16.7878,100.5666,6.25,135.6793,131.6276
2020-11-14,16339.33,16.7878,59.1556,6.25,130.4132,131.0649
2020-11-15,16091.07,16.7878,42.4334,6.25,126.1925,131.5272
2020-11-16,15968.16,17.0406,83.4577,6.25,128.7411,130.7276
2020-11-17,16725.15,17.5968,90.5413,6.25,131.5226,130.2951
2020-11-18,17679.72,17.5968,97.6387,6.25,140.0252,131.9521
2020-11-19,17798.45,17.5968,94.5187,6.25,140.5247,133.2998
2020-11-20,17820.57,17.5968,76.3499,6.25,138.129,133.6498
2020-11-21,18687.45,17.5968,46.9062,6.25,140.4801,135.0879
2020-11-22,18699.75,17.5968,32.0246,6.25,138.3633,136.8266
2020-11-23,18422.28,17.5968,56.5458,6.25,139.8965,138.4202
2020-11-24,18398.91,17.5968,86.282,6.25,144.0625,140.2116
2020-11-25,19172.52,17.5968,98.6227,6.25,151.9981,141.922
2020-11-26,18739.8,17.5968,103.8336,6.25,149.3428,143.1818
2020-11-27,17151.44,17.5968,84.2149,6.25,134.0134,142.5938
2020-11-28,17138.87,17.5968,56.8203,6.25,130.1878,141.1235
2020-11-29,17732.42,18.1585,39.8659,6.25,128.2167,139.674
2020-11-30,18191.6,19.1572,72.3178,6.25,128.9851,138.1152
2020-12-01,19709.73,19.1572,145.3084,6.25,150.24,138.9977
2020-12-02,18792.52,19.1572,131.4568,6.25,141.3502,137.4766
2020-12-03,19226.97,19.1572,145.7893,6.25,146.6275,137.0887
2020-12-04,19454.54,19.1572,108.7742,6.25,143.1118,138.3884
2020-12-05,18670.49,19.1572,69.6476,6.25,132.0171,138.6498
2020-12-06,19155.06,19.1572,48.4064,6.25,132.4764,139.2583
2020-12-07,19377.66,19.1572,68.4605,6.25,136.8496,140.3818
2020-12-08,19181.41,19.1572,72.1905,6.25,135.9854,138.3454
2020-12-09,18318.87,19.1572,72.4573,6.25,129.9061,136.7106
2020-12-10,18554.15,19.1572,72.8329,6.25,131.6254,134.5674
2020-12-11,18247.76,19.1572,70.4963,6.25,129.1409,132.5716
2020-12-12,18029.36,19.1572,50.5884,6.25,124.9779,131.566
2020-12-13,18803.44,19.1447,39.2415,6.25,128.8719,131.051
2020-12-14,19164.48,18.6702,59.2358,6.25,137.5516,131.1513
2020-12-15,19276.59,18.6702,70.0517,6.25,139.9163,131.7129
2020-12-16,19439.75,18.6702,79.9045,6.25,142.5337,133.5168
2020-12-17,21379.48,18.6702,162.9927,6.25,170.0476,139.0057
2020-12-18,22847.46,18.6702,195.4714,6.25,187.276,147.3107
2020-12-19,23150.79,18.6702,119.9675,6.25,176.6832,154.6972
2020-12-20,23869.92,18.6702,73.5149,6.25,173.8748,161.1262
2020-12-21,23490.58,18.6702,138.5627,6.25,182.5449,167.5538
2020-12-22,22745.48,18.6702,133.0268,6.25,175.8125,172.6818
2020-12-23,23824.99,18.6702,143.0446,6.25,185.9425,178.8831
2020-12-24,23253.37,18.6702,106.4294,6.25,175.1106,179.6064
2020-12-25,23715.53,18.6702,92.4849,6.25,176.1164,178.0121
2020-12-26,24693.58,18.6702,69.6432,6.25,179.1592,178.3658
2020-12-27,26443.21,18.6702,91.9933,6.25,196.2755,181.5659
2020-12-28,26246.58,18.6,99.5401,6.25,197.0383,183.6364
2020-12-29,27036.69,18.5996,105.8529,6.25,204.2565,187.6999
2020-12-30,27376.37,18.5996,105.1439,6.25,206.677,190.6619
2020-12-31,28856.59,18.5996,113.5712,6.25,219.6783,197.0287
2021-01-01,28982.56,18.5996,48.9427,6.25,206.5688,201.3791
2021-01-02,29393.75,18.5996,79.6991,6.25,216.2896,206.6834
2021-01-03,32195.46,18.5996,86.42,6.25,238.5308,212.7199
2021-01-04,33000.78,18.5996,108.705,6.25,250.0209,220.2888
2021-01-05,32035.03,18.5996,113.3659,6.25,243.8256,225.9416
2021-01-06,34046.67,18.5996,128.519,6.25,263.0116,233.9894
2021-01-07,36860.41,18.5996,121.9127,6.25,282.9189,243.0237
2021-01-08,39486.04,18.5996,135.4742,6.25,307.0936,257.3844
2021-01-09,40670.25,19.3652,110.5613,6.25,296.4897,268.8416
2021-01-10,40240.72,20.6074,91.9526,6.25,270.5979,273.4226
2021-01-11,38240.09,20.6074,134.4265,6.25,268.1553,276.0132
2021-01-12,35544.94,20.6074,164.9213,6.25,256.6038,277.8387
2021-01-13,34011.82,20.6074,136.5789,6.25,239.0012,274.4086
2021-01-14,37393.13,20.6074,141.4128,6.25,263.987,271.7041
2021-01-15,39158.47,20.6074,147.1731,6.25,277.979,267.5448
2021-01-16,36828.52,20.6074,88.4919,6.25,246.7887,260.4447
2021-01-17,36065.2,20.6074,66.3109,6.25,236.2507,255.538
2021-01-18,35793.01,20.6074,84.6663,6.25,238.9214,251.3617
2021-01-19,36632.35,20.6074,97.5426,6.25,247.7217,250.0928
2021-01-20,36020.13,20.6074,93.4806,6.25,242.5898,250.6055
2021-01-21,35538.98,20.6074,120.1838,6.25,245.7826,248.0048
2021-01-22,30797.88,20.6074,116.0245,6.25,212.1255,238.5972
2021-01-23,33002.38,20.7371,75.3611,6.25,216.8475,234.3199
2021-01-24,32099.74,20.8235,57.556,6.25,206.2067,230.0279
2021-01-25,32276.84,20.8235,100.6855,6.25,216.6834,226.851
2021-01-26,32243.26,20.8235,81.7624,6.25,212.3647,221.8
2021-01-27,32541.8,20.8235,83.0963,6.25,214.6222,217.8047
2021-01-28,30419.17,20.8235,85.9002,6.25,201.1951,211.435
2021-01-29,33403.17,20.8235,167.4257,6.25,239.2006,215.3029
2021-01-30,34314.26,20.8235,138.4634,6.25,239.0578,218.4758
2021-01-31,34318.1,20.8235,100.5399,6.25,230.3534,221.9253
2021-02-01,33136.46,20.8235,129.3981,6.25,228.8371,223.6616
2021-02-02,33522.9,20.8235,146.9196,6.25,235.4463,226.9589
2021-02-03,35529.66,20.8235,134.2407,6.25,246.5186,231.5156
2021-02-04,37676.25,20.8235,166.8862,6.25,269.6639,241.2968
2021-02-05,37002.09,20.8235,143.841,6.25,259.118,244.1422
2021-02-06,38278.61,21.3845,118.303,6.25,254.6399,246.3682
2021-02-07,39323.26,21.4344,84.6909,6.25,252.3653,249.5127
2021-02-08,38928.1,21.4344,134.1723,6.25,262.3833,254.305
2021-02-09,46364.3,21.4344,196.3944,6.25,331.307,267.9994
2021-02-10,46589.58,21.4344,168.1633,6.25,324.3445,279.1174
2021-02-11,44878.17,21.4344,185.3492,6.25,317.4569,285.945
2021-02-12,48013.38,21.4344,202.3995,6.25,344.9701,298.2096
2021-02-13,47471.4,21.4344,144.3746,6.25,323.1235,307.9929
2021-02-14,47185.19,21.4344,106.0358,6.25,309.385,316.1386
2021-02-15,48720.37,21.4344,121.5558,6.25,324.3791,324.9952
2021-02-16,47951.85,21.4344,120.0247,6.25,318.7838,323.2061
2021-02-17,49160.1,21.4344,141.6233,6.25,333.7364,324.5478
2021-02-18,52118.23,21.4344,147.7523,6.25,355.9004,330.0398
2021-02-19,51608.15,21.4552,160.8058,6.25,356.4613,331.6814
2021-02-20,55916.5,21.7241,147.8206,6.25,376.7696,339.3451
2021-02-21,56001.2,21.7241,115.102,6.25,365.5577,347.3698
2021-02-22,57487.86,21.7241,131.7886,6.25,381.4308,355.52
2021-02-23,54123.4,21.7241,183.3022,6.25,377.0367,363.8418
2021-02-24,48880.43,21.7241,189.5316,6.25,342.471,365.0896
2021-02-25,50624.84,21.7241,152.5273,6.25,342.6462,363.1962
2021-02-26,46800.42,21.7241,148.8784,6.25,315.6631,357.3679
2021-02-27,46340.31,21.7241,104.3096,6.25,299.2784,346.2977
2021-02-28,46155.87,21.7241,82.9964,6.25,291.7614,335.7554
2021-03-01,45113.92,21.7241,121.8363,6.25,296.4427,323.6142
2021-03-02,49618.43,21.7241,132.7644,6.25,329.5286,316.8273
2021-03-03,48356.04,21.7241,132.6978,6.25,321.1241,313.7778
2021-03-04,50477.7,21.7241,112.9574,6.25,328.8059,311.8006
2021-03-05,48448.91,21.7241,114.3639,6.25,316.0288,311.8528
2021-03-06,48861.38,21.4737,77.9031,6.25,310.8468,313.5055
2021-03-07,48881.59,21.4483,71.2304,6.25,309.2193,315.9995
2021-03-08,51169.7,21.4483,90.5473,6.25,330.1316,320.8122
2021-03-09,52299.33,21.4483,105.1371,6.25,342.3895,322.6494
2021-03-10,54881.52,21.4483,110.2647,6.25,361.1273,328.3642
2021-03-11,55997.23,21.4483,111.0782,6.25,368.7655,334.0727
2021-03-12,57764.0,21.4483,117.2208,6.25,382.7115,343.5988
2021-03-13,57253.28,21.4483,116.8959,6.25,379.2065,353.3645
2021-03-14,61258.73,21.4483,88.4252,6.25,394.3763,365.5297
2021-03-15,59133.47,21.4483,112.9854,6.25,390.1535,374.1043
2021-03-16,55754.72,21.4483,110.3652,6.25,366.9095,377.6072
2021-03-17,56872.38,21.4483,105.8512,6.25,372.5925,379.245
2021-03-18,58913.0,21.4483,137.2286,6.25,398.0014,383.4216
2021-03-19,57665.9,21.5244,116.3395,6.25,380.3804,383.0886
2021-03-20,58075.1,21.8656,83.6608,6.25,364.9776,381.0559
2021-03-21,58085.8,21.8656,60.9061,6.25,356.6003,375.6593
2021-03-22,57411.17,21.8656,85.0232,6.25,361.3048,371.5381
2021-03-23,54204.96,21.8656,81.3306,6.25,339.8484,367.6722
2021-03-24,54477.46,21.8656,82.4508,6.25,341.9468,363.2942
2021-03-25,52508.23,21.8656,84.226,6.25,330.1817,353.6057
2021-03-26,51415.92,21.8656,81.2415,6.25,322.3327,345.3132
2021-03-27,55074.47,21.8656,66.6313,6.25,340.1277,341.7632
2021-03-28,55863.93,21.8656,58.0016,6.25,341.9232,339.6665
2021-03-29,55783.71,21.8656,80.7526,6.25,349.5406,337.9859
2021-03-30,57627.67,21.8656,96.6028,6.25,366.9306,341.8548
2021-03-31,58730.13,21.8656,102.4613,6.25,376.1486,346.7407
2021-04-01,58735.25,21.8656,89.9975,6.25,371.5042,352.6439
2021-04-02,58736.92,23.0648,89.4083,6.25,351.9891,356.8806
2021-04-03,59031.32,23.1374,83.9389,6.25,350.6927,358.3899
2021-04-04,57076.49,23.1374,67.1963,6.25,333.3097,357.1594
2021-04-05,58206.55,23.1374,94.4571,6.25,349.4894,357.152
2021-04-06,59054.1,23.1374,106.414,6.25,358.8416,355.9965
2021-04-07,58020.46,23.1374,101.0504,6.25,350.6818,352.3584
2021-04-08,55947.27,23.1374,91.5795,6.25,334.952,347.1366
2021-04-09,58048.59,23.1374,116.3872,6.25,356.2271,347.742
2021-04-10,58102.58,23.1374,89.988,6.25,347.2973,347.257
2021-04-11,59774.0,23.1374,62.9865,6.25,347.5431,349.2903
2021-04-12,59964.87,23.1374,91.7727,6.25,359.075,350.6597
2021-04-13,59834.74,23.1374,101.8298,6.25,361.929,351.1008
2021-04-14,63554.44,23.1374,136.1849,6.25,397.6118,357.805
2021-04-15,62969.12,23.2176,155.2882,6.25,399.8283,367.0731
2021-04-16,63252.63,23.582,140.3207,6.25,389.8135,371.8711
2021-04-17,61455.98,23.582,163.5737,6.25,387.2067,377.5725
2021-04-18,60087.09,23.582,214.73,6.25,396.7911,384.6079
2021-04-19,56251.48,23.582,215.8166,6.25,371.8244,386.4293
2021-04-20,55703.14,23.582,301.8282,6.25,396.5822,391.3797
2021-04-21,56507.91,23.582,255.7678,6.25,386.8931,389.8485
2021-04-22,53808.8,23.582,299.4866,6.25,382.3489,387.3514
2021-04-23,51731.71,23.582,269.6868,6.25,358.4574,382.872
2021-04-24,51153.13,23.582,168.4009,6.25,323.7558,373.8076
2021-04-25,50110.53,23.582,116.2873,6.25,301.687,360.2213
2021-04-26,49075.58,23.582,167.7516,6.25,310.4179,351.4489
2021-04-27,54056.64,23.582,162.3078,6.25,340.1814,343.3916
2021-04-28,55071.46,23.582,135.9391,6.25,337.9651,336.4019
2021-04-29,54884.1,23.582,144.8351,6.25,339.7077,330.3103
2021-04-30,53584.15,23.582,143.1959,6.25,331.1413,326.408
2021-05-01,57796.62,23.0045,102.1169,6.25,351.7224,330.4033
2021-05-02,57857.5,20.6088,84.9604,6.25,386.2924,342.4897
2021-05-03,56610.46,20.6088,110.9169,6.25,387.9269,353.5625
2021-05-04,57213.33,20.6088,99.3967,6.25,387.5902,360.3351
2021-05-05,53241.72,20.6088,99.9116,6.25,360.8705,363.6073
2021-05-06,57473.23,20.6088,109.5205,6.25,393.295,371.2627
2021-05-07,56428.16,20.6088,104.3679,6.25,384.1726,378.8386
2021-05-08,57380.27,20.6088,87.2214,6.25,383.9855,383.4476
2021-05-09,58928.81,20.6088,70.0288,6.25,387.4807,383.6173
2021-05-10,58280.73,20.6088,101.0171,6.25,395.4615,384.6937
2021-05-11,55883.5,20.6088,81.7932,6.25,371.913,382.4541
2021-05-12,56750.0,20.6088,76.9842,6.25,375.8297,384.5911
2021-05-13,49007.09,23.2273,71.8717,6.25,286.4573,369.3286
2021-05-14,49702.27,25.0465,73.2469,6.25,269.8012,352.9898
2021-05-15,49922.52,25.0465,62.4577,6.25,267.9925,336.4194
2021-05-16,46736.58,25.0465,52.0941,6.25,248.1883,316.5205
2021-05-17,46441.64,25.0465,76.1891,6.25,252.8634,296.1493
2021-05-18,43596.24,25.0465,67.1649,6.25,235.1766,276.6156
2021-05-19,42912.19,25.0465,122.7247,6.25,244.7845,257.8948
2021-05-20,36964.27,25.0465,132.4764,6.25,212.8662,247.3818
2021-05-21,40784.32,25.0465,131.0112,6.25,234.5315,242.3433
2021-05-22,37280.35,25.0465,102.3814,6.25,208.4287,233.8342
2021-05-23,37528.3,25.0465,81.4068,6.25,205.4246,227.7251
2021-05-24,34754.54,25.0465,96.8019,6.25,193.2257,219.2054
2021-05-25,38728.59,25.0465,85.8181,6.25,212.9477,216.0298
2021-05-26,38410.5,25.0465,77.8467,6.25,209.491,210.9879
2021-05-27,39266.04,25.0465,66.1148,6.25,211.5877,210.8053
2021-05-28,38445.29,25.0465,69.5351,6.25,207.8984,207.0005
2021-05-29,35689.62,25.0465,47.4163,6.25,188.5938,204.167
2021-05-30,34647.67,21.2143,36.6145,6.25,213.6961,205.3486
2021-05-31,35684.59,21.0477,45.4868,6.25,223.9352,209.7357
2021-06-01,37310.54,21.0477,47.2761,6.25,234.5818,212.8263
2021-06-02,36662.64,21.0477,51.1331,6.25,231.4468,215.9628
2021-06-03,37585.24,21.0477,49.8806,6.25,236.9586,219.5872
2021-06-04,39188.59,21.0477,42.3414,6.25,245.106,224.9026
2021-06-05,36885.51,21.0477,29.6409,6.25,227.5921,230.4738
2021-06-06,35530.38,21.0477,22.5789,6.25,217.5652,231.0265
2021-06-07,35816.17,21.0477,34.5563,6.25,222.1625,230.7733
2021-06-08,33514.87,21.0477,35.2472,6.25,208.0415,226.9818
2021-06-09,33450.19,21.0477,33.3389,6.25,207.2164,223.5203
2021-06-10,37338.36,21.0477,46.3713,6.25,234.5324,223.1737
2021-06-11,36704.57,21.0477,40.7075,6.25,229.1716,220.8974
2021-06-12,37313.18,21.0477,35.4908,6.25,231.6797,221.4813
2021-06-13,35494.9,20.8366,23.212,6.25,219.7013,221.7865
2021-06-14,39066.82,19.9328,37.6613,6.25,256.7304,226.7248
2021-06-15,40525.8,19.9328,38.7424,6.25,266.6253,235.0939
2021-06-16,40188.56,19.9328,39.0776,6.25,264.5009,243.2774
2021-06-17,38324.87,19.9328,31.368,6.25,250.1643,245.5105
2021-06-18,38068.04,19.9328,31.0659,6.25,248.4072,248.2584
2021-06-19,35729.82,19.9328,24.6334,6.25,231.5387,248.2383
2021-06-20,35524.17,19.9328,22.7214,6.25,229.7301,249.671
2021-06-21,35592.35,19.9328,40.2673,6.25,234.5478,246.502
2021-06-22,31686.55,19.9328,47.7962,6.25,210.4811,238.4814
2021-06-23,32447.59,19.9328,56.0431,6.25,217.4118,231.7544
2021-06-24,33674.66,19.9328,48.0146,6.25,223.7389,227.9794
2021-06-25,34639.38,19.9328,44.143,6.25,229.2087,225.2367
2021-06-26,31640.58,19.9328,29.4135,6.25,206.0994,221.6025
2021-06-27,32160.91,19.9328,27.1028,6.25,208.9679,218.6365
2021-06-28,34644.45,19.9328,52.7135,6.25,231.3233,218.1759
2021-06-29,34456.67,19.9328,53.1509,6.25,230.175,220.9893
2021-06-30,35847.7,19.9328,62.3588,6.25,241.7807,224.4706
2021-07-01,35047.36,19.9328,72.529,6.25,238.8807,226.6337
2021-07-02,33536.88,19.9328,61.9631,6.25,226.102,226.1899
2021-07-03,33856.86,15.6349,59.2025,6.25,290.1712,238.2001
2021-07-04,34688.98,14.363,43.4306,6.25,318.3076,253.8201
2021-07-05,35309.3,14.363,47.5456,6.25,325.4128,267.2614
2021-07-06,33747.97,14.363,47.0745,6.25,310.8689,278.7891
2021-07-07,34211.01,14.363,37.8481,6.25,312.0641,288.8296
2021-07-08,33839.04,14.363,29.278,6.25,305.8505,298.3967
2021-07-09,32877.41,14.363,26.877,6.25,296.3911,308.438
2021-07-10,33818.52,14.363,19.1954,6.25,302.3486,310.1777
2021-07-11,33515.57,14.363,18.5371,6.25,299.4255,307.4802
2021-07-12,34227.64,14.363,28.7211,6.25,309.1774,305.1609
2021-07-13,33158.25,14.363,31.7321,6.25,300.4887,303.678
2021-07-14,32686.56,14.363,24.9134,6.25,294.0463,301.104
2021-07-15,32814.61,14.363,22.7207,6.25,294.4984,299.4823
2021-07-16,31738.59,14.363,17.2893,6.25,283.1649,297.5928
2021-07-17,31421.25,14.3485,12.6117,6.25,279.1857,294.2838
2021-07-18,31520.66,13.6726,12.0631,6.25,293.7384,293.4714
2021-07-19,31783.49,13.6726,18.9984,6.25,298.4398,291.9375
2021-07-20,30815.94,13.6726,17.823,6.25,288.9847,290.294
2021-07-21,29790.24,13.6726,14.4618,6.25,278.3428,288.0507
2021-07-22,32118.06,13.6726,14.2105,6.25,300.0102,288.8381
2021-07-23,32297.89,13.6726,19.3206,6.25,303.3763,291.7254
2021-07-24,33581.63,13.6726,12.8169,6.25,313.203,296.585
2021-07-25,34279.34,13.6726,9.7335,6.25,318.6303,300.141
2021-07-26,35365.2,13.6726,18.2804,6.25,331.8119,304.9085
2021-07-27,37318.14,13.6726,16.0738,6.25,349.2938,313.524
2021-07-28,39405.95,13.6726,15.5489,6.25,368.6242,326.4214
2021-07-29,40002.53,13.6726,14.9951,6.25,373.9785,336.9883
2021-07-30,40005.93,13.6726,14.5727,6.25,373.8377,347.0542
2021-07-31,42214.15,14.3192,11.2248,6.25,375.2818,355.9226
2021-08-01,41659.06,14.4964,9.6128,6.25,365.1707,362.5712
2021-08-02,40000.46,14.4964,13.4815,6.25,352.1232,365.4728
2021-08-03,39193.94,14.4964,12.7966,6.25,344.7648,364.8258
2021-08-04,38138.0,14.4964,15.0715,6.25,336.3124,360.2099
2021-08-05,39750.14,14.4964,14.8904,6.25,350.4594,356.85
2021-08-06,40882.0,14.4964,14.2297,6.25,360.1782,354.8986
2021-08-07,42825.95,14.4964,10.3894,6.25,375.7198,354.9612
2021-08-08,44634.13,14.4964,9.8372,6.25,391.3458,358.7005
2021-08-09,43816.14,14.4964,13.5361,6.25,385.7356,363.5023
2021-08-10,46333.46,14.4964,13.9576,6.25,408.0851,372.548
2021-08-11,45608.37,14.4964,13.2637,6.25,401.3938,381.8454
2021-08-12,45611.46,14.4964,12.8436,6.25,401.2364,389.0992
2021-08-13,44417.78,15.3248,23.5797,6.25,373.9632,391.0685
2021-08-14,47833.98,15.5561,10.8957,6.25,391.2875,393.2925
2021-08-15,47112.19,15.5561,9.7289,6.25,384.8895,392.3702
2021-08-16,47056.41,15.5561,16.3328,6.25,387.2245,392.5829
2021-08-17,45982.55,15.5561,15.6519,6.25,378.1066,388.3002
2021-08-18,44648.57,15.5561,15.4116,6.25,367.0412,383.3927
2021-08-19,44777.86,15.5561,12.9091,6.25,367.0977,378.5157
2021-08-20,46734.65,15.5561,15.7468,6.25,384.3308,379.9968
2021-08-21,49327.75,15.5561,11.4204,6.25,403.7392,381.7756
2021-08-22,48932.02,15.5561,11.6262,6.25,400.5906,384.0187
2021-08-23,49335.68,15.5561,14.3368,6.25,405.0962,386.5718
2021-08-24,49523.5,15.5561,15.0033,6.25,406.9348,390.6901
2021-08-25,47744.58,16.4311,12.8565,6.25,370.5529,391.1917
2021-08-26,48972.09,17.615,11.5753,6.25,354.0374,389.326
2021-08-27,46962.8,17.615,11.9157,6.25,339.6383,382.9413
2021-08-28,49056.86,17.615,10.7024,6.25,354.3106,375.8801
2021-08-29,48897.65,17.615,8.739,6.25,352.3993,368.9956
2021-08-30,48806.78,17.615,12.5373,6.25,353.2147,361.584
2021-08-31,47074.77,17.615,13.7404,6.25,341.1292,352.1832
2021-09-01,47155.87,17.615,17.7419,6.25,343.2134,348.2776
2021-09-02,48862.76,17.615,19.971,6.25,356.5004,348.6294
2021-09-03,49329.01,17.615,18.4339,6.25,359.3008,351.4383
2021-09-04,50035.33,17.615,11.9943,6.25,361.8902,352.5211
2021-09-05,49947.38,17.615,10.4808,6.25,360.6546,353.7005
2021-09-06,51769.06,17.615,17.2033,6.25,376.5684,357.0367
2021-09-07,52677.4,17.615,18.456,6.25,383.699,363.1181
2021-09-08,46809.17,18.4039,14.7072,6.25,325.0086,360.5174
2021-09-09,46078.38,18.4152,14.1204,6.25,319.5336,355.2365
2021-09-10,46368.69,18.4152,14.1133,6.25,321.5443,349.8427
2021-09-11,44847.48,18.4152,10.8366,6.25,309.8807,342.4127
2021-09-12,45144.79,18.4152,8.5659,6.25,311.1573,335.3417
2021-09-13,46059.12,18.4152,15.269,6.25,319.8014,327.2321
2021-09-14,44968.76,18.4152,14.8327,6.25,312.0819,317.0011
2021-09-15,47072.12,18.4152,17.0587,6.25,327.474,317.3533
2021-09-16,48167.85,18.4152,16.7861,6.25,334.9973,319.5624
2021-09-17,47785.26,18.4152,14.9809,6.25,331.682,321.0107
2021-09-18,47263.6,18.4152,11.5933,6.25,326.8465,323.4343
2021-09-19,48259.45,18.4152,8.2479,6.25,332.5085,326.4845
2021-09-20,47249.38,18.4152,13.8869,6.25,327.5703,327.5944
2021-09-21,42901.56,18.633,14.7767,6.25,294.2367,325.045
2021-09-22,40619.27,18.9976,14.018,6.25,273.01,317.2645
2021-09-23,43604.76,18.9976,13.7829,6.25,293.0007,311.265
2021-09-24,44888.96,18.9976,16.1322,6.25,302.4053,307.0826
2021-09-25,42815.56,18.9976,8.5495,6.25,286.05,301.2545
2021-09-26,42742.01,18.9976,8.4645,6.25,285.5319,294.5436
2021-09-27,43182.63,18.9976,12.6638,6.25,289.8089,289.1491
2021-09-28,42238.2,18.9976,13.6581,6.25,283.7794,287.6552
2021-09-29,41011.16,18.9976,11.2985,6.25,274.8238,287.9143
2021-09-30,41522.38,18.9976,14.7744,6.25,279.311,285.9586
2021-10-01,43757.81,18.9976,16.2507,6.25,294.8232,284.8755
2021-10-02,48140.11,18.9976,10.9239,6.25,322.4637,290.0774
2021-10-03,47727.1,18.9976,9.9949,6.25,319.3712,294.9116
2021-10-04,48205.72,19.0091,13.7193,6.25,323.6985,299.753
2021-10-05,49143.95,19.893,15.2932,6.25,315.8788,304.3386
2021-10-06,51505.83,19.893,18.0187,6.25,332.0458,312.5132
2021-10-07,55343.76,19.893,26.9441,6.25,360.2569,324.0769
2021-10-08,53801.1,19.893,20.6678,6.25,347.8438,331.6512
2021-10-09,53867.3,19.893,14.6867,6.25,346.0092,335.0149
2021-10-10,55122.59,19.893,12.7336,6.25,353.3164,339.8642
2021-10-11,54625.74,19.893,20.7104,6.25,353.1917,344.0775
2021-10-12,57452.01,19.893,19.0864,6.25,370.8102,351.9249
2021-10-13,56242.94,19.893,16.828,6.25,362.1146,356.2204
2021-10-14,57406.69,19.893,16.289,6.25,369.39,357.5251
2021-10-15,57397.74,19.893,20.2859,6.25,370.9434,360.8251
2021-10-16,61641.17,19.893,15.6889,6.25,396.3775,368.0205
2021-10-17,60948.78,19.893,11.3427,6.25,390.0649,373.2703
2021-10-18,61546.21,19.9174,15.8294,6.25,395.3443,379.2921
2021-10-19,61971.59,20.0825,15.0071,6.25,394.4496,382.6692
2021-10-20,64287.64,20.0825,18.745,6.25,410.8629,389.6332
2021-10-21,66063.56,20.0825,20.2769,6.25,422.9168,397.2799
2021-10-22,62354.86,20.0825,16.1668,6.25,397.3922,401.0583
2021-10-23,60697.06,20.0825,11.145,6.25,384.7066,399.391
2021-10-24,61277.28,20.0825,8.9813,6.25,387.4618,399.0192
2021-10-25,60884.18,20.0825,14.0234,6.25,387.1117,397.8431
2021-10-26,63070.54,20.0825,13.7251,6.25,400.882,398.762
2021-10-27,60345.17,20.0825,12.5454,6.25,383.0641,394.7907
2021-10-28,58538.49,20.0825,12.9818,6.25,371.7732,387.4845
2021-10-29,60587.09,20.0825,15.6561,6.25,385.9108,385.8443
2021-10-30,62249.18,20.0825,10.4177,6.25,394.2292,387.2047
2021-10-31,61731.29,20.2867,8.9903,6.25,386.4074,387.0541
2021-11-01,61373.44,21.6593,15.3087,6.25,362.3215,383.5126
2021-11-02,61029.5,21.6593,17.5002,6.25,361.1537,377.8371
2021-11-03,63241.11,21.6593,15.9324,6.25,373.6018,376.4854
2021-11-04,62954.86,21.6593,16.3843,6.25,372.0943,376.5312
2021-11-05,61441.83,21.6593,17.5174,6.25,363.6006,373.3441
2021-11-06,61072.32,21.6593,10.7652,6.25,358.7541,368.2762
2021-11-07,61516.31,21.6593,9.6327,6.25,360.9129,364.6341
2021-11-08,63293.22,21.6593,16.0992,6.25,373.9778,366.2993
2021-11-09,67562.17,21.6593,23.266,6.25,402.3245,372.1809
2021-11-10,66954.11,21.6593,18.4149,6.25,396.6087,375.4676
2021-11-11,64976.73,21.6593,15.5556,6.25,383.6972,377.1251
2021-11-12,64838.81,21.6593,14.8852,6.25,382.6024,379.8397
2021-11-13,64254.67,21.6593,10.6934,6.25,377.4183,382.506
2021-11-14,64420.94,22.435,8.6715,6.25,364.5016,383.0186
2021-11-15,65468.75,22.6741,12.6601,6.25,368.132,382.1835
2021-11-16,63584.25,22.6741,12.9797,6.25,357.6606,375.803
2021-11-17,60172.26,22.6741,13.4647,6.25,338.648,367.5229
2021-11-18,60381.35,22.6741,11.7644,6.25,339.1922,361.165
2021-11-19,56921.34,22.6741,13.2013,6.25,320.2595,352.2589
2021-11-20,58133.02,22.6741,12.9653,6.25,326.9923,345.0552
2021-11-21,59777.98,22.6741,9.2306,6.25,334.8696,340.822
2021-11-22,58755.9,22.6741,12.3082,6.25,330.2581,335.4115
2021-11-23,56301.52,22.6741,12.2885,6.25,316.4556,329.525
2021-11-24,57578.22,22.6741,14.0187,6.25,324.2453,327.4675
2021-11-25,57187.54,22.6741,14.8582,6.25,322.341,325.0602
2021-11-26,58935.45,22.6741,14.5735,6.25,332.0899,326.7503
2021-11-27,53588.21,22.6741,8.4445,6.25,299.9356,322.885
2021-11-28,54801.15,22.4647,7.3605,6.25,309.2145,319.22
2021-11-29,57292.28,22.3357,11.1336,6.25,326.4907,318.6818
2021-11-30,57828.45,22.3357,12.6396,6.25,330.0908,320.6297
2021-12-01,57025.79,22.3357,20.5616,6.25,328.3347,321.2139
2021-12-02,57229.76,22.3357,18.8792,6.25,328.9069,322.1519
2021-12-03,56508.48,22.3357,13.2826,6.25,322.7836,320.8224
2021-12-04,53713.84,22.3357,17.454,6.25,308.2216,322.0061
2021-12-05,49253.86,22.3357,21.8455,6.25,283.9821,318.4015
2021-12-06,49380.43,22.3357,12.9877,6.25,281.9762,312.0423
2021-12-07,50564.63,22.3357,11.3868,6.25,288.232,306.0624
2021-12-08,50645.41,22.3357,10.3471,6.25,288.3631,300.3522
2021-12-09,50511.12,22.3357,12.0394,6.25,288.1331,294.5274
2021-12-10,47659.68,22.3357,11.5875,6.25,271.7328,287.2344
2021-12-11,47137.46,23.4687,7.9305,6.25,254.7543,279.5962
2021-12-12,49379.67,24.1953,6.5402,6.25,258.4615,275.9504
2021-12-13,50117.25,24.1953,12.9373,6.25,264.1732,273.4071
2021-12-14,46757.09,24.1953,11.7121,6.25,246.1307,267.3927
2021-12-15,48392.79,24.1953,11.6222,6.25,254.716,262.5859
2021-12-16,48884.66,24.1953,10.4707,6.25,256.9799,258.1355
2021-12-17,47658.38,24.1953,12.9967,6.25,251.2286,255.2063
2021-12-18,46173.51,24.1953,8.7872,6.25,242.279,253.4241
2021-12-19,46863.67,24.1953,6.9835,6.25,245.4123,251.56
2021-12-20,46689.28,24.1953,10.9974,6.25,245.5811,248.9039
2021-12-21,46910.13,24.1953,11.8962,6.25,246.9862,249.0262
2021-12-22,48934.57,24.1953,10.8508,6.25,257.3497,249.4024
2021-12-23,48628.35,24.1953,10.9783,6.25,255.7751,249.2303
2021-12-24,50785.69,24.1953,12.0679,6.25,267.4417,251.5464
2021-12-25,50814.92,24.2425,8.3223,6.25,265.9782,254.932
2021-12-26,50470.89,24.2723,7.7534,6.25,263.687,257.5427
2021-12-27,50801.11,24.2723,13.1591,6.25,266.9928,260.6015
2021-12-28,50692.3,24.2723,17.8607,6.25,267.7926,263.5739
2021-12-29,47601.26,24.2723,16.4092,6.25,251.0659,262.6762
2021-12-30,46408.87,24.2723,17.654,6.25,245.1093,261.1525
2021-12-31,47132.96,24.2723,18.0723,6.25,249.0471,258.5247
2022-01-01,46249.56,24.2723,9.3133,6.25,242.0477,255.1061
2022-01-02,47763.33,24.2723,9.2575,6.25,249.9547,253.1443
2022-01-03,47327.87,24.2723,11.5889,6.25,248.311,250.4755
2022-01-04,46441.99,24.2723,13.284,6.25,244.1162,247.0931
2022-01-05,45862.98,24.2723,15.8397,6.25,241.7473,245.7619
2022-01-06,43436.17,24.2723,15.2344,6.25,228.8041,243.4326
2022-01-07,43120.63,24.2723,14.3029,6.25,226.9108,240.2703
2022-01-08,41528.04,24.3415,9.6942,6.25,216.8112,236.665
2022-01-09,41690.93,24.3719,7.8655,6.25,216.953,231.9505
2022-01-10,41864.44,24.3719,11.4559,6.25,218.7174,227.7229
2022-01-11,41849.0,24.3719,11.7101,6.25,218.6978,224.0917
2022-01-12,42723.37,24.3719,11.6604,6.25,223.2549,221.4499
2022-01-13,43926.0,24.3719,10.4376,6.25,229.2315,221.5109
2022-01-14,42546.44,24.3719,9.6692,6.25,221.8448,220.7872
2022-01-15,43099.37,24.3719,7.4285,6.25,224.1743,221.8391
2022-01-16,43146.53,24.3719,6.3667,6.25,224.157,222.8682
2022-01-17,43102.44,24.3719,9.0895,6.25,224.6006,223.7087
2022-01-18,42248.35,24.3719,9.4761,6.25,220.2437,223.9295
2022-01-19,42381.48,24.3719,8.66,6.25,220.7395,223.5702
2022-01-20,41707.85,24.3719,9.9436,6.25,217.5378,221.8997
2022-01-21,40684.42,26.3381,12.1465,6.25,196.8339,218.3267
2022-01-22,36480.85,26.6432,11.1445,6.25,174.284,211.1995
2022-01-23,35071.43,26.6432,7.6846,6.25,166.9144,203.022
2022-01-24,36280.82,26.6432,11.6375,6.25,173.4221,195.7108
2022-01-25,36678.82,26.6432,10.8523,6.25,175.1736,189.2722
2022-01-26,36948.81,26.6432,11.9892,6.25,176.6833,182.9784
2022-01-27,36823.5,26.6432,11.6504,6.25,176.0186,177.0471
2022-01-28,37146.85,26.6432,12.5336,6.25,177.7363,174.3189
2022-01-29,37770.15,26.6432,12.331,6.25,180.6785,175.2324
2022-01-30,38186.49,26.6432,10.551,6.25,182.3137,177.4323
2022-01-31,37918.62,26.6432,13.0233,6.25,181.5263,178.59
2022-02-01,38521.79,26.6432,14.7053,6.25,184.7536,179.9586
2022-02-02,38739.74,26.6432,12.2771,6.25,185.3057,181.1904
2022-02-03,36912.68,26.6432,10.6169,6.25,176.2449,181.2227
2022-02-04,37092.4,26.6847,13.9567,6.25,177.476,181.1855
2022-02-05,41584.19,26.6905,14.1277,6.25,198.9617,183.7974
2022-02-06,41435.43,26.6905,10.2676,6.25,197.4128,185.9544
2022-02-07,42450.98,26.6905,14.5458,6.25,203.2018,189.0509
2022-02-08,43834.02,26.6905,14.503,6.25,209.8122,192.6307
2022-02-09,44133.28,26.6905,14.5788,6.25,211.2621,196.3388
2022-02-10,44397.3,26.6905,19.5806,6.25,213.6882,201.6878
2022-02-11,43531.11,26.6905,16.7429,6.25,208.8726,206.1731
2022-02-12,42401.27,26.6905,12.3773,6.25,202.4826,206.676
2022-02-13,42245.56,26.6905,8.7076,6.25,200.9276,207.1782
2022-02-14,42104.89,26.6905,11.1611,6.25,200.7992,206.8349
2022-02-15,42580.94,26.6905,12.4797,6.25,203.3634,205.9137
2022-02-16,44536.2,26.6905,10.0872,6.25,212.1438,206.0396
2022-02-17,43948.81,27.3248,9.9179,6.25,204.4486,204.7197
2022-02-18,40565.69,27.9672,9.4137,6.25,184.2738,201.2056
2022-02-19,40014.55,27.9672,6.873,6.25,181.2623,198.1741
2022-02-20,40115.05,27.9672,5.7279,6.25,181.4881,195.397
2022-02-21,38382.32,27.9672,9.5554,6.25,174.3828,191.6233
2022-02-22,37031.08,27.9672,9.1525,6.25,168.1691,186.5955
2022-02-23,38262.17,27.9672,8.0671,6.25,173.5524,181.0824
2022-02-24,37291.48,27.9672,10.2487,6.25,169.5559,176.0978
2022-02-25,38344.78,27.9672,11.5007,6.25,174.5848,174.7136
2022-02-26,39222.6,27.9672,6.7355,6.25,177.6479,174.1973
2022-02-27,39103.91,27.9672,6.941,6.25,177.1505,173.5776
2022-02-28,37704.56,27.9672,9.3406,6.25,171.263,173.1319
2022-03-01,43226.36,27.9672,19.4304,6.25,198.5229,177.4682
2022-03-02,44418.83,27.9672,29.266,6.25,206.1818,182.1295
2022-03-03,43934.85,27.8517,20.2902,6.25,202.8028,186.8791
2022-03-04,42464.4,27.5503,15.322,6.25,197.0895,190.0941
2022-03-05,39141.25,27.5503,11.2607,6.25,180.8597,190.5529
2022-03-06,39399.58,27.5503,9.4571,6.25,181.6931,191.2018
2022-03-07,38407.69,27.5503,11.2808,6.25,177.4741,192.0891
2022-03-08,38032.5,27.5503,10.5842,6.25,175.6061,188.8153
2022-03-09,38753.1,27.5503,11.2613,6.25,179.0663,184.9417
2022-03-10,41956.53,27.5503,11.6495,6.25,193.951,183.6771
2022-03-11,39437.89,27.5503,11.0321,6.25,182.1847,181.5479
2022-03-12,38741.04,27.5503,7.8842,6.25,178.3472,181.1889
2022-03-13,38809.18,27.5503,6.7719,6.25,178.442,180.7245
2022-03-14,37820.39,27.5503,10.3117,6.25,174.5744,180.3102
2022-03-15,39680.6,27.5503,9.8163,6.25,183.0613,181.3753
2022-03-16,39320.82,27.5503,10.2251,6.25,181.483,181.7205
2022-03-17,41133.08,27.5209,10.5089,6.25,190.1099,181.1718
2022-03-18,40946.78,27.4527,10.5949,6.25,189.7366,182.2506
2022-03-19,41795.77,27.4527,8.0458,6.25,193.1285,184.3622
2022-03-20,42222.32,27.4527,6.4589,6.25,194.7585,186.6932
2022-03-21,41250.83,27.4527,9.4901,6.25,190.9136,189.0273
2022-03-22,41071.41,27.4527,10.8074,6.25,190.3586,190.0698
2022-03-23,42372.67,27.4527,10.8269,6.25,196.3938,192.1999
2022-03-24,42905.06,27.4527,11.3758,6.25,198.9813,193.4673
2022-03-25,44004.47,27.4527,12.9088,6.25,204.4233,195.5654
2022-03-26,44334.33,27.4527,8.1856,6.25,204.8901,197.2456
2022-03-27,44542.39,27.4527,7.477,6.25,205.691,198.8074
2022-03-28,46858.53,27.4527,10.8152,6.25,217.1826,202.5601
2022-03-29,47115.93,27.4527,9.9593,6.25,218.1705,206.5332
2022-03-30,47448.01,27.4527,11.1727,6.25,220.0011,209.9057
2022-03-31,47064.16,28.3159,16.599,6.25,212.8291,211.884
2022-04-01,45539.22,28.5872,19.6286,6.25,204.6532,211.9168
2022-04-02,46282.56,28.5872,12.9478,6.25,206.4827,212.1443
2022-04-03,45825.36,28.5872,10.4359,6.25,203.8805,211.8857
2022-04-04,46425.52,28.5872,12.551,6.25,207.0305,210.4354
2022-04-05,46611.26,28.5872,10.8812,6.25,207.4785,208.9079
2022-04-06,45508.16,28.5872,10.2909,6.25,202.437,206.3988
2022-04-07,43190.18,28.5872,10.0397,6.25,192.0728,203.4336
2022-04-08,43464.32,28.5872,11.4713,6.25,193.596,201.854
2022-04-09,42278.94,28.5872,8.1505,6.25,187.63,199.1608
2022-04-10,42787.69,28.5872,6.8297,6.25,189.6116,197.1223
2022-04-11,42144.23,28.5872,10.5073,6.25,187.5176,194.3348
2022-04-12,39488.62,28.5872,10.7146,6.25,175.7416,189.8009
2022-04-13,40102.2,28.5872,11.8628,6.25,178.6974,186.4096
2022-04-14,41148.06,28.3516,11.0612,6.25,184.7188,185.359
2022-04-15,39939.9,28.2259,8.8632,6.25,179.6589,183.368
2022-04-16,40566.2,28.2259,6.4269,6.25,181.987,182.5618
2022-04-17,40388.78,28.2259,5.3416,6.25,180.9741,181.3279
2022-04-18,39711.45,28.2259,8.5163,6.25,178.5631,180.0487
2022-04-19,40805.72,28.2259,9.3698,6.25,183.6558,181.1793
2022-04-20,41507.3,28.2259,8.8962,6.25,186.7162,182.3248
2022-04-21,41375.79,28.2259,10.8726,6.25,186.5293,182.5835
2022-04-22,40514.01,28.2259,10.9686,6.25,182.6635,183.0127
2022-04-23,39727.65,28.2259,8.2032,6.25,178.5743,182.5252
2022-04-24,39429.01,28.2259,6.7217,6.25,176.9429,181.9493
2022-04-25,39465.57,28.2259,12.8189,6.25,178.2979,181.9114
2022-04-26,40472.7,28.2259,11.3078,6.25,182.5452,181.7528
2022-04-27,38114.94,28.7703,11.1649,6.25,168.6318,179.1693
2022-04-28,39249.28,29.7944,11.273,6.25,167.7015,176.4796
2022-04-29,39770.04,29.7944,13.6252,6.25,170.3651,174.7227
2022-04-30,38596.28,29.7944,10.4616,6.25,164.7645,172.7498
2022-05-01,37661.19,29.7944,7.8152,6.25,160.3054,170.3731
2022-05-02,38475.48,29.7944,10.65,6.25,164.2828,168.3709
2022-05-03,38510.65,29.7944,9.6658,6.25,164.2553,165.7581
2022-05-04,37727.19,29.7944,12.6159,6.25,161.4355,164.73
2022-05-05,39674.89,29.7944,22.3408,6.25,171.5789,165.2839
2022-05-06,36549.9,29.7944,16.9616,6.25,157.1426,163.395
2022-05-07,36013.03,29.7944,13.7813,6.25,154.2974,161.8997
2022-05-08,35471.42,29.7944,12.2395,6.25,151.7204,160.6733
2022-05-09,34082.21,29.7944,19.7876,6.25,146.9846,158.2021
2022-05-10,30175.71,29.823,17.441,6.25,129.6809,153.2629
2022-05-11,31003.93,31.2511,21.6148,6.25,127.7298,148.4478
2022-05-12,28907.15,31.2511,29.6595,6.25,120.131,141.0981
2022-05-13,28931.14,31.2511,31.5391,6.25,120.4738,135.8597
2022-05-14,29234.06,31.2511,25.5995,6.25,120.959,131.0971
2022-05-15,30074.61,31.2511,16.286,6.25,123.1848,127.0206
2022-05-16,31277.43,31.2511,21.0138,6.25,128.7725,124.4188
2022-05-17,29834.09,31.2511,18.9112,6.25,122.5497,123.4001
2022-05-18,30406.69,31.2511,16.5394,6.25,124.5794,122.95
2022-05-19,28680.97,31.2511,17.0897,6.25,117.5795,122.5855
2022-05-20,30289.87,31.2511,17.1003,6.25,124.1767,123.1145
2022-05-21,29159.5,31.2511,12.0308,6.25,118.8819,122.8178
2022-05-22,29409.92,31.2511,11.6471,6.25,119.8524,122.3417
2022-05-23,30278.94,31.2511,15.8267,6.25,123.9596,121.6542
2022-05-24,29074.33,31.2511,16.1704,6.25,119.0727,121.1575
2022-05-25,29634.57,30.7059,19.4678,6.25,123.9667,121.0699
2022-05-26,29518.59,29.8974,17.6264,6.25,126.5667,122.3538
2022-05-27,29193.92,29.8974,17.4543,6.25,125.1511,122.493
2022-05-28,28578.89,29.8974,11.8205,6.25,121.7622,122.9045
2022-05-29,29013.69,29.8974,9.9628,6.25,123.3629,123.406
2022-05-30,29448.74,29.8974,13.3381,6.25,125.6771,123.6513
2022-05-31,31715.58,29.8974,13.704,6.25,135.4054,125.9846
2022-06-01,31776.27,29.8974,18.8129,6.25,136.4231,127.7641
2022-06-02,29780.81,29.8974,19.5259,6.25,127.9553,127.9624
2022-06-03,30429.88,29.8974,18.0933,6.25,130.5404,128.7323
2022-06-04,29681.76,29.8974,12.5751,6.25,126.5657,129.4186
2022-06-05,29845.23,29.8974,9.4525,6.25,126.8273,129.9135
2022-06-06,29901.35,29.8974,12.7017,6.25,127.5198,130.1767
2022-06-07,31349.82,29.8974,11.7808,6.25,133.5621,129.9134
2022-06-08,31117.83,30.1077,10.8267,6.25,131.51,129.2115
2022-06-09,30189.25,30.2833,10.0723,6.25,126.7408,129.038
2022-06-10,30083.46,30.2833,13.5713,6.25,126.7823,128.5011
2022-06-11,29059.41,30.2833,11.2799,6.25,122.1594,127.8717
2022-06-12,28344.5,30.2833,9.7081,6.25,118.9485,126.7461
2022-06-13,26593.3,30.2833,28.1479,6.25,113.8617,124.795
2022-06-14,22431.22,30.2833,26.0921,6.25,95.8287,119.4045
2022-06-15,22189.29,30.2833,25.7659,6.25,94.7617,114.1547
2022-06-16,22550.79,30.2833,23.3632,6.25,96.0556,109.7711
2022-06-17,20350.48,30.2833,21.8098,6.25,86.5375,104.0219
2022-06-18,20434.75,30.2833,20.9364,6.25,86.8135,98.9725
2022-06-19,18977.51,30.2833,12.868,6.25,79.9163,93.3964
2022-06-20,20540.38,30.2833,15.1595,6.25,86.7149,89.5183
2022-06-21,20582.29,30.2833,16.3112,6.25,87.0011,88.2572
2022-06-22,20703.51,30.1396,16.9552,6.25,87.9927,87.2902
2022-06-23,19953.71,29.5702,14.8065,6.25,86.2364,85.8875
2022-06-24,21088.3,29.5702,16.1607,6.25,91.2748,86.5642
2022-06-25,21194.68,29.5702,13.3835,6.25,91.4571,87.2276
2022-06-26,21481.38,29.5702,12.7396,6.25,92.6289,89.0437
2022-06-27,21020.04,29.5702,14.3898,6.25,90.8035,89.6278
2022-06-28,20702.23,29.5702,14.0978,6.25,89.402,89.9708
2022-06-29,20256.61,29.5702,13.4746,6.25,87.418,89.8887
2022-06-30,20085.93,29.5702,16.5635,6.25,86.9745,89.9941
2022-07-01,19865.7,29.5702,18.0992,6.25,86.165,89.2641
2022-07-02,19226.7,29.5702,13.2997,6.25,82.9575,88.0499
2022-07-03,19224.75,29.5702,9.9994,6.25,82.6493,86.6243
2022-07-04,19288.97,29.5702,13.5601,6.25,83.2499,85.5452
2022-07-05,20208.45,29.5702,19.7295,6.25,87.8073,85.3174
2022-07-06,20181.91,29.5702,24.4846,6.25,88.1454,85.4213
2022-07-07,20545.61,29.1555,24.3843,6.25,91.0004,85.9964
2022-07-08,21633.44,29.1528,22.8553,6.25,95.6688,87.3541
2022-07-09,21636.45,29.1528,15.8319,6.25,94.9539,89.0679
2022-07-10,21582.6,29.1528,12.7354,6.25,94.3974,90.7462
2022-07-11,20834.61,29.1528,15.3481,6.25,91.3867,91.9086
2022-07-12,19946.31,29.1528,17.3619,6.25,87.6828,91.8908
2022-07-13,19292.99,29.1528,23.0229,6.25,85.3342,91.4892
2022-07-14,20223.69,29.1528,31.5143,6.25,90.2737,91.3854
2022-07-15,20568.9,29.1528,26.0641,6.25,91.2774,90.758
2022-07-16,20835.61,29.1528,18.2778,6.25,91.6836,90.2908
2022-07-17,21197.1,29.1528,15.8015,6.25,93.0227,90.0944
2022-07-18,20774.23,29.1528,22.311,6.25,91.815,90.1556
2022-07-19,22538.08,29.1528,26.6844,6.25,100.0829,91.9271
2022-07-20,23403.29,29.1528,25.6437,6.25,103.8083,94.5662
2022-07-21,23227.22,28.8271,24.1912,6.25,104.0277,96.5311
2022-07-22,23154.09,27.6926,21.7466,6.25,107.6632,98.8719
2022-07-23,22687.08,27.6926,13.4505,6.25,104.5422,100.7089
2022-07-24,22461.7,27.6926,10.6779,6.25,103.1895,102.1613
2022-07-25,22582.4,27.6926,12.6598,6.25,103.9698,103.8977
2022-07-26,21300.72,27.6926,14.5636,6.25,98.2735,103.6392
2022-07-27,21267.33,27.6926,12.1485,6.25,97.8603,102.7895
2022-07-28,22950.29,27.6926,16.1413,6.25,106.0666,103.0807
2022-07-29,23856.25,27.6926,15.1693,6.25,110.1366,103.4341
2022-07-30,23792.0,27.6926,12.4783,6.25,109.517,104.1448
2022-07-31,23647.99,27.6926,10.9465,6.25,108.6714,104.9279
2022-08-01,23326.49,27.6926,14.4505,6.25,107.6063,105.4474
2022-08-02,23298.94,27.6926,15.1743,6.25,107.5643,106.7746
2022-08-03,22981.77,27.6926,15.5766,6.25,106.1467,107.9584
2022-08-04,22831.85,27.9154,17.5691,6.25,104.8403,107.7832
2022-08-05,22608.3,28.1747,19.5942,6.25,103.0853,106.7759
2022-08-06,23295.14,28.1747,13.5509,6.25,105.519,106.2048
2022-08-07,22947.19,28.1747,11.1034,6.25,103.6644,105.4895
2022-08-08,23174.25,28.1747,15.5228,6.25,105.198,105.1454
2022-08-09,23816.32,28.1747,22.941,6.25,108.9886,105.3489
2022-08-10,23156.31,28.1747,19.0649,6.25,105.5232,105.2598
2022-08-11,23959.92,28.1747,18.6486,6.25,109.1358,105.8735
2022-08-12,23953.77,28.1747,17.2871,6.25,108.9461,106.7107
2022-08-13,24418.38,28.1747,11.5699,6.25,110.367,107.4033
2022-08-14,24447.13,28.1747,7.9401,6.25,110.057,108.3165
2022-08-15,24314.89,28.1747,10.5168,6.25,109.7723,108.97
2022-08-16,24096.19,28.1747,11.794,6.25,108.9376,108.9627
2022-08-17,23876.29,28.1747,15.1817,6.25,108.3445,109.3658
2022-08-18,23332.09,28.2754,14.9451,6.25,105.4705,108.8421
2022-08-19,23193.99,28.3516,13.829,6.25,104.4369,108.198
2022-08-20,20843.22,28.3516,9.0403,6.25,93.3602,105.7684
2022-08-21,21150.33,28.3516,7.9226,6.25,94.6193,103.563
2022-08-22,21520.51,28.3516,10.5481,6.25,96.5538,101.6747
2022-08-23,21402.93,28.3516,11.4901,6.25,96.1256,99.8444
2022-08-24,21516.02,28.3516,9.7794,6.25,96.4521,98.1455
2022-08-25,21377.51,28.3516,10.897,6.25,95.9489,96.7853
2022-08-26,21597.93,28.3516,11.3168,6.25,96.9829,95.7204
2022-08-27,20233.32,28.3516,8.7861,6.25,90.603,95.3265
2022-08-28,20035.59,28.3516,7.4954,6.25,89.5902,94.6081
2022-08-29,19550.07,28.3516,11.0083,6.25,87.7575,93.3515
2022-08-30,20290.41,28.3516,12.1005,6.25,91.19,92.6464
2022-08-31,19793.02,30.2937,13.056,6.25,83.339,90.7731
2022-09-01,20047.68,30.9771,14.7181,6.25,82.6995,88.8803
2022-09-02,20130.52,30.9771,18.277,6.25,83.3643,86.9348
2022-09-03,19952.91,30.9771,14.5179,6.25,82.2905,85.7473
2022-09-04,19834.94,30.9771,10.4686,6.25,81.4418,84.5832
2022-09-05,19994.65,30.9771,14.0517,6.25,82.4206,83.8208
2022-09-06,19789.87,30.9771,15.2914,6.25,81.6871,82.4633
2022-09-07,18806.7,30.9771,14.7798,6.25,77.5855,81.6413
2022-09-08,19280.08,30.9771,15.3888,6.25,79.5913,81.1973
2022-09-09,19327.53,30.9771,17.5182,6.25,79.9728,80.7128
2022-09-10,21387.58,30.9771,12.4147,6.25,88.0046,81.5291
2022-09-11,21673.03,30.9771,10.2189,6.25,88.9645,82.6038
2022-09-12,21794.52,30.9771,12.9749,6.25,89.7341,83.6486
2022-09-13,22392.71,31.1252,15.5609,6.25,92.018,85.1244
2022-09-14,20172.56,32.0454,17.1192,6.25,80.6516,85.5624
2022-09-15,20219.55,32.0454,17.306,6.25,80.8559,85.7431
2022-09-16,19694.69,32.0454,19.0743,6.25,78.9089,85.5911
2022-09-17,19787.61,32.0454,16.847,6.25,79.0891,84.3174
2022-09-18,20122.71,32.0454,12.1762,6.25,80.0187,83.0395
2022-09-19,19415.86,32.0454,13.1151,6.25,77.2873,81.2614
2022-09-20,19542.2,32.0454,14.7408,6.25,77.9288,79.2486
2022-09-21,18879.96,32.0454,14.0072,6.25,75.2276,78.4738
2022-09-22,18507.36,32.0454,12.9218,6.25,73.6554,77.4451
2022-09-23,19408.63,32.0454,15.7602,6.25,77.4824,77.2413
2022-09-24,19280.58,32.0454,11.208,6.25,76.5886,76.8841
2022-09-25,18931.79,32.0454,10.5139,6.25,75.1458,76.188
2022-09-26,18807.71,32.0454,14.4654,6.25,74.9772,75.858
2022-09-27,19227.26,32.0454,16.7818,6.25,76.8439,75.703
2022-09-28,19104.89,31.4199,14.0343,6.25,77.6414,76.0478
2022-09-29,19530.71,31.3605,14.8764,6.25,79.5954,76.8964
2022-09-30,19598.86,31.3605,16.5836,6.25,80.0222,77.2592
2022-10-01,19427.2,31.3605,12.3124,6.25,78.9517,77.5968
2022-10-02,19314.69,31.3605,9.0318,6.25,78.2122,78.0349
2022-10-03,19049.72,31.3605,11.48,6.25,77.347,78.3734
2022-10-04,19632.61,31.3605,10.2545,6.25,79.6065,78.7681
2022-10-05,20342.25,31.3605,9.2098,6.25,82.3893,79.4463
2022-10-06,20167.79,31.3605,10.1758,6.25,81.7695,79.7569
2022-10-07,19956.49,31.3605,10.5895,6.25,80.9496,79.8894
2022-10-08,19544.82,31.3605,6.6806,6.25,78.9394,79.8876
2022-10-09,19417.73,31.3605,5.9324,6.25,78.3614,79.909
2022-10-10,19441.88,33.7387,8.0944,6.25,73.1026,79.3026
2022-10-11,19132.52,35.6108,8.8435,6.25,68.2136,77.6751
2022-10-12,19049.64,35.6108,9.4304,6.25,67.962,75.614
2022-10-13,19156.21,35.6108,14.7911,6.25,68.745,73.7534
2022-10-14,19383.33,35.6108,14.9727,6.25,69.5739,72.1283
2022-10-15,19184.71,35.6108,9.298,6.25,68.4339,70.6275
2022-10-16,19063.1,35.6108,8.2125,6.25,67.9189,69.1357
2022-10-17,19265.53,35.6108,13.0478,6.25,69.0056,68.5504
2022-10-18,19548.97,35.6108,16.7219,6.25,70.3026,68.8488
2022-10-19,19330.74,35.6108,16.73,6.25,69.5184,69.0712
2022-10-20,19125.65,35.6108,12.7829,6.25,68.4847,69.034
2022-10-21,19046.83,35.6108,11.7939,6.25,68.1285,68.8275
2022-10-22,19171.34,35.6108,9.2757,6.25,68.3845,68.8205
2022-10-23,19205.45,35.6266,7.7553,6.25,68.3613,68.8837
2022-10-24,19565.91,36.8357,11.952,6.25,67.6698,68.6928
2022-10-25,19338.9,36.8357,16.7988,6.25,67.2401,68.2553
2022-10-26,20101.27,36.8357,23.5498,6.25,70.4055,68.3821
2022-10-27,20772.36,36.8357,17.3595,6.25,72.2683,68.9226
2022-10-28,20288.52,36.8357,18.7243,6.25,70.69,69.2885
2022-10-29,20601.63,36.8357,14.6652,6.25,71.4638,69.7284
2022-10-30,20816.16,36.8357,12.7343,6.25,72.0556,70.2562
2022-10-31,20628.5,36.8357,15.4085,6.25,71.6152,70.8198
2022-11-01,20499.29,36.8357,14.9518,6.25,71.1311,71.3756
2022-11-02,20486.26,36.8357,16.7229,6.25,71.2235,71.4925
2022-11-03,20153.99,36.8357,18.9208,6.25,70.2363,71.2022
2022-11-04,20208.16,36.8357,19.6574,6.25,70.4816,71.1724
2022-11-05,21152.93,36.8357,16.0192,6.25,73.4848,71.4612
2022-11-06,21292.67,36.8357,13.7632,6.25,73.7881,71.7087
2022-11-07,20920.33,36.7668,15.8883,6.25,72.8026,71.8783
2022-11-08,20598.44,36.7622,21.8785,6.25,72.1602,72.0253
2022-11-09,18540.11,36.7622,24.9638,6.25,65.1669,71.1601
2022-11-10,15856.95,36.7622,24.3378,6.25,55.6981,69.0832
2022-11-11,17550.23,36.7622,21.9311,6.25,61.4853,67.798
2022-11-12,16990.26,36.7622,16.1822,6.25,59.1523,65.7505
2022-11-13,16776.4,36.7622,16.3688,6.25,58.4197,63.555
2022-11-14,16310.3,36.7622,22.8494,6.25,57.1982,61.3258
2022-11-15,16587.96,36.7622,36.3131,6.25,59.0207,59.4487
2022-11-16,16873.56,36.7622,35.5229,6.25,59.9862,58.7086
2022-11-17,16662.24,36.7622,34.543,6.25,59.1729,59.205
2022-11-18,16682.44,36.7622,43.7282,6.25,59.8269,58.9681
2022-11-19,16683.22,36.7622,27.0558,6.25,58.7727,58.9139
2022-11-20,16687.8,36.7736,19.4412,6.25,58.2879,58.8951
2022-11-21,16260.41,36.9505,25.3657,6.25,56.8874,58.8507
2022-11-22,15759.61,36.9505,26.782,6.25,55.2197,58.3077
2022-11-23,16194.75,36.9505,28.8498,6.25,56.871,57.8626
2022-11-24,16606.77,36.9505,27.9637,6.25,58.2623,57.7326
2022-11-25,16592.67,36.9505,27.053,6.25,58.1557,57.4938
2022-11-26,16507.44,36.9505,23.6561,6.25,57.6449,57.3327
2022-11-27,16453.47,36.9505,17.7807,6.25,57.091,57.1617
2022-11-28,16420.2,36.9505,22.9402,6.25,57.2958,57.2201
2022-11-29,16208.96,36.9505,23.2477,6.25,56.5776,57.414
2022-11-30,16432.73,36.9505,27.1225,6.25,57.5994,57.5181
2022-12-01,17170.62,36.9505,29.3172,6.25,60.3283,57.8132
2022-12-02,16971.57,36.9505,28.7779,6.25,59.5943,58.0188
2022-12-03,17091.23,36.9505,23.0811,6.25,59.6464,58.3047
2022-12-04,16894.23,36.9505,16.8963,6.25,58.5639,58.5151
2022-12-05,17117.57,36.9505,21.3318,6.25,59.6251,58.8479
2022-12-06,16967.02,34.4648,22.4991,6.25,63.4434,59.8287
2022-12-07,17085.45,34.2443,18.3244,6.25,64.0067,60.744
2022-12-08,16836.05,34.2443,14.8759,6.25,62.8355,61.1022
2022-12-09,17234.58,34.2443,13.7581,6.25,64.2443,61.7665
2022-12-10,17128.55,34.2443,12.2589,6.25,63.7443,62.3519
2022-12-11,17124.99,34.2443,8.1923,6.25,63.447,63.0495
2022-12-12,17098.61,34.2443,12.6124,6.25,63.6575,63.6255
2022-12-13,17206.87,34.2443,13.2209,6.25,64.1033,63.7198
2022-12-14,17771.03,34.2443,15.095,6.25,66.3409,64.0533
2022-12-15,17802.44,34.2443,20.3485,6.25,66.8397,64.6253
2022-12-16,17357.47,34.2443,16.5663,6.25,64.9012,64.7191
2022-12-17,16637.6,34.2443,17.4327,6.25,62.2684,64.5083
2022-12-18,16783.6,34.2443,11.5809,6.25,62.4141,64.3607
2022-12-19,16745.99,34.6066,18.0691,6.25,62.061,64.1327
2022-12-20,16439.89,35.3641,18.0509,6.25,59.6204,63.4922
2022-12-21,16904.64,35.3641,16.5291,6.25,61.2042,62.7584
2022-12-22,16813.62,35.3641,17.1393,6.25,60.9152,61.9121
2022-12-23,16818.68,35.3641,17.3743,6.25,60.9492,61.3475
2022-12-24,16779.71,35.3641,17.6392,6.25,60.8255,61.1414
2022-12-25,16838.1,35.3641,13.7082,6.25,60.7757,60.9073
2022-12-26,16826.86,35.3641,17.5422,6.25,60.99,60.7543
2022-12-27,16915.7,35.3641,23.852,6.25,61.7336,61.0562
2022-12-28,16699.0,35.3641,20.6782,6.25,60.7334,60.9889
2022-12-29,16539.28,35.3641,20.5818,6.25,60.1462,60.8791
2022-12-30,16630.49,35.3641,21.7943,6.25,60.5575,60.8231
2022-12-31,16599.69,35.3641,12.1803,6.25,59.815,60.6788
2023-01-01,16526.78,35.3641,7.1128,6.25,59.2214,60.4567
2023-01-02,16613.71,35.3641,8.8243,6.25,59.6452,60.2646
2023-01-03,16671.54,34.2091,12.7278,6.25,62.1394,60.3226
2023-01-04,16669.6,34.0936,14.7743,6.25,62.4824,60.5724
2023-01-05,16850.63,34.0936,14.2713,6.25,63.1263,60.9982
2023-01-06,16826.41,34.0936,13.2019,6.25,62.9618,61.3416
2023-01-07,16951.97,34.0936,8.3969,6.25,63.0979,61.8106
2023-01-08,16945.2,34.0936,6.782,6.25,62.9605,62.3448
2023-01-09,17108.41,34.0936,10.8666,6.25,63.8533,62.9459
2023-01-10,17192.07,34.0936,11.1595,6.25,64.1862,63.2383
2023-01-11,17443.68,34.0936,12.4236,6.25,65.2159,63.6288
2023-01-12,17934.6,34.0936,16.5155,6.25,67.352,64.2325
2023-01-13,18859.32,34.0936,16.6249,6.25,70.8332,65.357
2023-01-14,19933.36,34.0936,14.026,6.25,74.6548,67.008
2023-01-15,20955.15,34.587,7.9797,6.25,76.8503,68.9922
2023-01-16,20880.99,37.5905,10.3017,6.25,70.6399,69.9618
2023-01-17,21190.49,37.5905,12.9453,6.25,71.8951,71.063
2023-01-18,21145.18,37.5905,16.0924,6.25,71.9887,72.0306
2023-01-19,20672.78,37.5905,16.2243,6.25,70.3906,72.4647
2023-01-20,21087.76,37.5905,19.5579,6.25,72.0648,72.6406
2023-01-21,22693.45,37.5905,16.3287,6.25,77.2797,73.0156
2023-01-22,22772.5,37.5905,13.7571,6.25,77.3313,73.0843
2023-01-23,22724.23,37.5905,14.9249,6.25,77.266,74.0309
2023-01-24,22924.37,37.5905,16.93,6.25,78.1173,74.9198
2023-01-25,22634.47,37.5905,12.9467,6.25,76.7944,75.6063
2023-01-26,23089.74,37.5905,12.096,6.25,78.2661,76.7314
2023-01-27,23008.29,37.5905,14.3023,6.25,78.1786,77.6048
2023-01-28,23075.81,37.5905,11.6132,6.25,78.1774,77.733
2023-01-29,23032.23,38.8589,8.4638,6.25,75.222,77.4317
2023-01-30,23755.85,39.3509,11.2921,6.25,76.8536,77.3728
2023-01-31,22836.09,39.3509,18.615,6.25,74.4717,76.852
2023-02-01,23133.91,39.3509,22.0985,6.25,75.7291,76.6998
2023-02-02,23722.02,39.3509,21.8579,6.25,77.634,76.6095
2023-02-03,23454.41,39.3509,24.3408,6.25,76.9649,76.4361
2023-02-04,23440.09,39.3509,20.3557,6.25,76.5863,76.2088
2023-02-05,23328.24,39.3509,13.9767,6.25,75.6926,76.276
2023-02-06,22936.95,39.3509,18.4276,6.25,74.7854,75.9806
2023-02-07,22763.74,39.3509,22.2021,6.25,74.5257,75.9883
2023-02-08,23254.79,39.3509,18.3936,6.25,75.8189,76.0011
2023-02-09,22964.87,39.3509,21.5511,6.25,75.1311,75.6436
2023-02-10,21794.05,39.3509,26.8626,6.25,71.7116,74.8931
2023-02-11,21638.55,39.3509,22.5906,6.25,70.8718,74.0767
2023-02-12,21861.84,39.2265,18.8125,6.25,71.5362,73.483
2023-02-13,21787.25,39.1564,24.2592,6.25,71.8431,73.0626
2023-02-14,21787.99,39.1564,25.8146,6.25,71.9664,72.697
2023-02-15,22211.8,39.1564,35.349,6.25,74.1218,72.4546
2023-02-16,24340.73,39.1564,31.2707,6.25,80.872,73.2747
2023-02-17,23544.67,39.1564,26.6783,6.25,77.8413,74.1504
2023-02-18,24572.97,39.1564,19.9482,6.25,80.651,75.5474
2023-02-19,24641.94,39.1564,15.3923,6.25,80.4768,76.8246
2023-02-20,24290.18,39.1564,17.877,6.25,79.5433,77.9247
2023-02-21,24834.81,39.1564,17.3206,6.25,81.2776,79.2548
2023-02-22,24438.1,39.1564,18.4506,6.25,80.0777,80.1057
2023-02-23,24185.67,39.1564,19.0231,6.25,79.3,79.8811
2023-02-24,23946.39,39.1564,18.5353,6.25,78.4738,79.9715
2023-02-25,23192.02,42.8353,15.9591,6.25,69.2794,78.3469
2023-02-26,23176.76,43.0538,15.0623,6.25,68.815,76.681
2023-02-27,23563.11,43.0538,22.6535,6.25,70.5425,75.3951
2023-02-28,23497.62,43.0538,25.8184,6.25,70.5877,73.868
2023-03-01,23128.3,43.0538,25.8382,6.25,69.4797,72.354
2023-03-02,23641.68,43.0538,23.9385,6.25,70.8763,71.1506
2023-03-03,23467.36,43.0538,27.8901,6.25,70.6546,70.0336
2023-03-04,22351.72,43.0538,20.1866,6.25,66.7369,69.6704
2023-03-05,22348.51,43.0538,17.5109,6.25,66.5333,69.3444
2023-03-06,22427.56,43.0538,24.0275,6.25,67.2429,68.8731
2023-03-07,22410.62,43.0538,25.6415,6.25,67.3095,68.4047
2023-03-08,22197.49,43.0538,26.2556,6.25,66.7136,68.0096
2023-03-09,21698.33,43.0538,44.7963,6.25,66.5187,67.3871
2023-03-10,20363.36,43.1271,43.9446,6.25,62.2641,66.1884
2023-03-11,20224.85,43.5517,27.2574,6.25,60.155,65.2482
2023-03-12,20656.78,43.5517,21.3654,6.25,61.0493,64.4647
2023-03-13,22205.32,43.5517,26.127,6.25,65.965,64.2822
2023-03-14,24213.74,43.5517,37.1689,6.25,72.789,65.065
2023-03-15,24767.46,43.5517,33.6536,6.25,74.1743,66.1308
2023-03-16,24376.39,43.5517,33.4013,6.25,72.9834,67.0543
2023-03-17,25053.64,43.5517,42.5113,6.25,75.7432,68.9799
2023-03-18,27462.77,43.5517,34.9271,6.25,82.3584,72.1518
2023-03-19,26975.39,43.5517,28.5557,6.25,80.3455,74.9084
2023-03-20,28045.84,43.5517,29.6622,6.25,83.6334,77.4325
2023-03-21,27790.89,43.5517,28.8866,6.25,82.804,78.8632
2023-03-22,28191.53,43.5517,35.3514,6.25,84.5823,80.35
2023-03-23,27306.32,43.7676,39.1111,6.25,81.8501,81.6167
2023-03-24,28332.42,46.8434,44.3244,6.25,79.7899,82.1948
2023-03-25,27496.2,46.8434,30.5958,6.25,76.3092,81.3306
2023-03-26,27496.06,46.8434,21.8676,6.25,75.5931,80.6517
2023-03-27,27999.84,46.8434,23.1566,6.25,77.0857,79.7163
2023-03-28,27141.23,46.8434,28.015,6.25,75.1151,78.6179
2023-03-29,27274.72,46.8434,27.5347,6.25,75.4455,77.3127
2023-03-30,28355.92,46.8434,27.5245,6.25,78.4354,76.8248
2023-03-31,28033.06,46.8434,32.5468,6.25,77.9622,76.5637
2023-04-01,28479.75,46.8434,31.5235,6.25,79.1176,76.9649
2023-04-02,28465.04,46.8434,24.4672,6.25,78.4777,77.377
2023-04-03,28185.2,46.8434,27.7052,6.25,77.9784,77.5046
2023-04-04,27802.23,46.8434,33.8308,6.25,77.4267,77.8348
2023-04-05,28169.5,46.8434,32.0532,6.25,78.3002,78.2426
2023-04-06,28180.4,47.1893,32.9181,6.25,77.8284,78.1559
2023-04-07,28039.94,47.8878,27.0124,6.25,75.828,77.851
2023-04-08,27925.55,47.8878,21.8955,6.25,75.1018,77.2773
2023-04-09,27956.01,47.8878,16.9068,6.25,74.7769,76.7486
2023-04-10,28336.18,47.8878,21.7746,6.25,76.1961,76.494
2023-04-11,29656.24,47.8878,31.0589,6.25,80.549,76.9401
2023-04-12,30234.98,47.8878,24.6048,6.25,81.5516,77.4045
2023-04-13,29899.24,47.8878,25.9353,6.25,80.7621,77.8236
2023-04-14,30407.6,47.8878,27.7397,6.25,82.2953,78.7475
2023-04-15,30486.05,47.8878,21.1966,6.25,81.9257,79.7224
2023-04-16,30319.32,47.8878,15.9479,6.25,81.0134,80.6133
2023-04-17,30315.39,47.8878,20.8372,6.25,81.4353,81.3618
2023-04-18,29447.1,47.8878,20.3635,6.25,79.0622,81.1494
2023-04-19,30393.64,47.8878,20.9059,6.25,81.6516,81.1637
2023-04-20,28829.57,48.297,21.24,6.25,76.8214,80.6007
2023-04-21,28243.02,48.7124,24.0902,6.25,74.8475,79.5367
2023-04-22,27267.99,48.7124,16.3903,6.25,71.6614,78.0704
2023-04-23,27816.18,48.7124,13.6749,6.25,72.8855,76.9093
2023-04-24,27590.55,48.7124,20.5602,6.25,72.8391,75.6812
2023-04-25,27516.48,48.7124,26.7159,6.25,73.1293,74.8337
2023-04-26,28301.71,48.7124,33.0914,6.25,75.7336,73.9883
2023-04-27,28429.72,48.7124,41.7646,6.25,76.7833,73.9828
2023-04-28,29480.35,48.7124,45.8716,6.25,79.9681,74.7143
2023-04-29,29329.63,48.7124,42.8317,6.25,79.3035,75.8061
2023-04-30,29244.68,48.7124,47.6465,6.25,79.4777,76.7478
2023-05-01,29264.14,48.7124,69.2694,6.25,81.3452,77.963
2023-05-02,28086.65,48.7124,114.1412,6.25,81.6865,79.1854
2023-05-03,28678.29,48.7124,124.197,6.25,84.2342,80.3998
2023-05-04,29007.66,48.4849,113.4765,6.25,84.7055,81.5315
2023-05-05,28851.84,48.0055,134.9671,6.25,86.8961,82.5212
2023-05-06,29535.38,48.0055,182.0346,6.25,93.0002,84.4779
2023-05-07,28903.41,48.0055,403.919,6.25,109.673,88.7915
2023-05-08,28456.84,48.0055,635.3538,6.25,127.1438,95.3342
2023-05-09,27691.41,48.0055,440.2657,6.25,108.0031,99.0937
2023-05-10,27640.09,48.0055,339.7677,6.25,99.7194,101.3059
2023-05-11,27617.14,48.0055,194.3781,6.25,87.9521,101.7697
2023-05-12,26993.2,48.0055,173.4434,6.25,84.3206,101.4017
2023-05-13,26803.05,48.0055,108.79,6.25,78.6838,99.3565
2023-05-14,26785.94,48.0055,88.4214,6.25,77.0458,94.6955
2023-05-15,26926.17,48.0055,89.8137,6.25,77.5583,87.6119
2023-05-16,27191.97,48.0055,113.0108,6.25,80.1595,83.6342
2023-05-17,27036.39,48.0055,93.1137,6.25,78.1354,80.5508
2023-05-18,27398.27,49.1883,106.9001,6.25,78.35,79.1791
2023-05-19,26833.27,49.5497,116.546,6.25,76.9044,78.1196
2023-05-20,26889.6,49.5497,85.1928,6.25,74.6889,77.5489
2023-05-21,27124.48,49.5497,71.4559,6.25,74.2908,77.1553
2023-05-22,26756.57,49.5497,70.9721,6.25,73.2466,76.5394
2023-05-23,26849.97,49.5497,69.7463,6.25,73.4095,75.5751
2023-05-24,27223.19,49.5497,64.8701,6.25,74.0556,74.9923
2023-05-25,26327.38,49.5497,91.8664,6.25,73.6226,74.3169
2023-05-26,26477.29,49.5497,97.83,6.25,74.487,73.9716
2023-05-27,26719.74,49.5497,62.0856,6.25,72.4763,73.6555
2023-05-28,26873.18,49.5497,62.5686,6.25,72.9291,73.461
2023-05-29,28082.7,49.5497,71.1306,6.25,76.8895,73.9814
2023-05-30,27744.66,49.5497,79.8668,6.25,76.6473,74.4439
2023-05-31,27704.0,49.8962,68.6241,6.25,75.1314,74.5976
2023-06-01,27213.71,51.2343,70.1359,6.25,71.9864,74.3639
2023-06-02,26814.77,51.2343,74.862,6.25,71.2767,73.9052
2023-06-03,27251.93,51.2343,44.2037,6.25,70.1606,73.5744
2023-06-04,27073.27,51.2343,38.4919,6.25,69.279,73.053
2023-06-05,27125.02,51.2343,58.0011,6.25,70.8543,72.1908
2023-06-06,25747.2,51.2343,82.9226,6.25,69.0048,71.099
2023-06-07,27243.64,51.2343,97.6023,6.25,74.1059,70.9525
2023-06-08,26352.2,51.2343,69.5458,6.25,69.6651,70.6209
2023-06-09,26507.33,51.2343,73.2578,6.25,70.3435,70.4876
2023-06-10,26483.52,51.2343,49.6334,6.25,68.5744,70.261
2023-06-11,25852.82,51.2343,35.1092,6.25,65.9175,69.7808
2023-06-12,25933.06,51.2343,42.5087,6.25,66.6453,69.1795
2023-06-13,25904.32,51.2343,37.246,6.25,66.1997,68.7788
2023-06-14,25921.42,51.9354,39.8687,6.25,65.5321,67.5539
2023-06-15,25127.04,52.3504,41.0213,6.25,63.0975,66.6157
2023-06-16,25575.69,52.3504,45.625,6.25,64.5383,65.7864
2023-06-17,26326.23,52.3504,40.1288,6.25,66.0461,65.4252
2023-06-18,26509.82,52.3504,30.4965,6.25,65.8253,65.412
2023-06-19,26337.08,52.3504,31.2367,6.25,65.4484,65.2411
2023-06-20,26848.8,52.3504,37.1624,6.25,67.1446,65.376
2023-06-21,28326.8,52.3504,43.8882,6.25,71.3492,66.2071
2023-06-22,29992.98,52.3504,44.4258,6.25,75.589,67.9916
2023-06-23,29903.73,52.3504,40.1155,6.25,75.0201,69.489
2023-06-24,30692.8,52.3504,33.7456,6.25,76.4779,70.9792
2023-06-25,30548.59,52.3504,29.3848,6.25,75.7631,72.3989
2023-06-26,30458.97,52.3504,32.3849,6.25,75.7847,73.8755
2023-06-27,30266.7,52.3504,31.6572,6.25,75.2475,75.0331
2023-06-28,30699.11,52.2558,29.8745,6.25,76.3146,75.7424
2023-06-29,30083.59,50.6462,37.0585,6.25,77.7572,76.0522
2023-06-30,30449.16,50.6462,34.7027,6.25,78.5043,76.5499
2023-07-01,30471.5,50.6462,25.4399,6.25,77.7833,76.7364
2023-07-02,30591.53,50.6462,23.7948,6.25,77.9509,77.0489
2023-07-03,30618.25,50.6462,25.4877,6.25,78.162,77.3885
2023-07-04,31150.92,50.6462,23.0404,6.25,79.3115,77.9691
2023-07-05,30774.87,50.6462,21.137,6.25,78.1925,78.2374
2023-07-06,30502.55,50.6462,19.724,6.25,77.3817,78.1837
2023-07-07,29918.04,50.6462,19.2496,6.25,75.8597,77.8059
2023-07-08,30344.53,50.6462,14.7402,6.25,76.5637,77.6317
2023-07-09,30214.55,50.6462,13.1842,6.25,76.106,77.3682
2023-07-10,30214.55,50.6462,16.2451,6.25,76.3611,77.1109
2023-07-11,30411.71,50.6462,16.9523,6.25,76.9187,76.7691
2023-07-12,30622.7,53.5031,19.2916,6.25,73.5038,76.0992
2023-07-13,30391.64,53.9112,19.6576,6.25,72.4257,75.3912
2023-07-14,31485.37,53.9112,22.6773,6.25,75.2785,75.3082
2023-07-15,30330.22,53.9112,16.7406,6.25,72.0501,74.6634
2023-07-16,30291.67,53.9112,15.43,6.25,71.8557,74.0562
2023-07-17,30240.28,53.9112,17.223,6.25,71.8743,73.4153
2023-07-18,30144.2,53.9112,19.0888,6.25,71.7916,72.6828
2023-07-19,29859.24,53.9112,18.1637,6.25,71.0414,72.331
2023-07-20,29912.48,53.9112,22.7547,6.25,71.5239,72.2022
2023-07-21,29802.29,53.9112,22.9335,6.25,71.2743,71.6302
2023-07-22,29907.88,53.9112,45.9521,6.25,73.3107,71.8103
2023-07-23,29774.36,53.9112,25.5485,6.25,71.4092,71.7465
2023-07-24,30081.88,53.9112,26.4489,6.25,72.2169,71.7954
2023-07-25,29178.42,53.9112,17.8564,6.25,69.3983,71.4535
2023-07-26,29226.18,53.2516,18.8183,6.25,70.4466,71.3686
2023-07-27,29344.56,52.3283,20.8384,6.25,72.1383,71.4563
2023-07-28,29213.94,52.3283,20.3588,6.25,71.7798,71.5285
2023-07-29,29316.12,52.3283,16.1443,6.25,71.701,71.2986
2023-07-30,29359.89,52.3283,17.1309,6.25,71.8854,71.3666
2023-07-31,29274.94,52.3283,16.6598,6.25,71.6405,71.2843
2023-08-01,29228.49,52.3283,18.4802,6.25,71.6689,71.6086
2023-08-02,29683.61,52.3283,20.8858,6.25,72.9755,71.9699
2023-08-03,29152.45,52.3283,23.2408,6.25,71.853,71.9292
2023-08-04,29183.41,52.3283,22.5153,6.25,71.8728,71.9424
2023-08-05,29075.0,52.3283,21.107,6.25,71.4964,71.9132
2023-08-06,29048.01,52.3283,16.9103,6.25,71.1046,71.8017
2023-08-07,29041.01,52.3283,22.6895,6.25,71.5356,71.7867
2023-08-08,29181.71,52.3283,29.1131,6.25,72.3826,71.8886
2023-08-09,29768.29,52.359,27.0889,6.25,73.6335,71.9826
2023-08-10,29565.82,52.3912,24.6228,6.25,72.8933,72.1313
2023-08-11,29433.98,52.3912,23.4654,6.25,72.4774,72.2176
2023-08-12,29399.18,52.3912,19.4214,6.25,72.0747,72.3002
2023-08-13,29412.84,52.3912,13.4828,6.25,71.6425,72.3771
2023-08-14,29283.84,52.3912,18.1873,6.25,71.6956,72.3999
2023-08-15,29413.8,52.3912,18.2628,6.25,72.0197,72.3481
2023-08-16,29169.09,52.3912,18.0389,6.25,71.4031,72.0295
2023-08-17,28701.48,52.3912,18.9392,6.25,70.3274,71.6629
2023-08-18,26662.05,52.3912,22.0032,6.25,65.548,70.673
2023-08-19,26047.05,52.3912,16.6994,6.25,63.6676,69.472
2023-08-20,26090.7,52.3912,14.985,6.25,63.6551,68.3309
2023-08-21,26189.99,52.3912,16.5759,6.25,64.0084,67.2328
2023-08-22,26123.41,53.5884,18.8111,6.25,62.5715,65.883
2023-08-23,26036.91,55.6214,19.3296,6.25,60.1187,64.271
2023-08-24,26426.74,55.6214,17.4585,6.25,60.8946,62.9234
2023-08-25,26165.4,55.6214,18.0359,6.25,60.3304,62.178
2023-08-26,26049.42,55.6214,16.0858,6.25,59.9354,61.6449
2023-08-27,26006.44,55.6214,13.4719,6.25,59.6658,61.075
2023-08-28,26088.78,55.6214,16.973,6.25,60.0841,60.5144
2023-08-29,26108.31,55.6214,21.1512,6.25,60.403,60.2046
2023-08-30,27731.23,55.6214,19.221,6.25,64.0233,60.7624
2023-08-31,27301.12,55.6214,26.5406,6.25,63.5322,61.1392
2023-09-01,25932.99,55.6214,26.1519,6.25,60.3231,61.1381
2023-09-02,25802.1,55.6214,23.262,6.25,59.8314,61.1233
2023-09-03,25869.09,55.6214,19.8931,6.25,59.7679,61.1379
2023-09-04,25969.05,55.6214,22.276,6.25,60.1542,61.1479
2023-09-05,25810.86,55.6214,24.3969,6.25,59.9253,61.0796
2023-09-06,25785.3,54.3027,30.2539,6.25,61.7083,60.7489
2023-09-07,25753.31,54.1501,31.5701,6.25,61.8928,60.5147
2023-09-08,26243.47,54.1501,35.8546,6.25,63.3609,60.9487
2023-09-09,25906.03,54.1501,32.5305,6.25,62.3241,61.3048
2023-09-10,25894.31,54.1501,47.062,6.25,63.2666,61.8046
2023-09-11,25832.82,54.1501,32.6973,6.25,62.159,62.091
2023-09-12,25162.7,54.1501,31.0294,6.25,60.4383,62.1643
2023-09-13,25835.7,54.1501,31.1287,6.25,62.0614,62.2147
2023-09-14,26227.98,54.1501,30.8977,6.25,62.9881,62.3712
2023-09-15,26536.02,54.1501,32.618,6.25,63.8457,62.4405
2023-09-16,26605.75,54.1501,26.701,6.25,63.6073,62.6238
2023-09-17,26568.65,54.1501,28.3072,6.25,63.6287,62.6755
2023-09-18,26536.54,54.1501,46.8086,6.25,64.8184,63.0554
2023-09-19,26763.76,55.8166,46.9465,6.25,63.4308,63.4829
2023-09-20,27222.12,57.1199,47.377,6.25,63.0738,63.6275
2023-09-21,27133.55,57.1199,47.3464,6.25,62.8665,63.6102
2023-09-22,26569.6,57.1199,45.9954,6.25,61.4721,63.2711
2023-09-23,26581.86,57.1199,51.5794,6.25,61.8635,63.022
2023-09-24,26580.72,57.1199,37.0865,6.25,60.9187,62.6348
2023-09-25,26252.75,57.1199,33.3655,6.25,59.9281,61.9362
2023-09-26,26293.29,57.1199,27.6461,6.25,59.6529,61.3965
2023-09-27,26212.82,57.1199,31.7341,6.25,59.7324,60.9192
2023-09-28,26357.65,57.1199,29.0129,6.25,59.887,60.4935
2023-09-29,27021.15,57.1199,29.3632,6.25,61.4177,60.4858
2023-09-30,26916.91,57.1199,21.5555,6.25,60.6668,60.3148
2023-10-01,26970.43,57.1199,18.9277,6.25,60.6141,60.2713
2023-10-02,27983.92,57.1199,27.2771,6.25,63.4632,60.7763
2023-10-03,27532.51,57.2527,29.0874,6.25,62.4163,61.1711
2023-10-04,27430.23,57.3215,26.3534,6.25,61.927,61.4846
2023-10-05,27797.56,57.3215,26.6989,6.25,62.7797,61.8978
2023-10-06,27416.69,57.3215,42.5664,6.25,62.9797,62.121
2023-10-07,27946.61,57.3215,41.4944,6.25,64.124,62.6149
2023-10-08,27973.26,57.3215,15.3946,6.25,62.4058,62.8708
2023-10-09,27937.18,57.3215,19.8796,6.25,62.6307,62.7519
2023-10-10,27581.42,57.3215,17.2151,6.25,61.654,62.643
2023-10-11,27395.65,57.3215,21.6005,6.25,61.5316,62.5865
2023-10-12,26867.79,57.3215,24.7716,6.25,60.5536,62.2685
2023-10-13,26758.66,57.3215,22.1232,6.25,60.135,61.8621
2023-10-14,26866.51,57.3215,13.6147,6.25,59.8202,61.2473
2023-10-15,26855.89,57.3215,11.3958,6.25,59.6514,60.8538
2023-10-16,27167.87,59.3734,20.5381,6.25,58.8433,60.3127
2023-10-17,28517.32,61.0307,19.4455,6.25,60.0175,60.0789
2023-10-18,28413.17,61.0307,19.107,6.25,59.7763,59.8282
2023-10-19,28331.5,61.0307,18.6487,6.25,59.5747,59.6883
2023-10-20,28723.49,61.0307,20.1433,6.25,60.4973,59.7401
2023-10-21,29682.6,61.0307,16.0474,6.25,62.2391,60.0857
2023-10-22,29921.68,61.0307,12.374,6.25,62.4888,60.491
2023-10-23,29990.73,61.0307,17.0028,6.25,62.9507,61.0778
2023-10-24,33059.98,61.0307,38.324,6.25,71.0066,62.6476
2023-10-25,33902.65,61.0307,40.9198,6.25,73.0179,64.5393
2023-10-26,34493.19,61.0307,29.1223,6.25,73.3583,66.5084
2023-10-27,34157.79,61.0307,25.5516,6.25,72.3658,68.2039
2023-10-28,33911.08,61.0307,19.4356,6.25,71.3684,69.5081
2023-10-29,34090.68,61.0307,13.5935,6.25,71.2905,70.7655
2023-10-30,34532.39,62.2247,18.121,6.25,71.1796,71.941
2023-10-31,34501.0,62.4635,18.2391,6.25,70.8521,71.9189
2023-11-01,34662.16,62.4635,21.479,6.25,71.4342,71.6927
2023-11-02,35440.51,62.4635,23.0873,6.25,73.1658,71.6652
2023-11-03,34934.65,62.4635,33.0528,6.25,72.9001,71.7415
2023-11-04,34736.55,62.4635,79.5175,6.25,76.0964,72.417
2023-11-05,35088.05,62.4635,71.2719,6.25,76.2194,73.1211
2023-11-06,35048.35,62.4635,74.4394,6.25,76.3814,73.8642
2023-11-07,35035.12,62.4635,88.0785,6.25,77.4213,74.8027
2023-11-08,35436.28,62.4635,118.0704,6.25,80.6847,76.1242
2023-11-09,35629.52,62.4635,248.6107,6.25,91.5268,78.7472
2023-11-10,36696.25,62.4635,163.6253,6.25,87.2922,80.8032
2023-11-11,37321.65,62.4635,114.3975,6.25,84.6709,82.0281
2023-11-12,37140.27,63.2339,115.7763,6.25,83.3459,83.0462
2023-11-13,37058.98,64.6786,107.6523,6.25,80.6557,83.6568
2023-11-14,36497.35,64.6786,101.3952,6.25,78.9401,83.8738
2023-11-15,35545.97,64.6786,134.0435,6.25,79.389,83.6887
2023-11-16,37891.48,64.6786,317.4561,6.25,99.6382,84.8474
2023-11-17,36155.5,64.6786,246.7305,6.25,89.5502,85.17
2023-11-18,36624.3,64.6786,316.8145,6.25,96.2553,86.8249
2023-11-19,36588.13,64.6786,200.6061,6.25,86.9767,87.3436
2023-11-20,37396.17,64.6786,177.7136,6.25,87.0485,88.2569
2023-11-21,37479.96,64.6786,172.4442,6.25,86.817,89.3821
2023-11-22,35808.95,64.6786,153.6542,6.25,81.493,89.6827
2023-11-23,37427.42,64.6786,220.9847,6.25,90.6192,88.3943
2023-11-24,37297.56,64.6786,97.8057,6.25,80.3817,87.0845
2023-11-25,37720.5,64.6786,92.1647,6.25,80.8336,84.8814
2023-11-26,37800.94,67.9129,81.1397,6.25,76.2909,83.3548
2023-11-27,37468.89,67.9578,89.4513,6.25,76.211,81.8066
2023-11-28,37248.86,67.9578,78.8066,6.25,74.9483,80.1111
2023-11-29,37832.75,67.9578,63.6614,6.25,74.9453,79.1757
2023-11-30,37867.37,67.9578,70.5523,6.25,75.5503,77.023
2023-12-01,37711.79,67.9578,99.1719,6.25,77.4586,76.6054
2023-12-02,38697.81,67.9578,63.5786,6.25,76.6524,76.0081
2023-12-03,39476.4,67.9578,141.8814,6.25,84.5489,77.1878
2023-12-04,39976.04,67.9578,150.2427,6.25,86.3061,78.63
2023-12-05,41985.55,67.9578,236.6892,6.25,98.1056,81.9382
2023-12-06,44076.76,67.9578,293.6611,6.25,108.1541,86.6823
2023-12-07,43745.3,67.9578,174.4744,6.25,96.6228,89.6926
2023-12-08,43298.7,67.9578,152.5502,6.25,93.685,92.0107
2023-12-09,44184.18,67.9578,140.1397,6.25,94.4736,94.5566
2023-12-10,43709.41,67.4363,114.8347,6.25,91.89,95.6053
2023-12-11,43787.81,67.3059,137.6167,6.25,94.3036,96.7478
2023-12-12,41238.31,67.3059,113.7691,6.25,86.7717,95.1287
2023-12-13,41458.49,67.3059,196.7458,6.25,94.3752,93.1603
2023-12-14,42887.09,67.3059,334.1268,6.25,109.8562,95.0508
2023-12-15,43023.24,67.3059,421.2031,6.25,117.9807,98.5216
2023-12-16,41934.71,67.3059,560.3603,6.25,127.1077,103.1836
2023-12-17,42236.81,67.3059,549.9993,6.25,127.1151,108.2157
2023-12-18,41341.9,67.3059,390.737,6.25,110.7558,110.5661
2023-12-19,41264.8,67.3059,436.2346,6.25,114.446,114.5195
2023-12-20,42262.62,67.3059,426.4969,6.25,116.3592,117.6601
2023-12-21,43639.9,67.3059,405.3429,6.25,118.2351,118.8571
2023-12-22,43870.89,67.3059,324.4882,6.25,111.4986,117.9311
2023-12-23,43996.78,70.4492,202.9155,6.25,96.2229,113.519
2023-12-24,43742.33,72.0061,178.9249,6.25,91.5619,108.4399
2023-12-25,43013.46,72.0061,168.8863,6.25,89.1985,105.3603
2023-12-26,43599.61,72.0061,167.8117,6.25,90.3232,101.9142
2023-12-27,42514.79,72.0061,268.6661,6.25,96.3945,99.0621
2023-12-28,43470.76,72.0061,231.8717,6.25,95.4589,95.8084
2023-12-29,42609.23,72.0061,211.628,6.25,91.8935,93.0076
2023-12-30,42086.22,72.0061,264.2947,6.25,95.0659,92.8423
2023-12-31,42148.38,72.0061,354.3681,6.25,102.5717,94.4152
2024-01-01,42249.69,72.0061,219.8948,6.25,91.7958,94.7862
2024-01-02,44176.26,72.0061,142.4988,6.25,89.3483,94.6469
2024-01-03,44958.98,72.0061,146.2528,6.25,91.2588,93.9133
2024-01-04,42854.95,72.0061,127.6037,6.25,85.4375,92.4816
2024-01-05,44190.1,72.0061,116.8819,6.25,87.1801,91.8083
2024-01-06,44181.1,73.1466,87.2931,6.25,83.3067,90.1284
2024-01-07,43975.63,73.1976,76.2931,6.25,81.9382,87.1808
2024-01-08,43928.07,73.1976,124.9295,6.25,85.9272,86.3424
2024-01-09,46972.42,73.1976,112.1132,6.25,90.7332,86.5402
2024-01-10,46143.31,73.1976,84.0576,6.25,86.661,85.8834
2024-01-11,46649.42,73.1976,101.2831,6.25,89.1451,86.4131
2024-01-12,46355.63,73.1976,107.6464,6.25,89.1466,86.694
2024-01-13,42843.98,73.1976,126.7517,6.25,83.9556,86.7867
2024-01-14,42837.18,73.1976,219.0773,6.25,91.4904,88.1513
2024-01-15,41716.15,73.1976,117.3948,6.25,81.0006,87.4475
2024-01-16,42497.78,73.1976,124.2836,6.25,83.077,86.3538
2024-01-17,43132.4,73.1976,104.5985,6.25,82.6971,85.7875
2024-01-18,42742.78,73.1976,121.2936,6.25,83.312,84.9542
2024-01-19,41262.64,73.1976,84.1711,6.25,77.5036,83.2909
2024-01-20,41620.04,72.2197,72.181,6.25,78.2683,82.4784
2024-01-21,41659.4,70.3435,71.5792,6.25,80.3819,80.8915
2024-01-22,41557.6,70.3435,76.0026,6.25,80.5506,80.8272
2024-01-23,39505.09,70.3435,88.5147,6.25,77.5539,80.0382
2024-01-24,39856.34,70.3435,60.5441,6.25,76.0295,79.0857
2024-01-25,40068.49,70.3435,64.1332,6.25,76.7198,78.1439
2024-01-26,39925.5,70.3435,55.2322,6.25,75.7402,77.892
2024-01-27,41813.44,70.3435,58.1942,6.25,79.5677,78.0777
2024-01-28,42124.31,70.3435,55.6447,6.25,79.946,78.0154
2024-01-29,42030.81,70.3435,55.7371,6.25,79.7762,77.9048
2024-01-30,43274.65,70.3435,51.6279,6.25,81.7839,78.509
2024-01-31,42950.77,70.3435,49.8414,6.25,81.0195,79.2219
2024-02-01,42557.22,70.3435,57.1502,6.25,80.8948,79.8183
2024-02-02,43061.16,72.3466,65.7508,6.25,80.3016,80.47
2024-02-03,43183.04,75.5022,177.146,6.25,86.0637,81.398
2024-02-04,42991.51,75.5022,98.4299,6.25,79.4204,81.3229
2024-02-05,42576.16,75.5022,64.8243,6.25,76.0058,80.7842
2024-02-06,42653.29,75.5022,53.1019,6.25,75.2184,79.8463
2024-02-07,43080.9,75.5022,73.0734,6.25,77.5644,79.3527
2024-02-08,44318.84,75.5022,52.9857,6.25,78.146,78.96
2024-02-09,45312.45,75.5022,54.7169,6.25,80.0431,78.9231
2024-02-10,47134.54,75.5022,41.1897,6.25,82.0821,78.3543
2024-02-11,47771.36,75.5022,28.6721,6.25,82.0847,78.7349
2024-02-12,48301.95,75.5022,67.1733,6.25,86.4372,80.2251
2024-02-13,49958.35,75.5022,47.43,6.25,87.5764,81.9906
2024-02-14,49739.24,75.5022,54.178,6.25,87.8133,83.4547
2024-02-15,51821.86,77.5633,38.5493,6.25,87.6002,84.8053
2024-02-16,51946.01,81.7253,32.8191,6.25,82.8294,85.2033
2024-02-17,52172.07,81.7253,28.9315,6.25,82.8432,85.3121
2024-02-18,51685.35,81.7253,24.7124,6.25,81.6975,85.2567
2024-02-19,52128.57,81.7253,29.1513,6.25,82.7937,84.7362
2024-02-20,51782.08,81.7253,31.8029,6.25,82.4781,84.0079
2024-02-21,52269.58,81.7253,31.5297,6.25,83.2301,83.3532
2024-02-22,51862.86,81.7253,28.2442,6.25,82.2912,82.5947
2024-02-23,51303.43,81.7253,30.8256,6.25,81.63,82.4234
2024-02-24,50727.66,81.7253,25.962,6.25,80.2921,82.059
2024-02-25,51559.99,81.7253,24.3176,6.25,81.4646,82.0257
2024-02-26,51727.76,81.7253,32.1329,6.25,82.4207,81.9724
2024-02-27,54529.54,81.7253,48.1684,6.25,88.3796,82.8155
2024-02-28,57075.01,81.7253,59.9482,6.25,93.6545,84.3047
2024-02-29,62498.79,81.7253,75.2675,6.25,104.191,87.4332
2024-03-01,61172.49,79.4283,59.158,6.25,103.1959,90.5141
2024-03-02,62437.0,79.3512,42.0092,6.25,103.5464,93.8361
2024-03-03,62033.66,79.3512,46.1368,6.25,103.3282,96.9595
2024-03-04,63168.4,79.3512,82.7948,6.25,109.295,100.7987
2024-03-05,68377.67,79.3512,103.2117,6.25,120.766,105.4253
2024-03-06,63797.73,79.3512,67.493,6.25,108.6653,107.5697
2024-03-07,66102.23,79.3512,52.1566,6.25,110.8057,108.5146
2024-03-08,66937.0,79.3512,48.0515,6.25,111.7213,109.7326
2024-03-09,68306.9,79.3512,40.7042,6.25,113.1242,111.1008
2024-03-10,68499.42,79.3512,36.5415,6.25,112.941,112.4741
2024-03-11,69026.97,79.3512,41.0353,6.25,114.3569,113.1972
2024-03-12,72121.18,79.3512,38.6029,6.25,119.1743,112.9698
2024-03-13,71489.22,79.3512,35.6453,6.25,117.7578,114.2687
2024-03-14,73094.37,82.7091,33.7523,6.25,115.2799,114.9079
2024-03-15,71394.36,83.9479,37.1406,6.25,111.3397,114.8534
2024-03-16,69495.88,83.9479,38.2067,6.25,108.5023,114.1931
2024-03-17,65303.67,83.9479,25.5244,6.25,100.5789,112.4271
2024-03-18,68358.87,83.9479,41.8682,6.25,107.1437,111.3967
2024-03-19,67601.19,83.9479,46.0547,6.25,106.4271,109.5756
2024-03-20,61919.44,83.9479,33.2452,6.25,96.1622,106.4905
2024-03-21,67857.18,83.9479,38.0877,6.25,105.9304,105.1549
2024-03-22,65493.16,83.9479,37.434,6.25,102.1688,103.8448
2024-03-23,63795.46,83.9479,24.5658,6.25,98.1542,102.3665
2024-03-24,64083.37,83.9479,21.3006,6.25,98.249,102.0336
2024-03-25,67226.33,83.9479,27.831,6.25,103.7982,101.5557
2024-03-26,69962.76,83.9479,31.6981,6.25,108.4735,101.848
2024-03-27,69991.48,83.9479,30.3422,6.25,108.3601,103.5906
2024-03-28,69446.79,83.4672,30.1938,6.25,108.1187,103.9032
2024-03-29,70754.69,83.127,29.3133,6.25,110.5011,105.0935
2024-03-30,69909.85,83.127,29.8853,6.25,109.2489,106.6785
2024-03-31,69650.74,83.127,28.049,6.25,108.629,108.1614
2024-04-01,71331.84,83.127,27.2487,6.25,111.155,109.2123
2024-04-02,69701.3,83.127,22.4956,6.25,108.0574,109.1529
2024-04-03,65446.52,83.127,27.5933,6.25,102.0219,108.2474
2024-04-04,65983.59,83.127,23.0519,6.25,102.3555,107.4241
2024-04-05,68526.59,83.127,20.7348,6.25,106.0335,106.7859
2024-04-06,67857.42,83.127,17.9577,6.25,104.6814,106.1334
2024-04-07,68909.59,83.127,21.723,6.25,106.7405,105.8636
2024-04-08,69373.69,83.127,33.1196,6.25,108.7881,105.5255
2024-04-09,71645.91,83.127,47.2458,6.25,114.0521,106.3819
2024-04-10,69141.75,83.451,69.8362,6.25,112.2532,107.8435
2024-04-11,70561.73,86.3886,104.3793,6.25,114.6046,109.5933
2024-04-12,70035.8,86.3886,157.2191,6.25,119.7348,111.5507
2024-04-13,67198.84,86.3886,105.4958,6.25,109.264,112.2053
2024-04-14,64019.74,86.3886,76.1596,6.25,101.0578,111.3935
2024-04-15,65734.62,86.3886,155.0218,6.25,112.1478,111.8735
2024-04-16,63435.81,86.3886,94.8367,6.25,102.052,110.1592
2024-04-17,63820.92,86.3886,119.9678,6.25,105.2652,109.1609
2024-04-18,61280.51,86.3886,108.1128,6.25,99.9003,107.0603
2024-04-19,63507.69,86.3886,116.9426,6.25,104.4379,104.875
2024-04-20,63823.55,86.3886,1257.7154,3.125,176.251,114.4446
2024-04-21,64991.71,86.3886,344.0755,3.125,83.4555,111.93
2024-04-22,64949.79,86.3886,253.934,3.125,73.9341,106.4709
2024-04-23,66844.74,86.3886,438.5537,3.125,96.0475,105.6131
2024-04-24,66416.37,87.1855,258.7097,3.125,75.4207,101.3496
2024-04-25,64271.73,88.1042,108.6864,3.125,56.9355,95.2117
2024-04-26,64486.29,88.1042,93.7433,3.125,55.5976,88.2346
2024-04-27,63749.7,88.1042,63.0855,3.125,51.8636,70.4649
2024-04-28,63420.25,88.1042,53.2214,3.125,50.6037,65.7718
2024-04-29,63112.69,88.1042,45.4418,3.125,49.5797,62.2926
2024-04-30,63832.72,88.1042,45.3502,3.125,50.1361,55.7338
2024-05-01,60603.04,88.1042,37.7771,3.125,46.8717,51.6554
2024-05-02,58268.36,88.1042,35.373,3.125,44.8439,49.928
2024-05-03,59120.4,88.1042,34.1565,3.125,45.3856,48.4692
2024-05-04,62885.27,88.1042,45.898,3.125,49.4466,48.1239
2024-05-05,63901.84,88.1042,124.234,3.125,58.1831,49.2067
2024-05-06,64045.15,88.1042,40.4773,3.125,49.8081,49.2393
2024-05-07,63157.69,88.1042,35.9306,3.125,48.6626,49.0288
2024-05-08,62323.38,88.1042,30.2651,3.125,47.4599,49.1128
2024-05-09,61182.24,85.1649,30.5628,3.125,48.2288,49.5964
2024-05-10,63066.69,83.1484,31.2138,3.125,50.9889,50.3969
2024-05-11,60794.09,83.1484,36.8182,3.125,49.724,50.4365
2024-05-12,60805.78,83.1484,21.7978,3.125,48.199,49.0102
2024-05-13,61448.99,83.1484,26.451,3.125,49.1893,48.9218
2024-05-14,62913.71,83.1484,21.8063,3.125,49.8709,49.0944
2024-05-15,61557.4,83.1484,22.7875,3.125,48.8972,49.2997
2024-05-16,66239.13,83.1484,22.6964,3.125,52.6059,49.925
2024-05-17,65231.59,83.1484,21.6285,3.125,51.6887,50.025
2024-05-18,67060.24,83.1484,17.824,3.125,52.7091,50.4514
2024-05-19,66926.54,83.1484,16.3561,3.125,52.4389,51.0571
2024-05-20,66266.07,83.1484,17.6712,3.125,52.0678,51.4684
2024-05-21,71442.94,83.1484,28.5234,3.125,57.4381,52.5494
2024-05-22,70139.6,83.1484,21.2672,3.125,55.5352,53.4977
2024-05-23,69133.73,84.0604,29.9483,3.125,55.1422,53.86
2024-05-24,67942.23,84.3815,23.1991,3.125,53.2265,54.0797
2024-05-25,68531.76,84.3815,21.096,3.125,53.4498,54.1855
2024-05-26,69272.7,84.3815,19.4918,3.125,53.8436,54.3862
2024-05-27,68486.54,84.3815,22.149,3.125,53.5339,54.5956
2024-05-28,69374.17,84.3815,18.0267,3.125,53.7542,54.0693
2024-05-29,68289.6,84.3815,38.9278,3.125,55.2769,54.0324
2024-05-30,67573.91,84.3815,37.4557,3.125,54.5329,53.9454
2024-05-31,68352.44,84.3815,69.3045,3.125,58.7652,54.7366
2024-06-01,67484.93,84.3815,44.2266,3.125,55.2176,54.9892
2024-06-02,67719.29,84.3815,35.1334,3.125,54.3899,55.0672
2024-06-03,67752.27,84.3815,43.7406,3.125,55.3818,55.3312
2024-06-04,68803.11,84.3815,35.2175,3.125,55.2699,55.5477
2024-06-05,70553.24,84.3815,56.4829,3.125,59.1597,56.1024
2024-06-06,71083.68,83.9316,65.8668,3.125,61.0342,57.0312
2024-06-07,70764.24,83.7167,312.6602,3.125,90.0585,61.5017
2024-06-08,69331.66,83.7167,155.5231,3.125,70.0554,63.6213
2024-06-09,69297.93,83.7167,73.5892,3.125,60.5467,64.5009
2024-06-10,69645.28,83.7167,65.7452,3.125,59.9386,65.1519
2024-06-11,69513.23,83.7167,44.3267,3.125,57.3404,65.4476
2024-06-12,67332.0,83.7167,46.5887,3.125,55.7953,64.967
2024-06-13,68239.79,83.7167,57.5384,3.125,57.7945,64.5042
2024-06-14,66757.59,83.7167,52.4458,3.125,55.9718,59.6347
2024-06-15,65993.49,83.7167,45.0179,3.125,54.5132,57.4144
2024-06-16,66188.17,83.7167,36.9829,3.125,53.7865,56.4486
2024-06-17,66636.85,83.7167,27.3733,3.125,53.0826,55.4692
2024-06-18,66480.82,83.7167,37.2747,3.125,54.0567,55.0001
2024-06-19,65148.41,83.7167,32.4369,3.125,52.4474,54.5218
2024-06-20,64960.21,83.6914,32.0789,3.125,52.2728,53.733
2024-06-21,64830.29,83.6753,27.5663,3.125,51.6899,53.1213
2024-06-22,64095.5,83.6753,20.7941,3.125,50.3794,52.5308
2024-06-23,64251.26,83.6753,14.8631,3.125,49.8656,51.9706
2024-06-24,63167.3,83.6753,19.6667,3.125,49.5309,51.4632
2024-06-25,60279.54,83.6753,21.8898,3.125,47.4903,50.5252
2024-06-26,61795.24,83.6753,21.3328,3.125,48.6269,49.9794
2024-06-27,60808.17,83.6753,18.1026,3.125,47.5223,49.3008
2024-06-28,61616.04,83.6753,18.2,3.125,48.1637,48.797
2024-06-29,60315.67,83.6753,16.2072,3.125,46.9465,48.3066
2024-06-30,60871.03,83.6753,13.421,3.125,47.0956,47.9109
2024-07-01,62676.36,83.6753,18.3549,3.125,49.0087,47.8363
2024-07-02,62845.12,83.6753,17.2297,3.125,49.0226,48.0552
2024-07-03,62028.38,83.6753,16.1559,3.125,48.2743,48.0048
2024-07-04,60145.84,83.6753,16.8791,3.125,46.8818,47.9133
2024-07-05,57034.05,80.0825,14.7207,3.125,46.236,47.6379
2024-07-06,56648.56,79.4952,15.5142,3.125,46.3417,47.5515
2024-07-07,58265.25,79.4952,12.3231,3.125,47.3375,47.5861
2024-07-08,55848.73,79.4952,14.7833,3.125,45.6157,47.1014
2024-07-09,56706.26,79.4952,13.216,3.125,46.1599,46.6924
2024-07-10,58011.47,79.4952,16.1463,3.125,47.5211,46.5848
2024-07-11,57743.11,79.4952,12.4176,3.125,46.9229,46.5907
2024-07-12,57351.64,79.4952,12.3054,3.125,46.5935,46.6418
2024-07-13,57907.93,79.4952,19.4271,3.125,47.7702,46.8458
2024-07-14,59231.12,79.4952,13.2313,3.125,48.2168,46.9714
2024-07-15,60798.16,79.4952,13.2023,3.125,49.4893,47.5248
2024-07-16,64859.79,79.4952,12.3097,3.125,52.6937,48.4582
2024-07-17,65077.23,79.4952,14.0341,3.125,53.0676,49.2506
2024-07-18,64104.91,80.3263,10.0528,3.125,51.29,49.8744
2024-07-19,63968.61,82.0477,12.1363,3.125,50.334,50.4088
2024-07-20,66712.66,82.0477,10.1832,3.125,52.2714,51.0518
2024-07-21,67164.74,82.0477,9.866,3.125,52.5893,51.6765
2024-07-22,68155.67,82.0477,13.7179,3.125,53.8122,52.294
2024-07-23,67597.26,82.0477,11.2233,3.125,53.0842,52.3498
2024-07-24,65920.76,82.0477,10.24,3.125,51.6573,52.1483
2024-07-25,65357.71,82.0477,10.6797,3.125,51.265,52.1448
2024-07-26,65790.91,82.0477,10.3757,3.125,51.5707,52.3214
2024-07-27,67914.86,82.0477,10.2238,3.125,53.218,52.4567
2024-07-28,67826.14,82.0477,8.1586,3.125,52.91,52.5025
2024-07-29,68257.42,82.0477,10.867,3.125,53.5612,52.4666
2024-07-30,66777.36,82.0477,9.7143,3.125,52.2687,52.3501
2024-07-31,66180.0,87.4879,10.6124,3.125,48.675,51.9241
2024-08-01,64621.73,90.6665,9.4256,3.125,45.7444,51.1354
2024-08-02,65297.77,90.6665,8.7676,3.125,46.1568,50.362
2024-08-03,61410.11,90.6665,8.2278,3.125,43.3577,48.9534
2024-08-04,60676.68,90.6665,7.2853,3.125,42.7517,47.5022
2024-08-05,58116.46,90.6665,9.2488,3.125,41.1237,45.7254
2024-08-06,53978.78,90.6665,8.2026,3.125,38.1088,43.7026
2024-08-07,56082.71,90.6665,7.8678,3.125,39.5652,42.4012
2024-08-08,55033.47,90.6665,9.006,3.125,38.9215,41.4265
2024-08-09,61698.9,90.6665,8.6092,3.125,43.5978,41.0609
2024-08-10,60879.41,90.6665,6.7576,3.125,42.8451,40.9877
2024-08-11,60943.19,90.6665,6.5847,3.125,42.8737,41.0051
2024-08-12,58717.0,90.6665,8.2799,3.125,41.4609,41.0533
2024-08-13,59350.07,90.6665,8.059,3.125,41.8878,41.5931
2024-08-14,60600.35,90.6378,7.9707,3.125,42.7755,42.0518
2024-08-15,58727.43,86.8715,8.6169,3.125,43.3117,42.6789
2024-08-16,57523.47,86.8715,8.8908,3.125,42.4491,42.5148
2024-08-17,58886.74,86.8715,7.2428,3.125,43.2991,42.5797
2024-08-18,59483.03,86.8715,7.2198,3.125,43.7353,42.7028
2024-08-19,58445.98,86.8715,8.8687,3.125,43.1278,42.9409
2024-08-20,59475.91,86.8715,9.9669,3.125,43.9928,43.2416
2024-08-21,59024.54,86.8715,8.4791,3.125,43.5177,43.3476
2024-08-22,61170.43,86.8715,100.2649,3.125,54.1287,44.8929
2024-08-23,60382.01,86.8715,9.8168,3.125,44.6485,45.2071
2024-08-24,64082.05,86.8715,7.5046,3.125,47.1461,45.7567
2024-08-25,64174.59,86.8715,7.0291,3.125,47.1651,46.2467
2024-08-26,64327.86,86.8715,8.4989,3.125,47.4298,46.8612
2024-08-27,62857.78,86.8715,7.789,3.125,46.2742,47.1872
2024-08-28,59466.82,87.9374,7.713,3.125,43.24,47.1475
2024-08-29,59024.11,89.4717,8.1965,3.125,42.2267,45.4472
2024-08-30,59389.34,89.4717,8.0134,3.125,42.471,45.1361
2024-08-31,59108.23,89.4717,6.3257,3.125,42.1142,44.4173
2024-09-01,58968.91,89.4717,6.4579,3.125,42.0271,43.6833
2024-09-02,57322.52,89.4717,7.61,3.125,40.9569,42.7586
2024-09-03,59113.65,89.4717,8.4717,3.125,42.3161,42.1931
2024-09-04,57430.23,89.4717,7.7717,3.125,41.0483,41.88
2024-09-05,57966.79,89.4717,10.7419,3.125,41.7006,41.8049
2024-09-06,56165.32,89.4717,7.6209,3.125,40.131,41.4706
2024-09-07,53951.72,89.4717,6.5524,3.125,38.4593,40.9485
2024-09-08,54158.39,89.4717,6.3242,3.125,38.5874,40.4571
2024-09-09,54857.17,89.4717,6.9025,3.125,39.1348,40.1968
2024-09-10,57055.68,89.4717,6.9617,3.125,40.7084,39.9671
2024-09-11,57636.19,92.2864,6.6423,3.125,39.8405,39.7946
2024-09-12,57345.38,92.6716,8.3315,3.125,39.6208,39.4975
2024-09-13,58136.5,92.6716,7.4955,3.125,40.0941,39.4922
2024-09-14,60565.91,92.6716,6.5986,3.125,41.6877,39.9534
2024-09-15,60004.02,92.6716,6.3276,3.125,41.2764,40.3375
2024-09-16,59136.83,92.6716,6.4831,3.125,40.6937,40.5602
2024-09-17,58194.98,92.6716,8.2446,3.125,40.2002,40.4876
2024-09-18,60304.22,92.6716,7.0196,3.125,41.5458,40.7312
2024-09-19,61683.91,92.6716,9.9399,3.125,42.7679,41.1808
2024-09-20,62938.2,92.6716,9.5133,3.125,43.5971,41.6813
2024-09-21,63213.19,92.6716,6.0773,3.125,43.4601,41.9345
2024-09-22,63377.01,92.6716,5.2916,3.125,43.4977,42.2518
2024-09-23,63626.42,92.6716,7.7372,3.125,43.9034,42.7103
2024-09-24,63330.79,92.6716,6.9729,3.125,43.6265,43.1998
2024-09-25,64279.04,91.7826,6.6489,3.125,44.6769,43.6471
2024-09-26,63138.8,88.4044,8.5308,3.125,45.7491,44.073
2024-09-27,65179.96,88.4044,11.0714,3.125,47.4897,44.6291
2024-09-28,65781.65,88.4044,10.0576,3.125,47.8227,45.2523
2024-09-29,65888.5,88.4044,7.5327,3.125,47.6375,45.8437
2024-09-30,65620.59,88.4044,7.3299,3.125,47.4228,46.3465
2024-10-01,63323.53,88.4044,7.9061,3.125,45.8204,46.6599
2024-10-02,60838.74,88.4044,6.8667,3.125,43.9225,46.5521
2024-10-03,60639.47,88.4044,7.6389,3.125,43.8526,46.2812
2024-10-04,60754.15,88.4044,7.1547,3.125,43.8891,45.7668
2024-10-05,62079.73,88.4044,12.0918,3.125,45.331,45.4108
2024-10-06,62065.06,88.4044,9.7588,3.125,45.0915,45.0471
2024-10-07,62814.93,88.4044,12.698,3.125,45.9281,44.8336
2024-10-08,62238.11,88.4044,16.8028,3.125,45.91,44.8464
2024-10-09,62124.37,91.0737,15.2272,3.125,44.3328,44.905
2024-10-10,60574.02,92.0496,25.2512,3.125,43.6897,44.8817
2024-10-11,60269.24,92.0496,44.651,3.125,45.2443,45.0753
2024-10-12,62457.07,92.0496,44.8059,3.125,46.9014,45.2997
2024-10-13,63189.26,92.0496,24.7194,3.125,45.525,45.3616
2024-10-14,62842.66,92.0496,25.6341,3.125,45.3625,45.2808
2024-10-15,66048.56,92.0496,25.8083,3.125,47.6941,45.5357
2024-10-16,67049.57,92.0496,50.8907,3.125,50.9693,46.4838
2024-10-17,67599.32,92.0496,61.4055,3.125,52.4659,47.7375
2024-10-18,67401.64,92.0496,25.0993,3.125,48.5987,48.2167
2024-10-19,68426.2,92.0496,15.5999,3.125,48.3509,48.4238
2024-10-20,68365.74,92.0496,13.5343,3.125,48.0939,48.7908
2024-10-21,69012.04,92.0496,17.5175,3.125,48.9657,49.3055
2024-10-22,67363.26,93.021,25.6865,3.125,48.1232,49.3668
2024-10-23,67368.2,95.6727,23.8302,3.125,46.6102,48.7441
2024-10-24,66655.68,95.6727,47.5182,3.125,48.4228,48.1665
2024-10-25,68162.43,95.6727,36.6805,3.125,48.4387,48.1436
2024-10-26,66639.48,95.6727,10.5365,3.125,44.8125,47.6381
2024-10-27,67018.78,95.6727,8.2388,3.125,44.8427,47.1737
2024-10-28,67938.81,95.6727,7.6,3.125,45.3949,46.6636
2024-10-29,69913.46,95.6727,11.4834,3.125,47.1108,46.5189
2024-10-30,72706.28,95.6727,9.3821,3.125,48.7696,46.8274
2024-10-31,72329.87,95.6727,65.6917,3.125,54.4642,47.6905
2024-11-01,70219.02,95.6727,8.311,3.125,46.9914,47.4837
2024-11-02,69490.73,95.6727,7.1129,3.125,46.3825,47.708
2024-11-03,69301.81,95.6727,5.3467,3.125,46.0776,47.8844
2024-11-04,68744.21,95.9892,6.2925,3.125,45.6508,47.921
2024-11-05,67809.49,101.6468,6.499,3.125,42.543,47.2684
2024-11-06,69382.83,101.6468,8.281,3.125,43.7,46.5442
2024-11-07,75642.59,101.6468,6.6445,3.125,47.4725,45.5454
2024-11-08,75926.31,101.6468,7.9568,3.125,47.7875,45.6591
2024-11-09,76559.38,101.6468,13.1978,3.125,48.7374,45.9955
2024-11-10,76728.8,101.6468,10.8339,3.125,48.596,46.3553
2024-11-11,80477.81,101.6468,15.217,3.125,51.4552,47.1845
2024-11-12,88719.74,101.6468,19.9881,3.125,57.3066,49.2936
2024-11-13,87972.98,101.6468,22.9345,3.125,57.1805,51.2194
2024-11-14,90537.78,101.6468,24.6965,3.125,59.0668,52.8757
2024-11-15,87292.03,101.6468,41.4212,3.125,58.9557,54.4712
2024-11-16,91063.24,101.6468,18.2398,3.125,58.6015,55.8803
2024-11-17,90562.03,101.6468,9.4687,3.125,57.1873,57.1077
2024-11-18,89829.32,101.7663,17.5232,3.125,57.6513,57.9928
2024-11-19,90540.98,102.2894,24.4266,3.125,58.6644,58.1868
2024-11-20,92369.46,102.2894,21.2636,3.125,59.4502,58.511
2024-11-21,94354.43,102.2894,22.901,3.125,60.9387,58.7784
2024-11-22,98501.47,102.2894,18.8187,3.125,63.0679,59.3659
2024-11-23,99011.58,102.2894,13.7987,3.125,62.7157,59.9536
2024-11-24,97776.94,102.2894,9.3934,3.125,61.3454,60.5477
2024-11-25,98042.92,102.2894,11.452,3.125,61.7879,61.1386
2024-11-26,93003.21,102.2894,17.2082,3.125,59.343,61.2355
2024-11-27,91968.35,102.2894,10.0034,3.125,57.7777,60.9966
2024-11-28,95956.99,102.2894,13.7538,3.125,60.775,60.9732
2024-11-29,95651.51,102.2894,13.064,3.125,60.4914,60.6052
2024-11-30,97503.54,102.2894,10.1225,3.125,61.2709,60.3988
2024-12-01,96450.08,102.2894,20.1874,3.125,61.9347,60.4829
2024-12-02,97273.62,102.8927,19.1893,3.125,61.9655,60.5083
2024-12-03,95857.16,103.9196,15.4688,3.125,59.9803,60.5994
2024-12-04,95941.45,103.9196,11.8474,3.125,59.566,60.8548
2024-12-05,98768.81,103.9196,14.2852,3.125,61.6451,60.9791
2024-12-06,97079.54,103.9196,14.2052,3.125,60.5803,60.9918
2024-12-07,99888.14,103.9196,19.0646,3.125,62.9855,61.2368
2024-12-08,99914.34,103.9196,15.2184,3.125,62.4854,61.3154
2024-12-09,101179.58,103.9196,15.9703,3.125,63.3789,61.5174
2024-12-10,97465.55,103.9196,15.879,3.125,61.0405,61.6688
2024-12-11,96653.46,103.9196,18.9343,3.125,60.9289,61.8635
2024-12-12,101191.95,103.9196,19.6886,3.125,63.8925,62.1846
2024-12-13,100040.86,103.9196,14.4278,3.125,62.4582,62.4528
2024-12-14,101467.53,103.9196,11.9933,3.125,63.0168,62.4573
2024-12-15,101404.33,103.9196,9.566,3.125,62.6467,62.4804
2024-12-16,104342.21,108.2427,12.3276,3.125,62.259,62.3204
2024-12-17,106059.49,108.5226,12.7376,3.125,63.1765,62.6255
2024-12-18,106156.01,108.5226,13.1134,3.125,63.2853,62.9621
2024-12-19,100157.34,108.5226,22.8727,3.125,60.9675,62.5443
2024-12-20,97470.38,108.5226,15.186,3.125,58.3674,61.9599
2024-12-21,97768.78,108.5226,10.6967,3.125,57.9811,61.2405
2024-12-22,97226.54,108.5226,8.285,3.125,57.3577,60.4849
2024-12-23,95094.78,108.5226,10.8355,3.125,56.4123,59.6497
2024-12-24,94715.72,108.5226,9.5717,3.125,56.0333,58.6292
2024-12-25,98613.53,108.5226,7.6938,3.125,58.1009,57.8886
2024-12-26,99300.12,108.5226,7.7237,3.125,58.5092,57.5374
2024-12-27,95685.77,108.5226,6.8979,3.125,56.2779,57.2389
2024-12-28,94152.68,108.5226,5.6603,3.125,55.2262,56.8454
2024-12-29,95144.81,108.6103,6.4651,3.125,55.8615,56.6316
2024-12-30,93536.42,109.7821,7.0734,3.125,54.4035,56.3446
2024-12-31,92652.68,109.7821,5.9214,3.125,53.7536,56.019
2025-01-01,93406.74,109.7821,4.7597,3.125,54.053,55.4407
2025-01-02,94409.13,109.7821,5.5511,3.125,54.7282,54.9006
2025-01-03,96853.63,109.7821,6.1321,3.125,56.2168,54.8918
2025-01-04,98122.01,109.7821,5.9308,3.125,56.9279,55.1349
2025-01-05,98242.07,109.7821,5.9093,3.125,56.9949,55.2968
2025-01-06,98319.2,109.7821,6.6166,3.125,57.1281,55.6861
2025-01-07,102253.31,109.7821,7.2617,3.125,59.498,56.5067
2025-01-08,96916.58,109.7821,7.5767,3.125,56.4315,56.8465
2025-01-09,95049.45,109.7821,7.3052,3.125,55.3115,56.9298
2025-01-10,92493.26,109.7821,6.8976,3.125,53.7761,56.5811
2025-01-11,94702.66,109.7821,5.4512,3.125,54.8863,56.2895
2025-01-12,94569.61,109.9106,4.8944,3.125,54.6782,55.9585
2025-01-13,94478.37,110.4519,7.7776,3.125,54.7022,55.612
2025-01-14,94497.68,110.4519,6.5451,3.125,54.5661,54.9074
2025-01-15,96527.14,110.4519,7.5125,3.125,55.8561,54.8252
2025-01-16,100511.85,110.4519,7.3482,3.125,58.141,55.2294
2025-01-17,99976.92,110.4519,8.9959,3.125,58.0399,55.8385
2025-01-18,104103.44,110.4519,6.1724,3.125,60.0637,56.5782
2025-01-19,104408.89,110.4519,6.4829,3.125,60.281,57.3786
2025-01-20,101217.01,110.4519,12.3712,3.125,59.1919,58.02
2025-01-21,102042.06,110.4519,10.2272,3.125,59.3977,58.7102
2025-01-22,106158.27,110.4519,7.6659,3.125,61.4498,59.5093
2025-01-23,103637.06,110.4519,6.8006,3.125,59.877,59.7573
2025-01-24,103950.37,110.4519,6.4662,3.125,60.014,60.0393
2025-01-25,104855.0,110.4519,5.4339,3.125,60.3994,60.0873
2025-01-26,104722.36,110.4519,4.1979,3.125,60.1593,60.0699
2025-01-27,102592.63,108.5266,6.1367,3.125,60.2374,60.2192
2025-01-28,102102.01,108.1054,4.7244,3.125,59.9966,60.3048
2025-01-29,101322.82,108.1054,4.8249,3.125,59.5519,60.0337
2025-01-30,103704.56,108.1054,4.971,3.125,60.9713,60.19
2025-01-31,104743.97,108.1054,4.9434,3.125,61.5787,60.4135
2025-02-01,102406.47,108.1054,4.7737,3.125,60.182,60.3825
2025-02-02,100627.27,108.1054,4.564,3.125,59.1091,60.2324
2025-02-03,97675.85,108.1054,6.108,3.125,57.5703,59.8514
2025-02-04,101414.76,108.1054,5.058,3.125,59.6364,59.8
2025-02-05,97877.42,108.1054,5.483,3.125,57.6101,59.5226
2025-02-06,96607.66,108.1054,5.3042,3.125,56.8404,58.9324
2025-02-07,96564.45,108.1054,5.3519,3.125,56.8209,58.2527
2025-02-08,96540.7,108.1054,4.5201,3.125,56.7032,57.7558
2025-02-09,96486.54,111.8782,3.4936,3.125,54.6366,57.1168
2025-02-10,96487.05,114.1673,4.5814,3.125,53.6699,56.5596
2025-02-11,97461.49,114.1673,5.2583,3.125,54.2926,55.7962
2025-02-12,95752.0,114.1673,4.6368,3.125,53.2675,55.1759
2025-02-13,97877.16,114.1673,5.6766,3.125,54.5743,54.8521
2025-02-14,96628.78,114.1673,4.7442,3.125,53.7679,54.416
2025-02-15,97494.79,114.1673,3.7976,3.125,54.1369,54.0494
2025-02-16,97593.62,114.1673,4.3183,3.125,54.254,53.9947
2025-02-17,96176.21,114.1673,6.1715,3.125,53.6841,53.9968
2025-02-18,95771.14,114.1673,4.703,3.125,53.2859,53.8529
2025-02-19,95544.0,114.1673,5.1271,3.125,53.2091,53.8446
2025-02-20,96642.79,114.1673,5.3466,3.125,53.847,53.7407
2025-02-21,98331.0,114.1673,5.6577,3.125,54.825,53.8917
2025-02-22,96111.11,114.1673,6.372,3.125,53.6713,53.8252
2025-02-23,96580.65,113.6093,11.504,3.125,54.8079,53.9043
2025-02-24,96274.79,110.5684,13.8733,3.125,56.4251,54.2959
2025-02-25,91538.39,110.5684,11.3975,3.125,53.3628,54.3069
2025-02-26,88664.31,110.5684,10.9043,3.125,51.6321,54.0816
2025-02-27,84115.7,110.5684,8.3875,3.125,48.7158,53.3486
2025-02-28,84645.86,110.5684,6.5545,3.125,48.8268,52.4917
2025-03-01,84379.79,110.5684,5.811,3.125,48.5941,51.7664
2025-03-02,86025.07,110.5684,5.5431,3.125,49.5125,51.0099
2025-03-03,94255.51,110.5684,6.064,3.125,54.3116,50.708
2025-03-04,86081.79,110.5684,5.2473,3.125,49.513,50.158
2025-03-05,87226.39,110.5684,4.84,3.125,50.1264,49.9429
2025-03-06,90608.57,110.5684,5.1759,3.125,52.1085,50.4276
2025-03-07,89920.13,110.5684,5.677,3.125,51.7695,50.8479
2025-03-08,86745.52,110.5684,4.3505,3.125,49.7964,51.0197
2025-03-09,86163.24,111.0855,4.411,3.125,49.2385,50.9806
2025-03-10,80669.31,112.1495,5.3197,3.125,45.7529,49.7579
2025-03-11,78557.72,112.1495,6.0332,3.125,44.6251,49.0596
2025-03-12,82859.32,112.1495,5.1928,3.125,46.9819,48.6104
2025-03-13,83703.69,112.1495,5.5597,3.125,47.4989,47.9519
2025-03-14,81075.63,112.1495,5.4475,3.125,45.9963,47.1271
2025-03-15,83982.58,112.1495,4.9326,3.125,47.5916,46.8122
2025-03-16,84339.61,112.1495,4.1203,3.125,47.7086,46.5936
2025-03-17,82581.85,112.1495,4.6849,3.125,46.7724,46.7393
2025-03-18,84040.57,112.1495,4.5068,3.125,47.5799,47.1614
2025-03-19,82718.44,112.1495,5.2884,3.125,46.9119,47.1514
2025-03-20,86867.58,112.1495,5.4711,3.125,49.2848,47.4065
2025-03-21,84174.28,112.1495,5.0472,3.125,47.7123,47.6516
2025-03-22,84042.1,112.1495,9.8089,3.125,48.1358,47.7294
2025-03-23,83813.07,113.036,5.9785,3.125,47.2314,47.6612
2025-03-24,86057.08,113.7575,6.1707,3.125,48.2087,47.8664
2025-03-25,87509.31,113.7575,13.1047,3.125,49.7674,48.1789
2025-03-26,87475.15,113.7575,9.6799,3.125,49.38,48.5315
2025-03-27,86907.02,113.7575,5.2876,3.125,48.5906,48.4323
2025-03-28,87187.77,113.7575,6.1151,3.125,48.8361,48.5929
2025-03-29,84362.88,113.7575,4.2035,3.125,47.0558,48.4386
2025-03-30,82612.14,113.7575,3.1484,3.125,45.9722,48.2587
2025-03-31,82338.19,113.7575,4.9064,3.125,45.9975,47.9428
2025-04-01,82531.15,113.7575,4.3539,3.125,46.0493,47.4116
2025-04-02,85185.53,113.7575,4.4335,3.125,47.5387,47.1486
2025-04-03,82487.27,113.7575,5.7814,3.125,46.1695,46.8027
2025-04-04,83102.81,113.7575,5.5549,3.125,46.4909,46.4677
2025-04-05,83842.01,116.4039,4.3154,3.125,45.7133,46.2759
2025-04-06,83500.22,121.5078,4.3165,3.125,43.6148,45.9391
2025-04-07,78372.2,121.5078,6.593,3.125,41.1413,45.2454
2025-04-08,79188.56,121.5078,7.8803,3.125,41.6871,44.6222
2025-04-09,76266.57,121.5078,5.6207,3.125,39.9507,43.5382
2025-04-10,82575.64,121.5078,5.2407,3.125,43.2196,43.1168
2025-04-11,79587.79,121.5078,7.6776,3.125,41.8787,42.4579
2025-04-12,83423.93,121.5078,5.4221,3.125,43.6809,42.1676
2025-04-13,85283.27,121.5078,4.2421,3.125,44.5388,42.2996
2025-04-14,83709.73,121.5078,6.3332,3.125,43.9183,42.6963
2025-04-15,84553.18,121.5078,5.6812,3.125,44.2974,43.0692
2025-04-16,83631.52,121.5078,5.8687,3.125,43.8326,43.6238
2025-04-17,84033.59,121.5078,6.0119,3.125,44.0571,43.7434
2025-04-18,84915.2,121.5078,5.2935,3.125,44.4492,44.1106
2025-04-19,84466.72,122.6382,6.3786,3.125,43.9113,44.1435
2025-04-20,85090.63,123.2344,5.4806,3.125,43.935,44.0573
2025-04-21,85172.64,123.2344,6.5603,3.125,44.0816,44.0806
2025-04-22,87522.75,123.2344,6.2767,3.125,45.2698,44.2195
2025-04-23,93472.65,123.2344,11.2914,3.125,48.8787,44.9404
2025-04-24,93708.71,123.2344,8.9718,3.125,48.7557,45.6116
2025-04-25,93970.77,123.2344,6.1106,3.125,48.5873,46.2028
2025-04-26,94724.46,123.2344,4.4112,3.125,48.7945,46.9004
2025-04-27,94660.46,123.2344,5.1823,3.125,48.8442,47.6017
2025-04-28,93782.18,123.2344,6.6278,3.125,48.5447,48.2393
2025-04-29,94998.2,123.2344,6.1747,3.125,49.1254,48.7901
2025-04-30,94274.98,123.2344,6.5923,3.125,48.796,48.7783
2025-05-01,94206.41,123.2344,5.5123,3.125,48.6452,48.7625
2025-05-02,96507.26,123.2344,5.5798,3.125,49.8407,48.9415
2025-05-03,96927.01,122.6568,3.9654,3.125,50.1149,49.1302
2025-05-04,95895.74,119.1163,3.4024,3.125,50.9922,49.437
2025-05-05,94312.45,119.1163,5.1092,3.125,50.3391,49.6934
2025-05-06,94727.8,119.1163,5.2292,3.125,50.5741,49.9003
2025-05-07,96818.39,119.1163,6.6487,3.125,51.8514,50.3368
2025-05-08,97042.54,119.1163,6.5415,3.125,51.9592,50.8102
2025-05-09,103223.26,119.1163,6.8671,3.125,55.308,51.5913
2025-05-10,102982.07,119.1163,4.4376,3.125,54.8853,52.2728
2025-05-11,104766.27,119.1163,3.4289,3.125,55.7123,52.9471
2025-05-12,104130.99,119.1163,12.9462,3.125,56.5368,53.8324
2025-05-13,102827.18,119.1163,6.2718,3.125,55.024,54.4681
2025-05-14,104154.71,119.1163,7.2097,3.125,55.8489,55.0392
2025-05-15,103552.22,119.1163,5.4299,3.125,55.3097,55.5179
2025-05-16,103757.39,119.1163,12.2253,3.125,56.2462,55.6519
2025-05-17,103499.95,120.0407,7.1957,3.125,55.0687,55.6781
2025-05-18,103158.51,121.6585,5.9236,3.125,54.0065,55.4344
2025-05-19,106424.76,121.6585,6.8792,3.125,55.8333,55.3339
2025-05-20,105622.1,121.6585,7.4218,3.125,55.478,55.3988
2025-05-21,106805.83,121.6585,7.8993,3.125,56.1583,55.443
2025-05-22,109668.26,121.6585,7.934,3.125,57.6677,55.7798
2025-05-23,111722.19,121.6585,6.0819,3.125,58.5102,56.1032
2025-05-24,107303.71,121.6585,5.2257,3.125,56.0907,56.2492
2025-05-25,107809.79,121.6585,4.079,3.125,56.2133,56.5645
2025-05-26,109029.24,121.6585,5.1406,3.125,56.982,56.7286
2025-05-27,109481.32,121.6585,5.6792,3.125,57.286,56.9869
2025-05-28,108987.67,121.6585,8.037,3.125,57.3228,57.1532
2025-05-29,107808.38,121.6585,5.275,3.125,56.3606,56.9665
2025-05-30,105588.16,121.6585,5.9214,3.125,55.2782,56.5048
2025-05-31,104027.67,126.9823,4.0308,3.125,51.9616,55.9149
2025-06-01,104655.37,126.9823,3.4782,3.125,52.2115,55.3432
2025-06-02,105701.48,126.9823,4.7753,3.125,52.8842,54.7578
2025-06-03,105906.96,126.9823,4.8095,3.125,52.991,54.1443
2025-06-04,105434.47,126.9823,4.7182,3.125,52.744,53.4902
2025-06-05,104743.97,126.9823,4.8761,3.125,52.4168,52.9268
2025-06-06,101565.91,126.9823,4.4326,3.125,50.7768,52.2837
2025-06-07,104381.86,126.9823,3.2834,3.125,52.0527,52.2967
2025-06-08,105633.02,126.9823,3.1672,3.125,52.6631,52.3612
2025-06-09,105770.98,126.9823,5.0042,3.125,52.9456,52.37
2025-06-10,110300.41,126.9823,5.3477,3.125,55.2546,52.6934
2025-06-11,110279.28,126.9823,4.7646,3.125,55.1733,53.0404
2025-06-12,108688.52,126.9823,4.8622,3.125,54.3891,53.3222
2025-06-13,105755.21,126.9823,6.5281,3.125,53.115,53.6562
2025-06-14,106121.85,126.4568,3.059,3.125,53.114,53.8078
2025-06-15,105466.67,126.4114,2.6294,3.125,52.7549,53.8209
2025-06-16,105558.7,126.4114,4.9151,3.125,53.0676,53.8384
2025-06-17,106798.31,126.4114,6.2589,3.125,53.8494,53.6376
2025-06-18,104606.29,126.4114,6.9518,3.125,52.8242,53.302
2025-06-19,104910.93,126.4114,5.0769,3.125,52.7607,53.0694
2025-06-20,104680.34,126.4114,5.2684,3.125,52.6669,53.0054
2025-06-21,103302.68,126.4114,3.5181,3.125,51.7739,52.8139
2025-06-22,102141.77,126.4114,2.7806,3.125,51.1089,52.5788
2025-06-23,100997.71,126.4114,4.8923,3.125,50.7721,52.2509
2025-06-24,105380.3,126.4114,6.1594,3.125,53.1228,52.1471
2025-06-25,106118.74,126.4114,4.8162,3.125,53.3375,52.2204
2025-06-26,107386.04,126.4114,7.5746,3.125,54.3019,52.4406
2025-06-27,106978.63,126.4114,4.4449,3.125,53.7258,52.5918
2025-06-28,107110.33,126.4114,3.852,3.125,53.7218,52.8701
2025-06-29,107334.13,118.4687,2.8564,3.125,57.3173,53.757
2025-06-30,108385.58,116.9585,4.229,3.125,58.8039,54.9044
2025-07-01,107130.31,116.9585,4.1886,3.125,58.1177,55.618
2025-07-02,105705.84,116.9585,4.4802,3.125,57.3817,56.1957
2025-07-03,108846.62,116.9585,4.2506,3.125,59.0568,56.875
2025-07-04,109636.88,116.9585,3.371,3.125,59.3704,57.6814
2025-07-05,108026.4,116.9585,3.072,3.125,58.4597,58.3582
2025-07-06,108243.13,116.9585,4.0145,3.125,58.6989,58.5556
2025-07-07,109223.78,116.9585,4.0426,3.125,59.2343,58.6171
2025-07-08,108300.56,116.9585,4.5461,3.125,58.7988,58.7144
2025-07-09,108936.26,116.9585,4.9477,3.125,59.1962,58.9736
2025-07-10,111305.27,116.9585,4.9761,3.125,60.4872,59.1779
2025-07-11,115993.81,116.9585,5.5172,3.125,63.1101,59.7122
2025-07-12,117562.14,123.9587,3.998,3.125,60.15,59.9536
2025-07-13,117446.02,126.2713,4.1291,3.125,59.0071,59.9977
2025-07-14,119095.39,126.2713,5.7466,3.125,60.0489,60.114
2025-07-15,119870.73,126.2713,4.1742,3.125,60.2313,60.3187
2025-07-16,117762.36,126.2713,4.5393,3.125,59.2195,60.322
2025-07-17,118748.5,126.2713,6.3292,3.125,59.9506,60.2454
2025-07-18,119276.85,126.2713,4.6154,3.125,59.9912,59.7998
2025-07-19,118019.66,126.2713,4.3484,3.125,59.324,59.6818
2025-07-20,117923.05,126.2713,3.1597,3.125,59.1203,59.698
2025-07-21,117316.3,126.2713,4.2642,3.125,58.9595,59.5423
2025-07-22,117446.79,126.2713,4.3408,3.125,59.035,59.3714
2025-07-23,120001.46,126.2713,4.1926,3.125,60.2995,59.5257
2025-07-24,118780.28,126.2713,9.8212,3.125,60.4255,59.5936
2025-07-25,118353.17,126.2713,5.3049,3.125,59.6169,59.5401
2025-07-26,117648.33,127.5407,4.2257,3.125,58.5329,59.4271
2025-07-27,117947.26,127.6201,4.1197,3.125,58.6314,59.3572
2025-07-28,119461.83,127.6201,4.2079,3.125,59.3959,59.4196
2025-07-29,118037.15,127.6201,5.0725,3.125,58.7992,59.3859
2025-07-30,117925.55,127.6201,4.1932,3.125,58.6301,59.1474
2025-07-31,117828.87,127.6201,3.97,3.125,58.5533,58.88
2025-08-01,115754.1,127.6201,5.451,3.125,57.7099,58.6075
2025-08-02,113262.81,127.6201,4.1024,3.125,56.3007,58.2886
2025-08-03,112521.7,127.6201,2.9404,3.125,55.7891,57.8826
2025-08-04,114226.86,127.6201,3.3328,3.125,56.6836,57.4951
2025-08-05,115068.27,127.6201,3.674,3.125,57.1442,57.2587
2025-08-06,114138.05,127.6201,5.8791,3.125,56.9577,57.0198
2025-08-07,115024.46,127.6201,5.1984,3.125,57.3143,56.8428
2025-08-08,117510.56,127.8188,5.6612,3.125,58.5215,56.9587
2025-08-09,116676.54,129.4352,4.4946,3.125,57.2336,57.092
2025-08-10,116485.38,129.4352,3.0765,3.125,56.9616,57.2595
2025-08-11,119295.42,129.4352,4.4155,3.125,58.5081,57.5201
2025-08-12,118715.93,129.4352,4.2465,3.125,58.2022,57.6713
2025-08-13,120169.3,129.4352,4.3975,3.125,58.9343,57.9537
2025-08-14,123359.45,129.4352,4.3343,3.125,60.4904,58.4074
2025-08-15,118387.9,129.4352,3.5998,3.125,57.9588,58.327
2025-08-16,117419.5,129.4352,2.9899,3.125,57.4074,58.3518
2025-08-17,117484.12,129.4352,2.5404,3.125,57.382,58.4119
2025-08-18,117455.5,129.4352,3.3925,3.125,57.476,58.2644
2025-08-19,116251.12,129.4352,3.2707,3.125,56.8714,58.0743
2025-08-20,112816.34,129.4352,3.4136,3.125,55.2084,57.5421
2025-08-21,114263.31,129.4352,3.0897,3.125,55.8766,56.8829
2025-08-22,112432.68,129.4605,3.4783,3.125,55.0178,56.4628
2025-08-23,116866.95,129.6992,2.7309,3.125,56.9883,56.4029
2025-08-24,115372.47,129.6992,2.2733,3.125,56.2027,56.2345
2025-08-25,113468.36,129.6992,2.8474,3.125,55.3453,55.9301
2025-08-26,110138.68,129.6992,3.1864,3.125,53.7615,55.4858
2025-08-27,111803.49,129.6992,3.6492,3.125,54.6298,55.4031
2025-08-28,111252.32,129.6992,3.304,3.125,54.3191,55.1806
2025-08-29,112572.88,129.6992,3.4954,3.125,54.9871,55.1763
2025-08-30,108370.55,129.6992,3.2329,3.125,52.9038,54.5928
2025-08-31,108790.79,129.6992,2.9831,3.125,53.0797,54.1466
2025-09-01,108234.82,129.6992,9.441,3.125,53.5613,53.8918
2025-09-02,109250.51,129.6992,4.9666,3.125,53.5374,53.8597
2025-09-03,111202.95,129.6992,6.2756,3.125,54.651,53.8628
2025-09-04,111737.55,129.6992,4.8566,3.125,54.7429,53.9233
2025-09-05,110732.71,134.7097,5.8458,3.125,52.3464,53.5461
2025-09-06,110657.04,136.0399,3.4593,3.125,51.5279,53.3495
2025-09-07,110231.14,136.0399,3.2334,3.125,51.304,53.0958
2025-09-08,111175.46,136.0399,3.9906,3.125,51.83,52.8485
2025-09-09,112078.8,136.0399,4.6164,3.125,52.3231,52.675
2025-09-10,111523.15,136.0399,4.0363,3.125,51.9973,52.2959
2025-09-11,113969.34,136.0399,3.9641,3.125,53.1294,52.0654
2025-09-12,115517.68,136.0399,4.835,3.125,53.9545,52.2952
2025-09-13,116105.02,136.0399,4.2613,3.125,54.1604,52.6712
2025-09-14,115965.47,136.0399,3.1299,3.125,53.9606,53.0508
2025-09-15,115384.69,136.0399,4.4117,3.125,53.8422,53.3382
2025-09-16,115402.4,136.0399,4.1761,3.125,53.8226,53.5524
2025-09-17,116797.5,136.0399,4.5075,3.125,54.513,53.9118
2025-09-18,116453.08,138.4732,3.6873,3.125,53.3007,53.9363
2025-09-19,117128.97,142.3426,3.6742,3.125,52.1513,53.6787
2025-09-20,115691.4,142.3426,3.2894,3.125,51.4675,53.294
2025-09-21,115751.15,142.3426,3.004,3.125,51.4617,52.937
2025-09-22,115317.03,142.3426,3.3842,3.125,51.3117,52.5755
2025-09-23,112752.31,142.3426,2.7933,3.125,50.1051,52.0444
2025-09-24,112010.28,142.3426,2.8783,3.125,49.7847,51.369
2025-09-25,113316.86,142.3426,3.2787,3.125,50.41,50.956
2025-09-26,109036.72,142.3426,4.0542,3.125,48.5889,50.4471
2025-09-27,109698.86,142.3426,2.566,3.125,48.7237,50.0551
2025-09-28,109688.85,142.3426,2.1953,3.125,48.6794,49.6576
2025-09-29,112177.12,142.3426,3.3271,3.125,49.9083,49.4572
2025-09-30,114404.31,142.3426,3.1585,3.125,50.8802,49.5679
2025-10-01,114034.76,143.468,3.6346,3.125,50.3709,49.6516
2025-10-02,118617.71,150.8395,4.1408,3.125,49.8903,49.5774
2025-10-03,120627.96,150.8395,5.1322,3.125,50.8466,49.8999
2025-10-04,122282.99,150.8395,3.9688,3.125,51.4125,50.284
2025-10-05,122433.34,150.8395,2.6934,3.125,51.3311,50.6628
2025-10-06,123519.47,150.8395,4.4139,3.125,51.9832,50.9593
2025-10-07,124776.68,150.8395,4.044,3.125,52.4696,51.1863
2025-10-08,121425.01,150.8395,3.3791,3.125,50.9854,51.2741
2025-10-09,123341.25,150.8395,3.7966,3.125,51.8377,51.5523
2025-10-10,121684.39,150.8395,4.0298,3.125,51.1677,51.5982
2025-10-11,113139.0,150.8395,3.5996,3.125,47.5293,51.0434
2025-10-12,110787.57,150.8395,2.4385,3.125,46.4223,50.3422
2025-10-13,115105.0,150.8395,2.8706,3.125,48.2775,49.8128
2025-10-14,115216.47,150.8395,2.7288,3.125,48.3091,49.2184
2025-10-15,113092.61,150.8395,2.9679,3.125,47.4436,48.7125
2025-10-16,110784.88,147.821,3.168,3.125,47.4455,48.085
2025-10-17,108192.62,146.7161,3.6751,3.125,46.7365,47.452
2025-10-18,106466.05,146.7161,2.5546,3.125,45.8771,47.2159
2025-10-19,107209.72,146.7161,2.2319,3.125,46.1646,47.1791
2025-10-20,108688.24,146.7161,2.9309,3.125,46.8736,46.9786
2025-10-21,110576.7,146.7161,2.9523,3.125,47.6903,46.8902
2025-10-22,108448.06,146.7161,2.8957,3.125,46.7664,46.7934
2025-10-23,107614.03,146.7161,2.6822,3.125,46.3848,46.6419
2025-10-24,110082.72,146.7161,2.9054,3.125,47.4723,46.747
2025-10-25,111020.53,146.7161,2.1701,3.125,47.799,47.0216
2025-10-26,111637.64,146.7161,2.037,3.125,48.0506,47.291
2025-10-27,114531.59,146.7161,2.8216,3.125,49.3817,47.6493
2025-10-28,114121.46,146.7161,2.9359,3.125,49.2173,47.8674
2025-10-29,112923.91,152.0595,2.6084,3.125,46.9555,47.8945
2025-10-30,110068.52,155.973,2.8675,3.125,44.6453,47.646
2025-10-31,108303.21,155.973,3.473,3.125,43.988,47.1482
2025-11-01,109552.54,155.973,2.4691,3.125,44.397,46.6622
2025-11-02,110047.16,155.973,2.089,3.125,44.5599,46.1635
2025-11-03,110601.99,155.973,3.1252,3.125,44.8872,45.5215
2025-11-04,106533.38,155.973,3.9555,3.125,43.3152,44.6783
2025-11-05,101523.49,155.973,4.1835,3.125,41.299,43.8702
2025-11-06,103883.58,155.973,3.3285,3.125,42.1795,43.518
2025-11-07,101282.56,155.973,3.3737,3.125,41.1276,43.1093
2025-11-08,103328.81,155.973,2.6102,3.125,41.8878,42.7509
2025-11-09,102280.42,155.973,2.2947,3.125,41.4339,42.3043
2025-11-10,104712.19,155.973,3.8599,3.125,42.5658,41.9727
2025-11-11,105962.29,155.973,2.6899,3.125,42.9629,41.9224
2025-11-12,103017.87,155.0279,2.6079,3.125,42.0161,42.0248
2025-11-13,101659.07,155.0279,2.6079,3.125,41.4619,41.9223
2025-11-14,99675.15,155.0279,2.6079,3.125,40.6528,41.8545
2025-11-15,94399.23,155.0279,2.6079,3.125,38.501,41.3706
2025-11-16,95534.16,152.2714,2.6075,3.125,39.6692,41.1185
2025-11-17,94187.75,152.2714,4.4756,3.125,39.2716,40.6479
2025-11-18,92093.24,152.2714,3.7258,3.125,38.3349,39.9868
2025-11-19,92979.11,152.2714,3.3295,3.125,38.6698,39.5087
2025-11-20,91453.07,152.2714,3.1735,3.125,38.0221,39.0173
2025-11-21,86467.17,152.2714,3.6385,3.125,35.9861,38.3507
2025-11-22,85096.82,152.2714,2.9475,3.125,35.3618,37.9022
2025-11-23,84677.63,152.2714,2.3206,3.125,35.1389,37.255
2025-11-24,86786.92,152.2714,2.5836,3.125,36.0351,36.7927
2025-11-25,88276.26,152.2714,3.1397,3.125,36.6986,36.5589
2025-11-26,87330.85,152.2714,2.8972,3.125,36.2861,36.2184
2025-11-27,90517.55,149.322,2.922,3.125,38.3552,36.266
2025-11-28,91305.47,149.3012,2.8697,3.125,38.6899,36.6522
2025-11-29,90915.26,149.3012,2.231,3.125,38.4703,37.0963
2025-11-30,90830.82,149.3012,2.1331,3.125,38.4262,37.5659
2025-12-01,90376.43,149.3012,4.1005,3.125,38.4004,37.9038
2025-12-02,86316.42,149.3012,3.9006,3.125,36.6591,37.8982
2025-12-03,91320.47,149.3012,3.5646,3.125,38.7557,38.251
2025-12-04,93468.15,149.3012,3.2272,3.125,39.6376,38.4342
2025-12-05,92141.99,149.3012,3.5726,3.125,39.105,38.4935
2025-12-06,89343.14,149.3012,2.4058,3.125,37.8196,38.4005
2025-12-07,89230.51,149.3012,1.991,3.125,37.7373,38.3021
2025-12-08,90455.3,149.3012,2.6105,3.125,38.3078,38.2889
2025-12-09,90643.57,149.3012,2.9804,3.125,38.4189,38.5403
2025-12-10,92703.59,149.3012,2.6894,3.125,39.2667,38.6133
2025-12-11,91985.09,148.3474,2.6474,3.125,39.2093,38.5521
2025-12-12,92497.93,148.1953,2.8375,3.125,39.4849,38.6064
2025-12-13,90269.59,148.1953,2.1866,3.125,38.4783,38.7005
2025-12-14,90280.87,148.1953,1.9305,3.125,38.4613,38.8039
2025-12-15,88166.45,148.1953,2.7787,3.125,37.631,38.7072
2025-12-16,86422.9,148.1953,2.7214,3.125,36.8822,38.4877
2025-12-17,87835.39,148.1953,2.813,3.125,37.4926,38.2342
2025-12-18,86132.82,148.1953,2.7417,3.125,36.76,37.8843
2025-12-19,85458.35,148.1953,3.2811,3.125,36.5157,37.4602
2025-12-20,88098.82,148.1953,2.1887,3.125,37.5532,37.328
2025-12-21,88337.41,148.1953,1.8793,3.125,37.6291,37.2091
2025-12-22,88615.72,148.1953,2.5501,3.125,37.8037,37.2338
2025-12-23,88485.37,148.1953,2.5518,3.125,37.7482,37.3575
2025-12-24,87424.67,148.1953,2.7367,3.125,37.311,37.3316
2025-12-25,87607.78,148.2465,2.0877,3.125,37.3226,37.4119
2025-12-26,87223.66,148.2584,2.3659,3.125,37.1789,37.5067
2025-12-27,87300.34,148.2584,2.1186,3.125,37.1912,37.455
2025-12-28,87790.37,148.2584,2.1368,3.125,37.4015,37.4224
2025-12-29,87835.12,148.2584,2.7448,3.125,37.4709,37.3749
2025-12-30,87123.05,148.2584,2.9727,3.125,37.1858,37.2946
2025-12-31,88423.54,148.2584,3.1553,3.125,37.7561,37.3581
2026-01-01,87493.87,148.2584,2.2346,3.125,37.2832,37.3525
2026-01-02,88735.0,148.2584,2.6862,3.125,37.8499,37.4484
2026-01-03,89944.05,148.2584,2.6203,3.125,38.36,37.6153
2026-01-04,90590.94,148.2584,2.3962,3.125,38.6167,37.7889
2026-01-05,91467.97,148.2584,2.7875,3.125,39.0243,38.0109
2026-01-06,93882.39,148.2584,2.7644,3.125,40.0524,38.4204
2026-01-07,93738.8,148.2584,2.5989,3.125,39.9765,38.7376
2026-01-08,91272.61,147.1084,2.5274,3.125,39.2229,39.0147
2026-01-09,91030.38,146.4726,2.611,3.125,39.2958,39.2212
2026-01-10,90495.68,146.4726,2.0358,3.125,39.0154,39.3149
2026-01-11,90378.79,146.4726,1.9199,3.125,38.955,39.3632
2026-01-12,90818.26,146.4726,2.3736,3.125,39.1837,39.386
2026-01-13,91193.7,146.4726,2.9514,3.125,39.3959,39.2922
2026-01-14,95333.81,146.4726,3.0729,3.125,41.1955,39.4663
2026-01-15,96931.94,146.4726,3.2523,3.125,41.9027,39.8491
2026-01-16,95559.97,146.4726,3.3176,3.125,41.3156,40.1377
2026-01-17,95527.94,146.4726,2.3392,3.125,41.2126,40.4516
2026-01-18,95097.89,146.4726,1.8642,3.125,40.984,40.7414
2026-01-19,93665.1,146.4726,2.2827,3.125,40.4039,40.9157
2026-01-20,92553.06,146.4726,2.7421,3.125,39.9647,40.997
2026-01-21,88324.94,146.4726,2.6855,3.125,38.1342,40.5597
2026-01-22,89374.74,145.4281,2.2866,3.125,38.8304,40.1208
2026-01-23,89461.76,141.6681,2.5137,3.125,39.9198,39.9214
2026-01-24,89506.0,141.6681,2.0155,3.125,39.8956,39.7332
2026-01-25,89082.07,141.6681,1.9279,3.125,39.6989,39.5496
2026-01-26,86570.94,141.6681,2.377,3.125,38.6182,39.2945
2026-01-27,88245.67,141.6681,2.3041,3.125,39.3589,39.208
2026-01-28,89117.06,141.6681,2.8709,3.125,39.7974,39.4456
2026-01-29,89159.85,141.6681,2.7398,3.125,39.805,39.5848
2026-01-30,84563.4,141.6681,3.3506,3.125,37.8038,39.2825
2026-01-31,84120.31,141.6681,3.0407,3.125,37.58,38.9517
2026-02-01,78585.89,141.6681,2.5216,3.125,35.0674,38.2901
2026-02-02,76879.64,141.6681,3.4178,3.125,34.3739,37.6838
2026-02-03,78679.78,141.6681,3.2951,3.125,35.1693,37.0853
2026-02-04,75631.64,141.6681,3.2176,3.125,33.801,36.2286
2026-02-05,73004.18,141.6681,5.5928,3.125,32.7977,35.2276
2026-02-06,62812.06,141.6681,6.2408,3.125,28.259,33.864
2026-02-07,70520.32,135.2896,2.7679,3.125,32.9698,33.2054
2026-02-08,69282.65,125.8646,2.2321,3.125,34.7755,33.1637
2026-02-09,70284.84,125.8646,2.9235,3.125,35.3325,33.3007
2026-02-10,70131.23,125.8646,2.596,3.125,35.2298,33.3093
2026-02-11,68794.25,125.8646,2.9357,3.125,34.5841,33.4212
2026-02-12,66979.72,125.8646,2.5518,3.125,33.6434,33.542
2026-02-13,66205.98,125.8646,2.7645,3.125,33.2704,34.2579
2026-02-14,68851.99,125.8646,2.1831,3.125,34.5556,34.4845
2026-02-15,69754.68,125.8646,1.8514,3.125,34.983,34.5141
2026-02-16,68784.72,125.8646,2.2163,3.125,34.5244,34.3987
2026-02-17,68840.26,125.8646,2.2902,3.125,34.5579,34.3027
2026-02-18,67459.99,125.8646,2.3064,3.125,33.8662,34.2001
2026-02-19,66427.8,129.1284,2.3579,3.125,32.5089,34.0381
2026-02-20,66956.88,144.3984,2.5907,3.125,29.3177,33.4734
2026-02-21,67994.8,144.3984,2.1596,3.125,29.7438,32.786
2026-02-22,67966.35,144.3984,1.8791,3.125,29.7129,32.0331
2026-02-23,67614.9,144.3984,2.6049,3.125,29.6067,31.3306
2026-02-24,64619.94,144.3984,2.6956,3.125,28.301,30.4367
2026-02-25,64043.32,144.3984,2.9144,3.125,28.062,29.6076
2026-02-26,67984.76,144.3984,3.4309,3.125,29.823,29.2239
2026-02-27,67470.73,144.3984,3.0156,3.125,29.5704,29.26
2026-02-28,65866.66,144.3984,2.5275,3.125,28.8363,29.1303
2026-03-01,67006.09,144.3984,2.5528,3.125,29.3368,29.0766
2026-03-02,65762.29,144.3984,2.6588,3.125,28.799,28.9612
2026-03-03,68775.78,144.3984,2.705,3.125,30.1217,29.2213
2026-03-04,68264.82,144.3984,3.0306,3.125,29.9194,29.4867
2026-03-05,72758.05,144.5535,2.7542,3.125,31.8351,29.7741
2026-03-06,70886.76,145.0422,2.927,3.125,30.9236,29.9674
2026-03-07,68128.59,145.0422,2.2119,3.125,29.6735,30.087
2026-03-08,67279.51,145.0422,1.9642,3.125,29.2876,30.08
2026-03-09,65940.8,145.0422,2.5167,3.125,28.7399,30.0715
2026-03-10,68452.78,145.0422,2.6972,3.125,29.8467,30.0323
2026-03-11,69922.38,145.0422,2.7988,3.125,30.4943,30.1144
2026-03-12,70197.35,145.0422,2.6923,3.125,30.607,29.9389
2026-03-13,70493.61,145.0422,3.3465,3.125,30.7806,29.9185
2026-03-14,70966.24,145.0422,2.0541,3.125,30.8986,30.0935
2026-03-15,71218.64,145.0422,1.9688,3.125,31.0027,30.3385
2026-03-16,72819.88,145.0422,2.5428,3.125,31.74,30.7671
2026-03-17,74859.5,145.0422,3.0789,3.125,32.6676,31.1701
2026-03-18,73927.68,145.0422,2.6176,3.125,32.2282,31.4178
2026-03-19,71263.46,145.0422,2.9495,3.125,31.0895,31.4867
2026-03-20,69911.35,143.9508,2.723,3.125,30.7155,31.4774
2026-03-21,70507.53,133.7931,2.6838,3.125,33.3264,31.8243
2026-03-22,68890.19,133.7931,2.0743,3.125,32.5181,32.0408
2026-03-23,67849.71,133.7931,2.4505,3.125,32.0536,32.0856
2026-03-24,70885.18,133.7931,2.5,3.125,33.4913,32.2032
2026-03-25,70517.65,133.7931,2.6523,3.125,33.3288,32.3605
2026-03-26,71301.05,133.7931,2.3682,3.125,33.6779,32.7302
2026-03-27,68779.41,133.7931,2.6734,3.125,32.5088,32.9864
2026-03-28,66329.87,133.7931,1.8646,3.125,31.295,32.6962
2026-03-29,66320.1,133.7931,1.6343,3.125,31.2744,32.5185
2026-03-30,65956.94,133.7931,2.4998,3.125,31.1628,32.3913
2026-03-31,66694.46,133.7931,2.4721,3.125,31.5093,32.1081
2026-04-01,68216.53,133.7931,2.552,3.125,32.2341,31.9518
2026-04-02,68099.79,133.7931,2.547,3.125,32.1786,31.7376
2026-04-03,66891.36,136.9679,2.6146,3.125,30.8796,31.5048
2026-04-04,66931.75,138.9669,2.0494,3.125,30.4157,31.3792
2026-04-05,67286.12,138.9669,1.6124,3.125,30.5472,31.2753
2026-04-06,68996.55,138.9669,2.1757,3.125,31.3628,31.3039
2026-04-07,68856.54,138.9669,2.3609,3.125,31.312,31.2757
2026-04-08,71949.58,138.9669,2.4434,3.125,32.7245,31.3458
2026-04-09,71129.61,138.9669,2.3998,3.125,32.3484,31.37
2026-04-10,71771.25,138.9669,2.6726,3.125,32.6599,31.6244
2026-04-11,72976.07,138.9669,1.98,3.125,33.1574,32.016
2026-04-12,73065.17,138.9669,1.7629,3.125,33.1819,32.3924
2026-04-13,70768.13,138.9669,2.3146,3.125,32.178,32.5089
2026-04-14,74501.01,138.9669,2.5247,3.125,33.891,32.8773
2026-04-15,74195.34,138.9669,2.7074,3.125,33.7656,33.026
2026-04-16,74814.99,138.9669,2.5917,3.125,34.0389,33.2675
2026-04-17,75169.74,138.1299,3.4936,3.125,34.4761,33.527
2026-04-18,77143.43,135.5949,2.1061,3.125,35.9325,33.9234
2026-04-19,75734.7,135.5949,1.761,3.125,35.2494,34.2188
2026-04-20,73857.03,135.5949,2.6321,3.125,34.4418,34.5422
2026-04-21,75873.82,135.5949,2.4586,3.125,35.3687,34.7533
2026-04-22,76353.08,135.5949,3.2998,3.125,35.6583,35.0237
2026-04-23,78206.49,135.5949,2.7619,3.125,36.4805,35.3725
2026-04-24,78266.65,135.5949,2.4686,3.125,36.4849,35.6594
2026-04-25,77458.76,135.5949,1.9745,3.125,36.0689,35.6789
2026-04-26,77636.09,135.5949,1.7574,3.125,36.1341,35.8053
2026-04-27,78649.47,135.5949,2.2962,3.125,36.6494,36.1207
2026-04-28,77373.46,135.5949,2.6498,3.125,36.083,36.2227
2026-04-29,76347.25,135.5949,2.885,3.125,35.6229,36.2177
2026-04-30,75781.88,135.5949,3.9718,3.125,35.444,36.0696
2026-05-01,76286.46,135.5949,3.3259,3.125,35.6292,35.9474
2026-05-02,78195.88,132.7705,2.4108,3.125,37.2226,36.1122
2026-05-03,78670.21,132.472,1.9945,3.125,37.4982,36.307
2026-05-04,78543.1,132.472,2.5298,3.125,37.482,36.426
2026-05-05,79827.87,132.472,2.862,3.125,38.1231,36.7174
2026-05-06,80928.41,132.472,2.7917,3.125,38.6426,37.1488
2026-05-07,81436.54,132.472,3.0739,3.125,38.9095,37.6439
2026-05-08,80015.99,132.472,2.9218,3.125,38.2179,38.0137
2026-05-09,80197.58,132.472,7.1728,3.125,38.6642,38.2196
2026-05-10,80672.03,132.472,2.1798,3.125,38.4682,38.3582
2026-05-11,82146.2,132.472,2.4632,3.125,39.1957,38.603
2026-05-12,81738.19,132.472,2.817,3.125,39.0315,38.7328
2026-05-13,80491.45,132.472,2.5964,3.125,38.4174,38.7006
2026-05-14,79285.66,132.472,2.6188,3.125,37.8438,38.5484
2026-05-15,81067.56,133.6983,3.1612,3.125,38.3853,38.5723
2026-05-16,79063.02,136.6071,2.3157,3.125,36.5707,38.2732
2026-05-17,78140.84,136.6071,2.0607,3.125,36.1238,37.9383
2026-05-18,77409.45,136.6071,2.5153,3.125,35.8216,37.4563
2026-05-19,76947.45,136.6071,2.5446,3.125,35.6101,36.9675
2026-05-20,76752.77,136.6071,2.4401,3.125,35.5119,36.5525
2026-05-21,77463.34,136.6071,2.7341,3.125,35.8639,36.2696
2026-05-22,77538.22,136.6071,2.5755,3.125,35.886,35.9126
2026-05-23,75460.93,136.6071,2.3298,3.125,34.9056,35.6747
2026-05-24,76673.89,136.6071,2.137,3.125,35.4516,35.5787
2026-05-25,76985.38,136.6071,2.7762,3.125,35.6459,35.5536
2026-05-26,77284.84,136.6071,3.4285,3.125,35.8361,35.5859
2026-05-27,75823.27,136.6071,2.9975,3.125,35.125,35.5306
2026-05-28,74348.35,136.6071,3.4901,3.125,34.4792,35.3328
2026-05-29,73539.08,137.8819,3.8863,3.125,33.8181,35.0374
2026-05-30,73372.1,138.9554,2.9979,3.125,33.4151,34.8244
2026-05-31,73754.51,138.9554,2.7184,3.125,33.5686,34.5554
2026-06-01,73570.59,138.9554,3.5824,3.125,33.5488,34.2558
2026-06-02,71325.64,138.9554,3.9858,3.125,32.554,33.787
2026-06-03,66676.55,138.9554,4.3582,3.125,30.457,33.1201
2026-06-04,64012.8,138.9554,4.1647,3.125,29.2278,32.3699
2026-06-05,63812.6,138.9554,3.932,3.125,29.1215,31.699
2026-06-06,61039.24,138.9554,2.9194,3.125,27.7937,30.8959
2026-06-07,60861.29,138.9554,2.3545,3.125,27.6781,30.0544
2026-06-08,63274.63,138.9554,2.9235,3.125,28.8118,29.3777
2026-06-09,63090.31,138.9554,3.1055,3.125,28.7394,28.8328
2026-06-10,61642.38,138.9554,3.0146,3.125,28.0742,28.4924
2026-06-11,61450.38,138.9554,3.5513,3.125,28.0199,28.3198
2026-06-12,63547.89,138.9554,3.7839,3.125,28.9912,28.3012
2026-06-13,63539.65,138.9554,3.4118,3.125,28.9637,28.4683
2026-06-14,64427.29,125.125,2.6566,3.125,32.5601,29.1658
2026-06-15,65713.21,124.9329,3.718,3.125,33.3391,29.8125
2026-06-16,66285.33,124.9329,3.3164,3.125,33.5996,30.5068
2026-06-17,65611.77,124.9329,3.3405,3.125,33.2599,31.2476
2026-06-18,64428.91,124.9329,3.4583,3.125,32.6688,31.9118
2026-06-19,62900.98,124.9329,3.2586,3.125,31.88,32.3245
2026-06-20,63486.22,124.9329,2.6796,3.125,32.1355,32.7776
2026-06-21,64250.43,124.9329,2.4432,3.125,32.5053,32.7697
2026-06-22,63234.7,124.9329,3.0633,3.125,32.0353,32.5835
2026-06-23,63952.2,124.9329,3.2301,3.125,32.4107,32.4136
2026-06-24,62653.71,124.9329,3.3961,3.125,31.7643,32.2
2026-06-25,60984.24,124.9329,3.3657,3.125,30.9158,31.9496
2026-06-26,59709.65,124.9329,3.4358,3.125,30.2744,31.7202
2026-06-27,60023.84,133.1251,2.7663,3.125,28.5187,31.2035
2026-06-28,59941.43,133.8699,2.2834,3.125,28.2909,30.6014
2026-06-29,59496.75,133.8699,3.384,3.125,28.1493,30.0463
2026-06-30,60136.19,133.8699,4.0553,3.125,28.494,29.4868
2026-07-01,58534.28,133.8699,3.5963,3.125,27.7069,28.9071
2026-07-02,59963.86,133.8699,4.0788,3.125,28.4138,28.5497
2026-07-03,61484.36,133.8699,3.3665,3.125,29.0886,28.3803
2026-07-04,62545.03,133.8699,2.442,3.125,29.5301,28.5248
2026-07-05,63086.45,133.8699,2.2594,3.125,29.7737,28.7366
2026-07-06,63572.03,133.8699,3.6507,3.125,30.0951,29.0146
2026-07-07,64000.31,133.8699,3.6353,3.125,30.2968,29.2721
2026-07-08,63287.15,133.8699,2.5431,3.125,29.8871,29.5836
2026-07-09,62249.52,133.8699,2.7752,3.125,29.4122,29.7262
2026-07-10,63187.84,133.8699,3.1295,3.125,29.8789,29.8391
2026-07-11,64124.85,132.3758,2.2531,3.125,30.6049,29.9927
2026-07-12,63782.83,127.1705,2.1086,3.125,31.6775,30.2646
2026-07-13,63744.39,127.1705,2.6818,3.125,31.6986,30.4937
2026-07-14,62242.32,127.1705,2.9111,3.125,30.9673,30.5895
2026-07-15,64960.09,127.1705,3.6063,3.125,32.3691,30.9441
2026-07-16,64714.54,127.1705,3.2249,3.125,32.2196,31.3451
2026-07-17,63790.67,127.1705,3.4614,3.125,31.7762,31.6162
2026-07-18,63899.18,127.1705,2.5979,3.125,31.7697,31.7826
2026-07-19,64797.87,127.1705,2.312,3.125,32.1961,31.8567
2026-07-20,64682.15,127.1705,2.9128,3.125,32.1813,31.9256
2026-07-21,65209.88,127.1705,3.0379,3.125,32.4529,32.1378
2026-07-22,66511.66,127.1705,2.7609,3.125,33.0805,32.2395
2026-07-23,66074.13,127.1705,2.8603,3.125,32.8701,32.3324
2026-07-24,65051.17,127.1705,3.1739,3.125,32.3836,32.4192
2026-07-25,64095.49,127.1569,2.2683,3.125,31.8475,32.4303
2026-07-26,64311.97,126.2315,2.2967,3.125,32.1913,32.4296
2026-07-27,65335.46,126.2315,2.9387,3.125,32.7501,32.5109
2026-07-28,63710.94,126.2315,2.9689,3.125,31.9379,32.4373
2026-07-29,63873.46,126.2315,3.389,3.125,32.049,32.2899
2026-07-30,63897.36,126.2315,3.1763,3.125,32.046,32.1722
2026-07-31,64720.99,126.2315,5.7347,3.125,32.6423,32.2092
2026-08-01,62811.4,126.2315,3.7221,3.125,31.5393,32.1651
2026-08-02,62760.11,126.2315,2.9255,3.125,31.4582,32.0604
2026-08-03,63487.43,126.2315,3.8937,3.125,31.8908,31.9376
2026-08-04,63461.22,126.2315,3.2898,3.125,31.8352,31.923
2026-08-05,64054.44,126.2315,3.6801,3.125,32.1605,31.9389
2026-08-06,64600.08,126.2315,3.6632,3.125,32.4332,31.9942
2026-08-07,64255.09,126.2315,3.9693,3.125,32.2818,31.9427
2026-08-08,64878.76,126.4061,2.5946,3.125,32.4515,32.073
2026-08-09,64905.62,127.4799,2.2021,3.125,32.1636,32.1738
2026-08-10,64854.72,127.4799,3.0452,3.125,32.1983,32.2177
2026-08-11,63916.51,127.4799,2.8431,3.125,31.7184,32.201
2026-08-12,63552.46,127.4799,5.0425,3.125,31.6909,32.134
2026-08-13,63400.51,127.4799,3.1881,3.125,31.4863,31.9987
2026-08-14,63406.36,127.4799,3.1505,3.125,31.4866,31.8851
2026-08-15,62971.56,127.4799,2.3297,3.125,31.214,31.7083
2026-08-16,63024.43,127.4799,2.1926,3.125,31.2307,31.575
2026-08-17,62826.11,127.4799,2.1926,3.125,31.1325,31.4228
2026-08-18,64503.67,127.4799,2.1926,3.125,31.9637,31.4578
2026-08-19,64684.36,127.4799,2.1926,3.125,32.0533,31.5096
2026-08-20,69283.53,127.4799,2.1926,3.125,34.3323,31.9162
2026-08-21,73024.53,127.4799,2.1926,3.125,36.1861,32.5875
2026-08-22,78323.95,127.4799,2.1926,3.125,38.8122,33.673
2026-08-23,77077.12,127.4799,2.1926,3.125,38.1943,34.6678
2026-08-24,77701.23,125.8071,3.1201,3.125,39.0956,35.8054
2026-08-25,78975.82,125.8071,3.142,3.125,39.7388,36.9161
2026-08-26,78521.7,125.8071,2.9826,3.125,39.4964,37.9794
2026-08-27,79030.02,125.8071,3.2406,3.125,39.7747,38.7569
2026-08-28,80273.17,125.8071,3.4344,3.125,40.4177,39.3614
2026-08-29,77835.28,125.8071,2.418,3.125,39.1023,39.4028
2026-08-30,78232.0,125.8071,2.0631,3.125,39.2708,39.5566
2026-08-31,77690.03,125.8071,2.9593,3.125,39.0761,39.5538
2026-09-01,78549.65,125.8071,3.0101,3.125,39.5129,39.5216
2026-09-02,77410.57,125.8071,2.9853,3.125,38.9377,39.4417
2026-09-03,77304.32,125.8071,2.9853,3.125,38.8843,39.3145
