Day,regular_txs,RnB_txs,Other_RnI_txs,Only_BRC20_txs,Other_Inscriptions_txs,Only_Runes_txs,regular_tx_Fee,RnB_Fee,Other_RnI_Fee,Only_BRC20_Fee,Other_Inscriptions_Fee,Only_Runes_Fee,regular_tx_vsize,RnB_vsize,Other_RnI_vsize,Only_BRC20_vsize,Other_Inscription_vsize,Only_Runes_vsize
2026-08-30,213796,6375,6,3510,301,655321,1.603748600000251,0.005716880000000064,0.00036060000000000085,0.007314510000000079,0.004014500000000009,0.44194894000000523,66209141,1304667,82118,581311,584490,90589479
2026-08-29,237580,310,22,3760,399,492802,2.0093255499999265,0.0002782499999999987,0.00021996999999999973,0.007610190000000003,0.024162509999999998,0.3763831099999851,72422280,66171,48537,594225,3459943,68087872
2026-08-28,277876,5251,21,4317,780,281453,3.0984607499998154,0.004897239999999987,0.0002213599999999977,0.008602640000000054,0.019142180000000196,0.30302954999999016,88070994,1105141,41902,658743,2110594,38378061
2026-08-27,276704,1189,17,4891,490,407113,2.8489354299994933,0.0011824299999999997,0.00042673999999999945,0.009119590000000014,0.017352470000000023,0.3635665500000053,86700082,242940,69071,769920,2257856,55175209
2026-08-26,269675,4440,42,4795,5828,439508,2.5231915599997463,0.004885280000000008,0.0007177499999999996,0.008565590000000064,0.04850011999999984,0.3967004199999862,84983522,923123,101885,734107,4393787,59032634
2026-08-25,272776,616,31,4800,273,342108,2.7471226299998506,0.0005212099999999998,0.000766569999999999,0.009705859999999992,0.027539079999999962,0.3563579799999875,86416729,131366,83131,739348,3766020,46422848
2026-08-24,266216,983,13,4843,241,360267,2.713220299999794,0.0007655999999999991,0.0003803200000000004,0.009300770000000031,0.020231199999999946,0.3762058899999991,86011296,205162,30942,740875,2576796,49307681
2026-08-23,222677,2396,7,5601,323,471997,1.909648739999619,0.0022033200000000017,0.00020527999999999996,0.009497360000000035,0.003828319999999995,0.4060965500000097,68596287,493942,13671,869046,546364,65275606
2026-08-22,259377,27,12,5048,539,439504,2.626483779999639,0.00006547,0.00009165999999999999,0.009353360000000012,0.008407420000000053,0.43372228000001534,84349612,6547,11699,773001,820966,60827731
2026-08-21,313839,2,35,5599,310,219214,4.488963369999844,0.0000048,0.0015440300000000003,0.013080380000000018,0.012437310000000062,0.3427766599999781,100871038,415,149643,854646,1480528,30547623
2026-08-20,291473,98,1,4107,187,218766,3.8005878999997873,0.00009413999999999991,0.0005919,0.010035120000000005,0.01800608000000003,0.31462007999998115,93630158,20431,11838,628325,2156112,30622613
2026-08-19,263166,452,8,4421,234,269477,2.880185089999433,0.00045033999999999976,0.00012151999999999991,0.009068890000000033,0.007224060000000003,0.3256098799999667,82231626,95890,12324,682259,938524,37543269
2026-08-18,258062,29,44,5833,216,446975,2.4575007199993895,0.00004733999999999998,0.0008479100000000004,0.010614980000000015,0.014368159999999951,0.4246697400000251,80096426,6840,52977,923947,1653693,62922744
2026-08-17,254661,833,6,4874,543,495105,2.287456259999833,0.0007391499999999996,0.00023295999999999994,0.009411400000000002,0.013231950000000044,0.45514338999996895,83239702,173700,24083,800143,1719334,68470009
2026-08-16,212558,18,19,3980,320,614140,1.6674739999998285,0.00006537,0.00024857000000000004,0.007195060000000007,0.02427501999999992,0.4933483399998902,67857874,5979,29384,668361,3887330,84684310
2026-08-15,233099,8,161,4678,574,480994,1.8706415499999711,0.000029429999999999998,0.0016492000000000006,0.00841275,0.019880450000000074,0.42913424000001515,72249036,2695,182759,763832,2930976,65950404
2026-08-14,273820,132,27,4406,250,415867,2.701104700000283,0.00015509999999999965,0.00041406999999999984,0.00868558000000002,0.022966369999999982,0.41718496999996457,84913281,30425,41827,694858,3584362,57144521
2026-08-13,260432,260,38,5243,1560,413197,2.731000480000257,0.0002753099999999997,0.00050669,0.010193669999999988,0.028452700000000095,0.4176331099999601,81165666,57955,61939,833527,4094376,56637801
2026-08-12,260223,61,43,4305,1214,385263,4.569161680000459,0.00016722000000000002,0.0010654100000000001,0.009706270000000012,0.06101235999999973,0.4013531799999594,80334838,17654,76609,664557,5781453,52736576
2026-08-11,250184,372,43,6337,261,351365,2.4487579700000977,0.00031949000000000013,0.0005392099999999994,0.011245310000000047,0.01929295000000002,0.36293389999996073,75622521,78376,68552,975902,2429769,48053410
2026-08-10,252949,42,225,5089,186,380874,2.6278471900002853,0.00009714999999999999,0.002156339999999996,0.008960870000000011,0.025036059999999912,0.3811104799999469,79032053,11937,114922,796072,3919188,51777293
2026-08-09,215976,3,63,5407,172,510066,1.7268118100002008,0.00001077,0.00063905,0.009501350000000014,0.018710899999999937,0.446439999999921,68436259,984,116463,827473,3189430,69601074
2026-08-08,236368,587,36,5929,192,410769,2.1343611899999964,0.0005930800000000001,0.0005105500000000003,0.010687030000000028,0.02411759999999992,0.42435940999996735,80646212,126436,47301,903976,3289983,55782916
2026-08-07,285611,45,49,5571,212,431195,3.4648662499997815,0.00015688,0.00061523,0.010452410000000013,0.01750819999999997,0.4757179699999177,90971930,14000,86892,856847,2940150,59032433
2026-08-06,277778,230,12,6184,144,257866,3.2373380900002036,0.00055072,0.00019065999999999983,0.014112850000000015,0.029503869999999956,0.3814649499999837,85467846,57115,24994,950380,3818288,36744425
2026-08-05,284836,87,20,6748,133,315105,3.254617410000143,0.00025225000000000003,0.0002973499999999999,0.01293351999999998,0.02113457000000002,0.39088936999997775,94064546,24923,16493,1051397,2615963,42259630
2026-08-04,272900,136,29,6571,109,342785,2.8277616600001916,0.00016166999999999996,0.0004904,0.012965390000000007,0.02315932999999996,0.4253080299999452,89337918,29813,49373,1011756,2300462,47130023
2026-08-03,284901,21,34,6166,146,412462,3.4065795600004365,0.00008016999999999999,0.00238768,0.011694690000000023,0.01059279999999999,0.4623528999999408,90780281,7028,104296,938115,1737824,55784969
2026-08-02,244561,44,32,7016,166,424784,2.4366817200003097,0.00014602999999999998,0.00071512,0.012817760000000032,0.02288473999999965,0.45225733999993084,78936214,13319,46629,1074121,3709445,57900637
2026-08-01,291495,74,41,9068,230,433356,3.1772797200003473,0.00014149000000000003,0.0004290799999999999,0.021329019999999976,0.04075724999999978,0.48218051999995803,96964701,18605,65014,1434636,5656984,58835959
2026-07-31,345500,49,34,8867,139,256301,5.266604030000375,0.00011364999999999997,0.0004414000000000001,0.04130173000000007,0.007411009999999914,0.4188537499999825,118950509,12954,48379,1638526,1083466,34328577
2026-07-30,261318,76,18,4398,208,446060,2.681069130000423,0.00027936,0.00085272,0.00901594000000001,0.017830079999999984,0.4672540599999344,82534345,25379,89564,670910,2689445,61985474
2026-07-29,254569,40,65,7189,282,400925,2.8979422000002546,0.00014366000000000004,0.0018007,0.013567340000000047,0.02598649999999972,0.44951911999994265,81291460,13083,163256,1099495,4053894,56292084
2026-07-28,246161,85,9,4918,143,309073,2.6003965799999675,0.00024527,0.00017498999999999998,0.010324710000000003,0.0048146400000000185,0.3529378199999701,78834512,25231,22201,765347,661037,43789115
2026-07-27,242758,45,17,5918,118,446825,2.4823927900002483,0.0001623,0.00018244999999999996,0.012215490000000016,0.0055116900000000005,0.438241389999948,74224307,14789,27176,898844,758406,61838906
2026-07-26,209648,291,10,5865,158,542122,1.7842034000000921,0.00035316000000000026,0.00016302000000000005,0.010229360000000019,0.0223959899999999,0.47940408999997414,64894768,61928,25244,892086,3951479,72943256
2026-07-25,223730,34,27,6781,195,464228,1.836102430000396,0.00012419999999999998,0.0004139600000000001,0.011717930000000026,0.0064875900000000595,0.4134866299999742,68683416,11364,46232,1036406,906487,64176803
2026-07-24,255904,41,20,5649,182,474491,2.6530196700003392,0.00015335999999999998,0.00028138,0.010856450000000017,0.02039399000000003,0.4892252799999497,83130369,13677,34870,859895,2189266,65625060
2026-07-23,252014,22,23,8093,205,341445,2.435691270000064,0.00008122,0.00021596000000000007,0.015444190000000088,0.01955856000000003,0.38934163999996785,80268961,7362,36213,1232857,2230919,45812275
2026-07-22,245076,16,15,7418,160,252984,2.4116246500001206,0.00005381999999999999,0.00101574,0.013478610000000094,0.015216970000000024,0.3195583799999625,76094437,5125,106474,1129571,1588611,34504767
2026-07-21,258161,46,29,7164,241,378481,2.5857065300002873,0.00016414,0.00030962,0.014027960000000022,0.027134849999999957,0.41054482999996095,81936199,14987,60243,1090030,2976480,51433541
2026-07-20,242367,229,43,7298,87,486475,2.4458017100005014,0.0003065900000000002,0.00038340000000000005,0.01299111000000006,0.008531189999999906,0.44476148999993353,76089134,51805,53441,1114651,846592,66976615
2026-07-19,204458,57,42,7729,299,686277,1.7531724900001837,0.00015210999999999998,0.00067092,0.01347271000000001,0.011876730000000056,0.5326182000000653,64778826,16566,76192,1175715,1095388,94169220
2026-07-18,234567,54,23,8630,613,613824,2.019055410000313,0.00019179000000000003,0.0006435099999999998,0.014320240000000031,0.018869310000000097,0.5447898300000141,76235275,17503,88895,1315080,1974469,85072803
2026-07-17,259481,32,22,8016,607,310169,3.067046810000172,0.00007058,0.0011578200000000002,0.015985210000000062,0.018144029999999898,0.35898419999999653,81441538,7312,32272,1223556,1525650,42899348
2026-07-16,250455,129,18,7567,315,279556,2.8568221700002105,0.00020340000000000007,0.00022073999999999992,0.020850350000000052,0.01414732999999994,0.3326403599999727,79590452,30670,28902,1154311,1431029,38225036
2026-07-15,265924,21,35,9162,194,282978,3.2727646500001266,0.000055089999999999996,0.0017727999999999997,0.018941950000000107,0.012060040000000037,0.3659945099999892,96807154,5583,49397,1397167,1162897,38794689
2026-07-14,241928,1190,38,8241,331,495188,2.3681945500001556,0.0013338000000000193,0.0005007200000000001,0.013973830000000048,0.010517059999999918,0.4512624999999505,80578779,252930,77459,1261801,657723,68284665
2026-07-13,239924,50,107,7590,1516,461244,2.245150790000157,0.00017909000000000002,0.0011803200000000001,0.012868980000000073,0.014915909999999704,0.4074971799999802,78409820,15578,162163,1159724,1655784,63297068
2026-07-12,200398,113,41,9677,196,550319,1.6226465200001012,0.0003628499999999998,0.00044830000000000005,0.015759200000000154,0.011113909999999979,0.45829073999997233,62293172,26926,32468,1479097,1184355,76122495
2026-07-11,224538,49,24,5922,151,444163,1.8399148400001357,0.00017263,0.00022592999999999995,0.01001461000000003,0.010469370000000052,0.3923491599999671,70614691,15834,37792,907341,1089392,62079446
2026-07-10,267786,34,32,6513,232,302271,2.7611836200000086,0.00010782999999999999,0.00038195,0.015888030000000008,0.016943920000000064,0.3350016699999632,82961054,10673,51803,996486,1685262,41968551
2026-07-09,254524,149,14,4144,198,299031,2.4406576800000295,0.00028895000000000006,0.00008942,0.008384780000000024,0.013820069999999933,0.3119343799999603,79859711,37159,12084,629958,1246448,41782031
2026-07-08,244306,95,19,7398,162,347064,2.1666325900000536,0.00021251,0.00050811,0.02058447000000006,0.011307300000000003,0.33732140999994537,77796853,24989,116304,1143364,1315472,48672437
2026-07-07,261115,33,21,8784,277,353294,3.2095186700001794,0.00012026999999999999,0.00069597,0.016001800000000108,0.01618294000000003,0.39926456999997356,84455277,10959,121243,1345537,2058387,49436235
2026-07-06,237003,72,56,8507,176,272853,3.283695760000083,0.00013324,0.0005327000000000001,0.01681335000000011,0.010153709999999788,0.33935334999996236,74160187,18039,76610,1299117,1130765,38207316
2026-07-05,201827,30,67,6428,226,427419,1.6914183400002067,0.00010919,0.00090998,0.011115740000000039,0.15464857000000026,0.4012342399999675,62140786,9943,143026,978982,1740723,59541242
2026-07-04,226212,25,21,6777,348,532924,1.923941909999923,0.00008193000000000001,0.00039570999999999996,0.011856560000000028,0.026128849999999846,0.47958009000002105,72378442,7719,55574,1039538,2519568,74111474
2026-07-03,277762,300,39,7880,217,399224,2.878235240000229,0.0003284399999999993,0.0005744699999999987,0.017071600000000048,0.02183732999999995,0.44844702999992897,88018693,66529,90916,1204688,2306715,55865608
2026-07-02,270401,33,16,7188,248,265633,3.6571830300001213,0.00016674,0.00023745000000000003,0.020344690000000016,0.020590099999999948,0.3803004300000142,90428461,10911,29064,1097918,1582414,36526883
2026-07-01,277607,24,44,5213,294,330171,3.0931518200000867,0.00010294000000000001,0.00045660000000000004,0.011237740000000008,0.01440713000000004,0.4769377200000177,92299116,6123,76562,806949,1365056,47523641
2026-06-30,275065,17,32,5623,364,339904,3.526184150000034,0.00006637999999999998,0.0042172500000000005,0.013197420000000014,0.014189509999999924,0.497408860000055,96225959,5662,187666,859299,1161214,48216694
2026-06-29,245757,21,8,5131,399,280187,2.943104809999948,0.000057020000000000006,0.00008997,0.01162069000000002,0.008326079999999927,0.420817700000017,81953641,5497,13392,800614,674974,39678846
2026-06-28,202772,208,18,5942,449,407038,1.784172000000015,0.00026221,0.00022472000000000008,0.010513830000000042,0.012024870000000047,0.4762111500000241,66006159,44571,26383,914959,1739569,57635406
2026-06-27,229436,26,31,4739,966,591285,2.0331772900000207,0.00005951,0.00041761999999999995,0.008540050000000009,0.043826129999999984,0.6803236300000102,75595529,6690,64871,724795,5168978,83769286
2026-06-26,263970,5,35,4310,492,443743,2.738755649999881,0.00001095,0.00075379,0.008730670000000001,0.01004722000000007,0.6775393600000214,83490115,1012,37660,656173,1067660,62957217
2026-06-25,265320,155,8,4966,342,534940,2.6039800599998295,0.00027648000000000006,0.00052198,0.00940408,0.007164620000000061,0.7443115900000021,87718665,37856,10320,755774,640107,76020521
2026-06-24,250989,22,48,6062,265,492137,2.6545296399998275,0.00007955999999999999,0.0003734999999999999,0.011330820000000045,0.011925290000000064,0.7179000199999637,81198687,7273,38880,928308,721034,69830964
2026-06-23,245910,568,35,5437,283,610746,2.3850602199996414,0.0008411700000000004,0.0006377200000000004,0.009797410000000027,0.01813397999999994,0.8156670600000138,80443694,123682,51470,829736,2459746,86322671
2026-06-22,239670,217,15,8241,337,522466,2.3059667199996277,0.00035020999999999935,0.0007775700000000001,0.015327340000000175,0.011257390000000004,0.729578990000036,75393686,51345,22533,1254620,1443594,73816248
2026-06-21,193687,29,22,5392,369,470278,1.7744799799996334,0.00010758,0.00042906,0.010125040000000042,0.009572000000000039,0.6485269700000429,63422504,9331,49096,821475,1061181,66756285
2026-06-20,211819,19,34,5862,261,561466,1.8515491400001014,0.00006932999999999999,0.0005234700000000001,0.010557800000000048,0.012123990000000051,0.8047874700000162,66628080,6343,73121,894895,1408051,79317007
2026-06-19,248999,120,43,3765,354,493641,2.450148059999751,0.00014474999999999975,0.00248906,0.007550210000000018,0.007656520000000029,0.7906316399999498,77759926,24880,130836,574056,720245,69922741
2026-06-18,256759,27,27,5558,226,552940,2.5676525999995596,0.00009875999999999998,0.00071014,0.009919290000000035,0.014032500000000036,0.8659349000000159,82387690,9038,66573,851691,1557792,79380870
2026-06-17,247305,33,20,5455,144,348418,2.6864927100000333,0.00011993999999999998,0.00067244,0.011195800000000042,0.003991470000000066,0.637993650000029,80119752,10850,30869,833359,357859,49481075
2026-06-16,252676,61,22,5399,199,528003,2.4953128600005767,0.00017405,0.00021855000000000005,0.00985484000000004,0.00609161000000002,0.8047625200000114,84033639,17867,31802,824984,604851,74850220
2026-06-15,257795,292,27,6084,264,446255,2.984790200000476,0.0004935400000000006,0.00033288999999999866,0.01797797999999987,0.007219320000000008,0.7071657900000073,84037036,64828,43221,980075,791073,63251935
2026-06-14,207488,20,10,8093,375,510534,1.9459609300002272,0.00006115999999999999,0.000039269999999999995,0.015115130000000122,0.011827210000000024,0.6836397099998469,68334019,6087,4709,1237341,1355999,72388107
2026-06-13,219787,43,2,6654,192,323618,2.5575432399996307,0.00015066,0.000034489999999999976,0.014637020000000075,0.004578369999999995,0.8348085899999379,70909296,13422,3387,1015179,431741,50661449
2026-06-12,268991,33,6,6073,275,372505,3.1657794999998172,0.00011991,0.0008431800000000001,0.01320335000000002,0.00808448000000004,0.5958376600000169,91902144,10458,32032,929124,692554,52840903
2026-06-11,252921,73,20,5330,721,378450,2.9659107199995716,0.00026209,0.0012738200000000002,0.012130890000000037,0.009877979999999854,0.561825879999953,78250192,23683,92112,816874,787682,53756494
2026-06-10,250358,16,6,5342,349,311609,2.4843181499996514,0.00005607999999999999,0.00006947,0.009719520000000039,0.015333680000000013,0.5050704300000088,77994262,5200,6633,814893,1438935,44240051
2026-06-09,243657,45,21,5853,349,323362,2.581784119999361,0.00016278999999999998,0.00048845,0.01204304000000005,0.008909370000000062,0.5020721000000207,76023849,14319,54009,895680,676620,45984790
2026-06-08,237389,103,33,5907,401,336373,2.39648276999974,0.00018757000000000002,0.0005585899999999999,0.011601470000000075,0.004500040000000034,0.5101525199999981,75744371,24772,73872,909186,361595,47977360
2026-06-07,205056,133,32,6060,511,336722,1.8757922999996575,0.00024783000000000004,0.0004488,0.012521790000000055,0.00973873000000011,0.4557927199999524,65591414,32139,68977,927356,780953,47828138
2026-06-06,232886,139,13,4734,1087,292005,2.431254619999863,0.0002148600000000001,0.00329094,0.009322730000000026,0.022890629999999842,0.45240394999995465,77521137,31092,92297,721808,1454133,41455190
2026-06-05,281944,50,10,3627,339,284011,3.438395449999804,0.00018302,0.00018356999999999998,0.00851494000000001,0.010827460000000013,0.4738727899999792,92519218,15998,23121,555725,590656,40362480
2026-06-04,277704,102,19,5637,717,304102,3.6594816399999064,0.00036558,0.0004634499999999999,0.01308437000000005,0.006246050000000007,0.48504857999996265,93445518,32608,32513,865586,506932,43426097
2026-06-03,266923,19,21,4565,178,152656,3.9943290800000395,0.00006173,0.00025235000000000004,0.011040900000000058,0.00695325999999995,0.3455990699999991,84459508,5947,18701,702325,499137,21911970
2026-06-02,255676,13,10,3391,190,179537,3.6074532599998377,0.00005551,0.00007703,0.008592960000000004,0.003298790000000045,0.3662825499999901,81210146,4327,11344,515069,352140,25772907
2026-06-01,262981,299,22,5463,584,288805,3.1032059799999794,0.0005067500000000003,0.0005167800000000001,0.011635530000000048,0.004922070000000021,0.46166198000001585,87218919,68699,55351,835785,428119,41563172
2026-05-31,209108,64,14,5140,263,502862,2.16152387000008,0.00016875999999999998,0.00009601000000000002,0.009077530000000023,0.006445810000000033,0.5411274399999896,67841808,16614,17773,789707,500702,71504263
2026-05-30,232545,55,3,6029,242,412249,2.462450590000074,0.00018350999999999996,0.00019214000000000004,0.01109813000000004,0.005374190000000051,0.5186229099999836,74865173,16233,19246,951488,601311,59175061
2026-05-29,268225,36,5,5728,237,374087,3.28614970000032,0.00011513999999999997,0.00021365000000000002,0.011576620000000057,0.014022599999999785,0.5742183799999653,84164078,10968,20229,892980,386832,54001348
2026-05-28,262043,19,5,7603,391,509279,2.819611949999854,0.00006655999999999999,0.00020259000000000002,0.01619954000000004,0.004651650000000013,0.6493448000000025,86207791,6055,12821,1171772,414271,73080743
2026-05-27,252183,28,26,7426,373,385732,2.477210969999843,0.00009196999999999997,0.0017142000000000004,0.01449506000000005,0.0026904100000000133,0.5012849999999841,80167109,7945,165160,1121605,260538,55724974
2026-05-26,245038,45,42,6980,304,374971,2.9264320500000562,0.00016899,0.00342792,0.011794280000000044,0.005016760000000005,0.48165652000006925,81592150,14798,282659,1044739,400563,55215156
2026-05-25,232983,567,37,7149,475,540783,2.177984310000126,0.0006366399999999996,0.0024245700000000005,0.013854739999999975,0.00498252000000004,0.5762883300000117,75285510,126409,227663,1099575,655583,78768526
2026-05-24,203549,32,25,7563,185,416998,1.6914564699999213,0.00011887000000000002,0.00254735,0.016335470000000032,0.003412680000000033,0.4230875000000571,63765718,10534,221222,1184087,382354,61225056
2026-05-23,229704,54,35,5558,283,497211,1.8589791599999765,0.00019419999999999998,0.0020398200000000003,0.011050170000000017,0.007971420000000026,0.44956531000004457,73683790,17905,214403,855844,579782,72131640
2026-05-22,261203,97,14,6446,287,440581,2.18704758000009,0.00024512,0.00055619,0.011503839999999982,0.005800140000000035,0.3703607499999799,84631714,26450,57288,999570,539970,63351054
2026-05-21,254389,60,17,6971,248,276824,2.457023880000133,0.00022679999999999998,0.0012208000000000002,0.012580400000000021,0.004685500000000036,0.25839913999998104,82188339,20079,103054,1087717,554998,39794951
2026-05-20,250461,277,17,6943,300,418441,2.126182419999813,0.0002698599999999993,0.0001423,0.012384489999999998,0.007599120000000088,0.29349140000003376,80936797,64817,33970,1068299,1188814,59215527
2026-05-19,254778,98,11,8599,414,354214,2.26016651000027,0.00034069,0.00015131000000000004,0.01540180000000002,0.006488420000000021,0.26200335999999225,83392357,29519,18787,1320825,989882,50328437
2026-05-18,257578,106,17,8819,453,333901,2.2373190100000064,0.00021358,0.00041719999999999995,0.019661510000000118,0.012229589999999953,0.24541773999999855,83004521,27055,22578,1366206,2060729,47325641
2026-05-17,210577,113,8,11393,366,382856,1.767999159999918,0.00030240999999999997,0.00012370999999999997,0.023931400000000123,0.00558633999999996,0.26271330000000315,77722969,33091,16742,1775230,821651,55777547
2026-05-16,237221,213,10,11173,285,431026,1.961196389999834,0.0004249100000000001,0.00086133,0.019096090000000038,0.010177360000000031,0.3239283700000399,75637659,56625,92693,1729546,1725304,65560618
2026-05-15,279157,1617,12,11057,371,326403,2.8775453699998463,0.001248480000000011,0.00013044999999999984,0.02071577999999999,0.004816310000000019,0.2567585100000234,90054748,370731,13406,1700605,472134,46629623
2026-05-14,267304,372,97,8645,481,407650,2.3310274199998937,0.00039577999999999787,0.00027986999999999907,0.01793853000000001,0.005748650000000055,0.2633948200000217,82013347,87125,41581,1369861,500251,57807266
2026-05-13,271848,1306,66,10701,1039,335440,2.3243669899996102,0.001263399999999997,0.00017049000000000057,0.01852420999999999,0.008562390000000081,0.24348775000002715,83333884,302617,21231,1637170,921717,47618619
2026-05-12,257159,170,2,4597,392,325193,2.5790139399999106,0.0006337899999999997,0.00005234000000000022,0.01076374000000001,0.004195580000000012,0.2223059100000035,80846722,56881,5548,717948,449118,46107686
2026-05-11,246593,102,6,5026,489,519906,2.163430250000063,0.00038581999999999993,0.00004302000000000006,0.008715070000000024,0.004582129999999971,0.2860640500000255,80214155,34160,11328,760402,511374,73632493
2026-05-10,218235,1323,3,6580,518,506600,1.8919569800000204,0.0011937799999999993,0.0000069199999999996695,0.010967309999999984,0.0060157500000000376,0.2697008600000096,67925214,306108,1751,992867,936635,71912087
2026-05-09,680783,457,2,4422,788,145168,6.989521700000559,0.0006212799999999997,0.00005517,0.01661365,0.007476560000000073,0.15854558999998233,144760907,108280,3537,700282,1034408,20635332
2026-05-08,289118,1192,7,6906,2362,282351,2.720751890000027,0.0013568699999999977,0.0005711800000000001,0.015644660000000015,0.011279719999999898,0.17218290000001768,95576297,286704,55276,1107731,1651181,39977053
2026-05-07,266334,433,18,6213,709,257401,2.9040057000000634,0.0006073600000000006,0.00019663000000000005,0.012526880000000039,0.006057430000000012,0.1504783199999893,99410396,102789,26672,959619,554499,36673403
2026-05-06,269189,561,15,8547,1401,247076,2.6336025399997065,0.0005374399999999986,0.00028258000000000005,0.014118430000000045,0.0075231299999999725,0.13563026999998784,96954171,125365,42612,1304018,1096665,35270590
2026-05-05,273940,655,25,6987,1641,302363,2.7080975899994346,0.000663720000000001,0.00005356000000000002,0.012174129999999967,0.016780880000000026,0.12426343999997129,99457159,148120,12067,1076268,2190086,42817962
2026-05-04,260725,30,8,6443,927,299863,2.3738674400001023,0.00009301999999999999,0.000012060000000000003,0.013098280000000042,0.014770679999999908,0.1279870999999635,94805226,8563,2596,974868,1984109,42377632
2026-05-03,228411,154,5,5433,1856,368273,1.8126929800000788,0.00010489999999999999,0.00003447000000000003,0.011504610000000002,0.010491060000000038,0.1596940099999477,82789608,32270,1202,822660,2314282,51896372
2026-05-02,255324,137,2,4825,1055,264903,2.260044600000211,0.00026077000000000045,0.0000057199999999999656,0.009862000000000015,0.006799110000000031,0.1338699399999868,88551768,33370,433,729921,1101251,37396967
2026-05-01,278329,79,31,5964,1373,308211,3.0959327099995364,0.00008066000000000002,0.0008085799999999993,0.01093501000000003,0.03267219999999978,0.185494870000007,98717977,16936,11592,893688,5429625,42561263
2026-04-30,270424,79,3,3899,1935,133534,3.621591039999994,0.00030303999999999997,0.000008110000000000029,0.008550930000000019,0.26129529999999945,0.08007724000000807,94004122,26137,716,595896,23517141,17753772
2026-04-29,263288,42,0,5705,3964,110943,2.705208019999934,0.00013743999999999999,2.710505431213761e-20,0.01097053000000005,0.1097008299999994,0.059027979999994803,92355303,12832,0,859241,12675305,15484727
2026-04-28,253504,341,1,6226,1116,305086,2.5031191099998447,0.0002937199999999999,9.400000000000012e-7,0.011064019999999963,0.010681740000000065,0.12468108999998623,90187813,71689,314,931924,1306530,42142763
2026-04-27,244814,2914,6,5692,1724,324880,2.134582960000035,0.001174850000000032,0.00044224,0.012041639999999968,0.017291809999999987,0.1306470899999989,78631883,577567,43939,854973,2709037,45176328
2026-04-26,205899,18106,0,10419,1241,477239,1.5955718299998265,0.006724259999999847,8.673617379884035e-19,0.016484959999999757,0.010604589999999105,0.12804948000006733,65646808,3591186,0,1590114,2435693,67428778
2026-04-25,225215,24620,0,8741,954,321629,1.8470905599998275,0.009323860000000154,-1.734723475976807e-18,0.01255523999999983,0.011572730000000234,0.09399792000004958,74324326,4884659,0,1389633,3257007,47306021
2026-04-24,268507,38636,7,10065,1011,271371,2.353092099999757,0.014523760000000012,0.000028149999999995887,0.014938029999998917,0.006538909999999959,0.07943129000002319,88528890,7727134,12816,1638712,1208197,40698182
2026-04-23,259664,10866,6,10919,968,168402,2.6792708100000056,0.00393088999999997,0.0000231599999999995,0.020942459999999025,0.008048040000000053,0.04973254000000041,84186092,2185383,8590,1706644,1560136,23860258
2026-04-22,268839,16719,11,7388,1280,248610,3.203465750000212,0.005525039999999953,0.000022279999999999522,0.01245236999999979,0.009776700000000065,0.06859076000001882,85472453,3368926,12946,1190817,1219479,35028254
2026-04-21,258922,8913,7,6184,2431,261040,2.3594111900001167,0.0031306800000000233,0.00007287000000000005,0.010662830000000033,0.01603019999999984,0.06928956000001549,84104707,1795293,31726,1014883,1903804,36626693
2026-04-20,249513,10468,1,5246,1251,281047,2.537044440000286,0.0034082300000000914,0.00000272000000000076,0.009961160000000201,0.00995134999999996,0.07177833000001861,80471341,2086651,1327,839090,1225328,39439030
2026-04-19,210665,14815,4,5224,541,496544,1.6257524700002168,0.004632959999999973,0.00008092000000000082,0.010032419999999823,0.00455901000000006,0.11592063000005377,68091909,2936960,23415,855046,1399471,70489673
2026-04-18,231536,18888,3,6825,412,437493,1.9763906899999952,0.007080369999999338,0.0000845099999998971,0.01205281000000012,0.00395309000000023,0.10653061000006542,74562073,3913870,37493,1072440,1472860,61259673
2026-04-17,280726,69982,4,7588,794,193653,3.3638391300001045,0.02508992000000256,0.000023320000000000285,0.01866197000000096,0.02709019000000011,0.05887492000001199,88335719,14401514,13204,1207395,2312526,27760168
2026-04-16,271895,17368,1,9473,755,330828,2.436299479999851,0.0056948500000000265,0.000014500000000000624,0.026620079999999918,0.03643682000000482,0.08663106000000084,87467935,3596955,9634,1526896,7720842,46765371
2026-04-15,249074,16204,1,5596,445,194433,2.6271944700000365,0.005111280000000128,0.0000022700000000003967,0.009345059999999773,0.00913644000000007,0.05658641999999477,83095604,3258509,196,918140,4637230,27497870
2026-04-14,268827,10612,5,6250,487,324334,2.3837249000001988,0.003477659999999989,0.000058179999999995353,0.014186520000000213,0.04284820000000168,0.0803638599999989,87675667,2155439,5554,1188872,15264351,45336895
2026-04-13,242432,15403,7,4675,405,378130,2.203100820000238,0.00472902000000003,0.00017788000000002087,0.008276620000000168,0.013792319999999737,0.08453136000002263,77757084,3091813,21470,725727,6689703,52644634
2026-04-12,205844,10130,12,4841,686,485716,1.6288126599998365,0.003508559999999954,0.00016295999999999975,0.007356380000000112,0.018832429999999834,0.10427389000003164,65755359,2037613,16898,781651,9917051,65935748
2026-04-11,229692,12303,2,5160,343,218307,1.8985637400000275,0.004017749999999982,0.000004920000000001139,0.008591519999999773,0.01781416999999971,0.05104498999998646,73730186,2427880,3020,822433,6983687,30230763
2026-04-10,264839,13496,10,5410,408,164332,2.599695680000024,0.004327699999999996,0.00013974000000000018,0.00863631999999992,0.014970589999999971,0.04482286999999276,84833021,2767837,16763,845401,6377595,24761465
2026-04-09,256982,10410,6,4053,276,314431,2.3091282600001177,0.002769219999999991,0.000021090000000000084,0.008117130000000064,0.014049550000000148,0.06572304999998947,80777301,2134167,6460,631415,9111073,42771685
2026-04-08,263891,20890,25,5137,465,268166,2.352466750000071,0.005832139999999909,0.0015983599999999654,0.008159019999999913,0.017979570000000437,0.05735633999998956,84624523,4220304,155532,789019,11617239,37539336
2026-04-07,253824,42053,24,5674,438,236968,2.2802354099997086,0.01052762999999951,0.003436159999999846,0.008257980000000147,0.008328810000000518,0.05011033999998602,80861818,8373488,89486,900264,5017630,33508697
2026-04-06,239705,8293,3,4336,378,212546,2.1032711699995303,0.0022905800000000013,0.0000074799999999993795,0.007499030000000069,0.016654860000000014,0.045944729999982344,79208289,1669839,1443,682980,11821015,30048556
2026-04-05,200142,44014,5,4359,245,477031,1.5036880999994464,0.011000220000000092,0.00004912999999999966,0.006468929999999613,0.00510868999999981,0.08606687000000633,67956346,8828439,23579,700703,2248211,66381664
2026-04-04,223163,8697,9,4716,313,196474,1.9801742899995813,0.0020678699999999864,0.00010047000000000007,0.006449419999999977,0.016673530000000245,0.043982669999986845,73594743,1714644,32657,765161,9551348,29203996
2026-04-03,258447,19607,8,4940,442,175593,2.4980227500001457,0.004975810000000202,0.00013217000000000003,0.00822980000000039,0.058085040000000435,0.04511891999999224,88416986,3879722,93470,909447,5161180,25193818
2026-04-02,264454,38822,8,5276,677,199167,2.4621888899996307,0.009561009999999941,0.000029249999999998028,0.006598310000000189,0.016906860000000332,0.051717469999993486,87061073,7735075,17618,873474,11819762,30093643
2026-04-01,280548,54290,12,9170,272,339127,2.448296349998989,0.012969930000000091,0.0005397300000000767,0.008619970000000272,0.013495359999999507,0.0680574999999918,94052201,10713367,70414,1601186,3465460,47592993
2026-03-31,259478,50258,13,7348,229,206425,2.3880193899993594,0.013721310000001673,0.00026978000000016204,0.007440670000000031,0.013859660000000504,0.0488385200000006,86509371,10110861,45640,1277021,2722529,29842010
2026-03-30,244513,41436,5,4943,354,241509,2.4224022599992514,0.009670829999999807,0.00012020000000000954,0.007441900000000008,0.008554980000000654,0.05158576000000561,82165613,8198102,12010,769636,3765794,34236720
2026-03-29,197864,66426,1,5625,347,364689,1.53525582999941,0.016912480000002804,0.0000441800000000013,0.008428810000000338,0.004020210000000142,0.06960772000000844,64642502,13323447,2207,951336,537859,53558260
2026-03-28,225320,60454,1,5484,377,471668,1.7472153699995514,0.015546380000000314,0.000032279999999999115,0.00715184000000019,0.0045992900000001585,0.090084000000019,75556359,12163983,3226,907049,696795,66914208
2026-03-27,259919,41660,0,5688,312,357030,2.581390289999386,0.010306289999999385,0,0.007742330000000297,0.004734559999999874,0.06921023000000003,85467402,8303454,0,947139,563873,48879583
2026-03-26,263392,131935,2,6522,366,226790,2.2663172799997544,0.03322274000000392,0.000004360000000001862,0.008199220000003254,0.005668280000001427,0.05474569000001604,87141020,26583647,2848,1097123,2417755,36480989
2026-03-25,304075,80444,5,4851,1046,124399,2.582402619999755,0.019494830000002027,0.000017560000000003267,0.007426510000000008,0.008283850000003392,0.034699060000000295,101407713,16066504,9995,805953,1682498,18135849
2026-03-24,254000,43917,5,4585,2630,77608,2.4458088999998107,0.011591859999999446,0.00003837999999998891,0.006856039999999024,0.01077070000000153,0.024951740000002973,87485769,8785449,5391,750703,5792427,12102598
2026-03-23,276449,88935,7,5944,582,169006,2.3627508899998833,0.026836870000000356,0.000020630000000000648,0.007688620000000371,0.013977360000000202,0.039205449999996464,89321180,18323189,8289,991718,9161470,23916932
2026-03-22,282841,15678,5,5315,545,325539,1.9811362500001999,0.00432992000000003,0.000034710000000001164,0.00880527000000016,0.008380230000000006,0.07158021000002172,85475168,3200532,7179,812165,2373438,44377204
2026-03-21,291564,11042,9,4455,2162,179006,2.6212176199998742,0.003253189999999908,0.000023060000000000528,0.007375730000000295,0.005894680000000072,0.046048910000000665,89571755,2231879,8428,713269,2033981,29279833
2026-03-20,257844,51773,18,5718,435,107524,2.656187600000143,0.015609120000000443,0.00009840999999999496,0.008903240000001119,0.006443940000000316,0.0357741599999951,92760191,10391010,34658,925920,638403,18746828
2026-03-19,259657,131321,4,9055,409,42125,2.871102080000018,0.03998744000000628,0.00016805999999999766,0.011328830000000178,0.006860510000000111,0.020072520000003417,87307908,26467844,9551,1600453,1031482,6913772
2026-03-18,249452,106339,13,7149,470,77663,2.541347279999915,0.0317465300000018,0.00023656999999994294,0.011679089999998983,0.006601550000000206,0.02598290999999845,87316135,21621480,11900,1110410,1324336,12801266
2026-03-17,260032,64929,16,5603,494,41819,3.0119337800002444,0.02307598999999971,0.00006600000000000009,0.010233109999996649,0.0077103199999990595,0.025881170000005727,96894184,13179876,14751,886846,1446217,9976717
2026-03-16,253150,95647,9,5396,485,50677,2.476340400000049,0.031197909999999898,0.00003865999999999245,0.008129179999998945,0.005837640000000314,0.021263300000006122,85949687,19390982,6105,862800,933530,8267585
2026-03-15,209535,128373,3,6276,338,62682,1.8868260600000022,0.048880560000009184,0.000005709999999999049,0.009696000000000336,0.003652889999998986,0.019698700000000874,71491738,26197277,768,983486,418215,8928627
2026-03-14,228935,115031,11,5034,562,89874,1.9796639200001047,0.035198250000002373,0.00011480000000003987,0.007988550000000136,0.005651819999999606,0.025484730000003064,75889886,23716705,31323,763934,2010757,13954474
2026-03-13,270823,39132,2,4730,384,84786,3.2874066800000894,0.01181942999999997,0.00000944999999999592,0.007689219999999887,0.010078689999999937,0.02952776000000261,89279520,7905350,461,747656,2714740,12001292
2026-03-12,256785,57626,10,6712,695,127454,2.614505590000131,0.016787150000000136,0.00002888000000000543,0.011063489999999811,0.012610800000000002,0.037257860000010044,84665937,11728009,5674,1031667,4240066,18795016
2026-03-11,248436,83801,8,5411,437,63833,2.7199242199999034,0.024383760000000095,0.0006740899999999328,0.009471230000000164,0.013067019999999561,0.03132176000000213,87308877,16921213,97659,871880,7368956,15821986
2026-03-10,258044,78153,16,6713,448,37927,2.6304108400000716,0.022513660000000678,0.0008492700000000027,0.010667910000000204,0.013926470000000118,0.01887047999999977,93333384,15884540,83451,1037671,8263165,7005976
2026-03-09,250350,101830,8,6382,782,56224,2.426612689999868,0.02976813000000441,0.0000368100000000017,0.009471109999999804,0.026828200000002186,0.02393685999999821,89183917,20523935,14871,1018742,2282679,9240786
2026-03-08,215698,126008,2,8553,2635,100636,1.8638939099999445,0.04752505999999153,0.000005719999999993786,0.012496999999998024,0.011888040000000481,0.028361589999998653,74607583,25849646,539,1348986,2952348,14791247
2026-03-07,237678,130113,7,10481,466,58975,2.111588869999869,0.05305092999999568,0.00011805999999994765,0.012622269999997729,0.011546110000000387,0.02294244000000245,80285047,26631689,18438,1744374,2906347,9260569
2026-03-06,277873,91815,3,8052,479,64420,2.8382807399999757,0.035579319999999304,0.0000098200000000076,0.012935129999999982,0.006707289999999443,0.0334573799999999,96420031,18664555,1196,1345770,753787,14053423
2026-03-05,281004,106535,7,10063,938,65966,2.584038669999938,0.039750519999998464,0.00003054999999999031,0.012828739999998527,0.08549625999999919,0.03205926999999626,94131130,21901769,5095,1683340,14777909,15237079
2026-03-04,278755,58221,4,6977,563,33292,2.9627485799998996,0.024143219999998723,0.000015730000000001992,0.00927985999999982,0.008770050000000053,0.0256840800000022,96470920,11841771,1439,1140532,3576573,5530547
2026-03-03,261824,53998,8,7330,606,57420,2.625120859999985,0.01727353999999996,0.000052589999999994724,0.012011459999999557,0.02091319000000042,0.02966839000000012,90643434,11006572,7533,1152967,12761703,9012034
2026-03-02,267428,97929,5,7295,485,49224,2.5739486499999362,0.03080563000000288,0.000023750000000006405,0.011114540000000062,0.015064059999999085,0.02784973999999903,89721675,20032337,15463,1169072,1434281,8041504
2026-03-01,230128,165529,6,11346,781,54897,2.41669298999992,0.07783983000000227,0.0008977500000005856,0.016951520000000053,0.014216290000001228,0.026202090000002926,82192974,33478905,45470,1933746,4440817,9658922
2026-02-28,259578,89906,5,10075,1190,64155,2.4386596199998114,0.024482410000001335,0.00003224000000000629,0.013737440000002175,0.021238230000000354,0.02938709000000433,92022574,18329598,20912,1668388,5778002,10367766
2026-02-27,284374,99695,3,14176,613,16649,2.9135771499998304,0.03973973000000065,0.000009650000000006875,0.013563239999999567,0.02866348999999184,0.020031039999999133,96443732,20445336,7940,2471089,3102613,3567799
2026-02-26,277756,111472,6,8696,720,26859,3.3582518799999526,0.03241060000000357,0.000032710000000005235,0.01288865999999992,0.006544870000000154,0.020732940000000963,94745133,22704174,16129,1478960,1327753,5529442
2026-02-25,271206,139646,15,12582,640,61292,2.8198445399997794,0.0483284700000049,0.00010721000000005199,0.015486260000001778,0.005728680000000458,0.024945990000000737,94041122,28379686,69531,2099354,2562339,9684295
2026-02-24,268968,131213,9,10752,912,155019,2.6023102699996543,0.03349714000000126,0.00003870000000003038,0.013301330000002276,0.00979546000000548,0.03666154000000607,88009341,26705345,29749,1820193,3395579,23411360
2026-02-23,245386,95141,1,7729,843,104571,2.508734629999762,0.034416419999998296,0.0000021500000000063135,0.009990040000002053,0.02656169999999907,0.025182080000002383,88504024,19282362,1756,1280734,2021138,15936038
2026-02-22,209643,120612,3,5617,812,192808,1.7869746599995553,0.03436959000000567,0.000032600000000000684,0.005896840000000472,0.009425559999999472,0.04240188000000401,78795291,24309088,16854,962373,3252712,31388247
2026-02-21,226960,82028,3,5118,1828,34814,2.083057919999991,0.02593192999999974,0.000003090000000000731,0.007177239999999845,0.02730117999999965,0.016174009999998178,79679183,17344096,942,813536,3662357,6245750
2026-02-20,251879,130743,11,6003,601,24305,2.5173619400001077,0.04228404999999573,0.00016170000000000767,0.008019999999998612,0.007466689999998756,0.015438369999998779,87426698,27259947,87551,990757,1335701,4682916
2026-02-19,243752,125844,6,9700,481,132718,2.226422880000009,0.0552031900000011,0.00003131000000000661,0.01725757000000324,0.027973670000000214,0.030976180000003344,88577297,25377186,20489,1590100,2272503,19064112
2026-02-18,239286,70470,15,17941,982,178449,2.1727995899996912,0.061080450000000515,0.0003266199999999442,0.02830393000000763,0.01000850999999972,0.033864680000006135,84086483,14276616,183691,2836447,4391662,23401514
2026-02-17,227815,123268,6,6326,526,301194,2.182824769999759,0.037474100000003056,0.00007659000000000138,0.0063626100000009,0.007462159999999357,0.05603963000000139,78882093,25181336,44464,1085136,1904770,40280414
2026-02-16,226314,151677,24,8660,954,138432,2.1097063799995635,0.044720090000003584,0.00014822000000000446,0.012179170000000565,0.01692430999999945,0.032638310000001156,84844253,31122134,75005,1523262,9778352,23081275
2026-02-15,205052,123071,5,7352,1544,364945,1.7167349799999934,0.03643924000000564,0.00007108000000002196,0.006428270000000777,0.0178223900000007,0.07394712000004015,74823069,25139037,63494,1286941,10075465,55604221
2026-02-14,236171,83583,3,8191,1104,208342,2.0615958100002842,0.03946005999999959,0.0001891200000000634,0.011066550000001216,0.023381980000000573,0.04743681000002601,82858087,17067562,91236,1364621,14055218,31047045
2026-02-13,263413,82419,7,5889,891,177131,2.6733211400000765,0.0273263099999992,0.000021390000000003073,0.00891175999999981,0.014313379999998897,0.040617459999997836,89760079,16878463,9882,972834,5033862,24542818
2026-02-12,258426,116638,14,16124,1714,92022,2.4364566599998536,0.04449920999999422,0.00004741999999998553,0.0118908499999986,0.02602848000000222,0.032830520000002306,92216507,23978854,15600,2858210,12769157,16924528
2026-02-11,256305,135733,4,6500,1931,54709,2.80007363999998,0.06264809000000017,0.0001345800000000369,0.01623004000000043,0.02965108000000459,0.027011110000001864,89295194,27723332,20423,1072782,12990992,10690733
2026-02-10,254679,79505,4,8063,3269,40408,2.4419564199999093,0.04394885000000115,0.0004098900000000169,0.012025209999999578,0.0781519299999962,0.019465999999999782,87838529,15996302,30748,1318014,14943494,6633149
2026-02-09,250525,108324,9,7411,746,34998,2.790238289999924,0.07018610000000214,0.0006581700000000829,0.014430970000000626,0.0174935800000022,0.03048850000000483,95170252,21638583,85597,1211092,7351518,12114865
2026-02-08,224507,201705,9,11792,725,68473,2.0820894599999633,0.09575807000001099,0.00024185000000019607,0.014162050000001175,0.013774999999999663,0.026090679999999464,82105861,40950705,42255,2012946,3363150,11931789
2026-02-07,245624,164859,8,9725,722,73569,2.6196791599998654,0.09122771999999389,0.00012269999999994785,0.015221639999996775,0.013493649999996221,0.028143990000000396,88171572,33967142,40425,1622554,6666088,12476453
2026-02-06,327009,39932,19,6937,688,35572,6.148930770000262,0.018611209999999438,0.001503440000000033,0.01639749999999945,0.017180269999999862,0.03822230999999957,115386815,8137699,52455,1164512,6885451,6298837
2026-02-05,320941,41820,3,4777,338,16671,5.5264205899999155,0.02062033000000029,0.0004757199999999885,0.01040139999999726,0.007519769999999801,0.027397089999997088,105313504,8626619,36868,738141,2063905,3380362
2026-02-04,275276,93900,16,5970,569,35487,3.1020188000000077,0.05088904999999196,0.0011834199999999767,0.010185209999998598,0.025033000000005974,0.02829074000000458,95902109,19058431,143945,928993,8826831,9333596
2026-02-03,283827,122491,11,11007,781,17344,3.1778416999999872,0.06718073000000471,0.00005894999999993267,0.01809840000000007,0.01123233999999694,0.02069266999999804,95505942,24678773,20166,1702795,1268469,5270556
2026-02-02,267218,70438,7,7026,444,12190,3.3362691899998462,0.039245159999999724,0.00010086000000000817,0.014406920000000968,0.006303369999999982,0.021516890000001496,89249646,14189210,26396,1092876,1298383,2721209
2026-02-01,235759,59892,13,6011,761,50343,2.4492107999999777,0.02860901999999683,0.000050920000000009846,0.011195129999999356,0.010042270000000221,0.022481900000000308,82543259,12086691,15363,935013,2981574,7364316
2026-01-31,276970,74317,11,6668,674,46762,2.9593649699999904,0.026280009999999288,0.00022415999999999756,0.013305059999998741,0.013988169999999519,0.027505429999999442,92985529,15014056,27684,1037232,6365954,7912542
2026-01-30,294829,27554,11,6900,1147,50355,3.2765575600000814,0.00853896000000034,0.00045548999999978253,0.011156519999999526,0.020803919999999247,0.03310714999999978,97298635,5616381,72715,1082597,9468233,8713891
2026-01-29,270954,71756,1,6758,472,78784,2.6648720400000303,0.02032698000000335,0.000001300000000002688,0.010809609999999786,0.006470590000000512,0.037296240000000605,90228780,14283528,778,1059798,2238453,12975586
2026-01-28,257649,30209,6,5446,995,41790,2.8172203900000183,0.008569429999999604,0.00003919999999999618,0.010439370000001901,0.012808009999999835,0.021831680000000728,83096800,5965481,24297,858874,5367280,6431683
2026-01-27,250866,36149,12,4913,957,69430,2.2374885599999574,0.015100850000000816,0.00013252999999998315,0.008321690000000203,0.019207190000000186,0.02386452000000046,78232537,7384326,39519,763463,9583772,9770572
2026-01-26,246704,31055,3,3302,1392,119976,2.3146781899997504,0.008506039999999958,0.00001353000000000118,0.006403220000000279,0.017349650000000046,0.03008080000000059,83310757,6327487,9136,529200,8386911,16473872
2026-01-25,213643,14195,6,3580,1853,81643,1.8767059100002117,0.003502720000000055,0.00011684999999999864,0.006183220000000333,0.01928288999999946,0.02211363999999789,71919295,2977488,56996,541324,8688517,11759865
2026-01-24,214457,11687,6,3021,1137,58836,1.971499639999882,0.002837990000000027,0.00041385000000000163,0.006043600000000053,0.011107569999999886,0.023565709999998484,70606111,2448728,116340,472839,2731611,11379200
2026-01-23,259324,78282,8,4669,2572,91708,2.434080229999905,0.019084130000000782,0.00002131000000000355,0.008391440000000895,0.01989533000000248,0.03225407999999755,88787587,15577422,6980,719902,3379775,19397980
2026-01-22,252710,108469,6,3850,906,98099,2.194440769999642,0.027610930000003857,0.00003335000000001184,0.007330660000001821,0.021082820000004335,0.03612221999999708,84155958,21656790,26326,608466,12111264,22048740
2026-01-21,266060,18228,11,3902,3206,136788,2.603508209999951,0.004653110000000092,0.00033026000000001016,0.006846460000000016,0.023535800000000953,0.04663868999999021,88082192,3717687,46526,591487,7033422,23545699
2026-01-20,249323,55315,12,4051,691,73756,2.6586662399997865,0.015491270000001372,0.003934420000000001,0.00784663000000136,0.010664480000001041,0.045481470000000426,85338030,11184955,205778,636426,4716170,21221607
2026-01-19,251374,32780,12,5781,1225,63423,2.186337259999852,0.01132992999999993,0.0006712000000000974,0.012087469999999998,0.03542713999999957,0.036826590000000915,88584587,6765918,29097,943157,20594462,17052629
2026-01-18,211475,62197,16,5367,823,52648,1.769643449999918,0.021778509999998984,0.0004051899999999442,0.008994329999998576,0.00938302999999941,0.0540371400000003,75286654,12661548,106056,833144,1808245,29494081
2026-01-17,235315,65704,10,4592,955,50815,2.2545045699998822,0.024849799999999256,0.00007542999999999786,0.01031975999999988,0.009266860000000505,0.04018770999999978,92415127,13496916,36111,754534,2186066,19228532
2026-01-16,276727,52575,12,5627,1009,25993,3.2057695799998154,0.019735940000000427,0.00006968999999999725,0.009575049999999988,0.008100310000000773,0.07437916999999834,102083637,10402638,29696,889419,508827,9792821
2026-01-15,280008,60910,18,4449,1600,27238,3.152688150000018,0.024036059999998485,0.00010589999999998864,0.009325289999999965,0.035698549999998344,0.0304278899999984,98227114,13508302,32058,701087,3379374,8703401
2026-01-14,274747,15563,8,5953,648,27408,3.003941739999938,0.006268659999999919,0.00027921999999998975,0.010666020000000321,0.023280409999999505,0.028446790000000666,94000200,3601234,37640,940905,11543263,5463123
2026-01-13,264247,50761,12,4386,555,16368,2.8676623799998975,0.018143220000001903,0.00010779000000000344,0.008154859999999934,0.023016780000006763,0.034287209999996994,94692941,10963030,22254,672401,1449684,12052069
2026-01-12,251678,125113,17,4056,615,29770,2.2523189199998708,0.0532352300000022,0.0006981900000000152,0.010611659999998704,0.024915020000000426,0.031779390000005625,84300020,26428545,95787,640841,2427433,13238843
2026-01-11,216821,3391,21,5186,1145,63753,1.8446307199999756,0.0013445200000000033,0.0000606099999999987,0.011091840000000063,0.02086371999999973,0.0419356900000016,80772307,722512,12194,815031,7265892,20607069
2026-01-10,237877,210298,3,6129,960,33519,1.8478558599999007,0.12475027000000022,0.0007111999999999674,0.009578830000001315,0.023665270000010674,0.029197330000001936,86701603,43049871,71065,1010425,1461142,9349326
2026-01-09,273479,2613,8,8443,966,70146,2.484653719999956,0.0040820100000000005,0.00008000999999999928,0.0283872299999999,0.05446327000000048,0.039352149999993036,104829292,543486,22627,1368755,6653963,14146925
2026-01-08,250414,40162,11,8251,663,34914,2.36981253999998,0.02217626000000052,0.0008269199999999949,0.04022865999999775,0.05424882000000049,0.040136769999996144,89077784,8394409,57153,1332902,5511997,13040671
2026-01-07,259668,109506,16,6984,741,48276,2.4172860999996386,0.05200355000000858,0.000671000000000116,0.03866061000000381,0.043962430000002065,0.04632103999999867,92126705,23319885,94660,1093228,3916785,13012730
2026-01-06,273232,120213,9,7539,6493,17409,2.629325219999915,0.0592662700000071,0.000728070000000712,0.03380106000000137,0.01228761000000305,0.02897263000000378,89215643,25236900,44004,1191569,2802112,3772298
2026-01-05,276315,107052,10,10214,352,15682,2.63491320999993,0.061249940000005484,0.00005640000000006057,0.05719166999999124,0.006034929999999113,0.02801722000000372,91934476,22058798,22240,1664385,693085,2778691
2026-01-04,239413,195204,4,9478,4517,25973,2.2020444100000534,0.10697402000001514,0.0012421499999991231,0.05000867999998175,0.008644349999997955,0.027254229999991858,82794304,39669068,124129,1526044,1572063,4172929
2026-01-03,247671,207235,2,17458,463,28443,2.2817362199997087,0.163707380000016,0.0003106800000001464,0.14094992999998762,0.005950119999999531,0.02761715999999756,82511853,42675605,31006,2851537,730216,4343377
2026-01-02,261551,169072,3,8440,541,19358,2.527803509999757,0.07856041000001598,0.000007679999999996023,0.04998333000000427,0.004795149999999623,0.025096370000004073,86043573,35533691,3391,1336967,376545,3136307
2026-01-01,221460,211984,2,5313,3651,26689,2.0289953099997957,0.10257708000001689,0.000006030000000031843,0.06666821000000378,0.010918189999998398,0.025441970000001243,76088566,44340297,541,835523,1680340,5127327
2025-12-31,277399,104604,0,10485,415,15234,3.027483880000067,0.057380760000003236,1.3877787807814457e-17,0.02942314000000197,0.015019100000000188,0.02598021000000053,94512851,21460265,0,1684590,1211615,3080036
2025-12-30,278424,70776,1,8718,573,11007,2.8382644799999706,0.04959988000000134,0.00003794999999998799,0.03452361000000117,0.02727189999999958,0.023047310000000598,92539010,14072766,314,1406976,643868,1889006
2025-12-29,273057,240575,8,9666,368,23588,2.4977701100000327,0.15913135999999964,0.0006586099999996986,0.052402089999981055,0.008866019999999891,0.025989229999991148,88030487,47579443,55620,1546655,775629,3526101
2025-12-28,224023,291525,2,7039,740,20663,1.855636039999602,0.19440625000003403,0.0005200799999999783,0.05293361999997953,0.00862999999999553,0.024681889999996737,71641434,58784722,51810,1098400,757301,3656925
2025-12-27,237692,207602,2,5205,669,19743,1.9556744699996464,0.09518405000002902,0.000004569999999995411,0.03294556000000948,0.011387400000005418,0.023436130000004454,73370647,43608383,535,794662,1849081,4038987
2025-12-26,249512,213815,4,5892,584,47271,2.1785082699997615,0.09509432000001512,0.00020040000000033642,0.04941098000000056,0.010363779999999836,0.03228697000000316,77499184,45092795,19846,930354,2054256,7844496
2025-12-25,222717,52155,6,8486,691,179972,1.9569749499996965,0.019708649999997645,0.00013949000000000947,0.04854395000000157,0.011830210000001212,0.05055247999999819,78755679,11003745,45346,1378250,4698850,27046540
2025-12-24,266630,39241,7,8968,571,185838,2.5988003899999628,0.014637899999999019,0.00003853000000000016,0.05517967999999831,0.0092067099999996,0.05887474999999155,100297943,8277586,16876,1500865,3843484,29280522
2025-12-23,273035,104700,7,8318,562,44382,2.4399291699998344,0.05381133000000052,0.000017629999999997648,0.012823589999999871,0.004635730000000095,0.04062567999999916,92616874,22251711,8670,1354681,499695,11305658
2025-12-22,262644,111298,2,7972,490,44871,2.4490692499999884,0.05058193999999902,0.000012139999999993822,0.011344349999998178,0.004710839999999807,0.03434625000000176,86853545,23401172,6002,1332118,1192520,8626418
2025-12-21,223465,101647,4,7909,644,107432,1.7645392600001777,0.04586987999999702,0.000060569999999988966,0.013804659999997228,0.007853760000000043,0.04718860999999427,77052852,21753402,8496,1321868,1350616,18610365
2025-12-20,250846,93999,5,10897,539,84610,2.0669567599999668,0.04624180000000153,0.000030420000000003222,0.022065479999999894,0.008284349999999191,0.04508807000000508,90424044,19960248,8614,1851277,2381099,13688924
2025-12-19,282488,91843,5,9238,708,49898,3.1632128999999773,0.040532970000001854,0.00007468000000000058,0.019090969999998042,0.006562989999999533,0.051606600000002306,94340176,19756399,19135,1537906,676236,15198098
2025-12-18,272099,139545,4,9178,893,42162,2.6197472199999448,0.06899098999999591,0.00009282999999980779,0.012076169999998776,0.006452859999998409,0.03431767999999817,92815800,29708701,6716,1545356,1604148,7139964
2025-12-17,269919,102229,28,9039,717,64580,2.7032291000000814,0.044145439999998044,0.0006984899999989413,0.014160839999998363,0.006882740000000789,0.043861400000002694,90480729,22909179,43179,1426842,975641,9771607
2025-12-16,265824,63300,20,9714,869,104007,2.6133557200001154,0.023834140000000455,0.0004201099999999458,0.01891572999999956,0.01944780999999946,0.045433119999991146,94545261,13406674,42371,1553344,2647800,16062970
2025-12-15,265429,84700,3,7588,863,64772,2.6706735400001103,0.03886791999999574,0.00009847999999991475,0.012476840000000627,0.012515610000003799,0.04404768000000098,89050739,18009124,6895,1201736,1789821,11281676
2025-12-14,218425,63797,8,5744,834,127878,1.8443991900001155,0.022379689999998634,0.000518279999999996,0.009091189999999291,0.005825209999999255,0.048247600000001556,73498553,13561029,35881,926737,905338,22983985
2025-12-13,243524,40037,4,6509,982,204867,2.0817976100001707,0.012703549999999,0.00002123000000000229,0.01117255999999968,0.01280878,0.0681217700000046,85581834,8427629,5192,1007390,5699643,30060852
2025-12-12,281767,72623,20,7326,948,54467,2.709085959999969,0.02760109999999666,0.0006187000000000206,0.01247323999999974,0.05201533000000541,0.03566609999999925,99241620,15752178,59459,1175088,5461112,11524842
2025-12-11,272654,125725,8,6141,853,67476,2.4837665899998504,0.04540770999999893,0.0017553599999996436,0.0104270499999983,0.06238107000000443,0.04370882999999834,93147701,26596295,175165,992482,5435058,15046107
2025-12-10,276273,68515,14,7415,1362,196904,2.563750889999859,0.022755230000000896,0.00034740000000001853,0.012491710000000614,0.028004310000001642,0.062054110000005935,95312653,14034952,39606,1151542,3329172,28424806
2025-12-09,283253,18477,7,6378,752,140094,2.8725229900002387,0.006112400000000102,0.00005689999999999775,0.011805770000000083,0.040409310000005326,0.04947391000000073,93288040,3930621,9705,979423,2766878,20209319
2025-12-08,259999,55336,12,4570,711,259645,2.5032649500005117,0.016453489999999116,0.0002645999999999725,0.009521090000000582,0.008988410000000491,0.07197439000002413,87427488,11435719,45939,719853,1231019,37172333
2025-12-07,229318,49756,5,7620,797,255695,1.8614680299992872,0.016384460000000028,0.00015400999999991977,0.01924230999999874,0.011674970000000014,0.0821056900000196,82034397,10405060,16854,1295991,4749537,41148436
2025-12-06,245130,107076,10,7419,860,166566,2.279760529999583,0.036790899999995325,0.0003988199999999456,0.0170350699999968,0.006227419999999345,0.0655552500000211,88345795,22550804,27525,1233263,1063539,25344242
2025-12-05,278707,25604,8,4939,768,46304,3.4933472300000057,0.00836637000000031,0.00006036999999999709,0.016977979999999608,0.01695524000000001,0.03690393999999934,97038754,5329312,4759,836177,1136159,7646201
2025-12-04,288156,42062,19,7465,946,75461,3.141154269999808,0.015047519999999048,0.001902180000000045,0.01768953999999792,0.010273649999999641,0.041133240000002944,98709159,9500357,133313,1210394,1462114,12759604
2025-12-03,298136,16391,7,7434,960,106696,3.4814942500000123,0.0052650699999998865,0.0002067499999999986,0.014118089999999243,0.010626850000000333,0.05291406999999971,96810323,3563531,12830,1129425,1208607,18591901
2025-12-02,293662,18011,8,7179,899,92891,3.8151894900000625,0.005962299999999705,0.0004797599999999975,0.01416472000000002,0.01486110999999987,0.04996549999999618,97241876,4094089,50573,1104837,2145350,15902499
2025-12-01,297942,28358,3,4916,779,70125,4.0273826100003545,0.008856909999999316,0.00010981999999999138,0.011807349999999939,0.006333570000000498,0.046018800000002254,108472447,5944475,7312,754434,737919,10276628
2025-11-30,238402,66808,18,7028,1264,204014,2.013661750000104,0.0219353300000004,0.0002619200000000127,0.01238168999999821,0.01942455999999807,0.06547006999999289,91428546,14048437,102695,1098180,8365104,33283001
2025-11-29,251791,59091,6,8951,1176,79688,2.139998779999887,0.02312510000000011,0.0000555900000000116,0.016061299999999504,0.009006809999998592,0.04275486999999955,94477596,12642205,25715,1395450,2416995,14955422
2025-11-28,286716,191374,2,7281,1039,25279,2.69850607000011,0.11676778000000282,0.0001263200000000131,0.013750030000000857,0.010362559999999549,0.030200149999998455,92203080,38255299,60237,1109124,1155832,3842309
2025-11-27,274581,24913,4,7626,1117,95584,2.831781649999755,0.011019539999999597,0.00006227000000000142,0.01666283999999972,0.011735499999999838,0.05078040000000582,99293757,6468471,8427,1162959,2798761,17194810
2025-11-26,284859,25489,8,7186,959,158541,2.7771999399995244,0.011835940000000182,0.00009601000000000748,0.012873509999999243,0.019209020000000486,0.07599257000000008,106083889,5799740,28640,1118155,6035575,29364919
2025-11-25,267908,8417,14,4770,791,68925,3.0668313099999045,0.003639560000000087,0.0002556300000000006,0.011430150000000154,0.01037207999999979,0.047152830000001617,89595829,1826730,22572,742218,1589253,14187459
2025-11-24,267464,48800,32,7889,1229,74711,2.489707559999977,0.023229979999999612,0.00013067000000003756,0.014333550000000823,0.01571549000000021,0.04044092000000506,101844834,10602205,30237,1286099,2935776,11975917
2025-11-23,230560,16899,3,6999,965,61747,2.2399708599998815,0.00827121999999997,0.00003721000000000106,0.014897689999999684,0.020792750000000478,0.036642990000004136,107460797,3858830,8994,1077990,3384803,9516661
2025-11-22,248717,194557,3,9835,746,18484,2.686049400000231,0.21301657000001775,0.000010700000000002374,0.01657091000000105,0.0074188699999998,0.024433039999996048,84329776,39054975,965,1564434,527542,2795413
2025-11-21,315420,44425,14,10524,1090,41794,3.533111469999933,0.025519660000002123,0.0013781400000004093,0.01960883000000111,0.016180320000000845,0.04273826000000205,117849033,9164069,28645,1630155,1754989,6582067
2025-11-20,291472,25426,5,9233,1385,34374,3.055486709999926,0.016141989999999194,0.00014996000000000106,0.017130210000000232,0.03734361999999307,0.047212670000000415,97742755,5334666,9672,1483621,6102019,10827308
2025-11-19,286739,20788,4,8585,1267,44408,3.2107944099999925,0.012356929999999794,0.00020685000000000148,0.01700583000000047,0.030864899999998627,0.058250139999998764,100796844,4314334,6819,1359094,2415183,14676161
2025-11-18,279518,2897,4,6258,657,27905,3.651987159999943,0.0014949200000000085,0.0001835700000000014,0.01518392000000012,0.01650031999999973,0.040436439999998935,109297616,626307,54034,989715,2382888,7830038
2025-11-17,273912,127103,2,6245,894,7387,4.096900600000134,0.318574489999995,0.00007236999999998828,0.019084670000001247,0.009336909999999643,0.03167364000000106,93593104,25097660,7175,1025478,500047,1311182
2025-11-16,236248,316849,1,12107,832,15815,2.0585404499996653,0.4948158600000349,0.000003250000000010189,0.020149489999998604,0.008583209999997732,0.025402359999987023,76490361,62634376,294,1889339,640074,2436494
2025-11-15,259975,198679,0,7804,673,17199,2.3341417099998254,0.18595885000001752,0,0.013303999999995375,0.008455409999996943,0.025093589999998583,90371902,39584043,0,1179286,754489,2644697
2025-11-14,312236,141770,3,9566,742,17835,3.256219069999814,0.11844834000000114,0.00003222999999999421,0.01931040000000113,0.007459229999999151,0.0343953799999978,102969403,28499372,1865,1523425,717192,2819824
2025-11-13,285065,164692,5,6910,1227,28820,2.7771904899998248,0.12271794000001923,0.000037419999999940834,0.013964290000001572,0.010336310000002638,0.03880967000000175,93599818,33651438,2943,1104945,942535,5076784
2025-11-12,272213,97118,4,8433,844,72411,2.454988539999983,0.08391670000000118,0.00003777000000000641,0.01661526999999763,0.00977637999999946,0.042584790000002384,92962014,20137450,11154,1303223,1651424,10947716
2025-11-11,270836,132934,9,11202,754,66214,2.44439589999999,0.16743043999998863,0.00008055000000001256,0.022936099999998988,0.008841890000000435,0.04620927000000791,92253582,27287828,11915,1781477,782094,12883830
2025-11-10,284227,110411,6,8242,582,46125,3.732507070000061,0.057451920000002196,0.00008773000000000808,0.014700899999999184,0.008086019999998778,0.04706836999999778,94400238,22836157,6297,1267562,921798,7754233
2025-11-09,226036,148659,7,8193,642,82810,2.1533516200000236,0.07081741000000728,0.00021138999999942287,0.0143857799999932,0.008265129999999551,0.04769371999999791,78474227,31109807,21037,1300857,1664907,13149658
2025-11-08,238883,55373,5,8952,506,47701,2.5226800399998,0.024904180000000973,0.0001643299999999938,0.01714039999999718,0.005184049999998806,0.040132709999997705,87803651,11258739,16278,1434653,521979,7777386
2025-11-07,296987,70881,3,6262,558,101554,3.258290179999803,0.03150131000000043,0.00024541999999989905,0.015346270000000266,0.006854889999999524,0.06144820999999925,100418403,15176864,24411,990019,1157376,18111985
2025-11-06,283273,41646,7,6931,565,83856,3.236260519999907,0.01607665999999944,0.0001869500000000017,0.016699130000000856,0.007877760000000466,0.051409860000011895,102161275,8991205,10264,1078216,1137611,14422002
2025-11-05,289366,15786,6,6874,742,83298,4.08010377000001,0.007013899999999961,0.00007220999999999964,0.01732139000000031,0.021513980000000623,0.05751459000000717,102761400,3662828,6299,1040117,4480861,13512322
2025-11-04,307733,18262,2,8125,467,41395,3.8619016700000848,0.00996274999999944,0.000030620000000002034,0.01953651999999993,0.008037220000000352,0.055990850000000494,106244400,3653124,6906,1314684,1034508,8176165
2025-11-03,289156,112175,12,9674,785,35901,2.9904654499998857,0.06535819000000756,0.0005052799999999968,0.016277210000000777,0.007890640000000462,0.0446700600000034,100467619,22503958,31429,1649063,774312,5527546
2025-11-02,234406,64380,5,9600,740,98961,1.9596316400000555,0.031904710000000926,0.000038240000000001884,0.017888200000000333,0.0166404500000017,0.06291240000000017,91684220,13391604,2989,1530725,3348701,19018197
2025-11-01,256227,97449,6,8958,873,27807,2.299147729999912,0.1029951400000063,0.00001798000000001465,0.017127299999999776,0.016761060000005337,0.03303757000000093,95995151,19410722,1889,1406762,2778739,4178985
2025-10-31,294195,115708,4,7383,831,41942,3.3131592300000015,0.0814370200000024,0.00006820000000000437,0.016722589999998663,0.011213280000000853,0.050374319999997336,96933190,23794166,5648,1140793,1108975,6526556
2025-10-30,287591,64508,2,7166,717,194074,2.7269976699995917,0.02965807000000264,0.00005811999999999484,0.014215720000000438,0.00825264999999998,0.08831537000000064,92310001,14184634,5672,1122835,1443047,30861771
2025-10-29,272775,25078,4,7814,1213,85144,2.514022949999898,0.014712340000000388,0.00007545000000000988,0.015145610000000325,0.00873930000000008,0.0557076000000042,87915236,5872696,4448,1200480,1385413,13438973
2025-10-28,272546,113774,1,7261,3365,127760,2.7854206999998175,0.05146635000000381,0.00011977000000002597,0.01405731000000049,0.021090690000002667,0.06372390000000236,90515521,24060394,11946,1153968,4898892,19006078
2025-10-27,279934,48790,7,8922,896,168800,2.6820719999996094,0.02071296000000149,0.00028218999999998773,0.016265459999999825,0.021390240000000026,0.08085347999999816,94199112,10159736,21824,1380457,3095741,25001704
2025-10-26,221202,93241,5,6512,931,199437,1.8922947799998755,0.03661207000000188,0.00004580000000000556,0.011195070000001063,0.014012000000002418,0.08285957000000961,72191343,18865846,3673,1032698,1783887,31910988
2025-10-25,236066,113168,14,10933,1302,142916,1.9948252599997618,0.0500993700000019,0.00013394000000010314,0.023224160000001597,0.024033080000001643,0.0777774800000072,84102004,23325883,29103,1738705,4141226,26994821
2025-10-24,284950,171390,7,7017,916,106932,2.7378321800000607,0.07818260999999928,0.00014302000000000759,0.014000700000000463,0.011775959999999072,0.06343808000001169,95372698,34912435,15539,1125938,2182450,18104677
2025-10-23,273574,93075,4,11203,910,47494,2.5596588399999844,0.04567823999999976,0.00005098000000000602,0.018461929999999585,0.016784619999998418,0.04156671999999821,91296238,18963578,4974,1914385,3100254,8005068
2025-10-22,263190,87822,3,7123,759,130244,2.772343680000019,0.03514014999999955,0.000022799999999996434,0.0130333000000021,0.010808839999997488,0.06437957999999644,91397547,17957988,2187,1128062,2334958,20150639
2025-10-21,282394,56396,5,9247,609,80388,2.831519550000014,0.030793149999998787,0.0001402200000000034,0.01746349999999969,0.011671110000000567,0.060662470000002605,98786185,11980038,13835,1468232,3125648,16314506
2025-10-20,272436,24459,6,7455,1018,119279,2.8263492099996594,0.010606419999999908,0.00014517000000000002,0.01513205000000025,0.01203050999999996,0.06658936000000662,95872345,5263495,14362,1175169,2863116,22774874
2025-10-19,221030,165750,4,11951,2475,42043,1.9630733099998607,0.2017532100000358,0.00024193000000005682,0.017434369999998534,0.012142740000000207,0.03721439999999565,80108649,33301552,19913,1799678,1354336,6852179
2025-10-18,242041,296569,3,10568,1396,13441,2.0672501299999344,0.4111054700000562,0.00001399999999995849,0.02449180999999706,0.02191837000000041,0.029777200000002002,77375039,59030088,1737,1738552,1951902,2270232
2025-10-17,305940,140502,11,6039,2426,25150,3.4896166100001023,0.09787175000001253,0.00015868999999996136,0.014602810000004351,0.022458280000002134,0.05042605000001418,102326690,28165656,15557,936864,817345,4179144
2025-10-16,287062,88047,6,7210,767,114308,3.0310875999996925,0.04289403999999942,0.00015269000000000393,0.013009939999999783,0.008918299999998984,0.07198611999999806,99584076,18329090,13779,1166506,1300582,16544862
2025-10-15,285200,44127,8,6100,912,143897,2.8314794099999365,0.019985729999998862,0.0005891500000005552,0.012679490000001445,0.011942410000000212,0.09120857999999912,91921499,9364277,54375,974327,1283560,20947727
2025-10-14,283459,136240,5,9155,1720,132212,2.555246950000103,0.07335442000001029,0.00009965000000006219,0.015552369999999094,0.010850059999996109,0.07372484000000883,94942950,28646986,9387,1527295,1501771,19321580
2025-10-13,276855,62004,1,9664,2333,140715,2.714689399999671,0.04624192000000227,0.0008788200000000301,0.014980519999998686,0.020438809999999634,0.07338965999999308,92542660,13241225,87851,1540874,4009674,20157775
2025-10-12,240537,61907,10,10563,1381,149089,2.281072020000038,0.040468709999999165,0.0006205299999999941,0.02133132000000166,0.012936380000001219,0.08209726999998934,88787718,13230920,90018,1629983,1520569,22549658
2025-10-11,294439,28481,5,16412,1540,103210,3.415874899999956,0.0212461999999995,0.00037701999999999875,0.03213474000000197,0.04051461999999897,0.08946198999999874,104062752,5920604,31068,2615635,4463513,15165443
2025-10-10,300458,30821,6,20537,1477,64856,3.8610436800001793,0.02482505000000066,0.001024149999999998,0.0366974499999978,0.01402304999999934,0.09217029999999769,101094569,6335941,50323,3248139,1662162,9861033
2025-10-09,281796,22930,7,14810,1079,47160,3.56806240999996,0.03757958999999959,0.00012578999999993123,0.059132249999998394,0.008959829999999808,0.12274695000000224,93459459,4718542,12311,2507530,688362,8034227
2025-10-08,303769,55981,10,11744,1334,54636,3.215699989999869,0.049193919999997116,0.00041696000000000094,0.019762439999998938,0.0145170000000008,0.07954055999999807,109216704,11454878,31601,1974882,1039983,8932806
2025-10-07,303541,2118,6,4332,1747,118748,3.90679459999985,0.0010499499999999903,0.00028681,0.009703070000000029,0.02695455999999981,0.09919291999998914,104825949,440807,19369,680388,6081868,17755808
2025-10-06,298439,3138,4,2810,1008,125875,4.274135380000263,0.0017892700000000606,0.00013713000000000006,0.008082310000000016,0.013623940000000015,0.11612308999997917,92301259,662097,13550,439254,2272952,18409790
2025-10-05,279197,7920,11,7231,2258,228755,2.5120528800005126,0.004984980000000127,0.0009409000000000006,0.020807070000000302,0.021594550000000205,0.1329800899999689,92025277,1690731,92443,1172694,2892520,33322463
2025-10-04,297254,742,16,5207,2113,116699,3.824464770000098,0.0007454900000000019,0.0014931599999999951,0.015968720000000065,0.012166359999999888,0.11395250999998698,101536193,159562,67805,830155,1119758,17719467
2025-10-03,311992,708,5,7274,1140,66607,4.964810700000084,0.002767170000000008,0.0004901600000000029,0.03912712000000024,0.014024079999999987,0.11097749999999477,102665756,149395,23804,1172709,618122,10711000
2025-10-02,316241,2175,14,4508,830,57818,4.0063765000000044,0.001862019999999996,0.0006227300000000019,0.016278320000000086,0.009178609999999983,0.1065101400000037,107939695,490287,34756,757012,762988,10152599
2025-10-01,309833,13909,17,5978,1106,143037,3.4754838599998266,0.009197840000000018,0.0007101899999999873,0.010465680000000041,0.006980049999999604,0.13174475999998694,110641610,3235546,66886,1060189,599203,22446390
2025-09-30,303671,4721,15,6046,851,240057,2.990939439999408,0.003816409999999954,0.0002511700000000002,0.01301465999999996,0.008040240000000169,0.14239771999997988,100589998,1157332,22831,966198,1031983,35932759
2025-09-29,290269,1385,13,5487,931,146375,3.167228990000119,0.0011323999999999952,0.0005105500000000211,0.01244509999999997,0.008188150000000073,0.13764411999997236,97544800,327167,16096,871975,655513,23496721
2025-09-28,260540,364,3,8588,729,365200,1.9846664200000774,0.0007729799999999997,0.00014000000000000015,0.018044710000000002,0.007930129999999922,0.18375310999996,84462527,77308,4913,1637498,867985,53828606
2025-09-27,257635,1432,2,8268,784,257995,2.3987223399998907,0.0009476299999999981,0.00005763000000000014,0.01603009000000002,0.006631689999999925,0.14359549999999083,94789320,296976,5131,1314480,855707,37698233
2025-09-26,280413,1416,5,6544,1058,129642,3.922843490000046,0.0009134000000000033,0.00009262000000000018,0.016984550000000088,0.011320059999999988,0.10202045999999092,100588397,297128,14459,1088866,821069,18684127
2025-09-25,282492,1070,2,5149,3609,139403,3.138674469999876,0.0006947199999999988,0.00009970000000000009,0.01260581000000007,0.020629939999999944,0.10600488999999137,105722011,223086,4592,836935,1495869,20498089
2025-09-24,267432,1708,4,4932,1151,247709,2.6887218100000263,0.0011454,0.0001336800000000006,0.009128570000000025,0.016920619999999803,0.16225012999995828,93401063,361544,8093,779235,1396585,39408506
2025-09-23,265668,2009,17,5731,762,221760,2.6119211100000914,0.0013589499999999946,0.0001158000000000001,0.011459950000000059,0.024324919999999816,0.14413525999995555,91539355,431041,11082,902156,5227563,32765051
2025-09-22,273938,22403,3,5566,3777,151110,3.1531861900003966,0.014176299999999819,0.000009239999999998902,0.012893020000000067,0.041286699999998525,0.1626805899999931,101351061,4596178,650,879389,6677305,23389495
2025-09-21,262064,42085,44,12525,678,196094,2.8187379200003417,0.02943681000000037,0.0005744900000000004,0.025294919999998396,0.008503909999999646,0.12148178999997798,100162898,8772347,49238,2165548,1199184,28395930
2025-09-20,275292,43028,10,9046,701,170472,3.084216440000064,0.030468000000001542,0.00661474999999976,0.017671719999998683,0.03133955999999523,0.11911292999999898,94000559,8905000,43959,1549259,7020251,24896035
2025-09-19,287371,72045,604,31213,6319,80760,3.3476745200000364,0.12493084000000171,0.002718130000000374,0.06069037999998403,0.052388980000005886,0.0857846299999967,115773500,14762218,162687,5540175,5497241,14715449
2025-09-18,287567,86908,18,16328,1262,56438,3.4956904700000586,0.06098801999999924,0.00041026999999995567,0.029374799999992138,0.018231479999996504,0.08261668000000075,107073855,18294272,35017,2960491,3026570,10706204
2025-09-17,280424,30319,34,11628,1175,39333,4.370151170000122,0.021283540000000822,0.00014425000000000548,0.023138519999997963,0.024470419999999674,0.06830621999999872,100018457,6427984,13328,1979022,3603095,6079699
2025-09-16,328670,14359,42,15160,3211,175191,3.9790117800004516,0.009380840000000047,0.0004487399999999805,0.025675539999999223,0.04429767999999948,0.11727421999997709,106394418,3004118,28784,2593849,7123030,25162524
2025-09-15,317318,42302,50,4772,2470,168242,4.229470410000318,0.02670289999999736,0.0001713000000000027,0.009728829999999116,0.025788869999998913,0.11979345999997694,102584294,8707351,12554,757255,2603561,27134585
2025-09-14,283509,19677,14,5843,9629,215526,2.8306123700001935,0.012583569999999837,0.00008168999999999885,0.011470819999999734,0.14933229999999742,0.12584496999999234,84877319,4051131,7486,914965,13890762,30876915
2025-09-13,289090,21752,21,6761,1571,213913,4.071795360000081,0.014148080000000295,0.0005457599999999559,0.015680690000000032,0.019366409999998897,0.13978813000000803,92861852,4515177,51037,1044540,3528019,30751831
2025-09-12,290759,4549,15,5579,5895,89716,4.6969641500000465,0.002985900000000018,0.00010029999999999978,0.014343970000000116,0.028242399999999723,0.09237965000000542,92240483,962383,9582,865425,4683118,13846631
2025-09-11,294384,34535,28,9111,1322,259088,3.734821250000194,0.028766219999999953,0.00036535999999999513,0.02903600999999994,0.01755244999999849,0.15352858999999341,88743920,7029354,22052,1482191,1748449,37372148
2025-09-10,306083,7875,15,5787,2643,320836,3.7522817199998815,0.004410150000000045,0.0008328200000000006,0.01230810000000005,0.07278827999999997,0.1936826799999965,92773566,1644499,71609,909265,8070054,45999799
2025-09-09,308633,23514,563,7875,19744,259185,4.275370460000086,0.01655971999999859,0.0046521899999997784,0.01776427999999941,0.1292398600000009,0.17285093999997453,99493140,4764314,148423,1266129,5569704,37241234
2025-09-08,284869,1503,26,7384,5519,268633,3.751600919999979,0.0007997699999999918,0.00006638,0.013808730000000052,0.07729417999999899,0.14699210999996837,96184966,312769,5832,1176187,5817086,38405230
2025-09-07,237091,42008,23,10197,5105,291852,2.969444459999178,0.022142799999999026,0.0009863799999999916,0.018342339999998396,0.08099396999999806,0.14150132999997977,79808656,8858595,97947,1792586,6144766,41962592
2025-09-06,247789,45743,15,19902,4037,123549,3.2417737299999554,0.029755450000000263,0.0007356100000000011,0.036260540000000466,0.05523028999999964,0.09550134999997703,79433683,9836529,72813,3639422,8206235,18622258
2025-09-05,304768,21904,32,8021,1592,80115,5.657758450000013,0.016749200000000596,0.0024011100000000327,0.019714180000000733,0.05078355999999552,0.09838716999997947,113953852,5465467,123396,1327116,4493706,12407755
2025-09-04,281851,7931,30,9985,2642,92742,4.632495430000195,0.005496900000000039,0.0010420100000000047,0.021702550000000223,0.08734533999999906,0.10850907999998674,110148900,1786292,70371,1645492,4535040,13903349
2025-09-03,295727,8128,7,21918,4252,81141,5.967611970000192,0.006822919999999768,0.0004950000000000154,0.045352609999999856,0.11778543000000005,0.1375582099999886,109968016,1973303,36545,3976312,4259189,12499186
2025-09-02,283422,29944,39,34372,4240,240642,4.635497870000194,0.022825319999999993,0.0002685300000000307,0.07730709999999674,0.0726750599999984,0.15806107999998256,90929082,7157796,20373,6262785,6339584,35484473
2025-09-01,265104,10409,258,169114,6615,147257,6.427497310000163,0.04280762000000012,0.006985359999999899,2.7349163300003845,0.09006329000003925,0.13868705999999656,88226956,2201015,99537,32053136,4279415,21505140
2025-08-31,225570,15659,19,4842,1362,225456,2.826666809999534,0.008811579999999937,0.00004864000000000257,0.010136360000000233,0.009134480000000597,0.12830359000000477,75537098,3438059,4275,746891,993275,32341048
2025-08-30,261364,28553,19,5997,611,331969,3.037750039999576,0.01615433999999884,0.0007729200000000484,0.011062710000000534,0.007809650000000282,0.15939946000001912,86406048,6169659,75218,941941,1041781,47551102
2025-08-29,375967,22150,7,7274,2686,188073,3.284330349999865,0.01175958999999993,0.0004687600000000264,0.015714570000001073,0.05205149000000025,0.1311084200000035,114870665,4562629,33758,1151857,3992424,28182520
2025-08-28,292903,140604,23,10774,419,130889,3.062343099999442,0.07369775000001388,0.0010197100000002846,0.01941565999999753,0.021749100000002033,0.12579687000000694,95629033,29477850,98211,1768056,2245087,20472700
2025-08-27,277701,105383,48,8548,827,106769,3.4055951999997247,0.04382737000000068,0.00470533000000023,0.018376040000002043,0.014557550000001404,0.16212285000002066,92616830,22369305,397606,1367941,2799381,18958898
2025-08-26,267947,79386,33,7050,826,101363,2.9802814799998307,0.03277335999999993,0.0028926900000004682,0.01533338000000041,0.02546120999999924,0.1296851000000125,88589294,18078554,232423,1106452,7731316,19282381
2025-08-25,270049,84903,21,7898,1051,118205,2.6323865799997574,0.04218824000000075,0.0020516700000005883,0.015184060000000436,0.010942230000000545,0.14467509000002027,89550113,18049888,189418,1249220,1310782,22152446
2025-08-24,229020,85756,11,9063,870,201170,1.9993904299996563,0.05846477000000005,0.0010518600000001196,0.01728859999999973,0.021263580000001107,0.17585851000000585,83146786,17978428,104424,1436847,5395919,37153509
2025-08-23,250873,116369,5,13981,824,85028,2.47407225000005,0.10829810999999415,0.0010384000000002447,0.02541003000000397,0.01826869000000325,0.10380088999998408,94383190,24240948,103617,2247729,1770414,16800929
2025-08-22,287727,93370,0,15863,593,62164,3.237209210000065,0.09325431999999981,0,0.03837328000000026,0.015288979999999536,0.09413623999998452,102811688,19585305,0,2661605,1273880,12649935
2025-08-21,282122,61084,5,11602,462,92492,2.858310469999857,0.04925993999999891,0.00014571000000000028,0.02262821000000153,0.054497380000001795,0.10486269999999162,98434137,12894047,11765,1847304,4817506,18308457
2025-08-20,270134,106720,40,10841,524,36610,3.1760722700000015,0.07415313000000096,0.00039083999999997565,0.0247098899999999,0.061325089999996,0.07691371999999608,97790416,22981044,37296,1759992,2854244,6565095
2025-08-19,268726,83411,6,10174,655,49445,3.077834099999905,0.054016190000000644,0.00009591999999998546,0.02055888000000057,0.028245019999998025,0.0899900699999982,95982444,18385897,8940,1642692,3254134,9922325
2025-08-18,255074,130436,12,22616,874,69092,3.046816389999909,0.13044035000000417,0.0010360899999997952,0.08887937000000837,0.033484000000007924,0.09189044999998797,89607543,27964485,103237,3942962,4732672,12247187
2025-08-17,216881,148533,29,12172,2400,60864,2.297822589999823,0.09017534000000788,0.0008576500000002513,0.022171430000000603,0.04437053999999792,0.08496053999999466,79196309,30980971,83568,1991953,4267547,13368702
2025-08-16,234470,121867,5,8697,875,35792,2.715238869999681,0.09250975000001586,0.00006001999999996621,0.02680688000000389,0.059213280000009624,0.09608361000000727,92751864,25573095,5847,1380535,5802822,14429286
2025-08-15,276767,117992,8,9017,850,25771,3.4012470199997975,0.07521926000000137,0.00014058000000001514,0.022558659999994457,0.027916990000010314,0.07271678999999655,92139410,23956194,13817,1443137,3380759,4697635
2025-08-14,339412,60502,8,23374,10076,50713,3.989890720000138,0.058902109999996816,0.0009895499999999224,0.06819948000000237,0.13040322999999554,0.0858921800000057,114324967,12672956,88520,4238327,8569279,7823878
2025-08-13,294366,91710,24,13904,27797,13293,3.9059969700001336,0.07741936999999836,0.0004581000000000446,0.03749095000000659,0.28554660999998593,0.09057122000000693,109337335,18116814,22509,2252272,8778676,3171477
2025-08-12,290151,60762,23,9906,1705,4516,4.102112389999929,0.05591296999999731,0.0004741499999999163,0.02300938999999893,0.021678760000001233,0.04335439000000092,108902799,12161925,26662,1557860,1550506,1678971
2025-08-11,321929,86457,24,34472,901,5850,3.9413667399999937,0.15361230000000797,0.0007239300000000115,0.23110852000002707,0.04470190999999732,0.044012319999988975,111395998,17186573,59159,5567421,3757666,1533917
2025-08-10,318879,57643,11,15490,2601,5843,2.824085219999972,0.05745464000000327,0.0004680100000001436,0.03405740999999848,0.11754471999999383,0.04290492999999924,101946437,11399322,41486,2531379,8547166,1723436
2025-08-09,347164,16898,17,7972,904,3166,4.3488529500002135,0.02139980000000029,0.0021873499999999976,0.037033399999999925,0.030975590000002752,0.05417510000000021,104222599,3349818,51157,1279759,2566846,1431490
2025-08-08,429295,33075,14,7722,630,4062,5.491888860000097,0.030435479999999026,0.0004883800000000139,0.026944100000006067,0.0346794400000051,0.0767298300000061,119776827,6524537,13083,1246452,1924790,1603753
2025-08-07,412451,118906,23,20539,1638,11643,4.926271360000252,0.13543048999999852,0.0008403900000002462,0.050160320000005226,0.018476460000003053,0.0671903300000039,121932056,23544310,48965,3382272,1463023,2637708
2025-08-06,397751,80677,16,10986,892,5886,5.6948328300007836,0.06995471000001488,0.0013003199999998272,0.034672259999999566,0.020257320000002688,0.05810666000000039,115011513,15875537,40993,1739531,1043338,1519449
2025-08-05,308373,71436,13,18285,2385,10907,3.4463339400000694,0.08690714000000438,0.0005969899999999362,0.04730093000000146,0.03309785000000201,0.05979606000000123,105854899,14046910,56647,3023394,2068241,2506476
2025-08-04,285441,125438,8,13916,2618,15880,3.0805240599995614,0.12156532000001799,0.0001321700000000564,0.03334670000000356,0.03763658000000443,0.05963648000000847,110034813,24947627,12858,2237373,5163038,3307742
2025-08-03,240938,26092,29,10010,1646,4764,2.6065500399998154,0.02452180999999897,0.0006643999999999851,0.024327950000000147,0.24232965000000098,0.04200155000000025,113798252,5129086,43710,1540340,22266012,1445903
2025-08-02,275685,18250,7,10332,1687,3782,3.7155160999999373,0.021766330000000077,0.0006267299999999955,0.0321627599999998,0.2934201799999986,0.03893520000000035,107270835,3631930,41838,1704521,28617585,1188901
2025-08-01,335373,41812,17,16033,387,6763,5.257029239999926,0.0457296799999988,0.0007245699999999244,0.03619965999999998,0.043242899999999404,0.06804565999999908,127860013,8303123,53537,2541398,4092015,2573089
2025-07-31,312905,146079,66,13420,1929,10816,3.652196599999792,0.16833156999999435,0.004887350000000096,0.027384759999997538,0.023136590000000318,0.09403201999998095,108645069,29047628,424638,2128999,2477523,3505690
2025-07-30,312719,90859,21,11708,523,7503,3.9470916600000683,0.11708254999999626,0.0002732799999999591,0.02828731000000234,0.023159340000002526,0.07733480000000076,104348325,17886396,18034,1823561,1521419,3316898
2025-07-29,312997,16926,17,14248,1667,5105,4.858095430000046,0.05097083999999973,0.00029387000000000857,0.060203940000000435,0.03224149999999814,0.07072944000000171,100548551,3373130,19347,2403241,2122226,1810038
2025-07-28,294285,177730,13,16289,8283,5652,3.8044597600001664,0.22545504000001176,0.00033421999999996843,0.039510250000006575,0.07928166999999983,0.058879450000008965,96949040,34922441,33042,2651074,2568060,1915109
2025-07-27,275054,125671,1061,11759,54258,5091,3.5851917899998558,0.20140954000000083,0.004088070000000277,0.02890804000000685,0.2433694199999935,0.05673943000000631,94417200,24688296,222856,1843429,11141609,1827554
2025-07-26,273307,202166,3807,27385,51572,15038,3.274421490000066,0.3769088699999636,0.017989719999998433,0.0742410800000306,0.38584305000003066,0.09627017000004684,89003058,39680962,787972,4473930,12901757,3196882
2025-07-25,315825,82012,24,13918,8547,7579,5.044240169999912,0.10728024000000164,0.0002187300000000003,0.030805299999999425,0.061155549999998005,0.06120732000000062,116796053,16039503,18835,2216102,5567410,2286824
2025-07-24,276234,55177,822,12001,60109,5393,8.125701440000055,0.05947336999999604,0.019789550000000045,0.04422042000000366,1.4924078600000075,0.07957606000000632,98946976,10825625,187511,1928782,13112354,1750963
2025-07-23,304065,44728,12,11619,520,5882,4.018615510000148,0.053003289999999405,0.0006855499999996809,0.03074255999999597,0.023860040000002032,0.06570017999999657,115649005,9087390,68149,1861120,2008931,1953591
2025-07-22,285116,114663,8,10122,662,11179,4.10049728999999,0.12575500999998085,0.000163980000000008,0.024664350000001722,0.02197417000000007,0.06776991000000018,106830524,22721051,11424,1615627,1469912,2692336
2025-07-21,285994,54610,7,20335,15982,7510,3.8320747699999416,0.08171321000000407,0.00008023999999999532,0.06775372000000095,0.22155583000000023,0.06104995999999818,105105300,10794099,3320,3422479,5707077,2345054
2025-07-20,235403,83258,3,25786,358,70111,2.7244429399998915,0.15991256000000328,0.0000702800000000614,0.057750640000000936,0.011798959999999248,0.20571379999999906,89512149,16754312,6935,4229218,951341,11317589
2025-07-19,341364,48615,1,26875,329,8856,3.957654200000058,0.19759528999999576,0.000002399999999985747,0.11690186000000224,0.022448429999996994,0.05382579000000112,103169560,9860325,216,4440173,3630462,2176334
2025-07-18,306559,78533,2,32176,278,34614,4.205031750000059,0.18269734000000362,0.00022557000000003602,0.08287320000000328,0.007573780000000668,0.13703229000001543,105997368,15575869,20998,5321589,744866,6318232
2025-07-17,326095,58067,4,21480,356,27842,5.954137809999957,0.1463100300000123,0.00013323000000026175,0.06305697999999652,0.011691439999999276,0.15385301999999917,107365855,11674887,11188,3534153,702295,5282612
2025-07-16,274688,89520,8,26312,345,8323,4.214305460000049,0.18356542000000003,0.00035206999999995436,0.07733011000000578,0.00824848999999997,0.055526649999994765,90731029,17698183,15648,4268729,576059,1882007
2025-07-15,295264,84382,9,32012,536,6534,3.850617890000008,0.16077559000000516,0.0009501199999999987,0.07997786000000462,0.035875429999996905,0.046019040000001454,107045961,16789176,82518,5273834,3498078,1669035
2025-07-14,325288,77810,11,41209,587,12455,5.222267100000198,0.2286938300000001,0.0004347500000000948,0.159364949999992,0.010927669999999667,0.12494347999999955,112566469,15602427,30298,7056158,635374,2948240
2025-07-13,240195,99517,3,35078,241,24727,3.6290175100000095,0.2444485900000057,0.0009529800000001032,0.09198276999998692,0.00651570000000079,0.1561593700000006,87581521,19889371,94437,5853312,509294,4906794
2025-07-12,256076,84908,9,45538,470,8743,3.5210112799999367,0.25983699000000454,0.0011605300000001595,0.1481085200000022,0.01150158999999945,0.056380480000002786,99270602,16919404,82599,7656766,957933,2198952
2025-07-11,330161,43932,5,27507,158,6995,5.140886220000066,0.13560499000000062,0.00041415999999994124,0.16049343000000246,0.0060183600000003334,0.07373516000000147,120907852,8829899,38423,5637196,451577,2019716
2025-07-10,323208,58881,11,27954,6704,29817,4.562505939999971,0.14607057999999845,0.00042514999999998526,0.08723611999999867,0.037044489999998126,0.1427847500000024,127465643,11813157,37000,4583328,3316979,5840358
2025-07-09,284266,88803,24,56247,4295,11091,4.440382880000238,0.23362396000000762,0.00037452000000010033,0.16765895999998726,0.02359805000000148,0.08204340999999155,114690519,17825394,34758,9589194,2087252,3381594
2025-07-08,269537,30326,17,21501,418,32954,4.1745351300000015,0.06599799999999845,0.0007869499999999946,0.061321170000001646,0.01506711999999992,0.22841917000000206,113914645,6098564,73766,3587355,982235,7024706
2025-07-07,251304,10281,4,11948,474,86344,3.3560429400000253,0.021440589999999808,0.00011492000000000446,0.02604891999999988,0.009149589999999562,0.6298318099999944,102839819,1985556,11399,1896384,622091,14570443
2025-07-06,221042,249645,24,23896,505,11289,3.0638591000000934,0.7925315999999484,0.0003258700000001724,0.0712048099999909,0.009147080000006858,0.07741616000000107,85014734,48821766,25413,4072503,744352,2576523
2025-07-05,226014,170531,1,18094,294,12522,2.5506503999998857,0.3941397000000194,0.0005238200000000082,0.055554740000015035,0.008340690000003592,0.06274141000001898,81841126,33455944,26160,3059717,750515,2328120
2025-07-04,278165,50074,2,25259,3532,9841,3.0866759199999003,0.10831677999999667,0.0000983100000000875,0.08222853000000552,0.020415110000000222,0.07330437000000035,105379056,9902233,2931,4361596,2045515,2493060
2025-07-03,283152,44297,27,16291,10833,6441,4.012351410000065,0.08122770000000339,0.0005365299999998269,0.06603318999999842,0.027796709999999294,0.06266732000000094,125698481,8704301,51076,2730019,2309529,1945495
2025-07-02,292337,32484,15,16121,4990,20200,4.246517779999963,0.06551611999999996,0.0005040500000000753,0.04925726999999824,0.022865810000001194,0.0955667800000012,117093135,6555003,42726,2652370,2759075,4077993
2025-07-01,272520,26769,14,17430,2500,6380,3.9822846600000243,0.060354069999999656,0.0005040200000000286,0.05307404000000384,0.02369807999999895,0.06865928000000111,111518451,5367718,31037,2956408,1252268,1905154
2025-06-30,265179,37550,25,28719,525,7270,3.988638940000014,0.0910616200000009,0.00038512999999998354,0.07374669000000164,0.019589240000000452,0.055550990000000466,107445538,7532781,35208,4850189,2064255,2133121
2025-06-29,227589,103043,4,36953,467,12552,2.4329893900000386,0.20762714000000365,0.000020159999999991296,0.09578985999999678,0.060430439999999086,0.05954586999999811,85904833,20469083,915,6218423,7271718,2983405
2025-06-28,230450,129164,2,21476,343,7508,3.3958756699995427,0.2693626400000002,0.0001344600000000029,0.10020769999999363,0.028504790000002445,0.05788810999999283,109049257,25584385,6624,3471124,1891300,1952698
2025-06-27,261787,55813,2,8824,382,8626,4.140790380000002,0.12631045999999688,0.00008708000000001714,0.038769639999998495,0.014756889999999884,0.12418043999999737,99337988,10946478,2979,1402626,609414,2692846
2025-06-26,282048,143036,7,11927,377,66946,5.561557429999855,0.30873073000000356,0.00034477000000004976,0.05234884000000328,0.008959159999998412,1.6426886299998895,110184033,28045552,8458,1899874,292014,14588614
2025-06-25,279959,83022,8,16512,532,7886,4.483198940000231,0.18707910999998942,0.000358770000000147,0.05493741000000488,0.010374890000001386,0.08022868000000288,120478266,16521293,13584,2686252,651650,2621848
2025-06-24,260873,4605,3,6288,600,6755,5.935334450000103,0.01876437999999995,0.00036817000000000794,0.03811778000000017,0.015668130000000516,0.15112574000000056,110895334,932817,9380,973465,438964,2693471
2025-06-23,237898,34729,1,9608,241,8201,4.665896739999915,0.07422081999999926,0.00026198999999990646,0.038589150000000336,0.01359860000000071,0.09972013000000114,88977371,7020561,2880,1536838,447615,1885669
2025-06-22,226596,15214,3,12896,389,10323,2.6474479099999466,0.024302649999999985,0.00002790000000000084,0.028472919999999024,0.013944070000001026,0.06640261000000253,84460379,3009904,2155,2070938,1085742,2262281
2025-06-21,234267,27247,0,26321,756,21022,3.2443975100001454,0.06015893999999808,6.938893903907228e-18,0.08712800999999859,0.045494830000002616,0.08088166000000202,97882876,5468589,0,4492186,2849248,4004774
2025-06-20,274079,37788,3,22597,3991,15001,4.972976709999997,0.09578631999999836,0.00015262000000000608,0.06696024000000121,0.023551860000002908,0.108950099999999,117014257,7562174,3166,3718237,2038452,3028919
2025-06-19,252226,22560,3,17474,760,15309,4.722030090000033,0.07843115000000153,0.0001891500000000268,0.0662716099999999,0.04212844000000371,0.16789689000000171,108298029,4543931,4282,2895521,1684589,3417550
2025-06-18,265444,2744,7,9800,902,162420,6.115193200000637,0.0059666799999999924,0.0005634400000000001,0.033049240000000014,0.041105289999999794,0.7558815899999399,104086084,564426,21136,1517866,2861304,27265267
2025-06-17,260349,210,2,6878,265,86832,5.474232350000144,0.0006144500000000012,0.00013266999999999955,0.04452209999999994,0.008455430000000043,0.7309095199999986,101868427,43115,3968,1059041,371725,14608986
2025-06-16,271148,14115,5,25622,310,49892,4.051490599999987,0.03438324999999762,0.00017929000000000556,0.05787303999999968,0.009386779999999338,0.7618083899999886,97017473,2877201,15913,4066022,473273,10191879
2025-06-15,223386,12010,1,19727,1064,25746,2.388245439999956,0.026030719999999632,0.000002240000000000575,0.040189889999999645,0.021330049999997824,0.1535910900000009,83260572,2427084,193,3161101,1496481,5253947
2025-06-14,234719,520,12,12308,380,25911,2.851432859999998,0.00107855,0.00033766999999999977,0.02353126000000008,0.01170168999999958,0.1709100400000021,95296700,105252,25400,1890447,890352,5757453
2025-06-13,277885,1310,6,7325,315,64658,5.707741080000188,0.002891100000000026,0.00013644000000000026,0.027148429999999835,0.021372689999999642,0.7687745500000133,116670163,266285,3533,1128612,1506226,14293959
2025-06-12,275959,16027,3,13737,670,119017,4.189636639999877,0.0358676600000006,0.00007574999999999943,0.0380758099999989,0.014966409999999652,0.5835428900000149,116418319,3200516,2211,2187475,933362,21419937
2025-06-11,275606,9291,2,27913,477,33974,4.397239639999996,0.05346309999999857,0.000013499999999999623,0.12959922999999943,0.02706395999999814,0.1571932699999949,122224708,1909064,613,4777536,2116463,6030187
2025-06-10,289929,17008,50,13583,859,107368,4.623048910000015,0.0379439100000013,0.00021574999999999372,0.03777392999999725,0.03829879999999818,0.6104618599999961,127954494,3395829,11505,2130102,2203851,17880598
2025-06-09,259105,13699,0,17875,867,69729,3.957458349999956,0.03134615000000009,0,0.03883052999999873,0.042206980000000144,0.9343745899999333,93723461,2761659,0,2781092,1820575,14721660
2025-06-08,221757,48013,0,23929,1992,11814,2.78837166000005,0.11201658999999373,0,0.05519470000000215,0.11005468000000265,0.10154761000000012,87192942,9678145,0,3914312,10155921,2633650
2025-06-07,242239,22222,5,13537,1105,11610,3.045875319999934,0.051943500000000364,0.00003115000000000756,0.03258546000000234,0.025356599999998827,0.12758638000000028,97651854,4493877,2668,2146694,1930902,2486075
2025-06-06,267822,452,1,8212,664,21492,4.16956664000003,0.0011798400000000004,0.00006849999999999977,0.026744410000000007,0.10414641999999938,0.13092706999999484,110065815,91684,3394,1289564,8361065,4078681
2025-06-05,282952,7957,2,10115,756,18727,4.589660480000068,0.05410177000000321,0.00012830999999999954,0.028620879999998156,0.023784469999999773,0.17976384999999762,108198871,1601414,3622,1589328,1928972,3902728
2025-06-04,287524,11292,1,18490,869,18861,4.471788610000035,0.024932769999999695,0.000016389999999998073,0.05410514000000089,0.07925849999999979,0.08810254000000152,102137102,2288026,1608,2928039,7577813,3740756
2025-06-03,281735,38858,1,27535,1100,9666,4.361788419999982,0.09952733999999877,0.00002863999999996869,0.09672266999999601,0.17145584999999972,0.07998436999999733,106450293,7777050,652,4567422,14554254,2365569
2025-06-02,257433,13189,3,23327,444,52092,4.416282309999763,0.0361033900000003,0.000019319999999996285,0.07657489999999909,0.01364143000000003,0.23263758000003248,105861810,2691112,1104,3837718,816934,8977415
2025-06-01,221417,11303,0,14205,417,8730,3.295422049999961,0.026857690000000156,0,0.038114330000000154,0.012683669999999092,0.10512758999999888,101639325,2285568,0,2278112,1080965,2519063
2025-05-31,243087,8139,92,25450,1383,21241,3.687796449999973,0.059001970000001104,0.00025924000000000086,0.141546169999996,0.011158950000000493,0.13104511000000052,100343560,1670549,20301,4287990,843069,4527279
2025-05-30,289889,384,146,9328,3799,92686,5.164784590000023,0.000825080000000001,0.0005429500000000002,0.027426339999999515,0.030150649999999755,0.6976432099999964,119113072,80760,34835,1438654,2207140,17997398
2025-05-29,270627,786,2,9515,972,100957,4.740893980000017,0.0017375100000000016,0.00030958000000000027,0.02833040999999998,0.07866442999999976,0.4250390700000013,109619565,162516,9523,1496062,7327972,17758115
2025-05-28,304391,2166,11,12712,2568,219305,6.691596310000319,0.004857630000000003,0.00005405999999999987,0.044402359999999676,0.0896255800000006,1.2064898299999463,117987209,436929,4431,2004449,5575631,35402952
2025-05-27,260064,2758,42,12529,994,146597,4.843359829999976,0.005895849999999979,0.0003606700000000013,0.03481156999999969,0.04827833999999989,0.7465418699999943,96269162,551811,16893,1955208,2324823,24034392
2025-05-26,271762,15397,4,27168,3504,40455,4.816609929999927,0.0364815299999995,0.000017740000000009137,0.06296682999999854,0.04470669999999869,0.17978868000000223,114212670,3133401,997,4358829,3762220,7614478
2025-05-25,223307,48089,922,53203,8056,22778,3.5100728000001253,0.15296766999999786,0.0025638900000004294,0.1926199699999889,0.1169090899999973,0.10388577999999982,84205038,9694823,204433,9053894,10811335,4390656
2025-05-24,249387,45861,141,35612,32383,32036,4.293060270000119,0.12193051999999395,0.001856999999999942,0.1345417099999982,0.5619193099999785,0.11235633000000518,95785523,9209135,32090,5909158,22976855,5841505
2025-05-23,290356,44580,0,40180,1203,68306,5.332107150000143,0.15207498999999972,2.7755575615628914e-17,0.19850085999999276,0.17674128999999425,0.22247868000000087,110828858,8970348,0,6768969,16261128,11996341
2025-05-22,338105,51001,17,40323,507,37850,7.261013639999943,0.18472105999999605,0.02945911999999995,0.14092883000000295,0.03100809000000282,0.2868430999999965,121853695,10317759,36322,6744455,1613341,7292331
2025-05-21,299930,43633,7,61719,1549,15353,7.250468220000089,0.18562492999999658,0.00013298000000003252,0.28667928000000853,0.061625299999999245,0.11477705999999818,113128699,8969513,4085,10584158,4829179,3795544
2025-05-20,274286,1150,0,12516,514,281303,5.864978309999961,0.005094330000000018,-8.673617379884035e-19,0.07884099000000001,0.022524079999999835,1.450375850000109,100992599,243866,0,2051467,835737,43907371
2025-05-19,261954,1007,3,8797,496,313626,5.683953490000267,0.0049816900000000065,0.00038330000000000135,0.05141588999999983,0.005781279999999974,1.1327223700000797,90259331,210198,7080,1358064,191522,49003244
2025-05-18,213843,27098,3,29808,555,358007,4.19425741000043,0.07769198000000294,0.00027787999999999424,0.13506155000000786,0.09672488000000114,1.4196203200000235,81828791,5372848,9243,4886483,7656183,56084106
2025-05-17,233104,22000,2,16723,5052,14916,6.922147200000074,0.056497519999999656,0.000006109999999996674,0.05813030999999972,0.07972384999999899,0.07921209999999938,115793070,4418101,473,2667174,7184595,3071976
2025-05-16,313507,15928,0,11428,402,22521,11.964847840000157,0.034769080000000195,0,0.047914769999998184,0.07041407000000109,0.10732715999999501,116116183,3169259,0,1803087,5432016,4192685
2025-05-15,273257,40920,0,47621,684,11671,4.9474511200000615,0.12868185999999485,0,0.15826820000000782,0.11499202999999664,0.08050068000000019,112058684,8292174,0,7959163,10301695,2866875
2025-05-14,277084,22854,0,16082,539,10259,6.817785000000021,0.05518430000000064,6.938893903907228e-18,0.07328509999999985,0.12470302000000064,0.1387333499999986,123320181,4495454,0,2592650,9823283,3687857
2025-05-13,272335,2167,0,11660,654,8969,6.03071130000007,0.0053467699999999955,0,0.043201470000000144,0.08448531999999917,0.10801991000000007,109036452,447410,0,1860354,5486967,2924284
2025-05-12,291913,19370,0,15952,774,50276,10.38691182000052,0.047874230000000254,6.938893903907228e-18,0.07811503999999679,0.12414385999999748,2.3092001099999546,103797441,3921007,0,2681122,10976795,9018749
2025-05-11,240675,14519,0,17407,3167,5988,3.2117605999999457,0.032630050000000195,0,0.04472689999999797,0.08289466999999777,0.05687333999999835,111230799,2942536,0,2798914,6787472,1511819
2025-05-10,257872,35677,0,28420,781,8324,3.954876820000067,0.10310812000000122,0,0.11599437999999848,0.18963162999999816,0.0739783899999967,115781066,7216459,0,4704080,18232862,2212959
2025-05-09,309931,4183,1,10736,507,9185,6.662866720000065,0.012327840000000189,0.000010759999999998549,0.06259885999999983,0.03260522000000017,0.09668166000000016,132654926,850830,174,1727247,1057226,2646886
2025-05-08,314199,26438,0,24929,714,7533,6.199716360000074,0.07946411000000016,0,0.11561061000000149,0.08175921999999597,0.06499441000000054,139848795,5308180,0,4126834,7373097,2227095
2025-05-07,291793,23021,0,22837,1277,4083,6.378320020000048,0.05952007000000121,6.938893903907228e-18,0.10324746999999859,0.05949534000000039,0.04813921000000043,135207715,4709765,0,3763106,4936363,1263260
2025-05-06,268697,24850,3,33734,1109,3825,4.874559100000087,0.08455683999999848,0.002917580000000003,0.1184595900000001,0.11063792999999747,0.03802866000000178,110470485,5117858,99716,5680884,8505442,1168364
2025-05-05,270424,48560,3,70557,1481,11237,4.105306670000049,0.28662076000000913,0.00025060000000004523,0.5286077500000163,0.13803812999999826,0.05042455000000429,108917230,9862282,8616,12326416,12330352,2382953
2025-05-04,221332,44229,4,53361,875,28176,2.809020909999952,0.13895926,0.0013961399999995738,0.1881255399999944,0.19141584999999747,0.07349982000001706,88113293,9106184,98808,8969523,18550782,4693489
2025-05-03,254546,72584,0,47341,1969,13277,3.447904659999937,0.1733256999999952,2.7755575615628914e-17,0.11845721999999992,0.13594455999999802,0.08976099000000107,108283268,14655540,0,7939578,12955480,3282709
2025-05-02,286738,41463,7,44309,531,6220,5.1452302400000125,0.12955728999999813,0.0004254800000000336,0.17691678000000208,0.06923428000000137,0.05843886999999831,135068027,8469303,10858,7429772,5696944,2256361
2025-05-01,264803,27572,0,34260,640,3924,5.155037610000107,0.08788338999999956,0,0.1403120299999962,0.08474717000000193,0.044306159999999484,115984090,5754841,0,5704042,6333455,1167577
2025-04-30,275787,28926,3,40879,588,4546,6.091044920000046,0.13191980999999944,0.0002721300000000648,0.24524691000000134,0.06074594000000047,0.06310966000000004,114872410,5983433,6587,7068871,2625742,1382556
2025-04-29,275940,72999,2,83961,653,34170,5.257572010000098,0.31938453999999794,0.0008316499999999616,0.4370925599999831,0.03504931000000744,0.12478375000000347,108084971,15103550,62673,14604705,2145088,5957233
2025-04-28,267293,55999,4,68491,660,17318,5.790939859999996,0.2918690199999978,0.0008803899999999532,0.4242010800000092,0.039717599999996134,0.08019179999999376,111974304,11601943,22331,11895201,2265013,3187867
2025-04-27,227142,64973,6,91809,840,57057,4.098772490000063,0.30384965999999203,0.00020728000000003188,0.46911772999999846,0.03972480999999961,0.2705956200000026,94093658,13344285,6595,15808768,3049410,8647827
2025-04-26,242604,24624,6,37954,786,15383,3.7837871799999467,0.11181258999999967,0.00035401999999999656,0.27128277000000145,0.1504832800000025,0.09352606000000055,100151982,5119448,15289,6067693,14261256,3908516
2025-04-25,294476,32154,9,42120,507,23185,5.683503850000066,0.10951913000000052,0.0009549800000000358,0.1848098799999996,0.03281459999999699,0.09902614000000053,123661970,6599941,41310,7121085,2123577,4393843
2025-04-24,289291,66258,6,43664,5289,60231,7.857771729999946,0.34863182000002013,0.001106720000000061,0.25733533999998537,0.05020284999999097,0.45676197999994933,106460982,13272897,27597,7297343,1970729,10957461
2025-04-23,279922,8854,4,12269,539,116615,8.684201930000096,0.040104749999999675,0.0014910400000003182,0.0908953700000006,0.02588920999999965,2.4488674800000685,89587380,1941489,37042,1987171,550519,19883134
2025-04-22,300478,56294,5,64940,1002,95548,5.324542240000152,0.18267883000000196,0.00022322999999990767,0.24692802999999358,0.0664032099999996,0.4559047300000153,111949725,11638594,10055,10836953,3439569,17097083
2025-04-21,267217,44511,8,83633,809,48808,4.99929003000005,0.33847986999999186,0.00032025999999996113,0.889026870000013,0.026940870000003225,0.3062261100000067,92122470,9153080,9782,14050448,1054889,9595927
2025-04-20,213706,99730,10,74608,1288,79395,3.7934797600000345,0.5977169499999995,0.0045221899999999815,0.4255610100000411,0.05463916000000324,0.6046704100001442,73875192,19845085,150013,12438345,2177430,14479026
2025-04-19,244662,72078,3,40580,280,187473,4.445621630000152,0.34921793000001305,0.000036479999999949886,0.2355772399999982,0.04183307999999991,1.306340919999969,85859739,14625441,1117,6763908,1315921,30454439
2025-04-18,270995,74477,10,113023,808,49420,4.164258710000137,0.33459436,0.00014708000000002164,0.5175037499999955,0.038559469999995766,0.23844016999999523,90886632,15379019,7054,19296895,1368685,9062791
2025-04-17,287547,96449,2,145611,505,27067,4.881105640000269,0.40141009999999944,0.00018701000000004298,0.5682932199999942,0.02810534999999942,0.1328089700000123,101022516,20012045,18639,25066116,1286391,5354444
2025-04-16,289238,36533,6,70237,913,110202,4.864818179999943,0.17539514000000236,0.0004284399999999744,0.3264677400000022,0.051891830000002526,0.449663660000018,103362599,7569349,35877,12033115,3797404,17176300
2025-04-15,296538,47577,49,59077,619,39039,5.0987131599999564,0.15547769999999894,0.0002526900000000276,0.17471137999999992,0.03022227000000241,0.22180008000000054,99798672,9779553,11381,9928195,1601259,7178861
2025-04-14,286548,63209,3,77919,642,13367,5.761119949999966,0.2085549699999863,0.00007007000000003316,0.25585346000000847,0.019766600000000634,0.08781341999999698,100540534,13067091,6632,13338778,1227272,3255807
2025-04-13,246757,90313,38,104430,640,12961,3.608812250000073,0.2443171299999971,0.0002891799999999445,0.2617195300000108,0.05671491000000567,0.07021671999999768,86902910,18649084,13446,17586601,3887496,2834878
2025-04-12,263569,47591,51,79045,509,18746,4.849268709999978,0.17558395999999876,0.000518159999999962,0.275032669999998,0.0342075399999974,0.08748029999999987,91777418,9821029,26526,13779363,2558301,3458924
2025-04-11,295622,41897,8,54865,597,12041,7.338187940000152,0.11291462999999945,0.0007095100000000104,0.1393367900000007,0.03238627999999917,0.054057500000003034,103071360,8676360,40140,9472566,1945997,2415715
2025-04-10,281060,10878,15,25843,853,3815,5.034800310000054,0.024253979999999713,0.00023206000000000268,0.07325626999999954,0.076648439999998,0.03155177999999994,100300712,2233725,14625,4085481,4739744,1043348
2025-04-09,283761,10224,22,18560,597,4148,5.497189810000003,0.02251937000000009,0.0005961599999998943,0.0455112399999994,0.021467269999998713,0.03339370000000065,102676782,2070379,13596,3086612,1194722,1189889
2025-04-08,287726,32465,9,35981,509,7282,7.586112269999837,0.11059706999999794,0.0008316699999999649,0.12261511000000827,0.0226152399999998,0.03750139000000101,104745701,6755368,20724,6101353,1490930,1435345
2025-04-07,278906,7852,12,19404,649,2564,6.397389509999979,0.022898250000000255,0.0004770699999999996,0.06560005000000002,0.0667762999999984,0.03983071999999936,106994788,1644576,11458,3265526,5592144,1075773
2025-04-06,233412,16128,3,24908,1754,3270,4.084242390000078,0.03519274000000001,0.0004385099999999961,0.057362849999997974,0.105609039999992,0.03369060999999936,90949729,3346569,43122,4156056,8505958,1161290
2025-04-05,239179,15291,49,30849,767,7339,4.130673689999989,0.04250432000000056,0.00020195000000001323,0.08367604999999556,0.032861129999999815,0.025518729999999976,101348907,3197812,13484,5235069,2610705,1451535
2025-04-04,278957,109144,1,20895,1110,19754,5.166142159999764,0.2176352899999542,0.00021629000000000786,0.051092680000004415,0.07464629000000134,0.04519249999999983,120556641,21400142,21598,3393119,3363003,3053499
2025-04-03,281735,81218,21,22961,869,5239,5.372435949999879,0.18945584999997897,0.0005037099999997963,0.08993381000000397,0.08649579999998377,0.04259600999999433,117127039,16058406,19731,3861728,5019447,1337451
2025-04-02,286582,35943,6,48841,945,26738,3.94994201999995,0.09633011999999744,0.00013885999999997678,0.21049773999997448,0.05742737999999424,0.11921281000000143,111865941,7088765,3007,7966235,3522317,4974384
2025-04-01,288390,30729,26,27615,845,8718,4.050359239999942,0.06949331000000186,0.00020776000000000128,0.06940114999999414,0.06611810999999629,0.09834137999999712,108359717,6259294,15605,4518217,2650519,2455379
2025-03-31,273932,14970,13,21568,1686,6110,4.615470850000008,0.03836077000000061,0.0002662899999999607,0.060841179999996456,0.10317201999999874,0.08826646999999646,108873352,3083607,12248,3472672,6704991,1585516
2025-03-30,222595,44995,14,18355,1144,18103,2.886232179999866,0.0963427799999999,0.0010725500000001026,0.058895889999995926,0.03439035999999686,0.07150026000000954,102406037,9089104,3754,3054228,1831786,3306593
2025-03-29,240946,21942,7,21119,2028,4097,4.003435009999988,0.049008980000001805,0.000039919999999998845,0.07967275999999834,0.02510340000000008,0.04624723999999845,129286730,4424208,2082,3469804,1401593,1316087
2025-03-28,267994,78958,2,44089,936,5706,5.457170519999977,0.27706102999999344,0.0004110499999995798,0.29470952999998407,0.02162027999999988,0.06409504999999505,127583271,15891706,12800,7650018,869840,1905701
2025-03-27,269889,121772,4,35665,942,9204,4.741428320000224,0.3055010399999856,0.0011599899999999996,0.13098588000001266,0.038502859999999306,0.06999913000001545,113501113,24018961,52574,5917171,1941846,2481563
2025-03-26,279137,146649,1,63349,793,25139,8.748653470000349,0.43057135999999524,0.000007829999999986459,0.26489565000002907,0.029507999999999257,0.2062351999999893,106446763,29376487,230,10521900,1121204,4462010
2025-03-25,269003,97422,15,39586,790,99043,8.040012860000394,0.4073052000000142,0.00031471000000016236,0.27354584999999426,0.03712121999999962,4.346361379999847,100489591,19193373,13131,6620402,1151594,20494365
2025-03-24,281449,151696,9,44635,769,5115,5.391661720000106,0.5095693200000097,0.00022673000000006382,0.18250842000005674,0.026565270000009633,0.06020846000001001,113678864,30226237,2981,7470900,992532,1547477
2025-03-23,212976,169662,5,143977,529,6606,4.477656610000329,0.7152100799999681,0.0008632400000001539,0.6251685600000982,0.09262302000001044,0.06692957999999427,91674357,34123298,29049,25036812,2179642,1698833
2025-03-22,228472,39422,9,137371,930,7635,6.070171999999768,0.4570456900000017,0.0018842600000000265,3.008007630000292,0.12655000999999827,0.14519590999999182,110983594,8230478,41937,24008686,3141272,2782315
2025-03-21,263930,19722,6,32580,1333,3659,4.776207219999946,0.05391569000000197,0.00019370000000000498,0.13448643000000277,0.038048639999999925,0.0443624800000014,131855622,3971433,6423,5380816,2109899,1235087
2025-03-20,261529,36444,5,35383,679,3933,5.129462329999871,0.10631660000000213,0.0007255900000000676,0.15353081000000507,0.02750877999999911,0.053589340000002345,126376923,7304476,27127,5942460,1187588,1070992
2025-03-19,270232,107865,2,59371,728,3463,4.5954557399999905,0.2556739700000207,0.00010840000000000849,0.3555983300000035,0.036971319999989705,0.04462798000000279,116076107,21665359,5389,10461360,1664502,1047137
2025-03-18,257904,75425,8,22527,905,12468,4.131242159999964,0.16305358999998745,0.0008206199999997721,0.08635659000000181,0.031041080000008714,0.0943240900000051,118993607,14828390,30664,3716888,1439042,2898301
2025-03-17,256158,92927,1,22827,1429,7151,4.277056890000194,0.2093026699999939,0.00007528000000003865,0.08998368000000392,0.047962620000003314,0.060548120000010086,112245791,18214005,3733,3794963,3851257,1800581
2025-03-16,211639,217629,12,34129,3078,4628,3.4031120600002165,0.5221149699998907,0.0020606299999994526,0.12433989000002976,0.023137999999990222,0.045511780000009994,92677378,42694805,66715,5757132,1266868,1438680
2025-03-15,230626,195059,3,43156,1268,3316,4.081993449999607,0.5466583299999377,0.00004387000000005692,0.2445925500000723,0.01758504999999666,0.041726470000019944,84377617,38316858,2128,7464738,720524,1044040
2025-03-14,267739,107093,10,57756,714,5877,4.624817160000129,0.34179426999998674,0.0005223199999997985,0.4036611100000298,0.022771199999995273,0.05397559999999618,107972197,21399235,24872,9925545,942716,1665928
2025-03-13,271051,172818,5,80892,1841,6031,4.643836920000341,0.5053958799999216,0.00012097999999993725,0.32348769000004585,0.03971517000000724,0.04711174999998158,107453159,33995677,6178,13868264,1225942,1367701
2025-03-12,267432,111207,19,43157,1531,5482,4.516620980000562,0.26616142999998615,0.00043101999999983764,0.17893774999998252,0.17989660000001445,0.05079295999998984,113698769,21884642,24048,7227160,8807091,1256492
2025-03-11,274694,50997,14,46102,626,4307,5.573559160000253,0.1394107700000056,0.0009586600000000833,0.23334770999999796,0.032130299999999085,0.0538111499999992,116332242,10097966,31663,7998814,1199626,1263433
2025-03-10,284906,85938,1,66434,826,8119,4.766255650000018,0.21541490000000119,0.000004759999999992548,0.27144495000002344,0.00840722000000127,0.05820596000000128,123139328,17451394,207,11266520,371929,1689367
2025-03-09,227657,27569,8,37713,2521,4912,4.078130950000091,0.0728517599999971,0.0018914399999999387,0.17455177000000607,0.030357780000001333,0.05323773000000265,140278236,5709578,62800,6395782,1937998,2484635
2025-03-08,233222,13536,5,40191,800,4697,4.074685860000085,0.04608442000000037,0.0004435999999999815,0.1637075200000008,0.016639880000001196,0.04895978999999874,125086115,2798633,15117,6813604,844481,1348370
2025-03-07,276305,6502,6,23140,1078,6557,5.44544223000012,0.02260223000000003,0.00007577000000000278,0.1168116799999992,0.027787289999999965,0.06425473000000162,133588006,1329218,3299,3738517,666762,1594442
2025-03-06,292200,23385,19,43717,1434,9594,4.821834650000179,0.07511449000000305,0.0007453399999999971,0.1808858099999925,0.034920470000000356,0.06240767999999916,153970316,4758451,27272,7413476,1666046,2064725
2025-03-05,278890,4926,10,15389,4793,5168,4.622670880000027,0.017404979999999907,0.0004481000000000103,0.06530820000000043,0.08665052999999986,0.04753435000000033,125074051,987232,16467,2566884,4057524,1223654
2025-03-04,276095,9574,20,12641,1141,5302,5.046674410000078,0.02998025000000034,0.000842919999999997,0.05519806999999826,0.05946707999999869,0.05512343999999885,138074823,2036585,35248,2030188,2315180,1382404
2025-03-03,289807,53932,3,22036,1840,6606,5.739050560000121,0.13611761000000402,0.00016054000000001456,0.07998215000000133,0.04400424000000572,0.06464907000000014,131195172,10907224,7934,3518535,2578571,1717962
2025-03-02,241841,5299,3,10025,2346,5398,5.381384730000111,0.012135990000000152,0.00045026000000000094,0.03907244999999984,0.03744111000000062,0.0726393200000004,119364789,1111535,14347,1706950,1811664,1899984
2025-03-01,251957,7933,6,25624,1025,4350,5.591378630000063,0.018691559999999826,0.0006320100000000023,0.0844538399999992,0.04880506999999874,0.06702406999999996,132398930,1562478,27398,4208341,3572429,2133018
2025-02-28,299771,8010,4,72273,1582,4543,6.1795270400000275,0.025158499999999938,0.0001873799999999974,0.228156429999978,0.05325238999998923,0.06826468999999977,137865526,1625529,7610,11305888,2645882,2450586
2025-02-27,265508,13820,2,41149,1520,3163,7.980026979999917,0.09249506,0.0003119399999999828,0.21254503000002994,0.04465113000000384,0.05747659000000084,138428727,2710445,6081,6334747,1411573,1002062
2025-02-26,260866,68659,1,70460,998,2591,9.646014609999366,0.5824933299999667,0.00014119000000001325,0.569469140000105,0.046845340000010505,0.059328360000001856,129598738,13366599,3291,12434603,732580,787073
2025-02-25,281222,57008,26,154790,777,3240,9.604522349999973,0.4703864100000303,0.00024916999999996525,1.1933918100001943,0.04505638000001283,0.08390523000000571,107318711,11099331,5072,26831993,671215,1038482
2025-02-24,245909,8876,3,255891,1174,2233,9.591083560000893,0.15538020000000022,0.00019215999999999678,3.9771652300001032,0.060277949999993585,0.0891533500000001,81764053,1840977,2387,44858567,690710,852667
2025-02-23,186169,89484,1,294334,696,2130,5.832930069998968,0.8423978200000062,0.00008503999999998069,4.7256312599999575,0.03589296999995384,0.06703348000000642,57840796,18002076,2095,51858918,560317,722630
2025-02-22,214923,85934,1,246289,1483,3219,4.3326143500008385,0.5335712199999959,0.000010199999999960241,1.3964811899998089,0.05608401000000662,0.05320570000000646,75854111,17314584,224,43226027,1598115,933713
2025-02-21,250379,61721,1,142793,1501,3514,4.718258490000116,0.25795403000000144,0.00018500999999998546,0.5784025800001131,0.04176719999999917,0.06110843999999643,89870985,12109517,6167,24357795,1359372,1242791
2025-02-20,256913,55675,918,161460,1651,3848,4.257221170000097,0.18989031999999506,0.0030904899999987523,0.7793648500000071,0.04975701999999524,0.06727826999999945,86920950,10840536,170034,28623254,1929125,1484365
2025-02-19,243706,25163,14,171334,1591,6761,4.32641743999989,0.0838683600000001,0.0002705200000000102,0.5462156499999857,0.057397080000005915,0.11294360000000117,86860837,4829694,9425,29415223,2622383,2211116
2025-02-18,248314,16304,4,147784,2074,8229,4.211025350000213,0.03554511999999952,0.00026245999999995745,0.33292359999996973,0.058108789999999085,0.06514068999999927,107572282,3219424,8115,24101158,2910453,2116903
2025-02-17,239277,2095,2,79537,2392,10163,5.72876132000015,0.00431569999999991,0.00008068999999999871,0.3196258599999996,0.06057558999999956,0.05811621000000019,115219902,431570,2461,13819348,2605295,2019674
2025-02-16,206795,2930,5,74244,2045,14072,3.6261527399999425,0.006035799999999783,0.0001066499999999998,0.583434239999997,0.036938620000000685,0.0655886199999996,99033376,603580,4308,12652420,2177605,2763316
2025-02-15,223122,29,3,60994,2448,20334,3.3280763399999564,0.00005973999999999997,0.00019280000000000002,0.23838139000000003,0.17667508000000723,0.05422827999999963,123691892,5974,14267,10305130,13946665,3070189
2025-02-14,263371,5427,34,62515,1581,13074,4.3503114900000535,0.011687509999999762,0.0021136599999999894,0.2613333400000021,0.050415740000002346,0.06835064000000003,131327034,1112107,101630,10625493,2886594,2722398
2025-02-13,254730,2492,20,108785,1627,12252,4.6565121399999585,0.005823319999999967,0.0005211199999999999,0.6734365600000087,0.2724688400000001,0.06780368000000005,130839051,395848,24460,18781410,4853911,3018574
2025-02-12,251266,311,7,95833,1975,37147,4.122757929999966,0.0005572300000000014,0.0006542300000000002,0.3029944400000108,0.05017184000000399,0.1596619600000038,107963449,46961,8578,16320658,2412910,5769986
2025-02-11,255783,0,3,72124,2244,7359,4.859491990000036,0,0.00014082,0.28503411000000245,0.056281200000000794,0.05735287000000005,105653873,0,4709,12211152,2293284,1553033
2025-02-10,253113,0,5,73989,3008,29407,4.219616119999948,0,0.00076686,0.22912722999999424,0.04590464000000192,0.08595497999999664,113616255,0,28575,12304070,2205027,4575960
2025-02-09,216037,0,4,157374,2075,9930,2.9368682900000307,0,0.000028009999999999998,0.4058409700000071,0.0998547200000007,0.05103850000000042,106541979,0,1914,26941033,6496605,1838353
2025-02-08,235056,0,10,222748,3173,8151,3.4847391899999787,0,0.00013102,0.9024401400000119,0.08564176000003441,0.047195360000000304,110515116,0,6193,38533547,5970577,1668069
2025-02-07,266201,0,37,210432,4915,16809,4.296509879999814,0,0.00045742,0.7988868300000159,0.19624434000001084,0.059793429999996976,120853708,0,11086,35826698,7573623,2764996
2025-02-06,278800,0,9,141718,2977,4822,4.667347070000102,0,0.000049479999999999994,0.48590985000000814,0.10015762000000482,0.050721010000000004,113993635,0,3145,24363487,5276751,1341573
2025-02-05,266813,0,46,99439,4602,10226,4.753636659999995,0,0.00037240999999999994,0.38956751999999145,0.2686214700000061,0.07084632999999879,109963113,0,15113,16991001,14944085,1981931
2025-02-04,250210,0,15,50674,2912,4808,4.625325680000093,0,0.00327212,0.21817005999999894,0.1643322000000022,0.04689060000000009,111634231,0,90015,8653540,9353202,1202926
2025-02-03,287520,0,7,63313,3354,6290,5.615655160000117,0,0.00018312,0.2724908599999937,0.127455009999997,0.09220770000000005,132041306,0,6295,10772195,7291296,1807237
2025-02-02,236642,0,13,125598,3778,17227,4.019599120000153,0,0.00060194,0.3532850599999986,0.11227998000000192,0.0782538200000007,128993170,0,46497,21216073,5812778,3503577
2025-02-01,255276,0,19,81811,4502,15829,4.340021269999857,0,0.00118149,0.23989948999999033,0.12004785000000674,0.07256865000000004,153490791,0,24960,14040506,7318509,3094272
2025-01-31,263079,0,20,24942,5424,35219,4.603759419999981,0,0.00115748,0.1129964299999996,0.11662527000000061,0.10890793999999604,106193875,0,23373,4236707,6017403,5558074
2025-01-30,268874,0,3,20520,4358,41379,4.62010046999993,0,0.00000992,0.07526569999999988,0.16185894000000176,0.11373246999999842,122021566,0,898,3495271,8325760,6129266
2025-01-29,257530,0,21,52893,3334,41554,4.420610849999901,0,0.00021726999999999998,0.1621411199999987,0.13292925999999833,0.1089669399999992,125562496,0,19904,9203483,8641689,6233474
2025-01-28,261245,0,24,29699,4103,10882,4.359574230000176,0,0.00075074,0.09310694999999783,0.19890282999999964,0.0720931900000004,122697355,0,46735,5139137,14387472,2207275
2025-01-27,261642,0,14,52251,8608,9587,5.608959320000007,0,0.0012102,0.2182645100000006,0.2088181500000014,0.09949435999999999,133229187,0,60230,9014918,10898216,2400831
2025-01-26,223012,0,29,71535,3573,11502,3.778135750000048,0,0.00127674,0.24789107000000524,0.08059240000000326,0.08997862000000015,118840499,0,28673,12584166,2787781,2613439
2025-01-25,245391,0,18,76464,4902,12213,4.769926460000028,0,0.00158408,0.36429083999999556,0.18984895000001212,0.10828821000000059,106156192,0,48551,12985099,6035789,2714202
2025-01-24,261852,0,15,84450,4024,18902,5.663228590000165,0,0.0023815900000000003,0.5963624399999843,0.09841797000000023,0.10580201999999972,118304644,0,111744,15399900,2895641,3224919
2025-01-23,274657,0,26,38848,3717,8762,6.454470200000043,0,0.00078785,0.1383243699999995,0.11026247999999883,0.0968035400000001,122903660,0,14080,6646825,3006225,2139604
2025-01-22,289235,0,32,108500,10744,23858,6.545184590000057,0,0.00421877,0.7252647000000128,0.23279754000000677,0.1584521700000001,118627453,0,194238,19083966,7796018,4249906
2025-01-21,284989,0,6,23244,9290,6883,8.975849330000107,0,0.0013166,0.2538308799999963,0.8360138100000168,0.16017012000000022,115648653,0,18742,3778123,10464090,2032727
2025-01-20,301001,0,29,29515,10292,9454,9.21117219000017,0,0.00102559,0.37882582000000314,2.5456810900000137,0.23453492000000017,115981436,0,14341,5094401,27442946,3381614
2025-01-19,294087,0,32,65103,4114,25173,5.734012360000144,0,0.0009830099999999999,0.4452069299999968,0.14177979000000207,0.16088341999999997,129173752,0,30463,11340540,4752539,4631148
2025-01-18,258046,0,14,19822,3552,79232,5.417756490000123,0,0.00172548,0.08377587999999764,0.16390242000000138,0.5052098300000033,109821879,0,59131,3326327,5098021,11644606
2025-01-17,305283,0,16,107490,4018,8854,8.097233520000355,0,0.00149995,0.5988922899999878,0.1907817799999977,0.10751050000000027,122013373,0,33817,18672479,5842778,2173871
2025-01-16,268038,0,6,92746,3286,11363,6.531889870000139,0,0.00274727,0.5828471100000023,0.10427913000000019,0.12645267999999973,105061721,0,105012,16122333,2391072,2287386
2025-01-15,274947,0,9,63078,6024,9956,6.675427450000135,0,0.00018506,0.5311551199999667,0.20449790000001053,0.10122896000000015,119291399,0,6642,10654789,6762080,2213415
2025-01-14,275816,0,16,53486,4612,18754,5.969021920000072,0,0.00042863,0.20767496000000346,0.2516224300000006,0.11634862000000133,126246060,0,17058,8774577,14200770,3678399
2025-01-13,267239,355,5,128186,4132,8331,6.969513550000335,0.0015666500000000028,0.00013524,0.5042965600000318,0.18072930000001572,0.12135252000000013,97556531,55025,4852,22068803,6064770,2218791
2025-01-12,235690,0,27,117714,5829,21265,4.076376190000095,0,0.0004862799999999999,0.37713714999998627,0.33028081000003334,0.11013792000000014,126074909,0,21176,19872219,17942996,3757720
2025-01-11,230911,0,33,96902,5095,28249,4.674015840000306,0,0.00024701,0.4269821499999824,0.2221751599999932,0.12782414000000006,108197919,0,13308,16510029,7578168,4608544
2025-01-10,263828,0,13,124791,5785,14352,5.885443770000151,0,0.00022679,0.5949824899999989,0.26554858000001585,0.1514403599999996,110310885,0,7385,20903459,6399136,3344063
2025-01-09,269875,0,17,229405,5949,28767,5.683162150000489,0,0.014461660000000003,1.2635555000000034,0.16187396999999695,0.18211955999999974,102468416,0,386479,39214392,4946287,4982293
2025-01-08,274802,0,26,97802,10715,16631,6.506871480000193,0,0.00219159,0.6510221499999898,0.27949610000000136,0.1370863300000002,100187857,0,50790,16999145,4694075,3027387
2025-01-07,255895,0,2,67560,5929,22735,6.532267130000085,0,0.00012632,0.36247211999998746,0.20287083000000078,0.1639857199999994,112209406,0,3318,11321855,5441343,3969689
2025-01-06,265861,0,3,67623,6562,26211,6.017667080000064,0,0.00011455,0.28394718999999374,0.17143268000000306,0.143423460000001,113447249,0,3490,11209128,3957811,4335840
2025-01-05,227191,0,4,171484,7089,28186,4.775953460000186,0,0.00272502,0.7577728900000464,0.23859041999999628,0.13423534000000137,113463330,0,109371,29573282,8246185,4515785
2025-01-04,242103,0,6,126560,44634,18999,4.495798170000162,0,0.00045442,0.6295860700000129,0.6929851800000028,0.1120020500000004,105904665,0,17733,21210032,18475707,3318993
2025-01-03,271880,1,13,121840,5371,10236,5.2853329100002195,0.00000754,0.0018848899999999997,0.601266029999978,0.14335024999999882,0.10025689000000028,114311188,229,59809,20928999,4368652,2281174
2025-01-02,263912,176,15,103254,9764,25319,4.778992429999913,0.0004827700000000004,0.0006559199999999991,0.4422536200000192,0.19507005999998792,0.13361448000000142,137115133,27610,24696,17682578,7566404,4490172
2025-01-01,211320,96,33,50238,5018,25508,4.200753959999985,0.00031175999999999974,0.00254452,0.19504280000000193,0.24163219000000505,0.1193762299999996,114201762,14880,119822,8379871,11858925,4327202
2024-12-31,243246,0,20,37057,5036,27154,5.218078700000186,0,0.00279957,0.3088532899999481,0.21749525999999683,0.17415179,110840284,0,84854,5810242,7336139,4864034
2024-12-30,264475,0,15,23662,8653,77916,6.148329930000059,0,0.0007716,0.09814782000000005,0.26768522999999766,0.5584730500000211,132787592,0,40339,3850575,10861260,11358056
2024-12-29,226838,0,24,50028,6191,136031,5.284118859999775,0,0.00292179,0.2037441200000013,0.1797477100000001,0.7946084099999785,124033575,0,121770,8363617,6538501,18851278
2024-12-28,235783,0,15,22222,5778,34782,5.122502120000048,0,0.00439288,0.10287177000000082,0.27368082999999627,0.15687271999999913,121702634,0,205613,3670585,10968397,5351281
2024-12-27,264119,0,12,27334,6866,49910,6.382339840000094,0,0.0008368000000000002,0.12788035000000117,0.13922618999999492,0.24760841999999184,142411094,0,24536,4448811,3458003,7542499
2024-12-26,232001,0,7,27425,9760,29723,7.0864382300000806,0,0.00102809,0.1479019799999985,0.26205059000000064,0.22632725000000217,115783364,0,35963,4500600,5936882,4653669
2024-12-25,226398,0,22,85115,8588,85708,6.467530169999889,0,0.00255989,0.5001071800000046,0.39935567000001626,0.3242810699999977,114469353,0,58579,14141904,10220520,12024462
2024-12-24,266694,49,16,33877,8508,17426,8.822751800000072,0.00023680999999999992,0.0039253099999999996,0.24431858999999703,0.35670123000000276,0.14376868000000073,115708314,7693,123944,5694158,7325532,3068899
2024-12-23,260347,0,6,16581,6556,9191,10.087093780000156,0,0.00067299,0.12947130000000057,0.49301230000000046,0.12520172000000007,119019470,0,18245,2709287,14124604,2028140
2024-12-22,224801,23,15,24923,9791,76664,7.119559290000198,0.00014628000000000004,0.0003865199999999999,0.13913233999999933,0.5189634999999976,0.5068148099999595,124828178,3565,10734,4023266,15110871,10909397
2024-12-21,244665,46,16,42731,8416,34351,9.38234450000028,0.00022816000000000015,0.004325730000000001,0.3543864600000039,0.6779661199999992,0.27747938999999616,116926212,7130,132402,7283956,14035360,5517224
2024-12-20,322518,46,7,52222,11202,12675,14.184931760000293,0.00027393,0.00203692,0.44934319000000655,0.34157082999999233,0.20782710999999993,133042536,7130,19138,8797609,6263500,2790525
2024-12-19,314110,63,5,65218,14474,43704,21.032630040000523,0.00039845999999999995,0.00009532999999999997,0.6361653399999877,0.47700859999999606,0.726403810000001,120061386,9765,1617,11053350,6427625,7396361
2024-12-18,303159,31,21,86835,7791,16529,11.56048516000062,0.00018211000000000003,0.005968800000000001,0.8003686699999438,0.34765548999998486,0.39873925999999976,118238288,4866,96209,14970695,5263943,4372877
2024-12-17,306951,43,7,71800,4985,35921,11.049689880000209,0.00027591,0.0011066599999999998,0.7990593199999853,0.3134892599999776,0.5739971300000123,111885364,6711,19580,11972483,5332932,5734900
2024-12-16,320243,2,46,68683,3307,20466,10.711278490000403,0.0000129,0.004289150000000001,1.177100989999964,0.14240833999999955,0.29248721000000166,129844737,313,66135,11886872,1960412,4179851
2024-12-15,260383,0,10,77586,2443,38105,8.277009520000227,0,0.00163317,0.7625206399999892,0.05433598999999585,0.4705189099999991,115281043,0,27673,13391799,1061955,7166606
2024-12-14,274592,0,14,126422,1607,114847,9.471091080000068,0,0.00403303,1.329236339999999,0.12983856999999355,1.0591472400000048,117800918,0,41533,21849451,2440141,16809414
2024-12-13,326008,0,26,179463,1537,16551,12.097583420000365,0,0.0022853599999999997,1.9214538699999415,0.1404311900000114,0.26601294000000025,132087312,0,31052,30916298,2467681,3436558
2024-12-12,337097,0,19,127901,1955,8006,16.539465320000595,0,0.0025522900000000005,2.7618900100000396,0.12903783999998109,0.2556518299999993,122185942,0,19372,22477413,1040338,2227727
2024-12-11,310548,0,8,114738,1694,54180,15.437820710001123,0,0.0006842199999999999,2.0377422099999776,0.2982636699999933,1.1597776599999505,110909234,0,5052,19796899,2862830,8374137
2024-12-10,312075,0,88,97172,1200,31409,13.703704750000249,0,0.01398516,1.4769877899999775,0.20574730999999385,0.4785742900000007,128839842,0,131281,16645312,2593267,5716656
2024-12-09,272532,0,18,99881,1031,29802,13.637117670000503,0,0.00217615,1.3078615299999359,0.5574294900000288,0.4657352899999974,141595667,0,26423,16994248,1737264,5547678
2024-12-08,238231,0,5,160581,642,20861,11.848208140000802,0,0.00402484,2.8718015799999304,0.025289509999998155,0.469107110000006,113669885,0,46863,27756142,251568,4225747
2024-12-07,233738,0,22,38392,862,183087,14.250224570000588,0,0.0025943300000000006,0.5214693599999601,0.048909949999996184,4.241383249999809,109108093,0,23295,6674990,451637,25661904
2024-12-06,271656,0,13,46511,1151,95312,11.67818366000013,0,0.00358279,0.7345646900000306,0.10048077000000694,1.6883433900000426,111769739,0,38223,8029986,1282740,13838381
2024-12-05,339791,0,25,86304,1201,85169,11.976069600000287,0,0.0143788,1.036887149999995,0.0980873500000006,1.1598140399999914,125200728,0,132210,14547409,1324235,12754044
2024-12-04,297943,0,22,69940,2538,132469,9.603755930000146,0,0.012136790000000001,0.6240266200000117,0.0417603899999961,1.565672400000069,115203266,0,50776,11556281,724464,19420414
2024-12-03,289872,0,8,128695,864,20080,13.25853202000071,0,0.00522277,1.790334009999966,0.05693082999999603,0.357732880000006,128687539,0,74277,22247507,1438725,4498057
2024-12-02,276582,0,10,14620,815,19784,18.454603790000558,0,0.004357369999999999,0.23958042,0.05240085999999994,0.43839231000000234,119549277,0,48521,2351055,654709,4337242
2024-12-01,231030,0,23,88623,1151,377396,10.020501620000674,0,0.00150425,0.4746715500000194,0.10232695000001084,9.588427689995678,89368616,0,22459,15050771,1657245,51861777
2024-11-30,270868,0,41,141244,2637,226153,7.39992018999978,0,0.020599540000000006,0.8502260500000314,0.147977620000007,1.7038072600000413,104387018,0,241601,24005903,3345004,31993641
2024-11-29,254663,1,22,54577,901,31617,11.663268840000342,0.00002325,0.0053509099999999995,0.763375129999996,0.05263645000000004,0.579343890000028,105818202,230,90925,9122924,635811,5284612
2024-11-28,263897,0,23,242658,1197,15705,10.159897210000835,0,0.03136437,3.280526409999995,0.02973101999999042,0.25232655000000004,96381838,0,536699,40396204,409914,3273890
2024-11-27,288829,0,20,127813,4970,40487,8.495292390000126,0,0.00495103,1.053954020000011,0.08642047000000438,0.3627873300000045,102556423,0,111217,20988116,1926510,7403011
2024-11-26,272741,0,10,59005,1248,142685,12.730871600000519,0,0.0015715100000000001,0.43114767000000853,0.05824777999999575,3.9864078499998596,107802998,0,37951,9360999,905234,20841689
2024-11-25,299191,0,15,104282,2455,198927,9.559986810000302,0,0.0013846200000000003,0.4769995499999877,0.10049453999998786,1.3131717900000601,120870791,0,43925,17010259,2420411,28596832
2024-11-24,241740,0,17,43428,2065,176039,7.77661937000006,0,0.007925419999999999,0.2803437400000026,0.13330129000000193,1.195229769999997,97374471,0,198569,7241058,3249001,24898940
2024-11-23,275376,0,40,18375,2180,148728,12.203924589999517,0,0.0071389,0.1595777499999988,0.15647218000000312,1.2716350300000925,109258443,0,122622,3002904,3418250,21170099
2024-11-22,296963,0,15,27032,1919,214376,14.924986950000205,0,0.005624239999999999,0.24677306999999765,0.12050729000000204,3.5207645799998253,105293856,0,137372,4377135,2030235,30139795
2024-11-21,340515,0,18,11661,1301,145017,18.4647963400006,0,0.01203641,0.15734049000000003,0.11971407999999958,4.147087449999958,118718327,0,202209,1865140,1950773,21220218
2024-11-20,283993,0,14,9866,953,370040,14.25425104000054,0,0.00708203,0.14128536999999947,0.060083010000000284,6.800946940000131,93334895,0,96336,1531952,684131,51322759
2024-11-19,287791,0,26,18085,1838,503065,15.616204150000586,0,0.008780409999999999,0.17839185999999801,0.1286647600000014,8.494535140000414,98537773,0,165586,2951920,3424090,69897827
2024-11-18,297880,0,17,21356,2633,351422,12.508861060000056,0,0.0017866300000000002,0.19078239000000208,0.09527020999999693,4.726542110000355,99866650,0,39904,3442326,2831785,49789977
2024-11-17,251979,0,22,96675,3880,245940,7.110606510000097,0,0.005125520000000001,0.42324919999999683,0.19747430999999843,1.732277800000017,92226409,0,155666,15976144,6346259,35263109
2024-11-16,288733,0,27,111947,3333,198615,14.420483510000011,0,0.013700760000000001,0.5961787399999936,0.14613583999999522,3.063308559999976,104161680,0,271020,19209377,5005445,28312630
2024-11-15,296873,0,19,53222,1658,210451,27.19152519000035,0,0.01241685,0.5282597600000014,0.10622943000000676,13.582768249997587,110271054,0,131144,8448095,1255402,29853344
2024-11-14,292229,0,4,17368,843,193122,19.092484430001253,0,0.00070275,0.3824513099999981,0.0420057600000007,5.1788839399998094,96772687,0,6790,2718601,269107,27212081
2024-11-13,333860,0,6,19941,810,216362,18.215171460000054,0,0.00273859,0.31434980999999856,0.06672578000000205,4.335512209999872,103777329,0,27352,3164596,499417,30517192
2024-11-12,346546,1,11,26101,2070,128948,17.144553070000345,0.00003504,0.00088157,0.2448114700000017,0.13125982999999933,2.4665193000000256,119923072,239,24157,4267889,1693803,19059937
2024-11-11,331109,0,16,15971,1934,113428,13.477498820000303,0,0.00265473,0.12982389000000208,0.09270693000000069,1.5143199100000149,114700048,0,39824,2412632,2039888,16768780
2024-11-10,279376,0,71,86634,2704,189493,8.450972030000482,0,0.00252318,0.5973362600000013,0.13325101999999395,1.6498512499999929,102351009,0,67434,14753087,2983488,26804759
2024-11-09,233605,0,57,29222,2375,312109,7.544481470000175,0,0.00393074,0.16746347999999925,0.040198799999997634,5.441746129999769,90320974,0,93524,4583236,952309,43000060
2024-11-08,280203,0,10,24332,3461,189140,6.57938495999993,0,0.00117415,0.12543447999999796,0.10174653000000027,1.1490760900000019,107819120,0,33196,3869249,3439758,26793331
2024-11-07,283741,0,27,26187,4578,238514,5.665885119999921,0,0.01391325,0.10847204000000035,0.0995160799999993,0.7567332100000148,114769736,0,306423,4136666,4335626,32446025
2024-11-06,313768,0,23,18674,4136,165040,7.2601161799995415,0,0.0019085200000000001,0.08326886999999751,0.08598785999999926,0.8497596699999977,123612249,0,49134,3033416,3019813,23255682
2024-11-05,274391,0,9,12949,14034,163903,5.783938469999866,0,0.0002405,0.05838502000000012,0.21752827999999366,0.438881350000036,107025697,0,9983,1983490,7833396,22140450
2024-11-04,251063,0,24,19098,4688,181953,5.4453655399998615,0,0.00258061,0.07547225000000075,0.21381236999999695,0.5552304000000609,112364365,0,88397,3120720,9228698,25165792
2024-11-03,203412,0,18,17778,3553,230641,4.4387160300000525,0,0.00094735,0.07228000000000087,0.16766773999999837,0.6670988199999717,87721536,0,19635,2819620,8604074,30843952
2024-11-02,218042,0,19,21144,8746,296661,5.087185209999925,0,0.00248911,0.08683347000000025,0.4520897500000043,1.4843177299999841,83897161,0,80796,3238306,11073354,40693000
2024-11-01,246877,0,20,20522,4178,276291,6.71437414999965,0,0.00192964,0.10129500999999821,0.3087843599999977,1.1846594900001506,102152646,0,62299,3145967,9262465,37380236
2024-10-31,260519,0,16,20029,4513,277160,15.69264442999843,0,0.02993612,0.10436042999999817,0.28417702999999706,49.580569020012,103728169,0,54436,3061255,9768671,38396770
2024-10-30,259817,0,26,14852,4531,402873,7.211997649999798,0,0.0037914000000000003,0.07238487000000032,0.27278957999999853,1.8211758400000075,101865037,0,78537,2274070,10083756,54739623
2024-10-29,283040,0,25,14518,7277,310121,8.912251130000191,0,0.004738000000000001,0.07802221000000024,0.3699600699999969,2.1184337600000354,104964761,0,152761,2228688,7778641,41905290
2024-10-28,260356,0,33,21797,13537,407101,5.890391579999989,0,0.00560652,0.10072911999999908,0.2651348699999932,1.3381149900000116,101568531,0,176369,3342169,8008108,53972548
2024-10-27,215695,0,34,28513,7190,449382,6.556321999999552,0,0.008141259999999999,0.12595111999999703,0.2642236999999953,1.2841498500000545,83404300,0,188502,4366280,10528197,59581463
2024-10-26,229768,0,34,18373,7031,342538,8.87058625999939,0,0.01201349,0.10337388999999961,0.22688373999999834,1.3236008000000985,87902367,0,162696,2857581,8133328,46975432
2024-10-25,262940,0,16,8363,10384,242311,23.534494289998086,0,0.00436768,0.10038189000000011,1.1113096299999985,11.929962409999577,98751762,0,53230,1307168,14673330,36170667
2024-10-24,195202,0,12,3711,2574,480335,22.75164284000164,0,0.00190796,0.05988180000000003,0.1253979200000001,24.579375459999458,79438103,0,30077,572511,1567943,65374525
2024-10-23,223992,0,33,4795,6370,429997,14.842223589998175,0,0.00443138,0.06962704000000011,0.40212743999999956,8.5118057800016,87441237,0,42894,753775,4233008,58521506
2024-10-22,221522,0,17,23460,8664,446511,14.999202870001646,0,0.02018465,0.8119840699999803,0.47879707999999876,9.376306539999128,71239236,0,28641,4050788,2707819,60008544
2024-10-21,228952,0,29,6012,3051,596967,9.842257620000037,0,0.01150743,0.05540431000000002,0.10055651000000006,7.50780215999956,85304254,0,258993,940938,2301553,81178756
2024-10-20,272728,0,34,11803,5916,487592,7.92535717999949,0,0.004764590000000001,0.08208589999999989,0.20740030999999925,5.314733340000056,96603781,0,79238,1882028,5639853,66749122
2024-10-19,274781,1,31,8067,4780,447901,10.024390170000427,0.00003819,0.00600525,0.07298330999999979,0.6940112400000005,4.802433449999637,97548665,260,109823,1275235,11824317,62189942
2024-10-18,308849,0,33,6973,2654,155770,21.997565979999717,0,0.01003393,0.0891969400000006,0.12886795999999826,2.8736802299999895,108385225,0,143165,1148988,1702263,22564309
2024-10-17,258380,0,30,3882,18122,372613,38.566478329996514,0,0.0191785,0.11425228000000003,1.3259931999999963,21.379580810003414,95242115,0,125294,616039,9177876,51792689
2024-10-16,209628,0,16,2586,1105,495007,22.008998529997537,0,0.00847466,0.05753013000000004,0.07121669999999997,28.744430689999813,71641019,0,55980,400668,618993,68263720
2024-10-15,240506,0,21,6036,4341,395987,16.353964519999682,0,0.007989970000000002,0.08021100000000009,0.17413804000000033,9.191974370000269,97241016,0,91759,949732,2962031,54705455
2024-10-14,227969,0,25,4056,1835,377798,16.762603660000792,0,0.014815279999999997,0.07264474999999994,0.10781804999999986,8.67625827999974,84589954,0,130329,638508,1053219,52559406
2024-10-13,180022,0,12,6133,3093,459479,14.842962859999943,0,0.006458299999999999,0.10557552999999904,0.11477764000000011,9.649621869999567,72225844,0,34875,997343,1286891,63405792
2024-10-12,183573,0,23,2606,502,549617,22.519346980000794,0,0.01126561,0.11359310999999993,0.05928466999999998,22.102364500000657,66352082,0,40095,422519,304427,75854894
2024-10-11,201137,0,15,2073,794,429233,25.550399949996134,0,0.01327391,0.08699704,0.05474318000000003,18.945595870001064,79949897,0,44718,326780,245479,59397350
2024-10-10,223025,0,29,5241,2034,515882,14.985700700000786,0,0.0037711600000000004,0.07267209000000002,0.13825017999999983,10.050813809999847,80417400,0,64677,804748,1964827,70714020
2024-10-09,224459,0,41,6956,2100,303331,9.544225600000203,0,0.0073465299999999996,0.06550983999999999,0.16000361000000013,5.450160780000001,79685098,0,102046,1082906,2646360,42439698
2024-10-08,274219,0,47,13787,3912,427493,11.786638420000676,0,0.00900048,0.10420254999999992,0.09311461000000049,4.80984937999977,103738862,0,153073,2161558,2373398,58526337
2024-10-07,228174,0,32,33505,6446,449543,7.4030354900000646,0,0.005341930000000001,0.41903199,0.0823191800000031,4.788315070000232,85962404,0,113617,5721207,2240432,60959245
2024-10-06,190062,0,36,37757,4589,509714,5.538157819999931,0,0.005007889999999999,0.4038902900000232,0.10801782999999511,3.703712650000073,73523095,0,100467,6432497,2816059,69103729
2024-10-05,195584,0,16,11983,2292,547700,6.1471881600003435,0,0.00744815,0.07611907000000047,0.040771350000000955,5.820231419999869,73481256,0,131272,2005683,1012965,74319176
2024-10-04,246699,0,24,12505,6405,295792,5.896440319999915,0,0.00173934,0.06258492000000009,0.21409675999999897,0.9797947700001011,120860567,0,59730,1989233,6130930,39922364
2024-10-03,233068,0,11,12229,4462,333007,6.374499670001046,0,0.00585477,0.06344934000000005,0.10775268999999975,1.0873225000000069,109321650,0,135436,1913340,2369224,44284516
2024-10-02,229302,0,16,10713,3986,346964,5.643259390000162,0,0.0035230699999999997,0.05825516999999996,0.07081716000000003,1.0907988299999754,102643994,0,131155,1683400,1746544,45843506
2024-10-01,246752,0,10,11923,4340,369869,6.388881900000922,0,0.00124958,0.06417259999999983,0.07158716999999995,1.3802407499997564,100112550,0,49028,1886629,1757077,52259065
2024-09-30,240026,0,14,12072,5440,336672,6.118155720000545,0,0.00211481,0.07127819000000002,0.10486164999999975,1.033471249999922,87015314,0,76552,1875463,3441672,44654737
2024-09-29,210957,0,56,14524,5844,456046,5.220855309999894,0,0.00760092,0.07410721999999989,0.0854507299999994,2.144695940000113,88925036,0,277089,2240785,2685336,60908223
2024-09-28,206001,0,23,10420,3803,287460,6.661897350000092,0,0.010290730000000001,0.08133272000000052,0.5554955499999984,2.748592360000039,73946359,0,172508,1599629,13738798,39499991
2024-09-27,251454,0,27,10302,4906,185034,8.968982540000315,0,0.01770119,0.08285708000000015,0.5305042299999995,1.4713579700000385,96737847,0,71604,1601577,11233484,26298372
2024-09-26,239162,0,26,12161,3849,219568,6.923280049999901,0,0.0036151399999999993,0.07574063000000006,0.14668243000000059,1.3815174100000578,94856836,0,68285,1880709,2224568,29941645
2024-09-25,247731,0,57,15506,5374,234792,5.714888019999826,0,0.00511424,0.08751066000000046,0.13580629999999871,0.7055906300000478,105364960,0,157281,2410256,4448937,31630918
2024-09-24,249685,0,47,16398,8605,257485,5.980169009999798,0,0.00567487,0.08308190000000017,0.18965475999999815,0.7142912000000172,101708965,0,203285,2550418,6303610,34260645
2024-09-23,254489,0,13,22815,11553,291232,6.033367989999465,0,0.00098316,0.12189700999999725,0.156448419999999,1.4245486000000032,99264993,0,40116,3715357,4389307,38634239
2024-09-22,193959,0,43,31289,7994,394945,3.9450270200000586,0,0.00630845,0.14930665999999632,0.10717572999999739,1.0837695199999275,75808502,0,173909,5185040,3495549,51421323
2024-09-21,219954,0,25,14669,7243,315553,4.99167473000014,0,0.00066349,0.0792767200000003,0.13682600999999908,0.8688912700000531,87093685,0,17759,2265798,4306571,41393712
2024-09-20,256980,0,62,14556,7239,247553,8.358159380000293,0,0.0042115799999999995,0.09338213000000058,0.16550065999999897,0.8920080299999249,104264727,0,178832,2281232,4509487,33787938
2024-09-19,250113,0,22,13075,7022,185475,8.343642810000626,0,0.00154636,0.10083090000000013,0.09835144999999935,1.3955478099999898,91842279,0,30773,1996159,2308495,25841822
2024-09-18,237996,0,36,13661,8400,281383,5.830258989999464,0,0.00371984,0.08853482000000033,0.22136956999999888,0.8756920500001839,92575809,0,109537,2098958,5343106,36937367
2024-09-17,237641,0,17,12046,13066,276343,6.1445099099990435,0,0.00302512,0.07904264999999974,1.1886947700000001,0.8292920100002656,92189124,0,78463,1858761,17956395,35962588
2024-09-16,223165,0,11,10690,13704,256970,5.3481583499996574,0,0.0006658400000000001,0.07005801000000013,0.25432737000000366,0.8098984599999851,83274272,0,18062,1650212,6409038,33706530
2024-09-15,209853,0,65,14144,5633,482779,4.717974580000251,0,0.0018120400000000004,0.07839751000000043,0.10660756000000104,1.4228432800003055,84333080,0,64037,2132560,2265134,62347052
2024-09-14,209414,1,28,11807,5063,412676,5.0667336299995345,0.00000746,0.0019324799999999999,0.07108457000000036,0.16934418999999917,1.289458640000291,78336574,245,64401,1844343,5313863,53564477
2024-09-13,246246,0,18,11446,6429,154908,6.671183199999852,0,0.0023263,0.07550612999999996,0.1372836800000003,0.6092428500001434,96407508,0,59276,1753783,3835137,20941363
2024-09-12,252876,0,48,18868,6217,285512,7.128185159999297,0,0.0084746,0.11291314000000145,0.0925868399999991,0.9893819100002793,107423272,0,250361,2897755,2644554,37808648
2024-09-11,218870,0,24,13671,9579,169258,5.771935750000042,0,0.00256511,0.08795804000000194,0.1553174899999973,0.6245238100000555,80037058,0,53836,2155280,3151830,22631794
2024-09-10,223171,0,83,8242,6141,330993,5.757435889999333,0,0.00469595,0.05454409000000003,0.07213064999999953,1.0728778300000905,90795551,0,127155,1286287,1781248,43085919
2024-09-09,217442,0,20,10870,5030,339036,5.64722563999933,0,0.00246826,0.0683315500000001,0.0811964500000005,1.10323679000017,95977140,0,59639,1742319,2283005,43993362
2024-09-08,189131,0,68,14200,8909,697775,3.8565052400009767,0,0.02081798,0.08209484999999964,0.14175811000000182,2.2229927599998254,70074256,0,686900,2268592,4287131,89871916
2024-09-07,193216,0,67,11069,7048,570026,4.439848930001,0,0.00454199,0.0649595,0.0878770099999999,1.9551404499993752,79358627,0,111004,1728944,2243204,73714995
2024-09-06,229996,0,112,11947,7192,418020,5.907601730001278,0,0.004610000000000001,0.08066446000000002,0.10917964000000038,1.518823159999773,84864171,0,117494,1865233,2864577,54425076
2024-09-05,230761,0,17,9525,14555,466393,8.43433870000082,0,0.0015879000000000002,0.06315770999999991,0.32969342000000496,1.913081079999951,85738815,0,37283,1475548,6969367,60862320
2024-09-04,224672,0,32,11006,8472,478554,5.731583480001252,0,0.00144259,0.07406466000000032,0.20086648999999815,1.7637097999996574,81278675,0,41553,1746255,5597611,62458378
2024-09-03,226396,0,29,9002,20696,326628,6.429760950001153,0,0.00245863,0.06110686999999992,0.8135199100000038,1.164819259999652,82267769,0,54920,1417030,19691701,42616521
2024-09-02,213664,0,88,11157,12880,517115,5.131046719999597,0,0.0019363800000000001,0.0706174400000005,0.619750620000002,1.7866281499998817,83021952,0,51728,1798771,15172814,67025984
2024-09-01,199051,0,75,10136,11661,430948,4.533378119999242,0,0.00398417,0.06278000999999993,0.3739102700000043,1.483801130000146,74121960,0,113694,1580402,10224354,56034893
2024-08-31,205481,0,23,10326,8627,477495,4.475863340000459,0,0.0008192,0.06306788999999999,0.1811018599999994,1.6048179200000847,77251498,0,25528,1615676,5574991,61629805
2024-08-30,234595,0,129,13175,7437,286765,6.658808269999906,0,0.00376282,0.09751868000000118,0.21507035999999757,1.0382112900000664,96405273,0,95669,2059848,6062493,37382290
2024-08-29,233721,0,52,11949,7350,271290,6.968843989999667,0,0.00222392,0.07825618000000009,0.13840804000000206,1.008788259999753,91259526,0,58905,1918920,3328886,35476175
2024-08-28,226486,0,106,12721,9386,484831,5.772309130000062,0,0.00295281,0.07917164999999987,0.17553948000000294,1.683060950000173,92370029,0,82896,1992318,4306174,62374910
2024-08-27,227392,0,68,12178,6380,427793,6.067867049999142,0,0.006171620000000001,0.08476887000000015,0.09376039000000008,1.5364522100002784,82530286,0,133177,1943071,2221762,55294431
2024-08-26,218071,0,98,13341,5137,364075,6.542325890000165,0,0.004329540000000001,0.09774122999999985,0.17777884999999996,1.67675131999985,80826078,0,93528,2154031,3712311,47285204
2024-08-25,178198,0,105,12787,6925,507823,4.3387892099996925,0,0.0046540999999999996,0.08630018000000066,0.13974906999999942,2.459627219999666,61294009,0,119564,2020963,3472489,66172134
2024-08-24,203809,0,164,31017,7018,552372,5.088834320000108,0,0.0043267800000000006,0.18446667000001454,0.09520433999999953,2.131733100000008,74120971,0,107049,4873742,2390486,71616155
2024-08-23,233828,0,113,14871,10492,540535,7.41811230000077,0,0.00564955,0.10512819000000029,0.15793560000000245,2.1299671399997764,88055910,0,131090,2351325,4053022,69571164
2024-08-22,245618,0,75,13592,5904,529913,96.82601908997543,0,0.00540012,0.1735167000000005,0.08098899000000008,3.179024620000541,86951084,0,100012,2146576,1782994,69133555
2024-08-21,233558,0,128,35603,5695,412701,6.22275729000027,0,0.0061808,0.2794508500000006,0.11801180999999826,1.8527175199999357,84119909,0,135954,5712586,2762097,54307266
2024-08-20,236616,0,143,36084,5952,438542,7.100261789999786,0,0.007552359999999999,0.27610636000000466,0.12990080999999973,2.4530888999998655,83836764,0,155984,5678323,2842613,57573373
2024-08-19,219280,0,127,16094,4931,312962,6.634772539999564,0,0.00947818,0.10456478000000076,0.15996300999999757,1.9599332100000948,81316664,0,218117,2504632,4442137,41554553
2024-08-18,204844,0,109,9842,11358,543549,4.794535049999931,0,0.006818479999999999,0.06274351999999998,0.37539024000000054,1.9802712699996878,73847417,0,195639,1515569,9910568,70621296
2024-08-17,203147,0,193,25605,15835,457760,5.258535310000165,0,0.006368550000000001,0.1467634300000041,0.19089121000000314,1.640255300000097,77976602,0,118732,3986607,5659559,59358174
2024-08-16,222786,0,109,43810,6068,303038,6.8875083400001476,0,0.005142450000000001,0.2634218299999983,0.13708170999999922,1.5976708199999763,90036034,0,122073,6883803,3611798,40376005
2024-08-15,228247,0,42,15437,7098,410100,6.815751450000316,0,0.0042929,0.11161806000000088,0.14474372999999982,1.5405228899999586,99454918,0,106328,2421568,3703277,53376552
2024-08-14,223933,0,48,72641,8567,199512,6.502704760000557,0,0.005992869999999999,0.46516346999998465,0.17126306999999705,0.8255619100000151,88963331,0,149649,11523568,4362175,27019342
2024-08-13,221552,1,172,60546,6848,290499,6.391925130000731,0.00000412,0.012495119999999998,0.3564267900000013,0.11780432000000399,1.1803893099999263,95286726,163,294316,9563865,2941111,39942268
2024-08-12,205196,0,65,22188,3956,218619,7.0416059800002335,0,0.0037309400000000007,0.13827379000000012,0.14997544000000082,0.9463148499998982,98425016,0,73193,3457499,4111884,30910462
2024-08-11,179095,0,81,38819,5425,421394,4.845665930000183,0,0.0029873899999999995,0.20409594000000467,0.11170481000000321,1.4202614699998464,96874523,0,82927,6078548,3139974,54863604
2024-08-10,190735,0,84,37565,5522,314871,5.22515797000019,0,0.00996754,0.2195058200000097,0.12614796999999886,1.1768240400001695,78127732,0,249688,6001404,3612460,41047813
2024-08-09,221318,0,77,34532,5359,135133,7.248623840000405,0,0.0026879500000000006,0.23566413000000377,0.5093624100000043,0.612871490000011,90964559,0,72299,5442361,15262293,18240184
2024-08-08,259359,0,84,40926,4398,182632,7.859224009999656,0,0.0032896500000000007,0.2804670600000006,0.11245573999999989,0.7505821399999001,94923812,0,62013,6432695,2360654,24230285
2024-08-07,206984,0,66,12011,4831,156205,6.943001460000416,0,0.010086580000000001,0.08755183000000015,0.13954550000000027,0.6875769599999425,95240865,0,208527,1856122,2964333,21694886
2024-08-06,214707,0,101,12316,4453,253596,7.023381539999744,0,0.00348277,0.08378868000000035,0.12256222999999941,0.9693640500000098,100422205,0,82017,1958940,3104515,33436615
2024-08-05,247647,0,152,12607,8862,279589,8.077895389999814,0,0.00462863,0.08378144999999981,0.09536160999999843,0.9871301500000347,113135999,0,117052,1965475,2855052,36906508
2024-08-04,199708,0,152,22273,8955,293507,5.754107130000032,0,0.007304800000000001,0.1338453800000034,0.16683456000000002,1.223197709999999,94003873,0,184804,3437835,4170897,38664085
2024-08-03,210418,0,89,19259,10322,263974,6.662564580000442,0,0.0035080600000000003,0.1258531499999972,0.2425326100000005,1.1933699799999415,91798490,0,75093,2988212,5412830,34767084
2024-08-02,225644,0,76,16566,9591,158236,7.7413194099996705,0,0.00498452,0.11677747999999452,0.12700365000000222,0.777492960000032,97287501,0,100094,2613612,2613178,21366723
2024-08-01,242355,0,106,15781,10804,275384,7.76833314000021,0,0.011208160000000002,0.12120434999999967,0.17262554000000005,1.3522442300000168,96195635,0,262245,2458889,3223341,37890793
2024-07-31,275588,0,83,11416,17808,257924,8.961968649999738,0,0.007953040000000001,0.09725128999999971,0.2863728400000013,1.2588979600001213,99462720,0,158497,1736030,5815734,33876352
2024-07-30,223812,0,169,6623,14515,437977,7.31062826000043,0,0.0027220000000000005,0.05795536999999991,0.17253693999999914,2.170453060000106,84612858,0,62383,1040422,3785414,60622657
2024-07-29,243837,0,96,7454,21762,552980,7.828325339999735,0,0.002245,0.06385252999999999,0.26752583000000135,2.705053490000396,98553721,0,53869,1164032,5387636,72964084
2024-07-28,184948,0,221,13596,17112,537826,5.0840314799995845,0,0.01455099,0.11000047000000014,0.24588474000000576,2.7041059400001806,69085855,0,305332,2097486,5467979,71160981
2024-07-27,205468,0,136,29555,22565,188006,8.370760660000027,0,0.009038400000000002,0.24948232999999956,0.33017168999999136,1.2643489600000328,116929440,0,126914,4581544,6789631,25492498
2024-07-26,221845,0,89,9646,21880,205607,8.831123760000407,0,0.00480839,0.09329001000000006,0.3211779999999974,1.1253461299999583,124233981,0,85236,1510949,6230172,27871152
2024-07-25,224650,0,150,6990,24782,463139,7.814240630000365,0,0.006727,0.06312325999999975,0.3791157500000026,2.4164920900003253,89985034,0,128659,1128015,7793600,61013581
2024-07-24,209822,0,58,5612,19936,361030,7.961440590000804,0,0.011719090000000001,0.054958670000000036,0.3612095399999993,1.850653790000183,84469301,0,237689,914838,6916497,47511086
2024-07-23,206915,0,71,14623,10400,606968,7.425252760000136,0,0.00626764,0.13618604000000478,0.2877764100000014,3.367845100000105,80244285,0,125915,2292745,5991803,80387275
2024-07-22,214798,0,104,11690,8995,589412,8.81927085000027,0,0.0053780699999999996,0.10662544000000007,0.3221218099999998,4.464468159999597,92546507,0,107443,1828177,5679038,78857058
2024-07-21,177219,0,64,41805,8653,631888,5.804597790001206,0,0.00733203,0.3762022400000175,0.27835655999999365,3.3994840599995535,74377704,0,90256,6728480,5022876,82831642
2024-07-20,190068,0,77,36072,4562,449556,7.144632599999588,0,0.0045173800000000005,0.3353237000000015,0.1754601400000014,2.523219879999887,93683180,0,87407,5742764,3467715,62012775
2024-07-19,225352,0,81,36932,2200,243375,10.034579770000574,0,0.005489330000000001,0.35861345000001343,0.19188904000000245,1.5457711999999832,103035137,0,97423,5936908,3391647,33531026
2024-07-18,207162,0,176,6605,2559,229072,8.32302199999977,0,0.010868910000000002,0.06898755000000002,0.1916055800000001,1.4583588299999273,91771455,0,174983,1081255,3506696,31452890
2024-07-17,211992,0,113,7262,2744,393759,10.038402440000516,0,0.005027210000000001,0.08381058999999982,0.35626698000000084,3.5506168799997213,99180059,0,83567,1173843,5384530,53142849
2024-07-16,217431,0,215,6724,1865,302821,9.612507320000276,0,0.00676334,0.07796265,0.18509091000000036,2.427410519999905,101792273,0,88955,1093013,2934834,41051792
2024-07-15,217586,0,96,11205,2446,321568,10.284616120000448,0,0.01653969,0.1149180699999999,0.17336259000000084,2.6128645900000063,104457700,0,242118,1803249,3065388,43402954
2024-07-14,185522,0,169,20872,10055,369930,9.165500100000353,0,0.02192060000000001,0.2030986999999999,0.3862064100000052,3.454615980000041,106079654,0,306320,3499811,6744581,50320629
2024-07-13,170461,0,138,3725,1528,559834,10.301676980002282,0,0.010191430000000001,0.06556122999999996,0.16880717999999978,8.880853549999218,76170293,0,150308,592618,2220344,74836355
2024-07-12,203415,0,73,5922,3174,445771,8.967121940000277,0,0.008975539999999999,0.07081536000000038,0.13990697999999904,3.11861206000038,88998818,0,102130,972114,1687902,58286117
2024-07-11,209549,0,56,4936,4351,423174,8.864977600000667,0,0.00340719,0.06267216999999986,0.21703298999999976,3.2694602499993377,81266838,0,49874,788685,2275640,55679551
2024-07-10,197178,0,24,4702,2445,427396,10.726800329999577,0,0.006127,0.06342405999999996,0.18171473999999954,5.168184750000342,77120083,0,88267,752814,1419325,56637128
2024-07-09,200357,0,43,26494,4024,423119,9.294859100000126,0,0.016926689999999998,0.3290277200000032,0.1870159200000003,3.388133220000298,88366400,0,203273,4542065,2323164,58581861
2024-07-08,214619,0,87,6313,6267,365724,11.01708209000018,0,0.01886786,0.08054362999999973,0.219765400000002,3.4470187800000365,103168180,0,286177,1023547,2681865,51795136
2024-07-07,167757,0,100,27976,4930,472989,7.405511799999885,0,0.032736180000000004,0.2617200200000038,0.1747377100000106,4.448398199999693,71587255,0,520792,4058806,2437345,62398998
2024-07-06,195373,0,52,21332,10650,430635,10.59426879999968,0,0.00392175,0.2625402600000009,0.33031961999999926,4.323117830000374,100506400,0,46254,3449991,3970348,57010786
2024-07-05,206956,0,14,10665,4961,267941,11.67191321999841,0,0.00317557,0.16699246000000018,0.15710126000000188,2.7214767400002677,81895990,0,37046,1727592,1656486,35699781
2024-07-04,200197,0,18,4978,3301,329603,12.945913969998598,0,0.00465201,0.09751868999999991,0.15913402999999962,3.6718370399999327,93333320,0,46971,847161,1523722,44216328
2024-07-03,205139,0,15,8177,7149,324564,11.732970509999822,0,0.013363249999999998,0.10680509999999854,0.3618831299999947,3.94084880000009,94809877,0,158946,1247612,3964489,43800148
2024-07-02,216806,0,53,25772,5528,344126,12.144413239999114,0,0.011509640000000002,0.3112419300000281,0.41370804000000605,4.348831290000377,92005728,0,138075,3702042,4318041,47830341
2024-07-01,321906,0,1173,4017,56686,227280,14.058382160001335,0,0.045829959999999996,0.07992748999999993,1.4288622500000143,2.74192086000017,95662040,0,567689,670345,12607589,31513308
2024-06-30,212225,0,2059,9119,25608,256116,9.909573090001357,0,0.07631391000000001,0.14593858999999915,0.555971340000006,2.7331792199999447,78348238,0,951409,1449503,5434245,34830631
2024-06-29,220481,0,3208,5001,24913,458646,10.790004370001851,0,0.11982306000000001,0.07868084999999991,0.606528009999992,4.6121804399997055,87502363,0,1487435,815531,6409868,59866776
2024-06-28,246608,0,1550,38805,23088,283933,13.070331680001315,0,0.060774209999999995,1.0877290499999521,0.6042772499999987,3.3769088200002333,84789678,0,747582,6087876,5400125,38002733
2024-06-27,210479,0,789,4647,8879,189830,14.797782450000575,0,0.043342840000000014,0.09751274999999993,0.30584697999999694,2.8581190499999907,99675286,0,494570,835797,2131064,26801962
2024-06-26,203130,0,1114,6674,4861,275038,15.018662060001871,0,0.04601909999999999,0.14168389999999953,0.314331079999998,5.812062770000077,79208287,0,547132,1111734,2433507,37693962
2024-06-25,183202,0,196,6225,2061,344663,14.646792510000909,0,0.01374458,0.1482622199999998,0.18613856999999948,6.89482971000006,73853068,0,119583,990072,1295401,46720725
2024-06-24,195813,0,40,8816,1866,321791,15.49924921000176,0,0.022587160000000005,0.15499330000000003,0.3137355900000008,3.6761033799997356,102881810,0,262097,1431322,3425932,43982949
2024-06-23,147508,0,25,19633,2136,323050,10.08645504999894,0,0.014967800000000002,0.3392584199999972,0.3516512899999922,4.070803360000711,62079454,0,154752,3289026,3378848,43135947
2024-06-22,165016,0,16,7280,7414,501694,12.90825395000051,0,0.0170749,0.14428488000000017,0.6537766999999928,7.0706880600005775,76763195,0,171386,1225483,6001647,67806546
2024-06-21,194192,0,41,7345,4154,387111,18.706075509998893,0,0.03252471,0.15595065000000025,0.5624334799999989,8.109325090000477,80875471,0,303142,1190102,4358129,53224142
2024-06-20,199392,0,43,9189,8056,316076,20.435070489999358,0,0.04003842999999999,0.2333716399999989,2.0973399900000063,9.273035429999899,80332108,0,220943,1468712,6164802,43763048
2024-06-19,192077,0,31,19144,3073,420229,18.367693480000984,0,0.025650480000000007,0.46879315000000066,0.5556742099999993,13.019054579998715,70349023,0,167736,3196544,4328474,58915833
2024-06-18,216520,0,20,6205,6760,387697,22.338237640001513,0,0.024474049999999997,0.1848179099999997,1.1789200800000053,13.548214049999693,90534404,0,77112,1030404,5551730,53730947
2024-06-17,198433,0,28,11379,2402,228973,20.182134839999986,0,0.06247034,0.3046793199999977,0.5777612200000015,6.246211649999606,100663747,0,457699,1892331,4083330,32809669
2024-06-16,170136,0,33,35477,3330,252772,25.374712289999486,0,0.07924761,1.8345819200000242,1.0181139099999936,8.676291900000159,112430656,0,511674,6303324,6579870,36038458
2024-06-15,165786,0,24,6007,2144,278984,32.55317384000193,0,0.0225325,0.3230803299999998,0.5616653000000034,11.557433319999925,90835450,0,56777,1065803,1931648,39045027
2024-06-14,191027,0,17,3837,1197,408271,31.83613814999946,0,0.02306482,0.2443274199999997,0.39737020000000056,19.944859780000176,66938920,0,70485,633767,1064704,56268657
2024-06-13,189402,0,37,4891,3795,533129,30.146221059995035,0,0.03185519,0.2767122800000002,0.83287857,26.25076712000064,68125042,0,103664,823832,2592116,73325754
2024-06-12,212319,0,13,13153,1300,463775,28.412909069999984,0,0.00876767,0.6507751799999993,0.23755510000000013,17.278707480000683,78573412,0,24440,2174623,801885,63412139
2024-06-11,226521,0,19,17386,6716,213095,34.26678682000163,0,0.018821320000000002,0.936389690000001,0.9058158199999986,8.19886410999988,84832371,0,59832,2862753,2762310,29463921
2024-06-10,204268,0,10,13460,1807,438492,43.12930363999455,0,0.026767449999999998,0.8000243799999969,0.8468734000000068,20.94222392000051,72433233,0,98092,2330201,2319611,59806208
2024-06-09,242292,0,25,62809,1417,461377,51.05625728000349,0,0.020645449999999996,3.3168616000000624,0.29158660000000175,18.903884100001235,76950825,0,52979,10477025,994135,62494535
2024-06-08,261088,0,14,53313,871,194641,139.85339920999928,0,0.0074388300000000004,4.105877840000001,0.2692415900000026,11.287116729999765,132354530,0,18634,9342344,743518,27406954
2024-06-07,161465,0,8,22420,635,79454,303.47884850999793,0,0.0044046,1.9411180000000017,0.49421802999999986,6.7416518599999185,125570775,0,10397,3861918,1099245,11324002
2024-06-06,197589,0,45,13967,2104,399767,37.9235698499967,0,0.029632089999999996,0.8064222000000012,1.2418672599999994,25.86530046000075,71030331,0,72030,2003803,4550333,55307823
2024-06-05,195749,0,25,51687,1832,312756,35.20146868000237,0,0.01069482,2.20877167000005,0.18157505999999113,18.88039166999825,70899467,0,31499,7329603,618394,44094449
2024-06-04,210805,0,11,42155,5617,369392,22.298708229997242,0,0.00248733,1.1533571499999093,0.4214441099999887,11.341516439999351,74085231,0,13937,6113505,1772792,51986447
2024-06-03,202515,0,43,63718,1303,501645,25.654611759998645,0,0.02395435,1.526036409999859,0.09229362999999492,16.443654539999976,75708115,0,133135,9157144,420623,69537496
2024-06-02,161570,0,19,30925,1146,535542,18.022809449997332,0,0.021139559999999998,0.8006414299999267,0.08166951999999511,16.207144639999733,58646838,0,130676,4532890,442596,74204624
2024-06-01,171786,0,37,9447,1173,557587,23.929864979998285,0,0.0255638,0.4331489800000069,0.10993477000000576,19.72811623000066,61386816,0,114887,1576943,498732,76383133
2024-05-31,218082,0,28,11874,856,470631,37.12398084000292,0,0.030121070000000003,0.612953269999996,0.15754861000001583,31.379860440001114,77158828,0,138482,1860495,616551,67149634
2024-05-30,217394,0,38,6074,3169,283742,26.37102738000195,0,0.04131929999999999,0.27893362000000077,0.23743491000000266,10.526955629999618,78522680,0,187535,1036899,1359285,41830789
2024-05-29,183936,0,18,3541,999,536934,19.35670849999879,0,0.005899249999999999,0.15072669000000014,0.21578306000000025,19.1987298100023,60749808,0,27285,577123,763282,74852779
2024-05-28,190917,0,32,21889,1255,382697,12.214656350000963,0,0.033470040000000006,0.3950644700000058,0.12059006999999575,5.262906490000205,74258800,0,213263,3570284,1270341,52684843
2024-05-27,187088,0,45,5862,1936,356679,14.680467400001302,0,0.03949417,0.13557618999999976,0.2794797900000001,7.014006049999241,67982195,0,330975,969691,3102881,49567250
2024-05-26,165610,0,87,7580,3970,675408,9.094395419998587,0,0.022903490000000006,0.13351807999999998,0.9286038100000005,9.312342700000595,60816083,0,236307,1233313,10866396,91874746
2024-05-25,180768,0,39,6534,19854,627845,10.961881679999799,0,0.01202574,0.13441988000000005,0.5739531900000157,9.413768679999748,66601696,0,109825,1051808,5650113,85609665
2024-05-24,195944,0,100,7283,4082,529030,13.726207769999872,0,0.01439662,0.13342059999999983,0.71910375,8.605927670000563,76541468,0,120094,1152165,7324028,73840034
2024-05-23,213425,0,94,9556,4061,517625,17.832627289999408,0,0.01625945,0.21021917999999973,0.7254703399999987,11.163683900000565,87742348,0,131906,1500382,6608384,72000047
2024-05-22,219860,0,62,21303,5576,336478,15.027546049999263,0,0.013850709999999999,0.6296192900000052,0.7610228000000127,4.835134890000252,94442182,0,115479,3603900,6852431,47940014
2024-05-21,231144,0,35,6002,3342,304518,19.496475390000533,0,0.014509310000000003,0.13235863999999978,0.8829087399999992,7.997131730000432,87838522,0,170500,956189,6080775,41929542
2024-05-20,220408,0,22,9283,3278,394004,12.434715449999226,0,0.0028773099999999997,0.15033164999999982,1.035063510000002,4.04821532000045,86797299,0,33461,1510259,12373376,54275294
2024-05-19,167506,0,167,11303,2209,462934,10.51091156999922,0,0.05342077999999999,0.1843281300000005,0.2860045299999993,5.321441180000232,81711483,0,538523,1788053,3067672,63838714
2024-05-18,174075,0,25,28422,1264,197478,13.339162220000123,0,0.01798081,0.5587009600000191,0.1515289699999915,3.7565869599999884,92565001,0,158154,4594208,1298039,28338719
2024-05-17,209699,0,46,30395,4026,329326,15.757628259998564,0,0.00590925,0.5778234400000055,0.17130115000000987,5.1158417100002875,101695094,0,46234,4701042,1456513,46097355
2024-05-16,208660,0,126,15768,4248,247857,16.960314120002177,0,0.02619364,0.36345964999999825,1.0488151600000006,4.2976475799999685,100025948,0,144030,2511267,4119640,34159252
2024-05-15,229236,0,63,13625,7034,243054,17.631963560001875,0,0.008093099999999999,0.38437789999998695,0.6083723500000011,4.154657129999916,99501179,0,66192,2284567,4834280,34270874
2024-05-14,194540,0,86,20199,3709,203509,17.283886900001423,0,0.02049806,0.6419485799999906,0.4712407699999951,3.3887677500000324,99526925,0,153865,3472690,3531264,28269043
2024-05-13,197311,0,45,9276,2092,346056,18.900662940002416,0,0.01030577,0.22615799000000011,0.28986197000000247,7.023991110000565,95558879,0,73789,1528254,2082381,47724624
2024-05-12,152713,1,23,7184,2774,394469,12.932286250002178,0.00003459,0.007464889999999999,0.19471389999999986,1.2968937799999993,7.366369740000604,66076966,267,49013,1260360,9011303,53606076
2024-05-11,171961,0,24,4644,1495,541182,18.891511620004405,0,0.01613233,0.1732138199999998,0.6935219300000015,17.04377751000254,77370092,0,76843,738195,4434271,74343104
2024-05-10,186091,0,25,4390,1646,521639,17.72318410999572,0,0.01995852,0.15221855000000004,0.46742014000000065,12.851063920002368,68318526,0,111428,712632,2665352,72163078
2024-05-09,206861,0,55,7448,10934,291895,19.484536330000253,0,0.05608755000000001,0.21548894999999924,4.41578631,6.390899200000171,81154376,0,338930,1201354,18785488,42476442
2024-05-08,200498,0,90,9276,5967,235025,22.08009350000058,0,0.018555850000000002,0.28403201000000117,1.7182115899999795,6.164186499999985,81355163,0,82659,1412240,9178527,34935147
2024-05-07,207435,0,231,5187,3034,156756,26.585753060000798,0,0.04409647,0.19959302999999998,2.230513559999996,6.870675590000151,85524361,0,193714,828205,11153491,24224967
2024-05-06,193599,0,433,4668,1179,319938,28.6969326399987,0,0.04274438,0.20462968999999973,0.39808731000000064,11.134928230001043,73460245,0,188209,747365,1516724,46041848
2024-05-05,163985,0,396,3619,1679,456319,50.9338222800059,0,0.07868377000000001,0.2746736599999999,0.21278311999999996,72.7340826400002,70062512,0,210308,575400,642585,66422829
2024-05-04,172352,0,52,5654,2782,479423,24.071912670001197,0,0.0403076,0.24318928999999984,2.122676749999995,19.41993096000028,68509579,0,93382,903834,2156186,69256056
2024-05-03,206097,0,65,6996,2634,226950,24.832189330000645,0,0.03654341999999999,0.24601366999999996,0.5627515800000013,8.478971940000367,87836125,0,121568,1125500,4281082,34565227
2024-05-02,211181,0,220,7456,3742,337240,25.974979979998185,0,0.09863503,0.25872263999999984,0.6749125200000007,8.365791850000956,92859592,0,512789,1177890,3409569,47024780
2024-05-01,214586,0,181,9159,4658,250297,29.167915669999243,0,0.05095312,0.35307999000000423,0.6997515099999939,7.505431620000753,89095613,0,218802,1618627,3121166,37934129
2024-04-30,238119,0,7298,7531,3515,241622,33.28687613000289,0,0.5481152900000057,0.3305380899999987,0.7027135400000002,10.481999880000073,92529339,0,2170445,1172605,2692089,42376996
2024-04-29,219763,0,2072,9403,2804,169022,34.16291413000059,0,0.26148219999999917,0.4557376600000026,0.5914505300000057,9.970200059999872,87982111,0,927939,1534551,2567960,36930339
2024-04-28,185169,3,2145,6640,5188,288376,34.898518080002724,0.00041062,0.29131176000000014,0.3690682300000003,1.8526057499999982,15.809485289999717,79848608,798,998555,1095264,8011383,49976430
2024-04-27,199760,0,1654,6730,2585,242238,43.73983484000264,0,0.2217382699999997,0.38070393000000113,1.6076852999999984,17.13556253999964,80928395,0,649911,1166860,5570451,48622436
2024-04-26,221769,2,817,4251,4444,214236,66.46469439000049,0.00054599,0.23879021000000009,0.3520499800000001,1.3717222899999983,28.312084630000015,80268284,579,409867,684683,2812853,48753802
2024-04-25,207209,0,153,14405,3116,298187,72.18074883998986,0,0.05937278000000001,1.2255881900000012,1.3970282899999806,30.827035929999216,80741816,0,91776,2372545,3391938,56308498
2024-04-24,215044,0,236,6776,3340,381317,133.931097640001,0,0.21881980999999995,1.0440237299999993,3.166202680000018,120.34958300998774,81313716,0,155663,1102211,5013215,67338942
2024-04-23,125590,0,72,1412,677,799259,134.74199273000244,0,0.16594725000000002,0.6143920900000001,0.5081292100000006,302.5232821999941,41908872,0,54357,233929,196175,124551309
2024-04-22,171329,0,803,2971,1558,495110,134.29949418997896,0,0.511569809999995,0.6386499299999999,3.2125911300000007,115.27173176000812,62919828,0,357817,488980,3052240,85103253
2024-04-21,146596,0,268,3545,1698,489561,145.0007562599959,0,0.67305612,1.02670106,1.3825575600000013,195.9924566199952,51522515,0,317968,594041,868666,86612522
2024-04-20,108254,0,639,1572,2685,517851,279.0643585599728,0,39.015330520000006,1.7614496300000002,4.990535259999753,932.8837712800328,35842255,0,304641,273466,1149845,92346549
2024-04-19,340236,0,21,27208,25190,535,100.54741105000011,0,0.015547080000000001,2.859760080000002,12.753659650000026,0.7662717499999997,122629828,0,24940,5008881,21138103,125629
2024-04-18,309333,0,9,57969,50733,51,83.06331208000098,0,0.0062178699999999995,6.809700779999768,18.227844890000338,0.005697659999999999,103518549,0,8477,10654579,30733917,9348
2024-04-17,300440,0,2,49261,35821,82,86.8713689799985,0,0.00022596,18.60799272000017,14.481228360000246,0.007032320000000002,92341301,0,455,22989976,21578873,13947
2024-04-16,354318,0,3,46368,53933,47,75.7552861399999,0,0.00055322,3.375407819999987,15.701253159999963,0.00417137,120397863,0,1390,8415082,35100964,9566
2024-04-15,319019,0,1,166383,17919,36,124.73091869000388,0,0.0011892,22.440066059999044,7.842496209999999,0.007111619999999999,101945695,0,1982,28537739,10450940,8179
2024-04-14,291678,0,0,153362,28243,45,54.68693345000096,0,0,11.24348407999986,10.226924770000085,0.00227587,100824376,0,0,25373578,30737617,11331
2024-04-13,285366,0,0,202387,19388,32,73.67150385000149,0,0,23.378296170001075,8.4385939199999,0.0074160100000000015,104185746,0,0,33700227,23044114,15038
2024-04-12,288322,0,0,146470,13674,23,113.94225735000114,0,0,33.2481969900008,10.02260276999938,0.00603045,97367654,0,0,24831783,12756244,5939
2024-04-11,287922,0,0,170636,17656,27,76.93154733000289,0,0,19.2954706,8.135822249999936,0.0164323,93814468,0,0,28118251,10017935,26587
2024-04-10,382630,0,0,101770,35731,10923,56.666219130001124,0,0,6.88499198999993,5.664326729999884,0.6206736999999957,115679890,0,0,16253240,16513462,2510474
2024-04-09,309807,0,1,116067,21628,6308,35.311879130000975,0,0.00035352,8.51178425000007,3.0666083399999513,0.3551436499999999,109916776,0,1964,19339245,15197743,1511374
2024-04-08,352378,0,1,71928,28595,2715,25.67565565000006,0,0.0000274,1.1152679900000324,6.216976399999898,0.11170448000000004,119749860,0,274,10909280,26618407,640749
2024-04-07,316078,0,1,181599,24727,3725,15.924871540000186,0,0.00062934,3.2540000600001275,2.4358286199999375,0.10767305999999996,115890850,0,10489,28666875,24475947,891107
2024-04-06,291484,0,3,124838,13598,3668,15.346199100000295,0,0.0001894,1.268945579999916,1.247567090000127,0.09481842999999987,121681730,0,1931,18040246,13300656,895565
2024-04-05,286519,0,1,53356,8755,6,18.48275506000055,0,0.00032529,0.8266754199999965,1.4249697600000257,0.00009067999999999999,127294233,0,1549,8122407,12486680,1098
2024-04-04,280153,0,1,29651,10802,0,21.64574260000019,0,0.00009828,0.4347038899999998,0.9713753799999902,0,123618014,0,1404,4672142,9633096,0
2024-04-03,307111,0,1,56525,9340,1,24.560610460001012,0,0.00017225,1.0807256800000218,1.9517027399999918,0.00006039000000000001,119890323,0,1325,8502924,13531172,323
2024-04-02,281012,0,0,65750,10946,1,19.97705301000073,0,0,0.9524049900000112,1.5650082199999473,0.00114179,122992165,0,0,9892338,15021828,8899
2024-04-01,276796,0,0,37904,11710,0,22.088650930000586,0,0,0.8371724900000019,4.322901179999996,0,111991013,0,0,6110026,31797454,0
2024-03-31,241275,0,0,64037,14361,2,17.899196900000597,0,0,3.5066402100000147,6.642965690000064,0.00017307,82425511,0,0,10667088,43821751,444
2024-03-30,236091,0,0,247035,6946,0,21.218182309998603,0,0,7.455925180000102,1.2111707400000151,0,105641934,0,0,37440870,10882388,0
2024-03-29,268693,0,0,171395,9333,0,23.56014813999959,0,0,4.350948020000121,1.402229090000061,0,108493522,0,0,26264140,8210465,0
2024-03-28,309203,0,0,96297,23170,0,26.197746380000936,0,0,2.04371997999993,1.9523113599999813,0,126078463,0,0,14560327,11284704,0
2024-03-27,301346,0,0,29960,24596,0,26.161088460000343,0,0,0.7182779899999998,3.4628399299999737,0,109442375,0,0,4631834,21850156,0
2024-03-26,284135,0,0,22760,10846,1,26.369494290001757,0,0,0.599342590000004,4.729258230000006,0.00002926,101434400,0,0,3513347,28965296,210
2024-03-25,273439,0,0,29008,14617,0,22.954919690000374,0,0,0.47239197,4.403661109999981,0,106497754,0,0,4532083,20892509,0
2024-03-24,247896,0,0,54120,29511,0,18.61504620999986,0,0,0.8414331300000243,1.8441158999999594,0,143017527,0,0,8341670,18499160,0
2024-03-23,270082,0,0,35164,21364,0,21.697679260000207,0,0,0.5761074800000007,2.292057750000005,0,132135621,0,0,5188650,18562112,0
2024-03-22,274353,0,0,24241,40939,0,30.426022240000314,0,0,0.8132578100000202,6.1946773099999275,0,108359677,0,0,3702848,21855713,0
2024-03-21,266787,0,1,43793,17059,2,31.716929970000695,0,0.0004578,1.8432799899999952,4.526893960000046,0.00013666999999999992,96632002,0,1269,6978555,16331011,413
2024-03-20,295382,0,0,49586,16546,1,30.28822224,0,0,0.8944233799999874,2.0624633200000027,0.00007654,126804617,0,0,7398693,14711898,178
2024-03-19,388947,0,0,10620,64384,1,40.64362704999998,0,0,0.4088609299999998,5.0020850899999925,0.00009372,131835536,0,0,1699748,22381333,212
2024-03-18,321566,0,0,46125,48579,0,35.66788386000121,0,0,1.8653905600000324,4.334946999999976,0,114645155,0,0,7745928,20533511,0
2024-03-17,268688,0,0,60877,36543,1,22.36072950000044,0,0,1.0807394600000033,2.0826722600000034,0.00028224,121352281,0,0,9048040,15503810,888
2024-03-16,266729,0,0,76153,12878,0,32.19532790000002,0,0,4.4759926699999015,1.5353561699999858,0,121323611,0,0,12198613,10401042,0
2024-03-15,293395,0,0,7207,7302,0,33.895629320000296,0,0,0.27085689000000013,2.97411901999999,0,111280480,0,0,1129180,13523977,0
2024-03-14,296925,0,0,15689,17091,1,31.34433254000042,0,0,0.3910678200000031,2.0168772200000116,0.00004528,129342640,0,0,2433140,9138038,142
2024-03-13,306331,0,0,24158,59628,1,31.16017132000051,0,0,0.6478405500000018,3.8356572399999913,0.00167524,132585980,0,0,3696035,21634332,14432
2024-03-12,304513,0,0,14925,22429,0,35.18603129000035,0,0,0.5354356300000019,2.881446860000003,0,127876997,0,0,2302112,10749373,0
2024-03-11,315022,0,0,53811,25265,0,36.58757855000071,0,0,1.455423789999996,2.992266810000001,0,145467480,0,0,8641152,14784315,0
2024-03-10,294853,0,0,14584,58757,2,30.673243960000136,0,0,0.5008872100000002,5.366806350000046,0.00052098,117867049,0,0,2327274,21702808,1782
2024-03-09,300672,0,0,22476,35880,1,35.1537584200001,0,0,0.6490227800000034,4.897786919999891,0.0036239,140560556,0,0,3410348,18870018,27649
2024-03-08,333150,0,0,59074,34703,1,39.54865787000106,0,0,2.522457650000034,5.980314450000133,0.00007659,123855810,0,0,9402627,20654120,208
2024-03-07,373105,0,0,27808,35431,0,43.481692980000346,0,0,0.8250037900000028,7.849908269999966,0,143099712,0,0,4374661,32414950,0
2024-03-06,345676,0,0,11122,25135,1,60.553319190000245,0,0,1.08333781,5.854922359999993,0.00145,119721279,0,0,2959544,17250463,7237
2024-03-05,376259,0,0,14245,33840,3,90.01511041000037,0,0,1.3292600999999926,11.865714449999974,0.00162345,144589897,0,0,2681631,19629424,4193
2024-03-04,309626,0,0,6747,44884,1,70.49208933999985,0,0,0.6019246299999998,11.699893639999996,0.000926,107971908,0,0,1055097,18925446,924
2024-03-03,318490,0,0,14340,52617,0,36.29343336999998,0,0,0.4536210300000014,9.389727649999957,0,118428477,0,0,2198206,34264885,0
2024-03-02,278424,0,0,25924,34963,0,35.861745909999435,0,0,1.272199219999994,4.875303589999846,0,106668810,0,0,4247224,15013336,0
2024-03-01,337485,0,0,26919,54880,0,51.62562358999998,0,0,0.9495952900000048,6.582762519999895,0,129192275,0,0,4265193,19476966,0
2024-02-29,344857,0,0,12424,49809,0,65.69097949000079,0,0,0.7391026099999978,8.837443990000027,0,115749731,0,0,1938920,15277932,0
2024-02-28,361746,0,0,22977,29075,2,54.48456990000123,0,0,0.985414980000001,4.4778247499999875,0.00039758999999999997,125488333,0,0,3633000,19811538,794
2024-02-27,301071,0,0,53222,33304,1,39.8699608200017,0,0,3.144693119999837,5.153342979999931,0.00035438,107701689,0,0,8443697,11814663,684
2024-02-26,286606,0,0,27560,42017,1,27.015601500000937,0,0,0.7207644900000072,4.396422219999923,0.0001174,111005202,0,0,4213220,16713914,586
2024-02-25,282153,0,0,106066,30582,0,19.927734420000085,0,0,1.7855909999999815,2.604316899999901,0,126402016,0,0,16503878,20996290,0
2024-02-24,234835,0,0,34900,70684,0,20.84537937000119,0,0,0.7504181900000096,4.366200969999967,0,109577594,0,0,5246791,21081827,0
2024-02-23,284251,0,0,71408,53544,1,25.048063310000828,0,0,2.0563631999999292,3.7182685499998986,0.00289912,126069635,0,0,10939718,21866005,27326
2024-02-22,301446,0,0,14409,49235,0,24.22071391000035,0,0,0.4174726199999979,3.6059937899999746,0,110178707,0,0,2271239,22480262,0
2024-02-21,270933,0,0,41141,57875,0,23.60844019000011,0,0,1.5219050100000497,6.399383750000044,0,94825140,0,0,7026328,36085633,0
2024-02-20,285015,0,0,32831,79250,0,25.980348259999708,0,0,0.9002284000000026,4.922368370000066,0,107208426,0,0,5070204,28647959,0
2024-02-19,251721,0,0,24706,89680,1,24.702283300000914,0,0,0.5729564900000055,3.8757787599999274,0.0002786,108496386,0,0,3845399,23590605,993
2024-02-18,244791,0,0,28851,69775,0,20.097377259999977,0,0,0.6742826600000063,3.940727400000024,0,90632209,0,0,4422216,25886406,0
2024-02-17,241854,0,0,21999,63860,0,24.269266880000256,0,0,0.5046105100000009,4.1575785200000075,0,120548857,0,0,3394611,25955940,0
2024-02-16,273346,0,0,18792,20643,1,29.750732710000634,0,0,0.5064010000000021,2.5619917899999525,0.00001668,114377841,0,0,3002184,16549824,111
2024-02-15,259453,0,0,18584,25269,0,31.30618161000017,0,0,0.5371754000000021,6.705898400000021,0,113443106,0,0,2894983,39538823,0
2024-02-14,261680,0,0,6293,28744,0,39.421992690000124,0,0,0.34746882000000034,14.408555249999907,0,93635321,0,0,993595,44278327,0
2024-02-13,257380,0,0,20359,35439,0,43.9623474100005,0,0,0.9840925900000014,2.483570310000115,0,116724193,0,0,3349021,14837651,0
2024-02-12,315061,0,0,35108,59742,0,54.18091280000157,0,0,0.9741392000000142,12.018236840000316,0,139536565,0,0,5711449,33652439,0
2024-02-11,250606,0,0,40654,38677,1,24.842332500000612,0,0,0.9774396100000239,2.8521681199999938,0.00013576,111833666,0,0,6510047,18561858,970
2024-02-10,277338,0,0,40126,81788,0,34.48321638000088,0,0,1.2734376500000133,5.433043659999993,0,127297045,0,0,6459383,17147525,0
2024-02-09,267479,0,0,34630,31975,0,49.386041890000726,0,0,1.5580195100000098,3.7728815999998817,0,147726508,0,0,5484356,12660807,0
2024-02-08,255252,0,2,15537,14310,0,50.560273660000256,0,0.00093264,0.7666241199999998,1.6578561799999931,0,128534276,0,3886,2512908,5834374,0
2024-02-07,240761,0,1,64672,122104,0,55.607268680002356,0,0.00134225,3.0819535200000483,14.382815810000828,0,128058006,0,3835,10564555,21331279,0
2024-02-06,242279,0,0,26004,9810,0,51.150910289999054,0,0,1.1437670499999975,0.8072661399999876,0,162983869,0,0,4033074,2820728,0
2024-02-05,244580,0,0,11970,24931,1,62.15496900000134,0,0,0.6134362400000005,2.0544839900000413,0.0013948,148380340,0,0,1948554,5530966,3162
2024-02-04,231040,0,0,20544,84627,0,81.09258459000121,0,0,1.0415811100000116,16.295721749999643,0,129535457,0,0,3247712,22058934,0
2024-02-03,214273,0,0,86172,215094,0,106.67316046999845,0,0,3.3006737199998146,67.17220954000557,0,100144636,0,0,12091043,37769789,0
2024-02-02,287840,0,0,86290,55602,0,51.72505149000099,0,0,3.5343858199999785,10.49132223999992,0,146050560,0,0,12852462,26970768,0
2024-02-01,283173,0,0,94954,35145,0,47.95765847000099,0,0,4.02625581000009,5.166280399999926,0,124061808,0,0,14296732,14544590,0
2024-01-31,312119,0,0,117937,14394,0,42.98963561000056,0,0,5.31908261000015,1.5327173600000386,0,108381155,0,0,18038269,4526274,0
2024-01-30,281789,0,0,233159,8561,0,40.955683650000225,0,0,9.597636469999676,1.0745317100002776,0,106761157,0,0,33893853,3298782,0
2024-01-29,217234,0,0,352252,5716,1,39.69836587999999,0,0,14.944068540000947,1.0942672200006616,0.00041211,100586793,0,0,51060475,3305262,1092
2024-01-28,199384,0,0,407765,29374,0,34.10739026999848,0,0,18.052702320000204,3.4846442800002073,0,88492930,0,0,60434080,10057896,0
2024-01-27,205754,0,0,371312,20378,2,39.35037328000242,0,0,16.13667163999995,2.7069976000004594,0.00015192,108843694,0,0,53641689,8454562,286
2024-01-26,283213,0,0,200652,9353,0,43.27433629999945,0,0,10.259715499999668,1.6981958199999951,0,112571246,0,0,30445229,5321916,0
2024-01-25,223949,0,0,103042,13197,0,57.56215000000287,0,0,4.299216859999788,2.271850429999917,0,157987638,0,0,15635147,7220299,0
2024-01-24,242099,0,0,115191,15209,0,50.537903340001385,0,0,5.526964939999709,4.479247420000136,0,120415192,0,0,17673953,11809829,0
2024-01-23,218545,0,0,82533,67383,1,71.16298244000042,0,0,4.08093058999989,13.270649719999618,0.00010024,128025181,0,0,11995672,13893936,179
2024-01-22,271085,0,0,150450,36084,1,61.36640965999958,0,0,9.13221101,5.503660960000451,0.00033883,125452730,0,0,22684788,11787939,550
2024-01-21,508198,0,0,87096,4908,0,64.47315985000337,0,0,5.0895391100000085,2.0165084800000335,0,122549748,0,0,12943492,4477443,0
2024-01-20,403004,0,0,148333,11994,0,62.45443932000309,0,0,7.844944420000196,1.8816526799998528,0,116598318,0,0,21551153,4795118,0
2024-01-19,329089,0,0,112958,18715,1,72.78284737000298,0,0,7.6857755799999,3.70139890000055,0.00111303,108769407,0,0,17102693,6084057,752
2024-01-18,334185,0,0,35745,114087,0,93.3101743400022,0,0,2.9937325900000626,24.989665159999767,0,105966369,0,0,5494553,29494089,0
2024-01-17,278890,0,0,65093,105432,0,83.84899302000153,0,0,5.968574459999907,14.78094731999997,0,86322799,0,0,10339254,23309633,0
2024-01-16,199377,0,0,259098,11647,0,91.47706754000629,0,0,30.841730070002864,1.9648109900001423,0,79054823,0,0,41768451,3130346,0
2024-01-15,219676,0,0,174448,14375,0,88.1939472200036,0,0,25.820562090000774,3.3803363899998295,0,81170085,0,0,28128265,4692265,0
2024-01-14,145023,0,0,445802,981,0,103.6166102199875,0,0,115.03542589999505,0.4253077300001138,0,57309603,0,0,70514784,273690,0
2024-01-13,174732,0,0,471100,6651,0,63.76987353000374,0,0,61.66757747999346,1.314226680000175,0,81161744,0,0,73985900,2923177,0
2024-01-12,262674,0,0,97471,15726,1,99.33328613000064,0,0,6.179804710000085,2.133200160000073,0.00007854,144723346,0,0,15731415,5418050,154
2024-01-11,302963,0,0,83185,62927,0,85.84110013000124,0,0,5.685653200000234,9.75632746999964,0,143305641,0,0,13780259,14810458,0
2024-01-10,270180,0,0,75120,38473,1,73.25985772000328,0,0,5.2080936899999575,5.58945591999986,0.000216,107990026,0,0,11766707,13176820,144
2024-01-09,284532,0,0,167235,16321,0,93.29323780000036,0,0,14.088864530000118,4.731145029999849,0,116001186,0,0,25683235,10269256,0
2024-01-08,288298,0,0,118263,7798,0,113.09665558000353,0,0,9.96493184000019,1.8679151099996822,0,100328015,0,0,18899870,3727341,0
2024-01-07,226005,0,0,92706,29977,0,62.78259090000276,0,0,6.582771569999871,6.927746300000159,0,90485148,0,0,14162999,13294344,0
2024-01-06,238183,0,0,116865,27092,0,69.14551654000023,0,0,8.3738574099999,9.773772559999841,0,103639854,0,0,18846785,17436405,0
2024-01-05,280976,0,0,109499,30409,0,95.1766410300008,0,0,11.153698840000146,10.551541789999032,0,103675771,0,0,17597095,16665524,0
2024-01-04,348974,0,0,87791,45791,1,108.71028436000273,0,0,7.419825439999941,11.473528639999895,0.0000555,136827528,0,0,13782536,19294890,111
2024-01-03,302547,0,0,170809,29393,0,119.33147170000258,0,0,17.558487890000336,9.36279875000005,0,118226515,0,0,26164717,13026084,0
2024-01-02,266748,0,1,80183,20386,1,127.01114702000038,0,0.0014052,9.767242999999796,5.711570600000132,0.007412850000000001,110156430,0,2342,12497737,8273555,2924
2024-01-01,532200,0,0,116769,8783,0,195.44325497001438,0,0,20.116833840000048,4.334727780000179,0,130727373,0,0,18201149,3951542,0
2023-12-31,417348,0,0,264958,49045,0,238.01490951000426,0,0,94.81628214999813,21.536935559998994,0,105807815,0,0,41180686,8954789,0
2023-12-30,430513,0,0,88698,14612,0,237.0605836800076,0,0,18.694421799999922,8.53973963999967,0,126162295,0,0,13165525,5543548,0
2023-12-29,445901,0,0,85944,49603,1,183.87638189001154,0,0,14.269513590000196,13.48200315999989,0.0001008,126407924,0,0,13415970,11090581,144
2023-12-28,294464,0,0,107133,15583,0,194.6478500200046,0,0,31.473341300002662,5.750495820000015,0,99588479,0,0,16981978,4365874,0
2023-12-27,278161,0,0,212157,55238,0,194.5074091400047,0,0,49.64307280000347,24.51559036000132,0,85341865,0,0,32675010,9965402,0
2023-12-26,272098,0,0,230456,51138,1,116.36137581000294,0,0,38.730122639999834,12.719909420001308,0.00024393,89961358,0,0,35117456,13842055,141
2023-12-25,261231,0,0,186534,87974,2,108.61082893000354,0,0,31.54349969999962,28.7314102700007,0.00059326,83796128,0,0,29159022,26007390,503
2023-12-24,283954,0,0,245554,193951,0,114.85111146000455,0,0,36.87354434999987,27.20028154000243,0,97161972,0,0,38588718,34260685,0
2023-12-23,291942,0,0,262573,53964,0,149.2712923100026,0,0,43.01507532000206,10.629120759999942,0,107055080,0,0,40876414,12054500,0
2023-12-22,331513,0,0,171915,122103,0,233.19097656998443,0,0,52.47231091999987,38.824951270003766,0,115244096,0,0,27534309,24198716,0
2023-12-21,285628,0,0,224764,77745,0,271.5197777700015,0,0,102.43266014000059,31.39048756000159,0,92964129,0,0,35727061,16302250,0
2023-12-20,264283,0,0,200167,118055,1,287.92907261000926,0,0,95.92029667999881,42.64731593000127,0.00021986,91685034,0,0,31418244,19879422,142
2023-12-19,300343,0,0,274989,87547,1,287.771071580003,0,0,113.23842874000009,35.224375190000714,0.00068007,101892505,0,0,43321260,15780033,238
2023-12-18,305310,0,0,316947,18679,0,277.69447235000115,0,0,106.25678548000126,6.785762179999665,0,111523416,0,0,50783149,3658619,0
2023-12-17,249822,0,0,364140,2846,0,349.9737971900005,0,0,198.15282601000527,1.872671350000104,0,91625737,0,0,56800111,531562,0
2023-12-16,245570,0,0,386995,5579,0,324.5603458600132,0,0,233.78156376999047,2.018422749999786,0,89775734,0,0,60244045,999834,0
2023-12-15,328981,0,0,295300,8354,1,303.06234621001295,0,0,115.54417104999769,2.596220990000404,0.0003842,112695012,0,0,46779612,1475207,113
2023-12-14,439376,0,0,125694,5915,0,298.9939422800045,0,0,32.42155996999888,2.711295220000089,0,125504556,0,0,19255045,1199891,0
2023-12-13,436698,0,0,121400,29822,0,166.18006586000593,0,0,25.09619132000057,5.46958068999966,0,122374149,0,0,19191972,6403482,0
2023-12-12,352734,0,0,139754,50674,0,88.80127862000192,0,0,19.34404545999996,5.623761059999765,0,108986620,0,0,21755522,10250363,0
2023-12-11,357102,0,0,84707,83677,0,118.0138196200017,0,0,7.497542150000046,12.105317139999919,0,120742140,0,0,12783355,23450657,0
2023-12-10,285627,0,0,211004,39544,0,84.43986778999971,0,0,24.815025939999998,5.579838090000273,0,95667796,0,0,33272593,11039204,0
2023-12-09,292384,0,0,240335,54679,0,97.98067726000788,0,0,32.53194705999992,9.627067960000375,0,106604793,0,0,37741721,12620286,0
2023-12-08,287617,0,0,90473,33366,0,124.89490714000091,0,0,11.330099960000041,16.32523416999995,0,106613457,0,0,14262814,14074363,0
2023-12-07,253599,0,0,107694,10757,0,147.49001583999967,0,0,24.252229300000856,2.7321321300000427,0,95203711,0,0,17272492,2482472,0
2023-12-06,394709,0,0,66402,6684,0,274.19114912000026,0,0,17.594789980000318,1.8752023599999,0,122665610,0,0,10710383,1577325,0
2023-12-05,341004,0,0,45028,128929,1,190.68310818999814,0,0,9.858709750000013,36.14720969000216,0.00019949,106427213,0,0,7124117,23414160,141
2023-12-04,351279,0,0,211442,7673,1,122.00355452000122,0,0,25.958158280000127,2.2805387499996996,0.00040406,119957061,0,0,32435122,2582113,239
2023-12-03,225704,0,0,472113,10059,0,82.56698955999852,0,0,55.342980570002865,3.9714237799998315,0,92020167,0,0,67553502,4346985,0
2023-12-02,251439,0,0,157215,20708,0,49.59492986000004,0,0,10.42557729999984,3.558061660000577,0,93831576,0,0,23575799,7546964,0
2023-12-01,337443,0,0,137765,21260,0,88.70005541000074,0,0,6.52321034000024,3.9485863799999485,0,139799885,0,0,20646912,8432265,0
2023-11-30,335551,0,0,51908,24423,0,64.06565637000111,0,0,2.5815728200000123,3.905069409999948,0,115721257,0,0,8073030,9142211,0
2023-11-29,273847,0,0,68281,18459,1,57.161049400000344,0,0,3.6042858199999452,2.8959548100000214,0.00010152,116548373,0,0,10631412,6744919,141
2023-11-28,281156,0,0,66779,99726,1,62.958419620001095,0,0,4.1641139099999895,11.683949900000048,0.00011635,110457895,0,0,10457871,24015741,179
2023-11-27,236521,0,0,16516,226450,0,64.09750436000078,0,0,1.4654247599999919,23.888337049999556,0,87516046,0,0,2622788,39853638,0
2023-11-26,195117,0,0,114791,268576,0,48.97820849999831,0,0,8.270903230000087,23.890616510002168,0,79554825,0,0,17450390,48977869,0
2023-11-25,214919,0,0,237952,164363,0,56.59259767000301,0,0,17.59783147999988,17.97426614000059,0,88036115,0,0,36801436,34112896,0
2023-11-24,276107,0,0,250720,97071,0,71.1088424900043,0,0,17.43435338999978,9.262540769999791,0,110253604,0,0,37972290,19750437,0
2023-11-23,228882,0,0,319496,39328,0,175.54605978999768,0,0,39.31070451000053,6.127954729998947,0,89126334,0,0,47980711,7873035,0
2023-11-22,245425,0,0,261374,29030,0,116.68539179999921,0,0,32.29121871000138,4.677575859998861,0,95067473,0,0,39906612,5989795,0
2023-11-21,271078,0,0,144617,106898,0,130.3800058200033,0,0,15.413451519999334,26.650718440001036,0,99599544,0,0,21695551,29660814,0
2023-11-20,252846,0,0,383307,4517,0,134.26050154000836,0,0,41.62761690000112,1.825435680000048,0,103939796,0,0,58541423,2471068,0
2023-11-19,235327,0,0,449277,25972,3,126.73447603000345,0,0,67.07024688000092,6.798808220000467,0.0025636099999999996,94080987,0,0,69652937,6245294,1514
2023-11-18,217977,0,0,409037,2252,0,182.00249939000213,0,0,134.08961918000367,0.7224177599999564,0,84449700,0,0,64109700,458478,0
2023-11-17,288792,0,0,246021,1831,0,188.67562192000653,0,0,57.50852791999933,0.5463650100002724,0,110115589,0,0,38477695,372808,0
2023-11-16,228992,0,0,398585,849,0,194.94891268000282,0,0,122.092787040005,0.41437721999997734,0,85554299,0,0,61238962,189330,0
2023-11-15,311485,0,0,241396,9060,1,101.73694362000315,0,0,31.249438989998563,1.0568686099999205,0.00029678,105826268,0,0,37379477,1761442,209
2023-11-14,325236,0,0,194061,4125,0,81.03863518000381,0,0,19.524101970000384,0.8324530600000735,0,106127430,0,0,30778072,1090813,0
2023-11-13,255853,0,0,169111,3543,0,88.38395773999967,0,0,18.63771418999996,0.6306359899999521,0,94527574,0,0,25587937,864175,0
2023-11-12,197982,0,0,504163,1182,0,71.93135973000301,0,0,42.485766990000236,1.3591891000005063,0,81941460,0,0,76910901,2113166,0
2023-11-11,277875,0,0,344884,4769,1,92.87619233999933,0,0,20.65606765000086,0.8360544899999844,0.02922876,102619227,0,0,54244941,2008848,88615
2023-11-10,322087,0,0,196359,5383,2,145.88971135999768,0,0,16.844417550000045,0.8598790999999366,0.03134129,120745465,0,0,31569544,1584302,61948
2023-11-09,258842,0,0,313966,658,0,165.96980601999604,0,0,82.40722995000151,0.23365458000007777,0,92767153,0,0,50154060,115361,0
2023-11-08,299802,0,0,274066,9333,0,86.33781578000269,0,0,30.509682060000042,1.22286203999996,0,102594109,0,0,44876670,1521445,0
2023-11-07,309965,0,0,138915,1491,0,77.81242445999975,0,0,9.963001609999973,0.30307358999999323,0,109907489,0,0,22631111,441458,0
2023-11-06,261589,0,0,176915,814,1,60.934560570003605,0,0,13.4004134399997,0.10430227000000869,0.00007857,98580367,0,0,28196590,183796,144
2023-11-05,270348,0,0,401747,1279,1,46.9644922199996,0,0,24.166726419999414,0.1406123600000484,0.00011403,99844506,0,0,62562709,623178,181
2023-11-04,265446,0,0,431622,1849,0,50.57221222999675,0,0,28.800785109999225,0.14446017000001987,0,100302316,0,0,67415669,340088,0
2023-11-03,297977,0,0,149108,5268,1,29.049543489999273,0,0,3.787360670000042,0.21569910000000148,0.00021564,110616706,0,0,23975299,1381350,1196
2023-11-02,323311,0,0,71038,9192,0,22.024323310000728,0,0,0.7046714000000078,0.35828483999996474,0,128380424,0,0,10966194,4594096,0
2023-11-01,313078,0,0,146054,4512,0,19.63511109000085,0,0,1.6488939799999496,0.19499256000000598,0,123402870,0,0,22739746,2793532,0
2023-10-31,292965,0,0,131260,9526,0,17.350337549999892,0,0,0.599789230000029,0.28898547999995294,0,129206408,0,0,20095555,5625501,0
2023-10-30,276847,0,0,183450,2905,0,15.96789928000064,0,0,1.779962000000082,0.3731468500000874,0,122023522,0,0,27968033,4921467,0
2023-10-29,253128,0,0,146452,10709,1,11.61760866000027,0,0,1.5674560600000358,0.4084251299999784,0.00001698,105415451,0,0,23196389,6339753,142
2023-10-28,280433,0,1,280633,3316,0,16.406988730000734,0,0.00011016,2.857671630000142,0.17083550000003697,0,112623746,0,1377,44401623,2955719,0
2023-10-27,303144,0,0,141802,7867,3,24.176246289999835,0,0,1.241447930000068,0.13366525000002416,0.00026221,128277406,0,0,22649095,3030205,1233
2023-10-26,289401,0,0,135710,6144,1,27.35537467000007,0,0,1.540566150000078,0.22628714000000238,0.00008645,123976825,0,0,21623098,4342475,247
2023-10-25,292068,0,0,177518,6962,1,35.10302514999891,0,0,5.56083952000016,0.25585940000010243,0.0000861,113524728,0,0,29135661,1336720,246
2023-10-24,299597,0,0,73155,1102,0,36.35277830000006,0,0,1.9185512500000392,0.05265755999999566,0,112822551,0,0,12726867,411578,0
2023-10-23,290238,0,0,8025,3517,0,16.588070670000082,0,0,0.061425019999999934,0.3532836500000005,0,136844630,0,0,1382057,18611992,0
2023-10-22,239223,0,0,5555,7679,0,11.965661640000029,0,0,0.036029910000000165,0.372289049999999,0,136369935,0,0,906029,14358928,0
2023-10-21,260346,0,0,4633,5642,0,15.672970449999971,0,0,0.03276389999999997,0.34171165999999853,0,143174046,0,0,765739,5932557,0
2023-10-20,290330,0,0,2625,2931,2,19.879331300000022,0,0,0.030843050000000236,0.22567042000000012,0.00744578,129621066,0,0,416682,3854221,24825
2023-10-19,269706,0,0,5045,7255,1,18.357336240000194,0,0,0.041917890000000076,0.24942198999999904,0.00003266,130967844,0,0,814185,8086567,142
2023-10-18,258709,0,0,7899,4737,0,18.817836510000156,0,0,0.040705180000000285,0.24847967000000093,0,137214310,0,0,1152432,5513118,0
2023-10-17,278710,0,0,9100,6444,3,19.205874079999948,0,0,0.04684529999999994,0.1902244700000006,0.0025843399999999996,152894700,0,0,1377155,7468018,12280
2023-10-16,287271,0,0,4469,8042,0,20.41030655999994,0,0,0.037598240000000005,0.09019704999999989,0,137616126,0,0,690241,2587010,0
2023-10-15,229803,0,0,15782,6338,0,11.219493509999925,0,0,0.05748205999999974,0.11883585000000006,0,159993345,0,0,2480390,4337136,0
2023-10-14,249437,0,0,7561,8222,0,13.347557959999877,0,0,0.033976649999999824,0.233165119999999,0,138356436,0,0,1232678,6294995,0
2023-10-13,271898,0,0,2072,5548,0,21.73216089000017,0,0,0.022893739999999985,0.36817480000000075,0,132706630,0,0,326234,4865516,0
2023-10-12,263129,0,0,1743,2217,1,24.568198050000053,0,0,0.02133403,0.18206255,0.00001808,161529676,0,0,270544,2046489,113
2023-10-11,256996,0,0,3380,4224,0,21.440783210000095,0,0,0.03793025000000005,0.12182076000000003,0,157307767,0,0,533384,2020075,0
2023-10-10,263837,0,0,6571,14652,0,17.010783680000163,0,0,0.037117219999999784,0.16721415000000256,0,153881865,0,0,1126480,5866892,0
2023-10-09,247230,0,0,14211,22207,0,19.5391289000003,0,0,0.05582396000000013,0.2846343499999886,0,143481591,0,0,2223200,9169496,0
2023-10-08,209784,0,0,18692,13964,0,15.053465400000219,0,0,0.07474122999999974,0.26638478000000365,0,136517219,0,0,2989258,8356287,0
2023-10-07,235003,0,0,4894,4668,2,41.330914499999814,0,0,0.034609900000000124,0.12873621999999912,0.00017773000000000002,166794363,0,0,834307,3103830,393
2023-10-06,272322,0,0,22578,3750,0,42.27686470999999,0,0,0.15990089000001342,0.12968304999999927,0,153954097,0,0,3644284,2284860,0
2023-10-05,280592,0,0,32647,6071,0,26.121762620000062,0,0,0.3392388900000027,0.23788314000000305,0,130161589,0,0,5149251,3616967,0
2023-10-04,270461,0,0,2182,14787,0,25.705358829999994,0,0,0.02192261999999995,0.6261012499999996,0,118861124,0,0,365629,11684964,0
2023-10-03,293891,0,0,8017,8756,0,28.504208569999612,0,0,0.041075530000000145,0.5421559999999975,0,146685602,0,0,1328973,15853199,0
2023-10-02,291948,0,0,41894,10419,2,26.593482550000076,0,0,0.19621860999998042,0.4873397799999587,0.00006680999999999999,133898440,0,0,8877588,14128122,388
2023-10-01,233335,0,0,77530,9650,1,17.996825199999975,0,0,0.41842836000000555,0.5122618199999494,0.0001704,114690536,0,0,13924957,12298270,1063
2023-09-30,239524,0,0,26336,9614,0,20.82262742000013,0,0,0.18677284999999463,0.5461231500000131,0,123424994,0,0,4289872,10178365,0
2023-09-29,285522,0,0,39371,5375,1,28.512245520000658,0,0,0.30354196000000744,0.5473363699999901,0.00003051,131929108,0,0,6475972,8497917,113
2023-09-28,278719,0,0,93215,7041,0,27.599271470000936,0,0,0.8056022600000714,0.6080429399999578,0,124035523,0,0,13503552,8391473,0
2023-09-27,273133,0,0,47324,16808,0,30.711812019999883,0,0,0.44791981999998853,0.5743235900000063,0,143584958,0,0,6737739,5565557,0
2023-09-26,259683,0,0,45896,4209,1,26.34226288000035,0,0,0.7627944199999931,0.540611660000004,0.00043602,122680471,0,0,7605169,5623367,1674
2023-09-25,254499,0,0,28931,2320,0,32.030405150000576,0,0,0.5341380000000038,0.8009423399999858,0,133647106,0,0,4620362,6620089,0
2023-09-24,209077,0,0,229888,2216,0,30.26836433000123,0,0,6.505747429999997,0.31239765000003494,0,110805881,0,0,33162372,1980061,0
2023-09-23,292278,0,0,336623,716,0,39.84261052000105,0,0,11.647786290001411,0.08902646999998254,0,107692571,0,0,47945004,330311,0
2023-09-22,252711,0,0,188338,630,0,39.38090654000047,0,0,6.4699339600002865,0.14460844000000606,0,101850934,0,0,26648512,468413,0
2023-09-21,243197,0,0,187652,691,0,41.11219441000209,0,0,6.134436159999751,0.09977003000000018,0,110537853,0,0,27001923,394062,0
2023-09-20,311026,0,0,239264,1492,1,39.47060252000033,0,0,7.748726040000336,0.15756895999998743,0.00005328,109925700,0,0,35406129,637001,144
2023-09-19,252734,0,0,217779,23374,0,38.49045227000087,0,0,7.088218589999737,1.3678617800000623,0,102006659,0,0,31884745,4083737,0
2023-09-18,233310,0,0,400640,1895,0,33.444902450000214,0,0,13.086103129999703,0.2776036800000412,0,96637311,0,0,58499825,840528,0
2023-09-17,192073,0,0,417733,1414,0,18.797233550000193,0,0,9.331959199998975,0.17801522999995179,0,87581596,0,0,60320172,1017600,0
2023-09-16,211955,0,0,379921,1268,0,19.324790349997336,0,0,7.177863330000074,0.19834496000005508,0,99388097,0,0,54317069,1220220,0
2023-09-15,262932,0,0,437002,3758,0,24.062442509998704,0,0,8.06042278000048,0.4950996400002001,0,121520683,0,0,63183014,3206786,0
2023-09-14,244719,0,0,329152,2342,2,24.59915781000002,0,0,5.965328840000055,0.33308993000014286,0.00013731,113289009,0,0,46471609,2131431,596
2023-09-13,249779,0,0,259504,3163,0,26.12213845000112,0,0,4.739088379999808,0.26747538000006177,0,107845258,0,0,36531279,1577008,0
2023-09-12,251215,0,0,210045,1068,0,26.592422989999893,0,0,4.2561769499998,0.18084456000005922,0,108542572,0,0,30424628,983016,0
2023-09-11,253945,0,0,203675,1510,2,28.416615340001993,0,0,4.100281829999249,0.18025668999999755,0.00010070000000000001,129014930,0,0,28922471,1006434,387
2023-09-10,193519,0,0,362904,1972,0,39.38599267999676,0,0,7.531356219999893,0.14461162000010397,0,95348812,0,0,50748791,879290,0
2023-09-09,216158,0,0,378868,2383,0,24.109447530003337,0,0,8.210802189999455,0.2102429499998859,0,97563133,0,0,52256382,1148690,0
2023-09-08,239402,0,0,173120,2276,1,31.841373129999862,0,0,3.7452359300000913,0.26788645999983185,0.00006335,107555680,0,0,24086561,1300147,181
2023-09-07,251504,0,0,284892,1541,2,24.470572349998776,0,0,6.984224649999812,0.11521740999996588,0.00011408,104213205,0,0,41124026,619920,337
2023-09-06,243930,0,0,240372,1054,1,24.015236560002315,0,0,6.17427704000027,0.0643509700000342,0.00003312,97761087,0,0,34920762,317676,144
2023-09-05,231991,0,0,227571,2531,0,20.25450048999899,0,0,4.030001120000705,0.11239266000007841,0,95090045,0,0,28249976,662715,0
2023-09-04,236493,0,0,309290,27412,1,17.211518849999127,0,0,4.258725790000407,0.8056412800000743,0.00009879,102251132,0,0,39969978,6762767,729
2023-09-03,207017,0,0,413578,4662,0,14.311613929998796,0,0,5.048472379999976,0.5330619399999428,0,97281326,0,0,54647965,5012341,0
2023-09-02,232252,0,0,273130,34365,1,18.198783520000607,0,0,3.4337961199997977,1.6293757300000067,0.00002304,103912677,0,0,37987052,10035117,144
2023-09-01,281457,0,0,130575,7515,1,23.14230351000104,0,0,1.8326521399998006,1.176898209999936,0.00006392,121502175,0,0,18991580,10419500,354
2023-08-31,297404,0,0,119225,20806,0,23.420792530000114,0,0,2.1291448099999606,0.9907028899999308,0,118328442,0,0,18031815,7558268,0
2023-08-30,252039,0,0,144698,11264,0,17.37299509000006,0,0,1.4935688799999152,0.3544243000000544,0,102476205,0,0,20799370,2647219,0
2023-08-29,260031,0,0,213535,26735,0,18.564145110000155,0,0,1.8871606600000677,0.699845289999959,0,120153026,0,0,29342255,7385973,0
2023-08-28,233779,0,0,94214,3351,1,15.943556810000004,0,0,0.837846449999991,0.19153893999997706,0.0000142,102582000,0,0,13121220,2220617,142
2023-08-27,186823,0,0,219933,6838,0,11.313289059998558,0,0,1.9175533700000618,0.2411062499999701,0,82135626,0,0,30741918,3075700,0
2023-08-26,216361,0,0,277792,3372,0,13.572931419999467,0,0,2.367494570000022,0.14578666000008234,0,97180967,0,0,38029269,1677598,0
2023-08-25,250635,0,0,171291,3265,1,16.301710440000413,0,0,1.49973742999982,0.23437432000014202,0.00004221,107708759,0,0,23611926,2595657,236
2023-08-24,235513,0,0,157181,6456,1,15.886725369999999,0,0,1.3953287400000804,0.1763690999999621,0.00004396,114269378,0,0,21554053,2071164,314
2023-08-23,236251,0,0,151144,30427,0,17.309261220000828,0,0,1.3299644400001716,0.6903584699999541,0,113610632,0,0,20788102,7515720,0
2023-08-22,251728,0,1,163087,6041,0,16.87060978999975,0,0.00023984,1.4360772399998576,0.5041744900000288,0,114390847,0,2998,22624448,5920448,0
2023-08-21,242883,0,0,297588,9603,0,13.828099859999906,0,0,2.5521571300003223,0.19560488999998293,0,120747400,0,0,41635818,2516934,0
2023-08-20,200950,0,0,401271,10240,0,11.264863169999202,0,0,3.454040979999299,0.26608129999989627,0,102014309,0,0,56370848,3593953,0
2023-08-19,219125,0,0,295644,5009,2,13.977667039999991,0,0,2.5379472399996827,0.18368200999991346,0.0000861,96801902,0,0,41007238,2147411,420
2023-08-18,269131,0,0,145048,9028,0,20.101261259999607,0,0,1.3040834399999883,0.5978799099999419,0,114128201,0,0,20272350,4521282,0
2023-08-17,265601,0,0,225785,10887,1,16.428135190000507,0,0,2.2293385999999846,0.28171392999997424,0.00002207,119316011,0,0,32708267,2920973,442
2023-08-16,256522,0,0,300411,9944,1,14.95902935999936,0,0,2.7514231400000324,0.3284279500000493,0.0000181,115889873,0,0,43150594,3864667,181
2023-08-15,251879,0,0,317632,13552,0,15.026321179998526,0,0,2.9273298000003387,0.30912884999992096,0,121571492,0,0,45554073,3749306,0
2023-08-14,251167,0,0,300317,17033,0,14.772402469998516,0,0,2.7144519700003182,0.7004554300001171,0,120002547,0,0,42416833,8447042,0
2023-08-13,195266,0,0,279607,22237,2,10.385918529999998,0,0,2.6746194700002364,0.42220938000006525,0.000028980000000000004,88434173,0,0,41594745,4915400,322
2023-08-12,224703,0,0,239636,39595,0,16.458353070000456,0,0,2.2086593800000065,0.7543761299999181,0,123403825,0,0,34426937,9048861,0
2023-08-11,253884,0,0,232853,19800,1,20.78017900000178,0,0,2.2982391099999817,0.38686600999988396,0.00009936,113086715,0,0,32804531,3997219,413
2023-08-10,246207,0,0,101462,10370,0,23.331130319999833,0,0,0.9628349299999914,0.3287973599999734,0,109484234,0,0,14351211,3083303,0
2023-08-09,264742,0,0,205778,36226,0,24.3014940699994,0,0,1.8640187500000034,0.9233415300001109,0,122494585,0,0,29137409,9273674,0
2023-08-08,254385,0,0,73078,3731,0,28.084775619999306,0,0,0.7397134500000114,0.28861838999999156,0,111406602,0,0,10583946,2938190,0
2023-08-07,242642,0,0,144308,40584,0,19.723127640001216,0,0,1.2958684699998977,1.6705501599998311,0,110355813,0,0,20535713,15018809,0
2023-08-06,198463,0,0,405577,3233,2,12.867671359998875,0,0,3.7733775200005186,0.26915533000007885,0.0001048,100361333,0,0,60025261,3537893,523
2023-08-05,247500,0,0,248267,4955,1,18.337644330000394,0,0,2.388046549999906,0.3812565600000486,0.00004389,113258692,0,0,35901207,4763884,209
2023-08-04,237196,0,0,78070,3219,1,21.02278966999972,0,0,1.252657840000054,0.23980182999998068,0.0000462,105269001,0,0,12496776,2174896,209
2023-08-03,271584,0,0,201682,2739,2,20.293196179999512,0,0,2.7812831200000914,0.16631462000000585,0.000044819999999999994,118141572,0,0,31245351,1571230,257
2023-08-02,269198,0,0,116232,5338,0,19.15776246000002,0,0,1.3578082799998705,0.3702771199999315,0,130383290,0,0,18339511,4197963,0
2023-08-01,275447,0,0,130329,6443,0,16.802806670000585,0,0,1.2858118399999534,0.39154506999999894,0,115075783,0,0,19038254,4811606,0
2023-07-31,248106,0,0,190408,7151,1,14.53235111999927,0,0,1.8163256400000323,0.31104118000005765,0.00003627,108167311,0,0,28909582,3853540,141
2023-07-30,223689,0,0,405673,16491,1,13.12828787000111,0,0,3.6172381500002992,0.38532803000017823,0.00001833,104485470,0,0,59196685,4252201,141
2023-07-29,224752,0,0,182880,15487,0,14.15188012000015,0,0,1.643119719999887,0.3492559099999448,0,100537429,0,0,26563702,3824075,0
2023-07-28,263749,0,0,169975,15500,1,18.3636509099997,0,0,1.5543849000000778,0.4407174299999397,0.00004582,110140841,0,0,24625979,4171715,332
2023-07-27,266780,0,0,128467,17790,1,18.29391146000045,0,0,1.9629897900000808,0.5815178999999957,0.0000213,110025023,0,0,20291139,6627883,142
2023-07-26,256460,0,0,165251,31035,0,16.355254149999528,0,0,1.678095049999793,0.7849694300002139,0,109756112,0,0,25298860,8907892,0
2023-07-25,253524,0,0,196206,12856,0,15.635858830000474,0,0,1.7518539200000403,0.4686757899999443,0,102822990,0,0,29593042,5565076,0
2023-07-24,246205,0,0,264155,19563,0,22.96919165000156,0,0,2.934549369999845,0.5451567900001306,0,101936335,0,0,41840169,6212820,0
2023-07-23,207376,0,0,331040,21207,1,21.913667409999785,0,0,3.1064746100002187,0.5277606600000029,0.00056715,89281714,0,0,51295222,6399366,993
2023-07-22,199152,0,0,71800,17798,0,44.464542340001124,0,0,0.6956356499998814,0.7919646399999686,0,118874207,0,0,10478138,4550254,0
2023-07-21,257790,0,0,50221,15832,4,21.911776670001906,0,0,0.5478505699998617,0.4729197899999915,0.00096261,99152795,0,0,8092166,4727240,3928
2023-07-20,256006,0,0,85081,59313,0,20.013276810000185,0,0,0.8016034800000718,1.9397733300000564,0,102261122,0,0,12879226,11826422,0
2023-07-19,263635,0,0,194036,22578,0,15.583744289999979,0,0,1.740775880000174,0.8391831999999464,0,105175524,0,0,31453614,11330901,0
2023-07-18,258719,0,0,305160,18804,1,15.537727490001409,0,0,2.8929805099998736,0.6580667499998323,0.00002276,107031173,0,0,47086114,7866338,238
2023-07-17,248813,0,0,148866,30933,0,15.136693850000057,0,0,1.4723304500000556,0.6139382600001169,0,104136668,0,0,23677705,7135459,0
2023-07-16,209541,0,0,353116,32488,0,11.677318280000907,0,0,3.1546884199999554,0.5980036100000157,0,92028769,0,0,54560537,8388988,0
2023-07-15,222920,0,0,246910,15150,0,14.04866854999888,0,0,2.2386851000001085,0.45328706999982105,0,96611207,0,0,36057600,5318105,0
2023-07-14,278790,0,0,129032,13843,1,21.01910381000072,0,0,1.2715038500000473,0.3865734399999836,0.00007277,112900993,0,0,20281659,3777598,382
2023-07-13,259549,0,0,100644,15666,0,18.23849755000032,0,0,0.9631063799999959,0.4559692400000479,0,99538034,0,0,15327144,5106778,0
2023-07-12,270100,0,0,181695,26524,1,16.57192651000006,0,0,1.7964665000000102,0.9231981600002064,0.0000216,105847774,0,0,28144045,9971261,144
2023-07-11,250358,0,0,169624,12311,0,15.118529170000869,0,0,1.3219141800000032,0.5118205499999762,0,102086417,0,0,26097309,6775275,0
2023-07-10,250435,0,0,241567,15113,0,13.855141480000022,0,0,2.026465030000134,0.36351752000001714,0,106163647,0,0,41430713,5374976,0
2023-07-09,208345,0,0,352682,33238,0,10.554248490000036,0,0,2.0192678399999004,0.610651770000155,0,104180607,0,0,53905954,10904930,0
2023-07-08,223173,0,0,322941,27583,0,12.191853900000622,0,0,1.8814838600002477,0.6669083000001366,0,117683665,0,0,49304232,10987277,0
2023-07-07,268187,0,0,266403,21423,1,16.547002920000846,0,0,1.7893759800001598,0.9131492299999566,0.00002256,119778552,0,0,40452049,14772321,141
2023-07-06,265506,0,0,113258,13924,0,18.374064820000054,0,0,0.834379879999998,0.515541430000064,0,114269253,0,0,17308937,6398770,0
2023-07-05,310151,0,0,166263,19813,0,19.48754176999943,0,0,1.330904670000128,0.6766010599999965,0,120875259,0,0,26718422,8378104,0
2023-07-04,271735,0,0,95012,9060,0,21.086524530001146,0,0,0.9436483599999672,0.6521645900000541,0,116034857,0,0,14896474,9025539,0
2023-07-03,265339,0,0,51646,11129,0,23.43155856000008,0,0,0.7057105299999772,1.3504331600000148,0,114878282,0,0,8189043,13858043,0
2023-07-02,212839,0,0,86477,10604,0,21.2532839899999,0,0,1.249740140000082,1.2918030200000368,0,143713686,0,0,13955736,12184830,0
2023-07-01,240132,0,0,72729,11412,1,23.5266008099998,0,0,1.0954564299999328,0.8178059699999121,0.00008004,116439998,0,0,11003094,5487921,348
2023-06-30,295502,0,0,111544,38147,4,31.559504299997545,0,0,1.7235649099998442,1.4162792099998984,0.00338303,131091045,0,0,16615844,10239033,11612
2023-06-29,275682,0,0,95704,66804,3,32.830561719999764,0,0,1.67584849000008,2.55110795000009,0.00095752,114871257,0,0,14841701,16231946,2943
2023-06-28,234716,0,0,49274,47287,1,26.98557017999985,0,0,0.9034151200001421,1.9854856000000165,0.00006996,88270333,0,0,7360022,12329474,212
2023-06-27,252963,0,0,95713,86182,0,27.013550269999524,0,0,1.5500471800000204,3.0935900700003574,0,105258699,0,0,14231657,20465036,0
2023-06-26,249294,0,0,70310,84375,0,27.903856219998808,0,0,1.220213279999993,3.2607837300000027,0,114208484,0,0,10942098,19771274,0
2023-06-25,212811,0,0,72206,97752,0,23.51182003000005,0,0,1.2462826299999807,4.626740220000269,0,106278282,0,0,11234618,32372408,0
2023-06-24,233705,0,0,25321,102411,0,28.720076819999257,0,0,0.5509269599999819,4.474557040000244,0,113613436,0,0,4271792,28020880,0
2023-06-23,268976,0,0,14148,90877,0,35.41443255999895,0,0,0.3772846800000071,4.323775429999962,0,102380414,0,0,2439580,20126026,0
2023-06-22,280027,0,0,5868,106145,1,39.106338649999365,0,0,0.2512391,5.052870930000243,0.01530984,114277548,0,0,1141906,21486150,26418
2023-06-21,277885,0,0,8510,76882,3,39.87462609999917,0,0,0.360016929999999,3.6532155800001243,0.00036034,104102437,0,0,1538786,15292096,1009
2023-06-20,275906,0,0,14640,157167,2,30.48112858999894,0,0,0.47454192000001544,6.206656100000348,0.00009957999999999999,101881473,0,0,2679435,31389989,421
2023-06-19,245303,0,0,126285,44013,3,26.63814769000051,0,0,2.2519299800001074,2.346048080000002,0.00053118,105501729,0,0,20359232,16083022,2430
2023-06-18,217040,0,0,138314,84512,2,22.60389403000148,0,0,2.574971660000142,5.31716799999966,0.0004194,92094078,0,0,22147023,36684342,1852
2023-06-17,270447,0,0,170587,34215,3,31.105184790001896,0,0,6.768107440000243,2.254981469999853,0.0005621,97602166,0,0,29929437,12439104,1504
2023-06-16,307331,0,0,171880,32991,0,39.40416548000394,0,0,3.8226074900000584,2.398215029999467,0,110993516,0,0,28994152,10961429,0
2023-06-15,277051,0,0,88050,57968,0,34.58850407000137,0,0,1.7658018399998177,4.666989419999911,0,109378874,0,0,16027452,22511930,0
2023-06-14,258592,0,0,19291,52774,1,36.89751844999999,0,0,0.5584908600000151,2.412553860000032,0.00018392,102833655,0,0,3596261,13509455,483
2023-06-13,267264,0,0,80704,62514,1,31.632751520000678,0,0,1.5593786700000702,4.05384907999985,0.0000308,107867937,0,0,14247742,23801701,110
2023-06-12,263525,0,0,85701,21408,0,38.548984969998656,0,0,1.746144720000031,2.2136030499998007,0,127632363,0,0,15182157,14072814,0
2023-06-11,224524,0,0,121020,53657,0,27.956568299999912,0,0,2.5704995899999785,4.5821387400002545,0,107220524,0,0,21689752,33984640,0
2023-06-10,267994,0,1,58024,39350,0,43.50166530000009,0,0.0001303,1.5880852999999753,4.543501509999971,0,116265773,0,1303,10580991,27047730,0
2023-06-09,295354,0,0,54773,36957,0,66.75337190000022,0,0,2.3634608299999833,4.140932220000013,0,144065645,0,0,10087031,14732323,0
2023-06-08,302421,0,0,51935,52648,2,60.485185819997675,0,0,3.464777299999945,5.594867640000118,0.0009764,122303795,0,0,9537849,21072906,4976
2023-06-07,380834,0,0,38650,14297,0,90.28554984999991,0,0,4.329604920000212,2.9871831599999057,0,122056064,0,0,6719883,6193050,0
2023-06-06,347867,0,0,76950,37254,1,73.33334787999766,0,0,5.783319530000065,3.8058200899999095,0.0001448,121639742,0,0,14007983,15284374,181
2023-06-05,266058,0,0,76558,16638,0,49.48242976999926,0,0,6.077453899999971,2.44126152000016,0,114692316,0,0,14600935,8628534,0
2023-06-04,230234,0,0,91203,42582,1,31.58369458999873,0,0,2.6478367499999127,4.260288280000256,0.00005964,108515111,0,0,16206250,23179262,142
2023-06-03,255925,0,0,72457,53071,0,37.76146540999984,0,0,2.628227019999929,3.813967850000267,0,100286912,0,0,12793412,16856439,0
2023-06-02,339309,0,0,114756,25372,0,66.95883801999985,0,0,5.530599639999994,2.372589750000267,0,132839865,0,0,21018067,10052590,0
2023-06-01,285212,0,0,35055,35718,1,63.11962558000058,0,0,2.140710759999987,4.87350099999996,0.0020488,112646475,0,0,6440954,11839994,10222
2023-05-31,289646,0,0,63572,68361,0,56.35800953000047,0,0,3.654037349999978,8.612049100000151,0,109842934,0,0,11249325,19849880,0
2023-05-30,307110,0,1,129553,78582,0,60.02865883999945,0,0.00042744,10.954986959999786,8.882715750000877,0,110208725,0,1096,23809656,19932757,0
2023-05-29,287432,0,0,201462,61427,3,51.67545837000113,0,0,12.347912030000142,7.106776270000299,0.00043482000000000004,106163478,0,0,37133044,17634687,720
2023-05-28,262706,0,0,178052,55398,2,46.774462239998016,0,0,9.938175489999697,5.855777540000187,0.00016580999999999999,110698013,0,0,31223473,18010780,283
2023-05-27,264334,0,0,153697,53602,0,48.36155737000113,0,0,6.126389569999507,7.597699179999617,0,99159040,0,0,25500683,20279709,0
2023-05-26,379861,0,0,118427,34085,0,82.77686262000218,0,0,10.185887589999545,4.8672048000002395,0,118572941,0,0,20772276,12601386,0
2023-05-25,309609,0,0,109318,41240,0,71.37542554999948,0,0,11.254170909999724,9.236832099999921,0,112902442,0,0,21033921,17003739,0
2023-05-24,259172,0,0,121469,24880,0,52.663147410003475,0,0,6.411327179999899,5.795604429999788,0,103397479,0,0,22081835,15453306,0
2023-05-23,265309,0,1,207010,47549,1,53.080677900009675,0,0.0005212,9.719566140000206,6.94507880000009,0.00047920000000000005,97273060,0,1303,38530831,18104340,1196
2023-05-22,261862,0,0,182684,54734,1,53.51411919999963,0,0,11.26434113000065,6.1935374200002915,0.00007191,93631569,0,0,34805467,14500918,141
2023-05-21,239700,0,0,206346,40577,2,50.51377449000002,0,0,12.912493799999863,8.029101489999826,0.00054621,91763183,0,0,38778888,20396484,430
2023-05-20,237610,0,0,123464,62661,1,63.046765340002835,0,0,7.3306596799998065,14.815079159999526,0.00030736,89121860,0,0,23083828,17743248,226
2023-05-19,296830,0,0,198896,19748,0,85.73072564999956,0,0,26.040702160000293,4.774534589999881,0,103045167,0,0,37450858,9468347,0
2023-05-18,279011,0,0,178154,19538,1,86.31954710999912,0,0,18.02903319999993,2.551476940000107,0.0000904,101068009,0,0,33406698,6503720,113
2023-05-17,296385,0,0,266996,20073,0,70.30768638999919,0,0,21.11792441999923,1.6881081499998984,0,103760601,0,0,50612263,5620179,0
2023-05-16,283993,0,2,264940,17525,2,80.14099346999667,0,0.00084885,29.394349300000258,3.4741172299996603,0.0005356699999999998,96098115,0,1585,49445244,6491088,526
2023-05-15,258285,0,0,201129,66965,0,71.17624638999675,0,0,13.468551199999656,5.1689161399992365,0,92913894,0,0,37785965,16272457,0
2023-05-14,257639,0,0,294145,79892,1,61.12494763999735,0,0,21.639315989999055,5.654034999999617,0.0030882,98444626,0,0,55655354,18870572,15412
2023-05-13,230650,0,0,265042,79947,1,74.24881888999496,0,0,27.617688370000053,6.921261510000605,0.00220801,78718768,0,0,50114637,16137681,238
2023-05-12,255685,0,0,242641,10833,0,132.75697205999745,0,0,38.205449709998334,2.4810045200000985,0,90961898,0,0,45573233,3440636,0
2023-05-11,265314,0,0,271922,9312,1,159.20612246999826,0,0,30.786719370000757,4.3843095999998205,0.00097096,93044716,0,0,51090870,5853745,212
2023-05-10,316970,0,0,333191,21507,0,241.3774629999931,0,0,88.14459780000125,10.245657809999258,0,99851495,0,0,62452265,5695066,0
2023-05-09,276360,0,0,315112,6784,0,289.2133386199969,0,0,148.0279309000018,3.0244751699996186,0,89483046,0,0,59111105,1420501,0
2023-05-08,250456,0,0,321275,3319,1,377.6486861199918,0,0,255.01966677000084,2.6845845299995688,0.00086292,77096573,0,0,59291503,677825,141
2023-05-07,207792,0,0,396763,3328,0,156.84616352001447,0,0,245.72189236000656,1.3509819799999434,0,61663153,0,0,74737847,687463,0
2023-05-06,276329,0,0,320083,4721,1,116.9074777199898,0,0,63.50827888999989,1.6185882999998071,0.0002685,85992057,0,0,60359527,1675697,178
2023-05-05,267112,0,0,140125,4191,1,113.52387972999878,0,0,20.85072692000009,0.5920940899999287,0.00043018,91798187,0,0,26112653,1066260,313
2023-05-04,284454,0,0,188033,18636,0,98.55328956999713,0,0,13.718900920000191,1.2042596799999608,0,107590388,0,0,34316770,4064020,0
2023-05-03,329943,0,0,141726,17890,0,109.8628903700022,0,0,11.920377670000029,2.4137171600000418,0,110152975,0,0,25988779,3829731,0
2023-05-02,260947,0,0,192820,3939,2,85.73531902999751,0,0,27.72591292999909,0.6798004899998524,0.00018114,91109751,0,0,36793486,1097851,293
2023-05-01,309446,0,0,366193,6639,3,46.26640832999893,0,0,22.508638440000805,0.4940933699999235,0.00028004,112942428,0,0,67188391,1859718,766
2023-04-30,261151,0,0,303506,3859,0,31.8625700500019,0,0,15.512854729998997,0.271075720000022,0,90893620,0,0,56106737,989898,0
2023-04-29,262719,0,0,221244,2067,1,31.768662869999016,0,0,10.941277269999892,0.12132938000001481,0.00039217,96002234,0,0,40245133,777983,933
2023-04-28,306023,0,0,173762,3736,1,39.096159399998776,0,0,6.583227729999827,0.18807631000000846,0.00416052,112270070,0,0,33174841,1497472,34671
2023-04-27,294891,0,0,121582,2439,0,36.09353899999962,0,0,5.494272599999956,0.17680937999998658,0,106015752,0,0,22754656,1215549,0
2023-04-26,285460,0,0,147796,3204,1,29.01540189999865,0,0,3.9365823800000794,0.1393505800000141,0.00002938,100146166,0,0,27891477,1949007,113
2023-04-25,285948,0,0,79142,4751,2,24.726201489999607,0,0,1.823821700000013,0.16513011000000044,0.00072633,107542929,0,0,14841412,2573620,2795
2023-04-24,272432,0,0,62828,24911,2,19.519950620000007,0,0,0.7124515199999979,0.32778324000001136,0.00003314,116554765,0,0,11917841,11847567,221
2023-04-23,239696,0,0,183884,9179,1,12.028088330000331,0,0,1.4951705400000332,0.14337829000001356,0.00827032,95323065,0,0,34186660,7229823,43444
2023-04-22,255064,0,0,64465,35222,1,15.202422790000451,0,0,0.3085093900000007,0.8793679899999787,0.00004603,105048557,0,0,11659450,20363137,4524
2023-04-21,296722,0,0,14362,41133,1,23.443543340000268,0,0,0.14973029000000063,0.4967102499999967,0.00021321,122680008,0,0,2381786,19858148,925
2023-04-20,287838,0,0,5513,3331,1,20.93430439000008,0,0,0.051442229999999964,0.2541229000000013,0.00009392,116916350,0,0,901633,11827885,586
2023-04-19,290620,0,0,5705,5397,0,20.415527160000153,0,0,0.03389123999999997,0.456501829999999,0,121942309,0,0,903008,16062180,0
2023-04-18,297497,0,0,11813,3212,0,19.87430463000012,0,0,0.060846940000000224,0.4283404100000007,0,149986663,0,0,1926803,12955000,0
2023-04-17,285571,0,0,24750,5872,0,20.001579120000006,0,0,0.1674790200000055,0.6680960999999872,0,135806778,0,0,4019489,15056869,0
2023-04-16,225151,0,0,3285,3832,0,15.319891520000013,0,0,0.024464970000000093,0.6035906999999983,0,107017518,0,0,540756,16348160,0
2023-04-15,266736,0,0,3030,6419,0,20.297330140000277,0,0,0.02009337999999997,0.8791391999999999,0,138004128,0,0,473981,19392504,0
2023-04-14,308651,0,1,3531,3776,0,27.25723828999995,0,0.0007616,0.031363050000000024,0.45035136000000014,0,125281390,0,19028,580710,14048593,0
2023-04-13,323816,0,0,3335,4890,1,25.138046170000383,0,0,0.035401580000000134,0.7617687700000009,0.00007137,125956980,0,0,535851,15421644,277
2023-04-12,322551,0,0,8209,7342,0,23.155960440000314,0,0,0.10921027999999935,1.3396135499999975,0,130764050,0,0,1291744,26851307,0
2023-04-11,368705,0,0,6163,10133,1,30.419618349999958,0,0,0.08173357000000003,0.5575291399999964,0.00003312,144487963,0,0,1017194,8421023,144
2023-04-10,276730,0,0,5345,7546,4,21.251761849999987,0,0,0.06756285000000015,0.45407021999999786,0.00117902,113808070,0,0,857206,7257574,6273
2023-04-09,240644,0,0,17711,20047,2,15.489051589999974,0,0,0.20302020000000195,1.2146136400000134,0.00008597,115190670,0,0,2813454,27870778,457
2023-04-08,281721,0,0,13246,23538,0,18.27406770000033,0,0,0.24221306000000267,3.3792639199999894,0,100019978,0,0,2252046,44623778,0
2023-04-07,317607,0,0,18958,18463,3,24.78354151000025,0,0,0.39612215000000206,1.832591429999985,0.00012762,115200762,0,0,3193808,23518670,668
2023-04-06,327931,0,0,10420,15667,1,30.95148847000022,0,0,0.15648488999999985,1.8101051300000042,0.00005434,126561379,0,0,1784672,31545622,209
2023-04-05,315326,0,0,15524,16034,1,29.939560019999842,0,0,0.4081012299999936,1.7054157300000115,0.00009183,113370312,0,0,2700604,21872065,235
2023-04-04,344755,0,0,51013,25361,1,31.568124499999726,0,0,1.1614180100000109,1.101094480000012,0.00011726,134126733,0,0,8825027,18959486,451
2023-04-03,284926,0,0,32869,15075,0,26.428776810000237,0,0,0.5774810700000064,0.6988985699999954,0,113890458,0,0,5611587,11428570,0
2023-04-02,269293,0,0,60516,11812,1,21.328038679999825,0,0,1.7163831200000497,1.4227338300000134,0.000036,117915200,0,0,10722264,20261971,144
2023-04-01,298359,0,0,11727,9560,0,29.943626990000148,0,0,0.21157832000000076,1.3682877300000051,0,121090543,0,0,2007224,16823054,0
2023-03-31,302838,0,0,775,4773,0,31.80410084999993,0,0,0.030654740000000055,0.7120855099999996,0,126453341,0,0,137564,14323718,0
2023-03-30,312835,0,0,449,13062,1,25.596666990000525,0,0,0.006533229999999997,1.9210699199999999,0.0002388,117452972,0,0,72929,35375899,3571
2023-03-29,324776,0,0,1046,8815,0,25.838127160000155,0,0,0.020880149999999955,1.6756832499999987,0,116494525,0,0,182431,30227979,0
2023-03-28,298285,0,0,878,17115,3,26.888315440000184,0,0,0.024234459999999965,1.102222599999999,0.00019623,116020002,0,0,155480,17733619,791
2023-03-27,283691,0,0,476,12386,4,22.00173765000016,0,0,0.011277809999999989,1.143349190000001,0.00019000999999999998,129074879,0,0,85469,18734902,974
2023-03-26,251937,0,0,794,8512,0,18.72045360000039,0,0,0.01047093,3.1366930500000008,0,101927882,0,0,135196,41823113,0
2023-03-25,277546,0,0,83,12568,0,25.642285800000423,0,0,0.00270333,4.950847360000001,0,107736825,0,0,14292,37151122,0
2023-03-24,287352,0,0,102,4639,2,30.92907818000007,0,0,0.004296109999999998,13.390880050000002,0.00012576,100686661,0,0,18964,61167536,423
2023-03-23,291614,0,0,246,3383,2,27.042000920000177,0,0,0.007414329999999999,12.059817250000002,0.00188899,104551831,0,0,43976,75247271,8197
2023-03-22,293802,0,0,522,3250,1,30.232137390000002,0,0,0.0116885,5.10754323,0.0000609,112417801,0,0,90447,44373232,210
2023-03-21,309577,0,0,12235,6120,0,26.585793740000344,0,0,0.21722748999999855,2.083575890000011,0,115013907,0,0,2039861,27855865,0
2023-03-20,321654,0,0,9515,10119,0,26.94150232000014,0,0,0.17068593,2.550039729999994,0,120720354,0,0,1628278,31551518,0
2023-03-19,254465,0,0,3637,11027,2,24.457136469999913,0,0,0.08713910000000036,4.011356369999998,0.00009779,98395775,0,0,674631,48817540,456
2023-03-18,282642,0,1,7728,6519,0,31.993246600000163,0,0.0008245,0.11034738999999945,2.822632509999999,0,110010079,0,16490,1304154,49540137,0
2023-03-17,327063,0,2,3809,7948,1,39.33039268000023,0,0.0015001,0.07630975000000013,3.1029420299999986,0.0001667200000000002,123024731,0,16862,639903,23237042,520
2023-03-16,288568,0,0,2183,4298,0,29.68962651000043,0,0,0.055369620000000015,3.6562905400000005,0,104956234,0,0,414336,27545280,0
2023-03-15,324838,0,1,2739,17481,0,31.592984010000315,0,0.00392934,0.07449584000000001,1.982208769999998,0,116329423,0,65489,511775,29022760,0
2023-03-14,320667,0,0,3415,3810,0,36.36073356000008,0,0,0.09995862999999999,0.7082198699999989,0,127322393,0,0,643621,17946335,0
2023-03-13,318537,0,1,9116,5451,2,23.268159940000096,0,0.00280437,0.2859354799999987,2.5700374099999945,0.000047440000000000156,119584923,0,93479,1677144,35533538,323
2023-03-12,248169,0,0,1574,15808,4,19.62307510000027,0,0,0.03347177999999996,1.7082075099999936,0.0006933700000000001,103837150,0,0,287789,56706203,1527
2023-03-11,294497,0,0,1672,23533,5,25.12733782999993,0,0,0.03134903000000002,2.0980317499999988,0.00070593,111115764,0,0,289497,53455639,1868
2023-03-10,315302,0,0,5237,8794,1,42.06222101000174,0,0,0.282718960000001,1.59950758,0.00010388,114952259,0,0,988138,19967668,212
2023-03-09,305162,0,0,25717,5975,0,40.48735003999969,0,0,1.5270212500000218,2.7818855199999986,0,109750225,0,0,4797854,19386265,0
2023-03-08,283763,0,0,6,8723,1,24.993307209999863,0,0,0.00025089999999999997,1.26197588,0.00002448,105743291,0,0,975,27169812,144
2023-03-07,343308,0,0,0,18773,1,24.191861400000153,0,0,0,1.4493203000000012,0.00032504,125840846,0,0,0,37048023,2041
2023-03-06,302021,0,0,0,13994,1,23.111941290000246,0,0,0,0.9154741300000012,0.00003744,110130831,0,0,0,20795680,144
2023-03-05,270637,0,0,0,16001,0,16.483201800000145,0,0,0,1.0276743299999997,0,122620568,0,0,0,29258960,0
2023-03-04,286939,0,0,0,19359,2,18.57469035,0,0,0,1.6115742100000008,0.00034378,107299332,0,0,0,43588356,1613
2023-03-03,337189,0,1,0,18080,3,26.325547920000176,0,0.00024948,0,1.5642206899999975,0.00009598000000000001,130456767,0,8316,0,36417887,496
2023-03-02,314609,0,0,0,15436,2,22.439130150000192,0,0,0,1.499279350000002,0.00010123,107710882,0,0,0,34208489,349
2023-03-01,357105,0,1,0,24824,2,23.942315280000248,0,0.00013378,0,1.8956675800000011,0.00004050000000000001,125023829,0,6689,0,44870469,292
2023-02-28,316610,0,0,0,15748,0,24.733936420000017,0,0,0,1.0844956600000026,0,114036272,0,0,0,21880408,0
2023-02-27,284809,0,0,0,7938,1,21.756076570000147,0,0,0,0.897378200000002,0.00007294,115093495,0,0,0,13991471,520
2023-02-26,262609,0,0,0,14493,1,13.730607620000159,0,0,0,1.3315094699999999,0.0001335,109880119,0,0,0,45907824,888
2023-02-25,251230,0,0,0,7181,2,15.186757140000088,0,0,0,0.7722684899999994,0.00004838,91004223,0,0,0,15936726,321
2023-02-24,289165,0,0,0,5397,0,17.822911770000243,0,0,0,0.7124056000000002,0,116904561,0,0,0,17905631,0
2023-02-23,286388,0,0,0,4340,0,17.29840872000011,0,0,0,1.72469549,0,138747926,0,0,0,32093337,0
2023-02-22,278405,0,0,0,3914,0,17.35120976000015,0,0,0,1.0993671699999998,0,121889521,0,0,0,18006995,0
2023-02-21,282992,0,0,0,7464,1,16.146692260000275,0,0,0,1.1739418399999992,0.00001469,131543074,0,0,0,33592166,113
2023-02-20,265662,0,2,0,4417,0,15.65934548000029,0,0.00074842,0,2.2169319,0,108267639,0,16059,0,37609104,0
2023-02-19,235244,0,0,0,5162,0,14.018219120000023,0,0,0,1.374057130000001,0,110958964,0,0,0,48880294,0
2023-02-18,265935,0,0,0,10863,0,18.01218883000001,0,0,0,1.9360074400000047,0,127765440,0,0,0,39098546,0
2023-02-17,171015,0,0,0,2637,1,12.840013140000043,0,0,0,1.0537399600000008,0.0000362,65390015,0,0,0,13564048,181
