Timestamp,Date,Measure,Centrifuge,Backed Finance,Backed Finance (xStocks),Securitize,Ondo,Swarm,STOKR,Figure,WisdomTree,Plume Vaults,Superstate Opening Bell,Remora Markets,Robinhood,st0x,bStocks,Dinari
1671753600000,2022-12-23,Bridged Token Value (Dollar),,39198,,,,,,,,,,,,,,
1671840000000,2022-12-24,Bridged Token Value (Dollar),,39550,,,,,,,,,,,,,,
1671926400000,2022-12-25,Bridged Token Value (Dollar),,39550,,,,,,,,,,,,,,
1672012800000,2022-12-26,Bridged Token Value (Dollar),,39550,,,,,,,,,,,,,,
1672099200000,2022-12-27,Bridged Token Value (Dollar),,39550,,,,,,,,,,,,,,
1672185600000,2022-12-28,Bridged Token Value (Dollar),,39806,,,,,,,,,,,,,,
1672272000000,2022-12-29,Bridged Token Value (Dollar),,39400,,,,,,,,,,,,,,
1672358400000,2022-12-30,Bridged Token Value (Dollar),,39713,,,,,,,,,,,,,,
1672444800000,2022-12-31,Bridged Token Value (Dollar),,39328,,,,,,,,,,,,,,
1672531200000,2023-01-01,Bridged Token Value (Dollar),,39328,,,,,,,,,,,,,,
1672617600000,2023-01-02,Bridged Token Value (Dollar),,39328,,,,,,,,,,,,,,
1672704000000,2023-01-03,Bridged Token Value (Dollar),,39328,,,,,,,,,,,,,,
1672790400000,2023-01-04,Bridged Token Value (Dollar),,39300,,,,,,,,,,,,,,
1672876800000,2023-01-05,Bridged Token Value (Dollar),,39854,,,,,,,,,,,,,,
1672963200000,2023-01-06,Bridged Token Value (Dollar),,39200,,,,,,,,,,,,,,
1673049600000,2023-01-07,Bridged Token Value (Dollar),,39995,,,,,,,,,,,,,,
1673136000000,2023-01-08,Bridged Token Value (Dollar),,39995,,,,,,,,,,,,,,
1673222400000,2023-01-09,Bridged Token Value (Dollar),,39995,,,,,,,,,,,,,,
1673308800000,2023-01-10,Bridged Token Value (Dollar),,40832,,,,,,,,,,,,,,
1673395200000,2023-01-11,Bridged Token Value (Dollar),,40214,,,,,,,,,,,,,,
1673481600000,2023-01-12,Bridged Token Value (Dollar),,40844,,,,,,,,,,,,,,
1673568000000,2023-01-13,Bridged Token Value (Dollar),,40925,,,,,,,,,,,,,,
1673654400000,2023-01-14,Bridged Token Value (Dollar),,40959,,,,,,,,,,,,,,
1673740800000,2023-01-15,Bridged Token Value (Dollar),,40959,,,,,,,,,,,,,,
1673827200000,2023-01-16,Bridged Token Value (Dollar),,40959,,,,,,,,,,,,,,
1673913600000,2023-01-17,Bridged Token Value (Dollar),,40959,,,,,,,,,,,,,,
1674000000000,2023-01-18,Bridged Token Value (Dollar),,41482,,,,,,,4500000,,,,,,,
1674086400000,2023-01-19,Bridged Token Value (Dollar),,40793,,,,,,,4465100,,,,,,,
1674172800000,2023-01-20,Bridged Token Value (Dollar),,40515,,,,,,,4573650,,,,,,,
1674259200000,2023-01-21,Bridged Token Value (Dollar),,40660,,,,,,,4573650,,,,,,,
1674345600000,2023-01-22,Bridged Token Value (Dollar),,40660,,,,,,,4573650,,,,,,,
1674432000000,2023-01-23,Bridged Token Value (Dollar),,40660,,,,,,,4651350,,,,,,,
1674518400000,2023-01-24,Bridged Token Value (Dollar),,41524,,,,,,,4637750,,,,,,,
1674604800000,2023-01-25,Bridged Token Value (Dollar),,41407,,,,,,,4629850,,,,,,,
1674691200000,2023-01-26,Bridged Token Value (Dollar),,41086,,,,,,,4701550,,,,,,,
1674777600000,2023-01-27,Bridged Token Value (Dollar),,41616,,,,,,,4733050,,,,,,,
1674864000000,2023-01-28,Bridged Token Value (Dollar),,42019,,,,,,,4733050,,,,,,,
1674950400000,2023-01-29,Bridged Token Value (Dollar),,42019,,,,,,,4733050,,,,,,,
1675036800000,2023-01-30,Bridged Token Value (Dollar),,42019,,,,,,,4652050,,,,,,,
1675123200000,2023-01-31,Bridged Token Value (Dollar),,41795,,,,,,,4724100,,,,,,,
1675209600000,2023-02-01,Bridged Token Value (Dollar),,42052,,,,,,,4801200,,,,,,,
1675296000000,2023-02-02,Bridged Token Value (Dollar),,42354,,,,,,,4927050,,,,,,,
1675382400000,2023-02-03,Bridged Token Value (Dollar),,43107,,,,,,,4855550,,,,,,,
1675468800000,2023-02-04,Bridged Token Value (Dollar),,43147,,,,,,,4855550,,,,,,,
1675555200000,2023-02-05,Bridged Token Value (Dollar),,43147,,,,,,,4855550,,,,,,,
1675641600000,2023-02-06,Bridged Token Value (Dollar),,43147,,,,,,,4815450,,,,,,,
1675728000000,2023-02-07,Bridged Token Value (Dollar),,42793,,,,,,,4895750,,,,,,,
1675814400000,2023-02-08,Bridged Token Value (Dollar),,42553,,,,,,,4823350,,,,,,,
1675900800000,2023-02-09,Bridged Token Value (Dollar),,42507,,,,,,,4779050,,,,,,,
1675987200000,2023-02-10,Bridged Token Value (Dollar),,42754,,,,,,,4767800,,,,,,,
1676073600000,2023-02-11,Bridged Token Value (Dollar),,42425,,,,,,,4767800,,,,,,,
1676160000000,2023-02-12,Bridged Token Value (Dollar),,42425,,,,,,,4767800,,,,,,,
1676246400000,2023-02-13,Bridged Token Value (Dollar),,42425,,,,,,,4829650,,,,,,,
1676332800000,2023-02-14,Bridged Token Value (Dollar),,42897,,,,,,,4848950,,,,,,,
1676419200000,2023-02-15,Bridged Token Value (Dollar),,42459,,,,,,,4878450,,,,,,,
1676505600000,2023-02-16,Bridged Token Value (Dollar),,42712,,,,,,,4795350,,,,,,,
1676592000000,2023-02-17,Bridged Token Value (Dollar),,42643,,,,,,,4771950,,,,,,,
1676678400000,2023-02-18,Bridged Token Value (Dollar),,41969,,,,,,,4771950,,,,,,,
1676764800000,2023-02-19,Bridged Token Value (Dollar),,83938,,,,,,,4771950,,,,,,,
1676851200000,2023-02-20,Bridged Token Value (Dollar),,83938,,,,,,,4771950,,,,,,,
1676937600000,2023-02-21,Bridged Token Value (Dollar),,83938,,,,,,,4665650,,,,,,,
1677024000000,2023-02-22,Bridged Token Value (Dollar),,83354,,,,,,,4665000,,,,,,,
1677110400000,2023-02-23,Bridged Token Value (Dollar),,82648,,,,,,,4699628.998028146,,,,,,,
1677196800000,2023-02-24,Bridged Token Value (Dollar),,587916,,,,,,,4633890.547995007,,,,,,,
1677283200000,2023-02-25,Bridged Token Value (Dollar),,555242,,,,,,,4633890.547995007,,,,,,,
1677369600000,2023-02-26,Bridged Token Value (Dollar),,558164,,,,,,,4633890.547995007,,,,,,,
1677456000000,2023-02-27,Bridged Token Value (Dollar),,587384,,,,,,,4657637.969797058,,,,,,,
1677542400000,2023-02-28,Bridged Token Value (Dollar),,650629.1,,,,,,,4650508.580951832,,,,,,,
1677628800000,2023-03-01,Bridged Token Value (Dollar),,707108.28,,,,,,,4620956.933456835,,,,,,,
1677715200000,2023-03-02,Bridged Token Value (Dollar),,705097,,,,,,,4655957.747355329,,,,,,,
1677801600000,2023-03-03,Bridged Token Value (Dollar),,695734.52,,,,,,,4745360.017547328,,,,,,,
1677888000000,2023-03-04,Bridged Token Value (Dollar),,704744.96,,,,,,,4745360.017547328,,,,,,,
1677974400000,2023-03-05,Bridged Token Value (Dollar),,704744.96,,,,,,,4745360.017547328,,,,,,,
1678060800000,2023-03-06,Bridged Token Value (Dollar),,704744.96,,,,,,,4747610.039749263,,,,,,,
1678147200000,2023-03-07,Bridged Token Value (Dollar),,689094.44,,,,,,,4680758.571882123,,,,,,,
1678233600000,2023-03-08,Bridged Token Value (Dollar),,659069.2,,,,,,,4694350.28642856,,,,,,,
1678320000000,2023-03-09,Bridged Token Value (Dollar),,669564.3,,,,,,,4606350.281068555,,,,,,,
1678406400000,2023-03-10,Bridged Token Value (Dollar),,622727.2287502785,,,,,,,4536550.276811756,,,,,,,
1678492800000,2023-03-11,Bridged Token Value (Dollar),,577761.4942024396,,,,,,,4536550.276811756,,,,,,,
1678579200000,2023-03-12,Bridged Token Value (Dollar),,577761.4942024396,,,,,,,4536550.276811756,,,,,,,
1678665600000,2023-03-13,Bridged Token Value (Dollar),,577761.4942024396,,,,,,,4550200.278318489,,,,,,,
1678752000000,2023-03-14,Bridged Token Value (Dollar),,631656.7177400598,,,,,,,4646950.2849475285,,,,,,,
1678838400000,2023-03-15,Bridged Token Value (Dollar),,665116.217390702,,,,,,,4638900.285254713,,,,,,,
1678924800000,2023-03-16,Bridged Token Value (Dollar),,682046.5427250909,,,,,,,4744850.292739214,,,,,,,
1679011200000,2023-03-17,Bridged Token Value (Dollar),,714312.5911279907,,,,,,,4705000.290716913,,,,,,,
1679097600000,2023-03-18,Bridged Token Value (Dollar),,782153.956230794,,,,,,,4705000.290716913,,,,,,,
1679184000000,2023-03-19,Bridged Token Value (Dollar),,782153.956230794,,,,,,,4705000.290716913,,,,,,,
1679270400000,2023-03-20,Bridged Token Value (Dollar),,782153.956230794,,,,,,,4733400.29204214,,,,,,,
1679356800000,2023-03-21,Bridged Token Value (Dollar),,783965.920055917,,,,,,,4805500.296788208,,,,,,,
1679443200000,2023-03-22,Bridged Token Value (Dollar),,868728.3284009204,,,,,,,4732249.9975429345,,,,,,,
1679529600000,2023-03-23,Bridged Token Value (Dollar),,803837.7654442438,,,,,,,4768954.261029175,,,,,,,
1679616000000,2023-03-24,Bridged Token Value (Dollar),,700589.6534458273,,,,,,,4786555.401071956,,,,,,,
1679702400000,2023-03-25,Bridged Token Value (Dollar),,714934.1730405523,,,,,,,4786555.401071956,,,,,,,
1679788800000,2023-03-26,Bridged Token Value (Dollar),,714934.1730405523,,,,,,,4786555.401071956,,,,,,,
1679875200000,2023-03-27,Bridged Token Value (Dollar),,714934.1730405523,,,,,,,4767503.222346494,,,,,,,
1679961600000,2023-03-28,Bridged Token Value (Dollar),,665385.8422559814,,,,,,,4749501.258390928,,,,,,,
1680048000000,2023-03-29,Bridged Token Value (Dollar),,669646.2010401563,,,,,,,4826146.907602036,,,,,,,
1680134400000,2023-03-30,Bridged Token Value (Dollar),,692550.3340208328,,,,,,,4861400.128603089,,,,,,,
1680220800000,2023-03-31,Bridged Token Value (Dollar),,682228.0460192494,,,,,,,4943407.29997292,,,,,,,
1680307200000,2023-04-01,Bridged Token Value (Dollar),,714904.4745978176,,,,,,,4943407.29997292,,,,,,,
1680393600000,2023-04-02,Bridged Token Value (Dollar),,714904.4745978176,,,,,,,4943407.29997292,,,,,,,
1680480000000,2023-04-03,Bridged Token Value (Dollar),,714904.4745978176,,,,,,,4943106.485544402,,,,,,,
1680566400000,2023-04-04,Bridged Token Value (Dollar),,677915.3498423931,,,,,,,4923655.240462771,,,,,,,
1680652800000,2023-04-05,Bridged Token Value (Dollar),,667968.5257258083,,,,,,,4890951.646297429,,,,,,,
1680739200000,2023-04-06,Bridged Token Value (Dollar),,651020.1865962342,,,,,,,4920254.522047373,,,,,,,
1680825600000,2023-04-07,Bridged Token Value (Dollar),,657602.0181893758,,,,,,,4920254.522047373,,,,,,,
1680912000000,2023-04-08,Bridged Token Value (Dollar),,657602.0181893758,,,,,,,4920254.522047373,,,,,,,
1680998400000,2023-04-09,Bridged Token Value (Dollar),,657602.0181893758,,,,,,,4920254.522047373,,,,,,,
1681084800000,2023-04-10,Bridged Token Value (Dollar),,657602.0181893758,,,,,,,4919504.218730167,,,,,,,
1681171200000,2023-04-11,Bridged Token Value (Dollar),,701457.0781913551,,,,,,,4900951.860228326,,,,,,,
1681257600000,2023-04-12,Bridged Token Value (Dollar),,740949.0838112675,,,,,,,4870048.866347663,,,,,,,
1681344000000,2023-04-13,Bridged Token Value (Dollar),,717968.3127990697,,,,,,,4955406.681193194,,,,,,,
1681430400000,2023-04-14,Bridged Token Value (Dollar),,730344.2580539733,,,,,,,4946105.874861551,,,,,,,
1681516800000,2023-04-15,Bridged Token Value (Dollar),,739114.8852153467,,,,,,,4946105.874861551,,,,,,,
1681603200000,2023-04-16,Bridged Token Value (Dollar),,739114.8852153467,,,,,,,4946105.874861551,,,,,,,
1681689600000,2023-04-17,Bridged Token Value (Dollar),,737925.7290298637,,,,,,,4953556.097166404,,,,,,,
1681776000000,2023-04-18,Bridged Token Value (Dollar),,717867.3000420615,,,,,,,4953455.856089426,,,,,,,
1681862400000,2023-04-19,Bridged Token Value (Dollar),,713213.093144469,,,,,,,4947005.126231678,,,,,,,
1681948800000,2023-04-20,Bridged Token Value (Dollar),,686461.923869164,,,,,,,4907201.378351448,,,,,,,
1682035200000,2023-04-21,Bridged Token Value (Dollar),,648933.2741885841,,,,,,,4915902.288580144,,,,,,,
1682121600000,2023-04-22,Bridged Token Value (Dollar),,634983.5446816933,,,,,,,4915902.288580144,,,,,,,
1682208000000,2023-04-23,Bridged Token Value (Dollar),,634983.5446816933,,,,,,,4915902.288580144,,,,,,,
1682294400000,2023-04-24,Bridged Token Value (Dollar),,634983.5446816933,,,,,,,4910101.438567457,,,,,,,
1682380800000,2023-04-25,Bridged Token Value (Dollar),,1108679.4278120592,,,,,,,4815292.957361525,,,,,,,
1682467200000,2023-04-26,Bridged Token Value (Dollar),,1107156.341786872,,,,,,,4818794.281644236,,,,,,,
1682553600000,2023-04-27,Bridged Token Value (Dollar),,1088874.5101937302,,,,,,,4930804.283548769,,,,,,,
1682640000000,2023-04-28,Bridged Token Value (Dollar),,1102864.618478858,,,,,,,4963856.760735486,,,,,,,
1682726400000,2023-04-29,Bridged Token Value (Dollar),,1104462.3370853849,,,,,,,4963856.760735486,,,,,,,
1682812800000,2023-04-30,Bridged Token Value (Dollar),,1104462.3370853849,,,,,,,4963856.760735486,,,,,,,
1682899200000,2023-05-01,Bridged Token Value (Dollar),,1104462.3370853849,,,,,,,4960506.390852535,,,,,,,
1682985600000,2023-05-02,Bridged Token Value (Dollar),,1069722.76781008,,,,,,,4904151.914094601,,,,,,,
1683072000000,2023-05-03,Bridged Token Value (Dollar),,1075172.5290298637,,,,,,,4875099.686635895,,,,,,,
1683158400000,2023-05-04,Bridged Token Value (Dollar),,1044313.3492634287,,,,,,,4849447.903999834,,,,,,,
1683244800000,2023-05-05,Bridged Token Value (Dollar),,1076078.760383502,,,,,,,4941655.589059353,,,,,,,
1683331200000,2023-05-06,Bridged Token Value (Dollar),,1143498.0006809016,,,,,,,4941655.589059353,,,,,,,
1683417600000,2023-05-07,Bridged Token Value (Dollar),,1143498.0006809016,,,,,,,4941655.589059353,,,,,,,
1683504000000,2023-05-08,Bridged Token Value (Dollar),,1143498.0006809016,,,,,,,4948656.504870685,,,,,,,
1683590400000,2023-05-09,Bridged Token Value (Dollar),,1144674.5614914517,,,,27120.170000000002,,,4924304.117134411,,,,,,,
1683676800000,2023-05-10,Bridged Token Value (Dollar),,1158844.424218522,,,,27229.58,,,4966958.579871622,,,,,,,
1683763200000,2023-05-11,Bridged Token Value (Dollar),,1184824.8067100476,,,,27504.34,,,4973059.6971273245,,,,,,,
1683849600000,2023-05-12,Bridged Token Value (Dollar),,1162152.621782913,,,,27103.559999999998,,,4960358.461585502,,,,,,,
1683936000000,2023-05-13,Bridged Token Value (Dollar),,1134580.8067100476,,,,27103.559999999998,,,4960358.461585502,,,,,,,
1684022400000,2023-05-14,Bridged Token Value (Dollar),,1134580.8067100479,,,,27103.559999999998,,,4960358.461585502,,,,,,,
1684108800000,2023-05-15,Bridged Token Value (Dollar),,1478260.8067100476,,,,26941.57,,,4983560.930666177,,,,,,,
1684195200000,2023-05-16,Bridged Token Value (Dollar),,1513910.204274439,,,,26953.98,,,4971660.907963468,,,,,,,
1684281600000,2023-05-17,Bridged Token Value (Dollar),,1999203.8190578222,,,,27543.120000000003,,,5038313.165759144,,,,,,,
1684368000000,2023-05-18,Bridged Token Value (Dollar),,2032975.151868768,,,,27967.27,,,5109922.0615710765,,,,,,,
1684454400000,2023-05-19,Bridged Token Value (Dollar),,2026140.2607537217,,,,28213.98,,,5101519.9484236855,,,,,,,
1684540800000,2023-05-20,Bridged Token Value (Dollar),,1988483.6781227249,,,,28213.98,,,5101519.9484236855,,,,,,,
1684627200000,2023-05-21,Bridged Token Value (Dollar),,1988483.6781227249,,,,28213.98,,,5101519.9484236855,,,,,,,
1684713600000,2023-05-22,Bridged Token Value (Dollar),,1988483.6781227249,,,,28768.71,,,5116434.344002597,,,,,,,
1684800000000,2023-05-23,Bridged Token Value (Dollar),,2051342.4228643712,,,,28315.370000000003,,,5056127.195604674,,,,,,,
1684886400000,2023-05-24,Bridged Token Value (Dollar),,2006415.3493576127,,,,28129.940000000002,,,5025351.027984563,,,,,,,
1684972800000,2023-05-25,Bridged Token Value (Dollar),,2500170.920336002,,,,28343.45,,,5108862.287808193,,,,,,,
1685059200000,2023-05-26,Bridged Token Value (Dollar),,2514845.7449603905,,,,29188.39,,,5209645.003973783,,,,,,,
1685145600000,2023-05-27,Bridged Token Value (Dollar),,2529993.175227879,,,,29188.39,,,5209645.003973783,,,,,,,
1685232000000,2023-05-28,Bridged Token Value (Dollar),,2529993.175227879,,,,29188.39,,,5209645.003973783,,,,,,,
1685318400000,2023-05-29,Bridged Token Value (Dollar),,2529993.175227879,,,,29188.39,,,5209645.003973783,,,,,,,
1685404800000,2023-05-30,Bridged Token Value (Dollar),,2879417.1752278795,,,,29932.480000000003,,,5222874.091634935,,,,,,,
1685491200000,2023-05-31,Bridged Token Value (Dollar),,2933153.159691046,,,,30130.39,,,5194547.785683503,,,,,,,
1685577600000,2023-06-01,Bridged Token Value (Dollar),,2931185.8043227848,,,,30636.7,,,5252852.207988527,,,,,,,
1685664000000,2023-06-02,Bridged Token Value (Dollar),,2963779.899595769,,,,31181.51,,,5309175.898050731,,,,,,,
1685750400000,2023-06-03,Bridged Token Value (Dollar),,2993105.3521424797,,,,31181.51,,,5309175.898050731,,,,,,,
1685836800000,2023-06-04,Bridged Token Value (Dollar),,3150132.8521424797,,,,31181.51,,,5309175.898050731,,,,,,,
1685923200000,2023-06-05,Bridged Token Value (Dollar),,3150132.8521424797,,,,31329.410000000003,,,5306053.635762679,,,,,,,
1686009600000,2023-06-06,Bridged Token Value (Dollar),,3079375.5590864127,,,,31567.690000000002,,,5317268.863951867,,,,,,,
1686096000000,2023-06-07,Bridged Token Value (Dollar),,2979726.728159337,,,,31686.129999999997,,,5257139.057742123,,,,,,,
1686182400000,2023-06-08,Bridged Token Value (Dollar),,3013628.4463711297,,,,32673.800000000003,,,5307397.464678778,,,,,,,
1686268800000,2023-06-09,Bridged Token Value (Dollar),,3044071.1063931114,,,,33403.76,,,5322448.896478638,,,,,,,
1686355200000,2023-06-10,Bridged Token Value (Dollar),,3014772.3805777985,,,,33403.76,,,5322448.896478638,,,,,,,
1686441600000,2023-06-11,Bridged Token Value (Dollar),,3014772.3805777985,,,,33403.76,,,5322448.896478638,,,,,,,
1686528000000,2023-06-12,Bridged Token Value (Dollar),,3014772.3805777985,,,,34043.53,,,5398856.442825723,,,,,,,
1686614400000,2023-06-13,Bridged Token Value (Dollar),,2999182.2314205877,,,,34650.49,,,5438985.488797707,,,,,,,
1686700800000,2023-06-14,Bridged Token Value (Dollar),,3044757.6293135784,,,,34565.37,,,5460137.644226645,,,,,,,
1686787200000,2023-06-15,Bridged Token Value (Dollar),,3065007.9242018154,,,,36800.509999999995,,,5527187.171902154,,,,,,,
1686873600000,2023-06-16,Bridged Token Value (Dollar),,3102271.289848556,,,,38293.06,,,5499025.0092628505,,,,,,,
1686960000000,2023-06-17,Bridged Token Value (Dollar),,3119716.5095077716,,,,38293.060000000005,,,5499025.0092628505,,,,,,,
1687046400000,2023-06-18,Bridged Token Value (Dollar),,3119716.5095077716,,,,38293.060000000005,,,5499025.0092628505,,,,,,,
1687132800000,2023-06-19,Bridged Token Value (Dollar),,3119716.509507772,,,,40516.66,,,5499025.0092628505,,,,,,,
1687219200000,2023-06-20,Bridged Token Value (Dollar),,3119716.5095077716,,,,43940.34,,,5484509.8233883865,,,,,,,
1687305600000,2023-06-21,Bridged Token Value (Dollar),,3121447.805715183,,,,49823.01999999999,,,5426936.054019846,,,,,,,
1687392000000,2023-06-22,Bridged Token Value (Dollar),,3123893.575575943,,,,57211.840000000004,,,5469283.404357694,,,,,,,
1687478400000,2023-06-23,Bridged Token Value (Dollar),,3113114.694319074,,,,57982.600000000006,,,5421729.3772516735,,,,,,,
1687564800000,2023-06-24,Bridged Token Value (Dollar),,3146152.056319816,,,,57982.600000000006,,,5421729.3772516735,,,,,,,
1687651200000,2023-06-25,Bridged Token Value (Dollar),,3146152.056319816,,,,57982.6,,,5421729.3772516735,,,,,,,
1687737600000,2023-06-26,Bridged Token Value (Dollar),,3146152.056319816,,,,56840.05000000001,,,5356727.832688376,,,,,,,
1687824000000,2023-06-27,Bridged Token Value (Dollar),,3152564.774275111,,,,60596.32,,,5431255.235879006,,,,,,,
1687910400000,2023-06-28,Bridged Token Value (Dollar),,3273234.379771621,,,,61427.049999999996,,,5437305.419631885,,,,,,,
1687996800000,2023-06-29,Bridged Token Value (Dollar),,3296101.6030951766,,,,62141.53000000001,,,5445206.353214118,,,,,,,
1688083200000,2023-06-30,Bridged Token Value (Dollar),,3310261.1131904535,,,,62551.909999999996,,,5520683.869200987,,,,,,,
1688169600000,2023-07-01,Bridged Token Value (Dollar),,3339310.008060349,,,,62551.909999999996,,,5520683.869200987,,,,,,,
1688256000000,2023-07-02,Bridged Token Value (Dollar),,3339310.008060349,,,,62551.909999999996,,,5520683.869200987,,,,,,,
1688342400000,2023-07-03,Bridged Token Value (Dollar),,3339310.008060349,,,,66707.51999999999,,,5532978.229953472,,,,,,,
1688428800000,2023-07-04,Bridged Token Value (Dollar),,3451203.587613297,,,,66707.52,,,5532978.229953472,,,,,,,
1688515200000,2023-07-05,Bridged Token Value (Dollar),,3451203.587613297,,,,66236.84999999999,,,5532877.903876804,,,,,,,
1688601600000,2023-07-06,Bridged Token Value (Dollar),,3436521.389445467,,,,65744.95,,,5486279.670723084,,,,,,,
1688688000000,2023-07-07,Bridged Token Value (Dollar),,3401284.2990277475,,,,65712.87999999999,,,5471401.174980486,,,,,,,
1688774400000,2023-07-08,Bridged Token Value (Dollar),,3422492.8728093463,,,,65712.87999999999,,,5471401.174980486,,,,,,,
1688860800000,2023-07-09,Bridged Token Value (Dollar),,3422492.8728093463,,,,65712.87999999999,,,5471401.174980486,,,,,,,
1688947200000,2023-07-10,Bridged Token Value (Dollar),,3422492.8728093463,,,,66083.51000000001,,,5486861.713771819,,,,,,,
1689033600000,2023-07-11,Bridged Token Value (Dollar),,3449767.165865413,,,,68850.19000000002,,,5525421.347210473,,,,,,,
1689120000000,2023-07-12,Bridged Token Value (Dollar),,3555949.545418361,,,,68068.46000000002,,,5578071.038168209,,,,,,,
1689206400000,2023-07-13,Bridged Token Value (Dollar),,3531996.1902333032,,,,76010.1,,,5625886.102443324,,,,,,,
1689292800000,2023-07-14,Bridged Token Value (Dollar),,3837165.2609918066,,,,75670.62999999999,,,5645772.006713482,,,,,,,
1689379200000,2023-07-15,Bridged Token Value (Dollar),,3800819.615389029,,,,75670.62999999999,,,5645772.006713482,,,,,,,
1689465600000,2023-07-16,Bridged Token Value (Dollar),,3800819.6153890286,,,,75670.62999999999,,,5645772.006713482,,,,,,,
1689552000000,2023-07-17,Bridged Token Value (Dollar),,3800819.6153890286,,,,76714.01999999999,,,5683641.669579439,,,,,,,
1689638400000,2023-07-18,Bridged Token Value (Dollar),,3823338.1482765237,,,,76593.85,,,5726075.9469299875,,,,,,,
1689724800000,2023-07-19,Bridged Token Value (Dollar),,3818108.080907521,,,,78503.67000000001,,,5736184.128027616,,,,,,,
1689811200000,2023-07-20,Bridged Token Value (Dollar),,3907079.230834225,,,,73091.76,,,5653236.96210663,,,,,,,
1689897600000,2023-07-21,Bridged Token Value (Dollar),,3766873.653388287,,,,72612.45000000001,,,5654737.4650483895,,,,,,,
1689984000000,2023-07-22,Bridged Token Value (Dollar),,3762202.846572603,,,,72612.45,,,5654737.4650483895,,,,,,,
1690070400000,2023-07-23,Bridged Token Value (Dollar),,3762202.846572603,,,,72612.45,,,5654737.4650483895,,,,,,,
1690156800000,2023-07-24,Bridged Token Value (Dollar),,3762202.846572603,,,,72649.05,,,5676069.760867784,,,,,,,
1690243200000,2023-07-25,Bridged Token Value (Dollar),,3757960.3068510825,,,,72062.82999999999,,,5700429.900100661,,,,,,,
1690329600000,2023-07-26,Bridged Token Value (Dollar),,3756350.837906407,,,,72791.28000000001,,,5694770.392608281,,,,,,,
1690416000000,2023-07-27,Bridged Token Value (Dollar),,3972107.4274263834,,,,69558.3,,,5676202.156532232,,,,,,,
1690502400000,2023-07-28,Bridged Token Value (Dollar),,3855788.636605575,,,,71354.44,,,5758907.494817541,,,,,,,
1690588800000,2023-07-29,Bridged Token Value (Dollar),,3896004.7162867724,,,,71354.44000000002,,,5758907.494817541,,,,,,,
1690675200000,2023-07-30,Bridged Token Value (Dollar),,3896004.7162867724,,,,71354.44000000002,,,5758907.494817541,,,,,,,
1690761600000,2023-07-31,Bridged Token Value (Dollar),,3896004.7162867724,,,,72819.78,,,5766577.565622718,,,,,,,
1690848000000,2023-08-01,Bridged Token Value (Dollar),,3951024.7136667664,,,,70718.65999999999,,,5755948.751070527,,,,,,,
1690934400000,2023-08-02,Bridged Token Value (Dollar),,3884005.835029903,,,,68565.91000000002,,,5649835.964793103,,,,,,,
1691020800000,2023-08-03,Bridged Token Value (Dollar),,3796392.1839306154,,,,68929.98000000001,,,5638756.467165589,,,,,,,
1691107200000,2023-08-04,Bridged Token Value (Dollar),,3808988.732812986,,,,66530.45000000001,,,5619885.777255157,,,,,,,
1691193600000,2023-08-05,Bridged Token Value (Dollar),,3737221.8853780385,,,,66530.45000000001,,,5619885.777255157,,,,,,,
1691280000000,2023-08-06,Bridged Token Value (Dollar),,3737221.8853780385,,,,66530.45000000001,,,5619885.777255157,,,,,,,
1691366400000,2023-08-07,Bridged Token Value (Dollar),,3737221.885378038,,,,65618.34999999999,,,5646159.163189057,,,,,,,
1691452800000,2023-08-08,Bridged Token Value (Dollar),,3733645.1763270954,,,,66303.51000000001,,,5638149.419106636,,,,,,,
1691539200000,2023-08-09,Bridged Token Value (Dollar),,3767508.5986063173,,,,64300.42,,,5578133.815922951,,,,,,,
1691625600000,2023-08-10,Bridged Token Value (Dollar),,3703603.394154141,,,,64182.32,,,5586055.833584473,,,,,,,
1691712000000,2023-08-11,Bridged Token Value (Dollar),,3688904.217221199,,,,63128.62,,,5564596.061577976,,,,,,,
1691798400000,2023-08-12,Bridged Token Value (Dollar),,3637333.801501163,,,,63128.62,,,5564596.061577976,,,,,,,
1691884800000,2023-08-13,Bridged Token Value (Dollar),,3637333.801501163,,,,63128.62,,,5564596.061577976,,,,,,,
1691971200000,2023-08-14,Bridged Token Value (Dollar),,3637333.8015011633,,,,63033.780000000006,,,5617041.025631912,,,,,,,
1692057600000,2023-08-15,Bridged Token Value (Dollar),,3630748.4450152726,,,,61767.770000000004,,,5556025.762390116,,,,,,,
1692144000000,2023-08-16,Bridged Token Value (Dollar),,3607527.4971772362,,,,61060.049999999996,,,5502124.536120299,,,,,,,
1692230400000,2023-08-17,Bridged Token Value (Dollar),,3581526.289848556,,,,59125.56999999999,,,5457063.992637733,,,,,,,
1692316800000,2023-08-18,Bridged Token Value (Dollar),,3497430.783179463,,,,58046.52,,,5451671.699287774,,,,,,,
1692403200000,2023-08-19,Bridged Token Value (Dollar),,3474985.11764263,,,,58046.520000000004,,,5451671.699287774,,,,,,,
1692489600000,2023-08-20,Bridged Token Value (Dollar),,3474985.1176426294,,,,58046.52,,,5451671.699287774,,,,,,,
1692576000000,2023-08-21,Bridged Token Value (Dollar),,3474985.11764263,,,,60110.759999999995,,,5521373.690638682,,,,,,,
1692662400000,2023-08-22,Bridged Token Value (Dollar),,3504368.5902516446,,,,60215.600000000006,,,5505225.631210033,,,,,,,
1692748800000,2023-08-23,Bridged Token Value (Dollar),,3514594.2059716806,,,,61874.62,,,5581099.692267867,,,,,,,
1692835200000,2023-08-24,Bridged Token Value (Dollar),,3563510.788144635,,,,59489.619999999995,,,5484514.530176894,,,,,,,
1692921600000,2023-08-25,Bridged Token Value (Dollar),,3493574.0819885377,,,,60516.08,,,5526539.10229964,,,,,,,
1693008000000,2023-08-26,Bridged Token Value (Dollar),,3503602.475172854,,,,60516.079999999994,,,5526539.10229964,,,,,,,
1693094400000,2023-08-27,Bridged Token Value (Dollar),,3503602.475172854,,,,60516.079999999994,,,5526539.10229964,,,,,,,
1693180800000,2023-08-28,Bridged Token Value (Dollar),,3503138.4708742863,,,,60494.44,,,5565604.822585108,,,,,,,
1693267200000,2023-08-29,Bridged Token Value (Dollar),,3520176.1194274854,,,,66092.09,,,5667856.916284059,,,,,,,
1693353600000,2023-08-30,Bridged Token Value (Dollar),,3702905.648021134,,,,66068.26999999999,,,5693733.62024897,,,,,,,
1693440000000,2023-08-31,Bridged Token Value (Dollar),,3714265.5339706205,,,,64690.58,,,5703781.747277535,,,,,,,
1693526400000,2023-09-01,Bridged Token Value (Dollar),,3634361.0923247,,,,63313.520000000004,,,5708493.965641204,,,,,,,
1693612800000,2023-09-02,Bridged Token Value (Dollar),,3624233.8652893314,,,,63313.520000000004,,,5708493.965641204,,,,,,,
1693699200000,2023-09-03,Bridged Token Value (Dollar),,3624233.8652893314,,,,63313.520000000004,,,5708493.965641204,,,,,,,
1693785600000,2023-09-04,Bridged Token Value (Dollar),,3624233.8652893314,,,,63313.520000000004,,,5708493.965641204,,,,,,,
1693872000000,2023-09-05,Bridged Token Value (Dollar),,3624233.8652893305,,,,63995.62999999999,,,5703829.512874047,,,,,,,
1693958400000,2023-09-06,Bridged Token Value (Dollar),,3600614.671468032,,,,63253.28999999999,,,5658942.400828567,,,,,,,
1694044800000,2023-09-07,Bridged Token Value (Dollar),,3598249.9489182523,,,,64078.94,,,5637978.42039738,,,,,,,
1694131200000,2023-09-08,Bridged Token Value (Dollar),,3654008.872398858,,,,64018.17,,,5643445.188870518,,,,,,,
1694217600000,2023-09-09,Bridged Token Value (Dollar),,3642847.99335665,,,,64018.17,,,5643445.188870518,,,,,,,
1694304000000,2023-09-10,Bridged Token Value (Dollar),,3642847.9933566507,,,,64018.17,,,5643445.188870518,,,,,,,
1694390400000,2023-09-11,Bridged Token Value (Dollar),,3642847.99335665,,,,65434,,,5698187.18015283,,,,,,,
1694476800000,2023-09-12,Bridged Token Value (Dollar),,3637990.549781662,,,,64968.42999999999,,,5637802.863462952,,,,,,,
1694563200000,2023-09-13,Bridged Token Value (Dollar),,3644315.78458772,,,,64559.89,,,5657513.7586772,,,,,,,
1694649600000,2023-09-14,Bridged Token Value (Dollar),,3628946.1802032543,,,,66296.79,,,5703254.180087958,,,,,,,
1694736000000,2023-09-15,Bridged Token Value (Dollar),,3704932.4644259214,,,,65616.07,,,5619196.59838067,,,,,,,
1694822400000,2023-09-16,Bridged Token Value (Dollar),,3653940.668081809,,,,65616.07,,,5619196.59838067,,,,,,,
1694908800000,2023-09-17,Bridged Token Value (Dollar),,3653940.668081809,,,,65616.07,,,5619196.59838067,,,,,,,
1694995200000,2023-09-18,Bridged Token Value (Dollar),,3653940.668081809,,,,65019.6,,,5620450.4784383755,,,,,,,
1695081600000,2023-09-19,Bridged Token Value (Dollar),,3639298.26290135,,,,63951.49,,,5609968.259535411,,,,,,,
1695168000000,2023-09-20,Bridged Token Value (Dollar),,3578638.294253768,,,,62801.32000000001,,,5543815.5858991165,,,,,,,
1695254400000,2023-09-21,Bridged Token Value (Dollar),,3545169.3612756543,,,,61345.34,,,5441530.236111562,,,,,,,
1695340800000,2023-09-22,Bridged Token Value (Dollar),,3466060.0110967592,,,,59416.13999999999,,,5434860.185380232,,,,,,,
1695427200000,2023-09-23,Bridged Token Value (Dollar),,3423122.846698811,,,,59416.14,,,5434860.185380232,,,,,,,
1695513600000,2023-09-24,Bridged Token Value (Dollar),,3423122.8466988113,,,,59416.139999999985,,,5434860.185380232,,,,,,,
1695600000000,2023-09-25,Bridged Token Value (Dollar),,3423122.8466988113,,,,59972.23000000001,,,5449756.740434257,,,,,,,
1695686400000,2023-09-26,Bridged Token Value (Dollar),,3435269.1040883567,,,,58948.57000000001,,,5368005.948912898,,,,,,,
1695772800000,2023-09-27,Bridged Token Value (Dollar),,3389538.6825031107,,,,58913,,,5375304.557196831,,,,,,,
1695859200000,2023-09-28,Bridged Token Value (Dollar),,3400878.012958411,,,,60667.36999999999,,,5416782.425748551,,,,,,,
1695945600000,2023-09-29,Bridged Token Value (Dollar),,3472152.292864029,,,,60974.64,,,5411642.151856631,,,,,,,
1696032000000,2023-09-30,Bridged Token Value (Dollar),,3447601.598213028,,,,60974.63999999999,,,5411642.151856631,,,,,,,
1696118400000,2023-10-01,Bridged Token Value (Dollar),,3447601.5982130277,,,,60974.64,,,5411642.151856631,,,,,,,
1696204800000,2023-10-02,Bridged Token Value (Dollar),,3447601.5982130277,,,,61392.87,,,5435065.756190944,,,,,,,
1696291200000,2023-10-03,Bridged Token Value (Dollar),,3454583.648627879,,,,59874.439999999995,,,5347445.617670137,,,,,,,
1696377600000,2023-10-04,Bridged Token Value (Dollar),,3384417.1409583143,,,,61423.41,,,5410264.957113121,,,,,,,
1696464000000,2023-10-05,Bridged Token Value (Dollar),,3426032.266894317,,,,61866.350000000006,,,5403591.826457874,,,,,,,
1696550400000,2023-10-06,Bridged Token Value (Dollar),,3437434.1956227985,,,,63513.15999999999,,,5484842.3882480785,,,,,,,
1696636800000,2023-10-07,Bridged Token Value (Dollar),,3535524.8562637353,,,,63513.15999999999,,,5484842.3882480785,,,,,,,
1696723200000,2023-10-08,Bridged Token Value (Dollar),,3535524.856263735,,,,63513.15999999999,,,5484842.3882480785,,,,,,,
1696809600000,2023-10-09,Bridged Token Value (Dollar),,3535524.856263735,,,,63800.53,,,5514482.986970265,,,,,,,
1696896000000,2023-10-10,Bridged Token Value (Dollar),,3518327.130327732,,,,64224.41,,,5542042.304290683,,,,,,,
1696982400000,2023-10-11,Bridged Token Value (Dollar),,3558414.6701457086,,,,63521.14,,,5579207.6408986775,,,,,,,
1697068800000,2023-10-12,Bridged Token Value (Dollar),,3535540.117039504,,,,62527.04,,,5551472.86918957,,,,,,,
1697155200000,2023-10-13,Bridged Token Value (Dollar),,3481963.4145503985,,,,61154.26,,,5497780.6641414445,,,,,,,
1697241600000,2023-10-14,Bridged Token Value (Dollar),,3462515.8866853276,,,,61154.26,,,5497780.6641414445,,,,,,,
1697328000000,2023-10-15,Bridged Token Value (Dollar),,3462515.8866853276,,,,61154.26000000001,,,5497780.6641414445,,,,,,,
1697414400000,2023-10-16,Bridged Token Value (Dollar),,3462515.8866853276,,,,61999.84999999999,,,5559396.1844757395,,,,,,,
1697500800000,2023-10-17,Bridged Token Value (Dollar),,3497501.817073212,,,,62702.68,,,5549414.6200386565,,,,,,,
1697587200000,2023-10-18,Bridged Token Value (Dollar),,3547121.7439400414,,,,60427.95,,,5465178.209319266,,,,,,,
1697673600000,2023-10-19,Bridged Token Value (Dollar),,3446185.5059500085,,,,58477.009999999995,,,5417455.27364875,,,,,,,
1697760000000,2023-10-20,Bridged Token Value (Dollar),,3435208.373767888,,,,58194.13,,,5338107.965084195,,,,,,,
1697846400000,2023-10-21,Bridged Token Value (Dollar),,3430596.0278386264,,,,58194.130000000005,,,5338107.965084195,,,,,,,
1697932800000,2023-10-22,Bridged Token Value (Dollar),,3430596.0278386264,,,,58194.13,,,5338107.965084195,,,,,,,
1698019200000,2023-10-23,Bridged Token Value (Dollar),,3430596.027838627,,,,59141.59999999999,,,5342505.772662375,,,,,,,
1698105600000,2023-10-24,Bridged Token Value (Dollar),,3448927.374037552,,,,61273.99,,,5386739.954700992,,,,,,,
1698192000000,2023-10-25,Bridged Token Value (Dollar),,3535509.2585437493,,,,59243.740000000005,,,5261667.109522834,,,,,,,
1698278400000,2023-10-26,Bridged Token Value (Dollar),,3451214.267278583,,,,57233.76,,,5183421.513924615,,,,,,,
1698364800000,2023-10-27,Bridged Token Value (Dollar),,3386674.021502347,,,,56141.95,,,5182844.401706436,,,,,,,
1698451200000,2023-10-28,Bridged Token Value (Dollar),,3285558.669816766,,,,56141.950000000004,,,5182844.401706436,,,,,,,
1698537600000,2023-10-29,Bridged Token Value (Dollar),,3285558.669816766,,,,56141.950000000004,,,5182844.401706436,,,,,,,
1698624000000,2023-10-30,Bridged Token Value (Dollar),,3285558.669816766,,,,56613.45999999999,,,5242903.871445931,,,,,,,
1698710400000,2023-10-31,Bridged Token Value (Dollar),,3340775.63127301,,,,64920.079999999994,,,5278662.975546251,,,,,,,
1698796800000,2023-11-01,Bridged Token Value (Dollar),,3380094.712907442,,,,65856.51,,,5350489.375607327,,,,,,,
1698883200000,2023-11-02,Bridged Token Value (Dollar),,3399606.1729540545,,,,69968.01999999999,,,5448398.545546707,,,,,,,
1698969600000,2023-11-03,Bridged Token Value (Dollar),,3571559.3122244375,,,,70447.73999999999,,,5508771.13904339,,,,,,,
1699056000000,2023-11-04,Bridged Token Value (Dollar),,3595675.618056053,,,,70447.74,,,5508771.13904339,,,,,,,
1699142400000,2023-11-05,Bridged Token Value (Dollar),,3595675.6180560533,,,,70447.74,,,5508771.13904339,,,,,,,
1699228800000,2023-11-06,Bridged Token Value (Dollar),,3595675.618056053,,,,85869.68,,,5522203.097014107,,,,,,,
1699315200000,2023-11-07,Bridged Token Value (Dollar),,3611698.8025731407,,,,87889.5,,,5559923.042976415,,,,,,,
1699401600000,2023-11-08,Bridged Token Value (Dollar),,3671460.742050696,,,,87717.28000000001,,,5569077.3078341475,,,,,,,
1699488000000,2023-11-09,Bridged Token Value (Dollar),,3657434.789048234,,,,89015.94,,,5524423.247684962,,,,,,,
1699574400000,2023-11-10,Bridged Token Value (Dollar),,3692180.4264658955,,,,90409.54,,,5628011.674701346,,,,,,,
1699660800000,2023-11-11,Bridged Token Value (Dollar),,3728148.3504483895,,,,90409.54000000001,,,5628011.674701346,,,,,,,
1699747200000,2023-11-12,Bridged Token Value (Dollar),,3728148.3504483895,,,,90409.54000000001,,,5628011.674701346,,,,,,,
1699833600000,2023-11-13,Bridged Token Value (Dollar),,3728148.3504483895,,,,90769.84,,,5620937.5243121125,,,,,,,41029.01429465703
1699920000000,2023-11-14,Bridged Token Value (Dollar),,3724291.3484761445,,,,91108.18000000001,,,5741641.947373659,,,,,,,41754.82648481718
1700006400000,2023-11-15,Bridged Token Value (Dollar),,3780383.1510834615,,,,94815.35,,,5749321.779202629,,,,,,,42268.56113539289
1700092800000,2023-11-16,Bridged Token Value (Dollar),,3860839.2923143944,,,,93145.31000000001,,,5753693.6468919385,,,,,,,42445.94130771268
1700179200000,2023-11-17,Bridged Token Value (Dollar),,3850804.3196332217,,,,93879.72,,,5759571.662428657,,,,,,,42395.8009399238
1700265600000,2023-11-18,Bridged Token Value (Dollar),,3883984.6724626874,,,,93879.72,,,5759571.662428657,,,,,,,42395.80093992379
1700352000000,2023-11-19,Bridged Token Value (Dollar),,3883984.6724626874,,,,93879.72,,,5759571.662428657,,,,,,,42395.80093992379
1700438400000,2023-11-20,Bridged Token Value (Dollar),,3883984.6724626874,,,,97602.57999999999,,,5815953.598670126,,,,,,,42913.35938709584
1700524800000,2023-11-21,Bridged Token Value (Dollar),,4004687.6960234614,,,,97188.14,,,5795399.095655716,,,,,,,42645.13681785642
1700611200000,2023-11-22,Bridged Token Value (Dollar),,3975712.4041474657,,,,98573.22,,,5825297.62156028,,,,,,,47161.72314117197
1700697600000,2023-11-23,Bridged Token Value (Dollar),,4054983.539062895,,,,98573.22,,,5825297.62156028,,,,,,,47161.72314117196
1700784000000,2023-11-24,Bridged Token Value (Dollar),,4054983.539062895,,,,105472.33000000002,,,5822431.087055501,,,,,,,148272.03545792773
1700870400000,2023-11-25,Bridged Token Value (Dollar),,4129321.9621297773,,,,105472.33000000002,,,5822431.087055501,,,,,,,148272.03545792773
1700956800000,2023-11-26,Bridged Token Value (Dollar),,4129321.9621297773,,,,105472.33000000002,,,5822431.087055501,,,,,,,148272.03545792773
1701043200000,2023-11-27,Bridged Token Value (Dollar),,4129321.9621297773,,,,106300.37999999999,,,5812583.266478545,,,,,,,152277.56717093685
1701129600000,2023-11-28,Bridged Token Value (Dollar),,4202950.450795499,,,,111086.01000000001,,,5825347.571209259,,,,,,,160214.38880481134
1701216000000,2023-11-29,Bridged Token Value (Dollar),,4311355.749660835,,,,110638.39,,,5826755.705257258,,,,,,,159686.19926730072
1701302400000,2023-11-30,Bridged Token Value (Dollar),,4305426.343484293,,,,108739.53000000001,,,5833231.522615034,,,,,,,157464.4834323949
1701388800000,2023-12-01,Bridged Token Value (Dollar),,4273583.149385853,,,,113477.73999999999,,,5858201.516525323,,,,,,,166089.3455275505
1701475200000,2023-12-02,Bridged Token Value (Dollar),,4417502.196567113,,,,113477.74,,,5858201.516525323,,,,,,,166089.34552755047
1701561600000,2023-12-03,Bridged Token Value (Dollar),,4417502.196567113,,,,113477.73999999999,,,5858201.516525323,,,,,,,166089.3455275505
1701648000000,2023-12-04,Bridged Token Value (Dollar),,4417502.196567113,,,,120785.46,,,5809704.965159314,,,,,,,172365.47062614062
1701734400000,2023-12-05,Bridged Token Value (Dollar),,4504405.654893996,,,,121588.28,,,5814230.331875784,,,,,,,172229.86664993316
1701820800000,2023-12-06,Bridged Token Value (Dollar),,4509125.904585576,,,,118814.68,,,5884537.701502012,,,,,,,166782.92890899235
1701907200000,2023-12-07,Bridged Token Value (Dollar),,4411975.183010262,,,,120052.23999999999,,,5837803.234287107,,,,,,,168703.33903054826
1701993600000,2023-12-08,Bridged Token Value (Dollar),,4444579.865770461,,,,125825.26,,,5864827.046862656,,,,,,,178801.29764852638
1702080000000,2023-12-09,Bridged Token Value (Dollar),,4619551.309839201,,,,125825.26,,,5864827.046862656,,,,,,,178801.29764852638
1702166400000,2023-12-10,Bridged Token Value (Dollar),,4619551.309839201,,,,125825.26000000001,,,5864827.046862656,,,,,,,178801.29764852632
1702252800000,2023-12-11,Bridged Token Value (Dollar),,4619551.309839201,,,,122986.41,,,5893670.203200139,,,,,,,170367.15442424547
1702339200000,2023-12-12,Bridged Token Value (Dollar),,4503159.292327532,,,,123718.82999999999,,,6125239.292703863,,,,,,,172264.8132086915
1702425600000,2023-12-13,Bridged Token Value (Dollar),,4523802.414364126,,,,130138.73,,,6205444.1390345115,,,,,,,182995.76868048785
1702512000000,2023-12-14,Bridged Token Value (Dollar),,4699812.991389935,,,,132463.7,,,6218635.820714103,,,,,,,186032.35811803536
1702598400000,2023-12-15,Bridged Token Value (Dollar),,4765686.9589114105,,,,129626.3,,,6235394.500293738,,,,,,,180772.77705287267
1702684800000,2023-12-16,Bridged Token Value (Dollar),,4697346.149294817,,,,129626.3,,,6235394.500293737,,,,,,,180772.77705287264
1702771200000,2023-12-17,Bridged Token Value (Dollar),,4697346.149294817,,,,129626.29999999999,,,6235394.500293737,,,,,,,180772.77705287273
1702857600000,2023-12-18,Bridged Token Value (Dollar),,4697346.149294817,,,,131885.06,,,6324836.624756901,,,,,,,200676.59427092926
1702944000000,2023-12-19,Bridged Token Value (Dollar),,4787110.02965909,,,,135892.64,,,6360209.940346884,,,,,,,208637.33963601934
1703030400000,2023-12-20,Bridged Token Value (Dollar),,4897326.398267141,,,,135187.02,,,6275355.530105717,,,,,,,208538.57287343935
1703116800000,2023-12-21,Bridged Token Value (Dollar),,4910011.595437476,,,,138925.85,,,6346845.749231945,,,,,,,215001.26402599146
1703203200000,2023-12-22,Bridged Token Value (Dollar),,4989287.659946371,,,,143396.96000000002,,,6327016.26694261,,,,,,,222271.73798731205
1703289600000,2023-12-23,Bridged Token Value (Dollar),,5101056.257230572,,,,143396.96000000002,,,6327016.26694261,,,,,,,222271.73798731208
1703376000000,2023-12-24,Bridged Token Value (Dollar),,5101056.2572305715,,,,143396.96,,,6327016.26694261,,,,,,,222271.73798731205
1703462400000,2023-12-25,Bridged Token Value (Dollar),,5101056.2572305715,,,,143396.96,,,6327016.26694261,,,,,,,222271.73798731205
1703548800000,2023-12-26,Bridged Token Value (Dollar),,5101056.2572305715,,,,141610.04,,,6357019.375349714,,,,,,,218932.40721279016
1703635200000,2023-12-27,Bridged Token Value (Dollar),,5052208.619200973,,,,150448.29,,,6368761.255426623,,,,,,,232321.63782447882
1703721600000,2023-12-28,Bridged Token Value (Dollar),,5253422.117631147,,,,150179.88,,,6368875.471012378,,,,,,,233471.09903988463
1703808000000,2023-12-29,Bridged Token Value (Dollar),,5290591.071780022,,,,142733.84,,,6342679.593708778,,,,,,,220728.06766855164
1703894400000,2023-12-30,Bridged Token Value (Dollar),,5089152.284067116,,,,142733.84,,,6342478.967086497,,,,,,,220728.06766855164
1703980800000,2023-12-31,Bridged Token Value (Dollar),,4867528.499234604,,,,142733.84,,,6342478.967086497,,,,,,,220728.06766855164
1704067200000,2024-01-01,Bridged Token Value (Dollar),,4867528.499234604,,,,142733.84,,,6342478.967086496,,,,,,,220728.0676685516
1704153600000,2024-01-02,Bridged Token Value (Dollar),,4652395.798549264,,,,136343.05999999997,,,6272438.146235616,,,,,,,206664.7244974151
1704240000000,2024-01-03,Bridged Token Value (Dollar),,4546234.070648247,,,,131247.88999999998,,,6215236.615720759,,,,,,,202899.7299309571
1704326400000,2024-01-04,Bridged Token Value (Dollar),,4576336.452924254,,,,133411.91,,,6191502.289840406,,,,,,,206093.10449691187
1704412800000,2024-01-05,Bridged Token Value (Dollar),,4549095.723722529,,,,131675.48,,,6203874.149015987,,,,,,,204594.27311303208
1704499200000,2024-01-06,Bridged Token Value (Dollar),,4538408.010242894,,,,131675.48,,,6203874.149015987,,,,,,,204594.27311303205
1704585600000,2024-01-07,Bridged Token Value (Dollar),,4538408.010242894,,,,131675.47999999998,,,6203874.149015987,,,,,,,204594.27311303208
1704672000000,2024-01-08,Bridged Token Value (Dollar),,4629922.2525611,,,,140001.22999999998,,,6371070.817517787,,,,,,,211632.9140178491
1704758400000,2024-01-09,Bridged Token Value (Dollar),,4559099.427600938,,,,135091.12,,,6371466.388619838,,,,,,,204009.6231311305
1704844800000,2024-01-10,Bridged Token Value (Dollar),,4544039.088585705,,,,134345.32,,,6467002.955555973,,,,,,,203677.3374463174
1704931200000,2024-01-11,Bridged Token Value (Dollar),,4423224.867970146,,,,127667.16999999998,,,6473309.171618821,,,,,,,193121.77041673556
1705017600000,2024-01-12,Bridged Token Value (Dollar),,4276750.398852047,,,,120022.59999999998,,,6480234.917276533,,,,,,,182345.95036175146
1705104000000,2024-01-13,Bridged Token Value (Dollar),,4254867.804516347,,,,120022.6,,,6480234.917276533,,,,,,,182345.95036175146
1705190400000,2024-01-14,Bridged Token Value (Dollar),,4254867.804516347,,,,120022.59999999999,,,6480234.917276533,,,,,,,182345.95036175146
1705276800000,2024-01-15,Bridged Token Value (Dollar),,4254867.804516347,,,,120022.59999999999,,,6480234.917276533,,,,,,,182345.95036175146
1705363200000,2024-01-16,Bridged Token Value (Dollar),,4283423.66429137,,,,121283.99000000002,,,6464546.079444099,,,,,,,185520.00960660464
1705449600000,2024-01-17,Bridged Token Value (Dollar),,4289563.3739856,,,,121413.74000000002,,,6427663.470472546,,,,,,,185269.0256666382
1705536000000,2024-01-18,Bridged Token Value (Dollar),,4189780.386300665,,,,116554.6,,,6529051.501518631,,,,,,,176522.98073012457
1705622400000,2024-01-19,Bridged Token Value (Dollar),,4197587.8874215055,,,,116893.59999999999,,,6634143.433915803,,,,,,,178072.81316968627
1705708800000,2024-01-20,Bridged Token Value (Dollar),,4206668.219933153,,,,116893.6,,,6634143.433915803,,,,,,,178072.8131696863
1705795200000,2024-01-21,Bridged Token Value (Dollar),,4206668.219933154,,,,116893.59999999999,,,6634143.433915803,,,,,,,178072.8131696863
1705881600000,2024-01-22,Bridged Token Value (Dollar),,4243096.614778349,,,,118115.08,,,6647503.400973288,,,,,,,182110.4880363006
1705968000000,2024-01-23,Bridged Token Value (Dollar),,4208825.829254539,,,,120941.37,,,6669205.178649374,,,,,,,178269.00567163568
1706054400000,2024-01-24,Bridged Token Value (Dollar),,4177651.9785567494,,,,119379.90999999999,,,6693653.692039741,,,,,,,175459.59698767704
1706140800000,2024-01-25,Bridged Token Value (Dollar),,4313377.709341166,,,,117082.45,,,6718612.529929675,,,,,,,174820.5213452858
1706227200000,2024-01-26,Bridged Token Value (Dollar),,4365357.599244187,,,,120548.45000000001,,,6703038.806343315,,,,,,,179057.44989935064
1706313600000,2024-01-27,Bridged Token Value (Dollar),,4382111.346246362,,,,120548.45,,,6703038.806343315,,,,,,,179057.4498993506
1706400000000,2024-01-28,Bridged Token Value (Dollar),,4382111.346246362,,,,120548.44999999998,,,6703038.806343315,,,,,,,179057.44989935064
1706486400000,2024-01-29,Bridged Token Value (Dollar),,4483072.1234118845,,,,125856.24,,,6769079.916195393,,,,,,,187063.36234412788
1706572800000,2024-01-30,Bridged Token Value (Dollar),,4500989.1010590205,,,,124801.99999999999,,,6751349.093541854,,,,,,,184785.24460777768
1706659200000,2024-01-31,Bridged Token Value (Dollar),,4434465.685890419,,,,121944.62,,,6618175.618290353,,,,,,,180823.56838221443
1706745600000,2024-02-01,Bridged Token Value (Dollar),,4446800.3932711845,,,,122817.91,,,6702001.459887742,,,,,,,187163.6491314702
1706832000000,2024-02-02,Bridged Token Value (Dollar),,4484618.809712567,,,,122661.56999999999,,,6821182.825877933,,,,,,,187966.16728498205
1706918400000,2024-02-03,Bridged Token Value (Dollar),,4494404.961453091,,,,122661.56999999999,,,6821182.825877933,,,,,,,187966.16728498208
1707004800000,2024-02-04,Bridged Token Value (Dollar),,4494404.961453091,,,,122661.57,,,6821182.825877933,,,,,,,187966.16728498208
1707091200000,2024-02-05,Bridged Token Value (Dollar),,4347209.955051372,,,,115845.93000000001,,,6804551.445145264,,,,,,,188394.41499889066
1707177600000,2024-02-06,Bridged Token Value (Dollar),,4322428.909274602,,,,117929.45999999999,,,6802863.896173211,,,,,,,191384.7542613281
1707264000000,2024-02-07,Bridged Token Value (Dollar),,4378137.307418954,,,,119768.82,,,6868883.620072994,,,,,,,196307.83650763935
1707350400000,2024-02-08,Bridged Token Value (Dollar),,4526574.501122451,,,,128440.82,,,6878799.68598497,,,,,,,202979.78604253943
1707436800000,2024-02-09,Bridged Token Value (Dollar),,4685317.0508644935,,,,136087.83,,,6941634.924525738,,,,,,,211005.1118788952
1707523200000,2024-02-10,Bridged Token Value (Dollar),,4721284.522827402,,,,136087.83,,,6941634.924525738,,,,,,,211005.1118788952
1707609600000,2024-02-11,Bridged Token Value (Dollar),,4721284.522827403,,,,136087.83,,,6941634.924525738,,,,,,,211005.1118788952
1707696000000,2024-02-12,Bridged Token Value (Dollar),,4773902.178750251,,,,141073.33,,,6921256.919164525,,,,,,,218670.5423811081
1707782400000,2024-02-13,Bridged Token Value (Dollar),,4680659.172373221,,,,135676.46000000002,,,6816215.673982452,,,,,,,213224.24019787108
1707868800000,2024-02-14,Bridged Token Value (Dollar),,4912899.82025104,,,,149594.5,,,6901901.908071189,,,,,,,232885.2924391073
1707955200000,2024-02-15,Bridged Token Value (Dollar),,5061610.369043564,,,,151142.39,,,6926664.383924378,,,,,,,238011.27223499367
1708041600000,2024-02-16,Bridged Token Value (Dollar),,5258611.829611938,,,,157485.4,,,6878175.6086828485,,,,,,,247176.3970186633
1708128000000,2024-02-17,Bridged Token Value (Dollar),,5308946.374649339,,,,157485.4,,,6878175.608682848,,,,,,,247176.39701866327
1708214400000,2024-02-18,Bridged Token Value (Dollar),,5308946.374649339,,,,157485.4,,,6878175.608682848,,,,,,,247176.3970186633
1708300800000,2024-02-19,Bridged Token Value (Dollar),,5308946.374649339,,,,157485.40000000002,,,6878175.6086828485,,,,,,,247176.39701866327
1708387200000,2024-02-20,Bridged Token Value (Dollar),,3030736.188754526,,,,153526.23,,,6823095.15023128,,,,,,,239995.86942660518
1708473600000,2024-02-21,Bridged Token Value (Dollar),,2918261.7996070622,,,,149206.75,,,6809814.898313359,,,,,,,232081.9810040603
1708560000000,2024-02-22,Bridged Token Value (Dollar),,2973880.72544514,,,,155747.62,,,6996624.447204529,,,,,,,241579.4495402236
1708646400000,2024-02-23,Bridged Token Value (Dollar),,2967138.622828762,,,,151450.96,,,7105412.046631732,,,,,,,238573.41826387463
1708732800000,2024-02-24,Bridged Token Value (Dollar),,2950214.413375578,,,,151450.96000000002,,,7105710.857204559,,,,,,,238573.41826387463
1708819200000,2024-02-25,Bridged Token Value (Dollar),,2950214.413375578,,,,151450.96,,,7105710.857204559,,,,,,,238573.41826387463
1708905600000,2024-02-26,Bridged Token Value (Dollar),,3180193.4147282843,,,,170677.6,,,7091811.944005742,,,,,,,255517.23698751582
1708992000000,2024-02-27,Bridged Token Value (Dollar),,3323810.758852359,,,,176655.96,,,7104160.958305174,,,,,,,258585.78862889824
1709078400000,2024-02-28,Bridged Token Value (Dollar),,3350731.5753179574,,,,181411.75,,,7081057.60269816,,,,,,,259760.81876014953
1709164800000,2024-02-29,Bridged Token Value (Dollar),,3380619.9608672047,,,,185262.52,,,7134924.546316955,,,,,,,269885.46725302556
1709251200000,2024-03-01,Bridged Token Value (Dollar),,3417172.024056074,,,,188769.59000000003,,,7226127.83579943,,,,,,,270973.85879509745
1709337600000,2024-03-02,Bridged Token Value (Dollar),,3424951.535865254,,,,188769.59,,,7226127.8357994305,,,,,,,270973.85879509745
1709424000000,2024-03-03,Bridged Token Value (Dollar),,3424951.5358652542,,,,188769.59000000003,,,7226127.83579943,,,,,,,270973.85879509745
1709510400000,2024-03-04,Bridged Token Value (Dollar),,3627073.3614279656,,,,209218.79,,,7210436.825371031,,,,,,,292091.7739953021
1709596800000,2024-03-05,Bridged Token Value (Dollar),,3590252.951145595,,,,189852.41,,,7139321.247759157,,,,,,,282220.90989225975
1709683200000,2024-03-06,Bridged Token Value (Dollar),,3736465.7991749286,,,,208440.43,,,7186118.212838337,,,,,,,304780.73499217565
1709769600000,2024-03-07,Bridged Token Value (Dollar),,3853461.5962558533,,,,239650.66,,,7284894.608571173,,,,,,,310871.9797318993
1709856000000,2024-03-08,Bridged Token Value (Dollar),,3986189.3495328636,,,,253084.74,,,7212156.090218278,,,,,,,324361.0322510617
1709942400000,2024-03-09,Bridged Token Value (Dollar),,4034521.0790638477,,,,253084.74,,,7212156.090218277,,,,,,,324361.0322510617
1710028800000,2024-03-10,Bridged Token Value (Dollar),,4034521.0790638477,,,,253084.74000000002,,,7212156.090218277,,,,,,,324361.03225106176
1710115200000,2024-03-11,Bridged Token Value (Dollar),,4010874.0156744146,,,,255422.69,,,7189060.153660734,,,,,,,321884.04020857025
1710201600000,2024-03-12,Bridged Token Value (Dollar),,4030159.1973286965,,,,262700.75,,,7295352.090252715,,,,,,,327565.364843315
1710288000000,2024-03-13,Bridged Token Value (Dollar),,3996557.5311209555,,,,268735.58,,,7264499.379380943,,,,,,,321093.47677386034
1710374400000,2024-03-14,Bridged Token Value (Dollar),,3828657.436867444,,,,254543.66,,,7239749.218824982,,,,,,,306890.1735911943
1710460800000,2024-03-15,Bridged Token Value (Dollar),,3833360.5052376213,,,,264410.31999999995,,,7173861.850833983,,,,,,,314697.02664896037
1710547200000,2024-03-16,Bridged Token Value (Dollar),,3863242.4022013308,,,,264410.32,,,7173861.850833983,,,,,,,314697.02664896037
1710633600000,2024-03-17,Bridged Token Value (Dollar),,3863242.4022013308,,,,264410.32,,,7173861.850833984,,,,,,,314697.0266489603
1710720000000,2024-03-18,Bridged Token Value (Dollar),,3844233.0025680047,,,,250564.00999999998,,,7233461.914008381,,,,,,,312667.0856764907
1710806400000,2024-03-19,Bridged Token Value (Dollar),,3754528.8915641424,,,,239891.15999999997,,,7262727.520230461,,,,,,,304407.4410506238
1710892800000,2024-03-20,Bridged Token Value (Dollar),,3956286.5966645936,,,,261071.64,,,7337531.3252706295,,,,,,,329968.6801673039
1710979200000,2024-03-21,Bridged Token Value (Dollar),,4102136.8743426558,,,,265617.81,,,7369959.850141007,,,,,,,330733.2158816555
1711065600000,2024-03-22,Bridged Token Value (Dollar),,4060202.8327814536,,,,259647.56,,,7361635.5495884055,,,,,,,332330.9044598035
1711152000000,2024-03-23,Bridged Token Value (Dollar),,4037710.1227587964,,,,259647.56,,,7361635.5495884055,,,,,,,332330.90445980354
1711238400000,2024-03-24,Bridged Token Value (Dollar),,4037710.1227587964,,,,259647.56,,,7361635.5495884055,,,,,,,332330.90445980354
1711324800000,2024-03-25,Bridged Token Value (Dollar),,4243637.62120858,,,,290944.95,,,7341305.641920596,,,,,,,355041.9400570159
1711411200000,2024-03-26,Bridged Token Value (Dollar),,4215070.054948357,,,,287649.54,,,7317727.107788828,,,,,,,341281.2945015971
1711497600000,2024-03-27,Bridged Token Value (Dollar),,4093610.667251779,,,,287240.78,,,7364698.8030652255,,,,,,,415245.6518031389
1711584000000,2024-03-28,Bridged Token Value (Dollar),,4131739.564528873,,,,287478.10000000003,,,7364437.514372041,,,,,,,422942.9185745666
1711670400000,2024-03-29,Bridged Token Value (Dollar),,4160836.174026613,,,,287478.10000000003,,,7364437.514372041,,,,,,,422942.9185745664
1711756800000,2024-03-30,Bridged Token Value (Dollar),,4160836.174026613,,,,287478.10000000003,,,7364437.514372041,,,,,,,422942.9185745666
1711843200000,2024-03-31,Bridged Token Value (Dollar),,4160836.174026613,,,,287478.10000000003,,,7364437.514372041,,,,,,,422942.9185745665
1711929600000,2024-04-01,Bridged Token Value (Dollar),,4047259.1174787343,,,,277028.15,,,7372477.142059663,,,,,,,410846.1451137099
1712016000000,2024-04-02,Bridged Token Value (Dollar),,3943485.9202274075,,,,269283.92000000004,,,7318614.949631432,,,,,,,402640.5575020082
1712102400000,2024-04-03,Bridged Token Value (Dollar),,3965512.6895933733,,,,273920.05,,,7346841.050318536,,,,,,,410407.31074383983
1712188800000,2024-04-04,Bridged Token Value (Dollar),,3962679.6109657725,,,,273473.3,,,7244101.970457029,,,,,,,407290.8013439936
1712275200000,2024-04-05,Bridged Token Value (Dollar),,3891372.5224803416,,,,258940.17,,,7334025.285649974,,,,,,,397711.1963919684
1712361600000,2024-04-06,Bridged Token Value (Dollar),,3861472.5191218564,,,,258940.17,,,7334025.285649974,,,,,,,397711.1963919684
1712448000000,2024-04-07,Bridged Token Value (Dollar),,3861472.5191218564,,,,258940.17,,,7334025.285649974,,,,,,,397711.1963919684
1712534400000,2024-04-08,Bridged Token Value (Dollar),,3996474.589285585,,,,272052.02,,,7366633.0539465565,,,,,,,419849.5850107933
1712620800000,2024-04-09,Bridged Token Value (Dollar),,3929155.108553879,,,,268964.74000000005,,,7381971.754051302,,,,,,,408679.31582180114
1712707200000,2024-04-10,Bridged Token Value (Dollar),,3945948.4836567845,,,,279391.85,,,7318430.143417349,,,,,,,413601.9099739521
1712793600000,2024-04-11,Bridged Token Value (Dollar),,4078194.5281812465,,,,286325.26000000007,,,7401418.178295927,,,,,,,428282.15955764905
1712880000000,2024-04-12,Bridged Token Value (Dollar),,3966889.6094432585,,,,272548.72,,,7283068.468036041,,,,,,,410025.1159248465
1712966400000,2024-04-13,Bridged Token Value (Dollar),,3907182.2337747607,,,,272548.72,,,7283068.468036041,,,,,,,410025.1159248465
1713052800000,2024-04-14,Bridged Token Value (Dollar),,3907182.2337747607,,,,272548.72,,,7283068.468036041,,,,,,,410025.1159248465
1713139200000,2024-04-15,Bridged Token Value (Dollar),,3706901.121798232,,,,250619.12,,,7175498.0518324915,,,,,,,308081.31078559917
1713225600000,2024-04-16,Bridged Token Value (Dollar),,3586088.827517816,,,,250215.94000000003,,,7170866.238963439,,,,,,,309815.2362058351
1713312000000,2024-04-17,Bridged Token Value (Dollar),,3523355.52359995,,,,242951.68999999997,,,7108573.22631209,,,,,,,303271.767546819
1713398400000,2024-04-18,Bridged Token Value (Dollar),,3540398.614025911,,,,245265.51,,,7081889.663795492,,,,,,,306142.6326993307
1713484800000,2024-04-19,Bridged Token Value (Dollar),,3489978.8051774595,,,,288695.31,,,6972269.7520351745,,,,,,,296190.69767375547
1713571200000,2024-04-20,Bridged Token Value (Dollar),,3465474.196147261,,,,288695.31,,,6972269.7520351745,,,,,,,296190.69767375547
1713657600000,2024-04-21,Bridged Token Value (Dollar),,3465474.196147261,,,,288695.31,,,6972269.752035175,,,,,,,296190.69767375547
1713744000000,2024-04-22,Bridged Token Value (Dollar),,3595463.254234789,,,,316726.05000000005,,,7037995.480729777,,,,,,,315858.04482248775
1713830400000,2024-04-23,Bridged Token Value (Dollar),,3747342.2624710947,,,,345720.46,,,7144073.611913402,,,,,,,326147.1794328458
1713916800000,2024-04-24,Bridged Token Value (Dollar),,3680374.868954498,,,,345464.44,,,7146231.534818368,,,,,,,316582.19801547617
1714003200000,2024-04-25,Bridged Token Value (Dollar),,3624299.0655101123,,,,345831.60000000003,,,7096340.765826968,,,,,,,317221.991716782
1714089600000,2024-04-26,Bridged Token Value (Dollar),,3738980.3296545288,,,,353203.15,,,7203248.60649099,,,,,,,330642.83408890275
1714176000000,2024-04-27,Bridged Token Value (Dollar),,3783036.4514964772,,,,353203.15,,,7203248.60649099,,,,,,,330642.83408890275
1714262400000,2024-04-28,Bridged Token Value (Dollar),,3783036.4514964772,,,,353203.15,,,7203248.60649099,,,,,,,330642.83408890275
1714348800000,2024-04-29,Bridged Token Value (Dollar),,3634578.5939759277,,,,348262.19999999995,,,7221773.0172393555,,,,,,,315261.38734593295
1714435200000,2024-04-30,Bridged Token Value (Dollar),,3443540.049388293,,,,319391.07,,,7098706.440471367,,,,,,,302641.5615027393
1714521600000,2024-05-01,Bridged Token Value (Dollar),,3436493.1369166747,,,,319235.37,,,7071636.586290796,,,,,,,308339.0667907593
1714608000000,2024-05-02,Bridged Token Value (Dollar),,3626237.1560888784,,,,339461.24000000005,,,7155376.774814257,,,,,,,329960.17196284543
1714694400000,2024-05-03,Bridged Token Value (Dollar),,3659642.1232264643,,,,345335.23000000004,,,7262323.513601205,,,,,,,326439.13525933377
1714780800000,2024-05-04,Bridged Token Value (Dollar),,3640596.8041918464,,,,345335.23,,,7262323.513601206,,,,,,,326439.1352593338
1714867200000,2024-05-05,Bridged Token Value (Dollar),,3640596.804191846,,,,345335.23000000004,,,7262323.513601205,,,,,,,326439.1352593338
1714953600000,2024-05-06,Bridged Token Value (Dollar),,3678690.6704526525,,,,352262.86,,,7349730.447366125,,,,,,,329515.0574082707
1715040000000,2024-05-07,Bridged Token Value (Dollar),,3587880.0826189364,,,,344635.64,,,7348706.293466236,,,,,,,315862.15912946407
1715126400000,2024-05-08,Bridged Token Value (Dollar),,3512555.281741107,,,,339336.30000000005,,,7366759.913169062,,,,,,,312693.0702802744
1715212800000,2024-05-09,Bridged Token Value (Dollar),,3506164.101149136,,,,340647.18000000005,,,7386187.431821814,,,,,,,311565.5051546408
1715299200000,2024-05-10,Bridged Token Value (Dollar),,3425403.3712000144,,,,328956.55,,,7403596.580274816,,,,,,,301844.58698063524
1715385600000,2024-05-11,Bridged Token Value (Dollar),,3392545.380999999,,,,328956.55,,,7403596.580274816,,,,,,,301844.5869806351
1715472000000,2024-05-12,Bridged Token Value (Dollar),,3392545.380999999,,,,328956.55000000005,,,7403596.580274816,,,,,,,301844.58698063524
1715558400000,2024-05-13,Bridged Token Value (Dollar),,3378984.3953582924,,,,334733.67999999993,,,7407067.93099953,,,,,,,302199.4265024545
1715644800000,2024-05-14,Bridged Token Value (Dollar),,3403007.618675064,,,,342865.25,,,7457983.03168212,,,,,,,308432.6417648399
1715731200000,2024-05-15,Bridged Token Value (Dollar),,3575069.956084148,,,,369260.69999999995,,,7567545.689301966,,,,,,,363207.56249277946
1715817600000,2024-05-16,Bridged Token Value (Dollar),,3452945.917768983,,,,353248.55999999994,,,7550714.050873841,,,,,,,348676.34875869803
1715904000000,2024-05-17,Bridged Token Value (Dollar),,3457277.662016529,,,,368805.57999999996,,,7556544.948107588,,,,,,,322380.3707387675
1715990400000,2024-05-18,Bridged Token Value (Dollar),,3486464.249664314,,,,368805.57999999996,,,7556544.948107587,,,,,,,322380.3707387675
1716076800000,2024-05-19,Bridged Token Value (Dollar),,3486464.249664314,,,,368805.58,,,7556544.948107587,,,,,,,322380.3707387675
1716163200000,2024-05-20,Bridged Token Value (Dollar),,3637165.554331573,,,,390125.51,,,7585151.905889016,,,,,,,342115.2534842644
1716249600000,2024-05-21,Bridged Token Value (Dollar),,3701942.1217342746,,,,387757.88,,,7597494.30890706,,,,,,,351675.5039761601
1716336000000,2024-05-22,Bridged Token Value (Dollar),,3744175.3978125583,,,,393075.2869838657,,,7580439.957681723,,,,,,,355722.35979976616
1716422400000,2024-05-23,Bridged Token Value (Dollar),,3658441.9749941407,,,,375408.85963325104,,,7544042.63311846,,,,,,,343688.7107211109
1716508800000,2024-05-24,Bridged Token Value (Dollar),,3774177.0859108986,,,,399977.06864273,,,7603924.600267312,,,,,,,364590.82058593165
1716595200000,2024-05-25,Bridged Token Value (Dollar),,3839050.0448105973,,,,399977.06864273,,,7603924.600267312,,,,,,,364590.82058593165
1716681600000,2024-05-26,Bridged Token Value (Dollar),,3839050.0448105973,,,,399977.06864273,,,7603924.600267312,,,,,,,364590.8205859316
1716768000000,2024-05-27,Bridged Token Value (Dollar),,3839050.0448105973,,,,399977.06864272995,,,7603924.600267312,,,,,,,364590.82058593165
1716854400000,2024-05-28,Bridged Token Value (Dollar),,3905976.1011263193,,,,404789.42643189314,,,7627843.157058302,,,,,,,378305.2117476547
1716940800000,2024-05-29,Bridged Token Value (Dollar),,3850726.833787674,,,,394389.8739065644,,,7580412.785074788,,,,,,,374513.1489188207
1717027200000,2024-05-30,Bridged Token Value (Dollar),,3804957.942657153,,,,387372.17724559084,,,7492033.114374366,,,,,,,373511.5388748191
1717113600000,2024-05-31,Bridged Token Value (Dollar),,3724105.823374901,,,,381367.90585454897,,,7518273.22141319,,,,,,,367717.0139686755
1717200000000,2024-06-01,Bridged Token Value (Dollar),,3693597.5513325594,,,,381367.90585454897,,,7518273.22141319,,,,,,,367717.0139686756
1717286400000,2024-06-02,Bridged Token Value (Dollar),,3693597.5513325594,,,,381367.905854549,,,7518273.22141319,,,,,,,367704.89088596683
1717372800000,2024-06-03,Bridged Token Value (Dollar),,3738522.7580318237,,,,391890.0283503731,,,7546569.059518348,,,,,,,388381.2868321735
1717459200000,2024-06-04,Bridged Token Value (Dollar),,3868574.906507144,,,,400166.5873244807,,,7582348.403390316,,,,,,,400341.39357301506
1717545600000,2024-06-05,Bridged Token Value (Dollar),,3984533.0779870325,,,,410871.01266524073,,,7709256.583775572,,,,,,,436157.8777088557
1717632000000,2024-06-06,Bridged Token Value (Dollar),,4061923.6205185624,,,,411502.78787321685,,,7711091.232943407,,,,,,,437131.83931639674
1717718400000,2024-06-07,Bridged Token Value (Dollar),,3972590.3268174836,,,,399732.82839169673,,,7699251.234452395,,,,,,,434913.95277741906
1717804800000,2024-06-08,Bridged Token Value (Dollar),,3927993.9536163877,,,,399732.82839169673,,,7699251.234452395,,,,,,,434913.95277741906
1717891200000,2024-06-09,Bridged Token Value (Dollar),,3927993.9536163877,,,,399732.82839169673,,,7699251.234452395,,,,,,,434913.9527774191
1717977600000,2024-06-10,Bridged Token Value (Dollar),,3977966.4203413553,,,,402745.0120551554,,,7731098.220760988,,,,,,,392394.1095907894
1718064000000,2024-06-11,Bridged Token Value (Dollar),,3953700.254304559,,,,396972.99484394275,,,7758726.382844091,,,,,,,395888.719247436
1718150400000,2024-06-12,Bridged Token Value (Dollar),,4037145.64650603,,,,409952.2825884602,,,7851271.1211768575,,,,,,,405831.2461509263
1718236800000,2024-06-13,Bridged Token Value (Dollar),,4010195.254437848,,,,398253.0718977514,,,7875346.801668295,,,,,,,404695.77125007095
1718323200000,2024-06-14,Bridged Token Value (Dollar),,3959707.8468581205,,,,396261.47186388297,,,7894048.024270859,,,,,,,397479.8724788044
1718409600000,2024-06-15,Bridged Token Value (Dollar),,3948893.305257428,,,,396261.4718638829,,,7894048.024270859,,,,,,,397479.8724788044
1718496000000,2024-06-16,Bridged Token Value (Dollar),,3948893.305257428,,,,396261.4718638829,,,7894048.024270859,,,,,,,397479.8724788044
1718582400000,2024-06-17,Bridged Token Value (Dollar),,3957549.8149019284,,,,400699.8568350442,,,7963449.2851863345,,,,,,,403604.58116377145
1718668800000,2024-06-18,Bridged Token Value (Dollar),,3892189.603575515,,,,391615.8556647795,,,7981248.273356966,,,,,,,386235.2788777106
1718755200000,2024-06-19,Bridged Token Value (Dollar),,3860781.9876358174,,,,391615.8556647795,,,7981248.273356966,,,,,,,386235.2788777106
1718841600000,2024-06-20,Bridged Token Value (Dollar),,3851079.274023626,,,,388882.20890347287,,,7944670.54516289,,,,,,,392848.68583340535
1718928000000,2024-06-21,Bridged Token Value (Dollar),,3762135.745127067,,,,384835.08245431836,,,7927884.490085489,,,,,,,383670.08411397267
1719014400000,2024-06-22,Bridged Token Value (Dollar),,3730332.156781185,,,,384835.08245431836,,,7927884.490085489,,,,,,,383670.0841139727
1719100800000,2024-06-23,Bridged Token Value (Dollar),,3730332.156781185,,,,384835.08245431836,,,7927884.490085489,,,,,,,383670.0841139727
1719187200000,2024-06-24,Bridged Token Value (Dollar),,3618623.8649155507,,,,366487.9804259409,,,7869549.146994235,,,,,,,373614.68200733076
1719273600000,2024-06-25,Bridged Token Value (Dollar),,3652113.818489119,,,,383809.6912756163,,,7922690.590496138,,,,,,,386565.91342013096
1719360000000,2024-06-26,Bridged Token Value (Dollar),,3628053.343251998,,,,379022.09478716186,,,7941009.565995172,,,,,,,380265.7784501572
1719446400000,2024-06-27,Bridged Token Value (Dollar),,3678512.7942861426,,,,389743.3274471533,,,7958849.471254233,,,,,,,390524.14850148564
1719532800000,2024-06-28,Bridged Token Value (Dollar),,3703358.345061102,,,,377935.8583286734,,,7928940.324336289,,,,,,,388020.9795248234
1719619200000,2024-06-29,Bridged Token Value (Dollar),,3697378.4648770876,,,,377935.85832867335,,,7928940.32433629,,,,,,,388020.9795248234
1719705600000,2024-06-30,Bridged Token Value (Dollar),,3697378.4648770876,,,,377935.85832867335,,,7928940.324336289,,,,,,,388020.9795248234
1719792000000,2024-07-01,Bridged Token Value (Dollar),,3982703.523567483,,,,387618.59141695674,,,7970137.754180628,,,,,,,401250.7890686957
1719878400000,2024-07-02,Bridged Token Value (Dollar),,3969934.601496834,,,,386069.3955920204,,,8025015.771998668,,,,,,,399929.78869330743
1719964800000,2024-07-03,Bridged Token Value (Dollar),,3941020.3215272212,,,,387785.9448602781,,,8082043.687332992,,,,,,,400694.3565356513
1720051200000,2024-07-04,Bridged Token Value (Dollar),,3941467.0469847545,,,,387785.94486027805,,,8082043.687332992,,,,,,,400694.3565356513
1720137600000,2024-07-05,Bridged Token Value (Dollar),,3937845.0294173677,,,,388215.60114766494,,,8147608.062740011,,,,,,,402697.6086809687
1720224000000,2024-07-06,Bridged Token Value (Dollar),,3929587.9157224605,,,,388215.60114766494,,,8147608.062740011,,,,,,,402697.6086809687
1720310400000,2024-07-07,Bridged Token Value (Dollar),,3929587.915722461,,,,388215.6011476649,,,8147608.062740011,,,,,,,402697.6086809687
1720396800000,2024-07-08,Bridged Token Value (Dollar),,3900871.2070833957,,,,390190.04192974855,,,8157968.6460600495,,,,,,,308921.20359736565
1720483200000,2024-07-09,Bridged Token Value (Dollar),,3890704.8063240694,,,,393831.0887633863,,,8163321.904597776,,,,,,,316918.27214821527
1720569600000,2024-07-10,Bridged Token Value (Dollar),,3895186.387724164,,,,395623.4726108073,,,8245712.5899555925,,,,,,,326334.18828917126
1720656000000,2024-07-11,Bridged Token Value (Dollar),,3852715.8559765895,,,,387626.6854321312,,,8121954.180390349,,,,,,,321004.93055892724
1720742400000,2024-07-12,Bridged Token Value (Dollar),,3866576.6386794196,,,,395924.4287863584,,,8196863.79616401,,,,,,,325525.16884468636
1720828800000,2024-07-13,Bridged Token Value (Dollar),,3881452.183268691,,,,395924.42878635833,,,8196863.79616401,,,,,,,325508.1645915391
1720915200000,2024-07-14,Bridged Token Value (Dollar),,3881452.183268691,,,,395924.4287863584,,,8196863.79616401,,,,,,,325508.1645915391
1721001600000,2024-07-15,Bridged Token Value (Dollar),,4089423.711663255,,,,427843.25799832237,,,8217635.196842287,,,,,,,328969.1843190421
1721088000000,2024-07-16,Bridged Token Value (Dollar),,4251794.127327089,,,,437331.1442756237,,,8239615.3096560575,,,,,,,226154.54263737978
1721174400000,2024-07-17,Bridged Token Value (Dollar),,4247436.070613934,,,,426759.1608646418,,,8057967.4607111355,,,,,,,219404.74761820713
1721260800000,2024-07-18,Bridged Token Value (Dollar),,4083866.8974743756,,,,414923.07402444544,,,8008422.696714545,,,,,,,219282.07276192834
1721347200000,2024-07-19,Bridged Token Value (Dollar),,4232011.705448521,,,,440881.95699043194,,,7940686.061641699,,,,,,,215051.65374754404
1721433600000,2024-07-20,Bridged Token Value (Dollar),,4311375.945912692,,,,440881.95699043194,,,7940686.061641699,,,,,,,215051.65374754407
1721520000000,2024-07-21,Bridged Token Value (Dollar),,4311375.945912692,,,,440881.95699043194,,,7940686.061641699,,,,,,,215051.6537475441
1721606400000,2024-07-22,Bridged Token Value (Dollar),,4293864.967803469,,,,451234.1330632839,,,8054617.7669471335,,,,,,,222448.12186243822
1721692800000,2024-07-23,Bridged Token Value (Dollar),,4335774.480337141,,,,439319.36357589724,,,8046508.645171846,,,,,,,220392.58139564167
1721779200000,2024-07-24,Bridged Token Value (Dollar),,4171818.40895937,,,,417101.11914243054,,,7804474.496945443,,,,,,,211419.870250863
1721865600000,2024-07-25,Bridged Token Value (Dollar),,4004703.869993513,,,,403449.4522886816,,,7759957.415338467,,,,,,,213284.90054291493
1721952000000,2024-07-26,Bridged Token Value (Dollar),,4058248.778078858,,,,421649.1128915424,,,7848268.762375365,,,,,,,218913.8129726257
1722038400000,2024-07-27,Bridged Token Value (Dollar),,4098374.756054694,,,,421649.11289154243,,,7848268.762375366,,,,,,,218913.8129726257
1722124800000,2024-07-28,Bridged Token Value (Dollar),,4098374.7560546943,,,,421649.11289154243,,,7848268.762375365,,,,,,,218913.81297262575
1722211200000,2024-07-29,Bridged Token Value (Dollar),,4021572.5552801494,,,,413398.56448001356,,,7852308.147523582,,,,,,,220553.6375434081
1722297600000,2024-07-30,Bridged Token Value (Dollar),,3903454.0986659555,,,,397395.83848694793,,,7780838.92903755,,,,,,,218741.8256141888
1722384000000,2024-07-31,Bridged Token Value (Dollar),,3882413.888415542,,,,403118.63522687095,,,7962617.712966072,,,,,,,225189.27200584047
1722470400000,2024-08-01,Bridged Token Value (Dollar),,3779920.3374840617,,,,381366.9942835663,,,7821306.084044363,,,,,,,227831.13367463255
1722556800000,2024-08-02,Bridged Token Value (Dollar),,3634540.0887412606,,,,359552.16253754596,,,7642851.532170156,,,,,,,221139.7831095882
1722643200000,2024-08-03,Bridged Token Value (Dollar),,3604240.426729949,,,,359552.162537546,,,7642851.532170156,,,,,,,221139.7831095882
1722729600000,2024-08-04,Bridged Token Value (Dollar),,3604240.426729949,,,,359552.16253754596,,,7642851.532170156,,,,,,,221090.73166401443
1722816000000,2024-08-05,Bridged Token Value (Dollar),,3446822.498605884,,,,1182284.1323667604,,,7414647.440061284,,,,,,,218090.708860379
1722902400000,2024-08-06,Bridged Token Value (Dollar),,3462857.8937174175,,,,1229060.5100177939,,,7500899.060811887,,,,,,,232771.64669903246
1722988800000,2024-08-07,Bridged Token Value (Dollar),,3326894.0604925635,,,,1128063.7282875802,,,7430761.878774907,,,,,,,232779.53167656178
1723075200000,2024-08-08,Bridged Token Value (Dollar),,3407085.2313521574,,,,341575.501829237,,,7635993.057553658,,,,,,,239040.08533415952
1723161600000,2024-08-09,Bridged Token Value (Dollar),,3488875.17698754,,,,343214.14021741797,,,7677018.83064134,,,,,,,233995.1248276688
1723248000000,2024-08-10,Bridged Token Value (Dollar),,3502340.6803128743,,,,343214.14021741797,,,7677018.83064134,,,,,,,233995.12482766886
1723334400000,2024-08-11,Bridged Token Value (Dollar),,3502340.6803128743,,,,343214.14021741797,,,7677018.83064134,,,,,,,233576.16737611883
1723420800000,2024-08-12,Bridged Token Value (Dollar),,3469400.8834536215,,,,337370.0522378194,,,7685088.673381378,,,,,,,238001.6860437344
1723507200000,2024-08-13,Bridged Token Value (Dollar),,3522953.781081635,,,,349386.3206876399,,,7845206.265223127,,,,,,,246454.8774260603
1723593600000,2024-08-14,Bridged Token Value (Dollar),,3539608.133123394,,,,342762.9640619782,,,7866965.018935967,,,,,,,244271.7628523692
1723680000000,2024-08-15,Bridged Token Value (Dollar),,3567729.3143150965,,,,349634.45693196944,,,8025472.645389944,,,,,,,250009.01068929295
1723766400000,2024-08-16,Bridged Token Value (Dollar),,3643245.4691631813,,,,356456.20263938187,,,8042224.863074185,,,,,,,251162.52698338774
1723852800000,2024-08-17,Bridged Token Value (Dollar),,3672974.8427637233,,,,356456.20263938187,,,8042224.863074187,,,,,,,251162.5269833877
1723939200000,2024-08-18,Bridged Token Value (Dollar),,3672974.8427637233,,,,356456.20263938187,,,8042224.863074186,,,,,,,251162.5269833877
1724025600000,2024-08-19,Bridged Token Value (Dollar),,3677317.458198877,,,,360902.9573307567,,,8138186.556148192,,,,,,,231367.4378531038
1724112000000,2024-08-20,Bridged Token Value (Dollar),,3618015.6666154745,,,,353922.2386610556,,,8119431.112727014,,,,,,,231095.2821259318
1724198400000,2024-08-21,Bridged Token Value (Dollar),,3669958.686263814,,,,366184.1047717046,,,8144829.677500257,,,,,,,234136.9983723337
1724284800000,2024-08-22,Bridged Token Value (Dollar),,3629777.527286632,,,,350248.9685674264,,,8036952.41513026,,,,,,,229377.977010897
1724371200000,2024-08-23,Bridged Token Value (Dollar),,3712496.9986940008,,,,373701.88867934764,,,8137571.693182029,,,,,,,232341.92386845712
1724457600000,2024-08-24,Bridged Token Value (Dollar),,3762162.009334404,,,,373701.8886793477,,,8137571.693182029,,,,,,,232341.9238684571
1724544000000,2024-08-25,Bridged Token Value (Dollar),,3762162.009334404,,,,373701.8886793477,,,8137571.69318203,,,,,,,232341.92386845712
1724630400000,2024-08-26,Bridged Token Value (Dollar),,3701413.3645300204,,,,364291.63488454843,,,8088807.78193439,,,,,,,229639.2980460896
1724716800000,2024-08-27,Bridged Token Value (Dollar),,3623445.460214178,,,,355185.2531322001,,,8103486.969380596,,,,,,,229051.13373881188
1724803200000,2024-08-28,Bridged Token Value (Dollar),,3832221.7730560354,,,,342393.32913641876,,,8036433.313946471,,,,,,,229250.0208002258
1724889600000,2024-08-29,Bridged Token Value (Dollar),,3786119.4404644733,,,,341673.21820860496,,,8024548.961916904,,,,,,,238828.0144440293
1724976000000,2024-08-30,Bridged Token Value (Dollar),,3734815.328135799,,,,343065.43287882686,,,8116790.404912191,,,,,,,241745.98727140942
1725062400000,2024-08-31,Bridged Token Value (Dollar),,3711706.957644272,,,,343065.43287882686,,,8116790.404912191,,,,,,,241745.98727140945
1725148800000,2024-09-01,Bridged Token Value (Dollar),,3711706.957644272,,,,343065.43287882686,,,8116790.404912191,,,,,,,241745.98727140942
1725235200000,2024-09-02,Bridged Token Value (Dollar),,3711706.957644272,,,,343065.43287882686,,,8116790.4049121905,,,,,,,241543.46425126525
1725321600000,2024-09-03,Bridged Token Value (Dollar),,3573811.1655416694,,,,321222.2872611411,,,7901414.117631631,,,,,,,236066.91417998425
1725408000000,2024-09-04,Bridged Token Value (Dollar),,3443343.9659752618,,,,320257.8400006884,,,7885902.971277999,,,,,,,244013.01967840677
1725494400000,2024-09-05,Bridged Token Value (Dollar),,3311875.689180946,,,,316950.19679450546,,,7882834.944508287,,,,,,,255978.79747088283
1725580800000,2024-09-06,Bridged Token Value (Dollar),,3172678.515908928,,,,299344.98255809245,,,7709863.72114394,,,,,,,268368.01538814325
1725667200000,2024-09-07,Bridged Token Value (Dollar),,3106705.1771190725,,,,299344.98255809245,,,7709863.721143941,,,,,,,268349.0201050559
1725753600000,2024-09-08,Bridged Token Value (Dollar),,3106705.177119072,,,,299344.9825580925,,,7709863.721143941,,,,,,,268349.02010505577
1725840000000,2024-09-09,Bridged Token Value (Dollar),,3187441.5635233847,,,,313839.66650509497,,,7804961.728040078,,,,,,,273216.05847789714
1725926400000,2024-09-10,Bridged Token Value (Dollar),,3257795.7878861655,,,,322023.15744215716,,,7868300.751604456,,,,,,,270443.843969922
1726012800000,2024-09-11,Bridged Token Value (Dollar),,3269506.9480584236,,,,324102.2633808079,,,7994643.693196921,,,,,,,264100.64798613277
1726099200000,2024-09-12,Bridged Token Value (Dollar),,3346357.6964193746,,,,329216.89955679415,,,8056112.530052967,,,,,,,268856.28240305453
1726185600000,2024-09-13,Bridged Token Value (Dollar),,3371128.3697079136,,,,337625.2844070759,,,8103394.959457481,,,,,,,271313.2271538151
1726272000000,2024-09-14,Bridged Token Value (Dollar),,3371804.3878697474,,,,337625.2844070759,,,8103394.959457481,,,,,,,271313.2271538151
1726358400000,2024-09-15,Bridged Token Value (Dollar),,3371804.3878697483,,,,337625.28440707596,,,8103394.959457481,,,,,,,271308.6029370632
1726444800000,2024-09-16,Bridged Token Value (Dollar),,3358928.3878898923,,,,331498.5079893903,,,8117756.011441303,,,,,,,268614.02797344973
1726531200000,2024-09-17,Bridged Token Value (Dollar),,3362096.100865792,,,,358640.85838690517,,,8118087.041023718,,,,,,,269361.1950474451
1726617600000,2024-09-18,Bridged Token Value (Dollar),,3375882.2535385652,,,,358546.55473338685,,,8086801.177640071,,,,,,,269061.9368180742
1726704000000,2024-09-19,Bridged Token Value (Dollar),,3425339.0058881063,,,,377611.245418203,,,8262012.823556647,,,,,,,282011.1748862688
1726790400000,2024-09-20,Bridged Token Value (Dollar),,3474816.076617206,,,,378187.55997424916,,,8245036.667171731,,,,,,,278185.9875497884
1726876800000,2024-09-21,Bridged Token Value (Dollar),,3482502.18135324,,,,378187.55997424916,,,8245036.6671717325,,,,,,,278175.2156368443
1726963200000,2024-09-22,Bridged Token Value (Dollar),,3482502.1813532403,,,,378187.55997424916,,,8245036.667171732,,,,,,,278175.2156368442
1727049600000,2024-09-23,Bridged Token Value (Dollar),,3485003.8273779126,,,,390790.4563217725,,,8266134.509680648,,,,,,,281630.60102199536
1727136000000,2024-09-24,Bridged Token Value (Dollar),,3496643.300098634,,,,396814.8193524044,,,8301646.566272079,,,,,,,289661.6399729158
1727222400000,2024-09-25,Bridged Token Value (Dollar),,3468018.340659054,,,,394411.44355714385,,,8276245.590781026,,,,,,,289061.08445215796
1727308800000,2024-09-26,Bridged Token Value (Dollar),,3559045.4202681547,,,,413689.8249305,,,8325813.765666231,,,,,,,288754.82179593423
1727395200000,2024-09-27,Bridged Token Value (Dollar),,3718509.1767180017,,,,429740.53478416346,,,8298917.064109946,,,,,,,348194.44419938745
1727481600000,2024-09-28,Bridged Token Value (Dollar),,3772911.1856603064,,,,429740.53478416346,,,8298917.064109946,,,,,,,348194.44419938745
1727568000000,2024-09-29,Bridged Token Value (Dollar),,3772911.1856603064,,,,429740.53478416346,,,8298917.064109946,,,,,,,348194.44419938745
1727654400000,2024-09-30,Bridged Token Value (Dollar),,3665922.6415996123,,,,425689.6048567253,,,8330193.178337165,,,,,,,349589.59324265446
1727740800000,2024-10-01,Bridged Token Value (Dollar),,3489722.529983037,,,,408059.57619523094,,,8237978.690449316,,,,,,,346100.34356847097
1727827200000,2024-10-02,Bridged Token Value (Dollar),,3410415.0919811297,,,,406978.2726524471,,,8256308.92339006,,,,,,,342006.5482591044
1727913600000,2024-10-03,Bridged Token Value (Dollar),,3394099.7618038575,,,,403498.59151003906,,,8259312.656119231,,,,,,,344793.4595237788
1728000000000,2024-10-04,Bridged Token Value (Dollar),,3460622.8097124468,,,,422571.1339968195,,,8357094.118389231,,,,,,,355004.6505092012
1728086400000,2024-10-05,Bridged Token Value (Dollar),,3501651.199991577,,,,422571.1339968195,,,8357094.11838923,,,,,,,355004.65050920105
1728172800000,2024-10-06,Bridged Token Value (Dollar),,3501651.199991577,,,,422571.1339968195,,,8357094.118389231,,,,,,,355004.6505092011
1728259200000,2024-10-07,Bridged Token Value (Dollar),,3488045.708406661,,,,426511.68034451385,,,8285168.78462143,,,,,,,358361.67000722483
1728345600000,2024-10-08,Bridged Token Value (Dollar),,3477334.209788806,,,,434455.81171229354,,,8385381.664851813,,,,,,,378553.19514732825
1728432000000,2024-10-09,Bridged Token Value (Dollar),,3469487.030545327,,,,431273.19480089296,,,8439238.677491693,,,,,,,382656.24094443774
1728518400000,2024-10-10,Bridged Token Value (Dollar),,3441512.573712746,,,,424296.76316205447,,,8432432.392065406,,,,,,,380271.26074327214
1728604800000,2024-10-11,Bridged Token Value (Dollar),,3547678.952631569,,,,451739.71901536826,,,8466314.962144887,,,,,,,379025.484313395
1728691200000,2024-10-12,Bridged Token Value (Dollar),,3608621.84996739,,,,451739.71901536826,,,8466314.962144885,,,,,,,379025.48431339505
1728777600000,2024-10-13,Bridged Token Value (Dollar),,3608621.84996739,,,,451739.71901536826,,,8466314.962144885,,,,,,,379025.48431339505
1728864000000,2024-10-14,Bridged Token Value (Dollar),,3778209.512962374,,,,457554.30509116664,,,8534612.919575272,,,,,,,561707.5559970214
1728950400000,2024-10-15,Bridged Token Value (Dollar),,3876189.637029183,,,,449583.1209507824,,,8477975.451508636,,,,,,,557467.757673144
1729036800000,2024-10-16,Bridged Token Value (Dollar),,3995072.4921016684,,,,459162.0922018156,,,8504469.008844769,,,,,,,616408.3078281162
1729123200000,2024-10-17,Bridged Token Value (Dollar),,4021215.2479568366,,,,454766.2340890572,,,8508972.378506046,,,,,,,615419.8505159986
1729209600000,2024-10-18,Bridged Token Value (Dollar),,4125913.1696459907,,,,484668.7756858208,,,8543167.735634955,,,,,,,616505.2615338187
1729296000000,2024-10-19,Bridged Token Value (Dollar),,4207170.476250626,,,,484668.7756858208,,,8543167.735634955,,,,,,,616505.2615338189
1729382400000,2024-10-20,Bridged Token Value (Dollar),,4207170.476250626,,,,484668.7756858207,,,8543167.735634955,,,,,,,616505.2615338188
1729468800000,2024-10-21,Bridged Token Value (Dollar),,4154305.5707828174,,,,483775.1064753596,,,8546058.0287632,,,,,,,624163.9550949928
1729555200000,2024-10-22,Bridged Token Value (Dollar),,4104887.452317194,,,,481692.97664984304,,,8544507.861845402,,,,,,,622703.4133160673
1729641600000,2024-10-23,Bridged Token Value (Dollar),,3977270.845411966,,,,466187.53399730683,,,8437980.250163365,,,,,,,554551.0273162797
1729728000000,2024-10-24,Bridged Token Value (Dollar),,4002999.835264053,,,,502117.21875292517,,,8485478.67498528,,,,,,,612951.7808574424
1729814400000,2024-10-25,Bridged Token Value (Dollar),,4015110.807367115,,,,501034.3452486637,,,8504744.234051324,,,,,,,624444.1040934401
1729900800000,2024-10-26,Bridged Token Value (Dollar),,3995354.258531791,,,,501034.34524866374,,,8504744.234051324,,,,,,,623536.9938631888
1729987200000,2024-10-27,Bridged Token Value (Dollar),,3995354.258531791,,,,501034.3452486637,,,8504744.234051324,,,,,,,623536.9938631885
1730073600000,2024-10-28,Bridged Token Value (Dollar),,4095906.8037607367,,,,524390.078882242,,,8519020.518217413,,,,,,,635380.8231552687
1730160000000,2024-10-29,Bridged Token Value (Dollar),,4178593.20952191,,,,528820.2998523616,,,8571413.227588031,,,,,,,624319.8868202657
1730246400000,2024-10-30,Bridged Token Value (Dollar),,4148410.6076589595,,,,512639.3478293301,,,8543880.474935167,,,,,,,627553.8319258275
1730332800000,2024-10-31,Bridged Token Value (Dollar),,3809381.321714333,,,,482800.41625605937,,,8378961.268566066,,,,,,,619439.2615183257
1730419200000,2024-11-01,Bridged Token Value (Dollar),,3675017.998048769,,,,475652.34851492365,,,8438243.957982352,,,,,,,635310.823459804
1730505600000,2024-11-02,Bridged Token Value (Dollar),,3695564.799296589,,,,475652.34851492365,,,8438243.95798235,,,,,,,635310.8234598042
1730592000000,2024-11-03,Bridged Token Value (Dollar),,3695564.7992965896,,,,475652.34851492365,,,8438243.957982352,,,,,,,635310.8234598043
1730678400000,2024-11-04,Bridged Token Value (Dollar),,3724118.904851869,,,,470099.71610506903,,,8411553.952731902,,,,,,,633509.4210787846
1730764800000,2024-11-05,Bridged Token Value (Dollar),,3806463.6963078836,,,,483594.99527261796,,,8526919.582597652,,,,,,,657808.4054651785
1730851200000,2024-11-06,Bridged Token Value (Dollar),,4357629.904181524,,,,559676.245441268,,,8756310.845045526,,,,,,,711755.5216688914
1730937600000,2024-11-07,Bridged Token Value (Dollar),,4676059.693211971,,,,576405.9723524379,,,8867408.87581833,,,,,,,722678.2698173323
1731024000000,2024-11-08,Bridged Token Value (Dollar),,4812956.2370065525,,,,591016.181682335,,,8881589.479276847,,,,,,,763840.1128940001
1731110400000,2024-11-09,Bridged Token Value (Dollar),,4887937.071202868,,,,591016.1816823351,,,8881589.479276847,,,,,,,763840.112894
1731196800000,2024-11-10,Bridged Token Value (Dollar),,4887937.071202868,,,,591016.181682335,,,8881589.479276847,,,,,,,763840.1128940001
1731283200000,2024-11-11,Bridged Token Value (Dollar),,5338569.711417478,,,,687060.9989304814,,,8880174.89584653,,,,,,,803401.840071269
1731369600000,2024-11-12,Bridged Token Value (Dollar),,5561904.492593006,,,,691765.7542272281,,,8864443.49819174,,,,,,,784246.6535705788
1731456000000,2024-11-13,Bridged Token Value (Dollar),,5249052.422160432,,,,647633.6385938806,,,8849949.486976946,,,,,,,785286.1594408655
1731542400000,2024-11-14,Bridged Token Value (Dollar),,5025128.810618496,,,,639360.0317639407,,,8787888.870630562,,,,,,,762462.8655817391
1731628800000,2024-11-15,Bridged Token Value (Dollar),,5223557.322592983,,,,672244.8908632916,,,8624503.56537899,,,,,,,774009.1505531266
1731715200000,2024-11-16,Bridged Token Value (Dollar),,5354937.486563387,,,,672244.8908632916,,,8624503.56537899,,,,,,,774009.1505531268
1731801600000,2024-11-17,Bridged Token Value (Dollar),,5354937.486563386,,,,672244.8908632916,,,8624503.56537899,,,,,,,774009.1505531267
1731888000000,2024-11-18,Bridged Token Value (Dollar),,5519692.149093677,,,,726621.0689176209,,,8664867.290959973,,,,,,,807054.6616405129
1731974400000,2024-11-19,Bridged Token Value (Dollar),,5609171.819299712,,,,765765.765378133,,,8728319.878462285,,,,,,,821385.120471289
1732060800000,2024-11-20,Bridged Token Value (Dollar),,5572487.671961954,,,,796985.4348789273,,,8725271.733807407,,,,,,,817387.2195378087
1732147200000,2024-11-21,Bridged Token Value (Dollar),,5339915.888258005,,,,717294.6993118994,,,8763008.449531851,,,,,,,800629.1458105094
1732233600000,2024-11-22,Bridged Token Value (Dollar),,5295521.971221976,,,,746520.1053319843,,,8781370.7406404,,,,,,,818214.834276508
1732320000000,2024-11-23,Bridged Token Value (Dollar),,5338648.634259163,,,,746520.1053319845,,,8781370.740640398,,,,,,,818214.834276508
1732406400000,2024-11-24,Bridged Token Value (Dollar),,5338648.634259163,,,,746520.1053319843,,,8781370.740640398,,,,,,,818214.834276508
1732492800000,2024-11-25,Bridged Token Value (Dollar),,5403708.924762275,,,,733405.5220519078,,,8796862.003930517,,,,,,,802528.5104945826
1732579200000,2024-11-26,Bridged Token Value (Dollar),,5277158.0441686595,,,,679271.0820141964,,,8849854.597179512,,,,,,,801391.0122260955
1732665600000,2024-11-27,Bridged Token Value (Dollar),,5273304.323411298,,,,717901.4523548115,,,8790485.158138365,,,,,,,795060.0927032089
1732752000000,2024-11-28,Bridged Token Value (Dollar),,5357155.346955079,,,,717901.4523548114,,,8790485.158138365,,,,,,,795060.092703209
1732838400000,2024-11-29,Bridged Token Value (Dollar),,5232662.815839465,,,,711030.72729014,,,8856753.814326143,,,,,,,813929.2814504628
1732924800000,2024-11-30,Bridged Token Value (Dollar),,5163981.830082678,,,,711030.72729014,,,8856903.665106429,,,,,,,813929.2814504628
1733011200000,2024-12-01,Bridged Token Value (Dollar),,5163981.830082679,,,,711030.7272901399,,,8856903.665106429,,,,,,,813929.2814504628
1733097600000,2024-12-02,Bridged Token Value (Dollar),,5906361.122150526,,,,712311.3073565189,,,8925343.11668928,,,,,,,832061.4008926721
1733184000000,2024-12-03,Bridged Token Value (Dollar),,5994907.861600492,,,,708287.9859125651,,,8951521.61944092,,,,,,,826723.1271640417
1733270400000,2024-12-04,Bridged Token Value (Dollar),,6281093.924433837,,,,751486.5852445122,,,9055965.063750835,,,,,,,832260.8517262398
1733356800000,2024-12-05,Bridged Token Value (Dollar),,6349286.988993111,,,,729533.893788799,,,9034782.016267382,,,,,,,852320.7773984638
1733443200000,2024-12-06,Bridged Token Value (Dollar),,6491743.731897781,,,,756234.6326722573,,,9078317.087298376,,,,,,,888039.5706394648
1733529600000,2024-12-07,Bridged Token Value (Dollar),,6600226.724815787,,,,756234.6326722573,,,9078716.70311259,,,,,,,888039.5706394647
1733616000000,2024-12-08,Bridged Token Value (Dollar),,6600226.724815786,,,,756234.6326722573,,,9078716.703112587,,,,,,,888039.570639465
1733702400000,2024-12-09,Bridged Token Value (Dollar),,6316111.905008285,,,,709383.7220819667,,,9011033.787678285,,,,,,,886627.3267376584
1733788800000,2024-12-10,Bridged Token Value (Dollar),,6076316.201344706,,,,714869.0785885423,,,9006175.301324286,,,,,,,906519.3245768703
1733875200000,2024-12-11,Bridged Token Value (Dollar),,6137452.818757126,,,,756792.2602462531,,,9134723.893077519,,,,,,,936194.4152968087
1733961600000,2024-12-12,Bridged Token Value (Dollar),,6187255.473235477,,,,739830.9783642124,,,9069331.853201889,,,,,,,948927.5237390429
1734048000000,2024-12-13,Bridged Token Value (Dollar),,6160782.097365949,,,,754546.1315467312,,,9094311.470515944,,,,,,,945804.1486078473
1734134400000,2024-12-14,Bridged Token Value (Dollar),,6150351.24149906,,,,754546.1315467312,,,9094311.470515944,,,,,,,945784.011107847
1734220800000,2024-12-15,Bridged Token Value (Dollar),,6150351.24149906,,,,754546.1315467312,,,9094311.470515946,,,,,,,945756.4784134573
1734307200000,2024-12-16,Bridged Token Value (Dollar),,6191013.752202663,,,,764425.9880030844,,,9172341.326314954,,,,,,,968718.4447368141
1734393600000,2024-12-17,Bridged Token Value (Dollar),,6178260.370253541,,,,732753.9830004709,,,9134880.248152686,,,,,,,987411.6117759348
1734480000000,2024-12-18,Bridged Token Value (Dollar),,5863265.915218399,,477103500,,678653.469405271,,,8828990.788304748,,,,,,,925785.4028276848
1734566400000,2024-12-19,Bridged Token Value (Dollar),,5639422.028197833,,457785750,,663786.954590446,,,8845623.4288576,,,,,,,926026.1420926253
1734652800000,2024-12-20,Bridged Token Value (Dollar),,5660202.590326013,,368385000,,709510.80864095,,,8938579.943818625,,,,,,,915096.6182813423
1734739200000,2024-12-21,Bridged Token Value (Dollar),,5691600.102742616,,368385000,,709510.8086409501,,,8938579.943818625,,,,,,,915096.6182813428
1734825600000,2024-12-22,Bridged Token Value (Dollar),,5691600.102742615,,368385000,,709510.80864095,,,8938579.943818625,,,,,,,915084.6586968454
1734912000000,2024-12-23,Bridged Token Value (Dollar),,5625993.967704475,,314933235,,677622.2474403009,,,9013808.431999987,,,,,,,935979.7169313232
1734998400000,2024-12-24,Bridged Token Value (Dollar),,5691776.545114528,,388152000,,716038.9689588998,,,9123205.22329535,,,,,,,980192.844550381
1735084800000,2024-12-25,Bridged Token Value (Dollar),,5757966.063402191,,388152000,,716038.9689588998,,,9123205.22329535,,,,,,,980182.6429905465
1735171200000,2024-12-26,Bridged Token Value (Dollar),,5718738.594584955,,425439750,,695570.9845384901,,,9063554.073114825,,,,,,,969925.217650472
1735257600000,2024-12-27,Bridged Token Value (Dollar),,5606945.189836697,,364597822.5,,673652.8610846732,,,8955033.649355847,,,,,,,938259.6201490965
1735344000000,2024-12-28,Bridged Token Value (Dollar),,5552813.006697338,,364597822.5,,673652.8610846732,,,8955033.649355847,,,,,,,938259.6201490965
1735430400000,2024-12-29,Bridged Token Value (Dollar),,5552813.006697338,,364597822.5,,673652.8610846733,,,8955033.649355846,,,,,,,938228.9813903464
1735516800000,2024-12-30,Bridged Token Value (Dollar),,5462918.976132415,,344754450,,638306.6860919322,,,8854476.829416035,,,,,,,926052.0636231166
1735603200000,2024-12-31,Bridged Token Value (Dollar),,5334759.069794889,,275659800,,618037.0608370905,,,8826799.179617492,,,,,,,909597.3265005681
1735689600000,2025-01-01,Bridged Token Value (Dollar),,5288244.538971746,,275659800,,618037.0608370904,,,8826799.179617494,,,,,,,909582.7357201804
1735776000000,2025-01-02,Bridged Token Value (Dollar),,5366726.495350452,,258049200,,628330.7081976716,,,8814284.89383097,,,,,,,883999.671524771
1735862400000,2025-01-03,Bridged Token Value (Dollar),,5578763.262288228,,293899350,,681028.5785284652,,,8946195.37331298,,,,,,,938064.2496078764
1735948800000,2025-01-04,Bridged Token Value (Dollar),,5653796.358843646,,293899350,,797871.6185284652,,,8946195.37331298,,,,,,,938064.2496078762
1736035200000,2025-01-05,Bridged Token Value (Dollar),,5653796.358843645,,293899350,,797871.6185284653,,,8946195.373312978,,,,,,,938064.2496078761
1736121600000,2025-01-06,Bridged Token Value (Dollar),,5798273.822258029,,356704500,,858546.7506256982,,,9027446.188231813,,,,,,,938199.9510705309
1736208000000,2025-01-07,Bridged Token Value (Dollar),,5675188.386622088,,353200350,,790859.8776440249,,,8895244.525902815,,,,,,,897563.4184801709
1736294400000,2025-01-08,Bridged Token Value (Dollar),,5523230.903762999,,339443416.5,,775847.6536381154,,,8900560.219719853,,,,,,,920189.3388598271
1736380800000,2025-01-09,Bridged Token Value (Dollar),,5507257.2801982835,,339443416.5,,775847.6536381153,,,8900534.082649896,,,,,,,919499.2287189448
1736467200000,2025-01-10,Bridged Token Value (Dollar),,5502513.895218498,,339363450,,767221.4747504977,,,8756204.751100902,,,,,,,917094.5513243753
1736553600000,2025-01-11,Bridged Token Value (Dollar),,5477585.944071981,,339363450,,767221.4747504977,,,8756204.751100902,,,,,,,917094.5513243752
1736640000000,2025-01-12,Bridged Token Value (Dollar),,5507286.031546171,,339363450,,767221.474750498,,,8756204.7511009,,,,,,,917028.0821794635
1736726400000,2025-01-13,Bridged Token Value (Dollar),,5445881.004768298,,301716300,,763870.7732149041,,,8763713.847224813,,,,,,,926654.8248990304
1736812800000,2025-01-14,Bridged Token Value (Dollar),,5445597.289127925,,297133950,,810197.5121201989,,,8762073.641193373,,,,,,,917118.6278733701
1736899200000,2025-01-15,Bridged Token Value (Dollar),,5689020.013549812,,317709600,,892924.0096576537,,,8948159.567182964,,,,,,,967799.727310327
1736985600000,2025-01-16,Bridged Token Value (Dollar),,5927240.7781046685,,340261950,,901599.8341491995,,,8903710.03864585,,,,,,,944785.88906671
1737072000000,2025-01-17,Bridged Token Value (Dollar),,7040707.042997401,,346012350,,958933.7475441438,,,9017719.343176426,,,,,,,964951.4963661671
1737158400000,2025-01-18,Bridged Token Value (Dollar),,7113327.531515557,,346012350,,958933.7475441438,,,9017719.343176425,,,,,,,964937.0843913369
1737244800000,2025-01-19,Bridged Token Value (Dollar),,7113327.531515556,,346012350,,958933.7475441438,,,9017719.343176425,,,,,,,964937.0843913369
1737331200000,2025-01-20,Bridged Token Value (Dollar),,7177514.797543755,,346012350,,958933.7475441438,,,9017719.343176425,,,,,,,964905.5281254267
1737417600000,2025-01-21,Bridged Token Value (Dollar),,7723577.756056835,,359400000,,947138.4507895922,,,9098396.54998155,,,,,,,962964.4161990184
1737504000000,2025-01-22,Bridged Token Value (Dollar),,7798335.280998934,,368385000,,932017.672784332,,,9195005.580926828,,,,,,,959657.9539389828
1737590400000,2025-01-23,Bridged Token Value (Dollar),,7816622.984270312,,395340000,,925172.9599983542,,,9267222.810218,,,,,,,955583.9171682883
1737676800000,2025-01-24,Bridged Token Value (Dollar),,7828083.126979106,,550331250,,895859.7826574491,,,9245400.896881279,,,,,,,945844.130588447
1737763200000,2025-01-25,Bridged Token Value (Dollar),,7835966.679380358,,550331250,,895859.782657449,,,9235465.502500571,,,,,,,945844.1305884469
1737849600000,2025-01-26,Bridged Token Value (Dollar),,7835966.679380358,,550331250,,895859.782657449,,,9235465.502500571,,,,,,,945833.1069222741
1737936000000,2025-01-27,Bridged Token Value (Dollar),,7748899.819333297,,664890000,,867854.9550362878,,,9022937.866511457,,,,,,,931735.9702908245
1738022400000,2025-01-28,Bridged Token Value (Dollar),,7776156.796326083,,720237600,,856631.1148680898,,,9156643.578650879,,,,,,,962653.6100897563
1738108800000,2025-01-29,Bridged Token Value (Dollar),,7866555.716511162,,802360500,,867305.4537596867,,,9107411.644398991,,,,,,,950018.4813467287
1738195200000,2025-01-30,Bridged Token Value (Dollar),,8029504.333591756,,551499300,,873999.1649975004,,,9154061.072189037,,,,,,,973934.9782854136
1738281600000,2025-01-31,Bridged Token Value (Dollar),,7955566.506586459,,448171800,,858846.4972500367,,,9133141.553443521,,,,,,,973230.8160116214
1738368000000,2025-02-01,Bridged Token Value (Dollar),,7905737.014687529,,448171800,,858846.4972500367,,,9133141.553443521,,,,,,,973230.8160116218
1738454400000,2025-02-02,Bridged Token Value (Dollar),,7905737.014687529,,448171800,,858846.4972500366,,,9133141.55344352,,,,,,,973230.8160116218
1738540800000,2025-02-03,Bridged Token Value (Dollar),,7832006.267652206,,535416150.00000006,,865403.5453252547,,,9064581.020537281,,,,,,,960974.7826832663
1738627200000,2025-02-04,Bridged Token Value (Dollar),,7747766.442424358,,510078450,,867129.6876521376,,,9163543.167451624,,,,,,,974451.3234267057
1738713600000,2025-02-05,Bridged Token Value (Dollar),,7702048.972482144,,461469600,,846009.6019813947,,,9198174.951208137,,,,,,,967325.9767217272
1738800000000,2025-02-06,Bridged Token Value (Dollar),,7634902.13513279,,431369850,,826590.7639447595,,,9234509.02759567,,,,,,,967139.3267363822
1738886400000,2025-02-07,Bridged Token Value (Dollar),,7636969.303073003,,434604450,,828411.6710810536,,,9133520.51220857,,,,,,,942912.14879554
1738972800000,2025-02-08,Bridged Token Value (Dollar),,7657199.277237664,,434604450,,828411.6710810534,,,9133520.51220857,,,,,,,942912.1487955402
1739059200000,2025-02-09,Bridged Token Value (Dollar),,7657199.277237664,,434604450,,828411.6710810536,,,9133520.51220857,,,,,,,942912.1487955404
1739145600000,2025-02-10,Bridged Token Value (Dollar),,7747106.775550466,,459852300,,841772.9364402852,,,9213023.776687887,,,,,,,948334.800937467
1739232000000,2025-02-11,Bridged Token Value (Dollar),,7644668.791588648,,441702599.99999994,,809092.6854116089,,,9195338.337432263,,,,,,,914306.5733512713
1739318400000,2025-02-12,Bridged Token Value (Dollar),,7665967.750109381,,438917250,,828795.8935506865,,,9179095.530547922,,,,,,,923813.8861042784
1739404800000,2025-02-13,Bridged Token Value (Dollar),,7962146.068725753,,449250000,,849880.1335527189,,,9297967.552184159,,,,,,,973591.7182074733
1739491200000,2025-02-14,Bridged Token Value (Dollar),,7878238.636561756,,449250000,,852243.6252089101,,,9314383.543793317,,,,,,,974223.1846584098
1739577600000,2025-02-15,Bridged Token Value (Dollar),,7764930.288816887,,449250000,,852243.6252089103,,,9314383.543793317,,,,,,,974171.4302771272
1739664000000,2025-02-16,Bridged Token Value (Dollar),,7764930.288816887,,449250000,,852243.6252089102,,,9314383.543793317,,,,,,,974171.4302771273
1739750400000,2025-02-17,Bridged Token Value (Dollar),,7764930.288816887,,449250000,,852243.6252089101,,,9314383.543793317,,,,,,,973842.2685159474
1739836800000,2025-02-18,Bridged Token Value (Dollar),,7681807.809106147,,418251750,,845842.1562610194,,,9344530.83748171,,,,,,,975171.3177207066
1739923200000,2025-02-19,Bridged Token Value (Dollar),,7615058.743589487,,434963849.99999994,,819389.0030366812,,,9355736.04895574,,,,,,,982800.0943069572
1740009600000,2025-02-20,Bridged Token Value (Dollar),,7565290.14210306,,429483000,,825236.3770580648,,,9311940.304177118,,,,,,,980254.968943711
1740096000000,2025-02-21,Bridged Token Value (Dollar),,7315016.554968543,,429572850,,770072.916585819,,,9136559.75954774,,,,,,,951429.8661084372
1740182400000,2025-02-22,Bridged Token Value (Dollar),,7209910.904347643,,429572850,,770048.686585819,,,9136559.75954774,,,,,,,951429.8661084373
1740268800000,2025-02-23,Bridged Token Value (Dollar),,7210161.671487551,,429572850,,770048.686585819,,,9136559.75954774,,,,,,,951409.1461083373
1740355200000,2025-02-24,Bridged Token Value (Dollar),,7334338.482261372,,369822599.99999994,,737390.8339909258,,,9068289.87902998,,,,,,,938260.2489547795
1740441600000,2025-02-25,Bridged Token Value (Dollar),,7489983.474793775,,358142100,,673361.6496527707,,,8984722.263264585,,,,,,,884331.1222587212
1740528000000,2025-02-26,Bridged Token Value (Dollar),,7400968.94513995,,399652800,,690270.2701957258,,,8999867.891625656,,,,,,,876606.4160892685
1740614400000,2025-02-27,Bridged Token Value (Dollar),,7301168.25667422,,379167000,,649157.396168655,,,8805961.665173974,,,,,,,852959.5600850938
1740700800000,2025-02-28,Bridged Token Value (Dollar),,7648996.014681755,,379167000,,680563.8393907556,,,8963549.960096415,,,,,,,881891.0879224736
1740787200000,2025-03-01,Bridged Token Value (Dollar),,7687084.610757262,,379167000,,680590.1390907557,,,8963549.960096413,,,,,,,881799.3897143542
1740873600000,2025-03-02,Bridged Token Value (Dollar),,7687084.610757262,,379167000,,680590.1390907557,,,8963549.960096415,,,,,,,881746.4508037037
1740960000000,2025-03-03,Bridged Token Value (Dollar),,7509604.03895756,,368115450,,661681.4974607344,,,8767887.804296307,,,,,,,882967.0427512233
1741046400000,2025-03-04,Bridged Token Value (Dollar),,7745427.73161227,,381682800,,741867.5742957217,,,8704979.023694847,,,,,,,876340.4777923313
1741132800000,2025-03-05,Bridged Token Value (Dollar),,7901991.28092043,,260654850,,837483.1764728951,,,8819630.98228953,,,,,,,916468.2393799106
1741219200000,2025-03-06,Bridged Token Value (Dollar),,7837324.652351248,,263260500,,908856.0910633496,,,8632895.772225117,,,,,,,909056.9158097813
1741305600000,2025-03-07,Bridged Token Value (Dollar),,7960851.214299293,,264159000,,1455442.2405316809,,,8691608.331139922,,,,,,,924168.382120061
1741392000000,2025-03-08,Bridged Token Value (Dollar),,7977467.221656074,,264159000,,1433825.6098316829,,,8691608.331139922,,,,,,,923985.0173917409
1741478400000,2025-03-09,Bridged Token Value (Dollar),,7977467.221656074,,264159000,,1433825.6098316829,,,8691608.331139922,,,,,,,923985.017391741
1741564800000,2025-03-10,Bridged Token Value (Dollar),,7696875.397730215,,221031000,,1416536.8025203939,,,8407416.267357565,,,,,,,848752.7030739147
1741651200000,2025-03-11,Bridged Token Value (Dollar),,7899769.399507283,,220132500,,1342201.6359035687,,,8377475.816696265,,,,,,,878922.7145562262
1741737600000,2025-03-12,Bridged Token Value (Dollar),,8058233.134495994,,246458550,,1391099.618054453,,,8458968.696700638,,,,,,,923347.2483355583
1741824000000,2025-03-13,Bridged Token Value (Dollar),,7872506.682228572,,234328799.99999997,,1399753.3756281845,,,8324884.785410511,,,,,,,897781.0104452536
1741910400000,2025-03-14,Bridged Token Value (Dollar),,8091203.153182593,,252029250,,1449411.9420524125,,,8517827.265857965,,,,,,,939261.735836706
1741996800000,2025-03-15,Bridged Token Value (Dollar),,8120947.18427155,,252029250,,1509875.5395523894,,,8517827.265857965,,,,,,,939212.9710214408
1742083200000,2025-03-16,Bridged Token Value (Dollar),,8120947.184271551,,252029250,,1509875.5395523892,,,8517827.265857965,,,,,,,939195.3271197608
1742169600000,2025-03-17,Bridged Token Value (Dollar),,7649433.66736678,,290664750,,1509173.9097984864,,,8578909.58722129,,,,,,,931191.8732705072
1742256000000,2025-03-18,Bridged Token Value (Dollar),,7519380.297406191,,271886100,,1485034.5955848107,,,8468998.1411637,,,,,,,1875920.0409740852
1742342400000,2025-03-19,Bridged Token Value (Dollar),,7598634.893070789,,366138750,,1494432.255756661,,,8571381.641017908,,,,,,,1974706.5589961202
1742428800000,2025-03-20,Bridged Token Value (Dollar),,7514437.134354,,435862350,,1529242.9345818693,,,8550010.019742768,,,,,,,1971119.1152008323
1742515200000,2025-03-21,Bridged Token Value (Dollar),,7534042.271516699,,444937200,,1532137.1055860529,,,8575740.223017137,,,,,,,1999004.168623654
1742601600000,2025-03-22,Bridged Token Value (Dollar),,7534539.518571185,,444937200,,1539249.8993360214,,,8575740.223017137,,,,,,,1998976.9963912524
1742688000000,2025-03-23,Bridged Token Value (Dollar),,7534539.518571185,,444937200,,1539249.8993360219,,,8575740.223017137,,,,,,,1998963.5864454724
1742774400000,2025-03-24,Bridged Token Value (Dollar),,7597565.158388276,,472970400,,1600081.7313784468,,,8754886.852922907,,,,,,,2169723.5597991464
1742860800000,2025-03-25,Bridged Token Value (Dollar),,7657604.112624984,,503519400,,1676858.6444997222,,,8784633.479468463,,,,,,,2213342.9894906026
1742947200000,2025-03-26,Bridged Token Value (Dollar),,7571623.343185411,,449250000,,1658874.8924652573,,,8630323.506579528,,,,,,,2516917.361807948
1743033600000,2025-03-27,Bridged Token Value (Dollar),,7468923.645257855,,469735800,,1615218.89654405,,,8583518.062936306,,,,,,,2497004.2926217
1743120000000,2025-03-28,Bridged Token Value (Dollar),,7486807.050690897,,429842400.00000006,,1540150.8380571739,,,8398046.033789305,,,,,,,2328242.1125195893
1743206400000,2025-03-29,Bridged Token Value (Dollar),,7411966.909977337,,429842400.00000006,,1470795.0495571971,,,8398046.033789307,,,,,,,2328176.8749338896
1743292800000,2025-03-30,Bridged Token Value (Dollar),,7411966.909977337,,429842400.00000006,,1470795.0495571971,,,8398046.033789307,,,,,,,2328176.874933888
1743379200000,2025-03-31,Bridged Token Value (Dollar),,7476314.955100176,,410973900,,1467161.6330639948,,,8427557.657281293,,,,,,,2326120.0776219442
1743465600000,2025-04-01,Bridged Token Value (Dollar),,7453042.0606248565,,409985550,,1491342.9063882155,,,8493320.835218871,,,,,,,2428060.8645129153
1743552000000,2025-04-02,Bridged Token Value (Dollar),,7734397.385001622,,425260050,,1558939.3477528023,,,8564819.439558713,,,,,,,2486925.4512118874
1743638400000,2025-04-03,Bridged Token Value (Dollar),,7509011.851911499,,383030550,,1436337.206131253,,,8113841.376414098,,,,,,,2286397.070532933
1743724800000,2025-04-04,Bridged Token Value (Dollar),,7441779.084010072,,401000550,,1420710.863230597,,,7630446.385908919,,,,,,,2360114.29519916
1743811200000,2025-04-05,Bridged Token Value (Dollar),,7448117.252766588,,401000550,,1420713.253230597,,,7630446.38590892,,,,,,,2360079.4252149193
1743897600000,2025-04-06,Bridged Token Value (Dollar),,7448117.252766587,,401000550,,1420713.2532305967,,,7630446.38590892,,,,,,,2360079.4252149197
1743984000000,2025-04-07,Bridged Token Value (Dollar),,7609652.87096137,,375932400.00000006,,1338206.8694207568,,,7654082.267585273,,,,,,,2264287.3221368967
1744070400000,2025-04-08,Bridged Token Value (Dollar),,7390841.721764406,,360657900,,1229790.6856734497,,,7525609.8575241035,,,,,,,2089929.6615133018
1744156800000,2025-04-09,Bridged Token Value (Dollar),,8156116.076253999,,387612900,,1492969.577446629,,,8317147.215465101,,,,,,,2509739.879166713
1744243200000,2025-04-10,Bridged Token Value (Dollar),,7620717.306695294,,369013950,,1389335.6445725537,,,7997730.018529949,,,,,,,2301902.25637215
1744329600000,2025-04-11,Bridged Token Value (Dollar),,7792236.553268691,,396058800,,1481711.9093131265,,,8145734.662128837,,,,,,,2455122.0897920397
1744416000000,2025-04-12,Bridged Token Value (Dollar),,7792236.553268691,,396058800,,1481713.2893131264,,,8145734.662128837,,,,,,,2455036.0038905265
1744502400000,2025-04-13,Bridged Token Value (Dollar),,7792236.553268691,,396058800,,1481713.2893131261,,,8145734.662128837,,,,,,,2454918.6957906233
1744588800000,2025-04-14,Bridged Token Value (Dollar),,7662055.318163164,,354278550,,1528287.0500506498,,,8201808.185870193,,,,,,,2522202.740984057
1744675200000,2025-04-15,Bridged Token Value (Dollar),,7620532.181734154,,341519850,,1524315.5843016782,,,8218284.0460074805,,,,,,,2516958.9592108605
1744761600000,2025-04-16,Bridged Token Value (Dollar),,7454230.964168031,,334152150,,1505703.3171193362,,,8024841.642981032,,,,,,,2483156.436285496
1744848000000,2025-04-17,Bridged Token Value (Dollar),,7463843.189390856,,328671300,,1523589.4330004808,,,8018094.815005828,,,,,,,2512312.9405749408
1744934400000,2025-04-18,Bridged Token Value (Dollar),,7463843.189390864,,328671300,,1523589.9630004808,,,8018119.815006049,,,,,,,2512206.290653961
1745020800000,2025-04-19,Bridged Token Value (Dollar),,7463843.189390823,,328671300,,1523589.9630004808,,,8018119.815006048,,,,,,,2511806.787833742
1745107200000,2025-04-20,Bridged Token Value (Dollar),,7463843.189390799,,328671300,,1523589.9630004808,,,8018119.815006048,,,,,,,2511773.8726984328
1745193600000,2025-04-21,Bridged Token Value (Dollar),,7307553.698636706,,328761150.00000006,,1513131.4746642474,,,7826848.420076437,,,,,,,2507440.098262617
1745280000000,2025-04-22,Bridged Token Value (Dollar),,7822917.957757979,,352122150,,1618618.7341109933,,,8029717.7407037355,,,,,,,2670606.923804853
1745366400000,2025-04-23,Bridged Token Value (Dollar),,7852939.921455256,,396148650.00000006,,1648016.6139653334,,,8200065.335190779,,,,,,,2680633.181998818
1745452800000,2025-04-24,Bridged Token Value (Dollar),,8093555.278454122,,406211850,,1686749.2038673353,,,8399016.230374204,,,,,,,2742344.84826662
1745539200000,2025-04-25,Bridged Token Value (Dollar),,8023675.527428625,,408817500,,1757442.1695322073,,,8485891.605014138,,,,,,,2874199.4797941237
1745625600000,2025-04-26,Bridged Token Value (Dollar),,8023675.527428625,,408817500,,1757442.5495322074,,,8486601.95930662,,,,,,,2874103.981387213
1745712000000,2025-04-27,Bridged Token Value (Dollar),,8023780.347428619,,408817500,,1757442.5495322074,,,8486601.95930662,,,,,,,2874090.478766683
1745798400000,2025-04-28,Bridged Token Value (Dollar),,7866017.895007888,,378987300,,1754110.8204796265,,,8489745.555843938,,,,,,,2867696.755050334
1745884800000,2025-04-29,Bridged Token Value (Dollar),,7859813.527465393,,368115450,,1793617.600273847,,,8567700.053679083,,,,,,,2936989.0712144715
1745971200000,2025-04-30,Bridged Token Value (Dollar),,7826592.917060557,,350774400,,1783838.1882899518,,,8588552.132014148,,,,,,,2915372.287467173
1746057600000,2025-05-01,Bridged Token Value (Dollar),,7765121.3837245125,,362814300,,1790145.5766514926,,,8671027.962242348,,,,,,,2923140.456160454
1746144000000,2025-05-02,Bridged Token Value (Dollar),,7847030.230892923,,402438150,,1838339.4450022792,,,8809429.19572052,,,,,,,2914830.1996733374
1746230400000,2025-05-03,Bridged Token Value (Dollar),,7847030.230892898,,402438150,,1838339.4950022788,,,8809429.19572052,,,,,,,2914283.6521947673
1746316800000,2025-05-04,Bridged Token Value (Dollar),,7847030.2308928985,,402438150,,1838339.495002279,,,8809429.19572052,,,,,,,2914226.705336208
1746403200000,2025-05-05,Bridged Token Value (Dollar),,7752435.2588079935,,370900800,,1801222.1546575907,,,8759440.633144366,,,,,,,2863105.7687244723
1746489600000,2025-05-06,Bridged Token Value (Dollar),,7624788.062311954,,354727800,,1790871.0455265953,,,8687768.961459596,,,,,,,2850102.425222782
1746576000000,2025-05-07,Bridged Token Value (Dollar),,7606208.812717414,,359489850,,1815634.3957677295,,,8716798.264887877,,,,,,,2910839.590194124
1746662400000,2025-05-08,Bridged Token Value (Dollar),,7815430.704751537,,381772650,,1898976.4299352567,,,8757543.576160595,,,,,,,3039727.2638055724
1746748800000,2025-05-09,Bridged Token Value (Dollar),,7571401.944846676,,450418050,,1901682.3113431137,,,9778334.378940567,,,,,,,3062474.984239063
1746835200000,2025-05-10,Bridged Token Value (Dollar),,7571401.9448466925,,450418050,,1901683.071343114,,,9778334.378940567,,,,,,,3059502.716321663
1746921600000,2025-05-11,Bridged Token Value (Dollar),,7571401.944846693,,450418050,,1901683.071343114,,,9778334.378940567,,,,,,,3059352.3189553022
1747008000000,2025-05-12,Bridged Token Value (Dollar),,7731639.443769535,,487885500,,1901960.2627173765,,,10142599.66110104,3264.014052,,,,,,3075131.3347499613
1747094400000,2025-05-13,Bridged Token Value (Dollar),,8174867.838176342,,377729400,,2032769.424010924,,,10260147.602338001,3264.014052,,,,,,3262623.8186735916
1747180800000,2025-05-14,Bridged Token Value (Dollar),,8259046.663017326,,313396800,,2034316.2875532552,,,11285237.549961327,4453.498213,,,,,,3253447.6387203448
1747267200000,2025-05-15,Bridged Token Value (Dollar),,8064830.318016499,,321303600,,1948818.1129441638,,,11318290.018124554,4632.445547,,,,,,3141935.2940985966
1747353600000,2025-05-16,Bridged Token Value (Dollar),,8286435.609488347,,318069000,,1992371.6929608493,,,11389531.676435726,4713.945547,,,,,,3179352.239978769
1747440000000,2025-05-17,Bridged Token Value (Dollar),,8286435.609488348,,318069000,,1992371.512960849,,,11389531.676435724,4713.945547,,,,,,3179299.5663525695
1747526400000,2025-05-18,Bridged Token Value (Dollar),,8286435.609488347,,318069000,,1992371.5129608498,,,11389531.676435724,4713.945547,,,,,,3178969.7085162504
1747612800000,2025-05-19,Bridged Token Value (Dollar),,8145626.825728247,,304681349.99999994,,2023107.078884362,,,12402411.33969773,4731.73013,,,,,,3223805.010576581
1747699200000,2025-05-20,Bridged Token Value (Dollar),,8037890.6074920865,,310072350,,2028693.7349822484,,,12352690.795056773,4739.456072,,,,,,3238152.427962934
1747785600000,2025-05-21,Bridged Token Value (Dollar),,7932208.1818185635,,294348600,,1974668.7047518694,,,12164415.249415213,4738.956072,,,,,,3043140.5721220444
1747872000000,2025-05-22,Bridged Token Value (Dollar),,8096784.837031531,,317889300,,1986597.3459243733,,,12177798.644532725,4739.469678,,,,,,3052499.19912619
1747958400000,2025-05-23,Bridged Token Value (Dollar),,8006596.875405331,,314475000,,1882927.3579796297,,,12083614.537416559,4739.4883310000005,,,661.86,,,2917511.4343201113
1748044800000,2025-05-24,Bridged Token Value (Dollar),,8006596.875405356,,314475000,,1882929.5279796296,,,12083614.537416559,4841.715509000001,,,661.86,,,2917469.886411541
1748131200000,2025-05-25,Bridged Token Value (Dollar),,8006596.875405355,,314475000,,1882929.527979629,,,12083614.537416559,5446.715509000001,,,661.86,,,2917261.273580122
1748217600000,2025-05-26,Bridged Token Value (Dollar),,8006596.875405356,,314475000,,1882929.5279796296,,,12083614.537416559,5448.104172,,,661.86,,,2915184.943225491
1748304000000,2025-05-27,Bridged Token Value (Dollar),,8058067.291284788,,312228750,,1914245.813796522,,,13341897.936354378,5453.336145,,,687.36,,,2985307.835261326
1748390400000,2025-05-28,Bridged Token Value (Dollar),,7836200.873225914,,233070900,,1870179.9511523945,,,13274695.546334598,5453.336145,,,677.16,,,2928419.257968793
1748476800000,2025-05-29,Bridged Token Value (Dollar),,7628140.1400807155,,272335350,,1882913.2099626646,,,13319084.55213695,5454.006905345836,,,678.1800000000001,,,2951463.002263144
1748563200000,2025-05-30,Bridged Token Value (Dollar),,7635326.803280444,,256072500,,1865995.3760587915,,,13313179.118836071,15454.006905074411,,,664.38,,,2913096.1152396384
1748649600000,2025-05-31,Bridged Token Value (Dollar),,7635326.803280444,,256072500,,1865995.6060587915,,,13313179.118836071,15454.006905074411,,,664.38,,,2912930.635842849
1748736000000,2025-06-01,Bridged Token Value (Dollar),,7635326.803280414,,256072500,,1865995.6060587913,,,13313179.118836071,15454.006905074411,,,664.38,,,2912890.4663510695
1748822400000,2025-06-02,Bridged Token Value (Dollar),,7666612.911356697,,238461900,,1876010.2381472127,,,14394616.780768255,15454.006905074411,,,687.78,,,3579582.8614557185
1748908800000,2025-06-03,Bridged Token Value (Dollar),,7799153.963540181,,268202250,,1941580.5154793863,,,14481171.23246309,15454.006905074411,,,703.86,,,3657432.203656541
1748995200000,2025-06-04,Bridged Token Value (Dollar),,7756229.914525729,,241966050,,1905498.7783659925,,,14502164.198624402,15454.006905074411,,,711.48,,,3603363.53261696
1749081600000,2025-06-05,Bridged Token Value (Dollar),,7569835.637789338,,234778050,,1838078.0213226872,,,14425294.93274387,15464.215833618191,,,694.14,,,3477889.801537355
1749168000000,2025-06-06,Bridged Token Value (Dollar),,7655524.511179131,,259307100,,1871569.58241629,,,14582771.668990845,16475.63849630577,,,727.2146196,,,3594921.8330685683
1749254400000,2025-06-07,Bridged Token Value (Dollar),,7655524.511179134,,259307100,,1871569.7124162894,,,14582771.668990845,16486.631614292986,,,727.2146196,,,3594742.7099088877
1749340800000,2025-06-08,Bridged Token Value (Dollar),,7655524.511179119,,259307100,,1871569.7124162903,,,14582771.668990845,16497.496482507424,,,727.2146196,,,3594742.7099088877
1749427200000,2025-06-09,Bridged Token Value (Dollar),,7722843.4692671485,,260654850,,1937397.5714241469,,,15610483.70316574,16497.496482507424,,,761.8885932000001,,,3699052.302081928
1749513600000,2025-06-10,Bridged Token Value (Dollar),,7709659.602500579,,303243750,,1946710.3768750082,,,15700275.215699015,16497.496482507424,,,771.3394416,,,3736761.8074880247
1749600000000,2025-06-11,Bridged Token Value (Dollar),,7659513.631956602,,279253800,,1961689.149543957,,,15650422.88828717,16498.496482492294,,,758.1958776,,,3711894.636621524
1749686400000,2025-06-12,Bridged Token Value (Dollar),,7615073.332250804,,284105700,,1925133.9139771778,,,15715768.359940317,16500.496482462037,,,741.67254,,,3679083.331451657
1749772800000,2025-06-13,Bridged Token Value (Dollar),,7542755.863452963,,281859450,,1934078.7426933022,,,15558793.437241115,16501.496482446903,,,685.3428384,,,3676979.019140037
1749859200000,2025-06-14,Bridged Token Value (Dollar),,7542755.863452939,,281859450,,1934078.7426933022,,,15558793.437241113,16530.596481306566,,,685.3428384,,,3676718.3414601567
1749945600000,2025-06-15,Bridged Token Value (Dollar),,7542755.863452939,,281859450,,1934078.7426933022,,,15558793.437241115,16529.68302996587,,,685.3428384,,,3675462.0113028963
1750032000000,2025-06-16,Bridged Token Value (Dollar),,7766884.033138478,,294348600,,1965520.3399267863,,,16728510.902120436,16531.58301763561,,,745.6997361,,,3701465.3527816827
1750118400000,2025-06-17,Bridged Token Value (Dollar),,7649592.002833255,,269639850,,1926310.1038880642,28489260,,16586278.094307676,16527.97554697129,,,749.8887289999999,,,3644654.8867695685
1750204800000,2025-06-18,Bridged Token Value (Dollar),,8063838.577424209,,270807900,,1973009.2265851467,28489260,,16585568.366538433,16527.97554697129,,,748.0597321,,,3644502.0992946555
1750291200000,2025-06-19,Bridged Token Value (Dollar),,8040818.447881927,,270807900,,1973009.6765851467,27897400,,16585568.366538433,16528.875534656163,,,748.0597321,,,3644156.7701411755
1750377600000,2025-06-20,Bridged Token Value (Dollar),,8144793.8658478465,163.51327270409183,284285400,,1992257.4764133361,27897400,,16521058.019188194,16530.865533395903,,,781.4612175999999,,,3667619.9397502537
1750464000000,2025-06-21,Bridged Token Value (Dollar),,8144763.027847845,163.51327270409183,284285400,,1992257.4964133354,27897400,,16521058.019188195,16531.855532150774,,,781.4612175999999,,,3667339.3769980385
1750550400000,2025-06-22,Bridged Token Value (Dollar),,8144763.336227846,163.51327270409183,284285400,,1992257.4964133357,27061560,,16521058.019188195,16531.855532150774,,,781.4612175999999,,,3667312.8102456415
1750636800000,2025-06-23,Bridged Token Value (Dollar),,8202407.3752470715,142.95812859880306,258498450,,1998010.0151913394,26814840,,17683306.097301967,16531.855532150774,,,789.6268292,,,4194964.06373963
1750723200000,2025-06-24,Bridged Token Value (Dollar),,8499001.876897046,10068.33489538121,306927599.99999994,,2083251.9948146653,27254140,,17899696.613391697,16531.855532150774,,,913.8788681999999,,,4257130.127010341
1750809600000,2025-06-25,Bridged Token Value (Dollar),,8479344.020251175,10129.044722032608,279972600,,2129218.8931946116,26580480,,17898613.21248053,16532.855532135643,,,427.495476,,,4299699.9841879215
1750896000000,2025-06-26,Bridged Token Value (Dollar),,8503234.027538225,19877.660685790695,267932700,,2152611.4561592024,26482960,,18050525.51061695,16477.75799197167,,,428.3301952,,,4318280.770497063
1750982400000,2025-06-27,Bridged Token Value (Dollar),,8198926.244620656,2920784.798117197,268202250,,2116808.3969173203,26482960,,18077124.899508458,16477.75799197167,,,712.0749678,,,5305003.309265873
1751068800000,2025-06-28,Bridged Token Value (Dollar),,8198926.244620656,3050573.165034869,268202250,,2116808.1069173203,26482960,,18146121.37467154,16479.757991941413,,,699.3880495999999,,,5304961.233918342
1751155200000,2025-06-29,Bridged Token Value (Dollar),,8198926.244620657,3050924.9260348696,268202250,,2116808.1069173203,28527660,,18146121.37467154,16479.757991941413,,,699.3880495999999,,,5304933.3431983385
1751241600000,2025-06-30,Bridged Token Value (Dollar),,8188098.5205863975,9461396.346315078,259037549.99999997,,2169787.8968419554,26708600,,19266720.563090008,16479.757991941413,,,702.5819973,,,4394780.237443348
1751328000000,2025-07-01,Bridged Token Value (Dollar),,8013804.92859903,12413610.47157696,260565000,,2048361.689916421,28385760,,19203953.241251223,16479.757991941413,,,54375.38265285001,,,4216987.469375952
1751414400000,2025-07-02,Bridged Token Value (Dollar),,8160320.913189437,19527714.69595566,264518400,,2168383.8609814052,27957580,,19315293.871055387,16479.757991941413,,,129455.84778099999,,,7188628.110506998
1751500800000,2025-07-03,Bridged Token Value (Dollar),,8084423.630557779,24210411.629459225,294708000,,2180131.36844998,27957580,,19495979.48996898,16481.77131154927,,,281854.30337954994,,,7197688.895787747
1751587200000,2025-07-04,Bridged Token Value (Dollar),,8084423.630557823,24210283.214195237,294708000,,2180131.0084499796,27957580,,19495979.48996898,16483.771311519013,,,393906.16982415,,,7197283.8767631
1751673600000,2025-07-05,Bridged Token Value (Dollar),,8084423.630557828,24210180.09462528,294708000,,2180131.0084499796,27957580,,19495979.48996898,16486.771311473625,,,393906.16982415,,,7197238.750859874
1751760000000,2025-07-06,Bridged Token Value (Dollar),,8084423.630557844,24210118.902338687,294708000,,2180131.0084499796,27428140,,19495979.48996898,16486.88191707644,,,393906.16982415,,,7197070.685391054
1751846400000,2025-07-07,Bridged Token Value (Dollar),,7858838.5147595825,26113075.761891898,268921050,,2143372.416490588,27691480,,20336849.682566028,16487.0082916186,,,405164.0551182999,,,7121391.463257703
1751932800000,2025-07-08,Bridged Token Value (Dollar),,7788603.966658901,27125442.77376405,288598200,,2151921.6690459764,28347220,,20328879.90767566,16488.282285300553,,,632775.2448708001,,,7147666.690657024
1752019200000,2025-07-09,Bridged Token Value (Dollar),,7962964.9081563875,28119506.646012988,291114000,,2235017.560060473,28363080,,20461604.204224043,16474.943835873044,,,764702.8126800001,,,7253272.834842577
1752105600000,2025-07-10,Bridged Token Value (Dollar),,8017987.924423667,29512196.76938178,285633150,,2284233.2402092763,28812360,,20496174.222150385,16510.295182553924,,,870937.7339545499,,,7310946.557058033
1752192000000,2025-07-11,Bridged Token Value (Dollar),,7982459.270247088,30216908.965026103,296505000,,2319777.4181239037,28812360,,20425672.444046795,16481.52081974257,,,930704.7942284497,,,7377115.740508789
1752278400000,2025-07-12,Bridged Token Value (Dollar),,7982459.270247087,30216866.286131177,296505000,,2319777.6481239037,28812360,,20425672.4440468,16481.728333263596,,,1055656.3423196496,,,7376612.304239138
1752364800000,2025-07-13,Bridged Token Value (Dollar),,7982428.305447088,30216839.828441013,296505000,,2319777.6481239037,29472840,,20425672.444046795,16481.728333263596,,,1055656.34231965,,,7376558.691780809
1752451200000,2025-07-14,Bridged Token Value (Dollar),,8057326.123198348,32001718.78171473,302794500,,2378926.640429011,28017020,,20466711.465859294,16514.180337369195,,,1076814.31030105,,,7469234.168026376
1752537600000,2025-07-15,Bridged Token Value (Dollar),,7983382.894850195,32173709.27706626,281500050,,2343419.502587933,28327800,,20416982.759209946,16514.622688771728,,,1226495.7421264998,,,7425411.543884356
1752624000000,2025-07-16,Bridged Token Value (Dollar),,8065886.997650204,34254361.31604546,343047300,,2403777.0493786735,28256280,,20487297.56724707,16515.743859658785,,,1288040.39315065,,,7611562.715589826
1752710400000,2025-07-17,Bridged Token Value (Dollar),,8257670.4077951275,35834556.95921728,326155500,3144.158162730081,2409158.493508603,26770240,,20616881.204841673,16482.97904908272,,,1349484.711668,,,7590883.842271661
1752796800000,2025-07-18,Bridged Token Value (Dollar),,8320039.634017173,36323822.964663886,342328500,3379.0953320573667,2344613.85931459,26770240,,20658491.655423526,16482.97904908272,,,1355497.4979569507,,,7487837.400821102
1752883200000,2025-07-19,Bridged Token Value (Dollar),,8320056.3990707,36323794.11322417,342328500,3379.0953320573667,2344613.7393145887,26770240,,20658491.655423526,16483.4888977864,,,1410526.1403210505,,,7486493.644581032
1752969600000,2025-07-20,Bridged Token Value (Dollar),,8320056.399070701,36323712.1210968,342328500,3379.0953320573667,2344613.7393145896,26803760,,20658491.655423526,16483.4888977864,,,1329065.2565098503,,,7486381.596626454
1753056000000,2025-07-21,Bridged Token Value (Dollar),,8258673.849069042,36742721.33991156,301985850,3507.4281961545307,2344592.4377264115,25923800,,20704729.18366197,16484.09310309451,,,1311527.44650505,,,7495881.778563366
1753142400000,2025-07-22,Bridged Token Value (Dollar),,8162210.611894538,36534146.80429915,312049050,4212.826040004679,2331040.8102722773,25832140,,20681761.922349915,16484.058025780534,,,1423976.7635536,,,7488296.241737321
1753228800000,2025-07-23,Bridged Token Value (Dollar),,8119414.069780063,36129974.824779704,307376850,7102.195744950458,2284133.190369416,25596640,,20836597.19769397,16486.260461646827,,,1468931.1926077004,,,7432187.246227174
1753315200000,2025-07-24,Bridged Token Value (Dollar),,8039470.670958724,36721390.28706522,301985850,14762.013725445066,2274514.523147229,25027380,,20867151.843142092,16487.368626934393,,,1513181.7475005991,,,7411019.076981153
1753401600000,2025-07-25,Bridged Token Value (Dollar),,7977778.785320519,37927033.130987175,296684700,25563.101537526436,2240040.345141019,25027380,,20940204.827470466,16489.617304487718,,,1496259.2474928,,,7389629.619041871
1753488000000,2025-07-26,Bridged Token Value (Dollar),,7977778.785320519,37927017.84477327,296684700,25562.021537526452,2240031.115141019,25027380,,20940204.82747047,15349.011482225684,,,1496259.2474928005,,,7388944.693115829
1753574400000,2025-07-27,Bridged Token Value (Dollar),,7977778.785320489,37927004.102044165,296684700,25559.262414279016,2240031.1151410197,25209600,,20940204.82747047,14959.067421004891,,,1496259.2474927998,,,7388125.74288846
1753660800000,2025-07-28,Bridged Token Value (Dollar),,7752845.016212122,38132670.125719175,298391850,28041.76930573475,2222325.7246559663,24434720,,20967318.569692977,14977.97581945187,,,1462701.7946431,,,7446795.505731147
1753747200000,2025-07-29,Bridged Token Value (Dollar),,7684194.431187542,38287290.03520559,284195550,34484.236420657864,2179370.1499127746,24591680,,20912694.293887522,14987.490020554684,,,1640699.2307439002,,,7379856.091137802
1753833600000,2025-07-30,Bridged Token Value (Dollar),,7718547.295000644,38529427.097458154,261283799.99999997,37535.560308998036,2188433.0184865114,24463120,,20901118.08896447,15000.972879742409,,,1729287.8484400008,,,7355425.99796359
1753920000000,2025-07-31,Bridged Token Value (Dollar),,7692475.55406291,41173911.91482601,277097400,50600.2311792745,2203291.4607083406,22508460,,20871100.26362905,15008.509355614935,,,1756113.0962028003,,,7369180.848841886
1754006400000,2025-08-01,Bridged Token Value (Dollar),,7222280.990072863,40924920.67719255,254994300,52109.31524884048,2000246.7541175433,22508460,,20497537.052247368,15015.603199050367,,,1602243.0884019495,,,7144529.328169027
1754092800000,2025-08-02,Bridged Token Value (Dollar),,7222280.990072835,40924915.41509872,254994300,52109.3152488405,1999844.5441175438,22508460,,20497537.052247364,15026.358709815493,,,1602243.0884019504,,,7144500.681642356
1754179200000,2025-08-03,Bridged Token Value (Dollar),,7222280.990072834,40924904.25586582,254994300,52109.31524884052,2000211.1741175435,23308080,,20497537.052247368,15034.697486358866,,,1602243.0884019504,,,7144447.064499605
1754265600000,2025-08-04,Bridged Token Value (Dollar),,7290150.984920308,42703119.24474065,265686450,52192.10873302733,2082028.9631620445,22099320,,20821951.815491915,14032.888944062659,,,1714314.8733912997,,,7294338.45945106
1754352000000,2025-08-05,Bridged Token Value (Dollar),,7028214.707452176,42518758.69483458,259666500,66233.28281598444,2013192.4892054785,22613220,,20712707.2742038,14034.093092154659,,,1890300.2408641004,,,7231867.645671065
1754438400000,2025-08-06,Bridged Token Value (Dollar),,7117568.942511955,43819648.89267809,263799600,71520.43801718928,2052238.573787668,23814420,,20895797.242773,14043.128237340841,,,1997822.6921922497,,,7294810.669838584
1754524800000,2025-08-07,Bridged Token Value (Dollar),,7051186.924859463,44445570.91482253,281589900,15648.232558948217,2118082.495691536,23547460,,20882789.780898515,14050.148822766647,,,2174656.0177231994,,,7376082.430845775
1754611200000,2025-08-08,Bridged Token Value (Dollar),,7104460.822886661,45447565.2020419,286621500,14928.946027799491,2105597.824574602,23547460,,21037663.139289685,14052.84163494181,,,2211591.9457107503,,,7386595.795137244
1754697600000,2025-08-09,Bridged Token Value (Dollar),,7104460.822886662,45447557.962343864,286621500,14928.94602779949,2105597.4610145893,23547460,,21037663.139289685,14062.666107203282,,,2211591.9457107503,,,7385918.941709969
1754784000000,2025-08-10,Bridged Token Value (Dollar),,7104460.822886645,45447553.70896497,286621500,14928.94602779949,2105597.4610145898,23910500,,21037663.139289685,14093.40943116707,,,2211591.9457107503,,,7385241.127824878
1754870400000,2025-08-11,Bridged Token Value (Dollar),,7167957.8021263275,46405869.49004369,270628200,33972.13334974783,2139252.9300038423,23170380,,20988213.228369042,14108.492353138312,85.44,,2224293.807653899,,,7428027.436552547
1754956800000,2025-08-12,Bridged Token Value (Dollar),,7249050.305038887,46349980.22235857,250322100,24096.336099391156,2134318.2204067647,23025800,,21234242.06152638,14109.974571428738,8732.699999999999,,2460879.82836045,,,7416188.478071703
1755043200000,2025-08-13,Bridged Token Value (Dollar),,7170461.873882215,46344012.03854481,245649900,30465.68573514043,2127518.487047148,21943480,,21276801.612369217,14195.784707792105,901297.02,,2513058.144196699,,,7387417.568539679
1755129600000,2025-08-14,Bridged Token Value (Dollar),,7082553.415150702,46664296.22850308,241247250,41120.57154211948,2078306.0877824167,21395440,,21287838.844923664,14198.026781029435,913897.16,,2567128.650533248,,,7316036.75640397
1755216000000,2025-08-15,Bridged Token Value (Dollar),,7006395.242014648,47806481.2750594,258947700,47790.44242127022,2046293.083383228,21395440,,21233103.038894646,14210.207533618357,834566.92,,2652701.076877099,,,7272787.46897289
1755302400000,2025-08-16,Bridged Token Value (Dollar),,7006395.242014648,47806475.72725036,258947700,47790.44242127022,2046291.8390932465,21395440,,21233424.978891753,14210.400700180006,834566.92,,2652701.0768771,,,7272635.453559432
1755388800000,2025-08-17,Bridged Token Value (Dollar),,7006395.242014647,47806469.84879604,258947700,47790.44242127022,2046291.8390932465,21511200,,21233424.97889175,14214.077935911217,834566.92,,2652701.0768771004,,,7272196.550124049
1755475200000,2025-08-18,Bridged Token Value (Dollar),,6966389.899307386,47864493.979861066,238821299.99999997,109675.52343654928,2042846.126618442,20030940,,21249857.69583842,14214.472105682435,859932.21,,2727728.050560399,,,7253935.054518463
1755561600000,2025-08-19,Bridged Token Value (Dollar),,6665609.909652564,46734843.17399279,243493500,137953.28955368162,1935078.4978756155,20173540,,21071515.457734972,14215.215686853267,773425.4049999999,,2536828.1622088,,,7103438.03777845
1755648000000,2025-08-20,Bridged Token Value (Dollar),,6706625.547509601,52346551.19326534,228668250,346660.8697930589,1950813.384815598,19828360,,21002967.469680324,4146.360059965685,793486.7400000001,,2315898.03913045,,,7142439.1302524805
1755734400000,2025-08-21,Bridged Token Value (Dollar),,6626251.908408844,52894551.01698351,234957750,442618.57897950616,1921564.2884052522,20941460,,20917308.97779067,4149.336636493106,773414.86,,2858822.1433711997,,,7099003.768046584
1755820800000,2025-08-22,Bridged Token Value (Dollar),,6964317.885875985,54953760.48411946,245560049.99999997,132799.9289868632,2027503.7244631953,20941460,,21251509.85847843,4149.7668323635835,827803.18,,2383798.6898751007,,,7240954.177777936
1755907200000,2025-08-23,Bridged Token Value (Dollar),,6975623.418715335,54953743.91762556,245560049.99999997,132799.9289868632,2027505.289333146,20941460,,21251509.85847843,4152.166895956567,827803.18,,2383798.6898751,,,7240881.796914948
1755993600000,2025-08-24,Bridged Token Value (Dollar),,6975623.418715334,54953742.012908116,245560049.99999997,132799.9289868632,2027505.2893331458,20439400,,21251509.85847843,4153.213664697898,827803.18,,2383798.6898751017,,,7240693.552841139
1756080000000,2025-08-25,Bridged Token Value (Dollar),,6827167.60817847,54520794.901110046,235946100,134191.65240771213,1965957.0455501243,20482120,,21179080.208653618,4165.591276157929,794781.7000000001,,2913659.0084606004,,,7168511.399260332
1756166400000,2025-08-26,Bridged Token Value (Dollar),,6831913.024913376,55342536.95124348,242415300,27371.90291770094,1996555.6147912254,20486520,,21268539.26506658,4148.562434739342,800285.2799999999,,2778352.152291002,,,7210674.5627343375
1756252800000,2025-08-27,Bridged Token Value (Dollar),,6855491.702160729,55172106.625108846,244841250,40995.96110635691,1970948.4277943673,20291280,,21317958.585690595,4224.1796616850115,790249.34,,2820445.797755198,,,7120806.483217926
1756339200000,2025-08-28,Bridged Token Value (Dollar),,6798154.424012752,55560564.70640527,235047600,41999.88620509308,1959944.3240985032,20155220,,21420014.919287734,4155.167802755291,793486.7400000001,,3058491.60842325,,,7114319.166162515
1756425600000,2025-08-29,Bridged Token Value (Dollar),,6747666.954421652,56303618.565491684,226601700,42572.17233894644,1930070.0848032834,20155220,,21249678.863787662,4156.934495636766,760465.2599999999,1285.08,2993996.67740385,,,7069012.45697118
1756512000000,2025-08-30,Bridged Token Value (Dollar),,6747666.954421652,56303616.16383513,226601700,42572.17233894646,1930069.5179233067,20155220,,21249678.863787662,4158.844361221578,760465.2599999999,1285.08,2993996.677403848,,,7068712.097354969
1756598400000,2025-08-31,Bridged Token Value (Dollar),,6747666.954421652,56303611.25919077,226601700,42572.172338946446,1930069.517923307,20155220,,21249678.863787662,4168.5909171743,760465.2599999999,1285.08,2993996.67740385,,,7068662.321851652
1756684800000,2025-09-01,Bridged Token Value (Dollar),,6747666.954421652,56303616.8054743,226601700,42572.172338946446,1930069.5179233067,20218040,,21249678.863787662,4170.335217458948,760465.2599999999,1285.0800000000002,3048564.7575403987,,,7066916.796063488
1756771200000,2025-09-02,Bridged Token Value (Dollar),,6766484.080957333,57573022.41258736,222738150,290261.7076720028,1944425.5105375377,19300920,,21106027.50376289,4178.327994631223,782155.84,4929605.099246914,3100826.937690801,,,7056311.085137055
1756857600000,2025-09-03,Bridged Token Value (Dollar),,6720788.343842816,58123514.55689892,218605049.99999997,21388600.068192888,1912694.8396396833,18693780,,21246668.483039808,4245.252283266945,789601.86,4927955.098309926,3334020.490076453,,,7017837.8412663145
1756944000000,2025-09-04,Bridged Token Value (Dollar),,6782568.577051821,58625397.70576106,218425350,37006950.19381036,1917126.863254789,18961540,,21431029.531176753,4244.44876503833,741871.62,4925085.694619424,3329946.5996622997,,,7063183.436193685
1757030400000,2025-09-05,Bridged Token Value (Dollar),,6712952.693125995,60809978.709093854,215909550,51788671.49562168,1932241.212437624,18961540,,21396972.704137385,4245.916565243552,761240.4299999999,4925963.999506832,3428101.4797733002,,,7112721.506275251
1757116800000,2025-09-06,Bridged Token Value (Dollar),,6712952.693125995,60809973.10122383,215909550,51788671.495621696,1932240.9829176024,18961540,,21396972.70413739,4246.9443737347165,761240.4299999999,4925958.449851042,3428101.4797733002,,,7112711.307917565
1757203200000,2025-09-07,Bridged Token Value (Dollar),,6712952.693125994,60809972.288515076,215909550,51788671.49562169,1932240.9829176024,18475800,,21396972.704137385,4248.076425570407,761240.4299999999,4925976.285122616,3428101.479773299,,,7112672.865035205
1757289600000,2025-09-08,Bridged Token Value (Dollar),,6731229.286356434,62299714.73279757,236305500,67378001.80216071,1920143.3064013878,18288260,,21467733.2932591,4259.852146785602,784897.5399999999,4918072.247961543,3565094.1700517014,,,7103232.062557008
1757376000000,2025-09-09,Bridged Token Value (Dollar),,6910665.459322083,63049781.715046175,240348750,86198002.18105006,1940574.8953528071,18960900,,21545854.914746467,4261.286882030506,887958.0599999999,4925089.008776465,3658202.52168675,,,7125913.763162015
1757462400000,2025-09-10,Bridged Token Value (Dollar),,6909200.311935006,64237088.95822997,246997650,105601789.49483432,1932021.011125662,18307840,,21654747.546627447,4262.792348276346,873445.2799999999,4920201.344690138,3814751.075960101,,,7129260.950337938
1757548800000,2025-09-11,Bridged Token Value (Dollar),,6964714.197124975,67436776.28146707,259307100,131092722.56972502,1949342.389444669,18220480,,21815195.922062427,4083.059941585927,966885.17,4925307.617930453,3629683.192587899,,,7159725.68136428
1757635200000,2025-09-12,Bridged Token Value (Dollar),,6954435.105864119,70122215.00903118,254814600,148841526.2202831,1977372.7614183614,18220480,,21819847.451910846,4083.268490785827,994682.7,4639810.374024878,3657043.382895149,,,7209316.345614734
1757721600000,2025-09-13,Bridged Token Value (Dollar),,6954435.10586412,70122198.47747543,254814600,148841526.22028315,1977372.3246983166,18220480,,21812205.44473278,4126.76181751772,994682.7,4680556.171673305,3759674.9755157987,,,7207526.5595238935
1757808000000,2025-09-14,Bridged Token Value (Dollar),,6954435.105864153,70122196.60463715,254814600,148841526.22028315,1977372.3246983166,18030680,,21812205.44473278,4138.961815683611,994682.7,4683297.554765627,3759674.9755157987,,,7207005.045617492
1757894400000,2025-09-15,Bridged Token Value (Dollar),,6988865.491126079,72226261.91055462,250501800,165635733.37330234,1983513.4575931407,18303780,,21967746.9441576,4100.08720560415,1030518.07,4370347.103952701,3818668.757236502,,,7230750.969559598
1757980800000,2025-09-16,Bridged Token Value (Dollar),,6985802.814835443,73736200.04986057,266854500,177473315.66015488,2011650.182520288,17897820,,21950584.83332691,4101.925346805156,1066018.53,4037304.091603862,3958956.9796286495,,,7266925.699197717
1758067200000,2025-09-17,Bridged Token Value (Dollar),,6907866.083947328,74141482.88273172,253736400,191128775.28876725,2034400.4526004575,18603040,,21919233.7935534,4113.007871237499,1105537.91,3974623.567393178,3681600.6759902546,,,7246124.944038014
1758153600000,2025-09-18,Bridged Token Value (Dollar),,7153338.399043562,76095237.85074013,262901100,204350331.0207214,2144341.1632048264,18569500,,22048958.760355484,4114.595556411703,1107882.28,3927267.9071824923,3967493.708115499,,,7368277.888839089
1758240000000,2025-09-19,Bridged Token Value (Dollar),,7151204.025976157,79547383.91348016,262182300,211714701.512035,2134440.9405276664,18569500,,22171999.790505685,4117.645133788589,1100849.17,3802723.663506383,4426082.960901998,,,7373916.413211396
1758326400000,2025-09-20,Bridged Token Value (Dollar),,7151204.025976157,79547378.01310952,262182300,211714701.51203507,2134441.384177666,18569500,,22172000.18510568,4037.3890632730267,1100849.17,3801807.059103987,4506798.533007698,,,7373811.6977954665
1758412800000,2025-09-21,Bridged Token Value (Dollar),,7151204.025976157,79547376.82678077,262182300,211714701.512035,2134441.384177666,18220660,,22172000.185105685,4037.963591484848,1100849.17,3798673.771818063,4506798.533007704,,,7373519.776322757
1758499200000,2025-09-22,Bridged Token Value (Dollar),,7062493.553313732,79553769.1943866,266764650,222400917.0783756,2100724.722262465,17826760,,22285436.04052958,4036.1797214042504,1128311.79,4039638.4862372293,4582847.973516651,,,7354531.507067513
1758585600000,2025-09-23,Bridged Token Value (Dollar),,6945198.543230604,79851182.59728473,256521750,229132252.90681896,2053474.7924146482,17359020,,22130805.537862886,4042.536844041249,1109891.74,3951954.0670927735,4447375.69209335,,,7292198.751880911
1758672000000,2025-09-24,Bridged Token Value (Dollar),,6946290.582054603,81039315.97990005,287520000,233561672.68822163,2055941.3388461084,16149400,,22057293.514677066,4041.486668661254,1148886.45,3793398.4232707247,4756672.086446117,,,7291956.891712329
1758758400000,2025-09-25,Bridged Token Value (Dollar),,6746683.585222494,79281747.56500423,259666500,237526986.18285048,1969271.95959793,16600520,,21890477.915263988,4041.564895974957,1076013.075,3880637.2446528333,4730813.776128997,,,7147696.250256995
1758844800000,2025-09-26,Bridged Token Value (Dollar),,6793826.799447229,80838208.82411465,256162350,242279636.32721233,2017421.1448576523,16600520,,22007531.357689727,4047.375896340947,1035304.5,3980957.4894083603,4323199.137745401,,,7213492.255129433
1758931200000,2025-09-27,Bridged Token Value (Dollar),,6793826.7994472515,80838204.19810152,256162350,242279636.32721224,2017422.8539776448,16600520,,22007531.58048973,4048.939585069557,1035304.5,3986846.4402790735,4523148.674975901,,,7213241.312076214
1759017600000,2025-09-28,Bridged Token Value (Dollar),,6793826.799447252,80838202.81645565,256162350,242279636.32721233,2017422.8539776455,17344640,,22007531.58048973,4049.325330199384,1035304.5,3998643.520172405,4523148.674975901,,,7213177.4415808935
1759104000000,2025-09-29,Bridged Token Value (Dollar),,6911643.229028136,83566558.83449623,260115750,244526171.84259403,2100593.662192859,17489820,,22102101.101132005,4049.9565129080174,1148886.45,4009629.626904438,4446685.276752773,,,7325416.300953325
1759190400000,2025-09-30,Bridged Token Value (Dollar),,6834625.5505069485,85793433.06971036,249603300,245172337.50215176,2091830.2300357088,17963220,,22177883.752374906,4050.2481752132094,1132804.05,3771379.226799635,4576516.4877372645,,,7323312.312714216
1759276800000,2025-10-01,Bridged Token Value (Dollar),,6901115.7333451025,87996860.0444825,254365350,247515837.08701122,2168740.2419425813,19006860,,22276379.887082182,4050.5495136577083,1200484.15,3742200.8361917147,5151434.295311841,,,7409702.1745720785
1759363200000,2025-10-02,Bridged Token Value (Dollar),,7130752.317123999,90708452.95256926,277277100,248768597.1619411,2241837.754905692,19081460,,22294408.25949812,4050.878168455859,1223602.6,3545164.742673946,5182687.521086795,,,7462822.275989294
1759449600000,2025-10-03,Bridged Token Value (Dollar),,7216408.833865478,92847915.27729549,270089100,249138669.30696067,2245961.131607295,19081460,,22265729.446896352,4050.879136977779,1211540.7999999998,3486568.615875156,5257341.207757599,,,7455456.75393864
1759536000000,2025-10-04,Bridged Token Value (Dollar),,7216408.833865477,92847903.8830159,270089100,249138669.30696067,2245959.291557296,19081460,,22265729.446896352,4065.917567507372,1211540.7999999998,3480651.5049542896,5319815.9911899995,,,7455313.682830939
1759622400000,2025-10-05,Bridged Token Value (Dollar),,7216408.833865478,92847900.77430876,270089100,249138669.3069606,2245959.2915572957,19146980,,22265729.446896352,4071.536304165718,1211540.7999999998,3479903.9066861733,5319815.991190005,,,7454806.22493261
1759708800000,2025-10-06,Bridged Token Value (Dollar),,7286894.202140157,94710599.92143267,284824500,250618963.97575867,2289643.6157232635,17722800,,22378718.54617234,4073.042231659447,1301334.2000000002,3071593.3396282154,5533369.4789975975,,,7548820.146496818
1759795200000,2025-10-07,Bridged Token Value (Dollar),,7168916.221325705,93074961.41711617,266944350,249880751.7197627,2172619.541832205,17633600,,22275590.12151461,4073.242901330255,1326127.9,3168223.673635179,5745707.449259293,,,7351934.320596583
1759881600000,2025-10-08,Bridged Token Value (Dollar),,7303105.24205729,96211816.60910763,270178950,252377755.7476847,2202168.6243552137,17012180,,22438283.88443988,4073.469767501245,1386796.55,3184022.4988515535,5875290.638551014,,,7392550.180562097
1759968000000,2025-10-09,Bridged Token Value (Dollar),,7296685.854189968,95342771.46850805,266584950.00000003,252987794.07661542,2170932.927501094,16281180,,22393945.15348329,4073.5676749785866,1414605.18,3091357.049968394,6018671.271236702,,,7340460.928468958
1760054400000,2025-10-10,Bridged Token Value (Dollar),,6897299.019718434,92034530.87500417,256072500,244699706.0265876,2054760.4079555008,16281180,,21755255.696645774,4073.790390629599,1319447.29,3062046.713862107,6086300.7922322955,,,7167725.189779948
1760140800000,2025-10-11,Bridged Token Value (Dollar),,6897221.191538434,92034291.63771082,256072500,244699706.0265876,2054757.6788855179,16281180,,21755255.696645774,4073.876384278448,1319447.29,3059692.390174234,6091555.7026191,,,7167671.848093856
1760227200000,2025-10-12,Bridged Token Value (Dollar),,6897197.271868449,92044451.55072428,256072500,244699706.0265876,2054757.678885518,16699740,,21755255.696645774,4073.9093372278985,1319447.29,3065339.0463290447,6091555.702619101,,,7167671.848093857
1760313600000,2025-10-13,Bridged Token Value (Dollar),,6940019.897415468,96048045.92574045,257330400,251597791.08859226,2105601.6708017387,15678140,,22134081.883520517,4073.9093372278985,1381435.73,3071546.5328984773,6406439.806943791,,,7282152.844997188
1760400000000,2025-10-14,Bridged Token Value (Dollar),,6778519.607802218,95055137.63662256,249693150,250606789.02382725,2027130.1302797012,15443920,,22064655.136968266,4083.884337177486,1378419.92,3071698.967797791,6463882.870761469,,,7182266.037471933
1760486400000,2025-10-15,Bridged Token Value (Dollar),,6711367.239949851,97022863.36995761,246817950,251617368.93409634,2016719.9098454472,14711280,,22198208.2318668,4084.0679366494537,1404553.9700000002,3386669.070744737,6907846.423792524,,,7185008.979308568
1760572800000,2025-10-16,Bridged Token Value (Dollar),4963797.69,6651393.236500746,98138561.37545584,226242300,248937902.67353874,1964686.6332899288,14944540,,22087459.76797744,4074.5939641867294,1337209.2349999999,3667063.977955222,6830445.255552282,,,7115952.316052382
1760659200000,2025-10-17,Bridged Token Value (Dollar),4931810.39,6710996.451323524,104817097.68057199,223367100,250926846.19127595,1998446.1420200912,14944540,,22185915.7067203,4074.608964169966,1265840.6500000001,3576648.3548912355,6371800.05632095,,,7159854.856843675
1760745600000,2025-10-18,Bridged Token Value (Dollar),4931810.39,6710996.451323524,104817081.27531937,223367100,250926846.19127586,1998445.8081500912,14944540,,22185915.7067203,4119.3373736245385,1265840.6500000001,3590545.1105450634,6371800.056320951,,,7159854.856843675
1760832000000,2025-10-19,Bridged Token Value (Dollar),4931810.39,6710996.451323524,104817077.60071115,223367100,250926846.19127575,1998445.808150091,15507620,,22185915.7067203,4120.05975276071,1265840.6500000001,3586881.4761640746,6371800.056320951,,,7159816.914976909
1760918400000,2025-10-20,Bridged Token Value (Dollar),4957333.279999999,6845104.686496743,107634349.56736587,234778050,252349995.0734648,2039729.3982694177,15590220,,22423858.674502615,4120.106118729876,1328493.59,3254476.3928220747,6191767.079838655,,,7232663.147416239
1761004800000,2025-10-21,Bridged Token Value (Dollar),5010532.869999999,6797184.990048899,108389594.17745678,221749800,251761727.15724087,2044398.2868014323,14583020,,22415532.479432378,4120.106118729876,1436042.96,3117106.387426057,6331258.45170031,,,7244530.487854053
1761091200000,2025-10-22,Bridged Token Value (Dollar),5010386.2700000005,6589268.170461473,110452481.03105044,209170800,249045113.42574272,1947608.9003802096,14840140,,22289056.681876965,4121.061032916899,1251094.9700000002,3227906.517672958,5581230.360865379,,,7139766.781110267
1761177600000,2025-10-23,Bridged Token Value (Dollar),4983631.15,6618008.695338596,114079570.9643954,215640000,252347292.65384772,1973899.0344595034,15251360,,22439155.949890286,4121.16249567679,1293310.81,3388874.291094017,5714429.33456675,,,8577348.424975054
1761264000000,2025-10-24,Bridged Token Value (Dollar),5012303.84,6970223.300827418,116070865.26464872,228488550,253931552.7369343,2028140.5322070995,15251360,,22635286.000040308,4121.185344723086,1334185.77,3464547.8213402154,6547608.553788006,,,8661566.289669942
1761350400000,2025-10-25,Bridged Token Value (Dollar),5012303.84,6970223.300827419,116070859.38685985,228488550,253931552.73693436,2028140.841097095,15251360,,22635286.00004031,4121.330428297825,1334185.77,3464832.5402133274,6547608.55378801,,,8661406.86993378
1761436800000,2025-10-26,Bridged Token Value (Dollar),5012303.84,6970223.300827418,116070857.21337934,228488550,253931552.73693433,2028140.841097095,15696460,,22635286.000040308,4122.786878735583,1334185.77,3473156.431688999,6547608.55378801,,,8661396.691911379
1761523200000,2025-10-27,Bridged Token Value (Dollar),5051551.41,7033385.580285518,121123390.26346204,233789700,257637252.0680314,2077311.891201924,15214880,,22945085.662934188,4124.027983729822,1358644.72,2941242.2615297707,6591701.40645294,,,8751475.067529898
1761609600000,2025-10-28,Bridged Token Value (Dollar),5113312.51,7002163.185171781,123131356.79338115,224714850,257783221.47483578,2053252.5346996966,14665120,,23027845.11095461,4124.028055402973,1248316.15799022,2814811.4935567933,6756882.2918453235,,,8725191.39462351
1761696000000,2025-10-29,Bridged Token Value (Dollar),5125110.99,6910702.511678698,129769379.84459506,221659950.00000003,256607376.86756036,2018565.3437016867,13696940,,23050766.094764125,4124.042293122997,1219525.8128287399,2792264.840522029,7106548.06766846,,,8688394.408126753
1761782400000,2025-10-30,Bridged Token Value (Dollar),5125110.99,6691966.5023016585,127986265.63667525,213214050,256569906.83574012,1909433.272901838,14529420,,22777120.050800793,4114.796674691893,1142532.1892573403,3126786.0684155617,7014450.661514482,,,8466395.16276033
1761868800000,2025-10-31,Bridged Token Value (Dollar),5073387.26,6869294.870929233,132889655.06240806,220042650,256176658.1407247,1942653.371746226,14529420,,22871041.761333633,4114.803109123786,1171990.6338411798,3155773.5618847413,7058651.320154039,,,8570063.334078576
1761955200000,2025-11-01,Bridged Token Value (Dollar),5073387.26,6869296.5645973515,132893458.28789403,220042650,256176658.14072478,1976541.8168371364,14529420,,22871041.761333633,4114.879974035569,1171990.6338411798,3159318.326951302,7058642.047523838,,,8569629.884503819
1762041600000,2025-11-02,Bridged Token Value (Dollar),5073387.26,6869296.564597351,132893454.86113657,220042650,256176658.14072472,1976541.8168371366,14256140,,22871041.761333633,4114.887128227417,1171990.6338411798,3167740.8523170836,7058642.0475238385,,,8569535.83813778
1762128000000,2025-11-03,Bridged Token Value (Dollar),108999.99999972324,6718755.636256944,133356480.15263163,226332150,256578124.1880735,1961878.425001875,13163580,,22934559.035570502,1865.2022826731493,1167638.4125958402,3031350.610919519,7134193.39157494,,,8553236.786328591
1762214400000,2025-11-04,Bridged Token Value (Dollar),109282.02999999993,6447054.512524553,130414186.11657956,207823050,252289668.19043633,1888487.4013593097,13560000,,22626587.923502676,1866.3020849666623,1043440.87474806,2937377.351427292,6877989.386816809,,,8404124.343230844
1762300800000,2025-11-05,Bridged Token Value (Dollar),108015.32999999991,6567353.786000992,132783550.47360249,208811400,256261304.01095453,1864182.1272746949,12597400,,22716084.67862256,1866.3020849666623,1052479.50194992,3031824.16516585,6596592.743096097,,,8482975.059800312
1762387200000,2025-11-06,Bridged Token Value (Dollar),108357.41999999995,6215994.482152194,129415727.98875457,192728250,255576394.17281115,1830344.776165485,12901160,,22443532.276524283,1866.3020849666623,1016994.48256484,3083698.9546808884,6762213.507924531,,,8338446.751907572
1762473600000,2025-11-07,Bridged Token Value (Dollar),107198.58999999988,6355914.369681813,131709356.07574494,194255700,256204199.92200074,1797365.0156453303,12901160,,22439951.729197826,1866.3020849666623,1056496.2384840802,3097522.2224197183,7032040.562292499,,,8359914.785877099
1762560000000,2025-11-08,Bridged Token Value (Dollar),107198.58999999988,6355914.905740657,131776391.27723928,194255700,256399695.29158393,1811100.8034850773,12901160,,22439951.729197826,1866.3020849666623,1056496.2384840802,3091290.3486937354,7032065.498861402,,,8359854.258915773
1762646400000,2025-11-09,Bridged Token Value (Dollar),107198.58999999988,6355914.905740659,131776390.07579179,194255700,256399695.29158393,1811100.803485077,12792960,,22439951.72919783,1866.8070233249382,1056496.2384840802,3124715.480844635,7032065.498861401,,,8359842.727578574
1762732800000,2025-11-10,Bridged Token Value (Dollar),107309.0499999999,6492372.139121057,136597979.4768,196412100,259850605.98094615,1822486.3981978165,12366700,,22828578.601814613,1867.5354415964753,1064196.1668412199,3067028.518219822,7237609.47460293,,,8419915.385613585
1762819200000,2025-11-11,Bridged Token Value (Dollar),107309.0499999999,6357040.879986377,135376742.51291373,191290650,260114578.701323,1804316.4490106842,12093620,,22848482.62284553,1867.7481220819982,1029045.73216732,3040355.1597959246,7238381.20678338,,,8378428.818548447
1762905600000,2025-11-12,Bridged Token Value (Dollar),109201.82999999993,6358567.773389429,135101116.46449175,178891350,259720777.99108,1769604.5202570502,11158680,,22839870.518979415,1874.7310928281452,1097270.02185986,2887217.3043992296,7314989.868814521,,,8342058.552404229
1762992000000,2025-11-13,Bridged Token Value (Dollar),109264.15999999989,6113724.956650306,134402495.03325793,163077750,257693924.51528385,1701381.1880924548,10759500,,22427220.588638358,1876.1574491019053,1056689.64325432,3090097.7956041317,6960799.276218656,,,8191287.335317607
1763078400000,2025-11-14,Bridged Token Value (Dollar),107481.40999999989,6110966.547666337,137493828.29324746,155440500,259405997.24114487,1641791.0765891378,10759500,,22431748.41298963,1876.1574491019053,1029642.94924812,3213342.753731642,6978481.4446717175,,,8165458.0722306585
1763164800000,2025-11-15,Bridged Token Value (Dollar),107481.40999999989,6110965.551277079,137597572.9225556,155440500,259497462.05522946,1630620.550803032,10759500,,22431748.412989635,1876.1574491019053,1029642.94924812,3243686.7925769887,6978478.664948718,,,8165386.225938495
1763251200000,2025-11-16,Bridged Token Value (Dollar),107481.40999999989,6110965.551277079,137597581.05895916,155440500,259497462.05522943,1630620.5508030308,10492640,,22431748.412989635,1876.1606683368143,1029642.94924812,3232649.0598338507,6978478.664948718,,,8165224.753843054
1763337600000,2025-11-17,Bridged Token Value (Dollar),107455.55999999991,5861157.463539248,140038897.30926064,143670150,257921849.6046558,1604698.9925870942,11005600,,22235440.01538552,1876.1606683368143,976071.14679472,3176904.4952757517,7062900.45347167,,,8125401.826946413
1763424000000,2025-11-18,Bridged Token Value (Dollar),106456.58999999994,5824590.616262972,141205014.96748802,140615250,256222247.9570709,1593032.8097818936,10013000,,22037491.406125713,1876.1606683368143,994444.19019844,3297422.2421789686,6940141.053291222,,,8142019.240979273
1763510400000,2025-11-19,Bridged Token Value (Dollar),105577.70999999993,5786541.878452221,144583378.29132974,130102800,258452021.0968041,1573893.5523620078,9679460,,22153050.39243848,1876.2171922064472,997874.72899968,3297493.1667444156,7041790.652456487,,,8071878.300775777
1763596800000,2025-11-20,Bridged Token Value (Dollar),105968.36999999994,5544272.9459736375,142650761.28371948,127497150,251076717.61057144,1505326.2789351395,9331000,,21778686.778524917,1876.2171922064472,935243.25496554,3118447.8022820717,7542183.20765998,,,7977601.125126269
1763683200000,2025-11-21,Bridged Token Value (Dollar),104361.65999999993,5602535.622000769,144977641.8912078,131630250,254510636.57582867,1465753.3572386764,9331000,,21971512.721090514,1876.2171922064472,916938.5905835602,3214993.98032358,7459449.147824897,,,7960303.549256295
1763769600000,2025-11-22,Bridged Token Value (Dollar),104361.65999999993,5602534.870416154,145075322.58043882,131630250,254660737.31193054,1458410.2948749927,9331000,,21971512.72109052,1876.2171922064472,916938.5905835602,3203174.024373962,7459400.327701897,,,7960402.261150077
1763856000000,2025-11-23,Bridged Token Value (Dollar),104361.65999999993,5602534.870416154,145075319.32466474,131630250,254660737.3119307,1458410.2948749927,9879680,,21971512.72109052,1876.2171922064472,916938.5905835602,3242219.3273317683,7459400.327701897,,,7960402.261150075
1763942400000,2025-11-24,Bridged Token Value (Dollar),105388.78999999994,5803661.632339489,152329924.47928342,136392300,259881424.7299152,1496575.8899157438,9538480,,22375102.564325593,1876.2171922064472,968485.9083040401,3271877.6764738588,7966901.508790942,,,8073075.549568171
1764028800000,2025-11-25,Bridged Token Value (Dollar),106946.30999999992,5822899.612411269,154162345.0163301,131630250,263590328.89345452,1511476.9427394741,9796880,,22587839.49293639,1881.3989884024963,990128.80708664,3211723.7378492844,7705957.185314317,,,8045452.618761368
1764115200000,2025-11-26,Bridged Token Value (Dollar),107932.57999999999,5932749.598526259,162248317.06432062,159843150,267804924.56855023,1520114.8507649954,9796880,,22733075.315588813,1881.3989884024963,1017360.0961363199,3253954.2546038916,8008781.512765002,,,8098686.905354744
1764201600000,2025-11-27,Bridged Token Value (Dollar),107932.57999999999,5932749.989660441,162340241.74492165,159843150,267755818.22662368,1536141.5539904563,10091560,,22739251.743847806,1881.3989884024963,1017360.0961363199,3279563.3771807435,8017159.212963782,,,8098520.158175319
1764288000000,2025-11-28,Bridged Token Value (Dollar),108669.44999999998,6027546.119126987,166847708.9489505,148432200,270767478.86516225,1552879.8463856163,10091560,,22893182.38114692,1881.3989884024963,1034934.46702762,3352327.9188029002,8261870.475027744,,,8118169.460680015
1764374400000,2025-11-29,Bridged Token Value (Dollar),108669.44999999998,6027546.293724617,166846898.86881772,148432200,270767478.86516213,1566565.1673083464,10091560,,22893182.381146923,1881.3989884024963,1034934.46702762,3369431.6349873375,8261906.21720996,,,8118067.665540986
1764460800000,2025-11-30,Bridged Token Value (Dollar),108669.44999999998,6027546.293724617,166846895.3839626,148432200,270767478.86516196,1566565.1673083464,9579640,,22893182.381146923,1881.3989884024963,1034934.46702762,3348331.975196445,8261906.217209966,,,8118020.827031782
1764547200000,2025-12-01,Bridged Token Value (Dollar),109260.6899999999,5888207.838878801,170502008.09462392,132978000,276990699.7998167,1546181.3310610114,10105860,,22798476.502039623,1881.3989884024963,958338.3897264,3316573.7780952966,8134333.175949925,,,8092094.557932587
1764633600000,2025-12-02,Bridged Token Value (Dollar),108759.10999999999,5944694.378626311,171935962.56550542,130102800,282170655.11713284,1555705.7117404682,10412380,,22887461.99386683,1881.3989884024963,984087.25655248,3339170.0682436,8205092.933969771,,,8157930.84243771
1764720000000,2025-12-03,Bridged Token Value (Dollar),108948.68999999992,6077248.738285837,179576364.17046824,128755050,285821385.5621502,1603179.4267092545,10332420,,22964411.388212726,1881.3989884024963,1182264.2347419,3463280.6009921446,8409695.331219537,,,8253054.865119509
1764806400000,2025-12-04,Bridged Token Value (Dollar),109326.56999999996,6044954.90623157,181240709.7270183,138548700,287180385.17106605,1615350.9925524741,9947580,,22999275.038031507,1881.3989884024963,1249471.24972326,3431666.8243031814,8609174.553095784,,,8263717.930417476
1764892800000,2025-12-05,Bridged Token Value (Dollar),109413.96999999996,6022960.980501258,179833221.15903324,131270850,287848645.4164816,1591931.322157618,9947580,,23065197.699859414,1881.3989884024963,1164954.18822018,3392921.4186055413,8530138.446684938,,,8233847.719764994
1764979200000,2025-12-06,Bridged Token Value (Dollar),109413.96999999996,6022960.184740573,179953555.60519102,131270850,287889617.3892911,1580278.2835335226,9947580,,23065197.699859414,1881.3989884024963,1164954.18822018,3390870.539010464,8530155.685108334,,,8233708.390347017
1765065600000,2025-12-07,Bridged Token Value (Dollar),109413.96999999996,6022960.184740573,179953553.63449162,131270850,287889617.3892913,1580278.2835335229,10254980,,23065197.699859418,1881.3989884024963,1164954.18822018,3412542.970426269,8530155.685108332,,,8232732.572589822
1765152000000,2025-12-08,Bridged Token Value (Dollar),109609.72999999998,6038862.991516939,179364830.88900125,133337400,290309749.0190227,1586277.499634447,10667580,,22994481.39555235,1881.3989884024963,1176417.79046862,3395260.377048606,9105288.939652443,,,8272772.0907137
1765238400000,2025-12-09,Bridged Token Value (Dollar),109284.72999999995,6077658.355774129,182393093.4695888,137290800,291173640.07567024,1604225.6652561766,10809880,,22993374.880461752,1881.3989884024963,1296129.0424251,3443397.176855522,9322826.87967776,,,8305856.185119405
1765324800000,2025-12-10,Bridged Token Value (Dollar),109192.9999999999,6093098.078476558,183327748.07865432,141334050,295450484.04324424,1606899.2113301125,10483600,,23132442.279444456,1881.3989884024963,1282178.13240336,3449917.8267267463,8797384.996355437,,,8300848.855863835
1765411200000,2025-12-11,Bridged Token Value (Dollar),109897.7699999999,6038368.09915931,180902341.16354266,149061150,298346025.8430707,1589065.804149629,10150900,,23142104.584044065,1881.3989884024963,1287121.02558348,3376628.765471354,9219877.464147827,,,5744216.256529716
1765497600000,2025-12-12,Bridged Token Value (Dollar),110157.87999999957,5957749.166250983,180224106.03741908,136841550,301051456.6920348,1564348.7988916638,10150900,,22846282.25151497,1881.3989884024963,1182223.3084065,3340524.909446046,8930408.434983136,,,5696201.899408795
1765584000000,2025-12-13,Bridged Token Value (Dollar),110157.87999999957,5957748.38984336,180313033.84746364,136841550,301101514.0847945,1552306.7865893813,10150900,,22846282.251514975,1881.3989884024963,1182223.3084065,3346775.3643407007,8932594.523957707,,,5695897.158762419
1765670400000,2025-12-14,Bridged Token Value (Dollar),110157.87999999957,5957748.38984336,180313033.2931763,136841550,301101514.0847945,1552306.7865893813,9447360,,22846282.25151498,1881.3989884024963,1182223.3084065,3366113.836393834,8932594.523957705,,,5695854.804106665
1765756800000,2025-12-15,Bridged Token Value (Dollar),108978.35000000014,5805976.413148525,178966619.07433194,121836600,292095301.66523814,1518351.4834815813,9632000,,22784936.962640464,1881.3989884024963,1092304.47523572,3360764.5732514784,8772329.982364314,,,5641965.848013032
1765843200000,2025-12-16,Bridged Token Value (Dollar),108814.3399999994,5814946.88110301,183386069.76488802,129653550,298949876.46918106,1501429.0691933057,9255960,,22759397.67523213,1881.3989884024963,1084981.76787858,3265006.3582772207,8899064.741504138,,,5696557.243726568
1765929600000,2025-12-17,Bridged Token Value (Dollar),108513.59999999995,5687393.879311264,177537208.78721648,130641899.99999999,296278066.2521169,1484051.1610206673,9226080,,22480633.0466513,1881.3989884024963,1027288.5912015799,3750164.996551879,8676731.83270024,,,2778290.939868403
1766016000000,2025-12-18,Bridged Token Value (Dollar),107323.65999999997,5662940.413089146,180782564.99208328,136661850,302019086.8783828,1459343.6418164056,9702440,,22691945.22603163,1881.3989884024963,1014967.7438661801,3845228.1835371647,8806021.949214779,,,2806658.1130433367
1766102400000,2025-12-19,Bridged Token Value (Dollar),108131.59999999992,5727718.55061906,184089841.0796861,139357350,307987819.81771547,1476137.2750393057,9702440,,22923307.717710648,1881.3989884024963,1070173.859832,3871803.67409848,9148890.66280472,,,2862319.2267155484
1766188800000,2025-12-20,Bridged Token Value (Dollar),108131.59999999992,5727719.29649046,184131458.03590396,139357350,307856711.327082,1491373.0247386545,9702440,,22923307.717710648,1881.3989884024963,1070173.859832,4023838.42857001,9148918.455684513,,,2861700.605646548
1766275200000,2025-12-21,Bridged Token Value (Dollar),108131.59999999992,5727719.29649046,184125693.16748345,139357350,307856711.3270821,1491373.0247386545,9741440,,22923307.717710648,1881.3989884024963,1070173.859832,4011775.2815227723,9148918.455684513,,,2861700.6056465497
1766361600000,2025-12-22,Bridged Token Value (Dollar),109088.46999999991,5779146.986312112,186712971.9482399,141693450,313217643.86722857,1494017.8602768392,9555960,,23068426.117099527,1881.3989884024963,1087571.43921398,4008685.7670200793,9331001.67467822,,,2932280.04884025
1766448000000,2025-12-23,Bridged Token Value (Dollar),109768.73999999995,5753627.018856205,186547004.181087,141693450,314987479.717307,1482908.715137898,9645820,,23176096.732671775,1881.3989884024963,1078185.75679162,4042795.687088052,9264903.64544526,,,2913822.4262157422
1766534400000,2025-12-24,Bridged Token Value (Dollar),110268.09999999986,5723717.321815181,186989557.67407978,136392300,311196099.64816767,1470073.5816089832,9645820,,23244273.75622991,1881.3989884024963,1081164.20341274,4007799.59013105,9250664.51950723,,,2934869.9301525624
1766620800000,2025-12-25,Bridged Token Value (Dollar),110268.09999999986,5723717.415900476,186940624.50979057,136392300,311196099.64816755,1469460.725698888,9490020,,23244273.756229915,1881.3989884024963,1081164.20341274,4025915.5375501886,9243745.12928855,,,2934844.24901767
1766707200000,2025-12-26,Bridged Token Value (Dollar),110642.71999999997,5693549.739901458,185933312.8905833,135493800,311315431.5373994,1466845.1305370878,9490020,,22951801.050878827,1881.3989884024963,1050079.5771612,3989823.5182252945,9139594.781052079,,,2925434.495180763
1766793600000,2025-12-27,Bridged Token Value (Dollar),110642.71999999997,5693549.751162003,185942343.99822903,135493800,311321870.5750139,1463738.1283842186,9490020,,22951801.050878823,1881.3989884024963,1050079.5771612,4003572.2954034726,9139633.713679526,,,2925434.4951807614
1766880000000,2025-12-28,Bridged Token Value (Dollar),110642.71999999997,5693549.751162001,185926570.19178784,135493800,311321870.57501405,1463738.128384218,9226380,,22951801.050878827,1881.3989884024963,1050079.5771612,4003572.2954034726,9139633.713679524,,,2925434.4951807633
1766966400000,2025-12-29,Bridged Token Value (Dollar),110632.0199999999,5661732.885090743,184128207.72744745,134325750,310525141.56799847,1452509.7410171141,9115620,,22891625.028724678,1881.3989884024963,10506473.26509288,3995511.2488274164,9279739.445293395,,,2881888.996518639
1767052800000,2025-12-30,Bridged Token Value (Dollar),110244.12999999987,5639796.829921309,183750825.64696383,132798300,310738726.4837313,1440761.317508711,8881900,,22955867.892429195,1881.3989884024963,10553262.690068042,3995511.2488274164,9272295.898041092,,,2884805.086856715
1767139200000,2025-12-31,Bridged Token Value (Dollar),110096.52999999996,5584483.853277818,183359533.17687038,132888149.99999999,310607603.3936353,1427982.6105317955,8881900,,22785199.050269283,1881.3989884024963,10583833.545198482,3948464.174343058,9293318.925492411,,,2851368.0588990347
1767225600000,2026-01-01,Bridged Token Value (Dollar),109268.33999999988,5584483.438357002,183395063.5235525,132888149.99999999,310500490.07690465,1416905.5356084104,9214720,,22785199.050269283,1881.3989884024963,10583840.155198481,3919378.9558045478,9281810.545583457,,,2851368.0588990343
1767312000000,2026-01-02,Bridged Token Value (Dollar),109268.33999999988,5689545.076238192,178560388.135998,136572000,314997961.308836,1435369.2809963077,9214720,,22823926.71204311,1881.3989884024963,11705409.6511705,4426943.399216756,9604683.208119422,,,2879032.603983657
1767398400000,2026-01-03,Bridged Token Value (Dollar),109268.33999999988,5689545.666743606,180327914.3582441,136572000,314969092.7853239,1450632.5665725865,9214720,,22823926.71204311,1881.3989884024963,11705409.6511705,4426943.399216602,9604720.249458011,,,2879032.6039836546
1767484800000,2026-01-04,Bridged Token Value (Dollar),109465.3499999999,5689545.666743606,180327687.19516566,136572000,314969092.7853239,1450632.5665725865,10033240,,22823926.71204311,1881.3989884024963,11705409.6511705,4424714.267439322,9604720.24945801,,,2879032.6039836565
1767571200000,2026-01-05,Bridged Token Value (Dollar),109465.3499999999,5882067.999265624,184766101.38265702,140794950,320055508.0156612,1479421.5634186026,9834740,,22967782.975052927,1881.3989884024963,28333199.463403404,4633219.332209896,9799072.299975585,,,2949386.053039691
1767657600000,2026-01-06,Bridged Token Value (Dollar),109465.3499999999,5839649.078185219,183956577.88477498,143041200,326244049.6739214,1494136.156028776,10160860,,23119337.07585639,1881.3989884024963,28361345.66075744,4655357.466764806,10241838.693607422,,,2901033.2028365503
1767744000000,2026-01-07,Bridged Token Value (Dollar),110834.49999999991,5783443.901126021,184905081.61017627,145826550,332458877.04600674,1485928.9386418108,10192740,,23074660.655583397,1881.3989884024963,27987115.08222018,4777254.871966636,10404280.140637295,,,2913049.1445907345
1767830400000,2026-01-08,Bridged Token Value (Dollar),110474.83999999997,5798654.84121457,187455898.9805164,144388950,335703609.883907,1495332.4844513093,9937860,,23018658.953052074,1881.3989884024963,28199254.647967,4711732.63348443,10522309.955023281,,,2940756.778176217
1767916800000,2026-01-09,Bridged Token Value (Dollar),110457.5199999999,5750184.181262253,189712076.14564413,146814900,340989243.25353223,1492927.493342355,9937860,,23216596.540515117,1881.3989884024963,26866491.64619596,4745919.378089143,10758991.794599863,,,2935918.4174720864
1768003200000,2026-01-10,Bridged Token Value (Dollar),110457.5199999999,5750183.088569722,189777084.68567657,146814900,341031882.6800953,1484655.0283471423,9937860,,23216596.540515117,1881.3989884024963,26866491.64619596,4738648.516944591,10759080.054322945,,,2935905.775182997
1768089600000,2026-01-11,Bridged Token Value (Dollar),110457.5199999999,5750183.088569721,189771448.06661496,146814900,341031882.6800954,1484655.028347142,10289160,,23216596.540515117,1881.3989884024963,26866491.64619596,4743579.439671983,10759080.054322928,,,2935675.2833238174
1768176000000,2026-01-12,Bridged Token Value (Dollar),111183.25999999998,5799035.414146396,193851850.26530433,163976250,351406334.6753087,1491543.340922656,10775580,,23266285.8136177,1881.3989884024963,27591742.06352466,4735801.324482557,10946234.736615969,,,2977061.3942674478
1768262400000,2026-01-13,Bridged Token Value (Dollar),111361.84999999989,5864157.024430861,198616587.75308228,162628500,370331014.3957713,1530212.9242117107,11486860,,23210793.66799812,1881.3989884024963,41566962.904355876,4858856.686342534,11080600.710396556,,,3040261.7018384463
1768348800000,2026-01-14,Bridged Token Value (Dollar),111135.5999999999,5901778.917983424,200358510.77380824,165324000,374030954.85544837,1566653.1943357522,11011220,,23049507.83328054,1881.3989884024963,44068218.99995645,4958697.9326842185,11188186.552654238,,,3048628.478592895
1768435200000,2026-01-15,Bridged Token Value (Dollar),110596.5099999999,5744819.202386022,197450469.2388332,146635200,376273597.57369673,1552643.2843742804,11065820,,23101693.998631418,1881.3989884024963,41739537.81804565,4909716.999989936,11087303.580539325,,,3009899.996419022
1768521600000,2026-01-16,Bridged Token Value (Dollar),110887.1199999999,5766580.431816057,199865681.02487025,149151000,380492697.2244826,1531660.1813658876,11065820,,23091539.218127966,1881.3989884024963,43387005.43266854,4855292.102028154,11302308.168782506,,,3017581.688995314
1768608000000,2026-01-17,Bridged Token Value (Dollar),110887.1199999999,5766580.749206486,199978901.7738197,149151000,380422527.70398664,1534291.5306071313,11065820,,23091539.218127966,1881.3989884024963,43387005.43266854,4903360.754630078,11302299.383884717,,,3017329.8754023947
1768694400000,2026-01-18,Bridged Token Value (Dollar),110887.1199999999,5766580.749206486,199959532.12994212,149151000,380422527.70398617,1534291.5306071313,11065820,,23091539.218127966,1881.3989884024963,43387005.43266854,4884416.438025795,11302299.383884728,,,3017166.5342701403
1768780800000,2026-01-19,Bridged Token Value (Dollar),110786.08999999995,5766580.749206485,199962500.23208115,149151000,380422527.70398635,1534291.5306071313,11065820,,23091539.218127962,1881.3989884024963,43387005.43266854,4898761.856532219,11273504.351065513,,,3016086.966228501
1768867200000,2026-01-20,Bridged Token Value (Dollar),110786.08999999995,5550881.340724104,193504633.565027,148072800,382941811.8199863,1494532.1794118462,11065820,,22599042.65065126,1881.3989884024963,36731479.27591139,5346571.425019842,10951022.308744153,,,2883097.119096794
1768953600000,2026-01-21,Bridged Token Value (Dollar),108536.81999999995,5587438.479721544,198176589.82751966,141334050,405801479.62552506,1484144.3825564003,10210020,,22858597.48742261,1881.3989884024963,37935048.2004404,5131580.05532239,11460116.634188958,,,2938474.9089896767
1769040000000,2026-01-22,Bridged Token Value (Dollar),109776.81999999989,5568003.194493752,200581223.9048258,141513750,413040437.75251323,1498718.8815078528,10210020,,23011955.220602248,1881.3989884024963,38381190.208272636,5212960.384771654,11720031.718829932,,,2981905.738386205
1769126400000,2026-01-23,Bridged Token Value (Dollar),110349.04999999994,5505856.172438557,201510912.03606197,134685150,413925297.0105674,1477145.0332810138,10210020,,23023590.50425134,1881.3989884024963,38836355.6081448,5026220.267119549,11912919.664916337,,,3030335.6418566597
1769212800000,2026-01-24,Bridged Token Value (Dollar),110349.04999999994,5505856.413885836,201542057.35936272,134685150,413951110.7173859,1463571.2087695897,10210020,,23023590.504251342,1881.3989884024963,38836355.6081448,5020484.691290299,11912715.277834386,,,3030021.8514752793
1769299200000,2026-01-25,Bridged Token Value (Dollar),110349.04999999994,5505856.413885836,201543548.29417756,134685150,413951110.7173855,1463571.2087695892,10210020,,23023590.50425134,1881.3989884024963,38836355.6081448,5030868.688335124,11912715.277834395,,,3029519.1933056996
1769385600000,2026-01-26,Bridged Token Value (Dollar),110389.01999999993,5472807.033621253,199976469.36126712,132259200,418038942.11519086,1442762.0695446588,10110620,,23154203.833134525,1881.3989884024963,35488098.96142976,4965798.063644371,12152783.524298908,,,2999775.6025624913
1769472000000,2026-01-27,Bridged Token Value (Dollar),110955.38999999993,5464539.252465915,200209004.9838453,139087800,423606462.6510223,1434631.58562598,9991360,,23282702.64622204,1881.3989884024963,35169699.980814554,4993318.39082607,12539027.673791517,,,3010751.605544922
1769558400000,2026-01-28,Bridged Token Value (Dollar),111400.69999999994,5455221.027957346,201909273.9845346,128755050,441168150.3950083,1442299.6648532185,9991360,,23287155.84838868,1881.3989884024963,34710520.8041448,4762473.7222554805,12579184.283645047,,,3023539.3432797585
1769644800000,2026-01-29,Bridged Token Value (Dollar),111389.98999999993,5329237.567094927,201255044.28208882,125610300,455738826.5349411,1404951.807881802,9753900,,23222393.77857072,1881.3989884024963,33014584.293520313,5235087.385837376,12199607.241549619,,,2946081.489086335
1769731200000,2026-01-30,Bridged Token Value (Dollar),111151.41999999988,5279466.743638689,203434948.42087334,117613650,454616998.5888956,1376754.0119150537,8783980,,23228254.157757893,1881.3989884024963,32255083.34333392,5075038.143677791,11952838.039133549,,,2941351.2718438483
1769817600000,2026-01-31,Bridged Token Value (Dollar),111151.41999999988,5279467.482827635,203550903.63377625,117613650,454650549.1667367,1382437.3778125593,8783980,,23228254.157757893,1881.3989884024963,32255083.34333392,5023727.386519568,11952427.528251102,,,2940697.669835429
1769904000000,2026-02-01,Bridged Token Value (Dollar),111151.41999999988,5279467.482827634,203551093.7694624,117613650,454650548.80978227,1382437.377812559,8783980,,23228254.157757893,1881.3989884024963,32255083.34333392,4789056.427165672,11952427.528251106,,,2940281.2257576482
1769990400000,2026-02-02,Bridged Token Value (Dollar),111151.41999999988,5233895.716689343,200310399.47808936,100452300,462352327.978785,1362826.0169683243,9117820,,23363690.684492104,1881.3989884024963,28596069.10342848,4761946.551316722,11874387.574319314,,,2875664.4407992736
1770076800000,2026-02-03,Bridged Token Value (Dollar),111151.41999999988,5097647.901095968,202494828.44479582,94072950,454800397.1832731,1325578.4450546703,8530960,,23115019.575394362,1881.3989884024963,28063745.932704158,4610660.604615421,12211609.857672347,,,2843178.1017040173
1770163200000,2026-02-04,Bridged Token Value (Dollar),110426.13999999996,5003537.580037026,200276226.06416458,96139500,447835623.7441858,1288957.0855381158,8041920,,22921439.72352839,1881.3989884024963,25340929.53179872,4434983.471841625,13698460.313475834,,,2784853.821497068
1770249600000,2026-02-05,Bridged Token Value (Dollar),109885.72999999988,4704958.818754095,192975503.9584231,84638700,435451993.86691976,1206600.4632085948,7761780,,22613226.11509945,1881.3989884024963,22647107.26790528,4356368.701333737,13142405.448362036,,,2674202.8313246984
1770336000000,2026-02-06,Bridged Token Value (Dollar),108506.54999999989,4962524.840320883,203735301.45826313,94881600,454979634.18784904,1220056.8075255626,6353580,,23071943.083367996,1881.3989884024963,25924334.081401918,3945509.576773021,13837013.004236158,20947.407722514356,,2897708.9002386965
1770422400000,2026-02-07,Bridged Token Value (Dollar),108506.54999999989,4962528.0076093245,203829126.6666406,94881600,455177323.09994924,1281864.5872349595,8167060,,23071943.083367996,1881.3989884024963,25924806.87662976,4209700.347128424,13837778.580215523,26809.684364514356,,2897228.8055175864
1770508800000,2026-02-08,Bridged Token Value (Dollar),108506.54999999989,4962528.007609324,203828422.94602266,94881600,455177322.91126776,1281864.5872349595,8167060,,23071943.083367996,1881.3989884024963,25924806.87662976,4183547.8353080917,13837778.580215544,26809.684364514353,,2896994.2946631075
1770595200000,2026-02-09,Bridged Token Value (Dollar),110604.64999999997,5023353.618509726,207909960.07074058,96498900,455720924.8478591,1293567.307865323,8167060,,23230842.30203872,1881.3989884024963,27022823.7628274,4196887.326467497,14258102.108521167,29644.400516079062,,2957759.361479547
1770681600000,2026-02-10,Bridged Token Value (Dollar),111128.44999999994,4962720.819812525,209408092.8985679,97577100,460887689.70006675,1284620.1674390421,8184480,,23163485.347133674,1881.3989884024963,24962713.00814244,4111661.6127400068,14205365.519095154,29781.14264906313,,3948901.045475955
1770768000000,2026-02-11,Bridged Token Value (Dollar),110823.21999999993,4868907.591171838,207463803.86054173,90568800,462316925.2307256,1250436.8079808312,7886000,,23152584.878270607,1881.3989884024963,24412431.262670398,4132676.9305312675,14153167.591218587,31006.471914104925,,3934979.188034499
1770854400000,2026-02-12,Bridged Token Value (Dollar),110803.27999999996,4698973.474571222,202458194.20793027,91557150,451402620.97596884,1211587.1453397304,7514940,,22767633.393799935,1881.3989884024963,24065639.319951396,4120393.2742155357,13536643.575379433,29309.562164314688,,3879941.651159456
1770940800000,2026-02-13,Bridged Token Value (Dollar),109091.27999999998,4942878.671146162,206892968.81382465,101260950,455368742.60328114,1226234.1643204622,7306000,,22792107.80085551,1881.3989884024963,23987752.08409416,4021025.2934653447,13954872.377062965,38862.61646733143,,3932460.747191628
1771027200000,2026-02-14,Bridged Token Value (Dollar),109091.27999999998,4942879.904470151,206991029.4170142,101260950,455113035.21920747,1256152.6675525447,7306000,,22792107.800855506,1881.3989884024963,23987752.08409416,4106637.819589628,13955282.992405768,38862.61646733143,,3935913.852675478
1771113600000,2026-02-15,Bridged Token Value (Dollar),109091.27999999998,4942879.904470151,207088663.44328704,101260950,455113013.67192334,1256152.6675525447,7306000,,22792107.800855506,1881.3989884024963,23987752.08409416,4117395.9586811154,13955282.992405752,38862.61646733143,,3935502.0531902583
1771200000000,2026-02-16,Bridged Token Value (Dollar),109154.9499999999,4942879.90447015,207079872.11863938,101260950,455113007.48915124,1248793.8052329794,7306000,13057300,22792107.800855502,1881.3989884024963,23987752.08409416,4104301.70941012,13967739.89744224,38862.616467331434,,3932190.6651218478
1771286400000,2026-02-17,Bridged Token Value (Dollar),109154.9499999999,4932760.545049226,207735443.87056395,90658650,463032924.22553897,1240889.7246862503,7882960,13656699.999999998,22800364.649764232,1881.3989884024963,23541359.7492588,3958825.8075953894,13810791.488176256,39071.47478927419,,5142968.112256272
1771372800000,2026-02-18,Bridged Token Value (Dollar),109332.86999999994,4927015.919941652,209577807.67729166,88771800,455717492.6357872,1227014.9436847665,7589140,168447464.5,22941205.4538831,1881.3989884024963,22614925.718895476,3675113.2331184046,13940463.707395535,38811.819585617355,,6142271.956186082
1771459200000,2026-02-19,Bridged Token Value (Dollar),109886.1699999999,4935260.536159634,209770462.26890472,93623700,456156012.35634613,1232743.2982815397,7338400,48242417.07,22881181.732290845,1881.3989884024963,22466396.337607875,3665089.5181477107,13946301.76046992,39158.19768457972,,6160057.542482749
1771545600000,2026-02-20,Bridged Token Value (Dollar),109606.46999999993,5014249.568670932,212779389.3156067,88592100,462171874.9744764,1233462.2197532342,7456900,25724404.16,23041846.10634326,1881.3989884024963,22460632.968971197,3467873.3094745083,14065770.81866266,46650.67769902938,,6758876.353980319
1771632000000,2026-02-21,Bridged Token Value (Dollar),109606.46999999993,5014249.750041321,212805802.24125752,88592100,461992398.13162285,1239511.8988577165,7456900,25724404.16,23041846.106343262,1881.3989884024963,22460632.968971197,3458863.895846307,14066162.792204978,55218.17769902937,,6756982.091791268
1771718400000,2026-02-22,Bridged Token Value (Dollar),109606.46999999993,5014249.750041321,212877951.62011385,88592100,461992397.53043413,1239511.8988577165,7456900,25724404.16,23041846.10634326,1881.3989884024963,22460632.968971197,3433075.047293471,14066163.991351392,55218.17769902937,,6756765.286083853
1771804800000,2026-02-23,Bridged Token Value (Dollar),110379.71999999993,4868904.105727213,208932664.0023693,85806750,466945838.68662256,1214975.4485864022,7456900,23761408.365,22772925.543257084,1881.3989884024963,20535668.752697837,1750770.3436032915,13907426.129466819,73032.81887762184,,6709237.837282013
1771891200000,2026-02-24,Bridged Token Value (Dollar),109260.94999999991,4917431.3365351185,212026498.52779785,87693600,476034499.3385676,1205579.964058937,7456900,23300616.5,22962340.90146478,1881.3989884024963,23029753.772149038,1702130.6349517175,14174854.814685866,73848.11406532794,,6764819.854782134
1771977600000,2026-02-25,Bridged Token Value (Dollar),110057.85999999993,5170398.670968112,226532087.3219925,95510550,498129719.7090023,1254761.1385470126,7456900,27146231.9,23191111.679643247,1881.3989884024963,25524881.113059077,1704303.3483149414,14808563.034412108,70322.09117281805,,7063419.4781169295
1772064000000,2026-02-26,Bridged Token Value (Dollar),110977.19999999992,5127393.013126129,225374293.74057195,93893250,497488843.97997373,1275620.5662719682,7456900,26556271.96,23041250.563748986,1881.3989884024963,25237636.28529944,1754718.8373755505,14658517.23163585,58349.80493208166,,6970353.84876016
1772150400000,2026-02-27,Bridged Token Value (Dollar),110362.73999999987,5051311.763272456,221633841.8939181,91647000,497283487.6943885,1248674.5641937044,7662800,19705734.720000003,22976495.650426157,1881.3989884024963,23622713.02941684,1792588.2317781015,14624116.850440273,57670.40570948839,,6914012.871153346
1772236800000,2026-02-28,Bridged Token Value (Dollar),110362.73999999987,5051311.321137036,221732673.8940894,91647000,497032375.6386385,1235774.686140034,7662800,19705734.720000003,22976495.65042616,1881.3989884024963,23622713.02941684,1793491.2218300672,14623288.928579338,57670.40570948839,,6913377.3750981465
1772323200000,2026-03-01,Bridged Token Value (Dollar),110362.73999999987,5051311.321137035,221772556.53240383,91647000,497032375.6220594,1235774.686140034,7662800,19705734.720000003,22976495.650426157,1881.3989884024963,23622713.02941684,1787076.535298521,14623290.114397664,57670.40570948839,,6912241.423641075
1772409600000,2026-03-02,Bridged Token Value (Dollar),109762.24999999991,5151645.0463583255,230776708.67244658,94072950,515099750.8368542,1259054.1954483215,7662800,23072705.919999998,22992577.223579764,1881.3989884024963,25069632.34389548,1787076.535298521,14852699.325342119,60777.33578252213,,6983400.169877065
1772496000000,2026-03-03,Bridged Token Value (Dollar),109796.36999999991,5106960.589693631,230320224.0383586,97307550,514541912.401743,1259885.2273250436,7951300,22090954.86,22862179.83579804,1881.3989884024963,24339738.678875677,1787076.535298521,14176446.775099091,59914.15262308768,,6929325.28700822
1772582400000,2026-03-04,Bridged Token Value (Dollar),108826.2499999999,5399709.689378171,238840259.646742,109257600,507942345.8233915,1286699.799691022,7951300,23658349.619999997,23145083.91768856,1881.3989884024963,28518524.56320184,1787076.535298521,14741064.49967087,67804.68054024564,,7044445.967578001
1772668800000,2026-03-05,Bridged Token Value (Dollar),109599.63999999988,5345989.146425857,238309151.16292816,100452300,494597365.3435253,1318578.1730545158,8360480,24303604.5,23056644.25594848,1881.3989884024963,27395683.408771478,1787076.5352973198,14347060.23984594,56396.56767617217,,7024858.5692604985
1772755200000,2026-03-06,Bridged Token Value (Dollar),108995.42999999996,5198165.633152773,232984692.50637123,97936500,487748792.15730494,1279592.6266597891,8360480,23484169.44,22791918.887478296,1881.3989884024963,26870962.12201618,1787076.5352973198,14212325.918472921,55012.88684950597,,6951043.031993059
1772841600000,2026-03-07,Bridged Token Value (Dollar),108995.42999999996,5198164.921209799,233054350.96207565,97936500,487543125.1531289,1257934.807483233,8360480,23484169.44,22791918.887478296,1881.3989884024963,26870962.12201618,1787076.5352973198,14210315.45428671,55012.886849505965,,6950178.837574079
1772928000000,2026-03-08,Bridged Token Value (Dollar),108995.42999999996,5198164.9212098,233052507.56927428,97936500,487543124.1562012,1257934.807483233,8360480,23484169.44,22791918.887478292,1881.3989884024963,26870962.12201618,1787076.5352973198,14210315.990493724,55012.886849505965,,6940091.443433529
1773014400000,2026-03-09,Bridged Token Value (Dollar),107551.6399999999,5256253.646847601,242220449.08824763,97307550,536898561.6725276,1274734.9304425183,7708260,25148401.92,23011727.537645526,1881.3989884024963,27929759.452919617,1787076.5352973198,14526813.356976414,56574.8974023492,,7019075.430173035
1773100800000,2026-03-10,Bridged Token Value (Dollar),108489.22999999992,5203836.038862155,246239820.75235054,98206050,550018625.2759765,1289312.3232403737,7708260,40845398.900000006,22975127.494772147,1881.3989884024963,28319691.001183074,1787076.5352973198,14552045.764124421,56387.02219294793,,7006060.383690286
1773187200000,2026-03-11,Bridged Token Value (Dollar),108301.26999999996,5219351.1663801335,249212157.61329156,98026350,546245748.4114393,1293782.843335494,7985420,39287478.72,22971274.455410723,1881.3989884024963,27929290.306518957,1787076.5352973198,14688781.94124216,61720.790819728325,,7029434.001377392
1773273600000,2026-03-12,Bridged Token Value (Dollar),108177.48999999998,5116741.199441134,247039732.73373404,89490600.00000001,519949371.55359244,1281963.5630777793,8099860,37209057.34,22634146.83504972,1881.3989884024963,26046022.12073188,1787076.5352969193,14369914.90556151,60594.78308744869,,7035599.89499619
1773360000000,2026-03-13,Bridged Token Value (Dollar),108177.48999999998,5139150.040319352,246832388.0558987,80595450,511763388.8580213,1270941.6364333075,8099860,36107405.67,22489095.296541855,1881.3989884024963,26234266.3782786,1787076.5352969193,14257566.27381495,61150.618454649295,,6655290.979265337
1773446400000,2026-03-14,Bridged Token Value (Dollar),206518.17999999993,5139150.304410656,246823185.7561753,80595450,511763377.5870889,1274204.6976374271,8099860,36107405.67,22489095.296541855,1881.3989884024963,26234266.3782786,1787076.5352969193,14274713.220023964,61150.6184546493,,6654549.273615398
1773532800000,2026-03-15,Bridged Token Value (Dollar),206518.17999999993,5139150.304410656,246824668.1025841,80595450,511763376.43540704,1274204.6976374276,8099860,36107405.67,22489095.29654186,1881.3989884024963,26234266.3782786,1787076.5352969193,14274713.220023967,61150.6184546493,,6652052.492984938
1773619200000,2026-03-16,Bridged Token Value (Dollar),304608.30176498205,5232280.820584234,255066732.00250462,83740200,526713694.8467964,1297075.4435285267,8585840,36507878.46,22738841.5783127,1881.3989884024963,28942407.544435598,1787076.5352969193,14622290.656780355,68017.50309201558,,6740066.7129389215
1773705600000,2026-03-17,Bridged Token Value (Dollar),307729.9851034187,5330821.386745527,260169689.41563767,83021400,551106806.6575023,1323791.0524117444,9456740,35377682.4,22805511.51363757,1881.3989884024963,30764848.910586,1787076.5352969193,14741993.63669515,71257.2160532982,,6777774.763681695
1773792000000,2026-03-18,Bridged Token Value (Dollar),308534.6395216286,5198399.5496930685,257899522.57883537,72778500,549440790.025128,1307483.7126127752,8774820,21158483.28,22496181.64887846,1881.3989884024963,27738178.23496408,1787076.5352836682,14316037.661425676,80045.9128834379,,6699902.802535182
1773878400000,2026-03-19,Bridged Token Value (Dollar),304226.4864606613,5196603.369778173,255453609.62744915,69454050,548341239.1802077,1282265.4909397918,8772220,20781550.68,22447986.24529212,1881.3989884024963,27538353.4445398,1787076.5352836684,14410474.50903691,94161.70519569222,,6689615.298452409
1773964800000,2026-03-20,Bridged Token Value (Dollar),303364.64508938824,5075435.040242659,252201991.7914565,66309300,524823583.90473956,1258849.5769702378,8772220,21541698.09,22083525.52496336,1881.3989884024963,26047228.497190718,1787076.5352836682,14072881.34893728,93684.33484544563,,6635223.94816966
1774051200000,2026-03-21,Bridged Token Value (Dollar),303364.64508938824,5075434.747691183,252202360.2619176,66309300,524823583.9047395,1244258.8942124583,8772220,21541698.09,22083525.524963357,1881.3989884024963,26047228.497190718,1787076.5352836682,14072660.79187301,93465.89506388563,,6623731.726697968
1774137600000,2026-03-22,Bridged Token Value (Dollar),303364.64508938824,5075434.747691183,252201336.94558653,66309300,524823583.84533095,1244258.8942124583,8791520,21541698.09,22083525.52496336,1881.3989884024963,26047228.497190718,1787076.5352836684,14072659.322549202,93465.89506388563,,6623419.204064057
1774224000000,2026-03-23,Bridged Token Value (Dollar),298861.79219704727,5159837.299814014,259880199.42154258,72958200,593408899.1970456,1255770.3082429755,8501800,20863219.41,22365747.47470122,1881.3989884024963,27134093.505909197,1787076.5352836682,14193125.402332358,86427.95154458194,,6678092.247627875
1774310400000,2026-03-24,Bridged Token Value (Dollar),5302085.575183377,4942441.394172775,249997279.87843263,64692000,562804955.9563121,1246409.9977638847,8691460,20888348.25,22245944.59608686,1881.3989884024963,26550570.112258796,1787076.5352836684,13864300.81884238,104914.1000272763,,6640356.669138668
1774396800000,2026-03-25,Bridged Token Value (Dollar),5300584.686648693,4943280.778584735,253191487.3057801,65500650,567667899.7638547,1242814.2231946178,8654360,21479377.41,22378076.313351296,1881.3989884024963,27101602.447745077,1787076.5352836684,13936880.826273967,97936.41729380863,,6755747.359263393
1774483200000,2026-03-26,Bridged Token Value (Dollar),5829992.350887177,4872557.913617829,246399944.14150745,61547250,549186766.5017272,1224989.971995898,8639560,21978584.740000002,21870993.567110855,1881.3989884024963,25261463.02019836,1787076.5352836684,13373450.240784112,123292.99048319845,,8558903.759692052
1774569600000,2026-03-27,Bridged Token Value (Dollar),5725661.432746498,4698522.1233859435,242872908.78742525,58222800.00000001,535703857.05413973,1174081.110666673,8639560,21331751,21500939.50585918,1881.3989884024963,23973433.032767996,1787076.5352836684,13247474.638599519,129241.85856427306,,8495033.693794273
1774656000000,2026-03-28,Bridged Token Value (Dollar),5725661.432746498,4701072.622983141,242868122.88735625,58222800.00000001,535703856.25987,1150796.126374396,8639560,21331751,21500939.505859185,1881.3989884024963,23973433.032767996,1787076.5352836684,13247114.540225636,129241.85856427308,,8494662.870927956
1774742400000,2026-03-29,Bridged Token Value (Dollar),5725661.432746498,4705497.27018184,242862897.6438765,58222800.00000001,535703856.25986993,1150796.1263743963,8688160,21331751,21500939.50585918,1881.3989884024963,23973433.032767996,1787076.5352836684,13247114.540225634,129241.85856427308,,8494167.06343807
1774828800000,2026-03-30,Bridged Token Value (Dollar),5628838.268066441,4681605.61614027,242308574.6319391,55707000,531069692.5375601,1137338.6525624844,7948660,21126023.2,21457855.30682362,1881.3989884024963,23962039.477323398,1787076.5352836682,13007935.538739547,105328.63999327658,,8464391.057125784
1774915200000,2026-03-31,Bridged Token Value (Dollar),5607334.4572555665,4935599.496487714,253402257.3677214,58402500,561660442.9873416,1156863.5889952495,7836380,23354884.000000004,22127870.10079903,1881.3989884024963,24640221.047062196,1787076.5352836684,13771920.628137821,81873.60422079527,,8591363.529414635
1775001600000,2026-04-01,Bridged Token Value (Dollar),5770538.632379435,4879839.402947343,253462791.41117212,60019800,558243859.2059231,1187814.270115004,7983800,22620097.5,22312883.262281954,1881.3989884024963,24680807.540556118,1787076.5352836684,13817477.441331813,82428.74728343356,,8622899.091710372
1775088000000,2026-04-02,Bridged Token Value (Dollar),5814383.976369782,4872802.362885632,253026246.9320032,60019800,561735418.9889609,1188175.6088285977,7983800,23820527.5,22357223.474523406,1881.3989884024963,23858481.50493264,1787076.5352836684,14297206.93905051,101503.91038128697,,8634714.848953107
1775174400000,2026-04-03,Bridged Token Value (Dollar),5819731.918457259,4873224.303436425,253005171.36893004,54808500,561735417.6856647,1182697.4458480433,7983800,23820527.5,22357223.474523406,1881.3989884024963,23858481.50493264,1787076.5352836682,14424715.146884076,101503.91038128697,,8633742.538229518
1775260800000,2026-04-04,Bridged Token Value (Dollar),5819731.918457259,4886347.790846663,252976564.92332363,54808500,561735417.6856651,1182697.4458480433,7983800,23820527.5,22357223.474523406,1881.3989884024963,23858481.50493264,1787076.5352836682,14424711.332787722,101503.91038128697,,8633218.065889517
1775347200000,2026-04-05,Bridged Token Value (Dollar),5819731.918457259,4886347.790846663,252997008.34156397,54808500,561735417.6856654,1182697.4458480433,7983800,23820527.5,22357223.474523406,1881.3989884024963,23858481.50493264,1787076.5352836684,14424711.332787713,101503.91038128697,,8633157.193572367
1775433600000,2026-04-06,Bridged Token Value (Dollar),5819731.918457259,4906340.235586296,257306487.78023624,54808500,568803320.9009911,1197913.8003923388,7961200,22295074.999999996,22459916.586241726,1881.3989884024963,24472753.30297328,1787076.5352836682,14853730.678883597,92844.88543846768,,8685508.848511958
1775520000000,2026-04-07,Bridged Token Value (Dollar),5847621.110302161,4936341.102278271,259461290.29885766,64792428.84,597474301.125793,1206887.2413826494,8020300,21238992.5,22492573.71323142,1881.3989884024963,23761625.623979878,1787076.5352836684,14713377.34163594,100473.7345528163,,8660456.872983757
1775606400000,2026-04-08,Bridged Token Value (Dollar),5849927.541110704,4936678.88429942,266054323.4684816,65205437.16,587833409.3311117,1225428.8228897634,8173180,23703185.000000004,23067490.978853583,1881.3989884024963,24922908.402644,1787076.5352836684,15390479.252651133,104852.44871557459,,8780952.946194358
1775692800000,2026-04-09,Bridged Token Value (Dollar),5997923.907606354,4982210.366062548,263144712.23668355,75029335.76,587142099.7009935,1243441.8498858497,7978540,22805860,23197896.801492147,1881.3989884024963,25502357.505827397,1787076.5352836684,15487376.98029853,109730.52546632157,,8785338.009480098
1775779200000,2026-04-10,Bridged Token Value (Dollar),5938908.0976563785,4965444.023431723,266271805.44190145,72636650.30000001,595888704.3066444,1246970.047563924,8290900,23523720,23187404.440078337,1881.3989884024963,25123752.562094156,1787076.5351896316,15551440.688484903,118062.56390275949,,8820029.58579802
1775865600000,2026-04-11,Bridged Token Value (Dollar),5938908.0976563785,4975537.79855702,266266876.5578507,74164100.3,595888704.3066447,1248318.9994126763,8290900,23523720,23187404.44007834,1881.3989884024963,25123752.562094156,1787076.5349145988,15551749.519552572,118062.56390275949,,8817439.430086471
1775952000000,2026-04-12,Bridged Token Value (Dollar),5938908.0976563785,5013771.440635904,266261196.63875055,74164100.3,595888703.9382548,1248318.999412676,8281300,23523720,23187404.440078337,1881.3989884024963,25123752.562094156,1787076.5349145988,15551748.156658275,118062.56390275949,,8802801.46940254
1776038400000,2026-04-13,Bridged Token Value (Dollar),6379469.881797624,5049726.098610757,273356178.7539358,73554012.12,623949675.8301252,1267766.2377256406,8393580,24826314.15,23466022.784192786,1881.3989884024963,25795768.207709998,1787076.5349145988,16125838.030261891,107471.76019131675,,8827046.172034921
1776124800000,2026-04-14,Bridged Token Value (Dollar),6268422.178881737,5139239.953814763,281751196.83603674,76509855.9,650815828.2800833,1296523.9491625242,8389980,24274158.150000002,23785356.384041548,1881.3989884024963,25371617.222818717,1787076.5349145988,16493327.794113902,91056.10599059076,,8925050.500049537
1776211200000,2026-04-15,Bridged Token Value (Dollar),7294408.046053095,5273169.681137083,316361271.17926925,79236246.88,659686677.4611349,1342295.336399903,8512220,24588307.9,24019140.835952923,1881.3989884024963,25596158.60533904,1787075.6256710296,17152520.987912096,95676.56951747909,,9005541.019595139
1776297600000,2026-04-16,Bridged Token Value (Dollar),7365490.164216181,977732.4777435921,316222639.03523165,83624044.78,659399416.4967579,1386227.612015021,8870720,24664240.349999998,24101655.67520693,1881.3989884024963,26592520.434660677,1787075.6256710296,17961280.83560448,89104.24646445538,,9032763.801428132
1776384000000,2026-04-17,Bridged Token Value (Dollar),7383320.095072493,1011870.1860479284,318436094.3860386,80240635.76,662636319.3211935,1438929.4117885493,9138180,25304243.51,24388663.466327388,1881.3989884024963,27437365.49751584,1787075.6256710296,18658373.25317412,103388.03821085408,,9162604.989790268
1776470400000,2026-04-18,Bridged Token Value (Dollar),7383320.095072493,1011872.1789425879,318372154.2098426,86530135.76,662636319.3211935,1472118.3927004044,9138180,25304243.51,24388663.466327373,1881.3989884024963,27437365.49751584,1787075.6256710296,18659907.485522065,103388.0382108541,,9161271.15090426
1776556800000,2026-04-19,Bridged Token Value (Dollar),7383320.095072493,1011872.1789425879,318411479.6105473,86530135.76,662636311.0801008,1472118.3927004044,9118080,25304243.51,24388663.466327377,1881.3989884024963,27437365.49751584,1787075.6256710296,18659907.48552206,103388.03821085408,,9157610.581136497
1776643200000,2026-04-20,Bridged Token Value (Dollar),7472629.348282288,1031914.3144299523,338055483.30030423,87234083.66,648980311.50879,1474840.56499645,9908540,29404923.9,24335528.911469884,1881.3989884024963,27174918.458076797,1787075.6256710296,18787230.52721286,89039.82167851288,,9145555.882304965
1776729600000,2026-04-21,Bridged Token Value (Dollar),7465379.158282287,959033.4076032847,329479882.36912817,86495235.06,640006065.3861897,1453536.7085744187,10708620,28351855,24203997.890315153,1881.3989884024963,26103923.5107562,1787075.6256710296,17657078.7656872,101735.5854413099,,9189627.800034976
1776816000000,2026-04-22,Bridged Token Value (Dollar),7440392.338282287,1006964.2333791673,338783071.77610666,84959765.62,658471060.8732964,1446007.4529035178,10379340,28894590.51,24485807.496793143,1881.3989884024963,27450233.513076797,1787075.6256710296,17966091.19939884,81375.8005490248,,9336043.888073696
1776902400000,2026-04-23,Bridged Token Value (Dollar),7485024.740513505,967018.1534657947,332258340.73695225,93409675.34,655539673.4440415,1456455.1298930254,10266840,26099907.66,24332050.159713693,1881.3989884024963,26011625.051981278,1787075.6256710296,17414473.14524436,90182.150551321,,9244825.30977898
1776988800000,2026-04-24,Bridged Token Value (Dollar),7469620.480513506,976111.9304521865,335543503.5433953,86991414.92,680886885.8066783,1469503.897257324,10266840,26043203.95,24568190.81232807,1881.3989884024963,25787686.85769038,1787075.6256710296,18266583.608491365,97645.9586518613,,9314288.869012186
1777075200000,2026-04-25,Bridged Token Value (Dollar),7469620.480513506,976111.7661034917,335544464.18764055,88788414.92,680886885.6792564,1493970.6162883153,10266840,26043203.95,24568190.81232807,1881.3989884024963,25787686.85769038,1787075.6256710296,18267287.62193431,97645.95809081744,,9309390.247527363
1777161600000,2026-04-26,Bridged Token Value (Dollar),7469620.480513506,976111.7661034917,335493950.93244857,88788414.92,680886885.6792564,1493970.6162883153,10250240,26043203.95,24568190.81232807,1881.3989884024963,25787686.85769038,1787075.6256710296,18267287.095730275,97645.95809081745,,9308177.950163744
1777248000000,2026-04-27,Bridged Token Value (Dollar),7512730.244286578,961915.6911069829,335810073.5522766,89163853.8,688907515.7886856,1495996.556799536,10212340,26658844.229999997,24591542.435994707,1881.3989884024963,24838814.6760438,1787075.6256702289,18292858.560597315,106436.68887023021,,9267570.119828582
1777334400000,2026-04-28,Bridged Token Value (Dollar),7525235.437115494,930731.9727207939,335728848.6248158,86890722.54,644294569.8823826,1487329.9549826803,10205340,27833421.08,24601510.17914633,1881.3989884024963,24030428.990611356,1787075.6256702289,17716867.885383923,117611.24849840024,,9353402.476962563
1777420800000,2026-04-29,Bridged Token Value (Dollar),7488618.572778106,873128.3705470306,334790590.5776687,81851103.1,658960656.1642023,1421590.1486578588,10166900,26950463.310000002,24626092.490077715,1881.3989884024963,23632387.98170792,1787075.6256702289,17185103.253743555,117291.87591572615,,9299356.33460491
1777507200000,2026-04-30,Bridged Token Value (Dollar),7488600.725748771,901337.5189355054,338597877.3630717,80230980.16,663453691.3990189,1426727.3865416427,9882320,28432860.3,24876799.18041916,1881.3989884024963,25751858.84911744,1787075.6256702289,15567140.829512909,100925.16299706126,,9369816.62047821
1777593600000,2026-05-01,Bridged Token Value (Dollar),7560099.904400377,935222.7244081789,372165798.4556992,84199232.26,684169822.4033667,1470203.5711794654,9882320,29526431.85,24996648.081678394,1881.3989884024963,24714642.44264436,1787075.6256366607,18456886.294984527,96738.8356488531,,9460007.099680377
1777680000000,2026-05-02,Bridged Token Value (Dollar),7560099.904400377,935222.7244081789,372157604.2542596,87883082.26,684169822.3404506,1500123.1162652448,9882320,29526431.85,24996648.081678394,1881.3989884024963,24714642.44264436,1787075.6256366607,18458663.850614086,96738.83564885308,,9451786.868987411
1777766400000,2026-05-03,Bridged Token Value (Dollar),7560099.904400377,935756.5325123472,372168597.9082276,87883082.26,684169822.3404499,1500123.116265245,9882320,29526431.85,24996648.081678394,1881.3989884024963,24714642.44264436,1787075.6256366607,18458663.109995246,93726.9456488531,,9451563.045630384
1777852800000,2026-05-04,Bridged Token Value (Dollar),7584131.835539376,990258.9605481238,385029447.744193,87319923.94,724655804.814492,1500946.2598460047,10421140,29194310.12,24946483.848579507,1881.3989884024963,25114291.95349292,1787075.6256366607,18721722.158580996,81550.9538704034,,9512675.159318747
1777939200000,2026-05-05,Bridged Token Value (Dollar),7557325.32169757,966226.5571482567,386249457.60453564,87492791.28,751158777.7184554,1535807.511168709,10437640,30214976.9,25176946.687285185,1881.3989884024963,26561345.049800318,1787075.6256366607,18692185.43299117,92402.67276857086,,9589088.080770107
1778025600000,2026-05-06,Bridged Token Value (Dollar),7616269.233404851,967947.714933361,397147877.59992397,94581285.68,779226475.6462975,1567298.9483081764,10437640,31732014,25570754.061538197,1881.3989884024963,27783454.638101116,1787075.6256366607,19383663.703617327,96544.34510650177,,9696963.315808132
1778112000000,2026-05-07,Bridged Token Value (Dollar),6372945.767544745,938830.1172451301,393909344.6183208,96599269.66,774127995.2026159,1552779.9997734018,11009800,31322838.029999997,25487451.55300312,1881.3989884024963,26107168.6952668,1787075.6256366607,19169576.53755794,90079.43360972026,,9670136.481229827
1778198400000,2026-05-08,Bridged Token Value (Dollar),6353012.065223677,977168.8279007142,401897028.2367284,89083947.42,818297227.4193499,1595983.6899410395,11035640,31423044.39,25745323.704935096,1881.3989884024963,26780390.71734148,1787075.6256366607,20031599.57526829,104749.02370163875,,9753857.606156822
1778284800000,2026-05-09,Bridged Token Value (Dollar),6353012.065223677,977168.8279007144,401883372.7135839,94474947.42,818297227.419289,1639355.8122628853,11035640,31423044.39,25745323.704935092,1881.3989884024963,26780390.71734148,1787075.6256366607,20033262.591346107,104749.02370163875,,9747488.328452349
1778371200000,2026-05-10,Bridged Token Value (Dollar),6353012.065223677,981944.7272271144,401883348.33943474,94474947.42,818297227.3190776,1639355.8122628853,11035640,31423044.39,25745323.704935092,1881.3989884024963,26780390.71734148,1787075.6256366607,20033259.53617125,104749.02370163875,,9746715.273000818
1778457600000,2026-05-11,Bridged Token Value (Dollar),6405743.1980814235,1049535.821484208,417277932.8041499,94591257.14,872681961.7045478,1671353.5527134934,11045280,32542015.41,25777607.213344816,1881.3989884024963,27625771.94751168,1787075.6256366607,20420963.551758796,78651.83361778836,,9879622.394590182
1778544000000,2026-05-12,Bridged Token Value (Dollar),6420396.247454198,1007765.4131476331,410241757.2247091,90039448.12,847551838.466141,1665648.1592298509,11079080,23101693.5,25693635.28889516,1881.3989884024963,26135049.395648878,1787075.6256366607,19470798.24204333,90313.58718484489,,9853239.383693393
1778630400000,2026-05-13,Bridged Token Value (Dollar),6411592.195926756,981642.4327211659,414857309.6708503,83578467.56,902366730.2715827,1619128.5991027695,11079080,24826675.029999997,25693796.90724795,1881.3989884024963,25962219.978409555,1787075.6256366607,19503891.380435474,104946.65501794203,,9831295.306900343
1778716800000,2026-05-14,Bridged Token Value (Dollar),6446064.091238404,1029874.5442052844,418130072.8248497,81728041.2,913363623.6602727,1623398.7144518974,11390980,26487506.66,26157142.45376697,1881.3989884024963,28346416.59634704,1787075.6256366607,19819282.237932928,83658.12762425559,,9939384.70180543
1778803200000,2026-05-15,Bridged Token Value (Dollar),6495904.952002344,951955.0750178123,405977921.7247946,81018669.74,883033652.8384024,1594906.9791072137,10458760,34935659.28,25821059.186545435,1881.3989884024963,25065126.78295836,1787075.6256366607,19211579.926579885,98778.22766494556,,9821739.442161867
1778889600000,2026-05-16,Bridged Token Value (Dollar),6495904.952002344,951955.0750178122,405948009.4367515,74639319.74,883033652.4081,1554219.0410838241,10458760,34935659.28,25821059.186545435,1881.3989884024963,25065126.78295836,1787075.6256366607,19209265.680307325,99084.61239998002,,9820774.429983987
1778976000000,2026-05-17,Bridged Token Value (Dollar),6495904.952002344,951955.0750178122,405943132.31630325,74639319.74,883033652.4080993,1554219.041083824,10458760,34935659.28,25821059.186545435,1881.3989884024963,25065126.78295836,1787075.6256366607,19209271.64678709,99084.61224852488,,9820504.61054951
1779062400000,2026-05-18,Bridged Token Value (Dollar),6418220.693599086,925636.0715217907,402195423.96952325,70411132.34,887869284.0177628,1532215.4903989828,10353240,31141814.58,25777855.937050898,1881.3989884024963,23775354.251754116,1787075.6256366607,18391581.40481551,102889.39717564442,,9750411.578787897
1779148800000,2026-05-19,Bridged Token Value (Dollar),6414523.881894381,944034.6668560469,409957000.198265,78354919.82,887291038.5042398,1510601.2690703594,10353240,29244892.229999997,25603819.15910286,1881.3989884024963,22779930.715233803,1787075.6256366607,18418068.317939263,97349.27230979253,,9728793.605020085
1779235200000,2026-05-20,Bridged Token Value (Dollar),6371354.130517416,935847.7540729404,442390017.58708346,78694335.06,907199302.3132244,1531889.2885182044,9733460,29382116.4,25905617.110874575,1881.3989884024963,24820211.04246652,1787075.6256366607,18864448.555120878,94505.77040017488,,9811374.535582438
1779321600000,2026-05-21,Bridged Token Value (Dollar),6371354.130517416,946209.3441432135,462454238.57044435,82402843.38,932406287.2935545,1547388.492162823,9730060,27751570.380000003,25965488.327605154,1881.3989884024963,26496228.901643317,1787075.6256366607,19431664.740308553,102849.13128918491,,9853043.052213272
1779408000000,2026-05-22,Bridged Token Value (Dollar),6449732.822412254,902242.1645487647,460352805.62433726,81361067.02,949214618.5450879,1537946.9865861419,9730060,27404473.950000003,26084447.295467477,1881.3989884024963,25602888.8773974,1787075.6256366607,19526269.059925385,97382.15835696446,,9842721.961953925
1779494400000,2026-05-23,Bridged Token Value (Dollar),6449732.822412254,902242.1645487647,460346389.73082817,80013317.02,949214616.4801829,1528669.5488048568,9730060,27404473.950000003,26084447.295467477,1881.3989884024963,25602888.8773974,1787075.6256366607,19530048.094316687,97382.15835696447,,9841571.531015577
1779580800000,2026-05-24,Bridged Token Value (Dollar),6449732.822412254,902242.1645487647,460346367.58980477,80013317.02,949214616.4801815,1528669.5488048568,9730060,27404473.950000003,26084447.295467474,1881.3989884024963,25602888.8773974,1787075.6256366607,19530046.85838804,97382.15835696447,,9840566.347401794
1779667200000,2026-05-25,Bridged Token Value (Dollar),6473952.33918014,902242.1645487647,460396047.7139176,80013317.02,949214616.475489,1054996.578051771,9730060,27404473.950000003,26084447.295467477,1881.3989884024963,25602888.8773974,1787075.6256366607,19262528.460800994,97382.15835696446,,9837649.349623311
1779753600000,2026-05-26,Bridged Token Value (Dollar),6473952.33918014,879226.1947991361,461085010.085025,80952914.22,1010190987.6981287,1053386.7082764814,9488580,28429619.22,26300670.789188746,1881.3989884024963,26276647.06678712,1787075.6256366607,18186979.79459959,97187.47631794945,,9899925.524870588
1779840000000,2026-05-27,Bridged Token Value (Dollar),6517154.608990033,850395.474167895,459055899.413867,74193615.62,1032746997.876637,1047319.0894207158,9462480,27517482.090000004,26301074.05778736,1881.3989884024963,25235141.321793716,1787075.6256366607,18344001.26752242,97695.88308554114,,9861624.913201021
1779926400000,2026-05-28,Bridged Token Value (Dollar),6517861.236893958,890103.5185262623,465459085.0023983,76084575.34,1055188215.5863847,1035373.8941136474,9337360,28034090.729999997,26508877.32028418,1881.3989884024963,25457538.03505388,1787075.6256366607,18771772.61363553,107905.45799871515,,9870039.482574156
1780012800000,2026-05-29,Bridged Token Value (Dollar),6553763.000691156,921553.356254488,470242078.66029376,76869426.04,1076021453.4778986,1048524.8810928941,9337360,28534555.35,26642649.894163154,1881.3989884024963,26276110.899472076,1787075.6256366607,19077043.18785978,118058.86276487133,,9879037.651591828
1780099200000,2026-05-30,Bridged Token Value (Dollar),6553763.000691156,921553.356254488,470295205.54222244,78756276.04,1076021453.477899,1053935.266572719,9337360,28534555.35,26642649.89416315,1881.3989884024963,26276110.899472076,1787075.6256366607,19075694.687888596,118058.86276487132,,9876988.56321486
1780185600000,2026-05-31,Bridged Token Value (Dollar),6553763.000691156,921553.356254488,470295197.9374132,78756276.04,1076021453.477899,1053935.2665727192,9337360,28534555.35,26642649.894163154,1881.3989884024963,26276110.899472076,1787075.6256366607,19075694.687888563,118058.86276487133,,9876566.622068334
1780272000000,2026-06-01,Bridged Token Value (Dollar),6569162.167441663,892023.3742942506,464945562.8084999,78991675.34,1033726129.0532055,1040778.359498524,9250480,26968585.409999996,26780371.327670496,1881.3989884024963,26072346.00040956,1787075.6256366607,19450290.22527771,113033.75192393249,,9813907.998474509
1780358400000,2026-06-02,Bridged Token Value (Dollar),6586737.693153417,851977.340541919,458682951.10377216,75551844.08,1026028983.1972126,841785.5308901723,9195780,25903080.090000004,26832210.182710316,1881.3989884024963,25112672.19337656,1787075.6256366607,19896906.539104298,116402.02601163974,,9831847.399758935
1780444800000,2026-06-03,Bridged Token Value (Dollar),6594826.358793183,801154.3084644087,448071777.4241776,78525186.46,975988443.8492929,810398.3257332772,8745960,25007086.98,26616561.302741908,1881.3989884024963,23618333.362137236,1787075.6256366607,19525835.986869812,110795.34041698312,,7774786.642243826
1780531200000,2026-06-04,Bridged Token Value (Dollar),6551462.164467636,805867.9455878612,451076080.17631525,76544830.86,973627198.3996384,794783.8126323379,8016160,25360743.6,26731246.595960762,1881.3989884024963,22240686.15250716,1787075.6256366607,19682482.51120366,98433.56803964381,,7836102.66513855
1780617600000,2026-06-05,Bridged Token Value (Dollar),6573602.602658771,749736.3804530312,432951969.0468903,75081045.48,881097780.8119206,768016.9650254776,7541190,23069179.209999997,25884580.679137617,883.5773627199663,20655106.516502637,1787075.6256366607,18235906.77071365,100115.95178565432,,7682819.940420293
1780704000000,2026-06-06,Bridged Token Value (Dollar),6573602.602658771,749736.3804530312,432942086.4838904,70768245.48,881097780.8119203,719367.1076943548,7541190,23069179.209999997,25884580.679137617,883.2683091023353,20655106.516502637,1787075.6256366607,18230222.88013169,98192.82610793573,,7680045.586300445
1780790400000,2026-06-07,Bridged Token Value (Dollar),6573602.602658771,749736.3804530312,432942966.02988744,70768245.48,881097780.8119221,719367.107694355,7541190,23069179.209999997,25884580.67913762,883.2683091023353,20655106.516502637,1787075.6256366607,18230216.895400077,101414.39953181572,,7679634.069829747
1780876800000,2026-06-08,Bridged Token Value (Dollar),6406220.487691646,795383.7774733809,446782846.90324277,69779568.42,911206088.7363887,723446.9629535084,7184180,22559049.94,26018302.92941265,883.2683091023353,23259958.63454676,1787075.6256366607,18472942.71791545,98127.7179902791,,7887581.439307703
1780963200000,2026-06-09,Bridged Token Value (Dollar),6421603.016530763,764439.1029909737,442252320.34152514,71170088.56,892010021.6484499,754347.1620993393,7149080,22899136.12,25904760.327329688,882.9889231218133,22738404.751387678,1787075.6256366607,18592318.883836992,112103.6487416971,,7793199.67580026
1781049600000,2026-06-10,Bridged Token Value (Dollar),6402541.995399257,756657.9357344388,435014614.2543237,67973948.98,867031685.9251243,707313.6320026718,7136780,22729121.1,25461280.360060465,880.9699611218133,21603244.5987114,1787075.6256366607,18011674.19222642,97872.95992061493,4050514.032528797,7723759.829919741
1781136000000,2026-06-11,Bridged Token Value (Dollar),6302849.587198541,787015.2730117451,450201516.132902,69848196.88,908437586.3925892,674955.4263999927,7150380,22793899.5,25950655.88363937,880.9699611218133,23792507.47828452,1787075.6256366607,18668726.827430632,84523.15410717076,8363305.287557242,7874624.80113874
1781222400000,2026-06-12,Bridged Token Value (Dollar),6408361.473440806,784282.4609490666,470566929.01928425,68795201.08,903414149.240311,699422.8355915048,6970300,22615758.9,26070304.202553384,880.9699611218133,24013965.448743362,1787075.6256366607,18411725.01701023,77870.69169425941,21268911.25344517,8741962.843849665
1781308800000,2026-06-13,Bridged Token Value (Dollar),6408361.473440806,784282.4609490667,470497837.2968893,67357601.08,903414149.2403111,716354.0834875335,6970300,22615758.9,26070304.202553388,880.8672696481264,24013965.448743362,1787075.6256366607,18411073.95317949,80981.22071466582,20442182.49740571,8740556.502411678
1781395200000,2026-06-14,Bridged Token Value (Dollar),6408361.473440806,784282.4609490667,470423457.06003344,67357601.08,903414149.2403111,716354.0834875335,6970300,22615758.9,26070304.202553384,825.3031459052183,24013965.448743362,1787075.6256366607,18411073.953179482,80981.22071466583,20300600.194343723,8739331.96132455
1781481600000,2026-06-15,Bridged Token Value (Dollar),6436957.246847212,830942.8487244465,514251796.756487,68157958.7,944278547.3523184,718521.2905152346,7441740,23474072.7,26585038.33793374,818.2747717321344,26990985.82211988,1787075.6256366607,19118729.623544462,82185.15367029367,32168279.597723227,8431457.616035417
1781568000000,2026-06-16,Bridged Token Value (Dollar),6549036.0682823565,829296.5776584768,507552797.0560597,73472037.86,922619098.924565,742430.7651639127,7397040,24008642.75,26371556.207019154,797.0756707321343,27040019.200825676,1787075.6256366607,18804728.599608976,83823.4092373066,52832274.55390045,9121017.643237783
1781654400000,2026-06-17,Bridged Token Value (Dollar),6512349.4708163235,808446.8805207339,501361301.3314523,77299098.28,945229502.2105632,711419.5341385157,7380540,22186739,26069836.25077142,797.0756707321343,25936883.09522304,1787075.6256366607,18638552.96319954,80131.61662712369,53142146.90789391,7958597.47230058
1781740800000,2026-06-18,Bridged Token Value (Dollar),6432472.09968341,801214.0738152586,502396379.04860383,72592997.58,956817914.2627078,702845.9299438887,7425720,23117934.25,26409319.871874467,796.8670968153193,24741039.9053592,1787075.6256366607,19052573.48402424,95973.44387303364,63529303.947481364,8087331.647576591
1781827200000,2026-06-19,Bridged Token Value (Dollar),6497620.233863245,801214.0738152586,503621927.1669991,68010647.58000001,957700489.5565119,716903.4801854606,7083320,23117934.25,26409319.871874467,796.8670968153193,24741039.9053592,1787075.6256366607,18981675.597312026,95973.42583092493,60709605.28595185,8084254.774679854
1781913600000,2026-06-20,Bridged Token Value (Dollar),6497620.233863245,801214.0738152586,503620423.9809718,68010647.58000001,957534565.7894334,716903.4801854605,7083320,23117934.25,26409319.871874467,744.7361795931333,24741039.9053592,1787075.6256366607,18981675.597312033,95973.42583092491,60336086.22180192,8084358.4185372805
1782000000000,2026-06-21,Bridged Token Value (Dollar),6497620.233863245,801214.0738152586,503593297.32839864,68010647.58000001,956252646.3637269,716903.4801854605,7083320,23117934.25,26409319.871874467,744.7361795931333,24740529.2795232,1787075.6256366607,18981675.597312007,95973.42583092493,62909458.772139564,8080435.440395365
1782086400000,2026-06-22,Bridged Token Value (Dollar),6497620.233863245,808265.9513936294,500930298.7781007,67774998.28,958572027.0475793,716912.0570744448,6759060,23555191.15,26290301.286081564,744.7361795931333,23955686.633853115,1787075.6256366607,18878681.331417512,123010.56877311852,72204878.99532335,7983623.097347498
1782172800000,2026-06-23,Bridged Token Value (Dollar),6477127.420016188,776760.3637154731,495867971.4671799,68792839.26,916278900.8917217,720748.9454128983,6761460,22656385.3,25882969.15179178,744.7361795931333,23106024.915162597,1787075.6256366607,18236785.387816127,122936.45227219826,84148080.46025853,8392164.407765618
1782259200000,2026-06-24,Bridged Token Value (Dollar),6384802.600063763,738770.2879236962,480494202.8350005,68680940.66,905694287.8394048,687515.9194978744,6690620,22268582.799999997,25836243.387382425,717.1591362464122,20563542.178096082,1787075.6256366607,17958934.361259684,123537.99731090192,99341276.55929281,8232025.37478409
1782345600000,2026-06-25,Bridged Token Value (Dollar),6378275.115063315,703344.5170975636,473449845.34821063,63709699.68,891029023.4614322,663321.5851374875,6363380,21870349.02,25793149.5755564,717.1267420011222,19870966.80207576,1787075.6256366607,17895137.671205197,122512.44074964573,128063880.78985427,8129881.3050226085
1782432000000,2026-06-26,Bridged Token Value (Dollar),6381899.8410614105,733833.3403640074,475774408.60915744,60916201.08,880911589.572297,644345.9091466935,5904560,21829712.919999998,25769391.19814204,717.1267420011222,22197012.446951758,1787075.6256366607,17769604.31457262,121969.91982026186,133676950.41413017,8260950.316404775
1782518400000,2026-06-27,Bridged Token Value (Dollar),6381899.8410614105,733833.3403640073,418050675.65671736,61724851.08,881485566.7657931,640510.4277316753,5904560,21829712.919999998,25769391.19814204,717.1267420011222,22197012.446951758,1787075.6256366607,17769948.672827665,120616.06486706331,130281841.4322328,8260495.801353016
1782604800000,2026-06-28,Bridged Token Value (Dollar),6381899.8410614105,733833.3403640074,418496432.40066403,61724851.08,883663023.5324275,640510.4277316747,5904560,21829712.919999998,25769391.198142037,717.1267420011222,22197012.446951758,1787075.6256366607,17769948.672827654,121995.35083964489,130214125.05905178,8260601.149937412
1782691200000,2026-06-29,Bridged Token Value (Dollar),6341412.613234921,746271.6932440504,558345760.3605524,61251712.480000004,909682435.891412,642904.6693998189,5270120,22000384.54,26179391.497590046,717.1267420011222,23784058.362452276,1787075.6256366607,18556382.58432342,107998.05931440557,154826449.9864628,9128225.742594816
1782777600000,2026-06-30,Bridged Token Value (Dollar),6445608.426133815,721514.1868584926,554612769.8453219,59998749.33,910552295.1026582,671216.3793245265,5262120,213180067.65,26428402.944460228,716.0930142769832,31129374.481829837,1787075.6256366607,19013777.94455643,106609.95894833066,170620389.40037042,9256420.112990726
1782864000000,2026-07-01,Bridged Token Value (Dollar),6496806.901578326,782006.9165774833,559926081.0010592,58765511.019,893170157.5209663,676197.7257440458,5810360,226785829.05,26336204.35051292,716.0930142769832,34608657.33917336,1787075.6256366607,29244557.583069444,107452.96882905428,174921232.43857533,8833007.409372462
1782950400000,2026-07-02,Bridged Token Value (Dollar),6488795.468821801,810874.634038228,561467143.060858,329606888.04,880300314.2874694,677288.6085407861,5532460,235393555.64999998,26280801.733643044,716.0930142769832,35393520.58792084,1787075.6256366607,32233072.67131768,117660.12150925845,189813537.03470302,8903177.330688387
1783036800000,2026-07-03,Bridged Token Value (Dollar),6481489.681991126,2200132.8018419384,559161206.549866,328259138.04,883987584.8693043,677362.3705458982,5549860,235393555.64999998,26280801.733643044,612.8966204023653,35393520.58792084,1787075.6256366607,32090161.753762484,117660.12150925843,194227299.86776978,8905923.36084671
1783123200000,2026-07-04,Bridged Token Value (Dollar),6481489.681991126,2200132.801841939,559198064.1612022,328259138.04,885528779.56191,677362.3705458979,5549860,235393555.64999998,26280801.73364305,612.7222355880583,35393520.58792084,1787075.625636661,32090161.753762495,117660.12150925842,192063642.37294075,8907843.336586332
1783209600000,2026-07-05,Bridged Token Value (Dollar),6481489.681991126,2200132.8018419384,559030513.5181544,328259138.04,888043888.4406314,677362.3705458979,5549860,235393555.64999998,26280801.733643048,612.7222355880583,35393520.58792084,1787075.6256366607,32090161.753762454,117660.12150925842,191984025.61523357,8909645.060375517
1783296000000,2026-07-06,Bridged Token Value (Dollar),6481489.681991126,2242699.663206199,569356118.2729359,297724591.32500005,882987813.8879894,679092.8345936337,6213440,238864413.14999998,26525473.964377914,602.9215318205223,35477272.1270504,1787075.6256366607,33117451.10175293,103864.637359203,248215729.96001226,9003557.954955837
1783382400000,2026-07-07,Bridged Token Value (Dollar),6537156.927565841,2197703.2327874815,449911871.2519502,241544054.984,850739707.336776,688467.3726201341,6214240,215505542.175,26369056.16606899,585.4458479865293,31714033.018023476,1787075.625636661,32343785.0015829,110985.47909405608,289369545.92807114,8828567.504989782
1783468800000,2026-07-08,Bridged Token Value (Dollar),6505633.435398802,2174294.803902555,450164761.21423435,228119569.63500002,858219788.4133121,650286.4552088167,6265840,212763564.75,26330270.848245304,585.4458479865293,30148463.80529736,1650016.9261834729,32594014.20295594,115029.74581959374,332933217.0063314,8804555.47728962
1783555200000,2026-07-09,Bridged Token Value (Dollar),6485192.010876576,2183211.3912201733,458466549.54369485,229140862.945,868341836.2936751,656552.9136364447,6137220,227618834.85,26590836.230167065,585.4458479865293,30297475.991187602,1661364.330725875,33055284.664934747,112756.34936527684,391785114.3451592,8895848.419848401
1783641600000,2026-07-10,Bridged Token Value (Dollar),6540066.305619777,2202156.336169596,466491142.0215774,239238288.23200002,873255518.1599051,655777.9892728738,5970640,220746537,26682000.316119395,585.4458479865293,31606695.60895488,1691240.1281115331,32859930.695226245,127744.31484476189,376677030.8294709,8873584.61761171
1783728000000,2026-07-11,Bridged Token Value (Dollar),6540066.305619777,2202156.336169596,466476544.93547046,239238288.23200002,872302491.0965039,655777.9892728738,5970640,220746537,26682000.316119395,585.4458479865293,31606695.60895488,1691240.1281115331,32860540.716978244,127744.31484476189,351396174.8538212,8880843.507864568
1783814400000,2026-07-12,Bridged Token Value (Dollar),6540066.305619777,2234561.9999586316,466476532.72911215,239238288.23200002,872081561.6762455,655777.9892728738,5970640,220746537,26682000.3161194,585.4458479865293,31606695.60895488,1691240.1281115331,32860540.716978274,127744.31484476189,352176966.5820015,8878907.175614782
1783900800000,2026-07-13,Bridged Token Value (Dollar),6567917.98438121,3360294.446853031,462894520.3442318,237804257.735,843692263.2076678,635991.3904724118,6008540,206446604.1,26422757.028907325,585.4458479865293,30274027.421154603,1640246.9617194824,31915011.260382313,122912.27514555443,330443159.0076912,8741605.236354118
1783987200000,2026-07-14,Bridged Token Value (Dollar),6518816.358338414,3423661.255470137,474622933.9050869,230793253.154,886231696.0806639,655521.5976961154,6181780,207973781.4,26572778.418561663,585.4458479865293,33420306.923256718,1673476.7299359785,32786405.065427773,114345.21611226075,356537099.6912762,8900691.496097535
1784073600000,2026-07-15,Bridged Token Value (Dollar),6530752.038338413,3476122.5532266195,481499226.4971782,253752926.353,884667970.3072301,654961.6350262655,5992600,214707244.95,26651333.97569634,585.4458479865293,31602675.85409208,1684536.5801317522,34510717.337496206,117605.46274945297,361162210.1845316,8959783.005584652
1784160000000,2026-07-16,Bridged Token Value (Dollar),6567976.717982012,3392912.256446768,468069842.2995174,238482606.775,850954098.5802947,634779.8937579463,6395860,214289198.55,26435761.51486354,585.4458479865293,31207768.75396356,1636647.4672247686,33429699.629809268,121926.72767271759,360590116.7763208,8832249.187944446
1784246400000,2026-07-17,Bridged Token Value (Dollar),6532770.513885129,3357804.8811258036,468929237.7661951,224703948.67900002,846425870.4001116,626556.485179873,6353260,201100035.04999998,26161342.080922212,585.4458479865293,29558448.01210788,1617792.486577605,34402838.12198987,121392.96484106586,410692863.9584262,8774749.8805276
1784332800000,2026-07-18,Bridged Token Value (Dollar),6532770.513885129,3357804.881125804,468682877.9363712,224703948.67900002,845884409.7302724,626556.4851798731,6353260,201100035.04999998,26161342.080922212,585.4458479865293,29558448.01210788,1617792.4865776044,34402825.248241805,121392.96484106587,392565725.1542552,8773588.919982364
1784419200000,2026-07-19,Bridged Token Value (Dollar),6532770.513885129,3357804.8811258036,468765410.7818763,224703948.67900002,850369968.447654,626556.4851798732,6053600,201100035.04999998,26161342.08092221,585.4458479865293,29558448.01210788,1617792.4865776044,34402825.24824177,121392.96484106586,393266700.579001,8773174.744798258
1784505600000,2026-07-20,Bridged Token Value (Dollar),6467549.527433563,3379072.593072156,483406147.29023194,220533589.796,862142143.0761186,632955.3416197236,6059500,211165449.3,26125388.581797436,585.4458479865293,30715570.313846156,1638029.9116568735,35581221.6804474,117336.61029306393,418145991.228359,8765408.853751982
1784592000000,2026-07-21,Bridged Token Value (Dollar),6458707.18604468,3558745.7722030343,501575607.7695352,251351604.637,887615957.2878318,665984.7403937606,6212740,218593030.85,26385348.413641088,585.4458479865293,31832491.74887916,1697993.903878801,38835684.13604199,117640.15753532626,481153818.78674316,8909569.337764604
1784678400000,2026-07-22,Bridged Token Value (Dollar),6531520.841518002,3450090.668434213,499567837.07989633,253981178.678,871880108.911168,650747.1576041365,6195540,208527616.6,26326648.199038215,583.1523374389593,31897082.44649604,1667165.1062935998,40339194.96714042,127952.86702969245,463376406.36895335,8752030.296144128
1784764800000,2026-07-23,Bridged Token Value (Dollar),6523459.33823486,3387378.822510078,490891554.5328462,243324477.28599998,858546255.0951219,618450.8267650838,6452800,202974284.6,25958073.68266387,583.1523374389593,31380497.493544318,1550917.9656819226,41825819.2895311,128735.81691259771,476167193.2742852,9456555.189537313
1784851200000,2026-07-24,Bridged Token Value (Dollar),6445208.149492569,3356917.051326094,487316489.98570377,245231613.066,846835084.5719138,601373.3268046139,6455400,191520537.35,25928370.323408313,579.4604675636833,28661289.76662768,1534507.0304467655,42622961.97289654,131158.55428860697,482425308.7391048,9829970.518775318
1784937600000,2026-07-25,Bridged Token Value (Dollar),6445208.149492569,3356917.0513260947,485938376.9011451,245231613.066,850641007.5384345,601373.3268046137,6455400,191520537.35,25928370.323408313,578.4117722647572,28661289.76662768,1534507.0304467657,42622987.87922314,130868.97828881381,465832589.4001631,9821226.820512574
1785024000000,2026-07-26,Bridged Token Value (Dollar),6445208.149492569,3356917.0513260947,485645203.0286461,245231613.066,857370446.0430852,601373.3268046136,6455400,191520537.35,25928370.323408313,578.4117722647572,28661289.76662768,1534507.0304467655,42622987.8792231,130868.97828881381,466171731.6985786,9820887.551902967
1785110400000,2026-07-27,Bridged Token Value (Dollar),6447986.154027805,3442349.7663449743,502702341.152097,232147217.02899998,846254982.3412681,615596.7620848595,6473500,200128201.95,25931324.54321667,569.0714937908023,30119521.570285197,1558060.3174232543,44642444.36970969,137220.75908210847,479209086.1995773,9891077.392505305
1785196800000,2026-07-28,Bridged Token Value (Dollar),6450176.735103773,3451995.2835237877,502979380.3978971,236783632.212,845535995.2407261,604492.1027122127,5857240,191242870.75,25943395.153270125,569.0714937908023,29439855.28942344,1541869.5917453668,43668731.90704365,131633.38249635874,519203115.7296129,9945514.09077743
1785283200000,2026-07-29,Bridged Token Value (Dollar),6464929.964661746,3358778.412677146,495777462.5422688,222623086.527,811710180.2264276,583361.4558184482,6184100,173333375.04999998,25558006.822227143,569.0714937908023,27945981.659315757,1493882.417379319,43714306.035091236,127803.05814991258,617767705.6918261,9881483.303258633
1785369600000,2026-07-30,Bridged Token Value (Dollar),6371905.258987037,3410316.3065811293,514426631.96859926,236980591.14499998,855997647.5594001,612973.1533776495,6184100,20975064.32,26051379.90879876,569.0714937908023,30285956.011991523,1546852.9092888972,46225900.45737177,131360.77461710054,751050482.4178134,9989058.271474762
1785456000000,2026-07-31,Bridged Token Value (Dollar),6473747.856033713,3245852.5747669307,510120913.2667167,228462375.283,811413710.9459305,590778.9205640348,5888960,20243659.52,26339526.806354024,569.0714937908023,29659487.80522476,1534989.697908366,45368140.39077343,136687.98092053915,603949463.4913732,9904857.337309936
1785542400000,2026-08-01,Bridged Token Value (Dollar),6473747.856033713,3245852.5747669307,507791799.9024694,228462375.283,810181836.030521,590778.9205640348,5888960,20243659.52,26339526.806354024,569.0714937908023,29659487.80522476,1534989.697908366,45367931.43017824,136687.98092053912,500591357.54177666,9906842.404555578
1785628800000,2026-08-02,Bridged Token Value (Dollar),6473747.856033713,3245852.5747669307,506249617.191174,228462375.283,816665301.7153989,590778.9205640348,5888960,20243659.52,26339526.806354024,569.0714937908023,29659487.80522476,1534989.697908366,44882862.77035679,136687.98092053912,501581102.7904143,9908615.22241788
1785715200000,2026-08-03,Bridged Token Value (Dollar),6517303.56664384,3291065.2777142264,519017848.75616765,233333502.45700002,839416036.8586824,598964.9029570612,5961660,21844623.36,26760348.238365453,568.0224310407922,29962737.85832688,1554504.2620285773,46538629.97056244,136924.98349671613,574366201.3377051,10178691.590803105
1785801600000,2026-08-04,Bridged Token Value (Dollar),6612340.734873453,3390421.46452591,651460639.1126487,245957592.22599998,864222672.0964667,624922.1028062627,6107620,22462254.080000002,27295676.44268996,568.0224310407922,31059694.510874636,1596125.5997761337,47145550.60336587,133702.18489321103,632081472.9528688,10508687.280514378
1785888000000,2026-08-05,Bridged Token Value (Dollar),6730289.0964774005,3347489.3289107056,527999735.64544576,248271511.86299998,854063705.8301622,625516.5589255652,6101720,23348066.56,27213113.585096646,568.0224310407922,31091390.21453094,1599741.5086917412,46541038.30625679,137551.43542406795,559208699.2893481,10049923.033979315
1785974400000,2026-08-06,Bridged Token Value (Dollar),8734236.657284465,3295969.4673522585,529954477.6218978,240607381.446,860452466.0723323,618525.0393691362,6101720,23242419.200000003,27152973.714274902,564.4899228835812,30587467.48939704,1591068.907251109,46388145.76259101,139720.83496739995,625487831.9977025,9264912.019126188
1786060800000,2026-08-07,Bridged Token Value (Dollar),8703458.66649628,3378046.484700218,543855772.4951737,255275822.439,871072190.3331679,635602.1399412627,6200640,23258672.64,27356778.951930337,564.4899228835812,31835178.22160892,1637221.7017967396,47570281.98286757,135602.02962832013,647995602.821858,9266256.25883037
1786147200000,2026-08-08,Bridged Token Value (Dollar),8703458.66649628,3378046.4847002174,541502625.8466454,255275822.439,873743098.4843122,635602.1399412621,6200640,23258672.64,27356778.951930344,564.4899228835812,31835178.22160892,1637221.7017967396,47570232.50438677,137564.00232352468,577274606.3279771,9569043.458227666
1786233600000,2026-08-09,Bridged Token Value (Dollar),8703458.66649628,3378046.4847002174,540112332.6111737,255275822.439,871331944.6840115,635602.1399412621,6200640,23258672.64,27356778.951930337,564.4899228835812,31835178.22160892,1637221.7017967396,47570232.50438676,137564.00232352468,578133043.7278142,9568502.652577579
1786320000000,2026-08-10,Bridged Token Value (Dollar),8755173.57538142,3328072.283092686,655006978.7566973,240708288.44399998,851827077.5397707,620407.7360455085,6265920,23421207.04,27351689.217778817,563.4554299728443,31170385.033739522,1624562.7949582632,49948802.14253552,136935.93809787295,619571283.2991704,9707998.56444243
1786406400000,2026-08-11,Bridged Token Value (Dollar),8754214.622880086,3322101.7631614185,657327974.7706414,253626168.79799998,860153665.4749161,618847.6529002364,6258520,65578317.12,27247104.136098977,563.4554299728443,31470151.29929388,1640871.9890030702,50372647.54222813,137662.65034306637,601737954.702756,9498113.34534304
1786492800000,2026-08-12,Bridged Token Value (Dollar),8624840.862140654,3331362.364185351,547017371.5714085,266094380.83200002,865707903.9704921,621255.5147972413,6262020,72268059.24,27347339.34865155,563.4554299728443,32357658.81502608,1638946.2639818597,50707583.10323213,135044.88430281158,613913792.9852093,9648708.071491303
1786579200000,2026-08-13,Bridged Token Value (Dollar),8648456.108027767,3404920.418256128,551180748.6576495,219700980.261,880601209.5314593,637854.0739481624,6147180,75094710.84,27557775.499373183,563.4554299728443,30460563.955252197,1685255.6023368253,50747819.052896984,139988.99607044694,566673251.273921,9650461.142758232
1786665600000,2026-08-14,Bridged Token Value (Dollar),8519685.597254327,3333041.5430734255,544935544.4899224,232116330.26700002,871875261.9700994,625131.9639996456,6049860,74034716.49,27483096.832564663,563.4554299728443,31344855.667094156,1655073.7689397014,51574628.47825697,148776.35858438598,521846392.1770399,9655855.27521469
1786752000000,2026-08-15,Bridged Token Value (Dollar),8332250.871453336,3333041.5430734255,543238354.7327905,232116330.26700002,872132666.3707548,625131.9639996454,6049860,74034716.49,27483096.832564667,555.7007978175633,31344855.667094156,1655073.7689397014,51574881.173426956,148776.35858438598,480348539.996632,9657115.011376614
1786838400000,2026-08-16,Bridged Token Value (Dollar),8332250.871453336,3333041.5430734255,543029004.2465117,232116330.26700002,872909392.5305719,625131.9639996454,6049860,74034716.49,27483096.832564663,555.5815538839194,31344855.667094156,1655073.7626651675,51574881.173426956,148776.35858438598,480774071.8604269,9656690.092210945
1786924800000,2026-08-17,Bridged Token Value (Dollar),8332250.871453336,3358555.1815387337,548889871.3816257,216995691.50399998,882769525.2068992,633206.2066987855,6055060,84222439.965,27352002.41743066,555.5815538839194,31493465.87749812,1680477.6944715234,52576720.762937665,373400.63265307265,532217618.81961274,9786003.41743395
1787011200000,2026-08-18,Bridged Token Value (Dollar),8144036.46820162,3301600.376311092,539257233.7654265,227131529.172,851785257.6291775,611097.5863035385,5964980,83668887.36000001,27121565.393184334,555.5815538839194,33369524.020156678,1637321.378892506,52880592.39663356,319099.78258242464,520827686.8459165,9689607.259200186
1787097600000,2026-08-19,Bridged Token Value (Dollar),7640004.645449664,3435659.688677189,557501869.4390403,240474169.965,870847152.4891856,637974.3449215554,6117040,86815209.8,27160802.46264346,551.5821254323733,36305148.458984405,1727183.7274832015,54124071.469730265,287860.99029056565,566575975.2107737,9732082.640830148
1787184000000,2026-08-20,Bridged Token Value (Dollar),7511439.487301735,3547664.4559474704,562591667.9581078,253957548.01500002,862853159.1587944,655203.1043624921,6168840,84954042.48,26970552.23680644,551.5821254323733,36909370.704099715,1769418.2916726407,56583084.84511109,282321.0317209312,574095373.8390543,9777380.373331716
1787270400000,2026-08-21,Bridged Token Value (Dollar),7141720.233531926,3711554.5634662025,579871162.359509,242581029.999,871628345.5449402,676755.5486594756,6750800,92115025.3,27108711.368989725,551.5821254323733,37786426.857188635,1834868.9296354833,58589659.56365217,299464.49062672374,585809615.605158,9803394.018625455
1787356800000,2026-08-22,Bridged Token Value (Dollar),7141720.233531926,3711554.5634662025,574388419.4057473,242581029.999,867491845.3705293,676755.5486594756,6750800,92115025.3,27108711.36898972,551.5821254323733,37786426.857188635,1834868.9296354835,58589647.30109584,302317.09482651565,555607323.157032,9953518.949703187
1787443200000,2026-08-23,Bridged Token Value (Dollar),7141720.233531926,3711554.563466202,574542661.4369458,242581029.999,872591395.6187748,676755.5486594756,6750800,92115025.3,27108711.368989725,550.3018168317693,37786426.857188635,1834868.9296354833,58589647.30109583,302317.09482651565,552702407.3382843,9952753.505890958
1787529600000,2026-08-24,Bridged Token Value (Dollar),7035974.1016749535,3622419.728752742,575171910.5758499,252362557.35899997,846792700.4149659,667926.2362248795,6758500,91031319.12,26994769.06011455,550.3018168317693,42076700.77988784,1820205.3386627594,61640436.107473314,421883.0440455343,574631721.1902304,9904145.31702456
1787616000000,2026-08-25,Bridged Token Value (Dollar),7035974.1016749535,3718842.1565520787,589888630.432134,278256984.189,858598836.4304572,681890.6353488645,6724500,96921026.62,27143782.1359191,549.7093746414514,44435571.29849604,1863423.6113536223,62821569.47154291,345099.02063068,582634202.8637099,10095062.134491518
1787702400000,2026-08-26,Bridged Token Value (Dollar),6981114.173672402,3663641.8864533985,588436201.165391,267453448.45499998,863173530.4985574,672465.670943873,6709300,87356141.64,27289428.298095588,549.7093746414514,43558783.129064634,1831026.2532094268,63726961.744670056,330925.3562813245,581351407.1634779,10295162.338149175