Timestamp,Date,Measure,US Treasury Debt,non-US Government Debt,Corporate Credit,Stocks,Private Equity,Real Estate,Commodities,Diversified Credit,Asset-Backed Credit,Active Strategies,Specialty Finance,Venture Capital
1537747200000,2018-09-24,Bridged Token Value (Dollar),,,,,,,,,,,,24772.379999999997
1537833600000,2018-09-25,Bridged Token Value (Dollar),,,,,,,,,,,,7757738.503199999
1537920000000,2018-09-26,Bridged Token Value (Dollar),,,,,,,,,,,,10761022.843199998
1538006400000,2018-09-27,Bridged Token Value (Dollar),,,,,,,,,,,,10761022.843199998
1538092800000,2018-09-28,Bridged Token Value (Dollar),,,,,,,,,,,,10761022.843199998
1538179200000,2018-09-29,Bridged Token Value (Dollar),,,,,,,,,,,,10761022.843199998
1538265600000,2018-09-30,Bridged Token Value (Dollar),,,,,,,,,,,,10683044.4168
1538352000000,2018-10-01,Bridged Token Value (Dollar),,,,,,,,,,,,10683044.4168
1538438400000,2018-10-02,Bridged Token Value (Dollar),,,,,,,,,,,,10683044.4168
1538524800000,2018-10-03,Bridged Token Value (Dollar),,,,,,,,,,,,10683044.4168
1538611200000,2018-10-04,Bridged Token Value (Dollar),,,,,,,,,,,,10737844.4168
1538697600000,2018-10-05,Bridged Token Value (Dollar),,,,,,,,,,,,10737844.4168
1538784000000,2018-10-06,Bridged Token Value (Dollar),,,,,,,,,,,,10737844.4168
1538870400000,2018-10-07,Bridged Token Value (Dollar),,,,,,,,,,,,10737844.4168
1538956800000,2018-10-08,Bridged Token Value (Dollar),,,,,,,,,,,,10737844.4168
1539043200000,2018-10-09,Bridged Token Value (Dollar),,,,,,,,,,,,10737844.4168
1539129600000,2018-10-10,Bridged Token Value (Dollar),,,,,,,,,,,,10737844.4168
1539216000000,2018-10-11,Bridged Token Value (Dollar),,,,,,,,,,,,10737844.4168
1539302400000,2018-10-12,Bridged Token Value (Dollar),,,,,,,,,,,,10737844.4168
1539388800000,2018-10-13,Bridged Token Value (Dollar),,,,,,,,,,,,10737844.4168
1539475200000,2018-10-14,Bridged Token Value (Dollar),,,,,,,,,,,,10737844.4168
1539561600000,2018-10-15,Bridged Token Value (Dollar),,,,,,,,,,,,10737844.4168
1539648000000,2018-10-16,Bridged Token Value (Dollar),,,,,,,,,,,,10737844.4168
1539734400000,2018-10-17,Bridged Token Value (Dollar),,,,,,,,,,,,10737844.4168
1539820800000,2018-10-18,Bridged Token Value (Dollar),,,,,,,,,,,,10737844.4168
1539907200000,2018-10-19,Bridged Token Value (Dollar),,,,,,,,,,,,10737844.4168
1539993600000,2018-10-20,Bridged Token Value (Dollar),,,,,,,,,,,,10737844.4168
1540080000000,2018-10-21,Bridged Token Value (Dollar),,,,,,,,,,,,10737844.4168
1540166400000,2018-10-22,Bridged Token Value (Dollar),,,,,,,,,,,,10737844.4168
1540252800000,2018-10-23,Bridged Token Value (Dollar),,,,,,,,,,,,10737844.4168
1540339200000,2018-10-24,Bridged Token Value (Dollar),,,,,,,,,,,,10737844.4168
1540425600000,2018-10-25,Bridged Token Value (Dollar),,,,,,,,,,,,10737844.4168
1540512000000,2018-10-26,Bridged Token Value (Dollar),,,,,,,,,,,,10737844.4168
1540598400000,2018-10-27,Bridged Token Value (Dollar),,,,,,,,,,,,10737844.4168
1540684800000,2018-10-28,Bridged Token Value (Dollar),,,,,,,,,,,,10737844.4168
1540771200000,2018-10-29,Bridged Token Value (Dollar),,,,,,,,,,,,10737844.4168
1540857600000,2018-10-30,Bridged Token Value (Dollar),,,,,,,,,,,,10737844.4168
1540944000000,2018-10-31,Bridged Token Value (Dollar),,,,,,,,,,,,10737844.4168
1541030400000,2018-11-01,Bridged Token Value (Dollar),,,,,,,,,,,,10737844.4168
1541116800000,2018-11-02,Bridged Token Value (Dollar),,,,,,,,,,,,10737844.4168
1541203200000,2018-11-03,Bridged Token Value (Dollar),,,,,,,,,,,,10737844.4168
1541289600000,2018-11-04,Bridged Token Value (Dollar),,,,,,,,,,,,10737844.4168
1541376000000,2018-11-05,Bridged Token Value (Dollar),,,,,,,,,,,,10746139.766800001
1541462400000,2018-11-06,Bridged Token Value (Dollar),,,,,,,,,,,,10746139.766800001
1541548800000,2018-11-07,Bridged Token Value (Dollar),,,,,,,,,,,,10746139.766800001
1541635200000,2018-11-08,Bridged Token Value (Dollar),,,,,,,,,,,,10746139.766800001
1541721600000,2018-11-09,Bridged Token Value (Dollar),,,,,,,,,,,,10746139.766800001
1541808000000,2018-11-10,Bridged Token Value (Dollar),,,,,,,,,,,,10746139.766800001
1541894400000,2018-11-11,Bridged Token Value (Dollar),,,,,,,,,,,,10746139.766800001
1541980800000,2018-11-12,Bridged Token Value (Dollar),,,,,,,,,,,,10746139.766800001
1542067200000,2018-11-13,Bridged Token Value (Dollar),,,,,,,,,,,,10746139.766800001
1542153600000,2018-11-14,Bridged Token Value (Dollar),,,,,,,,,,,,10746139.766800001
1542240000000,2018-11-15,Bridged Token Value (Dollar),,,,,,,,,,,,10746139.766800001
1542326400000,2018-11-16,Bridged Token Value (Dollar),,,,,,,,,,,,10746139.766800001
1542412800000,2018-11-17,Bridged Token Value (Dollar),,,,,,,,,,,,10746139.766800001
1542499200000,2018-11-18,Bridged Token Value (Dollar),,,,,,,,,,,,10746139.766800001
1542585600000,2018-11-19,Bridged Token Value (Dollar),,,,,,,,,,,,10746139.766800001
1542672000000,2018-11-20,Bridged Token Value (Dollar),,,,,,,,,,,,10746139.766800001
1542758400000,2018-11-21,Bridged Token Value (Dollar),,,,,,,,,,,,10746139.766800001
1542844800000,2018-11-22,Bridged Token Value (Dollar),,,,,,,,,,,,10746139.766800001
1542931200000,2018-11-23,Bridged Token Value (Dollar),,,,,,,,,,,,10762892.1268
1543017600000,2018-11-24,Bridged Token Value (Dollar),,,,,,,,,,,,10762892.1268
1543104000000,2018-11-25,Bridged Token Value (Dollar),,,,,,,,,,,,10762892.1268
1543190400000,2018-11-26,Bridged Token Value (Dollar),,,,,,,,,,,,10762892.1268
1543276800000,2018-11-27,Bridged Token Value (Dollar),,,,,,,,,,,,10762892.1268
1543363200000,2018-11-28,Bridged Token Value (Dollar),,,,,,,,,,,,10797142.1268
1543449600000,2018-11-29,Bridged Token Value (Dollar),,,,,,,,,,,,11218792.5068
1543536000000,2018-11-30,Bridged Token Value (Dollar),,,,,,,,,,,,11218792.5068
1543622400000,2018-12-01,Bridged Token Value (Dollar),,,,,,,,,,,,11218792.5068
1543708800000,2018-12-02,Bridged Token Value (Dollar),,,,,,,,,,,,11218792.5068
1543795200000,2018-12-03,Bridged Token Value (Dollar),,,,,,,,,,,,11218792.5068
1543881600000,2018-12-04,Bridged Token Value (Dollar),,,,,,,,,,,,11218792.5068
1543968000000,2018-12-05,Bridged Token Value (Dollar),,,,,,,,,,,,11218792.5068
1544054400000,2018-12-06,Bridged Token Value (Dollar),,,,,,,,,,,,11218792.5068
1544140800000,2018-12-07,Bridged Token Value (Dollar),,,,,,,,,,,,11218792.5068
1544227200000,2018-12-08,Bridged Token Value (Dollar),,,,,,,,,,,,11218792.5068
1544313600000,2018-12-09,Bridged Token Value (Dollar),,,,,,,,,,,,11218792.5068
1544400000000,2018-12-10,Bridged Token Value (Dollar),,,,,,,,,,,,11218792.5068
1544486400000,2018-12-11,Bridged Token Value (Dollar),,,,,,,,,,,,11218792.5068
1544572800000,2018-12-12,Bridged Token Value (Dollar),,,,,,,,,,,,11218792.5068
1544659200000,2018-12-13,Bridged Token Value (Dollar),,,,,,,,,,,,11218792.5068
1544745600000,2018-12-14,Bridged Token Value (Dollar),,,,,,,,,,,,11218792.5068
1544832000000,2018-12-15,Bridged Token Value (Dollar),,,,,,,,,,,,11218792.5068
1544918400000,2018-12-16,Bridged Token Value (Dollar),,,,,,,,,,,,11218792.5068
1545004800000,2018-12-17,Bridged Token Value (Dollar),,,,,,,,,,,,11218792.5068
1545091200000,2018-12-18,Bridged Token Value (Dollar),,,,,,,,,,,,11218792.5068
1545177600000,2018-12-19,Bridged Token Value (Dollar),,,,,,,,,,,,17059055.5268
1545264000000,2018-12-20,Bridged Token Value (Dollar),,,,,,,,,,,,17059055.5268
1545350400000,2018-12-21,Bridged Token Value (Dollar),,,,,,,,,,,,17059055.5268
1545436800000,2018-12-22,Bridged Token Value (Dollar),,,,,,,,,,,,17059055.5268
1545523200000,2018-12-23,Bridged Token Value (Dollar),,,,,,,,,,,,17059055.5268
1545609600000,2018-12-24,Bridged Token Value (Dollar),,,,,,,,,,,,17059055.5268
1545696000000,2018-12-25,Bridged Token Value (Dollar),,,,,,,,,,,,17059055.5268
1545782400000,2018-12-26,Bridged Token Value (Dollar),,,,,,,,,,,,17059055.5268
1545868800000,2018-12-27,Bridged Token Value (Dollar),,,,,,,,,,,,17059055.5268
1545955200000,2018-12-28,Bridged Token Value (Dollar),,,,,,,,,,,,17059055.5268
1546041600000,2018-12-29,Bridged Token Value (Dollar),,,,,,,,,,,,17059055.5268
1546128000000,2018-12-30,Bridged Token Value (Dollar),,,,,,,,,,,,17059055.5268
1546214400000,2018-12-31,Bridged Token Value (Dollar),,,,,,,,,,,,15460085.4584
1546300800000,2019-01-01,Bridged Token Value (Dollar),,,,,,,,,,,,15460085.4584
1546387200000,2019-01-02,Bridged Token Value (Dollar),,,,,,,,,,,,15460085.4584
1546473600000,2019-01-03,Bridged Token Value (Dollar),,,,,,,,,,,,15460085.4584
1546560000000,2019-01-04,Bridged Token Value (Dollar),,,,,,,,,,,,15460085.4584
1546646400000,2019-01-05,Bridged Token Value (Dollar),,,,,,,,,,,,15460085.4584
1546732800000,2019-01-06,Bridged Token Value (Dollar),,,,,,,,,,,,15460085.4584
1546819200000,2019-01-07,Bridged Token Value (Dollar),,,,,,,,,,,,15460085.4584
1546905600000,2019-01-08,Bridged Token Value (Dollar),,,,,,,,,,,,15460085.4584
1546992000000,2019-01-09,Bridged Token Value (Dollar),,,,,,,,,,,,15460085.4584
1547078400000,2019-01-10,Bridged Token Value (Dollar),,,,,,,,,,,,15460085.4584
1547164800000,2019-01-11,Bridged Token Value (Dollar),,,,,,,,,,,,15460085.4584
1547251200000,2019-01-12,Bridged Token Value (Dollar),,,,,,,,,,,,15460085.4584
1547337600000,2019-01-13,Bridged Token Value (Dollar),,,,,,,,,,,,15460085.4584
1547424000000,2019-01-14,Bridged Token Value (Dollar),,,,,,,,,,,,15460085.4584
1547510400000,2019-01-15,Bridged Token Value (Dollar),,,,,,,,,,,,15460085.4584
1547596800000,2019-01-16,Bridged Token Value (Dollar),,,,,,,,,,,,15826885.458400002
1547683200000,2019-01-17,Bridged Token Value (Dollar),,,,,,,,,,,,15826885.458400002
1547769600000,2019-01-18,Bridged Token Value (Dollar),,,,,,,,,,,,15826885.458400002
1547856000000,2019-01-19,Bridged Token Value (Dollar),,,,,,,,,,,,15826885.458400002
1547942400000,2019-01-20,Bridged Token Value (Dollar),,,,,,,,,,,,15826885.458400002
1548028800000,2019-01-21,Bridged Token Value (Dollar),,,,,,,,,,,,15826885.458400002
1548115200000,2019-01-22,Bridged Token Value (Dollar),,,,,,,,,,,,15826885.458400002
1548201600000,2019-01-23,Bridged Token Value (Dollar),,,,,,,,,,,,15826885.458400002
1548288000000,2019-01-24,Bridged Token Value (Dollar),,,,,,,,,,,,15826885.458400002
1548374400000,2019-01-25,Bridged Token Value (Dollar),,,,,,,,,,,,15826885.458400002
1548460800000,2019-01-26,Bridged Token Value (Dollar),,,,,,,,,,,,15826885.458400002
1548547200000,2019-01-27,Bridged Token Value (Dollar),,,,,,,,,,,,15826885.458400002
1548633600000,2019-01-28,Bridged Token Value (Dollar),,,,,,,,,,,,15826885.458400002
1548720000000,2019-01-29,Bridged Token Value (Dollar),,,,,,,,,,,,15826885.458400002
1548806400000,2019-01-30,Bridged Token Value (Dollar),,,,,,,,,,,,15826885.458400002
1548892800000,2019-01-31,Bridged Token Value (Dollar),,,,,,,,,,,,15826885.458400002
1548979200000,2019-02-01,Bridged Token Value (Dollar),,,,,,,,,,,,15826885.458400002
1549065600000,2019-02-02,Bridged Token Value (Dollar),,,,,,,,,,,,15826885.458400002
1549152000000,2019-02-03,Bridged Token Value (Dollar),,,,,,,,,,,,15826885.458400002
1549238400000,2019-02-04,Bridged Token Value (Dollar),,,,,,,,,,,,15826885.458400002
1549324800000,2019-02-05,Bridged Token Value (Dollar),,,,,,,,,,,,15826885.458400002
1549411200000,2019-02-06,Bridged Token Value (Dollar),,,,,,,,,,,,15826885.458400002
1549497600000,2019-02-07,Bridged Token Value (Dollar),,,,,,,,,,,,15826885.458400002
1549584000000,2019-02-08,Bridged Token Value (Dollar),,,,,,,,,,,,15826885.458400002
1549670400000,2019-02-09,Bridged Token Value (Dollar),,,,,,,,,,,,15826885.458400002
1549756800000,2019-02-10,Bridged Token Value (Dollar),,,,,,,,,,,,15826885.458400002
1549843200000,2019-02-11,Bridged Token Value (Dollar),,,,,,,,,,,,15826885.458400002
1549929600000,2019-02-12,Bridged Token Value (Dollar),,,,,,,,,,,,15835006.148400001
1550016000000,2019-02-13,Bridged Token Value (Dollar),,,,,,,,,,,,15835006.148400001
1550102400000,2019-02-14,Bridged Token Value (Dollar),,,,,,,,,,,,15835006.148400001
1550188800000,2019-02-15,Bridged Token Value (Dollar),,,,,,,,,,,,15835006.148400001
1550275200000,2019-02-16,Bridged Token Value (Dollar),,,,,,,,,,,,15835006.148400001
1550361600000,2019-02-17,Bridged Token Value (Dollar),,,,,,,,,,,,15835006.148400001
1550448000000,2019-02-18,Bridged Token Value (Dollar),,,,,,,,,,,,15835006.148400001
1550534400000,2019-02-19,Bridged Token Value (Dollar),,,,,,,,,,,,15835006.148400001
1550620800000,2019-02-20,Bridged Token Value (Dollar),,,,,,,,,,,,15835006.148400001
1550707200000,2019-02-21,Bridged Token Value (Dollar),,,,,,,,,,,,15835006.148400001
1550793600000,2019-02-22,Bridged Token Value (Dollar),,,,,,,,,,,,15835006.148400001
1550880000000,2019-02-23,Bridged Token Value (Dollar),,,,,,,,,,,,15835006.148400001
1550966400000,2019-02-24,Bridged Token Value (Dollar),,,,,,,,,,,,15835006.148400001
1551052800000,2019-02-25,Bridged Token Value (Dollar),,,,,,,,,,,,15835006.148400001
1551139200000,2019-02-26,Bridged Token Value (Dollar),,,,,,,,,,,,15835006.148400001
1551225600000,2019-02-27,Bridged Token Value (Dollar),,,,,,,,,,,,15835006.148400001
1551312000000,2019-02-28,Bridged Token Value (Dollar),,,,,,,,,,,,15835006.148400001
1551398400000,2019-03-01,Bridged Token Value (Dollar),,,,,,,,,,,,15835006.148400001
1551484800000,2019-03-02,Bridged Token Value (Dollar),,,,,,,,,,,,15835006.148400001
1551571200000,2019-03-03,Bridged Token Value (Dollar),,,,,,,,,,,,15835006.148400001
1551657600000,2019-03-04,Bridged Token Value (Dollar),,,,,,,,,,,,16713916.488400001
1551744000000,2019-03-05,Bridged Token Value (Dollar),,,,,,,,,,,,16713916.488400001
1551830400000,2019-03-06,Bridged Token Value (Dollar),,,,,,,,,,,,16713916.488400001
1551916800000,2019-03-07,Bridged Token Value (Dollar),,,,,,,,,,,,16713916.488400001
1552003200000,2019-03-08,Bridged Token Value (Dollar),,,,,,,,,,,,16713916.488400001
1552089600000,2019-03-09,Bridged Token Value (Dollar),,,,,,,,,,,,16713916.488400001
1552176000000,2019-03-10,Bridged Token Value (Dollar),,,,,,,,,,,,16713916.488400001
1552262400000,2019-03-11,Bridged Token Value (Dollar),,,,,,,,,,,,16713916.488400001
1552348800000,2019-03-12,Bridged Token Value (Dollar),,,,,,,,,,,,16713916.488400001
1552435200000,2019-03-13,Bridged Token Value (Dollar),,,,,,,,,,,,16713916.488400001
1552521600000,2019-03-14,Bridged Token Value (Dollar),,,,,,,,,,,,16713916.488400001
1552608000000,2019-03-15,Bridged Token Value (Dollar),,,,,,,,,,,,16713916.488400001
1552694400000,2019-03-16,Bridged Token Value (Dollar),,,,,,,,,,,,16713916.488400001
1552780800000,2019-03-17,Bridged Token Value (Dollar),,,,,,,,,,,,16713916.488400001
1552867200000,2019-03-18,Bridged Token Value (Dollar),,,,,,,,,,,,16713916.488400001
1552953600000,2019-03-19,Bridged Token Value (Dollar),,,,,,,,,,,,16713916.488400001
1553040000000,2019-03-20,Bridged Token Value (Dollar),,,,,,,,,,,,16713916.488400001
1553126400000,2019-03-21,Bridged Token Value (Dollar),,,,,,,,,,,,16713916.488400001
1553212800000,2019-03-22,Bridged Token Value (Dollar),,,,,,,,,,,,16713916.488400001
1553299200000,2019-03-23,Bridged Token Value (Dollar),,,,,,,,,,,,16713916.488400001
1553385600000,2019-03-24,Bridged Token Value (Dollar),,,,,,,,,,,,16713916.488400001
1553472000000,2019-03-25,Bridged Token Value (Dollar),,,,,,,,,,,,16713916.488400001
1553558400000,2019-03-26,Bridged Token Value (Dollar),,,,,,,,,,,,16713916.488400001
1553644800000,2019-03-27,Bridged Token Value (Dollar),,,,,,,,,,,,16713916.488400001
1553731200000,2019-03-28,Bridged Token Value (Dollar),,,,,,,,,,,,16713916.488400001
1553817600000,2019-03-29,Bridged Token Value (Dollar),,,,,,,,,,,,16713916.488400001
1553904000000,2019-03-30,Bridged Token Value (Dollar),,,,,,,,,,,,16713916.488400001
1553990400000,2019-03-31,Bridged Token Value (Dollar),,,,,,,,,,,,16748559.912
1554076800000,2019-04-01,Bridged Token Value (Dollar),,,,,,,,,,,,16748559.912
1554163200000,2019-04-02,Bridged Token Value (Dollar),,,,,,,,,,,,16755098.912
1554249600000,2019-04-03,Bridged Token Value (Dollar),,,,,,,,,,,,16755098.912
1554336000000,2019-04-04,Bridged Token Value (Dollar),,,,,,,,,,,,16755098.912
1554422400000,2019-04-05,Bridged Token Value (Dollar),,,,,,,,,,,,16755098.912
1554508800000,2019-04-06,Bridged Token Value (Dollar),,,,,,,,,,,,16755098.912
1554595200000,2019-04-07,Bridged Token Value (Dollar),,,,,,,,,,,,16755098.912
1554681600000,2019-04-08,Bridged Token Value (Dollar),,,,,,,,,,,,16755098.912
1554768000000,2019-04-09,Bridged Token Value (Dollar),,,,,,,,,,,,16755098.912
1554854400000,2019-04-10,Bridged Token Value (Dollar),,,,,,,,,,,,16755098.912
1554940800000,2019-04-11,Bridged Token Value (Dollar),,,,,,,,,,,,16755098.912
1555027200000,2019-04-12,Bridged Token Value (Dollar),,,,,,,,,,,,16755098.912
1555113600000,2019-04-13,Bridged Token Value (Dollar),,,,,,,,,,,,16755098.912
1555200000000,2019-04-14,Bridged Token Value (Dollar),,,,,,,,,,,,16755098.912
1555286400000,2019-04-15,Bridged Token Value (Dollar),,,,,,,,,,,,16755098.912
1555372800000,2019-04-16,Bridged Token Value (Dollar),,,,,,,,,,,,16755098.912
1555459200000,2019-04-17,Bridged Token Value (Dollar),,,,,,,,,,,,16755098.912
1555545600000,2019-04-18,Bridged Token Value (Dollar),,,,,,,,,,,,16755098.912
1555632000000,2019-04-19,Bridged Token Value (Dollar),,,,,,,,,,,,16755098.912
1555718400000,2019-04-20,Bridged Token Value (Dollar),,,,,,,,,,,,16755098.912
1555804800000,2019-04-21,Bridged Token Value (Dollar),,,,,,,,,,,,16755098.912
1555891200000,2019-04-22,Bridged Token Value (Dollar),,,,,,,,,,,,16755098.912
1555977600000,2019-04-23,Bridged Token Value (Dollar),,,,,,,,,,,,16755098.912
1556064000000,2019-04-24,Bridged Token Value (Dollar),,,,,,,,,,,,16755098.912
1556150400000,2019-04-25,Bridged Token Value (Dollar),,,,,,,,,,,,16755098.912
1556236800000,2019-04-26,Bridged Token Value (Dollar),,,,,,,,,,,,16755098.912
1556323200000,2019-04-27,Bridged Token Value (Dollar),,,,,,,,,,,,16755098.912
1556409600000,2019-04-28,Bridged Token Value (Dollar),,,,,,,,,,,,16755098.912
1556496000000,2019-04-29,Bridged Token Value (Dollar),,,,,,,,,,,,16755098.912
1556582400000,2019-04-30,Bridged Token Value (Dollar),,,,,,,,,,,,16755098.912
1556668800000,2019-05-01,Bridged Token Value (Dollar),,,,,,,,,,,,16755098.912
1556755200000,2019-05-02,Bridged Token Value (Dollar),,,,,,,,,,,,16756203.912
1556841600000,2019-05-03,Bridged Token Value (Dollar),,,,,,,,,,,,16756203.912
1556928000000,2019-05-04,Bridged Token Value (Dollar),,,,,,,,,,,,17371043.112
1557014400000,2019-05-05,Bridged Token Value (Dollar),,,,,,,,,,,,17371043.112
1557100800000,2019-05-06,Bridged Token Value (Dollar),,,,,,,,,,,,17371043.112
1557187200000,2019-05-07,Bridged Token Value (Dollar),,,,,,,,,,,,17371043.112
1557273600000,2019-05-08,Bridged Token Value (Dollar),,,,,,,,,,,,17499528.072
1557360000000,2019-05-09,Bridged Token Value (Dollar),,,,,,,,,,,,17512528.072
1557446400000,2019-05-10,Bridged Token Value (Dollar),,,,,,,,,,,,17512528.072
1557532800000,2019-05-11,Bridged Token Value (Dollar),,,,,,,,,,,,17512528.072
1557619200000,2019-05-12,Bridged Token Value (Dollar),,,,,,,,,,,,17512528.072
1557705600000,2019-05-13,Bridged Token Value (Dollar),,,,,,,,,,,,17512528.072
1557792000000,2019-05-14,Bridged Token Value (Dollar),,,,,,,,,,,,17512690.792
1557878400000,2019-05-15,Bridged Token Value (Dollar),,,,,,,,,,,,17512690.792
1557964800000,2019-05-16,Bridged Token Value (Dollar),,,,,,,,,,,,17512690.792
1558051200000,2019-05-17,Bridged Token Value (Dollar),,,,,,,,,,,,17512690.792
1558137600000,2019-05-18,Bridged Token Value (Dollar),,,,,,,,,,,,17512690.792
1558224000000,2019-05-19,Bridged Token Value (Dollar),,,,,,,,,,,,17512690.792
1558310400000,2019-05-20,Bridged Token Value (Dollar),,,,,,,,,,,,17512690.792
1558396800000,2019-05-21,Bridged Token Value (Dollar),,,,,,,,,,,,17512690.792
1558483200000,2019-05-22,Bridged Token Value (Dollar),,,,,,,,,,,,17512690.792
1558569600000,2019-05-23,Bridged Token Value (Dollar),,,,,,,,,,,,17512690.792
1558656000000,2019-05-24,Bridged Token Value (Dollar),,,,,,,,,,,,17512690.792
1558742400000,2019-05-25,Bridged Token Value (Dollar),,,,,,,,,,,,17512690.792
1558828800000,2019-05-26,Bridged Token Value (Dollar),,,,,,,,,,,,17512690.792
1558915200000,2019-05-27,Bridged Token Value (Dollar),,,,,,,,,,,,17512690.792
1559001600000,2019-05-28,Bridged Token Value (Dollar),,,,,,,,,,,,17512690.792
1559088000000,2019-05-29,Bridged Token Value (Dollar),,,,,,,,,,,,17512690.792
1559174400000,2019-05-30,Bridged Token Value (Dollar),,,,,,,,,,,,17512690.792
1559260800000,2019-05-31,Bridged Token Value (Dollar),,,,,,,,,,,,17512690.792
1559347200000,2019-06-01,Bridged Token Value (Dollar),,,,,,,,,,,,17512690.792
1559433600000,2019-06-02,Bridged Token Value (Dollar),,,,,,,,,,,,17512690.792
1559520000000,2019-06-03,Bridged Token Value (Dollar),,,,,,,,,,,,17512690.792
1559606400000,2019-06-04,Bridged Token Value (Dollar),,,,,,,,,,,,17512690.792
1559692800000,2019-06-05,Bridged Token Value (Dollar),,,,,,,,,,,,17512985.992
1559779200000,2019-06-06,Bridged Token Value (Dollar),,,,,,,,,,,,17513405.512000002
1559865600000,2019-06-07,Bridged Token Value (Dollar),,,,,,,,,,,,17513405.512000002
1559952000000,2019-06-08,Bridged Token Value (Dollar),,,,,,,,,,,,17513405.512000002
1560038400000,2019-06-09,Bridged Token Value (Dollar),,,,,,,,,,,,17513405.512000002
1560124800000,2019-06-10,Bridged Token Value (Dollar),,,,,,,,,,,,17513405.512000002
1560211200000,2019-06-11,Bridged Token Value (Dollar),,,,,,,,,,,,17788185.832000002
1560297600000,2019-06-12,Bridged Token Value (Dollar),,,,,,,,,,,,17788185.832000002
1560384000000,2019-06-13,Bridged Token Value (Dollar),,,,,,,,,,,,17788185.832000002
1560470400000,2019-06-14,Bridged Token Value (Dollar),,,,,,,,,,,,17789146.312
1560556800000,2019-06-15,Bridged Token Value (Dollar),,,,,,,,,,,,17789146.312
1560643200000,2019-06-16,Bridged Token Value (Dollar),,,,,,,,,,,,17789146.312
1560729600000,2019-06-17,Bridged Token Value (Dollar),,,,,,,,,,,,17789146.312
1560816000000,2019-06-18,Bridged Token Value (Dollar),,,,,,,,,,,,17789146.312
1560902400000,2019-06-19,Bridged Token Value (Dollar),,,,,,,,,,,,17789146.312
1560988800000,2019-06-20,Bridged Token Value (Dollar),,,,,,,,,,,,17789146.312
1561075200000,2019-06-21,Bridged Token Value (Dollar),,,,,,,,,,,,17789146.312
1561161600000,2019-06-22,Bridged Token Value (Dollar),,,,,,,,,,,,17789146.312
1561248000000,2019-06-23,Bridged Token Value (Dollar),,,,,,,,,,,,17789146.312
1561334400000,2019-06-24,Bridged Token Value (Dollar),,,,,,,,,,,,17789146.312
1561420800000,2019-06-25,Bridged Token Value (Dollar),,,,,,,,,,,,17789146.312
1561507200000,2019-06-26,Bridged Token Value (Dollar),,,,,,,,,,,,17789146.312
1561593600000,2019-06-27,Bridged Token Value (Dollar),,,,,,,,,,,,17789146.312
1561680000000,2019-06-28,Bridged Token Value (Dollar),,,,,,,,,,,,17789146.312
1561766400000,2019-06-29,Bridged Token Value (Dollar),,,,,,,,,,,,17789146.312
1561852800000,2019-06-30,Bridged Token Value (Dollar),,,,,,,,,,,,19506041.1948
1561939200000,2019-07-01,Bridged Token Value (Dollar),,,,,,,,,,,,19506041.1948
1562025600000,2019-07-02,Bridged Token Value (Dollar),,,,,,,,,,9750,,19506041.1948
1562112000000,2019-07-03,Bridged Token Value (Dollar),,,,,,,,,,2037308.6500000001,,19506041.1948
1562198400000,2019-07-04,Bridged Token Value (Dollar),,,,,,,,,,2037308.6500000001,,19506041.1948
1562284800000,2019-07-05,Bridged Token Value (Dollar),,,,,,,,,,2037308.6500000001,,19506041.1948
1562371200000,2019-07-06,Bridged Token Value (Dollar),,,,,,,,,,2037308.6500000001,,19506041.1948
1562457600000,2019-07-07,Bridged Token Value (Dollar),,,,,,,,,,2037308.6500000001,,19506041.1948
1562544000000,2019-07-08,Bridged Token Value (Dollar),,,,,,,,,,2037308.6500000001,,19506041.1948
1562630400000,2019-07-09,Bridged Token Value (Dollar),,,,,,,,,,2037308.6500000001,,19506041.1948
1562716800000,2019-07-10,Bridged Token Value (Dollar),,,,,,,,,,2037308.6500000001,,19506041.1948
1562803200000,2019-07-11,Bridged Token Value (Dollar),,,,,,,,,,2037308.6500000001,,19506041.1948
1562889600000,2019-07-12,Bridged Token Value (Dollar),,,,,,,,,,2037308.6500000001,,19506041.1948
1562976000000,2019-07-13,Bridged Token Value (Dollar),,,,,,,,,,2037308.6500000001,,19506041.1948
1563062400000,2019-07-14,Bridged Token Value (Dollar),,,,,,,,,,2037308.6500000001,,19506041.1948
1563148800000,2019-07-15,Bridged Token Value (Dollar),,,,,,,,,,2037308.6500000001,,19506041.1948
1563235200000,2019-07-16,Bridged Token Value (Dollar),,,,,,,,,,2037308.6500000001,,19506041.1948
1563321600000,2019-07-17,Bridged Token Value (Dollar),,,,,,,,,,2037308.6500000001,,19506041.1948
1563408000000,2019-07-18,Bridged Token Value (Dollar),,,,,,,,,,2037308.6500000001,,19506041.1948
1563494400000,2019-07-19,Bridged Token Value (Dollar),,,,,,,,,,2037308.6500000001,,19685509.164800003
1563580800000,2019-07-20,Bridged Token Value (Dollar),,,,,,,,,,2037308.6500000001,,19685509.164800003
1563667200000,2019-07-21,Bridged Token Value (Dollar),,,,,,,,,,2037308.6500000001,,19777709.6448
1563753600000,2019-07-22,Bridged Token Value (Dollar),,,,,,,,,,2037308.6500000001,,19901824.4048
1563840000000,2019-07-23,Bridged Token Value (Dollar),,,,,,,,,,2037308.6500000001,,19901824.4048
1563926400000,2019-07-24,Bridged Token Value (Dollar),,,,,,,,,,2037308.6500000001,,19909741.024800003
1564012800000,2019-07-25,Bridged Token Value (Dollar),,,,,,,,,,2037308.6500000001,,20160102.2148
1564099200000,2019-07-26,Bridged Token Value (Dollar),,,,,,,,,,2037308.6500000001,,20160102.2148
1564185600000,2019-07-27,Bridged Token Value (Dollar),,,,,,,,,,2037308.6500000001,,20160102.2148
1564272000000,2019-07-28,Bridged Token Value (Dollar),,,,,,,,,,2037308.6500000001,,20160102.2148
1564358400000,2019-07-29,Bridged Token Value (Dollar),,,,,,,,,,2037308.6500000001,,20160102.2148
1564444800000,2019-07-30,Bridged Token Value (Dollar),,,,,,,,,,2037308.6500000001,,20160102.2148
1564531200000,2019-07-31,Bridged Token Value (Dollar),,,,,,,,,,2037308.6500000001,,20160102.2148
1564617600000,2019-08-01,Bridged Token Value (Dollar),,,,,,,,,,2037308.6500000001,,20160444.414800003
1564704000000,2019-08-02,Bridged Token Value (Dollar),,,,,,,,,,2037308.6500000001,,20160444.414800003
1564790400000,2019-08-03,Bridged Token Value (Dollar),,,,,,,,,,2037308.6500000001,,20160444.414800003
1564876800000,2019-08-04,Bridged Token Value (Dollar),,,,,,,,,,2037308.6500000001,,20160444.414800003
1564963200000,2019-08-05,Bridged Token Value (Dollar),,,,,,,,,,2037308.6500000001,,20160444.414800003
1565049600000,2019-08-06,Bridged Token Value (Dollar),,,,,,,,,,2037308.6500000001,,20107641.774800003
1565136000000,2019-08-07,Bridged Token Value (Dollar),,,,,,,,,,2037308.6500000001,,20108420.5748
1565222400000,2019-08-08,Bridged Token Value (Dollar),,,,,,,,,,2037308.6500000001,,20108420.5748
1565308800000,2019-08-09,Bridged Token Value (Dollar),,,,,,,,,,2037308.6500000001,,20114072.774800003
1565395200000,2019-08-10,Bridged Token Value (Dollar),,,,,,,,,,2037308.6500000001,,20114072.774800003
1565481600000,2019-08-11,Bridged Token Value (Dollar),,,,,,,,,,2037308.6500000001,,20114072.774800003
1565568000000,2019-08-12,Bridged Token Value (Dollar),,,,,,,,,,2168408.45,,20129729.6048
1565654400000,2019-08-13,Bridged Token Value (Dollar),,,,,,,,,,2168408.45,,20207928.7948
1565740800000,2019-08-14,Bridged Token Value (Dollar),,,,,,,,,,2168408.45,,20207928.7948
1565827200000,2019-08-15,Bridged Token Value (Dollar),,,,,,,,,,2168408.45,,20207928.7948
1565913600000,2019-08-16,Bridged Token Value (Dollar),,,,,,,,,,2168408.45,,20207928.7948
1566000000000,2019-08-17,Bridged Token Value (Dollar),,,,,,,,,,2168408.45,,20207928.7948
1566086400000,2019-08-18,Bridged Token Value (Dollar),,,,,,,,,,2168408.45,,20207928.7948
1566172800000,2019-08-19,Bridged Token Value (Dollar),,,,,,,,,,2168408.45,,20207928.7948
1566259200000,2019-08-20,Bridged Token Value (Dollar),,,,,,,,,,2168408.45,,20207928.7948
1566345600000,2019-08-21,Bridged Token Value (Dollar),,,,,,,,,,2168408.45,,20207928.7948
1566432000000,2019-08-22,Bridged Token Value (Dollar),,,,,,,,,,2168408.45,,20207928.7948
1566518400000,2019-08-23,Bridged Token Value (Dollar),,,,,,,,,,2168408.45,,20207928.7948
1566604800000,2019-08-24,Bridged Token Value (Dollar),,,,,,,,,,2168408.45,,20207928.7948
1566691200000,2019-08-25,Bridged Token Value (Dollar),,,,,,,,,,2168408.45,,20207928.7948
1566777600000,2019-08-26,Bridged Token Value (Dollar),,,,,,,,,,2168408.45,,20207928.7948
1566864000000,2019-08-27,Bridged Token Value (Dollar),,,,,,,,,,2168408.45,,20207928.7948
1566950400000,2019-08-28,Bridged Token Value (Dollar),,,,,,,,,,2168408.45,,20207928.7948
1567036800000,2019-08-29,Bridged Token Value (Dollar),,,,,,,,,,2168408.45,,20207928.7948
1567123200000,2019-08-30,Bridged Token Value (Dollar),,,,,,,,,,2168408.45,,20207928.7948
1567209600000,2019-08-31,Bridged Token Value (Dollar),,,,,,,,,,2168408.45,,20207928.7948
1567296000000,2019-09-01,Bridged Token Value (Dollar),,,,,,,,,,2168408.45,,20207928.7948
1567382400000,2019-09-02,Bridged Token Value (Dollar),,,,,,,,,,2168408.45,,20207928.7948
1567468800000,2019-09-03,Bridged Token Value (Dollar),,,,,,,,,,2168408.45,,20207928.7948
1567555200000,2019-09-04,Bridged Token Value (Dollar),,,,,,,,,,2168408.45,,20207928.7948
1567641600000,2019-09-05,Bridged Token Value (Dollar),,,,,,,,,,2168408.45,,20207928.7948
1567728000000,2019-09-06,Bridged Token Value (Dollar),,,,,,,,,,2168408.45,,20207928.7948
1567814400000,2019-09-07,Bridged Token Value (Dollar),,,,,,,,,,2168408.45,,20207928.7948
1567900800000,2019-09-08,Bridged Token Value (Dollar),,,,,,,,,,2177614.4,,20224428.7948
1567987200000,2019-09-09,Bridged Token Value (Dollar),,,,,,,,,,2177614.4,,20226029.954800002
1568073600000,2019-09-10,Bridged Token Value (Dollar),,,,,,,,,,2177614.4,,20226029.954800002
1568160000000,2019-09-11,Bridged Token Value (Dollar),,,,,,,,,,2177614.4,,20226029.954800002
1568246400000,2019-09-12,Bridged Token Value (Dollar),,,,,,,,,,2177614.4,,20226029.954800002
1568332800000,2019-09-13,Bridged Token Value (Dollar),,,,,,,,,,2177614.4,,20226029.954800002
1568419200000,2019-09-14,Bridged Token Value (Dollar),,,,,,,,,,2177614.4,,20226029.954800002
1568505600000,2019-09-15,Bridged Token Value (Dollar),,,,,,,,,,2177614.4,,20226029.954800002
1568592000000,2019-09-16,Bridged Token Value (Dollar),,,,,,,,,,2177614.4,,20226029.954800002
1568678400000,2019-09-17,Bridged Token Value (Dollar),,,,,,,,,,2177614.4,,20226029.954800002
1568764800000,2019-09-18,Bridged Token Value (Dollar),,,,,,,,,,2177614.4,,20226029.954800002
1568851200000,2019-09-19,Bridged Token Value (Dollar),,,,,,,,,,2177614.4,,20226029.954800002
1568937600000,2019-09-20,Bridged Token Value (Dollar),,,,,,,,,,2177614.4,,20226029.954800002
1569024000000,2019-09-21,Bridged Token Value (Dollar),,,,,,,,,,2177614.4,,20226029.954800002
1569110400000,2019-09-22,Bridged Token Value (Dollar),,,,,,,,,,2177614.4,,20226029.954800002
1569196800000,2019-09-23,Bridged Token Value (Dollar),,,,,,,,,,2177614.4,,20226029.954800002
1569283200000,2019-09-24,Bridged Token Value (Dollar),,,,,,,,,,2177614.4,,20226029.954800002
1569369600000,2019-09-25,Bridged Token Value (Dollar),,,,,,,,,,2177614.4,,20226029.954800002
1569456000000,2019-09-26,Bridged Token Value (Dollar),,,,,,,,,,2177614.4,,20226029.954800002
1569542400000,2019-09-27,Bridged Token Value (Dollar),,,,,,,,,,2177614.4,,20226029.954800002
1569628800000,2019-09-28,Bridged Token Value (Dollar),,,,,,,,,,2177614.4,,20226029.954800002
1569715200000,2019-09-29,Bridged Token Value (Dollar),,,,,,,,,,2177614.4,,20226029.954800002
1569801600000,2019-09-30,Bridged Token Value (Dollar),,,,,,,,,,1976603.8399999999,,18691684.2548
1569888000000,2019-10-01,Bridged Token Value (Dollar),,,,,,,,,,1976603.8399999999,,18691684.2548
1569974400000,2019-10-02,Bridged Token Value (Dollar),,,,,,,,,,1976603.8399999999,,18691684.2548
1570060800000,2019-10-03,Bridged Token Value (Dollar),,,,,,,,,,1976603.8399999999,,18691684.2548
1570147200000,2019-10-04,Bridged Token Value (Dollar),,,,,,,,,,1976603.8399999999,,18691684.2548
1570233600000,2019-10-05,Bridged Token Value (Dollar),,,,,,,,,,1976603.8399999999,,18691684.2548
1570320000000,2019-10-06,Bridged Token Value (Dollar),,,,,,,,,,1976603.8399999999,,18691684.2548
1570406400000,2019-10-07,Bridged Token Value (Dollar),,,,,,,,,,1976603.8399999999,,18691684.2548
1570492800000,2019-10-08,Bridged Token Value (Dollar),,,,,,,,,,1976603.8399999999,,18691684.2548
1570579200000,2019-10-09,Bridged Token Value (Dollar),,,,,,,,,,1976603.8399999999,,18691684.2548
1570665600000,2019-10-10,Bridged Token Value (Dollar),,,,,,,,,,1976603.8399999999,,18691684.2548
1570752000000,2019-10-11,Bridged Token Value (Dollar),,,,,,,,,,1976603.8399999999,,18691684.2548
1570838400000,2019-10-12,Bridged Token Value (Dollar),,,,,,,,,,1976603.8399999999,,18691684.2548
1570924800000,2019-10-13,Bridged Token Value (Dollar),,,,,,,,,,1976603.8399999999,,18691684.2548
1571011200000,2019-10-14,Bridged Token Value (Dollar),,,,,,,,,,1976603.8399999999,,18691684.2548
1571097600000,2019-10-15,Bridged Token Value (Dollar),,,,,,,,,,1976603.8399999999,,18691684.2548
1571184000000,2019-10-16,Bridged Token Value (Dollar),,,,,,,,,,1976603.8399999999,,18691684.2548
1571270400000,2019-10-17,Bridged Token Value (Dollar),,,,,,,,,,1976603.8399999999,,18691684.2548
1571356800000,2019-10-18,Bridged Token Value (Dollar),,,,,,,,,,1976603.8399999999,,18691684.2548
1571443200000,2019-10-19,Bridged Token Value (Dollar),,,,,,,,,,1976603.8399999999,,18691684.2548
1571529600000,2019-10-20,Bridged Token Value (Dollar),,,,,,,,,,1976603.8399999999,,18691684.2548
1571616000000,2019-10-21,Bridged Token Value (Dollar),,,,,,,,,,1976603.8399999999,,18691684.2548
1571702400000,2019-10-22,Bridged Token Value (Dollar),,,,,,,,,,1976603.8399999999,,18691684.2548
1571788800000,2019-10-23,Bridged Token Value (Dollar),,,,,,,,,,1976603.8399999999,,18691684.2548
1571875200000,2019-10-24,Bridged Token Value (Dollar),,,,,,,,,,1976603.8399999999,,18691684.2548
1571961600000,2019-10-25,Bridged Token Value (Dollar),,,,,,,,,,1976603.8399999999,,18691684.2548
1572048000000,2019-10-26,Bridged Token Value (Dollar),,,,,,,,,,1976603.8399999999,,18691684.2548
1572134400000,2019-10-27,Bridged Token Value (Dollar),,,,,,,,,,1976603.8399999999,,18691684.2548
1572220800000,2019-10-28,Bridged Token Value (Dollar),,,,,,,,,,1976603.8399999999,,18691684.2548
1572307200000,2019-10-29,Bridged Token Value (Dollar),,,,,,,,,,1976603.8399999999,,18691684.2548
1572393600000,2019-10-30,Bridged Token Value (Dollar),,,,,,,,,,1976603.8399999999,,18691684.2548
1572480000000,2019-10-31,Bridged Token Value (Dollar),,,,,,,,,,1976603.8399999999,,18691684.2548
1572566400000,2019-11-01,Bridged Token Value (Dollar),,,,,,,,,,1976603.8399999999,,18691684.2548
1572652800000,2019-11-02,Bridged Token Value (Dollar),,,,,,,,,,1976603.8399999999,,18691684.2548
1572739200000,2019-11-03,Bridged Token Value (Dollar),,,,,,,,,,1976603.8399999999,,18691684.2548
1572825600000,2019-11-04,Bridged Token Value (Dollar),,,,,,,,,,1976603.8399999999,,18691684.2548
1572912000000,2019-11-05,Bridged Token Value (Dollar),,,,,,,,,,1976603.8399999999,,18691684.2548
1572998400000,2019-11-06,Bridged Token Value (Dollar),,,,,,,,,,1976603.8399999999,,18691684.2548
1573084800000,2019-11-07,Bridged Token Value (Dollar),,,,,,,,,,1976603.8399999999,,18691684.2548
1573171200000,2019-11-08,Bridged Token Value (Dollar),,,,,,,,,,1976603.8399999999,,18691684.2548
1573257600000,2019-11-09,Bridged Token Value (Dollar),,,,,,,,,,1976603.8399999999,,18691684.2548
1573344000000,2019-11-10,Bridged Token Value (Dollar),,,,,,,,,,1976603.8399999999,,18691684.2548
1573430400000,2019-11-11,Bridged Token Value (Dollar),,,,,,,,,,1976603.8399999999,,18691684.2548
1573516800000,2019-11-12,Bridged Token Value (Dollar),,,,,,,,,,1976603.8399999999,,18691684.2548
1573603200000,2019-11-13,Bridged Token Value (Dollar),,,,,,,,,,1976603.8399999999,,18691684.2548
1573689600000,2019-11-14,Bridged Token Value (Dollar),,,,,,,,,,1976603.8399999999,,18691684.2548
1573776000000,2019-11-15,Bridged Token Value (Dollar),,,,,,,,,,1976603.8399999999,,18691684.2548
1573862400000,2019-11-16,Bridged Token Value (Dollar),,,,,,,,,,1976603.8399999999,,18691684.2548
1573948800000,2019-11-17,Bridged Token Value (Dollar),,,,,,,,,,1976603.8399999999,,18691684.2548
1574035200000,2019-11-18,Bridged Token Value (Dollar),,,,,,,,,,1976603.8399999999,,18691684.2548
1574121600000,2019-11-19,Bridged Token Value (Dollar),,,,,,,,,,1976603.8399999999,,18691684.2548
1574208000000,2019-11-20,Bridged Token Value (Dollar),,,,,,,,,,1976603.8399999999,,18691994.4248
1574294400000,2019-11-21,Bridged Token Value (Dollar),,,,,,,,,,1976603.8399999999,,18691994.4248
1574380800000,2019-11-22,Bridged Token Value (Dollar),,,,,,,,,,1976603.8399999999,,18691994.4248
1574467200000,2019-11-23,Bridged Token Value (Dollar),,,,,,,,,,1976603.8399999999,,18691994.4248
1574553600000,2019-11-24,Bridged Token Value (Dollar),,,,,,,,,,1976603.8399999999,,18691994.4248
1574640000000,2019-11-25,Bridged Token Value (Dollar),,,,,,,,,,1976603.8399999999,,18691994.4248
1574726400000,2019-11-26,Bridged Token Value (Dollar),,,,,,,,,,1976603.8399999999,,18691994.4248
1574812800000,2019-11-27,Bridged Token Value (Dollar),,,,,,,,,,1976603.8399999999,,18691994.4248
1574899200000,2019-11-28,Bridged Token Value (Dollar),,,,,,,,,,1976603.8399999999,,18691994.4248
1574985600000,2019-11-29,Bridged Token Value (Dollar),,,,,,,,,,1976603.8399999999,,18691994.4248
1575072000000,2019-11-30,Bridged Token Value (Dollar),,,,,,,,,,1976603.8399999999,,18691994.4248
1575158400000,2019-12-01,Bridged Token Value (Dollar),,,,,,,,,,1976603.8399999999,,18691994.4248
1575244800000,2019-12-02,Bridged Token Value (Dollar),,,,,,,,,,1976603.8399999999,,18691994.4248
1575331200000,2019-12-03,Bridged Token Value (Dollar),,,,,,,,,,1976603.8399999999,,18691994.4248
1575417600000,2019-12-04,Bridged Token Value (Dollar),,,,,,,,,,1976603.8399999999,,18691994.4248
1575504000000,2019-12-05,Bridged Token Value (Dollar),,,,,,,,,,1976603.8399999999,,18691994.4248
1575590400000,2019-12-06,Bridged Token Value (Dollar),,,,,,,,,,1976603.8399999999,,18691994.4248
1575676800000,2019-12-07,Bridged Token Value (Dollar),,,,,,,,,,1976603.8399999999,,18691994.4248
1575763200000,2019-12-08,Bridged Token Value (Dollar),,,,,,,,,,1976603.8399999999,,18691994.4248
1575849600000,2019-12-09,Bridged Token Value (Dollar),,,,,,,,,,2015126.1199999999,,18691994.4248
1575936000000,2019-12-10,Bridged Token Value (Dollar),,,,,,,,,,2015126.1199999999,,18691994.4248
1576022400000,2019-12-11,Bridged Token Value (Dollar),,,,,,,,,,2015126.1199999999,,18691994.4248
1576108800000,2019-12-12,Bridged Token Value (Dollar),,,,,,,,,,2017935.7,,18691994.4248
1576195200000,2019-12-13,Bridged Token Value (Dollar),,,,,,,,,,2017935.7,,18691994.4248
1576281600000,2019-12-14,Bridged Token Value (Dollar),,,,,,,,,,2017935.7,,18691994.4248
1576368000000,2019-12-15,Bridged Token Value (Dollar),,,,,,,,,,2017935.7,,18691994.4248
1576454400000,2019-12-16,Bridged Token Value (Dollar),,,,,,,,,,2017935.7,,18691994.4248
1576540800000,2019-12-17,Bridged Token Value (Dollar),,,,,,,,,,2017935.7,,18691994.4248
1576627200000,2019-12-18,Bridged Token Value (Dollar),,,,,,,,,,2017935.7,,18691994.4248
1576713600000,2019-12-19,Bridged Token Value (Dollar),,,,,,,,,,2017935.7,,18691994.4248
1576800000000,2019-12-20,Bridged Token Value (Dollar),,,,,,,,,,2017935.7,,18691994.4248
1576886400000,2019-12-21,Bridged Token Value (Dollar),,,,,,,,,,2017935.7,,18691994.4248
1576972800000,2019-12-22,Bridged Token Value (Dollar),,,,,,,,,,2017935.7,,18691994.4248
1577059200000,2019-12-23,Bridged Token Value (Dollar),,,,,,,,,,2017935.7,,18691994.4248
1577145600000,2019-12-24,Bridged Token Value (Dollar),,,,,,,,,,2017935.7,,18691994.4248
1577232000000,2019-12-25,Bridged Token Value (Dollar),,,,,,,,,,2017935.7,,18691994.4248
1577318400000,2019-12-26,Bridged Token Value (Dollar),,,,,,,,,,2017935.7,,18691994.4248
1577404800000,2019-12-27,Bridged Token Value (Dollar),,,,,,,,,,2017935.7,,18691994.4248
1577491200000,2019-12-28,Bridged Token Value (Dollar),,,,,,,,,,2017935.7,,18691994.4248
1577577600000,2019-12-29,Bridged Token Value (Dollar),,,,,,,,,,2017935.7,,18691994.4248
1577664000000,2019-12-30,Bridged Token Value (Dollar),,,,,,,,,,2017935.7,,18691994.4248
1577750400000,2019-12-31,Bridged Token Value (Dollar),,,,,,,,,,1846924.2000000002,,17617908.1248
1577836800000,2020-01-01,Bridged Token Value (Dollar),,,,,,,,,,1846924.2000000002,,17617908.1248
1577923200000,2020-01-02,Bridged Token Value (Dollar),,,,,,,,,,1846924.2000000002,,17617908.1248
1578009600000,2020-01-03,Bridged Token Value (Dollar),,,,,,,,,,1846924.2000000002,,17617908.1248
1578096000000,2020-01-04,Bridged Token Value (Dollar),,,,,,,,,,1846924.2000000002,,17617908.1248
1578182400000,2020-01-05,Bridged Token Value (Dollar),,,,,,,,,,1846924.2000000002,,17617908.1248
1578268800000,2020-01-06,Bridged Token Value (Dollar),,,,,,,,,,1846924.2000000002,,17617908.1248
1578355200000,2020-01-07,Bridged Token Value (Dollar),,,,,,,,,,1846924.2000000002,,17617908.1248
1578441600000,2020-01-08,Bridged Token Value (Dollar),,,,,,,,,,1846924.2000000002,,17617908.1248
1578528000000,2020-01-09,Bridged Token Value (Dollar),,,,,,,,,,1846924.2000000002,,17617908.1248
1578614400000,2020-01-10,Bridged Token Value (Dollar),,,,,,,,,,1846924.2000000002,,17617908.1248
1578700800000,2020-01-11,Bridged Token Value (Dollar),,,,,,,,,,1846924.2000000002,,17617908.1248
1578787200000,2020-01-12,Bridged Token Value (Dollar),,,,,,,,,,1846924.2000000002,,17617908.1248
1578873600000,2020-01-13,Bridged Token Value (Dollar),,,,,,,,,,1846924.2000000002,,17617908.1248
1578960000000,2020-01-14,Bridged Token Value (Dollar),,,,,,,,,,1846924.2000000002,,17617908.1248
1579046400000,2020-01-15,Bridged Token Value (Dollar),,,,,,,,,,1846924.2000000002,,17617908.1248
1579132800000,2020-01-16,Bridged Token Value (Dollar),,,,,,,,,,1846924.2000000002,,17617908.1248
1579219200000,2020-01-17,Bridged Token Value (Dollar),,,,,,,,,,1846924.2000000002,,17617908.1248
1579305600000,2020-01-18,Bridged Token Value (Dollar),,,,,,,,,,1846924.2000000002,,17617908.1248
1579392000000,2020-01-19,Bridged Token Value (Dollar),,,,,,,,,,1846924.2000000002,,17617908.1248
1579478400000,2020-01-20,Bridged Token Value (Dollar),,,,,,,,,,1846924.2000000002,,17617908.1248
1579564800000,2020-01-21,Bridged Token Value (Dollar),,,,,,,,,,1846924.2000000002,,17617908.1248
1579651200000,2020-01-22,Bridged Token Value (Dollar),,,,,,,,,,1846924.2000000002,,17617908.1248
1579737600000,2020-01-23,Bridged Token Value (Dollar),,,,,,,,,,1846924.2000000002,,17617908.1248
1579824000000,2020-01-24,Bridged Token Value (Dollar),,,,,,,,,,1846924.2000000002,,17617908.1248
1579910400000,2020-01-25,Bridged Token Value (Dollar),,,,,,,,,,1846924.2000000002,,17617908.1248
1579996800000,2020-01-26,Bridged Token Value (Dollar),,,,,,,,,,1846924.2000000002,,17617908.1248
1580083200000,2020-01-27,Bridged Token Value (Dollar),,,,,,,,,,1846924.2000000002,,17617908.1248
1580169600000,2020-01-28,Bridged Token Value (Dollar),,,,,,,,,,1846924.2000000002,,17617908.1248
1580256000000,2020-01-29,Bridged Token Value (Dollar),,,,,,,,,,1846924.2000000002,,17617908.1248
1580342400000,2020-01-30,Bridged Token Value (Dollar),,,,,,,,,,1846924.2000000002,,17617908.1248
1580428800000,2020-01-31,Bridged Token Value (Dollar),,,,,,,,,,1846924.2000000002,,17617908.1248
1580515200000,2020-02-01,Bridged Token Value (Dollar),,,,,,,,,,1846924.2000000002,,17617908.1248
1580601600000,2020-02-02,Bridged Token Value (Dollar),,,,,,,,,,1846924.2000000002,,17617908.1248
1580688000000,2020-02-03,Bridged Token Value (Dollar),,,,,,,,,,1846924.2000000002,,17617908.1248
1580774400000,2020-02-04,Bridged Token Value (Dollar),,,,,,,,,,1846924.2000000002,,17617908.1248
1580860800000,2020-02-05,Bridged Token Value (Dollar),,,,,,,,,,1846924.2000000002,,17617908.1248
1580947200000,2020-02-06,Bridged Token Value (Dollar),,,,,,,,,,1846924.2000000002,,17617908.1248
1581033600000,2020-02-07,Bridged Token Value (Dollar),,,,,,,,,,1846924.2000000002,,17617908.1248
1581120000000,2020-02-08,Bridged Token Value (Dollar),,,,,,,,,,1846924.2000000002,,17617908.1248
1581206400000,2020-02-09,Bridged Token Value (Dollar),,,,,,,,,,1846924.2000000002,,17617908.1248
1581292800000,2020-02-10,Bridged Token Value (Dollar),,,,,,,,,,1846924.2000000002,,17617908.1248
1581379200000,2020-02-11,Bridged Token Value (Dollar),,,,,,,,,,1846924.2000000002,,17617908.1248
1581465600000,2020-02-12,Bridged Token Value (Dollar),,,,,,,,,,1846924.2000000002,,17789110.6248
1581552000000,2020-02-13,Bridged Token Value (Dollar),,,,,,,,,,1846924.2000000002,,17789110.6248
1581638400000,2020-02-14,Bridged Token Value (Dollar),,,,,,,,,,1846924.2000000002,,17789110.6248
1581724800000,2020-02-15,Bridged Token Value (Dollar),,,,,,,,,,1846924.2000000002,,17789110.6248
1581811200000,2020-02-16,Bridged Token Value (Dollar),,,,,,,,,,1846924.2000000002,,17789110.6248
1581897600000,2020-02-17,Bridged Token Value (Dollar),,,,,,,,,,1846924.2000000002,,17789110.6248
1581984000000,2020-02-18,Bridged Token Value (Dollar),,,,,,,,,,1846924.2000000002,,17789110.6248
1582070400000,2020-02-19,Bridged Token Value (Dollar),,,,,,,,,,1846924.2000000002,,17789110.6248
1582156800000,2020-02-20,Bridged Token Value (Dollar),,,,,,,,,,1846924.2000000002,,17789110.6248
1582243200000,2020-02-21,Bridged Token Value (Dollar),,,,,,,,,,1846924.2000000002,,17789110.6248
1582329600000,2020-02-22,Bridged Token Value (Dollar),,,,,,,,,,1846924.2000000002,,17789110.6248
1582416000000,2020-02-23,Bridged Token Value (Dollar),,,,,,,,,,1846924.2000000002,,17789110.6248
1582502400000,2020-02-24,Bridged Token Value (Dollar),,,,,,,,,,1846924.2000000002,,17789110.6248
1582588800000,2020-02-25,Bridged Token Value (Dollar),,,,,,,,,,1846924.2000000002,,17789110.6248
1582675200000,2020-02-26,Bridged Token Value (Dollar),,,,,,,,,,1849327.2000000002,,17789110.6248
1582761600000,2020-02-27,Bridged Token Value (Dollar),,,,,,,,,,1849327.2000000002,,17789110.6248
1582848000000,2020-02-28,Bridged Token Value (Dollar),,,,,,,,,,1849327.2000000002,,17961363.7848
1582934400000,2020-02-29,Bridged Token Value (Dollar),,,,,,,,,,1849327.2000000002,,17797293.3048
1583020800000,2020-03-01,Bridged Token Value (Dollar),,,,,,,,,,1849327.2000000002,,17797293.3048
1583107200000,2020-03-02,Bridged Token Value (Dollar),,,,,,,,,,1849327.2000000002,,17797293.3048
1583193600000,2020-03-03,Bridged Token Value (Dollar),,,,,,,,,,1856844.0000000002,,17797293.3048
1583280000000,2020-03-04,Bridged Token Value (Dollar),,,,,,,,,,1856844.0000000002,,17797293.3048
1583366400000,2020-03-05,Bridged Token Value (Dollar),,,,,,,,,,1856844.0000000002,,17797293.3048
1583452800000,2020-03-06,Bridged Token Value (Dollar),,,,,,,,,,1856844.0000000002,,17797293.3048
1583539200000,2020-03-07,Bridged Token Value (Dollar),,,,,,,,,,1856844.0000000002,,17797293.3048
1583625600000,2020-03-08,Bridged Token Value (Dollar),,,,,,,,,,1856844.0000000002,,17832293.1048
1583712000000,2020-03-09,Bridged Token Value (Dollar),,,,,,,,,,1856844.0000000002,,17832293.1048
1583798400000,2020-03-10,Bridged Token Value (Dollar),,,,,,,,,,1856844.0000000002,,17832293.1048
1583884800000,2020-03-11,Bridged Token Value (Dollar),,,,,,,,,,1856844.0000000002,,17832293.1048
1583971200000,2020-03-12,Bridged Token Value (Dollar),,,,,,,,,,1856844.0000000002,,17832293.1048
1584057600000,2020-03-13,Bridged Token Value (Dollar),,,,,,,,,,1856844.0000000002,,17832293.1048
1584144000000,2020-03-14,Bridged Token Value (Dollar),,,,,,,,,,1856844.0000000002,,17832293.1048
1584230400000,2020-03-15,Bridged Token Value (Dollar),,,,,,,,,,1856844.0000000002,,17832293.1048
1584316800000,2020-03-16,Bridged Token Value (Dollar),,,,,,,,,,1856844.0000000002,,17832293.1048
1584403200000,2020-03-17,Bridged Token Value (Dollar),,,,,,,,,,1856844.0000000002,,17832293.1048
1584489600000,2020-03-18,Bridged Token Value (Dollar),,,,,,,,,,1856844.0000000002,,17463882.4248
1584576000000,2020-03-19,Bridged Token Value (Dollar),,,,,,,,,,1856844.0000000002,,17463882.4248
1584662400000,2020-03-20,Bridged Token Value (Dollar),,,,,,,,,,1856844.0000000002,,17463882.4248
1584748800000,2020-03-21,Bridged Token Value (Dollar),,,,,,,,,,1856844.0000000002,,17463882.4248
1584835200000,2020-03-22,Bridged Token Value (Dollar),,,,,,,,,,1856844.0000000002,,17463882.4248
1584921600000,2020-03-23,Bridged Token Value (Dollar),,,,,,,,,,1856844.0000000002,,17463882.4248
1585008000000,2020-03-24,Bridged Token Value (Dollar),,,,,,,,,,1856844.0000000002,,17463882.4248
1585094400000,2020-03-25,Bridged Token Value (Dollar),,,,,,,,,,1856844.0000000002,,17463882.4248
1585180800000,2020-03-26,Bridged Token Value (Dollar),,,,,,,,,,1964844.0000000002,,17463882.4248
1585267200000,2020-03-27,Bridged Token Value (Dollar),,,,,,,,,,1964844.0000000002,,17463882.4248
1585353600000,2020-03-28,Bridged Token Value (Dollar),,,,,,,,,,1964844.0000000002,,17463882.4248
1585440000000,2020-03-29,Bridged Token Value (Dollar),,,,,,,,,,1964844.0000000002,,17463882.4248
1585526400000,2020-03-30,Bridged Token Value (Dollar),,,,,,,,,,1964844.0000000002,,17463882.4248
1585612800000,2020-03-31,Bridged Token Value (Dollar),,,,,,,,,,1237124,,16833813.824800003
1585699200000,2020-04-01,Bridged Token Value (Dollar),,,,,,,,,,1237124,,16833813.824800003
1585785600000,2020-04-02,Bridged Token Value (Dollar),,,,,,,,,,1237124,,16833813.824800003
1585872000000,2020-04-03,Bridged Token Value (Dollar),,,,,,,,,,1237124,,16833813.824800003
1585958400000,2020-04-04,Bridged Token Value (Dollar),,,,,,,,,,1237124,,16833813.824800003
1586044800000,2020-04-05,Bridged Token Value (Dollar),,,,,,,,,,1237124,,16833813.824800003
1586131200000,2020-04-06,Bridged Token Value (Dollar),,,,,,,,,,1237124,,16833813.824800003
1586217600000,2020-04-07,Bridged Token Value (Dollar),,,,,,,,,,1237124,,16833813.824800003
1586304000000,2020-04-08,Bridged Token Value (Dollar),,,,,,,,,,1237124,,16833813.824800003
1586390400000,2020-04-09,Bridged Token Value (Dollar),,,,,,,,,,1237124,,16833813.824800003
1586476800000,2020-04-10,Bridged Token Value (Dollar),,,,,,,,,,1237124,,16833813.824800003
1586563200000,2020-04-11,Bridged Token Value (Dollar),,,,,,,,,,1237124,,16833813.824800003
1586649600000,2020-04-12,Bridged Token Value (Dollar),,,,,,,,,,1237124,,16833813.824800003
1586736000000,2020-04-13,Bridged Token Value (Dollar),,,,,,,,,,1237124,,16833813.824800003
1586822400000,2020-04-14,Bridged Token Value (Dollar),,,,,,,,,,1237124,,16833813.824800003
1586908800000,2020-04-15,Bridged Token Value (Dollar),,,,,,,,,,1237124,,16833813.824800003
1586995200000,2020-04-16,Bridged Token Value (Dollar),,,,,,,,,,1237124,,16833813.824800003
1587081600000,2020-04-17,Bridged Token Value (Dollar),,,,,,,,,,1237124,,16833813.824800003
1587168000000,2020-04-18,Bridged Token Value (Dollar),,,,,,,,,,1237124,,16833813.824800003
1587254400000,2020-04-19,Bridged Token Value (Dollar),,,,,,,,,,1237124,,16833813.824800003
1587340800000,2020-04-20,Bridged Token Value (Dollar),,,,,,,,,,1237124,,16833813.824800003
1587427200000,2020-04-21,Bridged Token Value (Dollar),,,,,,,,,,1237124,,16833813.824800003
1587513600000,2020-04-22,Bridged Token Value (Dollar),,,,,,,,,,1237124,,16833813.824800003
1587600000000,2020-04-23,Bridged Token Value (Dollar),,,,,,,,,,1237124,,16833813.824800003
1587686400000,2020-04-24,Bridged Token Value (Dollar),,,,,,,,,,1237124,,16833813.824800003
1587772800000,2020-04-25,Bridged Token Value (Dollar),,,,,,,,,,1237124,,16833813.824800003
1587859200000,2020-04-26,Bridged Token Value (Dollar),,,,,,,,,,1237124,,16833813.824800003
1587945600000,2020-04-27,Bridged Token Value (Dollar),,,,,,,,,,1237124,,16833813.824800003
1588032000000,2020-04-28,Bridged Token Value (Dollar),,,,,,,,,,1237124,,16833813.824800003
1588118400000,2020-04-29,Bridged Token Value (Dollar),,,,,,,,,,1237124,,16833813.824800003
1588204800000,2020-04-30,Bridged Token Value (Dollar),,,,,,,,,,1237124,,16833813.824800003
1588291200000,2020-05-01,Bridged Token Value (Dollar),,,,,,,,,,1237124,,16833813.824800003
1588377600000,2020-05-02,Bridged Token Value (Dollar),,,,,,,,,,1237124,,16833813.824800003
1588464000000,2020-05-03,Bridged Token Value (Dollar),,,,,,,,,,1237124,,16833813.824800003
1588550400000,2020-05-04,Bridged Token Value (Dollar),,,,,,,,,,1237124,,17083813.9048
1588636800000,2020-05-05,Bridged Token Value (Dollar),,,,,,,,,,1237124,,17083813.9048
1588723200000,2020-05-06,Bridged Token Value (Dollar),,,,,,,,,,1237124,,17083813.9048
1588809600000,2020-05-07,Bridged Token Value (Dollar),,,,,,,,,,1237124,,17083813.9048
1588896000000,2020-05-08,Bridged Token Value (Dollar),,,,,,,,,,1237124,,17083813.9048
1588982400000,2020-05-09,Bridged Token Value (Dollar),,,,,,,,,,1237124,,17083813.9048
1589068800000,2020-05-10,Bridged Token Value (Dollar),,,,,,,,,,1237124,,17083813.9048
1589155200000,2020-05-11,Bridged Token Value (Dollar),,,,,,,,,,1237124,,17083813.9048
1589241600000,2020-05-12,Bridged Token Value (Dollar),,,,,,,,,,1237124,,17083813.9048
1589328000000,2020-05-13,Bridged Token Value (Dollar),,,,,,,,,,1237124,,17083813.9048
1589414400000,2020-05-14,Bridged Token Value (Dollar),,,,,,,,,,1237124,,17083813.9048
1589500800000,2020-05-15,Bridged Token Value (Dollar),,,,,,,,,,1237124,,17083813.9048
1589587200000,2020-05-16,Bridged Token Value (Dollar),,,,,,,,,,1237124,,17083813.9048
1589673600000,2020-05-17,Bridged Token Value (Dollar),,,,,,,,,,1237124,,17083813.9048
1589760000000,2020-05-18,Bridged Token Value (Dollar),,,,,,,,,,1237124,,17083813.9048
1589846400000,2020-05-19,Bridged Token Value (Dollar),,,,,,,,,,1245624,,17083813.9048
1589932800000,2020-05-20,Bridged Token Value (Dollar),,,,,,,,,,1245624,,17083813.9048
1590019200000,2020-05-21,Bridged Token Value (Dollar),,,,,,,,,,1245624,,17083813.9048
1590105600000,2020-05-22,Bridged Token Value (Dollar),,,,,,,,,,1245624,,17083813.9048
1590192000000,2020-05-23,Bridged Token Value (Dollar),,,,,,,,,,1245624,,17083813.9048
1590278400000,2020-05-24,Bridged Token Value (Dollar),,,,,,,,,,1245624,,17083813.9048
1590364800000,2020-05-25,Bridged Token Value (Dollar),,,,,,,,,,1245624,,17083813.9048
1590451200000,2020-05-26,Bridged Token Value (Dollar),,,,,,,,,,1245624,,17083813.9048
1590537600000,2020-05-27,Bridged Token Value (Dollar),,,,,,,,,,1247978.5,,17083813.9048
1590624000000,2020-05-28,Bridged Token Value (Dollar),,,,,,,,,,1247978.5,,17093313.9048
1590710400000,2020-05-29,Bridged Token Value (Dollar),,,,,,,,,,1247978.5,,17093313.9048
1590796800000,2020-05-30,Bridged Token Value (Dollar),,,,,,,,,,1247978.5,,17093313.9048
1590883200000,2020-05-31,Bridged Token Value (Dollar),,,,,,,,,,1247978.5,,17093313.9048
1590969600000,2020-06-01,Bridged Token Value (Dollar),,,,,,,,,,1248684.6800000002,,17093313.9048
1591056000000,2020-06-02,Bridged Token Value (Dollar),,,,,,,,,,1248684.6800000002,,17093313.9048
1591142400000,2020-06-03,Bridged Token Value (Dollar),,,,,,,,,,1248684.6800000002,,17125325.4848
1591228800000,2020-06-04,Bridged Token Value (Dollar),,,,,,,,,,1248684.6800000002,,17125325.4848
1591315200000,2020-06-05,Bridged Token Value (Dollar),,,,,,,,,,1248684.6800000002,,17125325.4848
1591401600000,2020-06-06,Bridged Token Value (Dollar),,,,,,,,,,1248684.6800000002,,17125325.4848
1591488000000,2020-06-07,Bridged Token Value (Dollar),,,,,,,,,,1248684.6800000002,,17125325.4848
1591574400000,2020-06-08,Bridged Token Value (Dollar),,,,,,,,,,1248684.6800000002,,17140325.9648
1591660800000,2020-06-09,Bridged Token Value (Dollar),,,,,,,,,,1248684.6800000002,,17140325.9648
1591747200000,2020-06-10,Bridged Token Value (Dollar),,,,,,,,,,1248684.6800000002,,17140325.9648
1591833600000,2020-06-11,Bridged Token Value (Dollar),,,,,,,,,,1248684.6800000002,,17140325.9648
1591920000000,2020-06-12,Bridged Token Value (Dollar),,,,,,,,,,1248684.6800000002,,17140325.9648
1592006400000,2020-06-13,Bridged Token Value (Dollar),,,,,,,,,,1248684.6800000002,,17140325.9648
1592092800000,2020-06-14,Bridged Token Value (Dollar),,,,,,,,,,1248684.6800000002,,17140325.9648
1592179200000,2020-06-15,Bridged Token Value (Dollar),,,,,,,,,,1248684.6800000002,,17140325.9648
1592265600000,2020-06-16,Bridged Token Value (Dollar),,,,,,,,,,1248684.6800000002,,17140325.9648
1592352000000,2020-06-17,Bridged Token Value (Dollar),,,,,,,,,,1248684.6800000002,,17140325.9648
1592438400000,2020-06-18,Bridged Token Value (Dollar),,,,,,,,,,1248684.6800000002,,17140325.9648
1592524800000,2020-06-19,Bridged Token Value (Dollar),,,,,,,,,,1248684.6800000002,,17140325.9648
1592611200000,2020-06-20,Bridged Token Value (Dollar),,,,,,,,,,1248684.6800000002,,17140325.9648
1592697600000,2020-06-21,Bridged Token Value (Dollar),,,,,,,,,,1248684.6800000002,,17140325.9648
1592784000000,2020-06-22,Bridged Token Value (Dollar),,,,,,,,,,1248684.6800000002,,17140325.9648
1592870400000,2020-06-23,Bridged Token Value (Dollar),,,,,,,,,,1248684.6800000002,,17140325.9648
1592956800000,2020-06-24,Bridged Token Value (Dollar),,,,,,,,,,1248684.6800000002,,17140325.9648
1593043200000,2020-06-25,Bridged Token Value (Dollar),,,,,,,,,,1248684.6800000002,,17140325.9648
1593129600000,2020-06-26,Bridged Token Value (Dollar),,,,,,,,,,1248684.6800000002,,17140325.9648
1593216000000,2020-06-27,Bridged Token Value (Dollar),,,,,,,,,,1248684.6800000002,,17140325.9648
1593302400000,2020-06-28,Bridged Token Value (Dollar),,,,,,,,,,1248684.6800000002,,17140325.9648
1593388800000,2020-06-29,Bridged Token Value (Dollar),,,,,,,,,,1248684.6800000002,,17140325.9648
1593475200000,2020-06-30,Bridged Token Value (Dollar),,,,,,,,,,991602.54,,25546632.6448
1593561600000,2020-07-01,Bridged Token Value (Dollar),,,,,,,,,,991602.54,,25546632.6448
1593648000000,2020-07-02,Bridged Token Value (Dollar),,,,,,,,,,991602.54,,25546632.6448
1593734400000,2020-07-03,Bridged Token Value (Dollar),,,,,,,,,,991602.54,,25546632.6448
1593820800000,2020-07-04,Bridged Token Value (Dollar),,,,,,,,,,991602.54,,25546632.6448
1593907200000,2020-07-05,Bridged Token Value (Dollar),,,,,,,,,,991602.54,,25546632.6448
1593993600000,2020-07-06,Bridged Token Value (Dollar),,,,,,,,,,991602.54,,25546632.6448
1594080000000,2020-07-07,Bridged Token Value (Dollar),,,,,,,,,,991602.54,,25546632.6448
1594166400000,2020-07-08,Bridged Token Value (Dollar),,,,,,,,,,991602.54,,25546632.6448
1594252800000,2020-07-09,Bridged Token Value (Dollar),,,,,,,,,,991602.54,,25546632.6448
1594339200000,2020-07-10,Bridged Token Value (Dollar),,,,,,,,,,991602.54,,25546632.6448
1594425600000,2020-07-11,Bridged Token Value (Dollar),,,,,,,,,,991602.54,,25546632.6448
1594512000000,2020-07-12,Bridged Token Value (Dollar),,,,,,,,,,991602.54,,25546632.6448
1594598400000,2020-07-13,Bridged Token Value (Dollar),,,,,,,,,,991602.54,,25546632.6448
1594684800000,2020-07-14,Bridged Token Value (Dollar),,,,,,,,,,991602.54,,25546632.6448
1594771200000,2020-07-15,Bridged Token Value (Dollar),,,,,,,,,,991602.54,,25546632.6448
1594857600000,2020-07-16,Bridged Token Value (Dollar),,,,,,,,,,991602.54,,25546632.6448
1594944000000,2020-07-17,Bridged Token Value (Dollar),,,,,,,,,,1010675.0700000001,,25546632.6448
1595030400000,2020-07-18,Bridged Token Value (Dollar),,,,,,,,,,1010675.0700000001,,25546632.6448
1595116800000,2020-07-19,Bridged Token Value (Dollar),,,,,,,,,,1010675.0700000001,,25546632.6448
1595203200000,2020-07-20,Bridged Token Value (Dollar),,,,,,,,,,1010675.0700000001,,25546632.6448
1595289600000,2020-07-21,Bridged Token Value (Dollar),,,,,,,,,,1010675.0700000001,,25546632.6448
1595376000000,2020-07-22,Bridged Token Value (Dollar),,,,,,,,,,1010675.0700000001,,25546632.6448
1595462400000,2020-07-23,Bridged Token Value (Dollar),,,,,,,,,,1010675.0700000001,,25546632.6448
1595548800000,2020-07-24,Bridged Token Value (Dollar),,,,,,,,,,1010675.0700000001,,25546632.6448
1595635200000,2020-07-25,Bridged Token Value (Dollar),,,,,,,,,,1010675.0700000001,,25546632.6448
1595721600000,2020-07-26,Bridged Token Value (Dollar),,,,,,,,,,1010675.0700000001,,25546632.6448
1595808000000,2020-07-27,Bridged Token Value (Dollar),,,,,,,,,,1010675.0700000001,,25546632.6448
1595894400000,2020-07-28,Bridged Token Value (Dollar),,,,,,,,,,1010675.0700000001,,25546632.6448
1595980800000,2020-07-29,Bridged Token Value (Dollar),,,,,,,,,,1010675.0700000001,,25546632.6448
1596067200000,2020-07-30,Bridged Token Value (Dollar),,,,,,,,,,1010675.0700000001,,25546632.6448
1596153600000,2020-07-31,Bridged Token Value (Dollar),,,,,,,,,,1010675.0700000001,,25546632.6448
1596240000000,2020-08-01,Bridged Token Value (Dollar),,,,,,,,,,1010675.0700000001,,25546632.6448
1596326400000,2020-08-02,Bridged Token Value (Dollar),,,,,,,,,,1010675.0700000001,,25546632.6448
1596412800000,2020-08-03,Bridged Token Value (Dollar),,,,,,,,,,1010675.0700000001,,25546632.6448
1596499200000,2020-08-04,Bridged Token Value (Dollar),,,,,,,,,,1010675.0700000001,,25546632.6448
1596585600000,2020-08-05,Bridged Token Value (Dollar),,,,,,,,,,1010675.0700000001,,25546632.6448
1596672000000,2020-08-06,Bridged Token Value (Dollar),,,,,,,,,,1010675.0700000001,,25546632.6448
1596758400000,2020-08-07,Bridged Token Value (Dollar),,,,,,,,,,1010675.0700000001,,25546632.6448
1596844800000,2020-08-08,Bridged Token Value (Dollar),,,,,,,,,,1010675.0700000001,,25546632.6448
1596931200000,2020-08-09,Bridged Token Value (Dollar),,,,,,,,,,1010675.0700000001,,25546632.6448
1597017600000,2020-08-10,Bridged Token Value (Dollar),,,,,,,,,,1010675.0700000001,,25546632.6448
1597104000000,2020-08-11,Bridged Token Value (Dollar),,,,,,,,,,1010675.0700000001,,25546632.6448
1597190400000,2020-08-12,Bridged Token Value (Dollar),,,,,,,,,,1010675.0700000001,,25546632.6448
1597276800000,2020-08-13,Bridged Token Value (Dollar),,,,,,,,,,1010675.0700000001,,25546632.6448
1597363200000,2020-08-14,Bridged Token Value (Dollar),,,,,,,,,,1010675.0700000001,,25546632.6448
1597449600000,2020-08-15,Bridged Token Value (Dollar),,,,,,,,,,1010675.0700000001,,25546632.6448
1597536000000,2020-08-16,Bridged Token Value (Dollar),,,,,,,,,,1010675.0700000001,,25546632.6448
1597622400000,2020-08-17,Bridged Token Value (Dollar),,,,,,,,,,1010675.0700000001,,25546632.6448
1597708800000,2020-08-18,Bridged Token Value (Dollar),,,,,,,,,,1010675.0700000001,,25546632.6448
1597795200000,2020-08-19,Bridged Token Value (Dollar),,,,,,,,,,1010675.0700000001,,25546632.6448
1597881600000,2020-08-20,Bridged Token Value (Dollar),,,,,,,,,,1010675.0700000001,,25546632.6448
1597968000000,2020-08-21,Bridged Token Value (Dollar),,,,,,,,,,1010675.0700000001,,25546632.6448
1598054400000,2020-08-22,Bridged Token Value (Dollar),,,,,,,,,,1010675.0700000001,,25546632.6448
1598140800000,2020-08-23,Bridged Token Value (Dollar),,,,,,,,,,1010675.0700000001,,25546632.6448
1598227200000,2020-08-24,Bridged Token Value (Dollar),,,,,,,,,,1010675.0700000001,,25546632.6448
1598313600000,2020-08-25,Bridged Token Value (Dollar),,,,,,,,,,1010675.0700000001,,25546632.6448
1598400000000,2020-08-26,Bridged Token Value (Dollar),,,,,,,,,,1012925.2500000001,,25547187.044800002
1598486400000,2020-08-27,Bridged Token Value (Dollar),,,,,,,,,,1012925.2500000001,,25546632.6448
1598572800000,2020-08-28,Bridged Token Value (Dollar),,,,,,,,,,1012925.2500000001,,25546632.6448
1598659200000,2020-08-29,Bridged Token Value (Dollar),,,,,,,,,,1012925.2500000001,,25546632.6448
1598745600000,2020-08-30,Bridged Token Value (Dollar),,,,,,,,,,1012925.2500000001,,25546632.6448
1598832000000,2020-08-31,Bridged Token Value (Dollar),,,,,,,,,,1012925.2500000001,,25546632.6448
1598918400000,2020-09-01,Bridged Token Value (Dollar),,,,,,,,,,1012925.2500000001,,25546632.6448
1599004800000,2020-09-02,Bridged Token Value (Dollar),,,,,,,,,,1012925.2500000001,,25546632.6448
1599091200000,2020-09-03,Bridged Token Value (Dollar),,,,,,,,,,1012925.2500000001,,25546632.6448
1599177600000,2020-09-04,Bridged Token Value (Dollar),,,,,,,,,,1012925.2500000001,,25546632.6448
1599264000000,2020-09-05,Bridged Token Value (Dollar),,,,,,,,,,1012925.2500000001,,25546632.6448
1599350400000,2020-09-06,Bridged Token Value (Dollar),,,,,,,,,,1012925.2500000001,,25546632.6448
1599436800000,2020-09-07,Bridged Token Value (Dollar),,,,,,,,,,1012925.2500000001,,25546632.6448
1599523200000,2020-09-08,Bridged Token Value (Dollar),,,,,,,,,,1013526.81,,25546632.6448
1599609600000,2020-09-09,Bridged Token Value (Dollar),,,,,,,,,,1013526.81,,25579539.1548
1599696000000,2020-09-10,Bridged Token Value (Dollar),,,,,,,,,,1013526.81,,25579539.1548
1599782400000,2020-09-11,Bridged Token Value (Dollar),,,,,,,,,,1013526.81,,25579539.1548
1599868800000,2020-09-12,Bridged Token Value (Dollar),,,,,,,,,,1013526.81,,25579539.1548
1599955200000,2020-09-13,Bridged Token Value (Dollar),,,,,,,,,,1013526.81,,25579539.1548
1600041600000,2020-09-14,Bridged Token Value (Dollar),,,,,,,,,,1013526.81,,25579539.1548
1600128000000,2020-09-15,Bridged Token Value (Dollar),,,,,,,,,,1013526.81,,25579539.1548
1600214400000,2020-09-16,Bridged Token Value (Dollar),,,,,,,,,,1013526.81,,25579539.1548
1600300800000,2020-09-17,Bridged Token Value (Dollar),,,,,,,,,,1013526.81,,25579539.1548
1600387200000,2020-09-18,Bridged Token Value (Dollar),,,,,,,,,,1013526.81,,25579539.1548
1600473600000,2020-09-19,Bridged Token Value (Dollar),,,,,,,,,,1013526.81,,25579539.1548
1600560000000,2020-09-20,Bridged Token Value (Dollar),,,,,,,,,,1013526.81,,25579539.1548
1600646400000,2020-09-21,Bridged Token Value (Dollar),,,,,,,,,,1013526.81,,25579539.1548
1600732800000,2020-09-22,Bridged Token Value (Dollar),,,,,,,,,,1013526.81,,25579539.1548
1600819200000,2020-09-23,Bridged Token Value (Dollar),,,,,,,,,,1013526.81,,25579539.1548
1600905600000,2020-09-24,Bridged Token Value (Dollar),,,,,,,,,,1013526.81,,25579539.1548
1600992000000,2020-09-25,Bridged Token Value (Dollar),,,,,,,,,,1013526.81,,25579539.1548
1601078400000,2020-09-26,Bridged Token Value (Dollar),,,,,,,,,,1013526.81,,25579539.1548
1601164800000,2020-09-27,Bridged Token Value (Dollar),,,,,,,,,,1013526.81,,25579539.1548
1601251200000,2020-09-28,Bridged Token Value (Dollar),,,,,,,,,,1013526.81,,25579539.1548
1601337600000,2020-09-29,Bridged Token Value (Dollar),,,,,,,,,,1013526.81,,25579539.1548
1601424000000,2020-09-30,Bridged Token Value (Dollar),,,,,,,,,,975988.78,,26215423.834799998
1601510400000,2020-10-01,Bridged Token Value (Dollar),,,,,,,,,,975988.78,,26215423.834799998
1601596800000,2020-10-02,Bridged Token Value (Dollar),,,,,,,,,,975988.78,,26215423.834799998
1601683200000,2020-10-03,Bridged Token Value (Dollar),,,,,,,,,,975988.78,,26215423.834799998
1601769600000,2020-10-04,Bridged Token Value (Dollar),,,,,,,,,,975988.78,,26215423.834799998
1601856000000,2020-10-05,Bridged Token Value (Dollar),,,,,,,,,,975988.78,,26215423.834799998
1601942400000,2020-10-06,Bridged Token Value (Dollar),,,,,,,,,,975988.78,,26215423.834799998
1602028800000,2020-10-07,Bridged Token Value (Dollar),,,,,,,,,,975988.78,,26215423.834799998
1602115200000,2020-10-08,Bridged Token Value (Dollar),,,,,,,,,,975988.78,,26215423.834799998
1602201600000,2020-10-09,Bridged Token Value (Dollar),,,,,,,,,,975988.78,,26215423.834799998
1602288000000,2020-10-10,Bridged Token Value (Dollar),,,,,,,,,,975988.78,,26215423.834799998
1602374400000,2020-10-11,Bridged Token Value (Dollar),,,,,,,,,,975988.78,,26215423.834799998
1602460800000,2020-10-12,Bridged Token Value (Dollar),,,,,,,,,,975988.78,,26215423.834799998
1602547200000,2020-10-13,Bridged Token Value (Dollar),,,,,,,,,,975988.78,,26215423.834799998
1602633600000,2020-10-14,Bridged Token Value (Dollar),,,,,,,,,,975988.78,,26215423.834799998
1602720000000,2020-10-15,Bridged Token Value (Dollar),,,,,,,,,,975988.78,,26215423.834799998
1602806400000,2020-10-16,Bridged Token Value (Dollar),,,,,,,,,,975988.78,,26215423.834799998
1602892800000,2020-10-17,Bridged Token Value (Dollar),,,,,,,,,,975988.78,,26215423.834799998
1602979200000,2020-10-18,Bridged Token Value (Dollar),,,,,,,,,,975988.78,,26215423.834799998
1603065600000,2020-10-19,Bridged Token Value (Dollar),,,,,,,,,,975988.78,,26215423.834799998
1603152000000,2020-10-20,Bridged Token Value (Dollar),,,,,,,,,,975988.78,,26215423.834799998
1603238400000,2020-10-21,Bridged Token Value (Dollar),,,,,,,,,,975988.78,,26215423.834799998
1603324800000,2020-10-22,Bridged Token Value (Dollar),,,,,,,,,,975988.78,,26215423.834799998
1603411200000,2020-10-23,Bridged Token Value (Dollar),,,,,,,,,,975988.78,,26215423.834799998
1603497600000,2020-10-24,Bridged Token Value (Dollar),,,,,,,,,,975988.78,,26215423.834799998
1603584000000,2020-10-25,Bridged Token Value (Dollar),,,,,,,,,,975988.78,,26215423.834799998
1603670400000,2020-10-26,Bridged Token Value (Dollar),,,,,,,,,,975988.78,,26215423.834799998
1603756800000,2020-10-27,Bridged Token Value (Dollar),,,,,,,,,,975988.78,,26215423.834799998
1603843200000,2020-10-28,Bridged Token Value (Dollar),,,,,,,,,,975988.78,,26215423.834799998
1603929600000,2020-10-29,Bridged Token Value (Dollar),,,,,,,,,,975988.78,,26215423.834799998
1604016000000,2020-10-30,Bridged Token Value (Dollar),,,,,,,,,,975988.78,,26465423.9148
1604102400000,2020-10-31,Bridged Token Value (Dollar),,,,,,,,,,975988.78,,26465423.9148
1604188800000,2020-11-01,Bridged Token Value (Dollar),,,,,,,,,,975988.78,,26465423.9148
1604275200000,2020-11-02,Bridged Token Value (Dollar),,,,,,,,,,975988.78,,26465423.9148
1604361600000,2020-11-03,Bridged Token Value (Dollar),,,,,,,,,,975988.78,,26465423.9148
1604448000000,2020-11-04,Bridged Token Value (Dollar),,,,,,,,,,975988.78,,26465423.9148
1604534400000,2020-11-05,Bridged Token Value (Dollar),,,,,,,,,,975988.78,,26465423.9148
1604620800000,2020-11-06,Bridged Token Value (Dollar),,,,,,,,,,975988.78,,26465423.9148
1604707200000,2020-11-07,Bridged Token Value (Dollar),,,,,,,,,,975988.78,,26465423.9148
1604793600000,2020-11-08,Bridged Token Value (Dollar),,,,,,,,,,975988.78,,26465423.9148
1604880000000,2020-11-09,Bridged Token Value (Dollar),,,,,,,,,,975988.78,,26465423.9148
1604966400000,2020-11-10,Bridged Token Value (Dollar),,,,,,,,,,975988.78,,26465423.9148
1605052800000,2020-11-11,Bridged Token Value (Dollar),,,,,,,,,,975988.78,,26465423.9148
1605139200000,2020-11-12,Bridged Token Value (Dollar),,,,,,,,,,975988.78,,26465423.9148
1605225600000,2020-11-13,Bridged Token Value (Dollar),,,,,,,,,,975988.78,,26465423.9148
1605312000000,2020-11-14,Bridged Token Value (Dollar),,,,,,,,,,975988.78,,26465423.9148
1605398400000,2020-11-15,Bridged Token Value (Dollar),,,,,,,,,,975988.78,,26465423.9148
1605484800000,2020-11-16,Bridged Token Value (Dollar),,,,,,,,,,975988.78,,26465423.9148
1605571200000,2020-11-17,Bridged Token Value (Dollar),,,,,,,,,,975988.78,,26465423.9148
1605657600000,2020-11-18,Bridged Token Value (Dollar),,,,,,,,,,975988.78,,26465423.9148
1605744000000,2020-11-19,Bridged Token Value (Dollar),,,,,,,,,,975988.78,,26465423.9148
1605830400000,2020-11-20,Bridged Token Value (Dollar),,,,,,,,,,975988.78,,26465423.9148
1605916800000,2020-11-21,Bridged Token Value (Dollar),,,,,,,,,,975988.78,,26465423.9148
1606003200000,2020-11-22,Bridged Token Value (Dollar),,,,,,,,,,975988.78,,26465423.9148
1606089600000,2020-11-23,Bridged Token Value (Dollar),,,,,,,,,,975988.78,,26465423.9148
1606176000000,2020-11-24,Bridged Token Value (Dollar),,,,,,,,,,975988.78,,26465423.9148
1606262400000,2020-11-25,Bridged Token Value (Dollar),,,,,,,,,,975988.78,,26465423.9148
1606348800000,2020-11-26,Bridged Token Value (Dollar),,,,,,,,,,975988.78,,26465423.9148
1606435200000,2020-11-27,Bridged Token Value (Dollar),,,,,,,,,,975988.78,,26465423.9148
1606521600000,2020-11-28,Bridged Token Value (Dollar),,,,,,,,,,975988.78,,26465423.9148
1606608000000,2020-11-29,Bridged Token Value (Dollar),,,,,,,,,,975988.78,,26465423.9148
1606694400000,2020-11-30,Bridged Token Value (Dollar),,,,,,,,,,975988.78,,26465423.9148
1606780800000,2020-12-01,Bridged Token Value (Dollar),,,,,,,,,,975988.78,,26465423.9148
1606867200000,2020-12-02,Bridged Token Value (Dollar),,,,,,,,,,975988.78,,26465423.9148
1606953600000,2020-12-03,Bridged Token Value (Dollar),,,,,,,,,,975988.78,,26465423.9148
1607040000000,2020-12-04,Bridged Token Value (Dollar),,,,,,,,,,975988.78,,26465423.9148
1607126400000,2020-12-05,Bridged Token Value (Dollar),,,,,,,,,,975988.78,,26465423.9148
1607212800000,2020-12-06,Bridged Token Value (Dollar),,,,,,,,,,975988.78,,26465423.9148
1607299200000,2020-12-07,Bridged Token Value (Dollar),,,,,,,,,,975988.78,,26465423.9148
1607385600000,2020-12-08,Bridged Token Value (Dollar),,,,,,,,,,975988.78,,26465536.9648
1607472000000,2020-12-09,Bridged Token Value (Dollar),,,,,,,,,,975988.78,,26465536.9648
1607558400000,2020-12-10,Bridged Token Value (Dollar),,,,,,,,,,987759.76,,26465536.9648
1607644800000,2020-12-11,Bridged Token Value (Dollar),,,,,,,,,,987759.76,,26465536.9648
1607731200000,2020-12-12,Bridged Token Value (Dollar),,,,,,,,,,987759.76,,26465536.9648
1607817600000,2020-12-13,Bridged Token Value (Dollar),,,,,,,,,,987759.76,,26465536.9648
1607904000000,2020-12-14,Bridged Token Value (Dollar),,,,,,,,,,987759.76,,26465536.9648
1607990400000,2020-12-15,Bridged Token Value (Dollar),,,,,,,,,,987759.76,,26497422.7648
1608076800000,2020-12-16,Bridged Token Value (Dollar),,,,,,,,,,987759.76,,26497422.7648
1608163200000,2020-12-17,Bridged Token Value (Dollar),,,,,,,,,,987759.76,,26497422.7648
1608249600000,2020-12-18,Bridged Token Value (Dollar),,,,,,,,,,987759.76,,26497422.7648
1608336000000,2020-12-19,Bridged Token Value (Dollar),,,,,,,,,,987759.76,,26497422.7648
1608422400000,2020-12-20,Bridged Token Value (Dollar),,,,,,,,,,987759.76,,26497422.7648
1608508800000,2020-12-21,Bridged Token Value (Dollar),,,,,,,,,,987759.76,,26497422.7648
1608595200000,2020-12-22,Bridged Token Value (Dollar),,,,,,,,,,987759.76,,26497422.7648
1608681600000,2020-12-23,Bridged Token Value (Dollar),,,,,,,,,,987759.76,,26497422.7648
1608768000000,2020-12-24,Bridged Token Value (Dollar),,,,,,,,,,987759.76,,26497422.7648
1608854400000,2020-12-25,Bridged Token Value (Dollar),,,,,,,,,,987759.76,,26497422.7648
1608940800000,2020-12-26,Bridged Token Value (Dollar),,,,,,,,,,987759.76,,26497422.7648
1609027200000,2020-12-27,Bridged Token Value (Dollar),,,,,,,,,,987759.76,,26497422.7648
1609113600000,2020-12-28,Bridged Token Value (Dollar),,,,,,,,,,987759.76,,26497422.7648
1609200000000,2020-12-29,Bridged Token Value (Dollar),,,,,,,,,,987759.76,,26497422.7648
1609286400000,2020-12-30,Bridged Token Value (Dollar),,,,,,,,,,987759.76,,26497422.7648
1609372800000,2020-12-31,Bridged Token Value (Dollar),,,,,,,,,,1823556.48,,36215210.7648
1609459200000,2021-01-01,Bridged Token Value (Dollar),,,,,,,,,,1823556.48,,36215210.7648
1609545600000,2021-01-02,Bridged Token Value (Dollar),,,,,,,,,,1823556.48,,36215210.7648
1609632000000,2021-01-03,Bridged Token Value (Dollar),,,,,,,,,,1823556.48,,36215210.7648
1609718400000,2021-01-04,Bridged Token Value (Dollar),,,,,,,,,,1823556.48,,36215210.7648
1609804800000,2021-01-05,Bridged Token Value (Dollar),,,,,,,,,,1823556.48,,36215210.7648
1609891200000,2021-01-06,Bridged Token Value (Dollar),,,,,,,,,,1823556.48,,36215210.7648
1609977600000,2021-01-07,Bridged Token Value (Dollar),,,,,,,,,,1823556.48,,36215210.7648
1610064000000,2021-01-08,Bridged Token Value (Dollar),,,,,,,,,,1823556.48,,36215210.7648
1610150400000,2021-01-09,Bridged Token Value (Dollar),,,,,,,,,,1823556.48,,36215210.7648
1610236800000,2021-01-10,Bridged Token Value (Dollar),,,,,,,,,,1823556.48,,36215210.7648
1610323200000,2021-01-11,Bridged Token Value (Dollar),,,,,,,,,,1823556.48,,36215210.7648
1610409600000,2021-01-12,Bridged Token Value (Dollar),,,,,,,,,,1823556.48,,36215210.7648
1610496000000,2021-01-13,Bridged Token Value (Dollar),,,,,,,,,,1823556.48,,36215210.7648
1610582400000,2021-01-14,Bridged Token Value (Dollar),,,,,,,,,,1823556.48,,36215210.7648
1610668800000,2021-01-15,Bridged Token Value (Dollar),,,,,,,,,,1823556.48,,36215210.7648
1610755200000,2021-01-16,Bridged Token Value (Dollar),,,,,,,,,,1823556.48,,36215210.7648
1610841600000,2021-01-17,Bridged Token Value (Dollar),,,,,,,,,,1823556.48,,36215210.7648
1610928000000,2021-01-18,Bridged Token Value (Dollar),,,,,,,,,,1823556.48,,36215210.7648
1611014400000,2021-01-19,Bridged Token Value (Dollar),,,,,,,,,,1823556.48,,36215210.7648
1611100800000,2021-01-20,Bridged Token Value (Dollar),,,,,,,,,,1823556.48,,36215210.7648
1611187200000,2021-01-21,Bridged Token Value (Dollar),,,,,,,,,,1823556.48,,36215210.7648
1611273600000,2021-01-22,Bridged Token Value (Dollar),,,,,,,,,,1823556.48,,36215210.7648
1611360000000,2021-01-23,Bridged Token Value (Dollar),,,,,,,,,,1823556.48,,36215210.7648
1611446400000,2021-01-24,Bridged Token Value (Dollar),,,,,,,,,,1823556.48,,36215210.7648
1611532800000,2021-01-25,Bridged Token Value (Dollar),,,,,,,,,,1823556.48,,36215210.7648
1611619200000,2021-01-26,Bridged Token Value (Dollar),,,,,,,,,,1823556.48,,36215210.7648
1611705600000,2021-01-27,Bridged Token Value (Dollar),,,,,,,,,,1823556.48,,36215210.7648
1611792000000,2021-01-28,Bridged Token Value (Dollar),,,,,,,,,,1823556.48,,36215210.7648
1611878400000,2021-01-29,Bridged Token Value (Dollar),,,,,,,,,,1825270.5599999998,,36215210.7648
1611964800000,2021-01-30,Bridged Token Value (Dollar),,,,,,,,,,1825270.5599999998,,36215210.7648
1612051200000,2021-01-31,Bridged Token Value (Dollar),,,,,,,,,,1825270.5599999998,,36215210.7648
1612137600000,2021-02-01,Bridged Token Value (Dollar),,,,,,,,,,1825270.5599999998,,36215210.7648
1612224000000,2021-02-02,Bridged Token Value (Dollar),,,,,,,,,,1825270.5599999998,,36215210.7648
1612310400000,2021-02-03,Bridged Token Value (Dollar),,,,,,,,,,1825270.5599999998,,36215210.7648
1612396800000,2021-02-04,Bridged Token Value (Dollar),,,,,,,,,,1825270.5599999998,,36215210.7648
1612483200000,2021-02-05,Bridged Token Value (Dollar),,,,,,,,,,1825270.5599999998,,36215210.7648
1612569600000,2021-02-06,Bridged Token Value (Dollar),,,,,,,,,,1825270.5599999998,,36215210.7648
1612656000000,2021-02-07,Bridged Token Value (Dollar),,,,,,,,,,1825270.5599999998,,36215210.7648
1612742400000,2021-02-08,Bridged Token Value (Dollar),,,,,,,,,,1825270.5599999998,,36215210.7648
1612828800000,2021-02-09,Bridged Token Value (Dollar),,,,,,,,,,1825270.5599999998,,36215210.7648
1612915200000,2021-02-10,Bridged Token Value (Dollar),,,,,,,,,,1825270.5599999998,,36215210.7648
1613001600000,2021-02-11,Bridged Token Value (Dollar),,,,,,,,,,1825270.5599999998,,36215210.7648
1613088000000,2021-02-12,Bridged Token Value (Dollar),,,,,,,,,,2828491.6799999997,,42546274.92480001
1613174400000,2021-02-13,Bridged Token Value (Dollar),,,,,,,,,,2828491.6799999997,,42546274.92480001
1613260800000,2021-02-14,Bridged Token Value (Dollar),,,,,,,,,,2828491.6799999997,,42546274.92480001
1613347200000,2021-02-15,Bridged Token Value (Dollar),,,,,,,,,,2828491.6799999997,,42546274.92480001
1613433600000,2021-02-16,Bridged Token Value (Dollar),,,,,,,,,,2828491.6799999997,,42942274.92480001
1613520000000,2021-02-17,Bridged Token Value (Dollar),,,,,,,,,,2828491.6799999997,,42942274.92480001
1613606400000,2021-02-18,Bridged Token Value (Dollar),,,,,,,,,,2828491.6799999997,,42942274.92480001
1613692800000,2021-02-19,Bridged Token Value (Dollar),,,,,,,,,,2828491.6799999997,,42942274.92480001
1613779200000,2021-02-20,Bridged Token Value (Dollar),,,,,,,,,,2828491.6799999997,,42942274.92480001
1613865600000,2021-02-21,Bridged Token Value (Dollar),,,,,,,,,,2828491.6799999997,,42942274.92480001
1613952000000,2021-02-22,Bridged Token Value (Dollar),,,,,,,,,,2828491.6799999997,,42942274.92480001
1614038400000,2021-02-23,Bridged Token Value (Dollar),,,,,,,,,,2828491.6799999997,,42942274.92480001
1614124800000,2021-02-24,Bridged Token Value (Dollar),,,,,,,,,,2828491.6799999997,,42942274.92480001
1614211200000,2021-02-25,Bridged Token Value (Dollar),,,,,,,,,,2828491.6799999997,,42942274.92480001
1614297600000,2021-02-26,Bridged Token Value (Dollar),,,,,,,,,,2828491.6799999997,,42942274.92480001
1614384000000,2021-02-27,Bridged Token Value (Dollar),,,,,,,,,,2828491.6799999997,,42942274.92480001
1614470400000,2021-02-28,Bridged Token Value (Dollar),,,,,,,,,,2828491.6799999997,,42942274.92480001
1614556800000,2021-03-01,Bridged Token Value (Dollar),,,,,,,,,,2828491.6799999997,,43042275.4848
1614643200000,2021-03-02,Bridged Token Value (Dollar),,,,,,,,,,2828491.6799999997,,43042275.4848
1614729600000,2021-03-03,Bridged Token Value (Dollar),,,,,,,,,,2828491.6799999997,,43042275.4848
1614816000000,2021-03-04,Bridged Token Value (Dollar),,,,,,,,,,2828491.6799999997,,43342977.9648
1614902400000,2021-03-05,Bridged Token Value (Dollar),,,,,,,,,,2828491.6799999997,,43342977.9648
1614988800000,2021-03-06,Bridged Token Value (Dollar),,,,,,,,,,2828491.6799999997,,43342977.9648
1615075200000,2021-03-07,Bridged Token Value (Dollar),,,,,,,,,,2828491.6799999997,,43342977.9648
1615161600000,2021-03-08,Bridged Token Value (Dollar),,,,,,,,,,2828491.6799999997,,43342977.9648
1615248000000,2021-03-09,Bridged Token Value (Dollar),,,,,,,,,,2828491.6799999997,,43342977.9648
1615334400000,2021-03-10,Bridged Token Value (Dollar),,,,,,,,,,2828491.6799999997,,43342977.9648
1615420800000,2021-03-11,Bridged Token Value (Dollar),,,,,,,,,,2828491.6799999997,,43342977.9648
1615507200000,2021-03-12,Bridged Token Value (Dollar),,,,,,,,,,2828491.6799999997,,43342977.9648
1615593600000,2021-03-13,Bridged Token Value (Dollar),,,,,,,,,,2828491.6799999997,,43342977.9648
1615680000000,2021-03-14,Bridged Token Value (Dollar),,,,,,,,,,2828491.6799999997,,43342977.9648
1615766400000,2021-03-15,Bridged Token Value (Dollar),,,,,,,,,,2828491.6799999997,,43342977.9648
1615852800000,2021-03-16,Bridged Token Value (Dollar),,,,,,,,,,2828491.6799999997,,43342977.9648
1615939200000,2021-03-17,Bridged Token Value (Dollar),,,,,,,,,,2828491.6799999997,,43342977.9648
1616025600000,2021-03-18,Bridged Token Value (Dollar),,,,,,,,,,2828491.6799999997,,43342977.9648
1616112000000,2021-03-19,Bridged Token Value (Dollar),,,,,,,,,,2828491.6799999997,,43342977.9648
1616198400000,2021-03-20,Bridged Token Value (Dollar),,,,,,,,,,2828491.6799999997,,43342977.9648
1616284800000,2021-03-21,Bridged Token Value (Dollar),,,,,,,,,,2828491.6799999997,,43342977.9648
1616371200000,2021-03-22,Bridged Token Value (Dollar),,,,,,,,,,2828491.6799999997,,43342977.9648
1616457600000,2021-03-23,Bridged Token Value (Dollar),,,,,,,,,,2828491.6799999997,,43342977.9648
1616544000000,2021-03-24,Bridged Token Value (Dollar),,,,,,,,,,2828491.6799999997,,43342977.9648
1616630400000,2021-03-25,Bridged Token Value (Dollar),,,,,,,,,,2828491.6799999997,,43342977.9648
1616716800000,2021-03-26,Bridged Token Value (Dollar),,,,,,,,,,2828491.6799999997,,43342977.9648
1616803200000,2021-03-27,Bridged Token Value (Dollar),,,,,,,,,,2828491.6799999997,,43342977.9648
1616889600000,2021-03-28,Bridged Token Value (Dollar),,,,,,,,,,2828491.6799999997,,43342977.9648
1616976000000,2021-03-29,Bridged Token Value (Dollar),,,,,,,,,,2828491.6799999997,,43342977.9648
1617062400000,2021-03-30,Bridged Token Value (Dollar),,,,,,,,,,2828491.6799999997,,43342977.9648
1617148800000,2021-03-31,Bridged Token Value (Dollar),,,,,,,,,,6246252.46,,57779088.7392
1617235200000,2021-04-01,Bridged Token Value (Dollar),,,,,,,,,,6246252.46,,57779088.7392
1617321600000,2021-04-02,Bridged Token Value (Dollar),,,,,,,,,,6246252.46,,57779088.7392
1617408000000,2021-04-03,Bridged Token Value (Dollar),,,,,,,,,,6246252.46,,57779088.7392
1617494400000,2021-04-04,Bridged Token Value (Dollar),,,,,,,,,,6246252.46,,57779088.7392
1617580800000,2021-04-05,Bridged Token Value (Dollar),,,,,,,,,,6246252.46,,57779088.7392
1617667200000,2021-04-06,Bridged Token Value (Dollar),,,,,,,,,,6246252.46,,57779088.7392
1617753600000,2021-04-07,Bridged Token Value (Dollar),,,,,,,,,,6246252.46,,57779088.7392
1617840000000,2021-04-08,Bridged Token Value (Dollar),,,,,,,,,,6246252.46,,57779088.7392
1617926400000,2021-04-09,Bridged Token Value (Dollar),,,,,,,,,,6246252.46,,57779088.7392
1618012800000,2021-04-10,Bridged Token Value (Dollar),,,,,,,,,,6246252.46,,57779088.7392
1618099200000,2021-04-11,Bridged Token Value (Dollar),,,,,,,,,,6246252.46,,57779088.7392
1618185600000,2021-04-12,Bridged Token Value (Dollar),,,,,,,,,,6246252.46,,57779088.7392
1618272000000,2021-04-13,Bridged Token Value (Dollar),,,,,,,,,,6246252.46,,57779088.7392
1618358400000,2021-04-14,Bridged Token Value (Dollar),,,,,,,,,,6246252.46,,57779088.7392
1618444800000,2021-04-15,Bridged Token Value (Dollar),,,,,,,,,,6246252.46,,57779088.7392
1618531200000,2021-04-16,Bridged Token Value (Dollar),,,,,,,,,,6246252.46,,57779088.7392
1618617600000,2021-04-17,Bridged Token Value (Dollar),,,,,,,,,,6246252.46,,57779088.7392
1618704000000,2021-04-18,Bridged Token Value (Dollar),,,,,,,,,,6246252.46,,57779088.7392
1618790400000,2021-04-19,Bridged Token Value (Dollar),,,,,,,,,,6246252.46,,57779088.7392
1618876800000,2021-04-20,Bridged Token Value (Dollar),,,,,,,,,,6246252.46,,57779088.7392
1618963200000,2021-04-21,Bridged Token Value (Dollar),,,,,,,,,,6246252.46,,57779088.7392
1619049600000,2021-04-22,Bridged Token Value (Dollar),,,,,,,,,,6246252.46,,57779088.7392
1619136000000,2021-04-23,Bridged Token Value (Dollar),,,,,,,,,,6246252.46,,57779088.7392
1619222400000,2021-04-24,Bridged Token Value (Dollar),,,,,,,,,,6246252.46,,57779088.7392
1619308800000,2021-04-25,Bridged Token Value (Dollar),,,,,,,,,,6246252.46,,57779088.7392
1619395200000,2021-04-26,Bridged Token Value (Dollar),,,,,,,,,,6246252.46,,57779088.7392
1619481600000,2021-04-27,Bridged Token Value (Dollar),,,,,,,,,,6246252.46,,57779088.7392
1619568000000,2021-04-28,Bridged Token Value (Dollar),,,,,,,,,,6246252.46,,57779088.7392
1619654400000,2021-04-29,Bridged Token Value (Dollar),,,,,,,,,,6246252.46,,59525484.28920001
1619740800000,2021-04-30,Bridged Token Value (Dollar),,,,,,,,,,6246252.46,,59525484.28920001
1619827200000,2021-05-01,Bridged Token Value (Dollar),,,,,,,,,,6246252.46,,59525484.28920001
1619913600000,2021-05-02,Bridged Token Value (Dollar),,,,,,,,,,6246252.46,,59525484.28920001
1620000000000,2021-05-03,Bridged Token Value (Dollar),,,,,,,,,,6246252.46,,59525484.28920001
1620086400000,2021-05-04,Bridged Token Value (Dollar),,,,,,,,,,6246252.46,,59525484.28920001
1620172800000,2021-05-05,Bridged Token Value (Dollar),,,,,,,,,,6246252.46,,59525484.28920001
1620259200000,2021-05-06,Bridged Token Value (Dollar),,,,,,,,,,6246252.46,,59525484.28920001
1620345600000,2021-05-07,Bridged Token Value (Dollar),,,,,,,,,,6246252.46,,59525484.28920001
1620432000000,2021-05-08,Bridged Token Value (Dollar),,,,,,,,,,6246252.46,,59525484.28920001
1620518400000,2021-05-09,Bridged Token Value (Dollar),,,,,,,,,,6246252.46,,59525484.28920001
1620604800000,2021-05-10,Bridged Token Value (Dollar),,,,,,,,,,6246252.46,,59525484.28920001
1620691200000,2021-05-11,Bridged Token Value (Dollar),,,,,,,,,,6246252.46,,59525484.28920001
1620777600000,2021-05-12,Bridged Token Value (Dollar),,,,,,,,,,6246252.46,,59525484.28920001
1620864000000,2021-05-13,Bridged Token Value (Dollar),,,,,,,,,,6246252.46,,59525484.28920001
1620950400000,2021-05-14,Bridged Token Value (Dollar),,,,,,,,,,6246252.46,,59525484.28920001
1621036800000,2021-05-15,Bridged Token Value (Dollar),,,,,,,,,,6246252.46,,59525484.28920001
1621123200000,2021-05-16,Bridged Token Value (Dollar),,,,,,,,,,6246252.46,,59525484.28920001
1621209600000,2021-05-17,Bridged Token Value (Dollar),,,,,,,,,,6246252.46,,59525484.28920001
1621296000000,2021-05-18,Bridged Token Value (Dollar),,,,,,,,,,6246252.46,,59838751.78920001
1621382400000,2021-05-19,Bridged Token Value (Dollar),,,,,,,,,,6246252.46,,59838751.78920001
1621468800000,2021-05-20,Bridged Token Value (Dollar),,,,,,,,,,6246252.46,,59838751.78920001
1621555200000,2021-05-21,Bridged Token Value (Dollar),,,,,,,,,,6246252.46,,59838751.78920001
1621641600000,2021-05-22,Bridged Token Value (Dollar),,,,,,,,,,6246252.46,,59838751.78920001
1621728000000,2021-05-23,Bridged Token Value (Dollar),,,,,,,,,,6246252.46,,59838751.78920001
1621814400000,2021-05-24,Bridged Token Value (Dollar),,,,,,,,,,6246252.46,,59838751.78920001
1621900800000,2021-05-25,Bridged Token Value (Dollar),,,,,,,,,,6246252.46,,59838751.78920001
1621987200000,2021-05-26,Bridged Token Value (Dollar),,,,,,,,,,6246252.46,,59881555.06920001
1622073600000,2021-05-27,Bridged Token Value (Dollar),,,,,,,,,,6246252.46,,59881555.06920001
1622160000000,2021-05-28,Bridged Token Value (Dollar),,,,,,,,,,6246252.46,,59881555.06920001
1622246400000,2021-05-29,Bridged Token Value (Dollar),,,,,,,,,,6246252.46,,59881555.06920001
1622332800000,2021-05-30,Bridged Token Value (Dollar),,,,,,,,,,6246252.46,,59881555.06920001
1622419200000,2021-05-31,Bridged Token Value (Dollar),,,,,,,,,,6246252.46,,59881555.06920001
1622505600000,2021-06-01,Bridged Token Value (Dollar),,,,,,,,,,6246252.46,,59881555.06920001
1622592000000,2021-06-02,Bridged Token Value (Dollar),,,,,,,,,,6246252.46,,59881555.06920001
1622678400000,2021-06-03,Bridged Token Value (Dollar),,,,,,,,,,6246252.46,,60365092.309200004
1622764800000,2021-06-04,Bridged Token Value (Dollar),,,,,,,,,,6246252.46,,60365092.309200004
1622851200000,2021-06-05,Bridged Token Value (Dollar),,,,,,,,,,6246252.46,,60365092.309200004
1622937600000,2021-06-06,Bridged Token Value (Dollar),,,,,,,,,,6246252.46,,60365092.309200004
1623024000000,2021-06-07,Bridged Token Value (Dollar),,,,,,,,,,6246252.46,,60365092.309200004
1623110400000,2021-06-08,Bridged Token Value (Dollar),,,,,,,,,,6246252.46,,60365092.309200004
1623196800000,2021-06-09,Bridged Token Value (Dollar),,,,,,,,,,6246252.46,,60365092.309200004
1623283200000,2021-06-10,Bridged Token Value (Dollar),,,,,,,,,,6246252.46,,60365092.309200004
1623369600000,2021-06-11,Bridged Token Value (Dollar),,,,,,,,,,6246252.46,,60365092.309200004
1623456000000,2021-06-12,Bridged Token Value (Dollar),,,,,,,,,,6246252.46,,60365092.309200004
1623542400000,2021-06-13,Bridged Token Value (Dollar),,,,,,,,,,6246252.46,,60365092.309200004
1623628800000,2021-06-14,Bridged Token Value (Dollar),,,,,,,,,,6246252.46,,60365092.309200004
1623715200000,2021-06-15,Bridged Token Value (Dollar),,,,,,,,,,6246252.46,,60365092.309200004
1623801600000,2021-06-16,Bridged Token Value (Dollar),,,,,,,,,,6246252.46,,60365092.309200004
1623888000000,2021-06-17,Bridged Token Value (Dollar),,,,,,,,,,6246252.46,,60365092.309200004
1623974400000,2021-06-18,Bridged Token Value (Dollar),,,,,,,,,,6246252.46,,60365092.309200004
1624060800000,2021-06-19,Bridged Token Value (Dollar),,,,,,,,,,6246252.46,,60365092.309200004
1624147200000,2021-06-20,Bridged Token Value (Dollar),,,,,,,,,,6246252.46,,60365092.309200004
1624233600000,2021-06-21,Bridged Token Value (Dollar),,,,,,,,,,6246252.46,,60365092.309200004
1624320000000,2021-06-22,Bridged Token Value (Dollar),,,,,,,,,,6246252.46,,60365092.309200004
1624406400000,2021-06-23,Bridged Token Value (Dollar),,,,,,,,,,6246252.46,,60365092.309200004
1624492800000,2021-06-24,Bridged Token Value (Dollar),,,,,,,,,,6246252.46,,60365092.309200004
1624579200000,2021-06-25,Bridged Token Value (Dollar),,,,,,,,,,6246252.46,,60365092.309200004
1624665600000,2021-06-26,Bridged Token Value (Dollar),,,,,,,,,,6246252.46,,60365092.309200004
1624752000000,2021-06-27,Bridged Token Value (Dollar),,,,,,,,,,6246252.46,,60365092.309200004
1624838400000,2021-06-28,Bridged Token Value (Dollar),,,,,,,,,,6246252.46,,60365092.309200004
1624924800000,2021-06-29,Bridged Token Value (Dollar),,,,,,,,,,6246252.46,,60365092.309200004
1625011200000,2021-06-30,Bridged Token Value (Dollar),,,,,,,,,,6128398.640000001,,66438248.4428
1625097600000,2021-07-01,Bridged Token Value (Dollar),,,,,,,,,,6128398.640000001,,66438248.4428
1625184000000,2021-07-02,Bridged Token Value (Dollar),,,,,,,,,,6128398.640000001,,66438248.4428
1625270400000,2021-07-03,Bridged Token Value (Dollar),,,,,,,,,,6128398.640000001,,66438248.4428
1625356800000,2021-07-04,Bridged Token Value (Dollar),,,,,,,,,,6128398.640000001,,66438248.4428
1625443200000,2021-07-05,Bridged Token Value (Dollar),,,,,,,,,,6128398.640000001,,66438248.4428
1625529600000,2021-07-06,Bridged Token Value (Dollar),,,,,,,,,,6128398.640000001,,66438248.4428
1625616000000,2021-07-07,Bridged Token Value (Dollar),,,,,,,,,,6128398.640000001,,66438248.4428
1625702400000,2021-07-08,Bridged Token Value (Dollar),,,,,,,,,,6128398.640000001,,67921909.09279999
1625788800000,2021-07-09,Bridged Token Value (Dollar),,,,,,,,,,6128398.640000001,,67921909.09279999
1625875200000,2021-07-10,Bridged Token Value (Dollar),,,,,,,,,,6128398.640000001,,67921909.09279999
1625961600000,2021-07-11,Bridged Token Value (Dollar),,,,,,,,,,6128398.640000001,,67921909.09279999
1626048000000,2021-07-12,Bridged Token Value (Dollar),,,,,,,,,,6128398.640000001,,67921909.09279999
1626134400000,2021-07-13,Bridged Token Value (Dollar),,,,,,,,,,6128398.640000001,,67921909.09279999
1626220800000,2021-07-14,Bridged Token Value (Dollar),,,,,,,,,,6128398.640000001,,67921909.09279999
1626307200000,2021-07-15,Bridged Token Value (Dollar),,,,,,,,,,6128398.640000001,,67921909.09279999
1626393600000,2021-07-16,Bridged Token Value (Dollar),,,,,,,,,,6076398.640000001,,67921909.09279999
1626480000000,2021-07-17,Bridged Token Value (Dollar),,,,,,,,,,6076398.640000001,,67921909.09279999
1626566400000,2021-07-18,Bridged Token Value (Dollar),,,,,,,,,,6076398.640000001,,67921909.09279999
1626652800000,2021-07-19,Bridged Token Value (Dollar),,,,,,,,,,6076398.640000001,,67921909.09279999
1626739200000,2021-07-20,Bridged Token Value (Dollar),,,,,,,,,,6076398.640000001,,67921909.09279999
1626825600000,2021-07-21,Bridged Token Value (Dollar),,,,,,,,,,6076398.640000001,,67921909.09279999
1626912000000,2021-07-22,Bridged Token Value (Dollar),,,,,,,,,,6076398.640000001,,67921909.09279999
1626998400000,2021-07-23,Bridged Token Value (Dollar),,,,,,,,,,6076398.640000001,,67921909.09279999
1627084800000,2021-07-24,Bridged Token Value (Dollar),,,,,,,,,,6076398.640000001,,67921909.09279999
1627171200000,2021-07-25,Bridged Token Value (Dollar),,,,,,,,,,6076398.640000001,,67921909.09279999
1627257600000,2021-07-26,Bridged Token Value (Dollar),,,,,,,,,,6076398.640000001,,67921909.09279999
1627344000000,2021-07-27,Bridged Token Value (Dollar),,,,,,,,,,6076398.640000001,,67921909.09279999
1627430400000,2021-07-28,Bridged Token Value (Dollar),,,,,,,,,,6076398.640000001,,67921909.09279999
1627516800000,2021-07-29,Bridged Token Value (Dollar),,,,,,,,,,6076398.640000001,,67921909.09279999
1627603200000,2021-07-30,Bridged Token Value (Dollar),,,,,,,,,,6076398.640000001,,67921909.09279999
1627689600000,2021-07-31,Bridged Token Value (Dollar),,,,,,,,,,6076398.640000001,,67921909.09279999
1627776000000,2021-08-01,Bridged Token Value (Dollar),,,,,,,,,,6076398.640000001,,67921909.09279999
1627862400000,2021-08-02,Bridged Token Value (Dollar),,,,,,,,,,6076398.640000001,,68042205.4728
1627948800000,2021-08-03,Bridged Token Value (Dollar),,,,,,,,,,6076398.640000001,,68042205.4728
1628035200000,2021-08-04,Bridged Token Value (Dollar),,,,,,,,,,6076398.640000001,,68042205.4728
1628121600000,2021-08-05,Bridged Token Value (Dollar),,,,,,,,,,6076398.640000001,,68042205.4728
1628208000000,2021-08-06,Bridged Token Value (Dollar),,,,,,,,,,6076398.640000001,,68042205.4728
1628294400000,2021-08-07,Bridged Token Value (Dollar),,,,,,,,,,6076398.640000001,,68042205.4728
1628380800000,2021-08-08,Bridged Token Value (Dollar),,,,,,,,,,6076398.640000001,,68042205.4728
1628467200000,2021-08-09,Bridged Token Value (Dollar),,,,,,,,,,6076398.640000001,,68042205.4728
1628553600000,2021-08-10,Bridged Token Value (Dollar),,,,,,,,,,6076398.640000001,,68042205.4728
1628640000000,2021-08-11,Bridged Token Value (Dollar),,,,,,,,,,6076398.640000001,,68042205.4728
1628726400000,2021-08-12,Bridged Token Value (Dollar),,,,,,,,,,6076398.640000001,,68042205.4728
1628812800000,2021-08-13,Bridged Token Value (Dollar),,,,,,,,,,6076398.640000001,,68042205.4728
1628899200000,2021-08-14,Bridged Token Value (Dollar),,,,,,,,,,6076398.640000001,,68042205.4728
1628985600000,2021-08-15,Bridged Token Value (Dollar),,,,,,,,,,6076398.640000001,,68042205.4728
1629072000000,2021-08-16,Bridged Token Value (Dollar),,,,,,,,,,6076398.640000001,,68042205.4728
1629158400000,2021-08-17,Bridged Token Value (Dollar),,,,,,,,,,6076398.640000001,,68042205.4728
1629244800000,2021-08-18,Bridged Token Value (Dollar),,,,,,,,,,6076398.640000001,,68042205.4728
1629331200000,2021-08-19,Bridged Token Value (Dollar),,,,,,,,,,6076398.640000001,,68042205.4728
1629417600000,2021-08-20,Bridged Token Value (Dollar),,,,,,,,,,6076398.640000001,,88520216.3728
1629504000000,2021-08-21,Bridged Token Value (Dollar),,,,,,,,,,6076398.640000001,,88520216.3728
1629590400000,2021-08-22,Bridged Token Value (Dollar),,,,,,,,,,6076398.640000001,,88520216.3728
1629676800000,2021-08-23,Bridged Token Value (Dollar),,,,,,,,,,6076398.640000001,,88520216.3728
1629763200000,2021-08-24,Bridged Token Value (Dollar),,,,,,,,,,6076398.640000001,,88520216.3728
1629849600000,2021-08-25,Bridged Token Value (Dollar),,,,,,,,,,6076398.640000001,,88520216.3728
1629936000000,2021-08-26,Bridged Token Value (Dollar),,,,,,,,,,6076398.640000001,,88520216.3728
1630022400000,2021-08-27,Bridged Token Value (Dollar),,,,,,,,,,6076398.640000001,,88520216.3728
1630108800000,2021-08-28,Bridged Token Value (Dollar),,,,,,,,,,6076398.640000001,,88520216.3728
1630195200000,2021-08-29,Bridged Token Value (Dollar),,,,,,,,,,6076398.640000001,,88520216.3728
1630281600000,2021-08-30,Bridged Token Value (Dollar),,,,,,,,,,6076398.640000001,,88520216.3728
1630368000000,2021-08-31,Bridged Token Value (Dollar),,,,,,,,,,6076398.640000001,,88520216.3728
1630454400000,2021-09-01,Bridged Token Value (Dollar),,,,,,,,,,6076398.640000001,,88520216.3728
1630540800000,2021-09-02,Bridged Token Value (Dollar),,,,,,,,,,6076398.640000001,,88520216.3728
1630627200000,2021-09-03,Bridged Token Value (Dollar),,,,,,,,,,6076398.640000001,,88520216.3728
1630713600000,2021-09-04,Bridged Token Value (Dollar),,,,,,,,,,6076398.640000001,,88520216.3728
1630800000000,2021-09-05,Bridged Token Value (Dollar),,,,,,,,,,6076398.640000001,,88520216.3728
1630886400000,2021-09-06,Bridged Token Value (Dollar),,,,,,,,,,6076398.640000001,,88520216.3728
1630972800000,2021-09-07,Bridged Token Value (Dollar),,,,,,,,,,6076398.640000001,,88520216.3728
1631059200000,2021-09-08,Bridged Token Value (Dollar),,,,,,,,,,6076398.640000001,,88892615.32280001
1631145600000,2021-09-09,Bridged Token Value (Dollar),,,,,,,,,,6076398.640000001,,88892615.32280001
1631232000000,2021-09-10,Bridged Token Value (Dollar),,,,,,,,,,6076398.640000001,,88892615.32280001
1631318400000,2021-09-11,Bridged Token Value (Dollar),,,,,,,,,,6076398.640000001,,88892615.32280001
1631404800000,2021-09-12,Bridged Token Value (Dollar),,,,,,,,,,6076398.640000001,,88892615.32280001
1631491200000,2021-09-13,Bridged Token Value (Dollar),,,,,,,,,,6076398.640000001,,88892615.3228
1631577600000,2021-09-14,Bridged Token Value (Dollar),,,,,,,,,,6076398.640000001,,88892615.32280001
1631664000000,2021-09-15,Bridged Token Value (Dollar),,,,,,,,,,6076398.640000001,,88892615.32280001
1631750400000,2021-09-16,Bridged Token Value (Dollar),,,,,,,,,,6076398.640000001,,88892615.32280001
1631836800000,2021-09-17,Bridged Token Value (Dollar),,,,,,,,,,6076398.640000001,,88892615.3228
1631923200000,2021-09-18,Bridged Token Value (Dollar),,,,,,,,,,6076398.640000001,,88892615.32280001
1632009600000,2021-09-19,Bridged Token Value (Dollar),,,,,,,,,,6076398.640000001,,88892615.32280001
1632096000000,2021-09-20,Bridged Token Value (Dollar),,,3129290.6419321797,,,,312321471.8306478,,,6076398.640000001,,88892615.3228
1632182400000,2021-09-21,Bridged Token Value (Dollar),131630,,3128446.836092967,,,,315322929.07205516,,,6076398.640000001,,88892615.3228
1632268800000,2021-09-22,Bridged Token Value (Dollar),131630,,3127970.1036203913,,,,315351284.3172657,,,6076398.640000001,,88892615.32280001
1632355200000,2021-09-23,Bridged Token Value (Dollar),131630,,3118575.2082275627,,,,313679811.07883495,,,6076398.640000001,,88892615.3228
1632441600000,2021-09-24,Bridged Token Value (Dollar),131630,,3133100.7652337304,,,,310705581.1948203,,,6076398.640000001,,88892615.3228
1632528000000,2021-09-25,Bridged Token Value (Dollar),131630,,3127577.825120004,,,,311862454.73526186,,,6076398.640000001,,88892615.32280001
1632614400000,2021-09-26,Bridged Token Value (Dollar),131630,,3127456.861882175,,,,311678582.75863194,,,6076398.640000001,,88892615.3228
1632700800000,2021-09-27,Bridged Token Value (Dollar),132630,,3128226.7876651185,,,,311065302.95193595,,,6076398.640000001,,88892615.3228
1632787200000,2021-09-28,Bridged Token Value (Dollar),132630,,3121106.628819033,,,,311759584.3594608,,,6076398.640000001,,88892615.3228
1632873600000,2021-09-29,Bridged Token Value (Dollar),132630,,3118454.940350495,,,,309096592.8908392,,,6076398.640000001,,88892615.32280001
1632960000000,2021-09-30,Bridged Token Value (Dollar),132630,,3096374.629320071,,,,312794906.0227474,,,6835948.47,,103696379.69800001
1633046400000,2021-10-01,Bridged Token Value (Dollar),132630,,3088508.215380919,,,,317169160.8598565,,,6835948.47,,103696379.69800001
1633132800000,2021-10-02,Bridged Token Value (Dollar),132630,,3094206.028204922,,,,318273230.89313334,,,6835948.47,,103696379.69800001
1633219200000,2021-10-03,Bridged Token Value (Dollar),132630,,3094206.028204922,,,,318184199.85827667,,,6835948.47,,103696379.69800001
1633305600000,2021-10-04,Bridged Token Value (Dollar),132630,,3097542.767402464,,,,318812257.649796,,,6835948.47,,103696379.69800001
1633392000000,2021-10-05,Bridged Token Value (Dollar),132630,,3099968.1175417285,,,,319436177.57801193,,,6835948.47,,103696379.69800001
1633478400000,2021-10-06,Bridged Token Value (Dollar),132630,,3094417.7278792565,,,,318394138.4486061,,,6835948.47,,103696379.69800001
1633564800000,2021-10-07,Bridged Token Value (Dollar),132630,,3083404.8652951294,,,,318860050.8125458,,,6835948.47,,103696379.69800001
1633651200000,2021-10-08,Bridged Token Value (Dollar),132630,,3084944.797874708,,,,317264279.2678557,,,6835948.47,,103696379.69800001
1633737600000,2021-10-09,Bridged Token Value (Dollar),132630,,3088833.545796799,,,,317663083.9233881,,,6835948.47,,103696379.69800001
1633824000000,2021-10-10,Bridged Token Value (Dollar),132630,,3088833.545796799,,,,317755155.57831573,,,6835948.47,,103696379.69800001
1633910400000,2021-10-11,Bridged Token Value (Dollar),132630,,3086275.6535218214,,,,317188179.97841936,,,6835948.47,,103696379.69800001
1633996800000,2021-10-12,Bridged Token Value (Dollar),132630,,3083155.483911562,,,,317292825.9163277,,,6835948.47,,103696379.69800001
1634083200000,2021-10-13,Bridged Token Value (Dollar),132630,,3077104.3437051065,,,,318308221.0041683,,,6835948.47,,103696379.69800001
1634169600000,2021-10-14,Bridged Token Value (Dollar),132630,,3094884.2870374992,,,,323931732.6100839,,,6835948.47,,103696379.69800001
1634256000000,2021-10-15,Bridged Token Value (Dollar),132630,,3093269.873645085,,,,324539239.5264845,,,6835948.47,,103696379.69800001
1634342400000,2021-10-16,Bridged Token Value (Dollar),132630,,3095171.4703010987,,,,319500041.82239956,,,6835948.47,,103696379.69800001
1634428800000,2021-10-17,Bridged Token Value (Dollar),132630,,3095171.4703010987,,,,319318096.00816804,,,6835948.47,,103696379.69800001
1634515200000,2021-10-18,Bridged Token Value (Dollar),132630,,3095350.9869073667,,,,319899240.88041437,,,6835948.47,,103696379.69800001
1634601600000,2021-10-19,Bridged Token Value (Dollar),123346,,3099226.4354970837,,,,319621240.54328287,,,6835948.47,,103696379.69800001
1634688000000,2021-10-20,Bridged Token Value (Dollar),123346,,3103920.130216804,,,,319374787.79338896,,,6835948.47,,103696379.69800001
1634774400000,2021-10-21,Bridged Token Value (Dollar),123346,,3109852.5817368585,,,,319420151.7361439,,,6835948.47,,103696379.69800001
1634860800000,2021-10-22,Bridged Token Value (Dollar),123346,,3102296.2786335456,,,,320128118.7867082,,,6835948.47,,103696379.69800001
1634947200000,2021-10-23,Bridged Token Value (Dollar),123346,,3107900.330708962,,,,321066871.3181031,,,6835948.47,,103696379.69800001
1635033600000,2021-10-24,Bridged Token Value (Dollar),123346,,3107900.330708962,,,,321172772.5530453,,,6835948.47,,103696379.69800001
1635120000000,2021-10-25,Bridged Token Value (Dollar),123346,,3105509.5407680254,,,,320124298.93044156,,,6835948.47,,103696379.69800001
1635206400000,2021-10-26,Bridged Token Value (Dollar),123346,,3097758.5200490328,,,,322468840.91628873,,,6835948.47,,103696379.69800001
1635292800000,2021-10-27,Bridged Token Value (Dollar),123346,,3094572.035723027,,,,320437184.84570295,,,6835948.47,,103696379.69800001
1635379200000,2021-10-28,Bridged Token Value (Dollar),123346,,3095243.274444868,,,,320108308.2264779,,,6835948.47,,103696379.69800001
1635465600000,2021-10-29,Bridged Token Value (Dollar),123346,,3118075.9749895856,,,,320898836.46416837,,,6835948.47,,103696379.69800001
1635552000000,2021-10-30,Bridged Token Value (Dollar),123346,,3085008.995113197,,,,318048314.12096244,,,6835948.47,,103696379.69800001
1635638400000,2021-10-31,Bridged Token Value (Dollar),123346,,3085008.995113197,,,,318054673.4974008,,,6835948.47,,103696379.69800001
1635724800000,2021-11-01,Bridged Token Value (Dollar),123346,,3084242.369361686,,,,318706777.27615905,,,6835948.47,,103696379.69800001
1635811200000,2021-11-02,Bridged Token Value (Dollar),123346,,3095286.3585302886,,,,321106923.22241044,,,6835948.47,,103696379.69800001
1635897600000,2021-11-03,Bridged Token Value (Dollar),123346,,3089913.7050956776,,,,317716710.0968266,,,6835948.47,,103696379.69800001
1635984000000,2021-11-04,Bridged Token Value (Dollar),123346,,3099615.2342470344,,,,318671839.63339335,,,6835948.47,,103696379.69800001
1636070400000,2021-11-05,Bridged Token Value (Dollar),123346,,3083148.3593219128,,,,322273277.12101203,,,6835948.47,,103696379.69800001
1636156800000,2021-11-06,Bridged Token Value (Dollar),123346,,3082767.241773417,,,,327075278.9793171,,,6835948.47,,103696379.69800001
1636243200000,2021-11-07,Bridged Token Value (Dollar),123346,,3082767.241773417,,,,326911888.39135665,,,6835948.47,,103696379.69800001
1636329600000,2021-11-08,Bridged Token Value (Dollar),123346,,3087064.7184321564,,,,480924220.09961545,,,6835948.47,,103696379.69800001
1636416000000,2021-11-09,Bridged Token Value (Dollar),123346,,3092104.955501266,,,,484110801.650333,,,6835948.47,,103696379.69800001
1636502400000,2021-11-10,Bridged Token Value (Dollar),123346,,3094227.5556622786,,,,484787486.5081943,,,6835948.47,,103696379.69800001
1636588800000,2021-11-11,Bridged Token Value (Dollar),123346,,3065784.3765308065,,,,490448239.0038437,,,6835948.47,,103696379.69800001
1636675200000,2021-11-12,Bridged Token Value (Dollar),123346,,3054907.573398036,,,,499518123.23423123,,,6835948.47,,103696379.69800001
1636761600000,2021-11-13,Bridged Token Value (Dollar),123346,,3053537.236434835,,,,500219981.8474786,,,6835948.47,,103696379.69800001
1636848000000,2021-11-14,Bridged Token Value (Dollar),123346,,3053537.236434835,,,,500140004.23426455,,,6835948.47,,103696379.69800001
1636934400000,2021-11-15,Bridged Token Value (Dollar),123346,,3053187.857467519,,,,504399981.0760582,,,6835948.47,,103696379.69800001
1637020800000,2021-11-16,Bridged Token Value (Dollar),123346,,3033008.0592268035,,,,505872893.60155284,,,6835948.47,,103696379.69800001
1637107200000,2021-11-17,Bridged Token Value (Dollar),123346,,3020309.6483411933,,,,505785183.2234775,,,6835948.47,,103696379.69800001
1637193600000,2021-11-18,Bridged Token Value (Dollar),123346,,3020672.058967801,,,,509574976.9879178,,,6835948.47,,103696379.69800001
1637280000000,2021-11-19,Bridged Token Value (Dollar),123346,,3033732.1785003752,,,,508570597.68515104,,,6835948.47,,103696379.69800001
1637366400000,2021-11-20,Bridged Token Value (Dollar),123346,,3010088.680421112,,,,504519716.9064331,,,6835948.47,,103696379.69800001
1637452800000,2021-11-21,Bridged Token Value (Dollar),123346,,3010088.680421112,,,,504686123.54562616,,,6835948.47,,103696379.69800001
1637539200000,2021-11-22,Bridged Token Value (Dollar),123346,,3009219.6936578527,,,,508042451.3781798,,,6835948.47,,103696379.69800001
1637625600000,2021-11-23,Bridged Token Value (Dollar),123346,,2999781.524982337,,,,500079436.6830833,,,6835948.47,,103696379.69800001
1637712000000,2021-11-24,Bridged Token Value (Dollar),123346,,3000253.7137518553,,,,497509696.316167,,,6718948.47,,103696379.69800001
1637798400000,2021-11-25,Bridged Token Value (Dollar),123346,,2989862.9307396156,,,,498236915.30957294,,,6718948.47,,103696379.69800001
1637884800000,2021-11-26,Bridged Token Value (Dollar),123346,,2991173.348071468,,,,536037025.9956002,,,6718948.47,,103696379.69800001
1637971200000,2021-11-27,Bridged Token Value (Dollar),123346,,3020309.6483411933,,,,536321020.5413959,,,6718948.47,,103696379.69800001
1638057600000,2021-11-28,Bridged Token Value (Dollar),123346,,3020309.6483411933,,,,536229895.1756015,,,6718948.47,,103696379.69800001
1638144000000,2021-11-29,Bridged Token Value (Dollar),123346,,3013042.2302054884,,,,541650517.8080511,,,6718948.47,,103696379.69800001
1638230400000,2021-11-30,Bridged Token Value (Dollar),123346,,3013042.2302054884,,,,541650517.8080511,,,6718948.47,,103696379.69800001
1638316800000,2021-12-01,Bridged Token Value (Dollar),123346,,3013042.2302054884,,,,541650517.8080511,,,6718948.47,,103696379.69800001
1638403200000,2021-12-02,Bridged Token Value (Dollar),123346,,3013042.2302054884,,,,542653389.3558046,,,6718948.47,,103696379.69800001
1638489600000,2021-12-03,Bridged Token Value (Dollar),123346,,3013042.2302054884,,,,542653389.3558046,,,6718948.47,,103696379.69800001
1638576000000,2021-12-04,Bridged Token Value (Dollar),123346,,3013042.2302054884,,,,542653389.3558044,,,6718948.47,,103696379.69800001
1638662400000,2021-12-05,Bridged Token Value (Dollar),123346,,3013042.2302054884,,,,542653389.3558044,,,6718948.47,,103696379.69800001
1638748800000,2021-12-06,Bridged Token Value (Dollar),123346,,3013042.2302054884,,,,542653389.3558044,,,6718948.47,,103696379.69800001
1638835200000,2021-12-07,Bridged Token Value (Dollar),123346,,3013042.2302054884,,,,542653389.3558044,,,6718948.47,,103696379.69800001
1638921600000,2021-12-08,Bridged Token Value (Dollar),123346,,3008069.736915539,,,,540164528.6440896,,,6718948.47,,103696379.69800001
1639008000000,2021-12-09,Bridged Token Value (Dollar),123346,,3027193.1837934842,,,,539379533.9261799,,,6718948.47,,103696379.69800001
1639094400000,2021-12-10,Bridged Token Value (Dollar),123346,,3013484.5715699373,,,,537976488.9957767,,,6718948.47,,103696379.69800001
1639180800000,2021-12-11,Bridged Token Value (Dollar),123346,,3019827.7085798457,,,,539872830.66032,,,6718948.47,,103696379.69800001
1639267200000,2021-12-12,Bridged Token Value (Dollar),123346,,3019827.7085798457,,,,539802713.8033483,,,6718948.47,,103696379.69800001
1639353600000,2021-12-13,Bridged Token Value (Dollar),123346,,3018410.1254983116,,,,540250696.2979057,,,6718948.47,,103696379.69800001
1639440000000,2021-12-14,Bridged Token Value (Dollar),123346,,3018410.1254983116,,,,540920690.76488,,,6718948.47,,103696379.69800001
1639526400000,2021-12-15,Bridged Token Value (Dollar),123346,,3004510.1115217446,,,,542645668.456942,,,6718948.47,,103696379.69800001
1639612800000,2021-12-16,Bridged Token Value (Dollar),123346,,3013161.309336086,,,,546991171.2224841,,,6718948.47,,103696379.69800001
1639699200000,2021-12-17,Bridged Token Value (Dollar),123346,,3024619.7547711097,,,,556953505.6112602,,,6718948.47,,103696379.69800001
1639785600000,2021-12-18,Bridged Token Value (Dollar),123346,,2998837.593189752,,,,557410152.6882122,,,6718948.47,,103696379.69800001
1639872000000,2021-12-19,Bridged Token Value (Dollar),123346,,2998837.593189752,,,,556931249.2822381,,,6718948.47,,103696379.69800001
1639958400000,2021-12-20,Bridged Token Value (Dollar),116630,,3000000.7369972933,,,,556821799.8980615,,,6718948.47,,103710065.99800003
1640044800000,2021-12-21,Bridged Token Value (Dollar),116630,,3009077.173425452,,,,553900114.6893802,,,6718948.47,,103710065.99800003
1640131200000,2021-12-22,Bridged Token Value (Dollar),116630,,3011851.956351448,,,,535216684.0448588,,,6718948.47,,103710065.99800001
1640217600000,2021-12-23,Bridged Token Value (Dollar),116630,,3022701.1124178474,,,,539847445.9346722,,,6718948.47,,103710065.99800001
1640304000000,2021-12-24,Bridged Token Value (Dollar),116630,,3021537.4095398122,,,,544000850.1891143,,,6718948.47,,103710065.99800001
1640390400000,2021-12-25,Bridged Token Value (Dollar),116630,,3026132.4007920553,,,,543056875.580663,,,6718948.47,,103710065.99800003
1640476800000,2021-12-26,Bridged Token Value (Dollar),116630,,3026132.4007920553,,,,543415199.9542092,,,6718948.47,,103710065.99800003
1640563200000,2021-12-27,Bridged Token Value (Dollar),116630,,3021657.16111021,,,,544202005.7872136,,,6718948.47,,103710065.99800003
1640649600000,2021-12-28,Bridged Token Value (Dollar),116630,,3023180.5447684424,,,,545264168.6701132,,,6718948.47,,103710065.99800003
1640736000000,2021-12-29,Bridged Token Value (Dollar),116630,,3019291.2615586272,,,,544044330.6898738,,,6718948.47,,103710065.99800003
1640822400000,2021-12-30,Bridged Token Value (Dollar),116630,,3031250.922167676,,,,543089430.9955411,,,6718948.47,,103710065.99800001
1640908800000,2021-12-31,Bridged Token Value (Dollar),116630,,3021708.4861176177,,,,546040905.0297444,,,6661521.56,,109188212.8396
1640995200000,2022-01-01,Bridged Token Value (Dollar),116630,,3034422.1374331643,,,,550160318.420038,,,6661521.56,,109188212.8396
1641081600000,2022-01-02,Bridged Token Value (Dollar),116630,,3034422.1374331643,,,,550325310.4182847,,,6661521.56,,109188212.8396
1641168000000,2022-01-03,Bridged Token Value (Dollar),116630,,3034801.7486344445,,,,550187810.2157995,,,6661521.56,,109188212.8396
1641254400000,2022-01-04,Bridged Token Value (Dollar),116630,,3014948.6264418694,,,,548749192.4777334,,,6661521.56,,109188212.8396
1641340800000,2022-01-05,Bridged Token Value (Dollar),116630,,3011002.3363419836,,,,552181937.604069,,,6661521.56,,109188212.8396
1641427200000,2022-01-06,Bridged Token Value (Dollar),116630,,3018963.3368873303,,,,545901728.9899997,,,6661521.56,,109188212.8396
1641513600000,2022-01-07,Bridged Token Value (Dollar),116630,,3013831.73035108,,,,543273405.3861349,,,6661521.56,,109188212.8396
1641600000000,2022-01-08,Bridged Token Value (Dollar),116630,,3031819.184852625,,,,545641903.9809093,,,6661521.56,,109188212.8396
1641686400000,2022-01-09,Bridged Token Value (Dollar),116630,,3031819.184852625,,,,545265757.1222725,,,6661521.56,,109188212.8396
1641772800000,2022-01-10,Bridged Token Value (Dollar),116630,,3029564.609133733,,,,544422804.5846028,,,6661521.56,,109188212.8396
1641859200000,2022-01-11,Bridged Token Value (Dollar),116630,,3023397.524980781,,,,546934613.5818923,,,6661521.56,,109188212.8396
1641945600000,2022-01-12,Bridged Token Value (Dollar),116630,,3033378.184677476,,,,555058958.4222993,,,6661521.56,,109188212.8396
1642032000000,2022-01-13,Bridged Token Value (Dollar),116630,,3052801.405273359,,,,555738519.9496391,,,6661521.56,,109188212.8396
1642118400000,2022-01-14,Bridged Token Value (Dollar),116630,,3057397.475378286,,,,555086702.492118,,,6661521.56,,109188212.8396
1642204800000,2022-01-15,Bridged Token Value (Dollar),116630,,3046333.0371400784,,,,553795108.7871007,,,6661521.56,,109188212.8396
1642291200000,2022-01-16,Bridged Token Value (Dollar),116630,,3046333.0371400784,,,,554049760.316077,,,6661521.56,,109188212.8396
1642377600000,2022-01-17,Bridged Token Value (Dollar),116630,,3044751.4925069744,,,,553088456.0719981,,,6661521.56,,109188212.8396
1642464000000,2022-01-18,Bridged Token Value (Dollar),116630,,3044456.2211399237,,,,559407224.2808278,,,6661521.56,,109188212.8396
1642550400000,2022-01-19,Bridged Token Value (Dollar),116630,,3023390.6738802283,,,,558202279.8160244,,,6661521.56,,109188212.8396
1642636800000,2022-01-20,Bridged Token Value (Dollar),116630,,3026844.135400085,,,,565401976.8859458,,,6661521.56,,109188212.8396
1642723200000,2022-01-21,Bridged Token Value (Dollar),116630,,3018387.3986053485,,,,567842278.1549366,,,6661521.56,,109188212.8396
1642809600000,2022-01-22,Bridged Token Value (Dollar),116630,,3027290.5396675277,,,,566981741.8349847,,,6661521.56,,109188212.8396
1642896000000,2022-01-23,Bridged Token Value (Dollar),116630,,3027290.5396675277,,,,566981741.8349847,,,6661521.56,,109188212.8396
1642982400000,2022-01-24,Bridged Token Value (Dollar),116630,,3026277.734925646,,,,566874035.7681887,,,6661521.56,,109188212.8396
1643068800000,2022-01-25,Bridged Token Value (Dollar),116630,,3026277.734925646,,,,569102788.451968,,,6661521.56,,109188212.8396
1643155200000,2022-01-26,Bridged Token Value (Dollar),366630,,3016207.2914195457,,,,575185909.4944625,,,6661521.56,,109188212.8396
1643241600000,2022-01-27,Bridged Token Value (Dollar),366630,,2999438.718089178,,,,577180833.4197005,,,6661521.56,,109188212.8396
1643328000000,2022-01-28,Bridged Token Value (Dollar),366630,,2973863.458915166,,,,578024280.2429888,,,6661521.56,,109188212.8396
1643414400000,2022-01-29,Bridged Token Value (Dollar),366630,,2974761.8870584457,,,,576061939.6058543,,,6661521.56,,109188212.8396
1643500800000,2022-01-30,Bridged Token Value (Dollar),366630,,2974761.8870584457,,,,576061939.6058542,,,6661521.56,,109188212.8396
1643587200000,2022-01-31,Bridged Token Value (Dollar),366630,,2975275.992248683,,,,578548927.6027919,,,6661521.56,,109188212.8396
1643673600000,2022-02-01,Bridged Token Value (Dollar),366630,,2996743.9559189593,,,,582269542.6555139,,,6661521.56,,109188212.8396
1643760000000,2022-02-02,Bridged Token Value (Dollar),366630,,3008064.1005660444,,,,583458648.2542452,,,6661521.56,,109188212.8396
1643846400000,2022-02-03,Bridged Token Value (Dollar),366630,,3015385.877707697,,,,585334714.3648847,,,6661521.56,,109188212.8396
1643932800000,2022-02-04,Bridged Token Value (Dollar),366630,,3051750.5209835744,,,,584517666.8343036,,,6663653.64,,109188212.8396
1644019200000,2022-02-05,Bridged Token Value (Dollar),366630,,3055230.6327289976,,,,585674208.4992163,,,6663653.64,,109188212.8396
1644105600000,2022-02-06,Bridged Token Value (Dollar),366630,,3055230.6327289976,,,,585674208.4992164,,,6663653.64,,109188212.8396
1644192000000,2022-02-07,Bridged Token Value (Dollar),2458899.7861710787,,3055909.4095899463,,,,585527826.5425807,,,6663653.64,,109188212.8396
1644278400000,2022-02-08,Bridged Token Value (Dollar),2458900.355267671,,3052808.390313704,,,,585369816.1947951,,,6663653.64,,109188212.8396
1644364800000,2022-02-09,Bridged Token Value (Dollar),2459311.474364662,,3047411.514424267,,,,587504994.5286057,,,6681053.64,,109188212.8396
1644451200000,2022-02-10,Bridged Token Value (Dollar),2460520.4935701196,,3047909.262969174,,,,587475634.8395145,,,6681053.64,,109188212.8396
1644537600000,2022-02-11,Bridged Token Value (Dollar),2460528.2042778693,,3045776.7023142367,,,,592379634.5273131,,,6681053.64,,109188212.8396
1644624000000,2022-02-12,Bridged Token Value (Dollar),2460528.2042778693,,3028530.8607701673,,,,592699519.5299579,,,6681053.64,,109188212.8396
1644710400000,2022-02-13,Bridged Token Value (Dollar),2460528.2042778693,,3028530.8607701673,,,,592699519.5299579,,,6681053.64,,109188212.8396
1644796800000,2022-02-14,Bridged Token Value (Dollar),2460695.2238143226,,3032985.139459699,,,,593226012.0154065,,,6681053.64,,109188212.8396
1644883200000,2022-02-15,Bridged Token Value (Dollar),2461162.7933992175,,3017250.893317304,,,,627246204.1841986,,,6681053.64,,109188212.8396
1644969600000,2022-02-16,Bridged Token Value (Dollar),2461122.863111202,,3030419.060192762,,,,624030615.4805768,,,6681053.64,,109194006.13960001
1645056000000,2022-02-17,Bridged Token Value (Dollar),2461207.1528126616,,3035262.0776295713,,,,631475230.2135981,,,6681053.64,,109194006.13960001
1645142400000,2022-02-18,Bridged Token Value (Dollar),2411109.4317130293,,3032967.902966007,,,,665645194.0891463,,,6681053.64,,109194006.13960001
1645228800000,2022-02-19,Bridged Token Value (Dollar),2411109.4317130293,,3021329.902885446,,,,664876116.6873477,,,6681053.64,,109194006.13960001
1645315200000,2022-02-20,Bridged Token Value (Dollar),2411109.4317130293,,3021329.902885446,,,,664876116.6873478,,,6681053.64,,109194006.13960001
1645401600000,2022-02-21,Bridged Token Value (Dollar),2411109.4317130293,,3020198.0176767614,,,,667484951.701079,,,6681053.64,,109194006.13960001
1645488000000,2022-02-22,Bridged Token Value (Dollar),2411632.989856731,,3017056.4421570767,,,,682820693.1984981,,,6681053.64,,109194006.13960001
1645574400000,2022-02-23,Bridged Token Value (Dollar),2414639.5481435414,,3023174.8801051783,,,,694459692.9546206,,,6681053.64,,109194006.13960001
1645660800000,2022-02-24,Bridged Token Value (Dollar),2414740.10725113,,3016902.9457863625,,,,718080135.5825061,,,6681053.64,,103918806.13960001
1645747200000,2022-02-25,Bridged Token Value (Dollar),2420908.7867012387,,2986347.328686741,,,,783485001.9031384,,,6681053.64,,103918806.13960001
1645833600000,2022-02-26,Bridged Token Value (Dollar),2420908.7867012387,,3008047.146161034,,,,777411110.8383553,,,6681053.64,,103918806.13960001
1645920000000,2022-02-27,Bridged Token Value (Dollar),2420908.7867012387,,3008047.146161034,,,,777411110.8383553,,,6681053.64,,103918806.13960001
1646006400000,2022-02-28,Bridged Token Value (Dollar),2553091.585469834,,2983892.8926997962,,,,785522915.5546854,,,6681053.64,,103918806.13960001
1646092800000,2022-03-01,Bridged Token Value (Dollar),2553293.6845615506,,2993046.554369399,,,,785270320.1522262,,,6681053.64,,103918806.13960001
1646179200000,2022-03-02,Bridged Token Value (Dollar),2553284.283708457,,2970721.5758953937,,,,799714000.9553608,,,6681053.64,,103918806.13960001
1646265600000,2022-03-03,Bridged Token Value (Dollar),2554204.8828527527,,2966428.3870246653,,,,794202351.5635442,,,6681053.64,,108440406.13960001
1646352000000,2022-03-04,Bridged Token Value (Dollar),2421146.463964355,,2953296.060592151,,,,796595888.0454255,,,6681053.64,,108440406.13960001
1646438400000,2022-03-05,Bridged Token Value (Dollar),2421146.463964355,,2921336.116470288,,,,815766408.4431665,,,6681053.64,,108440406.13960001
1646524800000,2022-03-06,Bridged Token Value (Dollar),2421146.463964355,,2921336.116470288,,,,815766408.4431665,,,6681053.64,,108440406.13960001
1646611200000,2022-03-07,Bridged Token Value (Dollar),2420412.0229471764,,2899512.833227975,,,,840657401.5128784,,,6681053.64,,108440406.13960001
1646697600000,2022-03-08,Bridged Token Value (Dollar),2420407.031575634,,2899292.3092071074,,,,859888892.0797651,,,6681053.64,,108440406.13960001
1646784000000,2022-03-09,Bridged Token Value (Dollar),2420407.5902020372,,2907695.871886891,,,,901507287.1735566,,,6681053.64,,108440406.13960001
1646870400000,2022-03-10,Bridged Token Value (Dollar),2420433.1488285298,,2954276.950509867,,,,886851924.2078902,,,6681053.64,,108440406.13960001
1646956800000,2022-03-11,Bridged Token Value (Dollar),2415614.80739724,,2938854.674113192,,,,895151063.0443232,,,6681053.64,,108089464.03960001
1647043200000,2022-03-12,Bridged Token Value (Dollar),2415614.80739724,,2911820.623238294,,,,896146718.4214022,,,6681053.64,,108089464.03960001
1647129600000,2022-03-13,Bridged Token Value (Dollar),2415614.80739724,,2911820.623238294,,,,896146718.4214022,,,6681053.64,,108089464.03960001
1647216000000,2022-03-14,Bridged Token Value (Dollar),2415465.3667711513,,2918285.0376185626,,,,892129755.983695,,,6681053.64,,108089464.03960001
1647302400000,2022-03-15,Bridged Token Value (Dollar),2415696.006006956,,2920616.7015607962,,,,887201826.4432402,,,6681053.64,,107851740.91960001
1647388800000,2022-03-16,Bridged Token Value (Dollar),2315717.1247968944,,2927023.951416139,,,,876159667.183491,,,6681053.64,,107851740.91960001
1647475200000,2022-03-17,Bridged Token Value (Dollar),2315778.7146598734,,2940960.01008226,,,,881355039.9257815,,,6681053.64,,107851740.91960001
1647561600000,2022-03-18,Bridged Token Value (Dollar),2315590.1743535865,,2961522.9685119838,,,,889810793.5939118,,,6681053.64,,107851740.91960001
1647648000000,2022-03-19,Bridged Token Value (Dollar),2315590.1743535865,,2951989.2201427487,,,,880011049.1330892,,,6681053.64,,107851740.91960001
1647734400000,2022-03-20,Bridged Token Value (Dollar),2315590.1743535865,,2951989.2201427487,,,,880011049.1330892,,,6681053.64,,107851740.91960001
1647820800000,2022-03-21,Bridged Token Value (Dollar),2316239.8238397418,,2946675.782976697,,,,878562938.5902103,,,6681053.64,,107851740.91960001
1647907200000,2022-03-22,Bridged Token Value (Dollar),2315028.315176333,,2939858.381310635,,,,885235280.0033906,,,6681053.64,,107754168.5596
1647993600000,2022-03-23,Bridged Token Value (Dollar),2315028.315176333,,2942873.620676082,,,,879181159.6802356,,,6681053.64,,107281086.7396
1648080000000,2022-03-24,Bridged Token Value (Dollar),2315083.453758017,,2936655.3925495916,,,,890756081.8746909,,,6681053.64,,107701974.0896
1648166400000,2022-03-25,Bridged Token Value (Dollar),2315253.583582008,,2937431.2336096754,,,,897152509.6626165,,,6681053.64,,107701974.0896
1648252800000,2022-03-26,Bridged Token Value (Dollar),2315253.583582008,,2930914.0046658656,,,,896461218.8063132,,,6681053.64,,107701974.0896
1648339200000,2022-03-27,Bridged Token Value (Dollar),2315253.583582008,,2930914.0046658656,,,,896461218.8063132,,,6681053.64,,107701974.0896
1648425600000,2022-03-28,Bridged Token Value (Dollar),2315260.2615136243,,2930559.9362458675,,,,900394938.9530606,,,6681053.64,,107701974.0896
1648512000000,2022-03-29,Bridged Token Value (Dollar),2314764.7558710803,,2933646.4250826593,,,,885348985.5649196,,,6681053.64,,107701974.0896
1648598400000,2022-03-30,Bridged Token Value (Dollar),2314773.0744062467,,2959814.8271307927,,,,882889061.0733764,,,6681053.64,,107701974.0896
1648684800000,2022-03-31,Bridged Token Value (Dollar),2324861.424146881,,2977948.882953382,,,,890786398.0819495,,,6393077.19,,107605627.75960001
1648771200000,2022-04-01,Bridged Token Value (Dollar),2324889.7711594757,,2954734.922155704,,,,891216800.780848,,,6397534.95,,107605627.75960001
1648857600000,2022-04-02,Bridged Token Value (Dollar),2324889.771466876,,2948225.4586744034,,,,886195311.8149394,,,6397534.95,,107605627.75960001
1648944000000,2022-04-03,Bridged Token Value (Dollar),2324889.771466876,,2948225.4586744034,,,,886195311.8149394,,,6397534.95,,107605627.75960001
1649030400000,2022-04-04,Bridged Token Value (Dollar),2324901.53081695,,2946916.591991701,,,,885302766.9938982,,,6397534.95,,107605627.75960001
1649116800000,2022-04-05,Bridged Token Value (Dollar),2325019.5396162476,,2928504.811295927,,,,888345314.1984557,,,6397534.95,,107605627.75960001
1649203200000,2022-04-06,Bridged Token Value (Dollar),2325034.2079544906,,2910289.92798362,,,,884163125.3111565,,,6397534.95,,107605627.75960001
1649289600000,2022-04-07,Bridged Token Value (Dollar),2325051.026730152,,2908044.4366866504,,,,885128491.5937054,,,6397534.95,,107605627.75960001
1649376000000,2022-04-08,Bridged Token Value (Dollar),2315155.2349212845,,2908044.4366866504,,,,885128491.5937054,,,6397534.95,,107605627.75960001
1649462400000,2022-04-09,Bridged Token Value (Dollar),2315155.2349212845,,2902161.7405114225,,,,896688957.855205,,,6397534.95,,107605627.75960001
1649548800000,2022-04-10,Bridged Token Value (Dollar),2315155.2349212845,,2902161.7405114225,,,,896688957.855205,,,6397534.95,,107605627.75960001
1649635200000,2022-04-11,Bridged Token Value (Dollar),2319620.8236702885,,2904929.3328151912,,,,894038157.3595543,,,6397534.95,,107605627.75960001
1649721600000,2022-04-12,Bridged Token Value (Dollar),2329641.609352432,,2902603.6956784157,,,,898069180.569164,,,6397534.95,,107605627.75960001
1649808000000,2022-04-13,Bridged Token Value (Dollar),2329662.5546870143,,2889494.0617801575,,,,904016415.0644916,,,6397534.95,,107605627.75960001
1649894400000,2022-04-14,Bridged Token Value (Dollar),2329922.424436167,,2907600.8232612778,,,,909250879.5667896,,,6397534.95,,107605627.75960001
1649980800000,2022-04-15,Bridged Token Value (Dollar),2329922.424436167,,2887008.7672650726,,,,906962438.8745533,,,6397534.95,,107605627.75960001
1650067200000,2022-04-16,Bridged Token Value (Dollar),2329922.424436167,,2885763.04137909,,,,908020041.6500535,,,6397534.95,,107605627.75960001
1650153600000,2022-04-17,Bridged Token Value (Dollar),2329922.424436167,,2885763.04137909,,,,908020041.6500535,,,6397534.95,,107605627.75960001
1650240000000,2022-04-18,Bridged Token Value (Dollar),2316218.379217351,,2886065.7881025453,,,,912200152.7095616,,,6397534.95,,107605627.75960001
1650326400000,2022-04-19,Bridged Token Value (Dollar),2316290.2282546507,,2877066.7668093857,,,,911205435.508747,,,6397534.95,,107605627.75960001
1650412800000,2022-04-20,Bridged Token Value (Dollar),2326653.7877738713,,2879861.2714879694,,,,897750810.4288709,,,6397534.95,,107605627.75960001
1650499200000,2022-04-21,Bridged Token Value (Dollar),2326801.246828172,,2894920.268123325,,,,903413219.5889572,,,6397534.95,,107605627.75960001
1650585600000,2022-04-22,Bridged Token Value (Dollar),2326850.214796658,,2891372.590936663,,,,903640007.4928747,,,6397534.95,,107605627.75960001
1650672000000,2022-04-23,Bridged Token Value (Dollar),2326850.214796658,,2881758.4133005436,,,,899510056.4137739,,,6397534.95,,107605627.75960001
1650758400000,2022-04-24,Bridged Token Value (Dollar),2326850.214796658,,2881758.4133005436,,,,899510056.4137739,,,6397534.95,,107605627.75960001
1650844800000,2022-04-25,Bridged Token Value (Dollar),2326764.933749109,,2884328.19965091,,,,898128133.3702401,,,6397534.95,,107605627.75960001
1650931200000,2022-04-26,Bridged Token Value (Dollar),2326787.4125769907,,2858972.588870358,,,,887294657.9688623,,,6397534.95,,107605627.75960001
1651017600000,2022-04-27,Bridged Token Value (Dollar),2327310.0210337485,,2840596.483650207,,,,888922526.5429456,,,6397534.95,,107605627.75960001
1651104000000,2022-04-28,Bridged Token Value (Dollar),2327220.5462884936,,2816812.151571298,,,,884371188.9158816,,,6397534.95,,107605627.75960001
1651190400000,2022-04-29,Bridged Token Value (Dollar),2327265.994739995,,2802847.177719697,,,,895858409.2714207,,,6397534.95,,107605627.75960001
1651276800000,2022-04-30,Bridged Token Value (Dollar),2327265.994739995,,2813782.5228534164,,,,896828148.351249,,,6397534.95,,107605627.75960001
1651363200000,2022-05-01,Bridged Token Value (Dollar),2327265.994739995,,2813782.5228534164,,,,896828148.351249,,,6397534.95,,107605627.75960001
1651449600000,2022-05-02,Bridged Token Value (Dollar),2327691.3329713056,,2812270.15107396,,,,896666101.7606304,,,6397534.95,,107605627.75960001
1651536000000,2022-05-03,Bridged Token Value (Dollar),2327713.1811551927,,2804113.6751518855,,,,883354074.711159,,,6397534.95,,107605627.75960001
1651622400000,2022-05-04,Bridged Token Value (Dollar),2327710.300745571,,2808747.59807172,,,,889289459.6608462,,,6397534.95,,107605627.75960001
1651708800000,2022-05-05,Bridged Token Value (Dollar),2327991.969326689,,2834260.5672535016,,,,902378255.2276357,,,6397534.95,,107605627.75960001
1651795200000,2022-05-06,Bridged Token Value (Dollar),2328770.3561580796,,2812922.347305656,,,,891684179.9073249,,,6397534.95,,107605627.75960001
1651881600000,2022-05-07,Bridged Token Value (Dollar),2328770.3561580796,,2814702.6027889512,,,,897864121.8463535,,,6397534.95,,107605627.75960001
1651968000000,2022-05-08,Bridged Token Value (Dollar),2328770.3561580796,,2814702.6027889512,,,,897864121.8463535,,,6397534.95,,107605627.75960001
1652054400000,2022-05-09,Bridged Token Value (Dollar),2331032.0751889087,,2810522.5715393517,,,,894720211.93752,,,6397534.95,,107605627.75960001
1652140800000,2022-05-10,Bridged Token Value (Dollar),2331102.3232259005,,2819401.4068719624,,,,882950425.8697385,,,6397534.95,,107605627.75960001
1652227200000,2022-05-11,Bridged Token Value (Dollar),2331148.291879415,,2809812.3130158656,,,,873053463.8309892,,,6397534.95,,107605627.75960001
1652313600000,2022-05-12,Bridged Token Value (Dollar),2330705.5142805334,,2805115.902308508,,,,882703407.2461386,,,6397534.95,,107605627.75960001
1652400000000,2022-05-13,Bridged Token Value (Dollar),2330944.862582576,,2769510.078305402,,,,867238013.011283,,,6397534.95,,107605627.75960001
1652486400000,2022-05-14,Bridged Token Value (Dollar),2330944.862582576,,2778044.5115278093,,,,862639111.0513289,,,6397534.95,,107605627.75960001
1652572800000,2022-05-15,Bridged Token Value (Dollar),2330944.862582576,,2778044.5115278093,,,,862639111.0513289,,,6397534.95,,107605627.75960001
1652659200000,2022-05-16,Bridged Token Value (Dollar),2341370.9210184924,,2776007.0486479006,,,,863922121.1023357,,,6397534.95,,107605627.75960001
1652745600000,2022-05-17,Bridged Token Value (Dollar),2340351.660153831,,2785468.1735175075,,,,871488842.7381607,,,6397534.95,,107605627.75960001
1652832000000,2022-05-18,Bridged Token Value (Dollar),2341603.152580431,,2814851.059133575,,,,866005165.9713575,,,6397534.95,,107605627.75960001
1652918400000,2022-05-19,Bridged Token Value (Dollar),2341744.8909522025,,2794159.9098941763,,,,866532030.8923037,,,6397534.95,,107605627.75960001
1653004800000,2022-05-20,Bridged Token Value (Dollar),2338797.2654049033,,2823100.0778104966,,,,882689223.0008425,,,6397534.95,,107605627.75960001
1653091200000,2022-05-21,Bridged Token Value (Dollar),2338797.2654049033,,2818537.79302671,,,,885828152.584369,,,6397534.95,,107605627.75960001
1653177600000,2022-05-22,Bridged Token Value (Dollar),2338797.2654049033,,2818537.79302671,,,,885828152.584369,,,6397534.95,,107605627.75960001
1653264000000,2022-05-23,Bridged Token Value (Dollar),2339429.1856074044,,2820817.0907023237,,,,885213885.8601865,,,6397534.95,,107605627.75960001
1653350400000,2022-05-24,Bridged Token Value (Dollar),2340290.5238498757,,2850543.365752294,,,,890936816.6196562,,,6397534.95,,107605627.75960001
1653436800000,2022-05-25,Bridged Token Value (Dollar),2340590.5336828865,,2864527.5675466023,,,,896764930.4080491,,,6397534.95,,107605627.75960001
1653523200000,2022-05-26,Bridged Token Value (Dollar),2332951.0829048976,,2864527.5675466023,,,,896764930.4080491,,,6397534.95,,107605627.75960001
1653609600000,2022-05-27,Bridged Token Value (Dollar),1832518.6089029084,,2864072.538041337,,,,889917668.8909936,,,6397534.95,,107605627.75960001
1653696000000,2022-05-28,Bridged Token Value (Dollar),1832518.6089029084,,2864665.949778088,,,,891569223.2642012,,,6397534.95,,107605627.75960001
1653782400000,2022-05-29,Bridged Token Value (Dollar),1832518.6089029084,,2864665.949778088,,,,891569223.2642012,,,6397534.95,,107605627.75960001
1653868800000,2022-05-30,Bridged Token Value (Dollar),1832518.6089029084,,2862898.7378208283,,,,888878351.6422126,,,6397534.95,,107605627.75960001
1653955200000,2022-05-31,Bridged Token Value (Dollar),1834185.6681927831,,2874927.9833093127,,,,890521529.3164059,,,6397534.95,,107607927.75960001
1654041600000,2022-06-01,Bridged Token Value (Dollar),1834939.2517521118,,2865327.293912785,,,,883031974.8865042,,,6397534.95,,107607927.75960001
1654128000000,2022-06-02,Bridged Token Value (Dollar),1854208.9020601967,,2842557.289531864,,,,890024383.2440698,,,6397534.95,,107607927.75960001
1654214400000,2022-06-03,Bridged Token Value (Dollar),1854044.116807416,,2868592.3433430847,,,,898887193.2647874,,,6397534.95,,107607927.75960001
1654300800000,2022-06-04,Bridged Token Value (Dollar),1854044.116807416,,2860535.6226060325,,,,890246598.6578938,,,6397534.95,,107607927.75960001
1654387200000,2022-06-05,Bridged Token Value (Dollar),1854044.116807416,,2860535.6226060325,,,,890246598.6578938,,,6397534.95,,107607927.75960001
1654473600000,2022-06-06,Bridged Token Value (Dollar),1853802.637963956,,2862284.56638353,,,,889033861.9177322,,,6397534.95,,107607927.75960001
1654560000000,2022-06-07,Bridged Token Value (Dollar),1805856.1309119351,,2852859.4931876897,,,,882239788.4602289,,,6397534.95,,107607927.75960001
1654646400000,2022-06-08,Bridged Token Value (Dollar),1756014.1917881628,,2854867.814071263,,,,888401918.3905003,,,6397534.95,,107607927.75960001
1654732800000,2022-06-09,Bridged Token Value (Dollar),1756086.8872830155,,2859554.6958732465,,,,889448766.9998648,,,6397534.95,,107607927.75960001
1654819200000,2022-06-10,Bridged Token Value (Dollar),1756274.2760480577,,2834104.036480312,,,,886988028.0543618,,,6397534.95,,107607927.75960001
1654905600000,2022-06-11,Bridged Token Value (Dollar),1756274.2760480577,,2806635.346850207,,,,906665810.0006292,,,6397534.95,,107607927.75960001
1654992000000,2022-06-12,Bridged Token Value (Dollar),1756274.2760480577,,2806635.346850207,,,,906665810.0006292,,,6397534.95,,107607927.75960001
1655078400000,2022-06-13,Bridged Token Value (Dollar),1755627.5162555098,,2799025.180204581,,,,900859954.5643957,,,6397534.95,,107607927.75960001
1655164800000,2022-06-14,Bridged Token Value (Dollar),1755681.7974602412,,2779143.959453053,,,,875945186.8698564,,,6397534.95,,107607927.75960001
1655251200000,2022-06-15,Bridged Token Value (Dollar),1755979.5071125296,,2784508.9902621643,,,,873032887.060432,,,6397534.95,,107607927.75960001
1655337600000,2022-06-16,Bridged Token Value (Dollar),1756191.5062909708,,2790244.8429424763,,,,884502520.7924321,,,6397534.95,,107607927.75960001
1655424000000,2022-06-17,Bridged Token Value (Dollar),1756496.4749584426,,2814346.3714436777,,,,892567430.739666,,,6397534.95,,107607927.75960001
1655510400000,2022-06-18,Bridged Token Value (Dollar),1756496.4749584426,,2800629.1488575167,,,,886954963.6950634,,,6397534.95,,107607927.75960001
1655596800000,2022-06-19,Bridged Token Value (Dollar),1756496.4749584426,,2800629.1488575167,,,,886954963.6950632,,,6397534.95,,107607927.75960001
1655683200000,2022-06-20,Bridged Token Value (Dollar),1756496.4749584426,,2799436.279044531,,,,885836191.6638598,,,6397534.95,,107607927.75960001
1655769600000,2022-06-21,Bridged Token Value (Dollar),1756763.7040746475,,2806974.8651428367,,,,883115059.4071383,,,6397534.95,,107607927.75960001
1655856000000,2022-06-22,Bridged Token Value (Dollar),1755613.354081439,,2811173.957363376,,,,879467779.813758,,,6397534.95,,107607927.75960001
1655942400000,2022-06-23,Bridged Token Value (Dollar),1754991.502754862,,2818805.754492677,,,,881644482.9393854,,,6397534.95,,107607927.75960001
1656028800000,2022-06-24,Bridged Token Value (Dollar),1752026.794042716,,2807270.165218071,,,,876870561.6571746,,,6397534.95,,107607927.75960001
1656115200000,2022-06-25,Bridged Token Value (Dollar),1752026.794042716,,2817050.0454452755,,,,877889885.8133789,,,6397534.95,,107607927.75960001
1656201600000,2022-06-26,Bridged Token Value (Dollar),1752026.794042716,,2817050.0454452755,,,,877889885.8133788,,,6397534.95,,107607927.75960001
1656288000000,2022-06-27,Bridged Token Value (Dollar),1752250.2835702747,,2819699.327473728,,,,879201107.5935948,,,6397534.95,,107607927.75960001
1656374400000,2022-06-28,Bridged Token Value (Dollar),1752331.523575194,,2823368.907502711,,,,876844261.0634494,,,6397534.95,,107607927.75960001
1656460800000,2022-06-29,Bridged Token Value (Dollar),1752414.7027520356,,2807920.0441404963,,,,873865852.2809389,,,6397534.95,,107607927.75960001
1656547200000,2022-06-30,Bridged Token Value (Dollar),1752489.5017264723,,2787621.473541956,,,,874220586.8567725,,,4841377.8,,93022937.6744
1656633600000,2022-07-01,Bridged Token Value (Dollar),1752972.482894811,,2796121.5662636356,,,,868747965.9831214,,,4841377.8,,93022937.6744
1656720000000,2022-07-02,Bridged Token Value (Dollar),1752972.482894811,,2782813.1445358847,,,,871173444.1430649,,,4841377.8,,93022937.6744
1656806400000,2022-07-03,Bridged Token Value (Dollar),1752972.482894811,,2782813.1445358847,,,,871173444.1430649,,,4841377.8,,93022937.6744
1656892800000,2022-07-04,Bridged Token Value (Dollar),1752972.482894811,,2783898.9447884127,,,,870621458.0841235,,,4841377.8,,93022937.6744
1656979200000,2022-07-05,Bridged Token Value (Dollar),1753140.77161022,,2783957.0328405937,,,,872665384.3661795,,,4841377.8,,93022937.6744
1657065600000,2022-07-06,Bridged Token Value (Dollar),1753230.2612405033,,2740709.460473419,,,,862594906.1869144,,,4841377.8,,93022937.6744
1657152000000,2022-07-07,Bridged Token Value (Dollar),1753321.6604907098,,2717501.5586822517,,,,852649312.6054871,,,4841377.8,,93022937.6744
1657238400000,2022-07-08,Bridged Token Value (Dollar),1754100.2792581194,,2712129.5011642883,,,,856176250.9490392,,,4841377.8,,93022937.6744
1657324800000,2022-07-09,Bridged Token Value (Dollar),1754100.2792581194,,2718055.1622592695,,,,857083643.3433824,,,4841377.8,,93022937.6744
1657411200000,2022-07-10,Bridged Token Value (Dollar),1754100.2792581194,,2718055.1622592695,,,,857083643.3433824,,,4841377.8,,93022937.6744
1657497600000,2022-07-11,Bridged Token Value (Dollar),1754243.0179982304,,2718055.1622592695,,,,856990179.4429774,,,4841377.8,,93022937.6744
1657584000000,2022-07-12,Bridged Token Value (Dollar),1757332.7672315228,,2681019.0581356687,,,,853503674.1719927,,,4841377.8,,93026387.6744
1657670400000,2022-07-13,Bridged Token Value (Dollar),1707500.3671431579,,2676453.2507678336,,,,852331225.3462487,,,4841377.8,,93026387.6744
1657756800000,2022-07-14,Bridged Token Value (Dollar),1707598.396922893,,2677231.97643073,,,,855596558.537219,,,4841377.8,,93026387.6744
1657843200000,2022-07-15,Bridged Token Value (Dollar),1708109.055809968,,2675201.8357065744,,,,845735083.9053918,,,4841377.8,,93026387.6744
1657929600000,2022-07-16,Bridged Token Value (Dollar),1708109.055809968,,2691652.70183788,,,,843709430.2986584,,,4841377.8,,93026387.6744
1658016000000,2022-07-17,Bridged Token Value (Dollar),1708109.055809968,,2691652.70183788,,,,843709430.2986584,,,4841377.8,,93026387.6744
1658102400000,2022-07-18,Bridged Token Value (Dollar),1708481.1054660662,,2694316.0900121545,,,,844900119.3699307,,,4841377.8,,93026387.6744
1658188800000,2022-07-19,Bridged Token Value (Dollar),1710334.3643579383,,2707108.160073892,,,,844000926.7932825,,,4841377.8,,93026387.6744
1658275200000,2022-07-20,Bridged Token Value (Dollar),1710578.3840842682,,2730152.092846365,,,,844905059.9884868,,,4841377.8,,93026387.6744
1658361600000,2022-07-21,Bridged Token Value (Dollar),1710670.6528541334,,2717062.5343998526,,,,837551962.5178332,,,4841377.8,,93026387.6744
1658448000000,2022-07-22,Bridged Token Value (Dollar),1710977.4816194437,,2727279.3639541557,,,,849042938.3841003,,,4841377.8,,93026387.6744
1658534400000,2022-07-23,Bridged Token Value (Dollar),1710977.4816194437,,2725545.472354117,,,,853401089.3003877,,,4841377.8,,93026387.6744
1658620800000,2022-07-24,Bridged Token Value (Dollar),1710977.4816194437,,2725545.472354117,,,,853401089.3003877,,,4841377.8,,93026387.6744
1658707200000,2022-07-25,Bridged Token Value (Dollar),1711201.6305954414,,2721782.0177076817,,,,852330809.6736689,,,4841377.8,,93026387.6744
1658793600000,2022-07-26,Bridged Token Value (Dollar),1711289.9193120429,,2728071.036629203,,,,850035427.0768772,,,4841377.8,,93026387.6744
1658880000000,2022-07-27,Bridged Token Value (Dollar),1711319.3080128601,,2702926.8529573516,,,,849571892.9252329,,,4841377.8,,93026387.6744
1658966400000,2022-07-28,Bridged Token Value (Dollar),1709717.850805144,,2723387.5835109325,,,,859872053.6843222,,,4841377.8,,93026387.6744
1659052800000,2022-07-29,Bridged Token Value (Dollar),1709970.3997394778,,2719672.9600097407,,,,867638341.8295586,,,4841377.8,,93026387.6744
1659139200000,2022-07-30,Bridged Token Value (Dollar),1709970.3997394778,,2728617.148672158,,,,873440607.2026845,,,4841377.8,,93026387.6744
1659225600000,2022-07-31,Bridged Token Value (Dollar),1709970.3997394778,,2728617.148672158,,,,873440607.2026845,,,4841377.8,,93026387.6744
1659312000000,2022-08-01,Bridged Token Value (Dollar),1711208.5996562338,,2723800.244546464,,,,871416151.3721048,,,4841377.8,,93026387.6744
1659398400000,2022-08-02,Bridged Token Value (Dollar),1711316.469553005,,2738247.383453372,,,,876211650.7042522,,,4841377.8,,93026387.6744
1659484800000,2022-08-03,Bridged Token Value (Dollar),1711506.308883843,,2709901.690550691,,,,873545711.3467748,,,4841377.8,,88606821.1544
1659571200000,2022-08-04,Bridged Token Value (Dollar),1711589.2082307672,,2710471.315573094,,,,877101402.3482147,,,4841377.8,,88606821.1544
1659657600000,2022-08-05,Bridged Token Value (Dollar),1731877.2891593056,,2734577.002336553,,,,891604687.2424933,,,4841377.8,,88606821.1544
1659744000000,2022-08-06,Bridged Token Value (Dollar),1731877.2891593056,,2717384.8077313476,,,,883109981.8897667,,,4841377.8,,88606821.1544
1659830400000,2022-08-07,Bridged Token Value (Dollar),1731877.2891593056,,2717384.8077313476,,,,883109981.8897668,,,4841377.8,,88606821.1544
1659916800000,2022-08-08,Bridged Token Value (Dollar),1732007.688122074,,2714099.714275073,,,,882510108.4961625,,,4841377.8,,88606821.1544
1660003200000,2022-08-09,Bridged Token Value (Dollar),1732095.5633238598,,2721220.7004823424,,,,889736207.3622241,,,4841377.8,,88606821.1544
1660089600000,2022-08-10,Bridged Token Value (Dollar),1732209.8620433912,,2723966.154590063,,,,892270613.4040301,,,4841377.8,,88606821.1544
1660176000000,2022-08-11,Bridged Token Value (Dollar),1732791.8219003272,,2748318.577442218,,,,891069583.4747838,,,4841377.8,,88606821.1544
1660262400000,2022-08-12,Bridged Token Value (Dollar),1733068.3718061491,,2752832.2676057993,,,,889739068.4420253,,,4841377.8,,88606821.1544
1660348800000,2022-08-13,Bridged Token Value (Dollar),1733068.3718061491,,2738540.079514226,,,,896537698.1225654,,,4841377.8,,88606821.1544
1660435200000,2022-08-14,Bridged Token Value (Dollar),1733068.3718061491,,2738540.079514226,,,,896537698.1225654,,,4841377.8,,88606821.1544
1660521600000,2022-08-15,Bridged Token Value (Dollar),1733363.8209364654,,2736365.6235460015,,,,894824291.7006799,,,4841377.8,,88606821.1544
1660608000000,2022-08-16,Bridged Token Value (Dollar),1733699.3306202008,,2711598.2809479563,,,,884517576.472297,,,4841377.8,,88606821.1544
1660694400000,2022-08-17,Bridged Token Value (Dollar),1733764.8400521798,,2713867.8370955745,,,,883183689.5214587,,,4841377.8,,88606821.1544
1660780800000,2022-08-18,Bridged Token Value (Dollar),1733854.039887038,,2715886.989760296,,,,877712740.7645887,,,4841377.8,,88606821.1544
1660867200000,2022-08-19,Bridged Token Value (Dollar),1733160.2791862718,,2692301.6863913652,,,,874495570.2652886,,,4841377.8,,88606821.1544
1660953600000,2022-08-20,Bridged Token Value (Dollar),1733160.2791862718,,2679177.6472144853,,,,869013989.1504248,,,4841377.8,,88606821.1544
1661040000000,2022-08-21,Bridged Token Value (Dollar),1733160.2791862718,,2679177.6472144853,,,,868973375.6364694,,,4841377.8,,88606821.1544
1661126400000,2022-08-22,Bridged Token Value (Dollar),1743369.9287051333,,2677929.9864826626,,,,868035708.5832741,,,4841377.8,,88606821.1544
1661212800000,2022-08-23,Bridged Token Value (Dollar),1743438.7976762836,,2652040.1202025143,,,,862883420.6593512,,,4841377.8,,88606821.1544
1661299200000,2022-08-24,Bridged Token Value (Dollar),1743510.437587586,,2659464.6810035985,,,,868366245.0449871,,,4841377.8,,88606821.1544
1661385600000,2022-08-25,Bridged Token Value (Dollar),1743704.3163376336,,2659797.2102676583,,,,871572575.135502,,,4841377.8,,88606821.1544
1661472000000,2022-08-26,Bridged Token Value (Dollar),1743920.1259950597,,2660545.269058799,,,,874257212.0459974,,,4841377.8,,88606821.1544
1661558400000,2022-08-27,Bridged Token Value (Dollar),1743920.1259950597,,2659088.0129241296,,,,865578939.1108001,,,4841377.8,,88606821.1544
1661644800000,2022-08-28,Bridged Token Value (Dollar),1743920.1259950597,,2659088.0129241296,,,,865578939.1108001,,,4841377.8,,88606821.1544
1661731200000,2022-08-29,Bridged Token Value (Dollar),1744041.9051364106,,2651580.056371345,,,,862759134.0976257,,,4841377.8,,88606821.1544
1661817600000,2022-08-30,Bridged Token Value (Dollar),1744103.8144204367,,2671477.272868208,,,,854504741.5063936,,,4841377.8,,88606821.1544
1661904000000,2022-08-31,Bridged Token Value (Dollar),1744178.78324763,,2674950.1212221244,,,,846662013.1665165,,,4841377.8,,88606821.1544
1661990400000,2022-09-01,Bridged Token Value (Dollar),1743456.672854128,,2678839.7509727175,,,,827685061.3782444,,,4841377.8,,88606821.1544
1662076800000,2022-09-02,Bridged Token Value (Dollar),1743761.4726219124,,2655634.4300328903,,,,821766028.4663737,,,4841377.8,,88606821.1544
1662163200000,2022-09-03,Bridged Token Value (Dollar),1743761.4726219124,,2656875.2696338957,,,,828990969.0845473,,,4841377.8,,88606821.1544
1662249600000,2022-09-04,Bridged Token Value (Dollar),1743761.4726219124,,2656875.2696338957,,,,828990969.0845473,,,4841377.8,,88606821.1544
1662336000000,2022-09-05,Bridged Token Value (Dollar),1743761.4726219124,,2644071.942705819,,,,827222754.0717139,,,4841377.8,,88606821.1544
1662422400000,2022-09-06,Bridged Token Value (Dollar),1743944.3116740389,,2655303.2519286876,,,,829805306.4635015,,,4841377.8,,88606821.1544
1662508800000,2022-09-07,Bridged Token Value (Dollar),1743977.4013451075,,2641028.6988593317,,,,824671064.7002538,,,4841377.8,,88606821.1544
1662595200000,2022-09-08,Bridged Token Value (Dollar),1744060.4201747463,,2667299.130982307,,,,828146467.0452142,,,4841377.8,,88606821.1544
1662681600000,2022-09-09,Bridged Token Value (Dollar),1744309.4889549448,,4161039.6626053434,,,,826096164.6406872,,,4841377.8,,88606821.1544
1662768000000,2022-09-10,Bridged Token Value (Dollar),1744309.4889549448,,4205032.794159154,,,,829111642.8285558,,,4841377.8,,88606821.1544
1662854400000,2022-09-11,Bridged Token Value (Dollar),1744309.4889549448,,4205604.073566197,,,,829111642.8285557,,,4841377.8,,88606821.1544
1662940800000,2022-09-12,Bridged Token Value (Dollar),1744417.4976034856,,4662161.9586165035,,,,829704706.2032794,,,4841377.8,,88606821.1544
1663027200000,2022-09-13,Bridged Token Value (Dollar),1744480.5168945738,,5201511.207811289,,,,833243741.2421365,,,4841377.8,,88606821.1544
1663113600000,2022-09-14,Bridged Token Value (Dollar),1744563.505621606,,5182986.101857126,,,,821935094.459054,,,4841377.8,,88606821.1544
1663200000000,2022-09-15,Bridged Token Value (Dollar),1744880.4550410218,,5227537.4288145285,,,,819710098.3366201,,,4841377.8,,88606821.1544
1663286400000,2022-09-16,Bridged Token Value (Dollar),1745180.2549874047,,5370754.218193824,,,,793239986.6169825,,,4841377.8,,82667316.4244
1663372800000,2022-09-17,Bridged Token Value (Dollar),1745180.2549874047,,5385710.850650722,,,,799156556.5223855,,,4841377.8,,82667316.4244
1663459200000,2022-09-18,Bridged Token Value (Dollar),1745180.2549874047,,5385885.26398398,,,,799156556.5223855,,,4841377.8,,82667316.4244
1663545600000,2022-09-19,Bridged Token Value (Dollar),1795536.7537125077,,5546975.684113333,,,,800400744.915071,,,4841377.8,,82667316.4244
1663632000000,2022-09-20,Bridged Token Value (Dollar),1795770.5232099625,,5563829.202231327,,,,789927845.774982,,,4841377.8,,82667316.4244
1663718400000,2022-09-21,Bridged Token Value (Dollar),1795863.2722607816,,5532061.374123059,,,,785797774.2361543,,,4841377.8,,82667316.4244
1663804800000,2022-09-22,Bridged Token Value (Dollar),1795870.1609432774,,5454339.6703832615,,,,786143703.4548767,,,4841377.8,,82667316.4244
1663891200000,2022-09-23,Bridged Token Value (Dollar),1745969.7302637245,,5459497.305549373,,,,781712807.9218608,,,4841377.8,,82667316.4244
1663977600000,2022-09-24,Bridged Token Value (Dollar),1745969.7302637245,,5376517.026503068,,,,768561992.9346175,,,4841377.8,,82667316.4244
1664064000000,2022-09-25,Bridged Token Value (Dollar),1745969.7302637245,,5376517.026503068,,,,768561992.9346175,,,4841377.8,,82667316.4244
1664150400000,2022-09-26,Bridged Token Value (Dollar),1746189.530215339,,5374699.585031208,,,,768374249.0891576,,,4841377.8,,82667316.4244
1664236800000,2022-09-27,Bridged Token Value (Dollar),1746286.859859024,,5338284.227940401,,,,761732785.485573,,,4841377.8,,82667316.4244
1664323200000,2022-09-28,Bridged Token Value (Dollar),1716384.1895025896,,5363369.804390735,,,,768789122.4956806,,,4841377.8,,82670766.4244
1664409600000,2022-09-29,Bridged Token Value (Dollar),1715478.5592607276,,5425300.041305649,,,,777237699.260953,,,4841377.8,,82670766.4244
1664496000000,2022-09-30,Bridged Token Value (Dollar),1715576.698707335,,5493705.712008191,,,,780887026.6405575,,,4437929.65,,85586309.19
1664582400000,2022-10-01,Bridged Token Value (Dollar),1715576.698707335,,5479259.090591529,,,,779321003.3636682,,,4437929.65,,85586309.19
1664668800000,2022-10-02,Bridged Token Value (Dollar),1715576.698707335,,5478702.661930998,,,,779378207.8881378,,,4437929.65,,85586309.19
1664755200000,2022-10-03,Bridged Token Value (Dollar),1716010.5218011988,,5473180.536661522,,,,773812766.336873,,,4437929.65,,85586309.19
1664841600000,2022-10-04,Bridged Token Value (Dollar),1716096.8714823993,,5495431.043023955,,,,790913616.3018279,,,4437929.65,,85586309.19
1664928000000,2022-10-05,Bridged Token Value (Dollar),1716302.2303920987,,5579993.207237515,,4781.221980604961,,802984179.6846465,,,4437929.65,,85586309.19
1665014400000,2022-10-06,Bridged Token Value (Dollar),1716403.069206563,,5539318.492477825,,13800.052896575575,,800987358.5989196,,,4437929.65,,85586309.19
1665100800000,2022-10-07,Bridged Token Value (Dollar),1716546.1580549297,,5471068.733477954,,22227.587623671283,,798024765.4794171,,,4437929.65,,85586309.19
1665187200000,2022-10-08,Bridged Token Value (Dollar),1716546.1580549297,,5444735.978002876,,28167.311843106127,,790132542.9666473,,,4437929.65,,85586309.19
1665273600000,2022-10-09,Bridged Token Value (Dollar),1716546.1580549297,,5444735.978002876,,37504.78448667575,,790132542.9666473,,,4437929.65,,85586309.19
1665360000000,2022-10-10,Bridged Token Value (Dollar),1716675.964291387,,5440900.901572924,,40890.447724579644,,791187948.4427253,,,4437929.65,,85586309.19
1665446400000,2022-10-11,Bridged Token Value (Dollar),1716775.814310335,,5462633.87482878,,55602.549981366305,,778470795.3029778,,,4437929.65,,85586309.19
1665532800000,2022-10-12,Bridged Token Value (Dollar),1716882.3937494152,,5458427.319487663,,71756.69367002243,,776342673.1983132,,,4437929.65,,85586309.19
1665619200000,2022-10-13,Bridged Token Value (Dollar),1716979.9536868888,,5462680.876730496,,83380.69895132078,,780681971.6689674,,,4437929.65,,85586309.19
1665705600000,2022-10-14,Bridged Token Value (Dollar),1718296.4233233735,,5494490.408897882,,86320.96672586784,,774865521.3470335,,,4437929.65,,85586309.19
1665792000000,2022-10-15,Bridged Token Value (Dollar),1718296.4233233735,,5482348.30178855,,88431.26622293761,,765997814.9416037,,,4437929.65,,85586309.19
1665878400000,2022-10-16,Bridged Token Value (Dollar),1718296.4233233735,,5482311.1936149495,,90861.25683808283,,766114478.0841869,,,4437929.65,,85586309.19
1665964800000,2022-10-17,Bridged Token Value (Dollar),1718665.5223101613,,5517773.891268684,,99033.70927012082,,767313734.6789368,,,4437929.65,,85586309.19
1666051200000,2022-10-18,Bridged Token Value (Dollar),1715284.0510323052,,5592809.068937747,,425756.57693374547,,768866191.483514,,,4437929.65,,85586309.19
1666137600000,2022-10-19,Bridged Token Value (Dollar),1715445.9208745426,,5605781.824546802,,427492.3821800439,,769845644.2278334,,,4437929.65,,85586309.19
1666224000000,2022-10-20,Bridged Token Value (Dollar),1715690.1503427278,,5557924.885389658,,428820.29731636913,,758179351.9091423,,,4437929.65,,85586309.19
1666310400000,2022-10-21,Bridged Token Value (Dollar),1716028.439702487,,5565791.623534925,,429778.6026137187,,757883537.0325174,,,4437929.65,,85586309.19
1666396800000,2022-10-22,Bridged Token Value (Dollar),1716028.439702487,,5613355.917118669,,431051.67364854814,,772231723.1741853,,,4437929.65,,85586309.19
1666483200000,2022-10-23,Bridged Token Value (Dollar),1716028.439702487,,5614243.449332622,,431972.7348572507,,772231723.1741853,,,4437929.65,,85586309.19
1666569600000,2022-10-24,Bridged Token Value (Dollar),1716160.9284623095,,5618148.376849115,,433370.11939825164,,776346364.9154971,,,4437929.65,,85586309.19
1666656000000,2022-10-25,Bridged Token Value (Dollar),1716445.3879420399,,5734934.49822541,,435926.9732389102,,771914777.6546996,,,4437929.65,,85586309.19
1666742400000,2022-10-26,Bridged Token Value (Dollar),1716558.2776274043,,5780069.761244275,,436991.3687520847,,772355150.8358289,,,4437929.65,,85586309.19
1666828800000,2022-10-27,Bridged Token Value (Dollar),1716670.9964275772,,5854707.697963417,,438513.3879618106,,779039694.2984674,,,4437929.65,,85586309.19
1666915200000,2022-10-28,Bridged Token Value (Dollar),1717015.4052394244,,5782860.605737079,,437048.27974287735,,776550138.8956699,,,4437929.65,,85586309.19
1667001600000,2022-10-29,Bridged Token Value (Dollar),1717015.4052394244,,5780984.479482908,,437010.0217158707,,768569413.4261243,,,4437929.65,,85586309.19
1667088000000,2022-10-30,Bridged Token Value (Dollar),1717015.4052394244,,5780984.479482908,,437010.0217158707,,768569413.4261243,,,4437929.65,,85586309.19
1667174400000,2022-10-31,Bridged Token Value (Dollar),1717229.4346590685,,5829356.156146593,,441103.50904398964,,763647298.1761055,,,4437929.65,,85586309.19
1667260800000,2022-11-01,Bridged Token Value (Dollar),1718496.0944964564,,5789166.542274639,,440262.53977783845,,758378682.3751063,,,4437929.65,,85731079.69
1667347200000,2022-11-02,Bridged Token Value (Dollar),1718611.1833895692,,5865187.75020137,,442896.0106568285,,765143324.8850331,,,4437929.65,,85731079.69
1667433600000,2022-11-03,Bridged Token Value (Dollar),1718736.6831346513,,5828566.029342851,,442211.52723259944,,759790968.2437134,,,4437929.65,,86350873.69
1667520000000,2022-11-04,Bridged Token Value (Dollar),2319354.0530452346,,5789486.425539763,,441386.24503228883,,757889417.3499317,,,4437929.65,,86350873.69
1667606400000,2022-11-05,Bridged Token Value (Dollar),2319354.0530452346,,5923277.249548487,,444211.63666562387,,781839972.8963132,,,4437929.65,,86350873.69
1667692800000,2022-11-06,Bridged Token Value (Dollar),2319354.0530452346,,5923277.249548487,,444211.63666562387,,781839972.8963132,,,4437929.65,,86350873.69
1667779200000,2022-11-07,Bridged Token Value (Dollar),2319745.4621390104,,5895708.078252652,,443629.43152192765,,782692585.458433,,,4437929.65,,86350873.69
1667865600000,2022-11-08,Bridged Token Value (Dollar),2319932.6707844683,,5965029.805651454,,445420.91959002917,,783255565.9427471,,,4437929.65,,86350873.69
1667952000000,2022-11-09,Bridged Token Value (Dollar),2320809.8774439804,,6001888.691107409,,446353.5388625317,,800916391.700358,,,4437929.65,,86350873.69
1668038400000,2022-11-10,Bridged Token Value (Dollar),2321034.1270066286,,5965223.926185708,,445795.71654752,,798363526.9755715,,,4437929.65,,86350873.69
1668124800000,2022-11-11,Bridged Token Value (Dollar),2321627.0768751954,,6068384.334718558,,448296.1624152497,,819880487.4777036,,,4437929.65,,86350873.69
1668211200000,2022-11-12,Bridged Token Value (Dollar),2321627.0768751954,,6171919.116732065,,450500.01288684254,,828732224.9540564,,,4437929.65,,86350873.69
1668297600000,2022-11-13,Bridged Token Value (Dollar),2321627.0768751954,,6167767.789000085,,450411.64735979994,,828732224.9540564,,,4437929.65,,86350873.69
1668384000000,2022-11-14,Bridged Token Value (Dollar),2321969.2364294413,,6149450.747018015,,450021.74919393426,,804667183.3311977,,,4437929.65,,86350873.69
1668470400000,2022-11-15,Bridged Token Value (Dollar),2323382.8756277477,,6145887.854676381,,450530.6640023771,,787563934.6245745,,,4437929.65,,86350873.69
1668556800000,2022-11-16,Bridged Token Value (Dollar),2322613.9925171444,,6172904.805208549,,452090.2052034536,,782393622.7229521,,,4437929.65,,86262330.69
1668643200000,2022-11-17,Bridged Token Value (Dollar),2322859.6424452765,,6193970.569728622,,452543.9680357559,,779068249.4486393,,,4437929.65,,86262330.69
1668729600000,2022-11-18,Bridged Token Value (Dollar),2334057.3022033805,,6180215.630760971,,452323.1741110304,,770279178.3378104,,,4437929.65,,86262330.69
1668816000000,2022-11-19,Bridged Token Value (Dollar),2334057.3022033805,,6165924.8953710925,,452015.17285911663,,766244517.1266686,,,4437929.65,,86262330.69
1668902400000,2022-11-20,Bridged Token Value (Dollar),2334057.3022033805,,6161622.556046764,,451922.4466374144,,766244517.1266686,,,4437929.65,,86262330.69
1668988800000,2022-11-21,Bridged Token Value (Dollar),2334442.742207739,,6161492.487802419,,451919.6433399633,,768114696.3744506,,,4437929.65,,86262330.69
1669075200000,2022-11-22,Bridged Token Value (Dollar),2332316.7212963123,,6109462.307042588,,450798.26222316816,,766710492.1760464,,,4437929.65,,86262330.69
1669161600000,2022-11-23,Bridged Token Value (Dollar),3157706.491279093,,6149478.609269634,,451805.06486934784,,767180421.6748029,,,4437929.65,,86262330.69
1669248000000,2022-11-24,Bridged Token Value (Dollar),3157706.491279093,,6213363.798982101,,453183.45083326567,,772095203.611831,,,4437929.65,,86262330.69
1669334400000,2022-11-25,Bridged Token Value (Dollar),3160193.340230871,,6207365.303622151,,453054.0273808819,,770999235.4100627,,,4437929.65,,86262330.69
1669420800000,2022-11-26,Bridged Token Value (Dollar),3160193.340230871,,6208848.990890073,,453086.0393967208,,770449750.2404652,,,4437929.65,,86262330.69
1669507200000,2022-11-27,Bridged Token Value (Dollar),3160193.340230871,,6208848.990890073,,453086.0393967208,,770449750.2404652,,,4437929.65,,86262330.69
1669593600000,2022-11-28,Bridged Token Value (Dollar),29430569.80999946,,6221741.002656324,,453787.05757368426,,768944556.8209727,,,4437929.65,,86262330.69
1669680000000,2022-11-29,Bridged Token Value (Dollar),29433276.779444385,,6208466.892270155,,453961.31169424753,,764574973.6410389,,,4437929.65,,86262330.69
1669766400000,2022-11-30,Bridged Token Value (Dollar),28696062.0950478,,6195868.415070381,,453708.3403023782,,765798363.1293918,,,4322658.75,,86262330.69
1669852800000,2022-12-01,Bridged Token Value (Dollar),53719022.55831566,,6256452.530747686,,455017.5334191498,,776401037.4682996,,,4322658.75,,86262330.69
1669939200000,2022-12-02,Bridged Token Value (Dollar),53729062.55831566,,6320093.9332859535,,456420.2429927107,,786914541.0032575,,,4322658.75,,86262330.69
1670025600000,2022-12-03,Bridged Token Value (Dollar),53729062.55831566,,6325802.580965099,,456544.25632023223,,785154750.15349,,,4322658.75,,86262330.69
1670112000000,2022-12-04,Bridged Token Value (Dollar),53729062.55831566,,6326824.829415202,,456566.46340656443,,785154750.1534901,,,4322658.75,,86262330.69
1670198400000,2022-12-05,Bridged Token Value (Dollar),53753485.655415654,,6329337.140866509,,456635.8013197546,,784164901.702679,,,4322658.75,,86262330.69
1670284800000,2022-12-06,Bridged Token Value (Dollar),53771833.38410398,,6307610.549462898,,456026.9329849011,,770378156.5571669,,,4322658.75,,86262330.69
1670371200000,2022-12-07,Bridged Token Value (Dollar),53777154.43401332,,6289913.330561422,,455674.2277884651,,771212826.0377052,,,4322658.75,,86262330.69
1670457600000,2022-12-08,Bridged Token Value (Dollar),53782610.280791916,,6322975.920050895,,456259.27603900887,,782460389.8290784,,,4322658.75,,86262330.69
1670544000000,2022-12-09,Bridged Token Value (Dollar),53805563.351646885,,6349798.290317195,,456841.01052558585,,783335517.5656935,,,4322658.75,,86262330.69
1670630400000,2022-12-10,Bridged Token Value (Dollar),53805563.351646885,,6338462.837998772,,456595.16262068006,,786953907.4389685,,,4322658.75,,86262330.69
1670716800000,2022-12-11,Bridged Token Value (Dollar),53805563.351646885,,6338360.239749566,,456592.93742808024,,786953907.4389685,,,4322658.75,,86262330.69
1670803200000,2022-12-12,Bridged Token Value (Dollar),53811023.90923892,,6328337.193760823,,456590.1800431096,,785894321.747417,,,4322658.75,,86262330.69
1670889600000,2022-12-13,Bridged Token Value (Dollar),54816311.880550876,,6340452.126417438,,456855.45272449614,,780319270.0322629,,,4322658.75,,86262330.69
1670976000000,2022-12-14,Bridged Token Value (Dollar),54821876.430506974,,6390774.410097,,457948.5863208721,,790186409.7606295,,,4322658.75,,86262330.69
1671062400000,2022-12-15,Bridged Token Value (Dollar),54819821.06002758,,6421581.52138003,,458617.7985642038,,790072920.6379814,,,4322658.75,,86262330.69
1671148800000,2022-12-16,Bridged Token Value (Dollar),54837274.61084665,,6399001.244943421,,458127.2950142161,,776367226.5888014,,,4322658.75,,86262330.69
1671235200000,2022-12-17,Bridged Token Value (Dollar),54837274.61084665,,6369374.983677909,,457483.73396816815,,783491548.3724047,,,4322658.75,,86262330.69
1671321600000,2022-12-18,Bridged Token Value (Dollar),54837274.61084665,,6369825.401233035,,457493.5182332273,,783491548.3724047,,,4322658.75,,86262330.69
1671408000000,2022-12-19,Bridged Token Value (Dollar),54733982.75134256,,6366644.437821403,,457424.41926315194,,782794074.4799054,,,4322658.75,,86262330.69
1671494400000,2022-12-20,Bridged Token Value (Dollar),54769554.41914888,,6383458.2353585195,,457789.6595826796,,781112760.8572395,,,4322658.75,,86262330.69
1671580800000,2022-12-21,Bridged Token Value (Dollar),54776561.69024671,,6390729.17103244,,457986.9147571587,,793613009.0571656,,,4322658.75,,86262330.69
1671667200000,2022-12-22,Bridged Token Value (Dollar),54780994.559934326,,6381205.682432173,,457769.8445448844,,795344071.4087875,,,4322658.75,,86262330.69
1671753600000,2022-12-23,Bridged Token Value (Dollar),54882770.71265325,,6379104.161783446,39198,457691.1116657169,,786723090.7288529,,,4322658.75,,86262330.69
1671840000000,2022-12-24,Bridged Token Value (Dollar),54882770.71265325,,6397476.490414994,39550,458090.19599613093,,788873129.0448884,,,4322658.75,,86262330.69
1671926400000,2022-12-25,Bridged Token Value (Dollar),54882770.71265325,,6397932.92736903,39550,458100.11073474854,,788873129.0448884,,,4322658.75,,86262330.69
1672012800000,2022-12-26,Bridged Token Value (Dollar),54882770.71265325,,6400458.145855914,39550,458154.9636142717,,788880147.4138194,,,4322658.75,,86262330.69
1672099200000,2022-12-27,Bridged Token Value (Dollar),104889247.46975398,,6403836.86573283,39550,458326.1721736946,,790291991.108006,,,4322658.75,,86262330.69
1672185600000,2022-12-28,Bridged Token Value (Dollar),104900608.87083913,,6402077.012982698,39806,458287.91771302355,,795090150.6893809,,,4322658.75,,86262330.69
1672272000000,2022-12-29,Bridged Token Value (Dollar),104911996.88532053,,6397341.810307854,39400,458184.9871556341,,791946109.6074015,,,4322658.75,,86262330.69
1672358400000,2022-12-30,Bridged Token Value (Dollar),104934099.03889045,,6420367.739015549,39713,458612.2866264503,,796140244.8723985,,,4322658.75,,86262330.69
1672444800000,2022-12-31,Bridged Token Value (Dollar),104934099.03889045,,6451280.333363399,39328,459283.8906522691,,800235886.6888146,,,4322658.75,,85450128.0592
1672531200000,2023-01-01,Bridged Token Value (Dollar),104934099.03889045,,6448443.673401453,39328,459282.5914746595,,802346072.5396742,,,4322658.75,,85450128.0592
1672617600000,2023-01-02,Bridged Token Value (Dollar),104934099.03889045,,6441757.95801824,39328,459125.4744558574,,804255310.4796113,,,4322658.75,,85450128.0592
1672704000000,2023-01-03,Bridged Token Value (Dollar),104969353.02530278,,6399547.148225762,39328,458847.68582840613,,807930080.7781191,,,4322658.75,,85450128.0592
1672790400000,2023-01-04,Bridged Token Value (Dollar),104906837.26278144,,6372809.233370185,39300,457152.9028917486,,817451769.6480265,,,4322658.75,,85450128.0592
1672876800000,2023-01-05,Bridged Token Value (Dollar),104796158.76503766,,6381421.2445638385,39854,458174.8910219966,,807651562.2378738,,,4322658.75,,85450128.0592
1672963200000,2023-01-06,Bridged Token Value (Dollar),104835097.8089876,,6385144.385263167,39200,457398.7731649133,,822932898.8232446,,,4322658.75,,86053579.0592
1673049600000,2023-01-07,Bridged Token Value (Dollar),104835097.8089876,,6415148.377278221,39995,458568.94992923824,,822932898.8232446,,,4322658.75,,86053579.0592
1673136000000,2023-01-08,Bridged Token Value (Dollar),104835097.8089876,,6415438.852401169,39995,458565.9247602972,,824394877.7595791,,,4322658.75,,86053579.0592
1673222400000,2023-01-09,Bridged Token Value (Dollar),104832578.25864546,,6448311.3339749025,39995,458766.0408599879,,824995300.713872,,,4322658.75,,86053579.0592
1673308800000,2023-01-10,Bridged Token Value (Dollar),104843250.5918752,,6478797.927190745,40832,460021.57318302547,,827822235.3526225,,,4322658.75,,86053579.0592
1673395200000,2023-01-11,Bridged Token Value (Dollar),104855927.59142494,,6487443.778320184,40214,460091.78794982494,,827837778.441374,,,4322658.75,,86053579.0592
1673481600000,2023-01-12,Bridged Token Value (Dollar),105068732.18759777,,6524453.967288258,40844,460473.48861564527,,837770930.3473886,,,4322658.75,,86053579.0592
1673568000000,2023-01-13,Bridged Token Value (Dollar),105114987.84212926,,6551801.00915518,40925,461718.95849999937,,847731208.0172675,,,4322658.75,,86053579.0592
1673654400000,2023-01-14,Bridged Token Value (Dollar),105114987.84212926,,6543035.213155208,40959,461377.5395000004,,847731208.0175025,,,4322658.75,,86053579.0592
1673740800000,2023-01-15,Bridged Token Value (Dollar),105114987.84212926,,6540633.607565198,40959,461377.5395000004,,846500261.0969371,,,4322658.75,,86053579.0592
1673827200000,2023-01-16,Bridged Token Value (Dollar),105114987.84212926,,6544538.794958534,40959,461298.1002500006,,846771370.1629938,,,4322658.75,,86053579.0592
1673913600000,2023-01-17,Bridged Token Value (Dollar),105127235.72743455,,6535863.947205214,40959,461411.78899999976,,840115807.4708186,,,4322658.75,,86053579.0592
1674000000000,2023-01-18,Bridged Token Value (Dollar),110141076.59230053,,6524687.271860769,4541482,460873.1187000002,,839139778.6891042,1000000,,4322658.75,,86053579.0592
1674086400000,2023-01-19,Bridged Token Value (Dollar),109949838.9599654,,6544078.5132862795,4505893,461088.5453999996,,849649083.0136468,998500,,4322658.75,,86053579.0592
1674172800000,2023-01-20,Bridged Token Value (Dollar),109955874.80769113,,6561931.996597372,4614165,461585.8304999996,,846376302.8159336,998199.9999999999,,4322658.75,,86053579.0592
1674259200000,2023-01-21,Bridged Token Value (Dollar),109955874.80769113,,6568697.716597365,4614310,461848.79649999936,,846376302.8117702,998199.9999999999,,4322658.75,,86053579.0592
1674345600000,2023-01-22,Bridged Token Value (Dollar),109955874.80769113,,6571099.322187383,4614310,461848.79649999936,,846608269.187618,998199.9999999999,,4322658.75,,86053579.0592
1674432000000,2023-01-23,Bridged Token Value (Dollar),109967179.00258593,,6578572.642711831,4692010,462186.71449999994,,848601783.0770506,998300,,4322658.75,,86053579.0592
1674518400000,2023-01-24,Bridged Token Value (Dollar),109995798.40449218,,6585478.270826269,4679274,462295.19360000035,,850965615.2536201,998199.9999999999,,4322658.75,,86053579.0592
1674604800000,2023-01-25,Bridged Token Value (Dollar),110024331.53731467,,6601029.945989579,4671257,462554.01200000045,,855173450.5431213,998900.0000000001,,4322658.75,,86053579.0592
1674691200000,2023-01-26,Bridged Token Value (Dollar),111024567.02131979,,6603785.745088461,4742636,462962.3067999996,,845895505.570063,1000300,,4322658.75,,86053579.0592
1674777600000,2023-01-27,Bridged Token Value (Dollar),113054935.87642503,,6587902.735515153,4774666,462638.18569999974,,844566648.3379059,998600.0000000001,,4322658.75,,86053579.0592
1674864000000,2023-01-28,Bridged Token Value (Dollar),113054935.87642503,,6579778.111515158,4775069,462321.9880999999,,844566648.3357584,998600.0000000001,,4322658.75,,86053579.0592
1674950400000,2023-01-29,Bridged Token Value (Dollar),113054935.87642503,,6580578.64671183,4775069,462321.9880999999,,844962105.8570312,998600.0000000001,,4322658.75,,86053579.0592
1675036800000,2023-01-30,Bridged Token Value (Dollar),113054596.33261646,,6581594.224711841,4694069,462394.1288000003,,845050168.9200199,997100,,4322658.75,,86053579.0592
1675123200000,2023-01-31,Bridged Token Value (Dollar),113582413.36363614,,6576552.7795234695,4765895,462158.46499999927,,843680099.974285,999799.9999999999,,4322658.75,,86053579.0592
1675209600000,2023-02-01,Bridged Token Value (Dollar),113437132.01229724,,6619738.83475838,4843252,462307.74595000024,,854108807.2929626,1002900,,4322658.75,,86053579.0592
1675296000000,2023-02-02,Bridged Token Value (Dollar),133951940.54316099,,6643079.511875154,4969404,464305.1068000002,,835086194.6252375,1006300.0000000001,,4322658.75,,86053579.0592
1675382400000,2023-02-03,Bridged Token Value (Dollar),149523100.23767287,,6577186.067598566,4898657,462894.4295000007,,814395132.3021894,1002500,,4322658.75,,86053579.0592
1675468800000,2023-02-04,Bridged Token Value (Dollar),149323100.12767285,,6539556.401598541,4898697,461431.01659999974,,814395132.3021894,1002500,,4322658.75,,86053579.0592
1675555200000,2023-02-05,Bridged Token Value (Dollar),149323100.12767285,,6538489.021336325,4898697,461431.01659999974,,813564862.6693734,1002500,,4322658.75,,86053579.0592
1675641600000,2023-02-06,Bridged Token Value (Dollar),149307026.48273593,,6520419.100271918,4858597,461405.1364999993,,818438797.8470694,999200.0000000001,,4322658.75,,86053579.0592
1675728000000,2023-02-07,Bridged Token Value (Dollar),158230216.19317,,6500309.504870266,4938543,460613.7603999999,,820463471.3754983,999499.9999999999,,4322658.75,,86053579.0592
1675814400000,2023-02-08,Bridged Token Value (Dollar),159678747.82033804,,6497046.102485274,4865903,460626.94799999974,,821169858.4216354,998000,,4322658.75,,86053579.0592
1675900800000,2023-02-09,Bridged Token Value (Dollar),159463466.2746034,,6491997.092952466,4821557,460521.4517999993,,821125906.6008519,996100,,4322658.75,,86053579.0592
1675987200000,2023-02-10,Bridged Token Value (Dollar),164757207.72300246,,6487995.1689286465,4810554,460783.8181999997,,817262160.5217166,994300,,4322658.75,,86053579.0592
1676073600000,2023-02-11,Bridged Token Value (Dollar),164968207.72300246,,6468671.826928673,4810225,460031.57210000075,,817262160.5217165,994300,,4322658.75,,86053579.0592
1676160000000,2023-02-12,Bridged Token Value (Dollar),164968207.72300246,,6468938.671994202,4810225,460031.57210000075,,816204558.472832,994300,,4322658.75,,86053579.0592
1676246400000,2023-02-13,Bridged Token Value (Dollar),170273605.04344636,,6483250.963468593,4872075,460038.17074999964,,811513760.4902694,993500,,4322658.75,,86053579.0592
1676332800000,2023-02-14,Bridged Token Value (Dollar),170398101.00835955,,6502794.170730831,4891847,460757.42360000004,,788385704.2933756,993300,,4322658.75,,86053579.0592
1676419200000,2023-02-15,Bridged Token Value (Dollar),171170675.12304434,,6492506.353911966,4920909,460807.9083500001,,774833057.1352403,993300,,4322658.75,,86053579.0592
1676505600000,2023-02-16,Bridged Token Value (Dollar),171679793.44828027,,6470617.428349029,4838062,460227.20955,,773925771.9646268,991700,,4322658.75,,86053579.0592
1676592000000,2023-02-17,Bridged Token Value (Dollar),171929228.01507372,,6475282.135271981,4814593,459888.5565679994,,776676516.7392468,991900,,4322658.75,,86053579.0592
1676678400000,2023-02-18,Bridged Token Value (Dollar),173429228.01507372,,6485924.563660603,4813919,460520.19849000045,,776676516.7796735,991900,,4322658.75,,86053579.0592
1676764800000,2023-02-19,Bridged Token Value (Dollar),173429228.01507375,,6476912.460233754,4855888,460273.7974309999,,775022513.0809866,991900,,4322658.75,,86053579.0592
1676851200000,2023-02-20,Bridged Token Value (Dollar),173429228.01507372,,6472873.282819925,4855888,460130.47040899954,,776361858.6990228,991900,,4322658.75,,86053579.0592
1676937600000,2023-02-21,Bridged Token Value (Dollar),223406086.3169559,,6472136.226751622,4749588,479823.4445120002,,774905136.1256708,987500,,4322658.75,,86053579.0592
1677024000000,2023-02-22,Bridged Token Value (Dollar),223799049.81540364,,6441038.222811477,4748354,479414.7621419998,,767155397.3802607,987700.0000000001,,4322658.75,,86053579.0592
1677110400000,2023-02-23,Bridged Token Value (Dollar),232839536.22695488,,6423604.580667086,4782276.998028146,478803.78530000045,,766405537.2288036,991513.0042942239,,4322658.75,,86053579.0592
1677196800000,2023-02-24,Bridged Token Value (Dollar),233888841.44628415,,6414975.166732434,5221806.547995007,478707.6558120003,,762821163.3108974,989050.084040863,,4322658.75,,86053579.0592
1677283200000,2023-02-25,Bridged Token Value (Dollar),233888841.44628415,,6409637.573456629,5189132.547995007,478482.9135199998,,762815170.30753,989050.084040863,,4322658.75,,86053579.0592
1677369600000,2023-02-26,Bridged Token Value (Dollar),233888841.44628417,,6402073.593050245,5192054.547995007,478433.7924080003,,763031752.6865453,989050.084040863,,4322658.75,,86053579.0592
1677456000000,2023-02-27,Bridged Token Value (Dollar),284020241.09033626,,6408773.089533006,5245021.969797058,478231.2541650002,,765336126.6182965,990950.5645826082,,4322658.75,,86053579.0592
1677542400000,2023-02-28,Bridged Token Value (Dollar),285790907.2417272,,6427697.058428151,5301137.680951832,478970.52923499956,,765315881.6094501,990250.3875409127,,4322658.75,,86053579.0592
1677628800000,2023-03-01,Bridged Token Value (Dollar),287340530.52612996,,6430876.529618017,5328065.213456836,478478.64788700023,,773532037.119339,988824.9857071838,,4322658.75,,86053579.0592
1677715200000,2023-03-02,Bridged Token Value (Dollar),287840468.5882313,,6446043.502105072,5361054.747355329,479765.8960270006,,773269959.8780091,988724.9831803122,,4322658.75,,86053579.0592
1677801600000,2023-03-03,Bridged Token Value (Dollar),292885728.761635,,6435584.456427599,5441094.537547328,478944.23377600004,,780633619.7681329,991025.0412983608,,4322658.75,,86053579.0592
1677888000000,2023-03-04,Bridged Token Value (Dollar),292885728.761635,,6449941.985688116,5450104.977547328,479555.7762720006,,780633619.7681329,991025.0412983608,,4322658.75,,86053579.0592
1677974400000,2023-03-05,Bridged Token Value (Dollar),292885728.761635,,6444824.472314341,5450104.977547328,479536.334934,,779464248.8718948,991025.0412983608,,4322658.75,,86053579.0592
1678060800000,2023-03-06,Bridged Token Value (Dollar),295605863.2077791,,6454689.788871745,5452354.999749264,479308.50715199974,,776903894.5768927,991825.0615133342,,4322658.75,,86053579.0592
1678147200000,2023-03-07,Bridged Token Value (Dollar),294727527.0226306,,6438425.8881873125,5369853.011882124,480105.13322400046,,763113960.432137,989625.0059221573,,4322658.75,,86053579.0592
1678233600000,2023-03-08,Bridged Token Value (Dollar),295241505.9535635,,6391939.119055603,5353419.48642856,478288.2226560004,,763565270.0934339,987900.067885527,,4322658.75,,86053579.0592
1678320000000,2023-03-09,Bridged Token Value (Dollar),295293496.748941,,6403960.48170036,5275914.581068555,518357.4714760006,,770521345.4146479,986600.067796195,,4322658.75,,86053579.0592
1678406400000,2023-03-10,Bridged Token Value (Dollar),295441916.8627357,,6439363.812677164,5159277.505562034,518906.3514280006,,785164321.9736204,988100.0678992706,,4322658.75,,86053579.0592
1678492800000,2023-03-11,Bridged Token Value (Dollar),300441916.8627357,,6461113.666984706,5114311.771014196,519944.16855999967,,785164321.9736904,988100.0678992706,,4322658.75,,86053579.0592
1678579200000,2023-03-12,Bridged Token Value (Dollar),300441916.8627357,,6462279.2775142435,5114311.771014196,519639.02941599925,,788522860.8102456,988100.0678992706,,4322658.75,,86053579.0592
1678665600000,2023-03-13,Bridged Token Value (Dollar),300932015.36841255,,6487301.806571113,5127961.772520929,520114.13008000056,,803724783.8909091,987700.0678717837,,4322658.75,,86053579.0592
1678752000000,2023-03-14,Bridged Token Value (Dollar),340270868.4034976,,6502995.77858365,5278607.002687588,520705.9220999992,,807826749.2017331,989700.0680092177,,4322658.75,,86053579.0592
1678838400000,2023-03-15,Bridged Token Value (Dollar),342209661.96497464,,6503614.152538091,5304016.502645414,520748.1486399995,,807890692.465805,989000.0679611159,,4322658.75,,86053579.0592
1678924800000,2023-03-16,Bridged Token Value (Dollar),344153321.6876285,,6416141.377627891,5426896.835464305,518859.6244800005,,815782673.3979656,989300.067981731,,4322658.75,,86053579.0592
1679011200000,2023-03-17,Bridged Token Value (Dollar),352905172.47064453,,6475011.26138804,5419312.881844902,519588.79244800046,,844416551.1525974,989500.0679954743,,4322658.75,,86053579.0592
1679097600000,2023-03-18,Bridged Token Value (Dollar),371417298.39064455,,6516976.506703325,5487154.246947706,521187.85878399934,,844416627.1090372,989500.0679954743,,4322658.75,,86053579.0592
1679184000000,2023-03-19,Bridged Token Value (Dollar),371417298.39064455,,6495163.591230245,5487154.246947707,520910.2495360007,,839450778.1837475,989500.0679954743,,4322658.75,,86053579.0592
1679270400000,2023-03-20,Bridged Token Value (Dollar),380697218.44946647,,6485268.812331587,5515554.248272933,520260.2626100002,,837178651.4833664,988800.0679473724,,4322658.75,,86410783.28920001
1679356800000,2023-03-21,Bridged Token Value (Dollar),377844004.77528095,,6513080.324391588,5589466.216844126,520774.32380999986,,823042673.3493432,992100.0681741384,,4322658.75,,86410783.28920001
1679443200000,2023-03-22,Bridged Token Value (Dollar),379224389.2718551,,6557246.64527178,5600978.325943855,521494.4069600005,,835104286.8724525,993599.9969693876,,4322658.75,,86410783.28920001
1679529600000,2023-03-23,Bridged Token Value (Dollar),379503221.78965527,,6580644.026237344,5572792.026473419,522769.2257399997,,844653274.6648414,993900.0271647483,,4322658.75,,86410783.28920001
1679616000000,2023-03-24,Bridged Token Value (Dollar),379741249.7785215,,6555222.288564378,5487145.054517783,522317.3023500001,,848356930.2542187,993399.976839147,,4322658.75,,86410783.28920001
1679702400000,2023-03-25,Bridged Token Value (Dollar),379841749.7785214,,6538717.241443727,5501489.574112508,521654.7198599997,,848356930.2536817,993399.976839147,,4322658.75,,86410783.28920001
1679788800000,2023-03-26,Bridged Token Value (Dollar),379841749.7785215,,6534224.985950278,5501489.574112508,521575.0933699995,,847210041.3070302,993399.976839147,,4322658.75,,86410783.28920001
1679875200000,2023-03-27,Bridged Token Value (Dollar),388273961.61180544,,6541006.131495153,5482437.395387047,521568.02946999995,,848014861.4167607,985499.1816946496,,4322658.75,,86346989.12920001
1679961600000,2023-03-28,Bridged Token Value (Dollar),388903569.3284246,,6568310.119403079,5414887.100646909,521970.19732000015,,847302907.1261374,984699.101173688,,4322658.75,,85401704.58472687
1680048000000,2023-03-29,Bridged Token Value (Dollar),393783753.0400924,,6583583.185660288,5495793.108642193,522466.5866399996,,848190289.9324174,987399.3729319338,,4322658.75,,85401704.58472687
1680134400000,2023-03-30,Bridged Token Value (Dollar),393932768.73144406,,6601656.504919944,5553950.462623921,522503.5708799998,,851762376.4542013,990099.6446901798,,4322658.75,,85401704.58472687
1680220800000,2023-03-31,Bridged Token Value (Dollar),393811076.1807665,,6622839.249353733,5625635.34599217,525515.2651399992,,851786133.3796253,994300.0674252291,,4322658.75,,88096629.17873444
1680307200000,2023-04-01,Bridged Token Value (Dollar),402861432.8805921,,6603453.956716575,5658311.774570738,525135.2908600005,,847958818.337891,994300.0674252291,,4322658.75,,88096629.17873444
1680393600000,2023-04-02,Bridged Token Value (Dollar),402861442.88059217,,6584313.990801113,5658311.774570738,525036.9165000004,,843238356.475384,994300.0674252291,,4322658.75,,88096629.17873444
1680480000000,2023-04-03,Bridged Token Value (Dollar),402989078.54734,,6576556.083699603,5658010.960142219,524225.1546740005,,843237285.017064,995200.1580113111,,4322658.75,,88096629.17873444
1680566400000,2023-04-04,Bridged Token Value (Dollar),402917755.3270397,,6652379.317261234,5601570.590305163,525565.2367999996,,870044760.6293663,995400.1781415514,,4322658.75,,88096629.17873444
1680652800000,2023-04-05,Bridged Token Value (Dollar),405171002.3400607,,6656603.668895112,5558920.172023238,526283.2279460004,,869774984.0692749,994500.0875554696,,4322658.75,,87918028.82873444
1680739200000,2023-04-06,Bridged Token Value (Dollar),408691255.721831,,6642063.577414302,5571274.708643607,525559.6658360001,,864463501.8017325,995200.1580113111,,4322658.75,,87918028.82873444
1680825600000,2023-04-07,Bridged Token Value (Dollar),417089995.1813958,,6664117.683758695,5577856.540236749,525776.4028640003,,864454936.3083123,995200.1580113111,,4322658.75,,87918028.82873444
1680912000000,2023-04-08,Bridged Token Value (Dollar),417089995.18139577,,6683807.058575507,5577856.540236749,526470.1205240004,,864454935.6826904,995200.1580113111,,4322658.75,,87918028.82873444
1680998400000,2023-04-09,Bridged Token Value (Dollar),417089995.1813959,,6670231.507025234,5577856.540236749,526679.6948840001,,862886605.2323128,995200.1580113111,,4322658.75,,87918028.82873444
1681084800000,2023-04-10,Bridged Token Value (Dollar),416986637.7694839,,6631973.156027602,5577106.236919543,525689.1244280005,,857761284.2524883,993800.0170996279,,4322658.75,,88033128.87873444
1681171200000,2023-04-11,Bridged Token Value (Dollar),417499632.2533993,,6629659.486810071,5602408.938419682,525165.382302,,863197071.7350923,994300.0674252291,,4322658.75,,88033128.87873444
1681257600000,2023-04-12,Bridged Token Value (Dollar),417994911.3609699,,6667504.521397937,5610997.95015893,525803.6741120002,,869543406.5719166,994400.0774903493,,4322658.75,,88033128.87873445
1681344000000,2023-04-13,Bridged Token Value (Dollar),417741434.2582306,,6709224.527554441,5673374.993992263,526865.5475140001,,880709506.8439635,994400.0774903493,,4322658.75,,88033128.87873444
1681430400000,2023-04-14,Bridged Token Value (Dollar),447714932.9169452,,6737084.677274359,5676450.132915525,527585.9812430001,,865376153.6221879,996400.2787927536,,4322658.75,,88033128.87873444
1681516800000,2023-04-15,Bridged Token Value (Dollar),448455341.65834534,,6727271.589712318,5685220.760076899,528145.5813599997,,865376153.6221879,996400.2787927536,,4322658.75,,88033128.87873445
1681603200000,2023-04-16,Bridged Token Value (Dollar),448455341.65834534,,6694217.692203438,5685220.760076898,526869.5478620001,,864499593.3053223,996400.2787927536,,4322658.75,,88033128.87873444
1681689600000,2023-04-17,Bridged Token Value (Dollar),448130920.0065405,,6671089.3631248595,5691481.826196268,526783.87847,,862706488.5022538,994800.1177508301,,4322658.75,,88033128.87873444
1681776000000,2023-04-18,Bridged Token Value (Dollar),451377492.89062214,,6664307.128848154,5671323.156131487,525994.9968440002,,868206880.5653546,994400.0774903493,,4322658.75,,88033128.87873444
1681862400000,2023-04-19,Bridged Token Value (Dollar),451529615.3314695,,6675241.440422405,5660218.219376147,526672.8070959996,,863423184.9703088,993199.9567089066,,4322658.75,,88033128.87873444
1681948800000,2023-04-20,Bridged Token Value (Dollar),452343394.35388947,,6672559.35505474,5593663.302220611,526357.0372319994,,869874470.7735821,993199.9567089066,,4322658.75,,88033128.87873444
1682035200000,2023-04-21,Bridged Token Value (Dollar),452793653.30955607,,6706865.808040837,5564835.562768728,526574.9423399995,,861575459.962774,994700.10768571,,4322658.75,,88033128.87873444
1682121600000,2023-04-22,Bridged Token Value (Dollar),452793653.30955607,,6733567.131725773,5550885.833261837,527784.5082320004,,861575459.9873192,994700.10768571,,4322658.75,,88033128.87873444
1682208000000,2023-04-23,Bridged Token Value (Dollar),452793653.30955595,,6729661.125596542,5550885.833261837,528273.2715289996,,861713130.456908,994700.10768571,,4322658.75,,88033128.87873444
1682294400000,2023-04-24,Bridged Token Value (Dollar),454825504.3060352,,6710196.2349697985,5545084.98324915,526901.9182179997,,866419627.124296,996300.2687276334,,4322658.75,,88033128.87873444
1682380800000,2023-04-25,Bridged Token Value (Dollar),458624925.6730948,,6739498.241684338,5923972.385173585,527921.1614080006,,866381723.1081302,996400.2787927536,,4322658.75,,88033128.87873444
1682467200000,2023-04-26,Bridged Token Value (Dollar),456886196.4682403,,6711092.246512819,5925950.623431108,526932.9388539997,,864938414.1395456,995300.1680764313,,4322658.75,,88033128.87873444
1682553600000,2023-04-27,Bridged Token Value (Dollar),456896718.8689993,,6730230.736781299,6019678.793742499,527835.2370320007,,862849342.0620315,995900.2284671526,,4322658.75,,88033128.87873444
1682640000000,2023-04-28,Bridged Token Value (Dollar),457054992.76003003,,6750418.497678343,6066721.379214343,527661.5364199994,,864400034.8290029,996900.3291183548,,4322658.75,,88033128.87873444
1682726400000,2023-04-29,Bridged Token Value (Dollar),457058092.76003003,,6782035.966234429,6068319.097820871,528866.6821100006,,864400034.8290027,996900.3291183548,,4322658.75,,88033128.87873445
1682812800000,2023-04-30,Bridged Token Value (Dollar),457058092.76003003,,6754623.027598616,6068319.097820871,528925.4813699994,,862759507.5844806,996900.3291183548,,4322658.75,,88033128.87873444
1682899200000,2023-05-01,Bridged Token Value (Dollar),462565161.1477219,,6702717.681278216,6064968.72793792,527410.6687600001,,860383789.278952,995800.2184020324,,4322658.75,,88033128.87873444
1682985600000,2023-05-02,Bridged Token Value (Dollar),469992905.37952214,,6699487.740187358,5973874.681904681,526846.3554999995,,875412418.948518,995100.1479461908,,4322658.75,,88033128.87873444
1683072000000,2023-05-03,Bridged Token Value (Dollar),473752905.6248826,,6729683.534650279,5950272.215665758,527430.5618000005,,892330569.7229779,996600.2989229942,,4322658.75,,88053108.67873444
1683158400000,2023-05-04,Bridged Token Value (Dollar),475877971.74723136,,6737291.3542871615,5893761.253263263,528238.9181600002,,890785031.1991323,996200.2586625133,,4322658.75,,88053108.67873444
1683244800000,2023-05-05,Bridged Token Value (Dollar),484095229.71050817,,6755873.525680942,6017734.3494428545,701785.7509199998,,876927207.9804347,996000.2385322727,,4322658.75,,88053108.67873444
1683331200000,2023-05-06,Bridged Token Value (Dollar),484091379.7105082,,6811579.696754606,6085153.589740255,703410.5246399995,,876927207.9804347,996000.2385322727,,4322658.75,,88053108.67873444
1683417600000,2023-05-07,Bridged Token Value (Dollar),484091379.7105082,,6783875.093107868,6085153.589740254,704191.3049999992,,876291188.6722722,996000.2385322727,,4322658.75,,88053108.67873444
1683504000000,2023-05-08,Bridged Token Value (Dollar),484191035.27291304,,6715169.29540892,6092154.505551586,919288.4486900007,,878550300.6550329,994800.1177508301,,4322658.75,,88053108.67873444
1683590400000,2023-05-09,Bridged Token Value (Dollar),488164953.16163003,,6696647.694700832,6096098.848625862,918885.0647900004,,886805658.3994455,994000.0372298685,,4322658.75,,88053108.67873444
1683676800000,2023-05-10,Bridged Token Value (Dollar),488900501.78638285,,6800673.589745699,6153032.584090143,918498.7215300004,,884432938.9557496,996600.2989229942,,4322658.75,,88053108.67873444
1683763200000,2023-05-11,Bridged Token Value (Dollar),489126155.7893701,,6838212.811394053,6185388.843837373,918757.2599900006,,877829297.9599715,996900.3291183548,,4322658.75,,88053108.67873444
1683849600000,2023-05-12,Bridged Token Value (Dollar),487562041.65852773,,6835992.473551484,6149614.643368415,917805.7798800005,,875354701.5342216,995825.2176483393,,4322658.75,,88053108.67873444
1683936000000,2023-05-13,Bridged Token Value (Dollar),487561041.65852773,,6821304.411193814,6122042.828295549,918114.3752200006,,875354701.5344402,995825.2176483393,,4322658.75,,88053108.67873444
1684022400000,2023-05-14,Bridged Token Value (Dollar),487561041.65852773,,6794334.019238209,6122042.82829555,916990.7580200001,,874969924.6905999,995825.2176483393,,4322658.75,,88053108.67873444
1684108800000,2023-05-15,Bridged Token Value (Dollar),487734091.24135596,,6910364.716822263,6488763.307376224,917019.6354920003,,877136562.7371236,995050.1160370378,,4322658.75,,88053108.67873444
1684195200000,2023-05-16,Bridged Token Value (Dollar),487700510.5115602,,6915307.6955136545,6512525.0922379065,917302.0169480003,,866291826.2908528,992649.816229792,,4322658.75,,88053108.67873444
1684281600000,2023-05-17,Bridged Token Value (Dollar),498318530.59362674,,6905236.95965261,7065060.104816966,917193.5111079995,,863728031.4837925,992949.8615142948,,4322658.75,,88053108.67873444
1684368000000,2023-05-18,Bridged Token Value (Dollar),500460275.9791007,,6879431.189549589,7170864.483439844,916828.4521960006,,854225322.1579789,991449.6350917812,,4322658.75,,88053108.67873444
1684454400000,2023-05-19,Bridged Token Value (Dollar),509248505.27613395,,6886921.945372228,7155874.189177407,956712.6959879993,,862714604.2265751,992549.8011349576,,4322658.75,,88053108.67873444
1684540800000,2023-05-20,Bridged Token Value (Dollar),509354114.28613394,,6904246.672407855,7118217.606546411,957260.2843559997,,862714604.2218909,992549.8011349576,,4322658.75,,88053108.67873444
1684627200000,2023-05-21,Bridged Token Value (Dollar),509354114.28613394,,6905777.624425076,7118217.606546411,957324.8553160003,,863892803.5793569,992549.8011349576,,4322658.75,,88053108.67873444
1684713600000,2023-05-22,Bridged Token Value (Dollar),482931605.44272804,,7925811.051397513,7133686.732125322,957328.8493959998,,863907384.9619576,992474.8848705419,,4322658.75,,88053108.67873444
1684800000000,2023-05-23,Bridged Token Value (Dollar),474476731.30930907,,7909933.668838339,7135784.988469045,957257.5874340001,,861704974.6899112,991949.751861946,,4322658.75,,88053108.67873444
1684886400000,2023-05-24,Bridged Token Value (Dollar),474537184.66345537,,7890443.242347464,7059896.317342177,956639.4091279999,,855702126.9033251,991949.751861946,,4322658.75,,88053108.67873444
1684972800000,2023-05-25,Bridged Token Value (Dollar),474837635.2807878,,7875506.76310558,7637376.658144195,956392.9632859993,,847023059.84813,988624.4351229552,,4322658.75,,88053108.67873444
1685059200000,2023-05-26,Bridged Token Value (Dollar),475614088.26243216,,7867915.101114754,7753679.138934173,956047.50362,,849719938.750239,990074.7730772712,,4322658.75,,88053108.67873444
1685145600000,2023-05-27,Bridged Token Value (Dollar),475578443.85952413,,7869677.474267168,7768826.569201663,956116.607432,,849719938.7502389,990074.7730772712,,4322658.75,,88053108.67873444
1685232000000,2023-05-28,Bridged Token Value (Dollar),475578443.859524,,7868432.561435893,7768826.569201662,956134.0498199994,,849150907.6724176,990074.7730772712,,4322658.75,,88053108.67873444
1685318400000,2023-05-29,Bridged Token Value (Dollar),475578443.859524,,7860954.0003759675,7768826.569201663,956027.6703399995,,847734099.1088475,990074.7730772712,,4322658.75,,88053108.67873444
1685404800000,2023-05-30,Bridged Token Value (Dollar),475150450.2802851,,7856171.742929777,8132223.746862813,955864.6475599998,,847742589.8932761,992974.9921095178,,4322658.75,,88053108.67873444
1685491200000,2023-05-31,Bridged Token Value (Dollar),471219607.5264711,,7860844.726214096,8157831.335374549,956191.6241,,858776800.3367671,993575.0374265343,,4322658.75,,88053108.67873444
1685577600000,2023-06-01,Bridged Token Value (Dollar),477976243.3798667,,7865557.030395906,8214674.712311311,955677.5184199994,4124900,863963732.0105591,995075.1507190755,,4322658.75,,88053108.67873444
1685664000000,2023-06-02,Bridged Token Value (Dollar),477760533.837111,,7877612.604766094,8304137.3076465,956572.4085919998,4124900,851070281.2176847,996075.2262474366,,4322658.75,,88053108.67873444
1685750400000,2023-06-03,Bridged Token Value (Dollar),477761883.837111,,7862381.695279164,8333462.760193212,956000.2329440006,4124900,851070281.2176847,996075.2262474366,,4322658.75,,88053108.67873444
1685836800000,2023-06-04,Bridged Token Value (Dollar),478228639.837111,,7857736.554810762,8490490.260193212,956039.9229680003,4124900,851858409.1226068,996075.2262474366,,4322658.75,,88053108.67873444
1685923200000,2023-06-05,Bridged Token Value (Dollar),483350905.0839837,,7854603.255915454,8487515.89790516,955820.3887899992,4124900,858114453.6276274,995675.196036092,,4322658.75,,88053108.67873444
1686009600000,2023-06-06,Bridged Token Value (Dollar),497604320.82130027,,7855730.648758372,8428212.11303828,977108.1468929994,4124900,858777361.3050567,995915.1695379445,,4322658.75,,88053108.67873444
1686096000000,2023-06-07,Bridged Token Value (Dollar),501335427.19006824,,7853640.126545621,8268551.915901459,976932.8797479998,4124900,839236437.939987,994515.0076205382,,4322658.75,,88053108.67873444
1686182400000,2023-06-08,Bridged Token Value (Dollar),496430119.25467414,,7876632.67504365,8353699.711049908,977042.971506,4124900,848424891.7979352,996715.2620621765,,4322658.75,,88053108.67873444
1686268800000,2023-06-09,Bridged Token Value (Dollar),491558030.15420884,,7917374.588357428,8399923.76287175,978046.7257790002,4124900,848381871.7257555,996415.2273655895,,4322658.75,,88053108.67873444
1686355200000,2023-06-10,Bridged Token Value (Dollar),491548894.15420884,,7902251.1364882365,8370625.037056437,977709.3865059998,4124900,846671584.5636667,996415.2273655895,,4322658.75,,88053108.67873444
1686441600000,2023-06-11,Bridged Token Value (Dollar),491548894.15420884,,7902659.580188247,8370625.037056438,977725.2471830002,4124900,846671584.5763673,996415.2273655895,,4322658.75,,88053108.67873444
1686528000000,2023-06-12,Bridged Token Value (Dollar),523651414.55549085,,7899959.866313525,8447672.353403524,977695.0628920004,4124900,850427901.7200402,996315.2158000604,,4322658.75,,88053108.67873444
1686614400000,2023-06-13,Bridged Token Value (Dollar),527723963.0936579,,7906971.006467752,8472818.210218295,977870.8681720004,4124900,858253204.0659919,995515.1232758284,,4322658.75,,88053108.67873444
1686700800000,2023-06-14,Bridged Token Value (Dollar),532714013.4214221,,7937213.756128624,8539460.643540222,978260.1716319994,4124900,856169953.4897919,996115.1926690026,,4322658.75,,88053108.67873444
1686787200000,2023-06-15,Bridged Token Value (Dollar),536337334.84837383,,7983201.435063554,9740870.606103966,979038.8806219999,4124900,861774594.4227456,999550.3419538996,,4322658.75,,88053108.67873444
1686873600000,2023-06-16,Bridged Token Value (Dollar),535935224.6868312,,8021210.526920492,9756174.359111406,980412.9127099995,4124900,868466540.5887218,998225.1318894846,,4322658.75,,88053108.67873444
1686960000000,2023-06-17,Bridged Token Value (Dollar),535891692.4368312,,8026457.674227583,9773619.578770623,980558.7768389995,4124900,868466540.5887219,998225.1318894846,,4322658.75,,88053108.67873444
1687046400000,2023-06-18,Bridged Token Value (Dollar),533860642.43683124,,8022838.644812375,9773619.57877062,980624.3022619995,4124900,867901873.9980117,998225.1318894846,,4322658.75,,88053108.67873444
1687132800000,2023-06-19,Bridged Token Value (Dollar),533860642.4368312,,8015024.330968168,9775843.178770622,980337.3783119998,4124900,867915627.7323718,998225.1318894846,,4322658.75,,88053108.67873444
1687219200000,2023-06-20,Bridged Token Value (Dollar),532523972.99916756,,8004705.9298640285,9763181.672896158,980135.1628920007,4124900,856575310.4830133,997825.1218186013,,4322658.75,,88053108.67873444
1687305600000,2023-06-21,Bridged Token Value (Dollar),518644674.5677903,,8021501.413069434,9712656.879735028,980051.8857239997,4124900,863343681.1640253,997625.1167831597,,4322658.75,,88053108.67873444
1687392000000,2023-06-22,Bridged Token Value (Dollar),517410525.332142,,8037219.351960516,9761603.819933636,981036.5314700006,4124900,854538898.0790907,995905.1559819052,,4322658.75,,88053108.67873444
1687478400000,2023-06-23,Bridged Token Value (Dollar),528591400.0854035,,8016374.593703466,9710811.671570746,980555.4189850002,4124900,857055390.481076,995724.9705000228,,4322658.75,,88053108.67873444
1687564800000,2023-06-24,Bridged Token Value (Dollar),528597592.08540344,,8004840.176993094,9743849.03357149,980119.0145950005,4124900,857055390.481076,995724.9705000228,,4322658.75,,88053108.67873444
1687651200000,2023-06-25,Bridged Token Value (Dollar),528597592.0854035,,7999814.582089759,9743849.03357149,980073.2388440003,4124900,858933619.4368031,995724.9705000228,,4322658.75,,88053108.67873444
1687737600000,2023-06-26,Bridged Token Value (Dollar),524610924.8173959,,8035615.11634017,9679469.939008193,979895.0737489995,4124900,857749733.7711772,987549.7346035049,,4322658.75,,88053108.67873444
1687824000000,2023-06-27,Bridged Token Value (Dollar),523899504.70099825,,8036877.132692542,9798711.330154115,979944.8532099992,4124900,857513120.1567583,988549.7849676603,,4322658.75,,88053108.67873444
1687910400000,2023-06-28,Bridged Token Value (Dollar),524680896.97226566,,8065434.2570805475,9933771.849403506,980591.34617,4124900,854312859.6376513,990474.8499012206,,4322658.75,,88053108.67873444
1687996800000,2023-06-29,Bridged Token Value (Dollar),523705670.02763,,8040812.890220435,9968194.486309296,980056.0415000006,4124900,851117554.4855592,988599.6597614808,,4322658.75,,88053108.67873444
1688083200000,2023-06-30,Bridged Token Value (Dollar),525058414.32612807,,8022146.053669792,10070721.892391441,977453.9885999999,4124900,856040884.3696185,991074.511227529,,4322658.75,,73175473.06823638
1688169600000,2023-07-01,Bridged Token Value (Dollar),525071526.326128,,8035113.125628993,10099770.787261335,977991.4614000003,4124900,856040884.3790777,991074.511227529,,4322658.75,,73175473.06823638
1688256000000,2023-07-02,Bridged Token Value (Dollar),525071526.326128,,8034911.72862076,10099770.787261337,977966.0774000003,4124900,855475208.8558911,991074.511227529,,4322658.75,,73175473.06823638
1688342400000,2023-07-03,Bridged Token Value (Dollar),524846555.2806414,,8035174.688738713,10146750.75801382,977990.4346080007,4124900,855350205.12886,991749.9278318501,,4322658.75,,73175473.06823638
1688428800000,2023-07-04,Bridged Token Value (Dollar),526736539.2806414,,8030454.838683261,10258644.337566769,978067.9281479996,4124900,859070495.5068619,991749.9278318501,,4322658.75,,73175473.06823638
1688515200000,2023-07-05,Bridged Token Value (Dollar),526168772.0260688,,8030194.4023343185,10254783.341490101,977766.9033840003,4124900,858385017.2728968,989398.2328026913,,4322658.75,,73175473.06823638
1688601600000,2023-07-06,Bridged Token Value (Dollar),527388521.7220869,,8023020.925105645,10179836.010168552,977403.4959120005,4124900,851140562.857547,986195.6490023994,,4322658.75,,73175473.06823638
1688688000000,2023-07-07,Bridged Token Value (Dollar),529694781.3647355,,8056928.1404149365,10136918.354008233,977899.5852959992,4124900,856044322.4903872,987096.3756962315,,4322658.75,,73175473.06823638
1688774400000,2023-07-08,Bridged Token Value (Dollar),529695975.3647355,,8081212.362036534,10158126.927789833,978972.6669119993,4124900,856044322.4903221,987096.3756962315,,4322658.75,,73175473.06823638
1688860800000,2023-07-09,Bridged Token Value (Dollar),529695975.3647355,,8077984.872036542,10158126.927789833,978846.9569519996,4124900,856044322.4903872,987096.3756962315,,4322658.75,,73175473.06823638
1688947200000,2023-07-10,Bridged Token Value (Dollar),529748288.3126216,,8092282.33029549,10180733.096581167,978938.8322100001,4124900,856214354.4667656,989424.2022767476,,4322658.75,,73175473.06823638
1689033600000,2023-07-11,Bridged Token Value (Dollar),532187068.95032865,,8103539.837193999,10278323.703075886,979420.238736,4124900,855258486.0391533,990426.1646281056,,4322658.75,,73175473.06823638
1689120000000,2023-07-12,Bridged Token Value (Dollar),535994104.8329792,,8110325.20521095,10431934.04358657,979568.9642879997,4124900,859258666.1965108,994227.4164466964,,4322658.75,,73175473.06823638
1689206400000,2023-07-13,Bridged Token Value (Dollar),549649748.5464202,,8209148.851263633,10549692.392676627,981246.5403659998,4124900,870736855.7027112,997628.5364949093,,4322658.75,,73175473.06823638
1689292800000,2023-07-14,Bridged Token Value (Dollar),547287522.06175,,8237825.443263624,10862952.897705289,982363.5869579995,4124900,870776109.0842192,994727.581159669,,4322658.75,,73175473.06823638
1689379200000,2023-07-15,Bridged Token Value (Dollar),547300644.06175,,8247377.763662972,10826607.252102511,982539.3292019998,4124900,867968062.9913428,994727.581159669,,4322658.75,,73175473.06823638
1689465600000,2023-07-16,Bridged Token Value (Dollar),552300644.06175,,8249352.02616298,10826607.252102511,982616.2331520001,4124900,867968062.9913428,994727.581159669,,4322658.75,,73175473.06823638
1689552000000,2023-07-17,Bridged Token Value (Dollar),552364867.2276579,,8294076.147571805,10873820.304968469,982555.8591659998,4124900,867215256.8373998,995702.3987975738,,4322658.75,,73175473.06823638
1689638400000,2023-07-18,Bridged Token Value (Dollar),553135373.8683933,,8296581.741019344,10938072.945206512,982667.8882679999,4124900,867173037.8506784,996352.7738588757,,4322658.75,,73175473.06823638
1689724800000,2023-07-19,Bridged Token Value (Dollar),547276492.1780385,,8291102.190228656,10970780.878935136,982549.9402799995,4124900,874497660.3720907,997803.7808946077,,4322658.75,,73175473.06823638
1689811200000,2023-07-20,Bridged Token Value (Dollar),550328063.5841521,,8257840.949969953,10930737.952940855,982254.594848,4124900,872758324.8596702,996102.4103554693,,4322658.75,,73175473.06823638
1689897600000,2023-07-21,Bridged Token Value (Dollar),550757804.6323045,,8232516.657658057,10790413.568436677,981308.9512959992,4124900,866207367.0623841,997003.1359350132,,4322658.75,,73175473.06823638
1689984000000,2023-07-22,Bridged Token Value (Dollar),550764866.6323045,,8232412.280229092,10785742.761620993,981259.1523999998,4124900,866207367.0809236,997003.1359350132,,4322658.75,,73175473.06823638
1690070400000,2023-07-23,Bridged Token Value (Dollar),550765366.6323045,,8230649.955017889,10785742.761620993,981232.3787999994,4124900,865835166.8062673,997003.1359350132,,4322658.75,,73175473.06823638
1690156800000,2023-07-24,Bridged Token Value (Dollar),551304039.4054152,,8212979.334643824,10808416.657440387,981206.2151489996,4124900,862822783.7706372,996102.4103554693,,4322658.75,,73175473.06823638
1690243200000,2023-07-25,Bridged Token Value (Dollar),553726258.0049641,,8187915.86037438,10829073.036951745,975190.349351,4124900,866277120.9377404,996102.4103554693,,4322658.75,,70918779.22823638
1690329600000,2023-07-26,Bridged Token Value (Dollar),553686528.2580492,,8191076.944056818,10825697.510514688,975042.9973249999,4124900,868916623.8382866,997603.619654709,,4322658.75,,70918779.22823638
1690416000000,2023-07-27,Bridged Token Value (Dollar),562690906.1355171,,8174232.62132344,10990882.883958615,975419.2863110002,927181.9654850308,857136459.9858111,994601.2010562298,,4322658.75,,70918779.22823638
1690502400000,2023-07-28,Bridged Token Value (Dollar),575561528.7183968,,8149978.28244414,10969850.571423117,974083.4738399998,927181.9654850308,862410626.8181056,998302.9078476183,,4322658.75,,70918779.22823639
1690588800000,2023-07-29,Bridged Token Value (Dollar),575561650.7183968,,8166217.192457029,11010066.651104312,974585.9982460001,927181.9654850308,862410726.6181315,998302.9078476183,,4322658.75,,70918779.22823638
1690675200000,2023-07-30,Bridged Token Value (Dollar),575561650.7183968,,8170468.846330014,11010066.651104312,974756.4160629995,927181.9654850308,862410726.6186672,998302.9078476183,,4322658.75,,70918779.22823638
1690761600000,2023-07-31,Bridged Token Value (Dollar),575696864.5493792,,8160435.293582328,11031657.06190949,974686.1808239995,927181.9654850308,864634411.2444155,999404.8980118255,,4322658.75,,70918779.22823638
1690848000000,2023-08-01,Bridged Token Value (Dollar),591071168.8226388,,8154472.198557037,11058257.124737293,974347.3958350004,927181.9654850308,859009738.8063403,996700.013063317,,4322658.75,,70542663.58823638
1690934400000,2023-08-02,Bridged Token Value (Dollar),592010922.6803974,,8140859.523190631,10857692.709823005,974493.5196749994,927181.9654850308,851776141.1260486,994896.7564309781,,4322658.75,,70542663.58823638
1691020800000,2023-08-03,Bridged Token Value (Dollar),591372357.1059574,,8120648.352102194,10763483.631096205,973630.0728300002,927181.9654850308,851634168.3698909,992993.3188746206,,4322658.75,,70542663.58823638
1691107200000,2023-08-04,Bridged Token Value (Dollar),592176415.6781912,,8141724.352195442,10734989.960068144,973727.5782600001,927181.9654850308,855098208.346437,996599.8321392983,,4322658.75,,70542663.58823638
1691193600000,2023-08-05,Bridged Token Value (Dollar),592189289.6781912,,8163520.128836701,10663223.112633195,974629.3020300001,927181.9654850308,855098377.6653583,996599.8321392983,,4322658.75,,70542663.58823638
1691280000000,2023-08-06,Bridged Token Value (Dollar),592189289.6781911,,8159422.978690706,10663223.112633197,974600.5607600001,927181.9654850308,855196399.5779306,996599.8321392983,,4322658.75,,70542663.58823638
1691366400000,2023-08-07,Bridged Token Value (Dollar),591555244.9724488,,8154350.684266703,10690259.398567095,974414.9512499995,927181.9654850308,855379065.7042878,996900.3749113549,,4322658.75,,70542663.58823638
1691452800000,2023-08-08,Bridged Token Value (Dollar),587601459.9482764,,8142851.044751361,10687678.105433732,974421.6664999995,927181.9654850308,847090622.8198748,997982.4410755618,,4322658.75,,70542663.58823638
1691539200000,2023-08-09,Bridged Token Value (Dollar),584987859.575649,,8132810.136802227,10643312.834529268,973830.590195,927181.9654850308,842733309.6064237,998383.1567716372,,4322658.75,,70542663.58823638
1691625600000,2023-08-10,Bridged Token Value (Dollar),590767020.1473515,,8140347.492234392,10583706.547738614,974076.9055650008,927181.9654850308,841567732.8684962,997782.0832275243,,4322658.75,,70542663.58823638
1691712000000,2023-08-11,Bridged Token Value (Dollar),590266310.8317606,,8134974.068798546,10532043.898799174,974137.3428149994,927181.9654850308,842042706.9080008,996079.0415192042,,4322658.75,,70542663.58823638
1691798400000,2023-08-12,Bridged Token Value (Dollar),590267582.8317606,,8129600.634241374,10480473.48307914,973809.6386150004,927181.9654850308,842042976.3518322,996079.0415192042,,4322658.75,,70542663.58823638
1691884800000,2023-08-13,Bridged Token Value (Dollar),590267582.8317606,,8126904.734127396,10480473.48307914,973948.3756800003,927181.9654850308,842310607.1851891,996079.0415192042,,4322658.75,,70542663.58823638
1691971200000,2023-08-14,Bridged Token Value (Dollar),589220386.7860427,,8108951.74357664,10530743.607133076,973627.521035,927181.9654850308,839400527.8730923,996404.5490446256,,4322658.75,,70542663.58823638
1692057600000,2023-08-15,Bridged Token Value (Dollar),588844583.3009173,,8095771.923537036,10456631.977405388,973147.1120499999,927181.9654850308,836953979.4860495,995302.5532634583,,4322658.75,,70542663.58823638
1692144000000,2023-08-16,Bridged Token Value (Dollar),588704625.498981,,8086791.761226219,10369212.083297536,973095.0017099993,927181.9654850308,833656105.6453066,993699.650309033,,4322658.75,,70542663.58823638
1692230400000,2023-08-17,Bridged Token Value (Dollar),586667209.8850317,,20150764.68243458,10271655.85248629,972702.6968050002,1483181.9654850308,833157959.4757495,992622.624778269,,4322658.75,,70542663.58823638
1692316800000,2023-08-18,Bridged Token Value (Dollar),580130993.6187046,,20710115.57175324,10177814.002467237,972697.0559949998,1483181.9654850308,833226226.2776337,993724.6482817573,,4322658.75,,70542663.58823638
1692403200000,2023-08-19,Bridged Token Value (Dollar),580141625.6187046,,20712159.338029005,10155368.336930403,972768.1033400005,1483181.9654850308,833226274.1090857,993724.6482817573,,4322658.75,,70542663.58823638
1692489600000,2023-08-20,Bridged Token Value (Dollar),580141625.6187044,,20711333.22115236,10155368.336930402,972817.3932750005,1483181.9654850308,833224511.2706864,993724.6482817573,,4322658.75,,70542663.58823638
1692576000000,2023-08-21,Bridged Token Value (Dollar),580166580.9269665,,20714877.42736893,10233709.568281312,972722.7182760006,1483181.9654850308,835207721.424634,992422.2568685439,,4322658.75,,70542663.58823638
1692662400000,2023-08-22,Bridged Token Value (Dollar),534996711.33391875,,20722638.964248084,10251839.821461676,973460.9883919993,1483181.9654850308,835251447.6074015,993023.3605977193,,4322658.75,,70542663.58823638
1692748800000,2023-08-23,Bridged Token Value (Dollar),530131189.68706214,,20709383.340866327,10351898.518239548,972819.1430700007,1483181.9654850308,845300496.3203262,996329.4311081838,,4322658.75,,70542663.58823638
1692835200000,2023-08-24,Bridged Token Value (Dollar),527337822.6191277,,20715982.465228666,10284264.938321529,973080.58911,1483181.9654850308,845300206.5868686,994926.8557401078,,4322658.75,,70542663.58823638
1692921600000,2023-08-25,Bridged Token Value (Dollar),528398728.94522536,,20675345.946832538,10259879.264288178,972185.0690399997,1483181.9654850308,844758274.8614154,995027.0396949705,,4322658.75,,70542663.58823638
1693008000000,2023-08-26,Bridged Token Value (Dollar),528390428.94522524,,20673166.44058672,10269907.657472493,972138.9790680002,1483181.9654850308,844428746.9519259,995027.0396949705,,4322658.75,,70542663.58823638
1693094400000,2023-08-27,Bridged Token Value (Dollar),528390428.94522536,,20673562.34494391,10269907.657472495,972134.5317899999,1483181.9654850308,844150694.2441226,995027.0396949705,,4322658.75,,70542663.58823638
1693180800000,2023-08-28,Bridged Token Value (Dollar),529542746.1711815,,20681951.03527778,10316282.733459394,972174.1815599992,1483181.9654850308,847108635.3425592,996930.5348373592,,4322658.75,,70542663.58823638
1693267200000,2023-08-29,Bridged Token Value (Dollar),531264721.22707653,,20703195.98088023,10486595.125711543,972558.8550959991,1483181.9654850308,854461091.5209394,999936.053483236,,4322658.75,,70542663.58823638
1693353600000,2023-08-30,Bridged Token Value (Dollar),530971577.52761966,,20718000.53160501,10701512.538270105,973144.6263600003,1483181.9654850308,854460572.495078,999635.5016186483,,4322658.75,,70542663.58823638
1693440000000,2023-08-31,Bridged Token Value (Dollar),535410722.01827794,,20732041.448082056,10700377.861248154,973953.8694959999,1483181.9654850308,855465474.4298434,1000436.9732575489,,4322658.75,,70542663.58823638
1693526400000,2023-09-01,Bridged Token Value (Dollar),541910907.8537512,,20687320.304133896,10623553.577965904,972804.29676,1483181.9654850308,855435282.9695578,999535.3176637859,,4322658.75,,70542663.58823638
1693612800000,2023-09-02,Bridged Token Value (Dollar),542012079.4837513,,20664677.95239155,10613426.350930534,972034.5453359995,1483181.9654850308,855435238.1693698,999535.3176637859,,4322658.75,,70542663.58823638
1693699200000,2023-09-03,Bridged Token Value (Dollar),542012079.4837512,,20661018.777550906,10613426.350930534,971885.2046640004,1483181.9654850308,855689550.6287683,999535.3176637859,,4322658.75,,70542663.58823638
1693785600000,2023-09-04,Bridged Token Value (Dollar),542012079.4837512,,20665534.20844227,10613426.350930534,971893.1569200002,1483181.9654850308,854565874.4244419,999535.3176637859,,4322658.75,,70542663.58823638
1693872000000,2023-09-05,Bridged Token Value (Dollar),532069747.6327457,,20653249.693147518,10601469.00816338,972240.4767240002,1482533.5507478067,849637552.1888372,997231.0867019469,,4322658.75,,70542663.58823638
1693958400000,2023-09-06,Bridged Token Value (Dollar),537673429.0853925,,20629448.572167218,10530090.3622966,971359.0817160001,1482533.5507478067,844757480.0001199,997030.7187922217,,4322658.75,,70542663.58823638
1694044800000,2023-09-07,Bridged Token Value (Dollar),537162407.3536531,,20621934.577712253,10520552.309315633,971350.3110059999,1482431.2240551512,846278138.6766306,999134.5818443357,,4322658.75,,70542663.58823638
1694131200000,2023-09-08,Bridged Token Value (Dollar),535387507.9716182,,20615552.428942617,10576747.231269374,971033.9065779997,1482431.224055151,846189844.4506378,998433.2941602975,,4322658.75,,70542663.58823638
1694217600000,2023-09-09,Bridged Token Value (Dollar),535359661.6010607,,20618240.32843062,10565586.352227168,971145.5300759993,1482431.2240551512,846189859.320969,998433.2941602975,,4322658.75,,70542663.58823638
1694304000000,2023-09-10,Bridged Token Value (Dollar),535308322.00106066,,20621532.210337173,10565586.352227168,971154.168412,1481930.8771145826,846146535.5860913,998433.2941602975,,4322658.75,,70542663.58823638
1694390400000,2023-09-11,Bridged Token Value (Dollar),537266986.8980781,,20633143.15364676,10623199.17350948,1011649.3069180001,1481930.8771145826,847098492.4078776,998433.2941602975,,4322658.75,,70542663.58823638
1694476800000,2023-09-12,Bridged Token Value (Dollar),530974710.0547454,,20647809.90804167,10558341.843244614,1012164.7474599999,1481930.8771145826,842431826.1373663,998733.8460248852,,4322658.75,,70542663.58823638
1694563200000,2023-09-13,Bridged Token Value (Dollar),531117518.5324034,,20644146.690061066,10581359.43326492,1012253.2589469996,1481930.8771145826,839936042.318162,999334.9497540606,,4322658.75,,70542663.58823638
1694649600000,2023-09-14,Bridged Token Value (Dollar),536211250.2567375,,20611028.750029363,10634572.150291212,1011980.2683300005,1481930.8771145826,840409319.611764,999835.8695283736,,4322658.75,,70544233.54823638
1694736000000,2023-09-15,Bridged Token Value (Dollar),536361977.4472267,,8167929.881174394,10609150.132806592,1010667.8601979999,1481930.8771145826,846802855.9712162,999234.7657991982,,4322658.75,,70544233.54823637
1694822400000,2023-09-16,Bridged Token Value (Dollar),536358251.4472267,,8180085.236798801,10558158.336462481,1011147.6537020002,1481930.8771145826,846802783.9780712,999234.7657991982,,4322658.75,,70544233.54823637
1694908800000,2023-09-17,Bridged Token Value (Dollar),536358251.44722664,,8179049.217461007,10558158.33646248,1011134.1460019998,1481930.8771145826,846400757.1712329,999234.7657991982,,4322658.75,,70544233.54823637
1694995200000,2023-09-18,Bridged Token Value (Dollar),569278556.5384585,,7911743.931948814,10554405.746520184,1011101.1872140004,1481930.8771145826,845814699.737354,999334.9497540606,,4322658.75,,70544233.54823637
1695081600000,2023-09-19,Bridged Token Value (Dollar),568652562.5315297,,7917330.253757537,10512753.01243676,1011433.3415570003,1481630.9102099927,844307020.7730829,998132.7422957098,,4322658.75,,70544233.54823638
1695168000000,2023-09-20,Bridged Token Value (Dollar),566307721.2179421,,7905623.140372915,10375220.200152885,1063753.0374899998,1481630.910209993,843762050.7983652,997732.0064762597,,4322658.75,,70544233.54823637
1695254400000,2023-09-21,Bridged Token Value (Dollar),566348176.2151887,,7956818.309500096,10212674.937387217,1063352.3183750003,1481630.910209993,839207757.6324699,995127.223649833,,4322658.75,,70544233.54823637
1695340800000,2023-09-22,Bridged Token Value (Dollar),566038027.9045131,,7960132.823314015,10116276.336476991,1063587.8183530003,1481630.910209993,839165063.050684,996129.0631984586,,4322658.75,,70544233.54823638
1695427200000,2023-09-23,Bridged Token Value (Dollar),559148804.5902815,,7963800.555000799,10073339.172079043,1063651.3656430005,1481630.9102099927,841006118.1617208,996129.0631984586,,4322658.75,,70544233.54823638
1695513600000,2023-09-24,Bridged Token Value (Dollar),559154820.626724,,7959469.571741102,10073339.172079042,1063691.5221219992,1481630.9102099927,840961956.4020039,996129.0631984586,,4322658.75,,70544233.54823637
1695600000000,2023-09-25,Bridged Token Value (Dollar),599336108.3698232,,7937445.929282251,10091676.817133069,1063547.871117,1481630.910209993,836696925.3307709,984207.1725698137,,4322658.75,,70544233.54823637
1695686400000,2023-09-26,Bridged Token Value (Dollar),600458456.2647102,,7912009.697313352,10006243.623001255,1062786.3635799992,1481630.910209993,830602794.336261,982804.5972017379,,4322658.75,,70544233.54823637
1695772800000,2023-09-27,Bridged Token Value (Dollar),603629475.9772747,8889869.229557266,11498897.992409194,9969876.239699941,1062481.733499,1481630.910209993,819816628.1063746,982328.6486999055,,4322658.75,,70544233.54823637
1695859200000,2023-09-28,Bridged Token Value (Dollar),604923080.2099339,8889869.229557266,11492023.085942533,10043627.808706963,1061716.6013100003,1481630.910209993,815195056.6507443,984632.9382379063,,4322658.75,,70544233.54823638
1695945600000,2023-09-29,Bridged Token Value (Dollar),601555385.3932403,8947033.652068278,11528830.0140701,10100809.08472066,1062504.8931180006,1481630.910209993,807644508.6697218,984632.9382379063,,4322658.75,,70544233.54823637
1696032000000,2023-09-30,Bridged Token Value (Dollar),601575410.191943,8960863.355022999,11549125.632683123,10076258.39006966,1068704.015834,1481630.9102099927,807644603.9738684,984132.0057296454,,4322658.75,,69205324.50823638
1696118400000,2023-10-01,Bridged Token Value (Dollar),601578428.451752,8960863.355022991,11545600.882625427,10076258.39006966,1068794.762644,1481630.9102099927,807579981.7193034,984132.0057296454,,4322658.75,,71085902.70823637
1696204800000,2023-10-02,Bridged Token Value (Dollar),601492917.4091588,8942640.294971045,11510264.860325716,10102265.224403972,1068487.7133630002,1481630.9102099927,798397002.2590444,981802.7576507758,,4322658.75,,71085902.70823637
1696291200000,2023-10-03,Bridged Token Value (Dollar),603639247.4705042,8874854.36974578,11455897.648649458,9999523.706298016,1067351.21115,1481630.9102099927,797680017.6778306,977294.4796819713,,4322658.75,,71085902.70823637
1696377600000,2023-10-04,Bridged Token Value (Dollar),605192801.6734532,8860919.501741223,11453941.95275404,10007490.508071436,1067205.1079819994,1481630.9102099927,797682030.2315116,980500.3662375656,,4322658.75,,71085902.70823638
1696464000000,2023-10-05,Bridged Token Value (Dollar),605709772.3544345,9339780.30939112,11467767.19889956,10044660.44335219,1067718.7457579998,1481630.910209993,797127514.5352263,981201.6539216018,,4322658.75,,71085902.70823638
1696550400000,2023-10-06,Bridged Token Value (Dollar),604503485.0552102,9395723.15637143,11512597.924404155,10167999.743870877,1068257.3843850004,1481630.9102099927,802295393.2532285,980525.3354728001,,4322658.75,,71085902.70823637
1696636800000,2023-10-07,Bridged Token Value (Dollar),604528356.7931887,8974543.143174969,11538806.277563874,10266090.404511813,1069277.8036739998,1481630.910209993,802317730.2865548,980525.3354728001,,4322658.75,,71085902.70823638
1696723200000,2023-10-08,Bridged Token Value (Dollar),604531377.238597,8974543.143174969,11531678.069590624,10266090.404511813,1069281.3344999999,1481630.910209993,808947767.6169208,980525.3354728001,,4322658.75,,71085902.70823637
1696809600000,2023-10-09,Bridged Token Value (Dollar),605897958.2245985,12671904.515030922,11516771.390850283,10287958.373234,1069167.8608399993,1481630.9102099927,815115275.0359799,985559.6317933052,,4322658.75,,71085902.70823637
1696896000000,2023-10-10,Bridged Token Value (Dollar),606935861.3147403,12686028.113099234,11525950.856397199,10312983.844618417,1069353.64535,1481630.910209993,813815690.1942521,984758.119436454,,4322658.75,,71085902.70823637
1696982400000,2023-10-11,Bridged Token Value (Dollar),607108081.0249385,12734179.63157391,11551625.309425265,10385868.451044386,1069701.396726,1481630.9102099927,820816391.2655668,984842.7174361253,,4322658.75,,71085902.70823638
1697068800000,2023-10-12,Bridged Token Value (Dollar),608904529.4363286,12759601.117753925,11540431.090911299,10318545.026229074,1069967.8354920002,1481630.9102099927,818485231.9117324,981638.3486554485,,4322658.75,,71085902.70823638
1697155200000,2023-10-13,Bridged Token Value (Dollar),609162351.2600482,12653159.661812335,11493405.321052827,10206403.338691842,1117367.491853,1480630.910209993,845838708.6169641,983115.5569816715,,4322658.75,,71085902.70823637
1697241600000,2023-10-14,Bridged Token Value (Dollar),609181078.2916434,12626031.669941332,11478986.463863082,10186955.810826773,1117014.5740570002,1480630.910209993,845838375.9678555,983115.5569816715,,4322658.75,,71085902.70823637
1697328000000,2023-10-15,Bridged Token Value (Dollar),609109739.2499887,12626031.66994135,11482060.206061143,10186955.810826771,1117079.7574829997,1480630.910209993,842627617.4930998,983115.5569816715,,4322658.75,,71085902.70823638
1697414400000,2023-10-16,Bridged Token Value (Dollar),606415652.3864516,12632193.398086853,11495723.704351304,10258846.921161067,1117575.850867,1480630.910209993,840047562.3469168,981112.877093748,,4322658.75,,71085902.70823637
1697500800000,2023-10-17,Bridged Token Value (Dollar),596309143.3939208,12683026.213559397,11514128.551418718,10298549.11711187,1118091.4069679994,1480630.910209993,839666010.1104468,977917.7381445073,,4322658.75,,71085902.70823638
1697587200000,2023-10-18,Bridged Token Value (Dollar),594905065.9761549,12705067.837697191,11517067.816805374,10230822.903259309,1118371.245376,1480630.910209993,850725823.15798,975340.4498279353,,4322658.75,,71085902.70823638
1697673600000,2023-10-19,Bridged Token Value (Dollar),601140235.4404565,12664498.779773332,11503852.958964877,10077867.789598757,1117907.5568500003,1480630.910209993,862467274.2087532,974739.9323626745,,4322658.75,,71085902.70823637
1697760000000,2023-10-20,Bridged Token Value (Dollar),627720180.3159266,12718947.250370804,11525608.508282885,9981960.468852082,1118694.6244500002,1480630.910209993,864618289.1857285,976041.0535374065,,4322658.75,,71085902.70823638
1697846400000,2023-10-21,Bridged Token Value (Dollar),627697207.05133,12736622.330560135,11530072.102151955,9977348.122922821,1118972.2691380004,1480630.910209993,864618365.095006,976041.0535374065,,4322658.75,,71085902.70823637
1697932800000,2023-10-22,Bridged Token Value (Dollar),627700229.4883353,12736622.330560122,11528292.084561735,9977348.122922823,1118988.5836809997,1480630.910209993,860741081.0578436,976041.0535374065,,4322658.75,,71085902.70823638
1698019200000,2023-10-23,Bridged Token Value (Dollar),625792204.6726944,12727962.109401476,11546504.791877586,9983978.400501002,1118961.4040750004,1480630.910209993,860786953.713144,977442.2609563485,,4322658.75,,71085902.70823637
1698105600000,2023-10-24,Bridged Token Value (Dollar),629194727.4134617,12828183.13446359,11575945.063905133,10070946.318738544,1120766.674027,1480630.9102099927,859940830.429214,977442.2609563485,,4322658.75,,71085902.70823637
1698192000000,2023-10-25,Bridged Token Value (Dollar),628496933.5918295,12733805.862082472,11543322.016125444,10007685.108066585,1119795.2277789996,1480630.9102099927,858313140.0186139,976466.3680028354,,4322658.75,,71085902.70823638
1698278400000,2023-10-26,Bridged Token Value (Dollar),630113381.2932614,12702810.35814395,11526011.345718289,9825504.541203197,1119454.6612749994,1477630.910209993,861067389.7558347,980169.6537363434,,4322658.75,,71085902.70823637
1698364800000,2023-10-27,Bridged Token Value (Dollar),641022918.6863091,12703824.845649684,11517276.189278629,9729070.373208785,1119430.04746,1477630.910209993,870279657.2214835,980269.7425399518,,4322658.75,,71085902.70823637
1698451200000,2023-10-28,Bridged Token Value (Dollar),641063329.3983718,12719137.466307262,11522946.240257703,9627955.021523202,1119542.7500500004,1477630.910209993,870279705.6207211,980269.7425399518,,4322658.75,,71085902.70823637
1698537600000,2023-10-29,Bridged Token Value (Dollar),641069566.8958948,12719137.466307264,11522229.50259396,9627955.021523202,1119682.0554300006,1477630.910209993,868845837.925849,980269.7425399518,,4322658.75,,71085902.70823637
1698624000000,2023-10-30,Bridged Token Value (Dollar),664345571.4943118,12707317.330742469,11517044.398736607,9721676.001262696,1119603.4472740006,1476932.910209993,865516380.7578868,978167.8776641769,,4322658.75,,71085902.70823637
1698710400000,2023-10-31,Bridged Token Value (Dollar),671431520.4037117,12769192.226933137,11566222.079275792,9828998.686819261,1120315.7022700005,1476932.910209993,861250333.1661938,979769.10461199,,4322658.75,,71085902.70823637
1698796800000,2023-11-01,Bridged Token Value (Dollar),675894741.7173042,12729769.18357417,11539040.575591857,9947422.85985887,1119815.6318500005,1476932.910209993,856345941.5097656,983773.0649904615,,4322658.75,,71085902.70823637
1698883200000,2023-11-02,Bridged Token Value (Dollar),675486033.9803352,12731466.101856286,11558946.406009793,10121427.424995221,1119918.1324719994,1476932.910209993,856172884.5306404,986275.5402270063,,4322658.75,,71085902.70823637
1698969600000,2023-11-03,Bridged Token Value (Dollar),675517929.8322815,12783640.446575025,12051593.966543842,10361093.565946952,1120332.5554719998,1476932.910209993,855783708.782066,990154.0546714574,,4322658.75,,71085902.70823638
1699056000000,2023-11-04,Bridged Token Value (Dollar),679049311.1815175,12929454.076976756,12125429.506124604,10385209.871778566,1122013.5933009994,1476932.910209993,855783826.886163,990154.0546714574,,4322658.75,,71085902.70823637
1699142400000,2023-11-05,Bridged Token Value (Dollar),679052735.8347499,12929454.076976746,12123615.791578185,10385209.871778568,1121936.9250459992,1476676.620513007,853979834.484063,990154.0546714574,,4322658.75,,71085902.70823637
1699228800000,2023-11-06,Bridged Token Value (Dollar),681041045.2326111,12918788.39628883,12117798.996967988,10419079.551071728,1121935.405495,1476676.620513007,848104329.8716432,987751.7399411587,,4322658.75,,71085902.70823638
1699315200000,2023-11-07,Bridged Token Value (Dollar),681924699.3771143,12905605.510509122,12110154.521442542,10492394.597151048,1121754.0263620003,1476676.620513007,841188435.1178945,989278.1556369688,,4322658.75,,71085902.70823638
1699401600000,2023-11-08,Bridged Token Value (Dollar),682050882.8287547,12877919.76015996,12094194.735094953,10557253.255504126,1121441.2751379998,1476676.620513007,832989333.7914548,990179.0463989574,,4322658.75,,71085902.70823638
1699488000000,2023-11-09,Bridged Token Value (Dollar),681924980.6156666,12897606.425702801,12099438.758472426,10504098.88572345,1121639.3693319997,1476676.620513007,834396076.0338651,987376.2751394375,,4322658.75,,71085902.70823637
1699574400000,2023-11-10,Bridged Token Value (Dollar),686059540.8845102,12847134.281193903,12084048.586848732,10657540.04282404,1121037.4889950003,1476676.620513007,825050640.9185463,987704.0415026604,,4322658.75,,71085902.70823637
1699660800000,2023-11-11,Bridged Token Value (Dollar),698750426.5555236,12870504.319656724,12098921.760672843,10693507.966806531,1121483.4081430002,1476676.620513007,825050610.1809323,987704.0415026604,,4322658.75,,71085902.70823637
1699747200000,2023-11-12,Bridged Token Value (Dollar),698753861.4372053,12886420.381729525,12097048.514957704,10693507.966806533,1121602.347543999,1476676.620513007,825357353.4939525,987704.0415026604,,4322658.75,,71085902.70823637
1699833600000,2023-11-13,Bridged Token Value (Dollar),694369967.8732562,12876998.16778943,12092314.065458389,10727096.564012006,1121361.4296399998,1476676.620513007,827766019.7607478,988204.550290287,,4322658.75,,71085902.70823638
1699920000000,2023-11-14,Bridged Token Value (Dollar),706084794.3361324,12889953.995934522,12145862.5543132,10866770.08318728,1121515.871278,1476676.620513007,834419861.8888382,994811.2662869605,,4322658.75,,71085902.70823637
1700006400000,2023-11-15,Bridged Token Value (Dollar),707826656.1803173,13111672.608088164,12249924.761580903,10954219.710746475,1123960.2762730005,1476676.620513007,830881162.0187321,992008.4170762505,,4322658.75,,71085902.70823638
1700092800000,2023-11-16,Bridged Token Value (Dollar),716050933.342846,13070042.300294101,12248038.048581872,11035882.16194442,1123613.1279399998,1476676.620513007,839213682.1684157,994410.8592568589,,4322658.75,,71085902.70823638
1700179200000,2023-11-17,Bridged Token Value (Dollar),716200632.3088478,13083707.038389228,12261743.167798063,11041241.80786368,1123608.293005,1476676.620513007,834664939.7568579,995211.6733170619,,4322658.75,,71085902.70823637
1700265600000,2023-11-18,Bridged Token Value (Dollar),716213427.1905292,13162152.425244836,12297626.059762483,11074372.020325357,1124463.1095130006,1476676.620513007,834665015.4106946,995211.6733170619,,4322658.75,,71085902.70823637
1700352000000,2023-11-19,Bridged Token Value (Dollar),716249773.5435442,13162152.425244818,12295241.189225227,11074372.020325357,1124407.0242670001,1476676.620513007,832667165.8045912,995211.6733170619,,4322658.75,,71085902.70823638
1700438400000,2023-11-20,Bridged Token Value (Dollar),715026405.1496532,13151427.290487876,12301774.218634725,11166719.682434572,1124342.2361380002,1476676.620513007,834740660.7952245,995311.7750745871,,4322658.75,,71085902.70823638
1700524800000,2023-11-21,Bridged Token Value (Dollar),713263489.3353041,13194024.296815123,12318225.899213465,11257056.187157754,1124882.0911660003,2084876.620513007,841273394.7538522,996112.58913479,,4322658.75,,71085902.70823637
1700611200000,2023-11-22,Bridged Token Value (Dollar),713155743.956787,13166061.233380595,12292089.741029572,11286437.296860613,1124494.3293789998,2084876.620513007,836769073.3434033,996813.3014374675,,4322658.75,,71085902.70823638
1700697600000,2023-11-23,Bridged Token Value (Dollar),713064866.5639493,13129410.07369725,12282352.62438386,11365798.736409461,1124096.4832990007,2084876.620513007,838280187.6891814,996813.3014374675,,4322658.75,,71085902.70823637
1700784000000,2023-11-24,Bridged Token Value (Dollar),714395711.4422592,13156173.35315267,12298777.055510163,11481465.522682372,1124318.3377449997,2691276.620513007,842219311.7597392,995862.1987863244,,4322658.75,,71085902.70823638
1700870400000,2023-11-25,Bridged Token Value (Dollar),714538222.3931249,13206239.395763788,12335202.029508999,11561213.474294795,1124906.6802640003,2691276.620513007,842219323.2560228,995862.1987863244,,4322658.75,,71085902.70823638
1700956800000,2023-11-26,Bridged Token Value (Dollar),714545093.8205625,13206239.395763766,12334624.967688972,11561213.474294793,1124883.6107169993,2691276.620513007,842219323.0351868,995862.1987863244,,4322658.75,,71085902.70823637
1701043200000,2023-11-27,Bridged Token Value (Dollar),718284081.4322131,13198206.772518689,12334536.534727002,11572021.473629769,1124808.1857309996,2691276.620513007,847153766.3319144,997963.4172284463,,4322658.75,,71085902.70823637
1701129600000,2023-11-28,Bridged Token Value (Dollar),717567309.7450899,13223673.180454915,12350867.824801784,11691772.617432717,1125069.2722210004,2691276.620513007,857905267.5556445,1000943.0649101371,,4322658.75,,71085902.70823638
1701216000000,2023-11-29,Bridged Token Value (Dollar),717632650.6421063,13271819.741044426,12471958.277645037,11807700.303723136,1125693.393259,2691276.620513007,858430060.0480055,1003547.0792875298,,4322658.75,,71085902.70823637
1701302400000,2023-11-30,Bridged Token Value (Dollar),711482345.7648432,13240168.28964781,12445824.257819774,11800629.107660433,1125272.477632,2691276.620513007,854597499.3463548,1003246.1132734563,,4322658.75,,71085902.70823637
1701388800000,2023-12-01,Bridged Token Value (Dollar),711828204.4926924,13153976.901285669,12406466.155409262,11832615.639641978,1124148.2861740007,2691276.620513007,867772550.8470212,1007052.7385659567,,4322658.75,,71085902.70823638
1701475200000,2023-12-02,Bridged Token Value (Dollar),712037848.1654754,13148086.826947378,12407460.502969671,11985159.548918394,1124076.8672770008,2691276.620513007,867772558.3430448,1007052.7385659567,,4322658.75,,71085902.70823637
1701561600000,2023-12-03,Bridged Token Value (Dollar),709971523.9553232,13141015.731315652,12405818.4160848,11985159.548918396,1124004.06697,2691276.620513007,886558272.4607662,1007052.7385659567,,4322658.75,,71085902.70823638
1701648000000,2023-12-04,Bridged Token Value (Dollar),711024430.8709306,13145323.327332778,12394940.172587914,11962662.723691257,1124071.2034959996,2691276.620513007,850775574.9094068,1004548.3798208906,,4322658.75,,71085902.70823637
1701734400000,2023-12-05,Bridged Token Value (Dollar),700401215.2724581,13080394.925482806,12352683.146031255,12064758.420428159,1123390.7209300003,2691276.620513007,842120070.6020591,1006251.3437675355,,4322658.75,,71085902.70823637
1701820800000,2023-12-06,Bridged Token Value (Dollar),700165093.2887762,13032787.150657719,12331066.790973024,12110720.11272093,1122785.6633500005,2691276.620513007,840545985.2797365,1006977.5339661979,,4322658.75,,71085902.70823637
1701907200000,2023-12-07,Bridged Token Value (Dollar),699187127.1077358,13004458.330596894,12319257.962764915,11972026.565530969,1122410.0579709993,2691276.620513007,844427084.2614404,1007979.3023048033,,4322658.75,,71085902.70823637
1701993600000,2023-12-08,Bridged Token Value (Dollar),696281529.288853,13037070.930312855,12323626.509386005,12085713.617711134,1122736.4851540003,2690776.620513007,832554178.4983627,1006075.9424614529,,4322658.75,,71085902.70823637
1702080000000,2023-12-09,Bridged Token Value (Dollar),694304331.2457737,13016483.516483512,12317281.177091781,12270725.429092186,1122448.0467459995,2690776.620513007,832554107.7733293,1006075.9424614529,,4322658.75,,71085902.70823637
1702166400000,2023-12-10,Bridged Token Value (Dollar),694309813.2825434,13016483.516483523,12316309.315849714,12270725.429092186,1122498.0537879998,2690776.620513007,833629109.0131129,1006075.9424614529,,4322658.75,,71085902.70823637
1702252800000,2023-12-11,Bridged Token Value (Dollar),700134029.5116435,13006128.497134877,12311898.657164548,12269285.09128748,1122391.408936,2690776.620513007,823328247.5949472,1005574.7774801241,,4322658.75,,71085902.70823637
1702339200000,2023-12-12,Bridged Token Value (Dollar),697564538.6258357,13004288.519169163,12323128.958948083,12381465.539537676,1122398.0397040003,2690776.620513007,821072958.140989,1007378.1396395982,,4322658.75,,71085902.70823637
1702425600000,2023-12-13,Bridged Token Value (Dollar),697357361.6671957,13049641.714070989,12370254.336746223,12536513.120894725,1122855.2864139993,2690776.620513007,841909630.9132034,1014391.21470422,,4322658.75,,71085902.70823637
1702512000000,2023-12-14,Bridged Token Value (Dollar),698043785.90168,13154307.046806382,12412633.928989287,12757728.338579996,1124017.4666469991,2690776.620513007,839447226.067901,1017296.6315167062,,4322658.75,,71085902.70823637
1702598400000,2023-12-15,Bridged Token Value (Dollar),695714930.2297931,13292787.904973282,12519057.716273954,12825856.572070025,1125557.1862330004,2690776.620513007,831866131.5439476,1016996.0711567937,,4322658.75,,71085902.70823637
1702684800000,2023-12-16,Bridged Token Value (Dollar),695736170.2205737,13188446.585420115,12477208.366677625,12752206.15563191,1124297.0640309993,2690776.620513007,831752168.4507141,1016996.0711567937,,4322658.75,,71085902.70823637
1702771200000,2023-12-17,Bridged Token Value (Dollar),695801007.6135745,13188446.585420104,12476269.127563305,12752206.15563191,1124505.9332229993,2690776.620513007,831020391.7426493,1016996.0711567937,,4322658.75,,71085902.70823637
1702857600000,2023-12-18,Bridged Token Value (Dollar),695955758.3166337,13170387.364334213,12472570.960545544,12881657.046881717,1124187.3800770002,2690776.620513007,834988007.2746302,1015994.2032904193,,4322658.75,59421377.431999646,71085902.70823638
1702944000000,2023-12-19,Bridged Token Value (Dollar),692801328.1105511,13207879.469894776,12500161.378646826,13043186.621562656,1124582.8777599996,2690776.620513007,838966812.4682242,1016996.0711567937,,4322658.75,59421377.431999646,71085902.70823637
1703030400000,2023-12-20,Bridged Token Value (Dollar),719937106.5591912,13279975.403670754,12529736.737543594,13079271.605904995,1125371.1103059996,2690776.620513007,832267933.9781691,1018799.433316268,,4322658.75,69324940.33733292,71085902.70823638
1703116800000,2023-12-21,Bridged Token Value (Dollar),718375223.6166168,13234298.398563055,12526623.318950653,13185163.538038515,1124854.601107,2690348.1983410176,840387491.2230513,1020402.4219024673,,4322658.75,71305652.91839957,71085902.70823637
1703203200000,2023-12-22,Bridged Token Value (Dollar),718790864.7201748,13319655.530704625,12567136.501184188,13233819.43095037,1125723.5079969994,2690348.1983410176,840041265.9368584,1005674.9642667616,,4322658.75,71305652.91839957,71085902.70823637
1703289600000,2023-12-23,Bridged Token Value (Dollar),718836891.1561376,13339647.627122926,12584970.106684487,13352858.502195891,1125927.9566770005,2690348.1983410176,840040844.5807649,1005674.9642667616,,4322658.75,69324940.33733292,71085902.70823637
1703376000000,2023-12-24,Bridged Token Value (Dollar),718843294.2027713,13340103.605004266,12584406.906652125,13352858.502195891,1125932.5153299994,2690348.1983410176,840534279.8928496,1005674.9642667616,,4322658.75,67344227.75626627,71085902.70823637
1703462400000,2023-12-25,Bridged Token Value (Dollar),718849697.2494049,13328610.712050859,12581287.269223705,13352858.502195891,1125886.6525179993,2690348.1983410176,840759927.8205112,1005674.9642667616,,4322658.75,63382802.59413296,71085902.70823637
1703548800000,2023-12-26,Bridged Token Value (Dollar),718497680.743246,13341657.372836184,12588732.676547673,13369188.601337347,1125908.340655,2690348.1983410176,845316329.6192715,1006977.3924930484,,4322658.75,69324940.33733292,71085902.70823637
1703635200000,2023-12-27,Bridged Token Value (Dollar),713848378.4732506,13368632.954975873,12602376.997556996,13388247.779153038,1126229.794761999,2690348.1983410176,842112732.9927926,1009381.8753723472,,4322658.75,67344227.75626627,71085902.70823637
1703721600000,2023-12-28,Bridged Token Value (Dollar),713384536.0647005,13443041.771034094,12656361.756774595,13614279.739628773,1127135.1708759998,2690348.1983410176,836660618.0416899,1008380.0075059728,,4322658.75,71305652.91839957,71085902.70823637
1703808000000,2023-12-29,Bridged Token Value (Dollar),708449398.5710114,13406644.487386378,12635007.728072893,13566972.956901837,1126569.6216220004,2690348.1983410176,834941353.6273366,1007979.260359423,,4322658.75,72363521.91839957,71085902.70823637
1703894400000,2023-12-30,Bridged Token Value (Dollar),708350988.6661879,13385338.414442025,12622918.984154588,13352570.478947807,1126282.5646239994,2690348.1983410176,833378467.2054397,1007979.260359423,,4322658.75,74373619.74946623,71085902.70823637
1703980800000,2023-12-31,Bridged Token Value (Dollar),701188038.3183297,13385338.414442008,12620935.052410498,13130946.694115294,1141868.1175309992,2690348.1983410176,834056890.8949337,1007979.260359423,,5475367.75,74373619.74946623,72524560.37523508
1704067200000,2024-01-01,Bridged Token Value (Dollar),701194462.7599026,13363723.661409069,12611556.698783072,13130946.694115294,1141848.7777909997,2690348.1983410176,833760187.9327433,1007979.260359423,,5475367.75,74373619.74946623,72524560.3752351
1704153600000,2024-01-02,Bridged Token Value (Dollar),695146474.903575,13370645.269878762,12662831.60816716,12779443.92101091,1140547.3514300005,2690348.1983410176,830362048.6263492,1006276.0849865862,,5475367.75,74373619.74946623,72524560.3752351
1704240000000,2024-01-03,Bridged Token Value (Dollar),703895116.8439517,13254580.969212184,12596185.21033089,12572935.552174907,1140325.3588429997,2690348.1983410176,819706750.0098112,1005574.7774801241,,5475367.75,74373619.74946623,72524560.37523508
1704326400000,2024-01-04,Bridged Token Value (Dollar),704577109.538806,13239140.552788975,12577417.569910076,12589852.792536844,1140613.7972509998,2690348.1983410176,820183118.1234887,1003771.4153206499,,5475367.75,76383717.5805329,72524560.37523508
1704412800000,2024-01-05,Bridged Token Value (Dollar),704572468.1868441,13259455.15206178,12587671.970362658,12561799.479007963,1140684.249161,2690348.1983410176,816698336.3187565,1003871.3113366258,,5475367.75,76383717.5805329,72524560.3752351
1704499200000,2024-01-06,Bridged Token Value (Dollar),701584509.5358584,13271117.927370325,12580910.225141713,12549612.934144448,1140636.4523749992,2690348.1983410176,816698336.3179611,1003871.3113366258,,5475367.75,76383717.5805329,72524560.37523508
1704585600000,2024-01-07,Bridged Token Value (Dollar),701597325.6754904,13271117.927370327,12577023.200581916,12549612.934144454,1140534.5043170003,2690348.1983410176,815953638.0764205,1003871.3113366258,,5475367.75,60301112.49092045,72524560.37523508
1704672000000,2024-01-08,Bridged Token Value (Dollar),696294442.2419453,13251578.436134046,12573000.8639159,12850686.258494534,1140656.897243,2690348.1983410176,810791760.8260071,1005975.1434918116,,5475367.75,64323130.59413296,72524560.3752351
1704758400000,2024-01-09,Bridged Token Value (Dollar),696303584.8296123,13266367.320118278,12575656.675526567,12753582.21407013,1140402.5796620005,2690348.1983410176,810849595.644734,1006375.9703245605,,5475367.75,66333228.42519961,72524560.37523508
1704844800000,2024-01-10,Bridged Token Value (Dollar),697594690.4876502,13247477.220657911,12581957.260228232,12830335.294828648,1140995.2045520002,2690348.1983410176,809188748.378385,1006375.9703245605,,5475367.75,66333228.42519961,72524560.3752351
1704931200000,2024-01-11,Bridged Token Value (Dollar),697687431.4069239,13302328.133487703,12616058.494549423,12672012.344945202,1141082.7859460001,2690348.1983410176,811533406.6939222,1009481.4700596188,,5475367.75,60311944.88973017,72524560.3752351
1705017600000,2024-01-12,Bridged Token Value (Dollar),697933248.6741028,13312748.096213281,12615580.304421786,12479607.194802856,1140758.1545960004,2690348.1983410176,815597089.53923,1011586.4358893529,,5475367.75,60302934.931999646,72524560.37523508
1705104000000,2024-01-13,Bridged Token Value (Dollar),697982108.3998173,13287971.616400393,12615914.696672129,12446909.687382141,1140775.6985030002,2690348.1983410176,815596896.3389869,1011586.4358893529,,5475367.75,60302934.931999646,72524560.37523508
1705190400000,2024-01-14,Bridged Token Value (Dollar),697988494.2030753,13287971.616400404,12612815.304470873,12446909.687382147,1140592.5235370004,2690033.3926654425,814963185.9377029,1011586.4358893529,,5475367.75,60302934.931999646,72524560.37523508
1705276800000,2024-01-15,Bridged Token Value (Dollar),697691744.5761333,13265297.410891648,12603049.472628921,12446909.687382149,1140581.0578339999,2690033.3926654425,815000036.1381845,1011586.4358893529,,5475367.75,60310585.53124158,72524560.37523508
1705363200000,2024-01-16,Bridged Token Value (Dollar),697452519.6693219,13271010.238325099,12582881.677576965,12466748.367992295,1139668.0839649998,2690033.3926654425,804812608.0196702,1007977.9230383801,,5475367.75,50242394.292345814,72524560.37523508
1705449600000,2024-01-17,Bridged Token Value (Dollar),697055395.9371784,13184839.53598408,12536041.341295395,12441242.511979356,1139665.5974269998,2690033.3926654425,804768392.0221533,1006716.9483943166,,5475367.75,58292837.68093299,72524560.37523508
1705536000000,2024-01-18,Bridged Token Value (Dollar),696846586.9591618,13197355.030068824,12532967.294081574,12412457.405496363,1139758.7044610009,2690033.392665442,797544915.6342866,1007017.6703743209,,5475367.75,52262544.12773303,72524560.37523508
1705622400000,2024-01-19,Bridged Token Value (Dollar),699297979.1403104,13193260.494587129,12537543.878657531,12528787.985462505,1190097.9787569994,2690033.3926654425,805491049.4097624,1007190.178353,,5475367.75,50252446.27666637,72524560.37523508
1705708800000,2024-01-20,Bridged Token Value (Dollar),699353417.0863835,13228133.689547986,12560504.635795169,12539393.253447913,1190084.8553620006,2690033.3926654425,805490937.692089,1007190.178353,,5475367.75,50253903.75460571,72524560.37523508
1705795200000,2024-01-21,Bridged Token Value (Dollar),699279167.8930055,13228133.689547988,12560639.398735173,12539393.25344791,1190084.8553620006,2690033.3926654425,805490937.692089,1007190.178353,,5475367.75,50252557.90778316,72524560.37523508
1705881600000,2024-01-22,Bridged Token Value (Dollar),698913089.5324557,13212371.915516548,12543248.662347399,12599545.751368163,1189653.441019,2690033.3926654425,802023268.9907477,1007993.1155036689,,5475367.75,50252446.27666637,72524560.37523508
1705968000000,2024-01-23,Bridged Token Value (Dollar),709002117.3712248,13198058.782637844,12533253.292768456,12584947.575906534,1189374.9487629998,2690033.3926654425,805192640.5919845,1007391.6278166453,,5475367.75,48242348.42559972,72524560.37523508
1706054400000,2024-01-24,Bridged Token Value (Dollar),707064278.2807119,13172628.760711716,12534407.412613362,12567546.917292813,1189712.5653669997,2690033.3926654425,799577591.0906459,1006691.9824322509,,5475367.75,54982000.37821052,72524560.37523508
1706140800000,2024-01-25,Bridged Token Value (Dollar),707101673.1436348,13200147.565014044,12541241.790370507,12718712.738395248,1189222.8555220002,2690033.3926654425,801182023.2980634,1009898.3269567689,,5475367.75,54976246.74403306,72524560.3752351
1706227200000,2024-01-26,Bridged Token Value (Dollar),706010262.612713,13168023.035669895,12521709.188911669,12775701.884586172,1189444.157404,2690033.3926654425,798691157.7784965,1008996.5425592482,,5475367.75,45408010.56867641,72524560.37523508
1706313600000,2024-01-27,Bridged Token Value (Dollar),698818067.2633427,13185103.42669854,12538479.121598287,12796484.708188698,1189387.6577350006,2690033.392665442,798691157.7784863,1008996.5425592482,,5475367.75,45415160.35376644,72524560.37523508
1706400000000,2024-01-28,Bridged Token Value (Dollar),698844087.6779892,13185103.426698562,12533596.946406493,12796484.708188698,1189186.2481569997,2690033.3926654425,800046689.8269901,1008996.5425592482,,5475367.75,47805431.9513331,72524560.37523508
1706486400000,2024-01-29,Bridged Token Value (Dollar),728971583.7340902,13160127.253446437,12520407.994371751,13000302.524274508,1189054.1853610002,2690033.3926654425,803777851.5974479,1011000.2125867747,,5475367.75,47805431.9513331,72530482.7952351
1706572800000,2024-01-30,Bridged Token Value (Dollar),695644543.1238862,13156969.127595328,12517745.902903594,13007886.936168192,2921900.9978379994,2690033.3926654425,805847517.583737,1011025.1793681645,,5475367.75,43024888.756199785,72530482.7952351
1706659200000,2024-01-31,Bridged Token Value (Dollar),694302630.3911465,13167384.748187099,12522574.878078248,12773872.141096186,2921904.313222001,2690033.3926654425,805055731.8769846,1011395.1046394382,,5360096.850000001,45415160.35376644,72530482.7952351
1706745600000,2024-02-01,Bridged Token Value (Dollar),694561945.7339671,13129497.841684608,12553261.270299837,12890720.685480107,2921357.2748619993,2690033.3926654425,804859524.9783572,1014141.5762097894,,5360096.850000001,38243986.42598581,72530482.7952351
1706832000000,2024-02-02,Bridged Token Value (Dollar),693081900.9582494,13213736.946670972,12583485.391859274,13061326.025904518,2921311.550191,2690033.392665442,802948780.49499,1010992.8982856082,,5360096.850000001,44317950.66253313,72530482.7952351
1706918400000,2024-02-03,Bridged Token Value (Dollar),693110076.2478571,13117196.695642792,12541826.837530186,13071914.69579855,2921305.8864099993,2690033.3926654425,802948780.4906693,1010992.8982856082,,5360096.850000001,44317950.66253313,72530482.7952351
1707004800000,2024-02-04,Bridged Token Value (Dollar),693124031.1823359,13117196.695642794,12536624.26429803,13071914.69579855,2921017.586143,2690033.3926654425,803080087.5947313,1010992.8982856082,,5360096.850000001,44300339.71262466,72530482.7952351
1707091200000,2024-02-05,Bridged Token Value (Dollar),693061135.2386048,13094388.802830338,12514894.817286637,12870777.551616702,2920495.8275859994,2690033.3926654425,797279075.0651816,1007887.0832180377,,5360096.850000001,44317950.66253313,72530482.7952351
1707177600000,2024-02-06,Bridged Token Value (Dollar),688981429.6062441,13045173.765912881,12492139.703386677,12835354.751168592,2920709.1172899995,2690033.3926654425,800483132.3093348,1010011.3042914574,,5360096.850000001,44317950.66253313,72530482.7952351
1707264000000,2024-02-07,Bridged Token Value (Dollar),688620276.9349984,13070620.836847432,12498681.960184269,12986472.41267335,2920707.3214570004,3022105.3926654425,800146078.4826316,1009710.884510288,,5360096.850000001,41711012.38826647,72530482.7952351
1707350400000,2024-02-08,Bridged Token Value (Dollar),688683013.9164044,13093633.701322922,12517579.590605622,13190355.346217798,2920982.9127520006,3022105.3926654425,799728441.1840076,1008509.2053856103,,5360096.850000001,41711012.38826647,72530482.7952351
1707436800000,2024-02-09,Bridged Token Value (Dollar),688005990.6557419,13093367.038522823,12520279.014888838,13465014.101122554,2921031.538384001,3022105.3926654425,794207292.0201509,1009009.9050208927,,5360096.850000001,41711012.38826647,72530482.7952351
1707523200000,2024-02-10,Bridged Token Value (Dollar),687915031.4047385,13109021.299541669,12526780.87091273,13511816.570922779,2921058.4758789996,3022105.3926654425,794207520.6448183,1009009.9050208927,,5360096.850000001,41711012.38826647,72530482.7952351
1707609600000,2024-02-11,Bridged Token Value (Dollar),687943741.9914019,13109021.299541647,12527254.268932732,13511816.57092278,2921058.4758789996,3022105.392665442,794207481.0294265,1009009.9050208927,,5360096.850000001,41864192.252855256,72530482.7952351
1707696000000,2024-02-12,Bridged Token Value (Dollar),688006838.2082863,13123655.821104364,12539593.499133663,13562987.282405932,2941262.7864180007,3022105.3926654425,794687955.9522755,1009210.1848750056,,5360096.850000001,39104074.113999814,72530482.7952351
1707782400000,2024-02-13,Bridged Token Value (Dollar),688043512.6024677,13091389.712638555,12500960.002762822,13330253.902579872,2940040.9292729995,3022105.3926654425,779664457.3459111,1005004.3079386343,,5360096.850000001,41711012.38826647,72530482.7952351
1707868800000,2024-02-14,Bridged Token Value (Dollar),697177371.3947457,13020742.089200633,12469804.513491433,13735778.471026128,2940360.7256879993,3022105.3926654425,780619785.2888291,1005004.3079386343,,5360096.850000001,41711012.38826647,72530482.7952351
1707955200000,2024-02-15,Bridged Token Value (Dollar),697536341.6901486,13049880.720250085,12490968.038826805,13953331.249890115,2940943.1281439997,3022105.3926654425,784614354.9853792,1008909.7650938362,,5360096.850000001,41711012.38826647,72530482.7952351
1708041600000,2024-02-16,Bridged Token Value (Dollar),686309100.4831333,13105442.821922997,12524701.948155556,14159240.41384265,2941011.2316569993,3022105.3926654425,788272097.8673322,1007282.2768855655,,5360096.850000001,33873115.35491339,72530482.7952351
1708128000000,2024-02-17,Bridged Token Value (Dollar),685545302.851677,13107391.88067807,12528796.017295066,14224400.381450722,2940978.630381,3022105.3926654425,788271922.8248788,1007282.2768855655,,5360096.850000001,36487175.872408405,72530482.7952351
1708214400000,2024-02-18,Bridged Token Value (Dollar),685552281.2037753,13107391.880678084,12530167.215805596,14224400.381450722,2941087.8999119997,3022105.392665442,788614165.0915364,1007282.2768855655,,5360096.850000001,39104074.113999814,72530482.7952351
1708300800000,2024-02-19,Bridged Token Value (Dollar),685437501.2397976,13115787.929896606,12532276.756012518,14224400.38145072,2940965.6451269994,3022105.392665442,789453364.973201,1007282.2768855655,,5360096.850000001,39104074.113999814,72530482.7952351
1708387200000,2024-02-20,Bridged Token Value (Dollar),687755364.954321,12851758.712755444,12276180.226079244,10256048.513659986,2940969.6512159994,3022105.392665442,788615678.2109451,1008384.2011616273,,5360096.850000001,39104074.113999814,72530482.7952351
1708473600000,2024-02-21,Bridged Token Value (Dollar),683149341.6603947,8823411.907420468,10016228.56957229,10121751.912533762,2941585.2075119996,3022105.3926654425,791520213.099336,1006982.4159549684,,5360096.850000001,39104074.113999814,72530482.7952351
1708560000000,2024-02-22,Bridged Token Value (Dollar),678979922.4475297,8830709.675584704,10020830.91231303,10356602.007897714,2941653.863589001,3022105.392665442,788931309.6584189,1007483.0535287751,,5360096.850000001,39104074.113999814,72530482.7952351
1708646400000,2024-02-23,Bridged Token Value (Dollar),679558196.5158057,8837801.80150387,10024458.48992859,10468657.369957922,2941729.5648569996,3022105.3926654425,792108652.9647641,1008884.8387354342,,5360096.850000001,39104074.113999814,72530482.7952351
1708732800000,2024-02-24,Bridged Token Value (Dollar),686207649.4084427,8843570.573857248,10026705.12403243,10446437.133954657,2941748.075751,3022105.3926654425,792109271.519882,1008884.8387354342,,5360096.850000001,39104074.113999814,72530482.7952351
1708819200000,2024-02-25,Bridged Token Value (Dollar),686198983.1106409,8843570.573857237,10024245.142715484,10446437.133954655,2941577.6097569996,3022105.3926654425,791658606.6266699,1008884.8387354342,,5360096.850000001,39104074.113999814,72530482.7952351
1708905600000,2024-02-26,Bridged Token Value (Dollar),685431008.1878217,8832729.992065543,10027758.151553096,10670759.60760177,2942001.4263450005,3022105.3926654425,789591990.1446702,1007382.9260140138,,5360096.850000001,41710482.84423952,72530482.7952351
1708992000000,2024-02-27,Bridged Token Value (Dollar),679208202.6494846,8857519.11823574,10037015.93416694,10858227.82915835,2963650.2600199995,3022105.3926654425,787638328.0456469,1007508.0237770723,,5360096.850000001,41692668.26329789,72530482.7952351
1709078400000,2024-02-28,Bridged Token Value (Dollar),676363798.6698533,8857752.203181637,10032504.568836367,10872270.431955587,2963593.760351001,3022105.3926654425,788528366.3658634,1008108.8037554725,,5360096.850000001,39087372.7323339,72530482.7952351
1709164800000,2024-02-29,Bridged Token Value (Dollar),674619424.607868,8857560.197199965,10981948.154111464,10968118.992814736,2963133.336398,3022105.392665442,790576417.816612,1008809.7137302726,,6858618.55,39159095.041770525,72530482.7952351
1709251200000,2024-03-01,Bridged Token Value (Dollar),674642166.0409896,8831208.107847469,10980743.452562733,11100710.82583998,2963680.236617001,3022105.3926654425,794647241.2716655,1010912.4436546733,,6858618.55,36481547.88351164,72530482.7952351
1709337600000,2024-03-02,Bridged Token Value (Dollar),674663447.3898057,8864510.44697624,10994676.686199311,11111311.431968521,2963675.2635410004,3022105.392665442,794647241.2716655,1010912.4436546733,,6858618.55,39087372.7323339,72530482.7952351
1709424000000,2024-03-03,Bridged Token Value (Dollar),674670466.0193291,8864510.446976246,10994206.30808618,11111311.43196852,2963648.049764001,3022105.3926654425,794898175.8803961,1010912.4436546733,,6858618.55,36481547.88351164,72530482.7952351
1709510400000,2024-03-04,Bridged Token Value (Dollar),675393962.5836613,8861617.602880511,10996789.13968511,11316375.073275218,2963824.0413979995,3022105.3926654425,804571920.4575235,1010712.1836618732,,6858618.55,36578843.01400037,72530482.7952351
1709596800000,2024-03-05,Bridged Token Value (Dollar),671989630.2931789,8872158.903716154,11001868.742701847,11215773.650637448,2963839.375049,3022105.392665442,805226376.4253877,1012063.823613035,,6858618.55,36578843.01400037,72530482.7952351
1709683200000,2024-03-06,Bridged Token Value (Dollar),668628352.1935878,8875167.744209865,11013782.16624663,11413732.74617761,2964435.1771819997,3022105.3926654425,810128387.1973327,1012999.7671222287,,6858618.55,33966068.51300035,72530482.7952351
1709769600000,2024-03-07,Bridged Token Value (Dollar),663806466.9852564,8910088.517535904,11042925.204004765,11684275.52405645,2965142.597243,3022105.3926654425,810122306.7897248,1012999.7671222287,,6858618.55,31353294.012000315,72530482.7952351
1709856000000,2024-03-08,Bridged Token Value (Dollar),680639929.6973245,8953126.854662342,11058167.069898067,11762793.641490147,2964961.4943919997,3022105.392665442,815820585.8843205,1015102.8808255966,,6858618.55,31353288.34949008,72530482.7952351
1709942400000,2024-03-09,Bridged Token Value (Dollar),680745757.554009,8948442.052793102,11053609.310029969,11824614.423540296,2964963.704648,3022105.392665442,815820795.7262166,1015102.8808255966,,6858618.55,31353294.012000315,72530482.7952351
1710028800000,2024-03-10,Bridged Token Value (Dollar),700813963.0537342,8948442.052793114,11056582.965412233,11824614.423540294,2965043.412005,3022105.392665442,817323363.1827348,1015102.8808255966,,6858618.55,36554483.58347961,72530482.7952351
1710115200000,2024-03-11,Bridged Token Value (Dollar),696844480.0625896,8946562.243176516,11054010.08115017,11780270.534997674,2964876.399536001,3022105.3926654425,816712757.1089509,1015252.9776204157,,6858618.55,34008735.962117314,72530482.7952351
1710201600000,2024-03-12,Bridged Token Value (Dollar),715085993.7883248,8938485.170116048,11048671.957206637,11912851.927091066,3014832.7469799994,3022105.3926654425,805181090.784437,1013950.9860342399,,6858618.55,36598025.64177869,72530482.7952351
1710288000000,2024-03-13,Bridged Token Value (Dollar),717601655.4718524,8937156.740502886,11047159.19415911,11856620.6304082,3014823.4915330005,3022105.392665442,804287986.418153,1013700.4789046571,,6858618.55,33958870.66690059,72530482.7952351
1710374400000,2024-03-14,Bridged Token Value (Dollar),690092454.5980219,8958274.139342654,11045520.992685696,11649566.561103294,3014225.617285,3022105.3926654425,806071095.1252396,1011597.1580809243,,6858618.55,33987597.204736724,72530482.7952351
1710460800000,2024-03-15,Bridged Token Value (Dollar),781340799.2785672,8904270.003383085,11024015.786811933,11578028.767785357,3014416.666288,3022105.392665442,803976934.2486482,1010194.944198436,,6858618.55,33945033.89873943,72530482.7952351
1710547200000,2024-03-16,Bridged Token Value (Dollar),781426535.657894,8910136.688220609,11028718.133428924,11616702.109718833,3014413.765327001,3022105.392665442,803976934.2458417,1010194.944198436,,6858618.55,33969008.064446874,72530482.7952351
1710633600000,2024-03-17,Bridged Token Value (Dollar),781445948.6881677,8910136.688220613,11024560.6278839,11616702.109718835,3014202.8240200006,3022105.3926654425,804073256.0797026,1010194.944198436,,6858618.55,33966068.51300035,72530482.7952351
1710720000000,2024-03-18,Bridged Token Value (Dollar),720448331.6611187,8904444.437869363,11019485.846193248,11643448.525295127,3114209.7310699997,3022002.1862256555,803199086.9393765,1010695.7348707531,,6858618.55,33961600.76099896,72530482.7952351
1710806400000,2024-03-19,Bridged Token Value (Dollar),721039389.5887223,8895440.925754644,11013677.72147436,11571434.754149541,3114083.7464780007,3022002.1862256555,804347860.5479581,1012298.2650221685,,6858618.55,33966068.51300035,72530482.7952351
1710892800000,2024-03-20,Bridged Token Value (Dollar),760854444.9870772,8890569.20619967,11005866.20191397,11856946.488224406,3113909.5506770005,5333207.1862256555,801395392.1106855,1014902.3765182183,,6858618.55,33972483.83093447,72530482.7952351
1710979200000,2024-03-21,Bridged Token Value (Dollar),775742528.9453825,8949452.070239255,11033497.532614801,12064818.632217927,3113926.8183020004,5333207.1862256555,810701882.1001678,1014902.3765182183,,6858618.55,36578843.01400037,72530482.7952351
1711065600000,2024-03-22,Bridged Token Value (Dollar),825841504.4213238,8888917.314021308,11006170.963476803,12020819.626275277,3138927.3708659997,5333207.1862256555,803854972.8609272,1007891.3071057765,,6858618.55,36574431.17164296,72530482.7952351
1711152000000,2024-03-23,Bridged Token Value (Dollar),825463790.7321326,8893673.308333462,10999055.026225114,11991823.767032584,3138573.039201,5333207.1862256555,803854968.5205017,1007891.3071057765,,6858618.55,28744291.693648048,72530482.7952351
1711238400000,2024-03-24,Bridged Token Value (Dollar),820958519.7039075,8893673.308333464,10983045.922913555,11991823.767032586,3138203.097603,5333207.1862256555,804925661.7247872,1007891.3071057765,,6858618.55,28739751.97998707,72530482.7952351
1711324800000,2024-03-25,Bridged Token Value (Dollar),831622575.0984292,8852666.22422191,10972449.499195546,12205684.128493674,3138189.6979260007,5333207.1862256555,804881522.781655,1013090.8220714501,,6858618.55,31337345.478426687,72530482.7952351
1711411200000,2024-03-26,Bridged Token Value (Dollar),921992119.4240465,8873357.211248886,10988931.193618946,12175235.5732279,3138511.5664560003,5333207.1862256555,809051682.0557468,1013191.4768972894,,6858618.55,31373444.793820962,72530482.7952351
1711497600000,2024-03-27,Bridged Token Value (Dollar),1039535024.0786531,8870312.371882033,10982305.935483437,12170871.09860497,3138248.545991999,5333207.1862256555,813272346.2441788,1015103.918588234,,6858618.55,33957767.698070645,72530482.7952351
1711584000000,2024-03-28,Bridged Token Value (Dollar),1069757100.6561579,8859241.709361373,10975159.882291576,12201551.931506556,3138250.0655430006,5333207.1862256555,813219374.7578956,1013996.7155040029,,6858618.55,31377081.284324013,72530482.7952351
1711670400000,2024-03-29,Bridged Token Value (Dollar),1072826101.7754735,8845583.838343792,10961976.754822101,12236198.824623467,3137970.7444410007,5333207.1862256555,828349075.1262345,1013996.7155040029,,6858618.55,31355773.33201773,72530482.7952351
1711756800000,2024-03-30,Bridged Token Value (Dollar),1072838661.9700713,8848920.02784022,10963734.455531696,12236198.824623464,3138025.8627,5333207.1862256555,828349075.1262445,1013996.7155040029,,6858618.55,31361441.043225475,72530482.7952351
1711843200000,2024-03-31,Bridged Token Value (Dollar),1072851238.1048566,8848920.027840227,10965165.015971707,12236198.824623467,3159290.6502,5333207.1862256555,828348674.652539,1013996.7155040029,,7550243.95,33976893.782382645,76659390.7967293
1711929600000,2024-04-01,Bridged Token Value (Dollar),1075712329.558909,8843103.685614584,11448556.925803948,12122354.461676905,3158475.0657359995,5333207.1862256555,834917629.0022931,1011909.3465934612,,7550243.95,31351001.609217852,76659390.7967293
1712016000000,2024-04-02,Bridged Token Value (Dollar),1075366522.6155565,8798320.399442619,11436265.60414872,11945250.383678365,3158887.9691850003,5332922.621214009,845170010.1082766,1011738.2114168032,,7550243.95,31351001.609217852,76659390.79672931
1712102400000,2024-04-03,Bridged Token Value (Dollar),1081020918.3524272,8822098.824437762,22786099.19411519,11990722.051584056,3159857.028300001,5332922.621214009,850985572.8270365,1011436.2601002244,,7550243.95,31351001.609217852,76659390.7967293
1712188800000,2024-04-04,Bridged Token Value (Dollar),1082187626.5958924,8882805.589210918,22810692.537744842,11889705.976009093,3159844.1811870006,5332922.621214009,848025943.0192893,1012140.8131722417,,7550243.95,28245626.734874558,76659390.7967293
1712275200000,2024-04-05,Bridged Token Value (Dollar),1118583840.9593072,8883364.25726856,22810201.60946614,11893621.16715098,3159837.2741369996,5332922.621214009,848893078.7626777,1010857.3272174551,,7550243.95,28245626.734874558,76659390.7967293
1712361600000,2024-04-06,Bridged Token Value (Dollar),1118610233.5531082,8891264.208046881,22814755.831661206,11852647.42972718,3159937.978926,5332922.621214009,863944933.0539706,1010857.3272174551,,7550243.95,33882957.60879197,76659390.79672931
1712448000000,2024-04-07,Bridged Token Value (Dollar),1119126305.0900986,8891264.208046881,22810174.91235042,11852647.42972718,3159748.587614999,5332922.621214009,857395530.7165694,1010857.3272174551,,7550243.95,25383332.879321143,76659390.7967293
1712534400000,2024-04-08,Bridged Token Value (Dollar),1124620695.7055733,8880151.98142947,22815143.09068248,12035519.673751218,3160198.927275001,5332922.621214009,867193047.1049114,1010555.3684420242,,7550243.95,25414962.338512454,76659390.7967293
1712620800000,2024-04-09,Bridged Token Value (Dollar),1145860172.0804946,8908147.50614901,22825487.237850573,12001980.072423242,3160143.6708750003,5331377.420864164,872166401.0929885,1011753.1515437478,,7550243.95,28238413.60924578,76659390.7967293
1712707200000,2024-04-10,Bridged Token Value (Dollar),1161871371.934667,8902589.271549836,22824339.6489703,11952969.251796922,3160144.6378619997,5331377.420864163,871274682.4055629,1006896.986351542,,7550243.95,22589353.221045814,76659390.7967293
1712793600000,2024-04-11,Bridged Token Value (Dollar),1163988533.4456456,8811155.828282323,22751259.90969509,12178530.1346497,3158523.415085999,5331377.420864163,864153704.014523,1006695.6874738229,,7550243.95,22598848.16673825,76659390.79672931
1712880000000,2024-04-12,Bridged Token Value (Dollar),1188036226.0933156,8861215.117343437,22741227.488377754,11953409.719838336,3158319.2426880007,5331377.420864163,879402258.8963397,1007500.8829846996,,7550243.95,25414580.919797376,76659390.79672931
1712966400000,2024-04-13,Bridged Token Value (Dollar),1188065649.1827378,8804807.639916738,22700784.365428254,11873316.882709038,3157470.7806659993,5331377.420864163,867539159.9261274,1007500.8829846996,,7550243.95,24944606.58853243,76659390.7967293
1713052800000,2024-04-14,Bridged Token Value (Dollar),1188104355.6266425,8804925.65418785,22702525.917268258,11873316.882709036,3157470.7806659993,5331377.420864164,867539160.7276019,1007500.8829846996,,7550243.95,25424422.623665724,76659390.7967293
1713139200000,2024-04-15,Bridged Token Value (Dollar),1187191539.114987,8798330.222262627,22686377.25242192,11466894.24689661,3156938.5233930005,5331377.420864163,881527888.1908622,1004778.6012191139,,7550243.95,28236691.52630727,76659390.7967293
1713225600000,2024-04-16,Bridged Token Value (Dollar),1183456915.2234714,8782403.969079247,22676513.116220865,11322686.951744026,3156858.9541769996,5331377.420864163,881960620.6942409,1003367.9043379945,,7550243.95,22586303.80460944,76659390.7967293
1713312000000,2024-04-17,Bridged Token Value (Dollar),1207892850.415606,8778219.37766263,22673649.59846552,11185620.65223946,3156856.1913570007,5331377.420864163,883531659.5125546,1004797.2084927838,,7550243.95,25409676.88589343,76659390.7967293
1713398400000,2024-04-18,Bridged Token Value (Dollar),1214261227.1285992,8818059.985533053,22704469.403878678,11169601.04389296,3157527.9710399993,5331377.420864163,878043065.9559938,1004696.5475822957,,7550243.95,25408463.99014605,76659390.7967293
1713484800000,2024-04-19,Bridged Token Value (Dollar),1221662977.015081,8798659.743948368,22693178.98013119,11057572.408741934,3157428.3713789997,5331377.420864164,886844183.8113055,1004897.869403272,,7550243.95,25413022.37367654,76659390.7967293
1713571200000,2024-04-20,Bridged Token Value (Dollar),1221869114.8009968,8817052.797636194,22699972.404047783,11023107.766660623,3157428.371379,5331377.420864163,886844126.9763994,1004897.869403272,,7550243.95,25375983.63079088,76659390.7967293
1713657600000,2024-04-21,Bridged Token Value (Dollar),1221958949.9208965,8817037.523032254,22700609.280563965,11023107.766660623,3157442.738043,5331377.420864163,886844183.7422484,1004897.869403272,,7550243.95,28236691.52630727,76659390.7967293
1713744000000,2024-04-22,Bridged Token Value (Dollar),1225233068.2698784,8813646.88348029,22696600.081075013,11250325.929195687,3157316.61531,5331377.420864163,867171602.4392215,1006105.8003291298,,7550243.95,28236691.52630727,76659390.7967293
1713830400000,2024-04-23,Bridged Token Value (Dollar),1223521992.3994868,8812792.673600275,22708185.46302246,11551447.187468484,3157982.316789,5331377.420864163,863657262.1797936,1007716.3748969403,,7550243.95,28247202.792247612,76659390.7967293
1713916800000,2024-04-24,Bridged Token Value (Dollar),1213581078.8057382,8851822.214582073,22725270.25520027,11500165.50661687,3157931.8953239997,5331377.420864163,860866453.4686414,1006911.0876130351,,7550243.95,22590040.994091358,76659390.7967293
1714003200000,2024-04-25,Bridged Token Value (Dollar),1258265386.2518795,8846974.596114649,22731913.02269622,11384008.129528621,3158337.339159,5330377.420864163,866233146.5115861,1006005.1394186417,,7550243.95,22489237.62995973,76659390.7967293
1714089600000,2024-04-26,Bridged Token Value (Dollar),1301836271.323235,8875040.160526644,22733843.494187146,11611855.08266971,3157920.4296209994,5330377.420864163,868845532.5991521,1007112.3594090126,,7550243.95,28236763.79143312,76659390.79672931
1714176000000,2024-04-27,Bridged Token Value (Dollar),1302154993.4703977,8849117.589903282,22724329.704296812,11670617.328118075,3157975.8241620003,5330377.420864163,868845533.044461,1007112.3594090126,,7550243.95,22589353.221045814,76659390.79672931
1714262400000,2024-04-28,Bridged Token Value (Dollar),1302194830.908331,8851445.225901775,22726760.893331625,11670617.328118073,3158032.876395,5330377.420864163,868288479.9032235,1007112.3594090126,,7550243.95,22589353.221045814,76659390.7967293
1714348800000,2024-04-29,Bridged Token Value (Dollar),1328131535.362589,8859376.159192711,23263902.628841255,11535832.035245385,3158174.747202,5330377.420864163,867180846.6204844,1008320.2902748705,,7550243.95,22589353.221045814,76659390.79672931
1714435200000,2024-04-30,Bridged Token Value (Dollar),1336961006.1860306,8881553.475328086,23267182.212023392,11182150.962341068,3158166.873165,5330377.420864164,868281717.9309138,1006609.0548815718,,6397534.95,22589353.221045814,76659390.7967293
1714521600000,2024-05-01,Bridged Token Value (Dollar),1345609274.7896442,8840147.802838368,23236010.03154154,11130558.692882545,3157484.318484,5330377.420864163,852746045.7392763,1008320.2902748705,,6397534.95,25411684.467056938,76659390.7967293
1714608000000,2024-05-02,Bridged Token Value (Dollar),1363414026.6190462,8880570.906932868,23268804.583849117,11429962.919773947,3158197.816749,5330377.420864163,865245208.6182983,1010937.4738175625,,6397534.95,22588500.972159415,76659390.7967293
1714694400000,2024-05-03,Bridged Token Value (Dollar),1350132133.9689534,8897583.04874107,23286687.759713955,11597733.861769784,3158909.242899,5330377.420864163,857599707.4877145,1013252.6746437902,,6397534.95,22589353.221045814,76659390.7967293
1714780800000,2024-05-04,Bridged Token Value (Dollar),1350205715.5578663,8930173.559909996,23300052.52114413,11575187.318709154,3158878.437456,5330377.420864163,857592551.1703995,1013252.6746437902,,6397534.95,22600831.669614695,76659390.7967293
1714867200000,2024-05-05,Bridged Token Value (Dollar),1350750600.5688386,8927984.949453818,23299818.295873053,11575187.318709154,3158878.437456,5330377.420864163,857592551.1704832,1013252.6746437902,,6397534.95,22589353.221045814,76659390.7967293
1714953600000,2024-05-06,Bridged Token Value (Dollar),1350389702.4182067,9021519.315899417,23296815.280600727,11705687.057928888,3158887.5547620007,5330377.420864163,866430768.2285187,1014007.2429660836,,6397534.95,22589674.918370213,76659390.7967293
1715040000000,2024-05-07,Bridged Token Value (Dollar),1353077195.3708756,9030021.97649314,23295658.493121296,11611275.649289494,3158651.1955109993,5330377.420864163,862449634.0644543,1014711.9040105352,,6397534.95,19769777.597993523,76659390.7967293
1715126400000,2024-05-08,Bridged Token Value (Dollar),1353841541.3863912,9016329.249595296,23288605.11890433,11535046.57941716,3158593.866995999,5330377.420864163,859042240.9538699,1014105.8940295465,,6397534.95,22591465.394973136,76659390.79672931
1715212800000,2024-05-09,Bridged Token Value (Dollar),1355577258.3204381,9013050.058932457,23296976.94209749,11546231.73480029,3159081.919149,5330377.420864163,873523955.4581425,1014659.9113205944,,6397534.95,25412960.96559025,76659390.7967293
1715299200000,2024-05-10,Bridged Token Value (Dollar),1354379941.5395021,9046375.543751443,23309184.697126973,11470023.153858934,3159065.0659469995,5330377.420864163,878441313.6298834,1013753.9649712009,,6397534.95,22589353.221045814,76659390.7967293
1715385600000,2024-05-11,Bridged Token Value (Dollar),1354458131.6947978,9044293.210309085,23307816.14615819,11427444.245484915,3159039.7861439995,5330377.420864163,878441248.9309897,1013753.9649712009,,6397534.95,22589353.221045814,76659390.7967293
1715472000000,2024-05-12,Bridged Token Value (Dollar),1354503301.9683037,9042737.268020686,23305032.31900404,11427444.245484913,3158923.885845,5330377.420864163,878419464.3690946,1013753.9649712009,,6397534.95,25413022.37367654,76659390.7967293
1715558400000,2024-05-13,Bridged Token Value (Dollar),1345458188.060467,9036782.28649219,23302170.48337549,11422987.203281961,3158930.2403309997,5330377.420864163,878470063.8651783,1013854.625676689,,6397534.95,19765684.06841509,76659390.79672931
1715644800000,2024-05-14,Bridged Token Value (Dollar),1405059274.65119,9056998.125280865,23322123.93226003,11505075.889899971,3159542.7575249993,5330377.420864163,876692320.2651498,1014659.9113205944,,6397534.95,19765684.06841509,76659390.79672931
1715731200000,2024-05-15,Bridged Token Value (Dollar),1410299252.8238792,10708442.98676187,23349587.386166584,11859627.343401516,3160570.250283001,5330377.420864163,890129079.1554632,1017906.0229084528,,6397534.95,22589353.221045814,76659390.7967293
1715817600000,2024-05-16,Bridged Token Value (Dollar),1457857401.9028742,10772366.714645997,23370892.11589048,11732948.67333307,3160259.5711740004,27735977.42086416,882287416.2055122,1017503.3702095175,,6397534.95,22594439.731987696,76659390.7967293
1715904000000,2024-05-17,Bridged Token Value (Dollar),1457344540.6882834,10756265.706768906,23367898.936682798,11699481.251481764,3160493.582028001,27735977.42086416,895695752.7692207,1016597.4016369131,,6397534.95,19765684.06841509,76659390.7967293
1715990400000,2024-05-18,Bridged Token Value (Dollar),1469716318.4511683,10766132.466109745,23372715.361156084,11734703.56282461,3160439.9833200006,27735977.42086416,895696082.3886652,1016597.4016369131,,6397534.95,22589353.221045814,76659390.79672931
1716076800000,2024-05-19,Bridged Token Value (Dollar),1469763851.5582514,10765099.199703744,23369298.581009034,11734703.56282461,3160340.659941,27735977.42086416,897751464.4585395,1016597.4016369131,,6397534.95,22604270.817357786,76659390.7967293
1716163200000,2024-05-20,Bridged Token Value (Dollar),1488581099.1845586,10763064.98527436,23363607.90079879,11936339.65015085,3160170.3320880006,27735977.42086416,900215701.1792821,1016069.1611974285,,6397534.95,22586690.983727466,76659390.7967293
1716249600000,2024-05-21,Bridged Token Value (Dollar),1487501762.050979,10754338.228927772,23357839.269306168,12037875.139181582,3160110.9314580006,27735977.42086416,897371247.6117533,1016673.1254303574,,6397534.95,22586690.983727466,76659390.7967293
1716336000000,2024-05-22,Bridged Token Value (Dollar),1499509073.5559473,10819351.251743993,23356032.413413063,12069524.052974759,3160108.7212020005,27735977.42086416,897387501.3455768,1016069.1611974285,,6397534.95,22589353.221045814,76659390.79672931
1716422400000,2024-05-23,Bridged Token Value (Dollar),1506987149.2068424,10789887.166642059,23336585.505668264,11936492.473567681,3159673.7151929997,27735977.420864157,882681319.899021,1014357.9292041298,,6417405.0600000005,16942014.91578436,76659390.79672931
1716508800000,2024-05-24,Bridged Token Value (Dollar),1535338433.7876918,10803568.70042236,23338845.337127328,12121358.497676397,3160001.5237859995,27735977.42086416,864987067.8295782,1015061.5154905457,,6417405.0600000005,19765684.06841509,76659390.7967293
1716595200000,2024-05-25,Bridged Token Value (Dollar),1534491621.6523056,10831293.1408715,23351403.247119553,12208048.841166014,3160006.0824390007,27735977.42086416,864986981.3033781,1015061.5154905457,,6417405.0600000005,22588855.62051073,76659390.79672931
1716681600000,2024-05-26,Bridged Token Value (Dollar),1534516146.6716788,10829975.646299608,23351287.0564777,12208048.841166014,3159987.571544999,27735808.1998567,865949940.8114756,1015061.5154905457,,6417405.0600000005,16942751.468754403,76659390.7967293
1716768000000,2024-05-27,Bridged Token Value (Dollar),1534623680.6456368,10837670.787548728,23354241.666560315,12208048.841166012,3160170.470229001,27735306.38422082,871626328.6453903,1015061.5154905457,,6417405.0600000005,16942014.91578436,76659390.79672931
1716854400000,2024-05-28,Bridged Token Value (Dollar),1563818132.6373117,10943563.724764315,23357032.029128097,12305951.4438458,3160050.4256999996,27735306.38422082,874509440.6677096,1013551.6064532235,,6417405.0600000005,19764938.61184323,76659390.7967293
1716940800000,2024-05-29,Bridged Token Value (Dollar),1538819210.162713,10897117.11118709,23340518.82515686,12210459.895314902,3159352.1229450004,27735306.38422082,866813854.623707,1012645.6610308301,,6417405.0600000005,19765684.06841509,76659390.79672931
1717027200000,2024-05-30,Bridged Token Value (Dollar),1540429150.608458,10880483.016352292,23321941.080245856,12060622.85069902,3159354.4713419992,27735306.38422082,866769296.4657218,1013853.5882606878,,6417405.0600000005,22585860.610285528,76659390.7967293
1717113600000,2024-05-31,Bridged Token Value (Dollar),1542012981.9648485,10944053.048881264,23345901.17074742,12000989.951049661,3160027.908717,27735306.38422082,863438195.5968883,1015665.4791054747,,6879920.739999999,28236736.14769941,76659390.79672931
1717200000000,2024-06-01,Bridged Token Value (Dollar),1544791685.6338344,10959718.17691312,23353020.74421079,11961458.929085227,3160049.182431,27735306.38422082,863437591.8692285,1015665.4791054747,,6879920.739999999,31053846.00185786,76659390.7967293
1717286400000,2024-06-02,Bridged Token Value (Dollar),1544816464.1014104,10964656.737271154,23353611.38708527,11961446.806002516,3160054.8462119987,27735306.38422082,862865790.6079233,1015665.4791054747,,6879920.739999999,28233805.301256873,76659390.7967293
1717372800000,2024-06-03,Bridged Token Value (Dollar),1556230941.6041648,12937513.866873343,23502416.61448284,12055563.880182296,3160065.8974920004,27735306.38422082,863787838.4827033,1018081.3335651904,,6879920.739999999,28130539.986274574,76659390.7967293
1717459200000,2024-06-04,Bridged Token Value (Dollar),1606705615.215674,13024270.852576299,23529684.091386363,12239287.035646934,3160455.4551119995,27735306.38422082,864856971.642613,1019289.2607950482,,12807775.345496867,25413022.37367654,76659390.7967293
1717545600000,2024-06-05,Bridged Token Value (Dollar),1619398973.7635114,13036877.974493112,23518855.291823253,12527191.280508645,3160354.0596180004,27735306.38422082,874650642.3881178,1020295.8668199297,,12810729.55253403,25413022.37367654,76659390.7967293
1717632000000,2024-06-06,Bridged Token Value (Dollar),1626396786.8607488,13107277.576635163,23516283.761850253,12613129.335132685,3160356.8224380002,27735306.38422082,874650221.8601807,1020295.8668199297,,12814820.49487972,19765998.35815552,76659390.7967293
1717718400000,2024-06-07,Bridged Token Value (Dollar),1663543614.8796473,13136381.905645572,23527847.300914332,12528476.00603217,3160605.1999559994,27735306.38422082,882813430.3654426,1017779.3517577259,,13182044.658866847,25413022.37367654,76659390.7967293
1717804800000,2024-06-08,Bridged Token Value (Dollar),1663568521.5795307,13040323.763994964,23477674.51362688,12462404.071597217,3159513.8860560004,27735306.38422082,852848142.577273,1017779.3517577259,,13187501.861212462,25413022.37367654,76659390.79672931
1717891200000,2024-06-09,Bridged Token Value (Dollar),1664628939.1078725,13074625.393484734,23469101.778387055,12462404.071597217,3159056.7774869995,27735306.38422082,854735271.8001323,1017779.3517577259,,13194619.465949655,22589533.313632686,76659390.79672931
1717977600000,2024-06-10,Bridged Token Value (Dollar),1666363449.0959535,13046897.71787074,23452298.555744845,12563745.366969073,3158826.082017,27735306.38422082,861556103.7744951,1017834.2933890641,,13198190.082490243,22589533.313632686,76659390.79672931
1718064000000,2024-06-11,Bridged Token Value (Dollar),1666798710.2231915,13093869.217525031,23458741.02666748,12506217.760945179,3158502.417654,27735306.38422082,863462144.478193,1018740.2877160842,,13201195.39939696,19765684.06841509,76659390.7967293
1718150400000,2024-06-12,Bridged Token Value (Dollar),1678261491.120052,13091297.882501712,23622577.751313094,12693718.283439219,3159511.1232359996,27735306.38422082,865706194.4187897,1021055.6065518027,,13204072.640692456,19765684.06841509,76659390.7967293
1718236800000,2024-06-13,Bridged Token Value (Dollar),1691147203.0958147,13240984.660197064,23629372.253409322,12694113.625909071,3158493.852912,27735306.38422082,858854816.3168606,1023270.2593511853,,13207387.602083985,22589353.221045814,76659390.79672931
1718323200000,2024-06-14,Bridged Token Value (Dollar),1691667193.9427953,13862829.009576349,23595435.454318255,12651977.112647252,3158126.3978519994,27735306.38422082,870146575.3918275,1022666.263133172,,13210409.618932767,19766239.281828806,76659390.7967293
1718409600000,2024-06-15,Bridged Token Value (Dollar),1691512700.7242768,13831640.560321542,23586856.197078362,12637203.16971286,3158175.8523299997,27735306.38422082,870146593.6070983,1022666.263133172,,13213642.718146384,22589353.221045814,76659390.7967293
1718496000000,2024-06-16,Bridged Token Value (Dollar),1691576091.6787603,13855926.057055742,23584204.453581903,12637203.16971286,3157991.9866590006,27735306.38422082,868632395.1216613,1022666.263133172,,13216794.47917704,22589353.221045814,76659390.7967293
1718582400000,2024-06-17,Bridged Token Value (Dollar),1697100380.608212,14363996.516170809,23589228.431471244,12725521.070219062,3158510.15355,27735306.38422082,865505023.9646457,1021608.8877195511,,13219942.644033818,22647639.02042566,76659390.7967293
1718668800000,2024-06-18,Bridged Token Value (Dollar),1691055017.4578307,14568760.696021503,23611804.946925573,12662331.030537212,3158506.0093200007,27735306.38422082,868602445.8573889,1023219.6230569095,,13222958.669986099,19785826.702929728,76659390.7967293
1718755200000,2024-06-19,Bridged Token Value (Dollar),1691082332.1178071,14559048.67935372,23614324.08058199,12620408.568011021,3158612.3778899997,27735306.38422082,868900193.5516857,1023219.6230569095,,13225849.98369033,19764546.365467906,76659390.7967293
1718841600000,2024-06-20,Bridged Token Value (Dollar),1712188451.8379118,14749623.748658769,23633940.538449354,12579342.226229558,3158037.711330001,27735306.38422082,880611324.5475907,1023018.2811397398,,13228895.245068092,22589353.221045814,76659390.7967293
1718928000000,2024-06-21,Bridged Token Value (Dollar),1723628436.400979,15458722.962833025,23626250.603309825,12469761.103530277,3157922.639877,27735306.38422082,865948218.9565451,1023320.2940154944,,13235701.86052439,19764421.277845114,76659390.79672931
1719014400000,2024-06-22,Bridged Token Value (Dollar),1723935750.4647279,15412818.234593399,23622605.393405233,12427243.6900229,3157905.924816,27735306.38422082,865948233.3546637,1023320.2940154944,,13287897.027483199,19766245.758870155,76659390.79672931
1719100800000,2024-06-23,Bridged Token Value (Dollar),1724645427.7075055,15450064.064798484,23619821.567057326,12427243.6900229,3157794.8594519994,27735306.38422082,864850969.3492469,1023320.2940154944,,13290853.995200556,19766004.251286242,76659390.7967293
1719187200000,2024-06-24,Bridged Token Value (Dollar),1732142229.38005,15443392.381403979,23616643.33097732,12243888.70718732,3157786.847274,27735306.38422082,864940513.2566687,1023017.2649397247,,13293365.453489535,19768925.650273617,76659390.7967293
1719273600000,2024-06-25,Bridged Token Value (Dollar),1740382284.1600018,15553490.091966838,23638943.984648705,12333073.850202661,9497028.823499998,27735306.38422082,865442414.8084006,1012346.1539297254,,13296124.936929971,22573897.850950427,76659390.79672931
1719360000000,2024-06-26,Bridged Token Value (Dollar),1786534584.5256426,15705800.500466261,23622698.214299127,12334774.389064686,11879254.649153,27735306.38422082,857324372.9774427,1011742.1287782162,,13299157.237863138,22595045.70928717,76659390.79672931
1719446400000,2024-06-27,Bridged Token Value (Dollar),1789166958.550858,17081125.1406255,23619574.206665073,12407374.705037707,11879639.786261,27735306.38422082,868273076.1190554,1012547.4956468953,,13301934.389828775,19766545.05809736,76659390.79672931
1719532800000,2024-06-28,Bridged Token Value (Dollar),1793050015.445367,17186170.552730143,23631664.103399307,12402001.487169666,11879752.785598999,27735306.38422082,867897981.9864895,1010936.7619095369,,13305038.342830366,19765683.726710647,76659390.79672931
1719619200000,2024-06-29,Bridged Token Value (Dollar),1793122271.405432,17144982.698684756,23634374.9078857,12392802.48160768,11879736.484961,27735306.38422082,867897981.9851531,1010936.7619095369,,13308499.08862704,25413022.37367654,76659390.79672931
1719705600000,2024-06-30,Bridged Token Value (Dollar),1794496248.9213364,17196936.010123547,23639321.451300845,12392802.481607677,11704906.834909,27735306.38422082,867409476.4707168,1010936.7619095369,,13022668.845367923,25413022.37367654,72661412.19372803
1719792000000,2024-07-01,Bridged Token Value (Dollar),1800972158.567288,17242546.030921124,23647222.36111907,12729276.569860103,11704934.601249998,27735306.38422082,869962258.8224142,1009727.9427393655,,13025828.663923843,25413022.37367654,72661412.19372801
1719878400000,2024-07-02,Bridged Token Value (Dollar),1791630225.8268425,17620932.631274085,23638325.38722226,12782755.751189765,11704926.312789999,27735306.38422082,869962635.3405707,1010911.3147144396,,13029009.644797103,22589353.221045814,72661412.19372801
1719964800000,2024-07-03,Bridged Token Value (Dollar),1798626481.9759557,17616356.692561843,23725333.252442006,12813516.796328172,11705666.748550002,27735306.38422082,879778877.1363233,1013151.2084192594,,13031000.703535061,28236691.52630727,72661412.19372803
1720051200000,2024-07-04,Bridged Token Value (Dollar),1803677350.2668216,125980478.4632964,23741186.27142344,12814101.294321738,11705669.235088,27735306.38422082,879779484.4831386,1013151.2084192594,,13033672.098092765,28236691.52630727,72661412.19372801
1720137600000,2024-07-05,Bridged Token Value (Dollar),1813010777.0682867,126299924.17807496,23764342.679256164,12876949.137755916,11706485.095834002,27735306.38422082,892386270.468391,1015642.4920431864,,13035206.860367512,31085808.197372828,72661412.19372801
1720224000000,2024-07-06,Bridged Token Value (Dollar),1812274230.7157948,126667108.84725606,23778528.745649636,12870214.146176187,11706477.359938001,27735306.38422082,892386327.4066731,1015642.4920431864,,13032668.310367513,31060360.678937994,72661412.19372801
1720310400000,2024-07-07,Bridged Token Value (Dollar),1812370026.032481,126690887.88315904,23772447.888050158,12870214.146176185,11706183.672172,27735306.38422082,890132896.2893835,1015642.4920431864,,13032267.27036751,31060360.678937994,72661412.19372801
1720396800000,2024-07-08,Bridged Token Value (Dollar),1824340775.9586406,126573102.52974336,23765634.742392667,12760662.273122782,11706231.468958,27735306.38422082,880161507.8161008,1016905.7881722397,,13033754.4546939,28236691.52630727,72661412.19372801
1720483200000,2024-07-09,Bridged Token Value (Dollar),1824203967.6079063,126643895.76500987,23762754.180667736,12765780.131823143,11706000.497206,27735306.38422082,881387101.4042033,1016628.527899074,,13034194.475143712,28236691.52630727,72661412.19372801
1720569600000,2024-07-10,Bridged Token Value (Dollar),1830603310.7292538,126784451.28547177,23770728.23835061,12862294.505461544,11706246.388186,27735306.38422082,884157802.3768377,1017736.6370832659,,13035227.555008799,22588350.8591151,72661412.19372801
1720656000000,2024-07-11,Bridged Token Value (Dollar),1868611126.883827,127000589.1692044,23787928.47988429,12694289.240730044,11706816.357952,27735306.38422082,900057762.5042297,1019525.032482684,,13105690.005205171,25412709.758792676,72661412.19372801
1720742400000,2024-07-12,Bridged Token Value (Dollar),1865174940.3074725,127554256.66761154,23815173.664309278,12783028.838709781,11707445.590207,27735306.38422082,897502388.4054848,1020298.6560077424,,13107880.194616484,28235925.647917446,72661412.19372801
1720828800000,2024-07-13,Bridged Token Value (Dollar),1869303153.8159685,127975926.47479923,23831419.44627091,12801820.572934046,11707401.385087,27735306.38422082,897502791.6461225,1020298.6560077424,,23622534.71371193,28234968.9130571,72661412.19372801
1720915200000,2024-07-14,Bridged Token Value (Dollar),1871830394.223011,127982010.53157486,23822364.502456583,12801820.572934043,11706987.37651,27735306.38422082,896365375.4431483,1020298.6560077424,,23624551.95214113,28236902.21819677,72661412.19372801
1721001600000,2024-07-15,Bridged Token Value (Dollar),1887632209.5131385,127733177.47180524,23814286.715661477,13059069.106146043,11707143.47584,27735306.38422082,901631343.4846637,1020128.5014752446,,23625701.987869598,28236691.52630727,72661412.19372801
1721088000000,2024-07-16,Bridged Token Value (Dollar),1882274016.9301662,127659576.465799,23820452.579579342,13155305.332103651,11707219.591531,27735306.38422082,918985549.6853797,1021160.2105960601,,23625490.977856137,28236691.52630727,72661412.19372801
1721174400000,2024-07-17,Bridged Token Value (Dollar),1883888458.5923598,134951350.9978298,23900080.216392,12959049.762898289,11707717.451694999,27735306.38422082,916094188.2005571,1021739.1546747688,,23222211.386226673,25415849.851168822,72661412.19372801
1721260800000,2024-07-18,Bridged Token Value (Dollar),1884707584.9401138,136192417.2003668,23903348.90343561,12731409.443451388,11707200.528073,27735306.38422082,909441036.3319377,1020701.2103739409,,23224273.233419165,28230413.536880255,72661412.19372801
1721347200000,2024-07-19,Bridged Token Value (Dollar),1903786599.341297,136532208.21311295,23886400.173425198,12829806.279408704,11707025.779708,27735306.38422082,893483771.5491482,1019895.8439982637,,23227412.682302956,22589078.257717397,72661412.19372801
1721433600000,2024-07-20,Bridged Token Value (Dollar),1907743946.0812788,136251793.26140448,23882472.373012874,12908523.39030259,11707059.762394002,27735306.38422082,893483790.6926116,1019895.8439982637,,23230456.09422759,25413640.8385721,72661412.19372801
1721520000000,2024-07-21,Bridged Token Value (Dollar),1911892301.3575873,136441482.96016473,23885721.409233913,12908523.390302587,11707191.410767,27735306.38422082,897601767.4986145,1019895.8439982637,,23231562.81702938,25412129.79709246,72661412.19372801
1721606400000,2024-07-22,Bridged Token Value (Dollar),1914841588.261025,138638219.57703483,23886022.52274039,13018559.628954591,11707039.179385,27735306.38422082,895574478.9481875,1020424.196941291,,23237538.878791615,25426723.913503446,72661412.19372801
1721692800000,2024-07-23,Bridged Token Value (Dollar),1916696324.3018537,137212003.6507557,23872402.544805273,13043434.4869117,11706512.171470001,27735306.38422082,900428897.9281063,1020373.472693419,,23239810.37608634,25413022.37367654,72661412.19372801
1721779200000,2024-07-24,Bridged Token Value (Dollar),1906332544.670021,137420293.10367697,23854946.984427862,12616770.27116618,11706337.561246,27735306.38422082,896803051.7945836,1019870.0817350108,,23299253.678126786,25413022.37367654,72661412.19372801
1721865600000,2024-07-25,Bridged Token Value (Dollar),1878765648.7419014,141160398.79354906,23853787.34489747,12384881.146964917,11706507.198394,27735306.38422082,883617564.9746983,1020242.3925017373,,23302588.145623036,25413022.37367654,72661412.19372801
1721952000000,2024-07-26,Bridged Token Value (Dollar),1849997912.9320638,141575373.80995142,23862284.12355572,12545307.484907517,11706725.599315,27735306.38422082,893056620.9937694,1022054.5459520067,,23305224.092080683,25416208.2244625,72661412.19372801
1722038400000,2024-07-27,Bridged Token Value (Dollar),1854152699.415907,141537512.40162277,23868677.110347454,12587731.40030921,11706749.221426,27735306.38422082,893056563.6511892,1022054.5459520067,,23308285.170814674,28236691.52630727,72661412.19372801
1722124800000,2024-07-28,Bridged Token Value (Dollar),1861940668.2669919,141734879.26689294,23869397.5387518,12587731.400309209,11706749.221426,27735306.38422082,893056563.5558953,1022054.5459520067,,23311311.97417363,22589353.221045814,72661412.19372801
1722211200000,2024-07-29,Bridged Token Value (Dollar),1893689377.4782915,145769753.48062354,23851114.40228997,12507904.83067723,11706081.033409001,27733809.882056605,891096877.1168741,1022759.2722937784,,23314399.13918037,22579270.33359916,74886412.19372801
1722297600000,2024-07-30,Bridged Token Value (Dollar),1903356253.8911593,145281961.9555988,24067012.420824494,12304618.204909662,11706039.314827,27733809.882056605,901634090.3030428,1022985.5924308287,,23317777.3734278,22590307.020920493,74886412.19372801
1722384000000,2024-07-31,Bridged Token Value (Dollar),1905461251.797229,145632933.56823543,24065695.09284448,12468366.802149119,11706035.308738,27733809.882056605,901625830.2882415,1025502.5336581459,,23320929.117256954,22593707.679153845,74886412.19372801
1722470400000,2024-08-01,Bridged Token Value (Dollar),1915255652.3789847,145461758.7853367,24060823.444078855,12218643.323264197,11705625.858814001,27733809.882056605,915115301.3310728,1027012.6983945364,,23324107.64663952,19760918.667851947,74886412.19372801
1722556800000,2024-08-02,Bridged Token Value (Dollar),1914604126.6413646,145369086.12828884,24081418.17440352,11863670.308187343,11707397.517139,27733809.882056605,913768684.3503354,1029730.994920039,,23327428.51970599,19766743.64775047,74886412.19372801
1722643200000,2024-08-03,Bridged Token Value (Dollar),1917633659.3153658,146474265.99568382,24126472.529997375,11828295.516378352,11707330.518754,27733809.882056605,913768536.1284745,1029730.994920039,,23330933.098720603,22590478.49963398,74886412.19372801
1722729600000,2024-08-04,Bridged Token Value (Dollar),1918628918.8448203,146412850.7781775,24123706.383610196,11828246.464932779,11707317.533499999,27733809.882056605,913160321.4018321,1029730.994920039,,23334078.514945704,22587460.025308955,74886412.19372801
1722816000000,2024-08-05,Bridged Token Value (Dollar),1898917488.0758295,146881803.60897696,24134410.29997871,12271695.193982199,11707888.332112,27733809.882056605,900045459.9283422,1028925.5737272975,,23337138.49857678,22634821.621999253,74886412.19372801
1722902400000,2024-08-06,Bridged Token Value (Dollar),1876378760.1147475,148756580.79898816,24149219.08569689,12423903.783654908,11707901.593648,27733809.882056605,900990413.7878636,1027717.4419381851,,24346395.163566858,22587052.96142139,74886412.19372803
1722988800000,2024-08-07,Bridged Token Value (Dollar),1884298063.531842,148692741.82671708,24132383.025605887,12123776.057860635,11707528.198524999,27733809.882056605,892760051.9624301,1026912.0207454435,,24346422.686957,22587052.96142139,74886412.19372801
1723075200000,2024-08-08,Bridged Token Value (Dollar),1895474722.023356,149553260.0971865,24131827.384281807,11616077.86373714,11707391.853358,29933809.882056605,908075827.6635518,1027818.1195872779,,24345429.706956998,25412087.541472606,74886412.19372801
1723161600000,2024-08-09,Bridged Token Value (Dollar),1901115634.9948711,149738177.0499973,24128874.750948742,11741969.921589555,11707477.638919,29933809.882056605,910537421.963753,1028220.8301836485,,29421690.99921654,25416138.62989535,74886412.19372801
1723248000000,2024-08-10,Bridged Token Value (Dollar),1914912953.3927846,149461409.064866,24131184.471095067,11757089.503869904,11707465.896933999,29933809.882056605,910537423.0473619,1028220.8301836485,,29420597.14921654,19781984.596609376,74886412.19372801
1723334400000,2024-08-11,Bridged Token Value (Dollar),1918504892.1272738,149775744.2395966,24129393.75115455,11756670.546418354,11707371.822913,29933809.882056605,909461595.4398177,1028220.8301836485,,29419533.999216538,22588905.127489448,74886412.19372801
1723420800000,2024-08-12,Bridged Token Value (Dollar),1929077750.9684653,146765768.94472277,24132530.129319116,11730146.993422013,11707673.108434001,29933809.882056605,927092783.5432382,1028824.8960782047,,29421500.558123175,22596425.703702074,74886412.19372801
1723507200000,2024-08-13,Bridged Token Value (Dollar),1950883006.8033829,147483833.1870116,24140354.596688144,11957985.54126592,11707674.904267,29933809.882056605,928115499.3090713,1029957.3199724602,,29421760.254553705,22593446.966048367,74886412.19372803
1723593600000,2024-08-14,Bridged Token Value (Dollar),1943507655.5554383,148737693.73227248,24178133.813335445,11994672.617328223,11708506.927509999,29933809.882056605,923842415.2076641,1030843.6982092616,,29423757.785713874,22599254.772651307,74886412.19372801
1723680000000,2024-08-15,Bridged Token Value (Dollar),1930215679.3228223,148907326.41894802,24178185.01167088,12187664.823233476,11708196.662824001,29933809.882056605,921478512.8483552,1029736.2384299567,,29150507.479558248,25406334.939675603,74886412.19372803
1723766400000,2024-08-16,Bridged Token Value (Dollar),1932968926.1151876,150554494.07275447,24164301.471306294,12291784.113288123,11733898.104813,29933809.882056605,921487061.8533363,1031749.8016650563,,29151823.799956135,19765793.138140086,74886412.19372801
1723852800000,2024-08-17,Bridged Token Value (Dollar),1933470234.5724294,151253610.47011253,24202116.767208647,12323360.95330328,11734680.673578002,29933809.882056605,940452056.8313241,1031749.8016650563,,29152513.02855839,28223873.190017466,74886412.19372801
1723939200000,2024-08-18,Bridged Token Value (Dollar),1935026773.9756777,151054751.3273931,24200178.254148673,12323360.953303277,11734680.673578,29933809.882056605,940452056.8313127,1031749.8016650563,,29152174.65708039,25417035.47036596,74886412.19372801
1724025600000,2024-08-19,Bridged Token Value (Dollar),1935941988.9930096,150918687.14361,24213317.79066952,12405509.291536838,17254099.01382,29933809.882056605,938678904.8209401,1031850.4798268114,,29153949.27288314,25113003.933318812,74886412.19372801
1724112000000,2024-08-20,Bridged Token Value (Dollar),1938460805.3120549,151869627.04288656,24246742.896089476,12323947.331772538,17254687.49448,29933809.882056605,943528812.7719539,1033436.2752313886,,29154967.3729898,28239336.960422635,74886412.19372803
1724198400000,2024-08-21,Bridged Token Value (Dollar),1946202755.5626566,153391342.6624989,24269155.2952134,12413734.881906917,17255054.811398998,29933809.882056605,943216972.1585642,1034593.6571864339,,29154290.7414728,22589308.734192852,74886412.19372801
1724284800000,2024-08-22,Bridged Token Value (Dollar),1958025916.041018,154404365.0340219,24268993.62153496,12251727.869668106,17254548.800916,29933809.882056605,933593425.676627,1034291.6154414398,,29154717.995817497,22588533.844681542,74886412.19372801
1724371200000,2024-08-23,Bridged Token Value (Dollar),1986505445.159962,154614278.13312247,24278060.33466365,12452110.146322004,17255703.521535,29933809.882056605,944162639.3574736,1035399.1018397516,,29156611.170262255,25413344.91143203,74886412.19372801
1724457600000,2024-08-24,Bridged Token Value (Dollar),1987472692.586779,155501454.8031401,24302141.161350716,12506326.366852745,17255381.791146,29933809.882056605,944162637.6069458,1035399.1018397516,,29159021.687617652,22593037.028913856,74886412.19372801
1724544000000,2024-08-25,Bridged Token Value (Dollar),1989038378.0035443,155025579.6821742,24294329.798448715,12506326.366852745,17255381.791146,29933809.882056605,944162639.3184675,1035399.1018397516,,29160296.06905414,22507099.54892334,74886412.19372801
1724630400000,2024-08-26,Bridged Token Value (Dollar),2003644481.7826219,155361435.2759573,24300423.341202218,12387891.305503711,17255520.760991998,29933809.882056605,945330136.6019548,1037009.9911463867,,29162264.443218406,22574485.3203193,74886412.19372801
1724716800000,2024-08-27,Bridged Token Value (Dollar),2046760608.807927,160012705.2699766,24289272.149449743,12312955.991703838,17281081.299161002,29933809.882056605,949278407.1253653,1036808.6299830573,,29161848.661598407,25413185.47230682,74886412.19372801
1724803200000,2024-08-28,Bridged Token Value (Dollar),2040196926.934704,165717413.26272333,24293785.376414113,12444808.447832651,17281083.094994,29933809.882056605,950093845.0668105,1036305.2270747337,,29163134.609650794,25412242.567306917,74886412.19372801
1724889600000,2024-08-29,Bridged Token Value (Dollar),2049139504.640045,165358905.87422472,24248991.15055276,12390390.609033825,17279749.067357,29933809.882056605,946826952.6468129,1035701.1435847457,,29161836.298025794,25387280.971663676,74886412.19372801
1724976000000,2024-08-30,Bridged Token Value (Dollar),2051487854.5920274,164935230.65178916,24226861.836877733,12434107.34744455,17279437.144978996,29933809.882056605,940721567.0981547,1036355.176104744,,29162813.994896308,19756935.17301451,74886412.19372801
1725062400000,2024-08-31,Bridged Token Value (Dollar),2053357953.660922,164698299.82806885,24219895.181429304,12413875.67979364,17279481.626381,29933809.882056605,940721570.3158835,1036355.176104744,4.102564104,28342558.203615658,22598505.448309816,74886412.19372801
1725148800000,2024-09-01,Bridged Token Value (Dollar),2056386399.4690428,164801279.39413834,24220793.509450108,12413875.679793637,17279481.626381,29933809.882056605,940721569.7272016,1036355.176104744,4.102564104,28344417.03314803,22593049.209596206,74886412.19372801
1725235200000,2024-09-02,Bridged Token Value (Dollar),2070345813.2365518,164766257.33233017,24211002.725340854,12413673.156773493,17279268.7511,29933809.882056605,940448511.1958976,1036355.176104744,4.102564104,28345709.164072014,22323953.217178456,74886412.19372801
1725321600000,2024-09-03,Bridged Token Value (Dollar),2091055536.625268,164912614.88686675,24219582.443494,12041707.060592504,17279329.256858,29933809.882056605,936981810.4500581,1036355.176104744,4.102564104,28346962.727647565,22343662.332421783,74886412.19372801
1725408000000,2024-09-04,Bridged Token Value (Dollar),2089854366.116853,168952568.69685113,24221979.91060883,11895520.5608935,17279761.361906,29933809.882056605,937779076.7110178,1038268.1993580218,9.230769234,28349536.06855394,22580622.978390094,74886412.19372801
1725494400000,2024-09-05,Bridged Token Value (Dollar),2101718191.6436374,170562008.40405437,24241274.934710305,11766649.20348753,17280187.665032,29933809.882056605,945997548.3197173,1039174.3682674693,7179496.412769234,28350989.38175603,29533631.809312426,74886412.19372801
1725580800000,2024-09-06,Bridged Token Value (Dollar),2183286419.8589916,171093631.41848218,24247680.422475815,11458887.971434895,17279936.800976004,29933809.882056605,938423823.8225803,1040382.593480066,7692316.925769234,29842256.97822752,34737118.75030704,74886412.19372801
1725667200000,2024-09-07,Bridged Token Value (Dollar),2184081851.8079944,170881078.0779209,24239085.045709245,11384807.89906124,17279841.898109,29933809.882056605,938423823.6994023,1040382.593480066,7692316.925769234,29885036.331521407,34745634.668365404,74886412.19372801
1725753600000,2024-09-08,Bridged Token Value (Dollar),2186057426.476211,170898823.17313045,24237415.81103845,11384807.89906124,17279856.541055,29933809.882056605,938130700.038506,1040382.593480066,7692316.925769234,29885120.463859905,34871909.94940861,74886412.19372801
1725840000000,2024-09-09,Bridged Token Value (Dollar),2188605356.2185626,171431459.71199635,24223548.051108968,11575273.163687367,17279129.228690002,29933709.869208217,945068737.7943783,1041741.9784846274,7692316.925769234,29886004.49792498,32481050.852509532,74886412.19372801
1725926400000,2024-09-10,Bridged Token Value (Dollar),2189887978.261219,172608451.66672695,24198445.633988287,11716673.454344904,17278907.374243997,29933709.869208217,949370823.0987713,1042998.5343063842,8328306.259997983,29886044.072069492,32439022.421179414,74886412.19372801
1726012800000,2024-09-11,Bridged Token Value (Dollar),2205688149.038821,173521079.03018448,24190472.783284098,11849455.411689278,17278795.756316,29933709.869208217,947139573.5583391,1042595.7155232206,10597645.353296869,29887852.841020036,32231694.216450587,74886412.19372801
1726099200000,2024-09-12,Bridged Token Value (Dollar),2204738143.067301,171950455.6118744,24205123.331123088,11998329.340404773,17279715.499094002,29933709.869208217,964303247.0631524,1042092.1920442662,10879893.650011038,29889922.86855578,32375421.18971746,74886412.19372801
1726185600000,2024-09-13,Bridged Token Value (Dollar),2204032389.298331,173018892.43994954,24230580.260024004,12082864.209170068,17279780.563505,29933709.869208217,972318157.5745591,1044030.5502995078,11494571.269493869,29891488.33675561,32786257.78528489,74886412.19372801
1726272000000,2024-09-14,Bridged Token Value (Dollar),2209376796.0772443,173082685.36418766,24232978.83067186,12084701.425637098,17279797.692989,29933709.869208217,972318165.652344,1044030.5502995078,11494571.269493869,29893258.027959436,32679105.9886181,74886412.19372803
1726358400000,2024-09-15,Bridged Token Value (Dollar),2215604036.6250076,173065052.83068958,24234690.1965831,12084696.801420348,17279854.330799,29933709.869208217,972378584.5595089,1044030.5502995078,12137419.84794143,29895262.688065846,32516731.206968747,74886412.19372801
1726444800000,2024-09-16,Bridged Token Value (Dollar),2221031490.107025,173531676.07008398,24247027.723421067,12080477.315993495,17280425.267552,29933709.869208217,974220553.8478873,1046146.377093326,14568915.080787325,29897504.22225465,32426611.620055802,74886412.19372801
1726531200000,2024-09-17,Bridged Token Value (Dollar),2224954062.582937,175008633.73222226,24260315.20859199,12108201.400246462,17280329.121416003,29933709.869208217,970439209.7721035,1044736.7477112944,14688311.133021934,33928908.77116201,32768856.439462848,74886412.19372801
1726617600000,2024-09-18,Bridged Token Value (Dollar),2247630169.9980974,176970533.01086625,24255286.362939104,12091334.99206467,17280185.040353,29933709.869208217,966731751.9481808,1044459.6545125602,15616688.196466865,33931463.373952664,32928167.95379652,74886412.19372801
1726704000000,2024-09-19,Bridged Token Value (Dollar),2245749238.927864,177029431.87053427,24264006.453757595,12338822.35140482,17280836.513309,29933709.869208217,977616699.1534767,1044862.4153935061,15733517.052792884,33943531.828651756,33317038.0418827,74886412.19372801
1726790400000,2024-09-20,Bridged Token Value (Dollar),2253319657.2629075,177461540.4207444,24284765.045866538,12376569.781273568,17281011.399814997,29933709.869208217,991850158.7334788,1045869.3175958705,16244643.956238445,33946452.31951461,33296890.47330538,74886412.19372801
1726876800000,2024-09-21,Bridged Token Value (Dollar),2255342222.8740177,177608660.87036794,24289530.180617027,12384621.823454317,17280999.519689,29933709.869208217,991850336.6793514,1045869.3175958705,16653868.551107828,33948607.136041135,30494226.992585726,74886412.19372801
1726963200000,2024-09-22,Bridged Token Value (Dollar),2257879804.2121706,177560463.84874797,24287335.011883587,12384621.823454315,17280882.652403,29933709.869208217,991440142.3973864,1045869.3175958705,16974353.145863075,33952012.073113725,30493320.529590525,74886412.19372801
1727049600000,2024-09-23,Bridged Token Value (Dollar),2265739998.3294806,179313371.26493016,24269367.889348604,12522007.509877618,17280162.523369998,29933709.869208217,993348509.3331501,1045164.4860542155,17358459.38182623,33954507.06214003,30534859.511426702,74886412.19372785
1727136000000,2024-09-24,Bridged Token Value (Dollar),2248864041.817894,177623896.54128212,24250919.787344933,12583441.120991232,17280162.937792998,29933709.869208217,993228130.2903544,1046070.6980363432,17452130.919336963,33956139.864314996,33501843.991116792,74886412.19372785
1727222400000,2024-09-25,Bridged Token Value (Dollar),2248335017.8358593,179500894.6601595,24300940.610479113,12529878.967982437,17281253.560988,29933709.869208217,1005267611.6524693,1033484.4205067885,17559182.943210326,33958068.332416154,33788476.11568634,74886412.19372785
1727308800000,2024-09-26,Bridged Token Value (Dollar),2262853956.034628,178495344.3699629,24263805.018659405,12686343.109695276,17280447.231971,31433709.869208217,1005311967.0683893,1033585.1107270252,18312645.884330448,33961329.219847344,34269928.822075695,74886412.19372785
1727395200000,2024-09-27,Bridged Token Value (Dollar),2268194332.2138677,179459434.1115999,24289924.631280977,12899639.522798143,17280939.980918,31433709.869208217,1005791119.2854924,1034390.6324889165,19279239.114022605,33971147.39586562,37248847.06404808,74886412.19372785
1727481600000,2024-09-28,Bridged Token Value (Dollar),2273049211.846191,179372113.4390515,24287524.37462613,12955500.9742986,17280959.044376,31433709.869208217,1005791050.4087238,1034390.6324889165,19282299.896828804,35073517.056302495,31608215.623489484,74886412.19372785
1727568000000,2024-09-29,Bridged Token Value (Dollar),2275888653.429459,179415708.81560394,24288083.113962192,12955500.9742986,17280966.365849,31433709.869208217,1008105909.030998,1034390.6324889165,19282299.896828804,35075721.154425316,34325673.36809934,74886412.19372785
1727654400000,2024-09-30,Bridged Token Value (Dollar),2297314080.8944545,178162250.29628694,24280409.53544898,12876914.617470501,17781102.734439,31433709.869208217,1009121460.0217305,1033912.1523599606,18910935.77969205,35428399.51402534,41873895.52624348,74870434.65122785
1727740800000,2024-10-01,Bridged Token Value (Dollar),2330917444.402165,179348942.03377727,24260204.194218684,12596422.607576555,17780664.136764,31433709.869208217,998090729.3341141,1034818.3862293839,19069921.725736864,37429101.3219866,38384388.61464331,74870434.65122785
1727827200000,2024-10-02,Bridged Token Value (Dollar),2329045266.4004936,179993349.96947795,26226329.17754612,12521852.537204979,17779424.321289003,31433709.869208217,1007621070.5827025,1034415.6156207513,19075513.35335989,37432101.22445261,41144645.72459313,74870434.65122785
1727913600000,2024-10-03,Bridged Token Value (Dollar),2359532897.7505136,180300347.1727283,26216607.394411616,12505283.006448433,17779260.762345,31433709.869208217,1006916160.1179075,1032905.2258383789,19082519.913215715,43661626.42371949,44049152.86708547,74870434.65122785
1728000000000,2024-10-04,Bridged Token Value (Dollar),2376971297.294735,183538696.19237226,26197053.777801957,12691138.930440476,17778475.292619,31433709.869208217,1006156120.9199393,1030085.8315779506,19085692.985742476,43669450.60619587,44719886.57672828,74870434.65122785
1728086400000,2024-10-05,Bridged Token Value (Dollar),2378487436.5896277,182952129.3111612,26177772.468975097,12739768.701432215,17778497.257038,31433709.869208217,1006156111.5761225,1030085.8315779506,20332661.202762675,43671348.04169811,47444668.49759714,74870434.65122785
1728172800000,2024-10-06,Bridged Token Value (Dollar),2370166075.3614163,183249874.3955525,26174920.537186615,12739768.701432213,17778347.650335,31433709.869208217,1005181604.2551174,1030085.8315779506,20336249.53670611,43674642.27937144,47645008.099607885,74870434.65122785
1728259200000,2024-10-07,Bridged Token Value (Dollar),2358191619.6818404,183229501.8836599,26171556.32179278,12665530.25199441,17778362.983986,31433709.869208217,1006367439.045905,2028574.6362064541,20340777.212021858,43677487.91453627,47753265.519794345,74870434.65122785
1728345600000,2024-10-08,Bridged Token Value (Dollar),2372406095.056296,185073036.85701826,26174901.48900098,12771993.2894305,17778439.790382,31433709.869208217,1004712922.556469,2028976.6386125584,20445762.361802656,43170319.83860138,47442673.493196845,74870434.65122785
1728432000000,2024-10-09,Bridged Token Value (Dollar),2374704276.2214217,183851797.65828854,26165619.147440497,12823402.141413856,17777965.966752004,31433709.869208217,993496950.516019,2028750.624297433,20445761.363934975,43174491.73573428,49068381.49795823,74870434.65122785
1728518400000,2024-10-10,Bridged Token Value (Dollar),2389314870.079331,184107474.05061507,26153251.30539006,12780317.22459358,17777965.414188,31433709.869208217,993485692.6167939,2028750.624297433,20791869.244916353,43177204.036851674,43668988.33358309,74870434.65122785
1728604800000,2024-10-11,Bridged Token Value (Dollar),2415121240.1256733,184863320.07896537,26150742.490360796,12945472.438709715,17777982.681813,31433709.869208217,1012939289.9927452,2029354.8831075933,22288173.842296995,43182112.26045152,48243993.76945213,74870434.65122785
1728691200000,2024-10-12,Bridged Token Value (Dollar),2410256888.895339,184917959.49157244,26153016.192947768,13004681.081438916,17777952.843356997,31433709.869208217,1012941728.0430017,2029354.8831075933,22339188.29330784,43185762.74179214,45542558.64656916,74870434.65122785
1728777600000,2024-10-13,Bridged Token Value (Dollar),2410359808.319529,184848621.01724377,26148560.637055576,13004681.081438916,17777710.267761,31433709.869208217,1011239608.6635649,2029354.8831075933,22337009.427058157,43188758.4647657,47495844.99630304,74870434.65122785
1728864000000,2024-10-14,Bridged Token Value (Dollar),2420045254.0292354,183774912.49231952,26168592.98735774,13424030.060048496,17777505.404658,31433709.869208217,1014307518.9238638,2030286.2418112145,22366084.17160069,43191929.20225288,48729296.12504955,74870434.65122785
1728950400000,2024-10-15,Bridged Token Value (Dollar),2428164149.4545493,185256072.4121688,26157059.097116623,13465277.593970478,17777179.806321003,31433709.869208217,1019723944.028803,2030261.1840570627,22464887.306342293,43190432.568638854,48927500.160468474,74870434.65122785
1729036800000,2024-10-16,Bridged Token Value (Dollar),2413379563.903797,187147948.61826313,26163532.266917873,13670477.16589887,17777180.082603004,31433709.869208217,1019377748.0200666,7034589.835760428,22305082.171975862,43202449.71632393,48489409.76635447,74870434.65122785
1729123200000,2024-10-17,Bridged Token Value (Dollar),2419742632.0064025,187201199.3615467,26163748.066977635,13701958.67438362,17776828.928181,31433709.869208217,1024710998.2944403,7033027.821028345,22893428.62454562,51183193.74021125,49738068.62146163,74870434.65122785
1729209600000,2024-10-18,Bridged Token Value (Dollar),2444324084.1703095,187854202.1028806,26145535.851691335,13867085.333227912,17776421.964795,31433709.869208217,1032239148.9896519,7034539.111725963,23624804.596379112,52093176.21818519,52711279.36594746,74870434.65122785
1729296000000,2024-10-19,Bridged Token Value (Dollar),2446661764.019283,188293190.3425926,26170642.094265964,13951388.101082303,17776962.648669,31433709.869208217,1043066541.0002245,7034539.111725963,23626578.51472988,52131133.4433795,52059733.415108174,74870434.65122785
1729382400000,2024-10-20,Bridged Token Value (Dollar),2449191762.8039203,188024337.13100675,26169749.88416191,13951388.101082306,17776924.383612003,31433709.869208217,1043495543.4859558,7034539.111725963,23626578.51472988,52134733.74746595,55105435.17315594,74870434.65122785
1729468800000,2024-10-21,Bridged Token Value (Dollar),2461907828.7233577,187911835.20546693,26155670.538195398,13908810.531998131,17776222.765473,31433709.869208217,1043960955.3259668,7036566.234585712,24073698.22492824,52173117.21757413,55138905.80674383,74870434.65122785
1729555200000,2024-10-22,Bridged Token Value (Dollar),2477214912.895153,191087076.77205133,26293450.205838524,13854048.413778832,17803918.884062998,31433709.869208217,1044976725.0559942,7035857.571583419,29024412.160087157,52274990.788260475,59312111.00583711,74870434.65122785
1729641600000,2024-10-23,Bridged Token Value (Dollar),2447522896.6650267,190830816.58662084,26276844.707308713,13544713.505132942,17803428.345372003,31433709.869208217,1046310769.2467631,7034946.433437616,29813781.92213654,52725345.278541066,55920331.56740722,74870434.65122785
1729728000000,2024-10-24,Bridged Token Value (Dollar),2441528531.752765,189475281.96660227,26282965.613342017,13639934.018086234,17804033.264811,33589602.86920822,1053513761.1897564,7049596.9289192185,29011963.334692042,52681871.37506681,59850914.18414893,74870434.65122785
1729814400000,2024-10-25,Bridged Token Value (Dollar),2440296771.7218223,190146644.51715744,26298996.698756516,13733923.720355852,17804033.955516003,33589602.86920822,1053521444.6086594,7049293.94346953,28992315.125713676,52753992.558391385,57297789.17642552,74870434.65122785
1729900800000,2024-10-26,Bridged Token Value (Dollar),2440556064.876463,189863720.22051987,26283311.284262966,13726546.858208058,17803675.203339,33589602.86920822,1058481101.9320515,7049293.94346953,29015555.28278273,52803959.513417445,56381259.95023261,74870434.65122785
1729987200000,2024-10-27,Bridged Token Value (Dollar),2448339610.1959844,190002661.73370412,26281692.109661564,13726546.858208053,17803635.695012998,33589602.86920822,1054101034.6215608,7049293.94346953,29011533.009920172,52806246.712409206,54013581.72489759,74870434.65122785
1730073600000,2024-10-28,Bridged Token Value (Dollar),2454064315.0180902,189880460.58906177,26286609.200801022,13881046.645752763,17803918.884063,33589602.86920822,1058067463.3430116,7049191.8661058415,31135412.021902576,52809329.58201745,54912182.035961635,74870434.65122785
1730160000000,2024-10-29,Bridged Token Value (Dollar),2456435777.895859,190327743.55776328,26294790.916917957,14008469.035512378,17803967.647836003,33589602.86920822,1070268986.155514,7049588.747310153,31981185.13968709,52813352.15549156,53231697.83903772,74870434.65122785
1730246400000,2024-10-30,Bridged Token Value (Dollar),2441991822.401386,190369685.39153376,26306971.478413053,13942965.633789524,17804518.00158,33589602.86920822,1075511285.658235,7049184.730305963,32082023.13927708,52820466.02752397,55171333.89400408,74870434.65122785
1730332800000,2024-10-31,Bridged Token Value (Dollar),2394825529.8668265,191714090.70363054,26329023.6202536,13419165.251278562,17804881.31241,33589602.86920822,1060313686.9374099,7047770.670791296,32332543.18254756,53268876.956035025,60192618.379712164,74870434.65122785
1730419200000,2024-11-01,Bridged Token Value (Dollar),2419041768.5376153,192002657.7706799,26333817.409665115,13325771.671221616,17804630.448354002,33589602.86920822,1057431017.8921853,7063561.51093323,32228158.120770164,53772606.066207826,61970449.921940476,74870434.65122785
1730505600000,2024-11-02,Bridged Token Value (Dollar),2421023280.745385,191769426.664262,26325022.491219286,13347620.241774093,17804416.467945002,33589602.86920822,1057429951.554996,7063561.51093323,32433571.479086287,53773656.31781291,61744034.49745709,74870434.65122785
1730592000000,2024-11-03,Bridged Token Value (Dollar),2419733884.523523,191632053.8485929,26322999.40391572,13347620.241774095,17804741.375577,33589602.86920822,1058448753.514344,7063561.51093323,32935754.705490053,53778652.01135447,61466770.77500641,74870434.65122785
1730678400000,2024-11-04,Bridged Token Value (Dollar),2414250133.0206733,192019284.41892353,31332074.711992297,13350234.404797934,17804724.384234004,33589602.86920822,1058560214.0649537,7065731.640206137,33485488.347900815,53783135.502513625,58655167.7940549,74870434.65122785
1730764800000,2024-11-05,Bridged Token Value (Dollar),2391455481.206504,191855540.80519304,31357438.169413112,13559910.793163726,17805534.304917,33589602.86920822,1062003780.1144661,7066539.712696127,33871705.15057393,53783814.97065243,59669523.44371546,74870434.65122785
1730851200000,2024-11-06,Bridged Token Value (Dollar),2379129908.560138,196119169.33304596,31326649.979762744,14437465.640562274,17802786.680427,33589602.86920822,1030354122.000429,7064746.529348956,33876735.21716486,53787514.56324137,63211910.38053836,74870434.65122785
1730937600000,2024-11-07,Bridged Token Value (Dollar),2379127679.288475,193043966.68607962,32197697.687275615,14943905.292488148,17803690.951413002,35254602.86920822,1046915067.6017245,7068939.923328753,34073388.49695674,53893926.39076751,66351491.76886284,74870434.65122785
1731024000000,2024-11-08,Bridged Token Value (Dollar),2379698603.7794933,195507152.82251006,32199811.533512276,15137570.81574273,17824763.301294,35254602.86920822,1039563530.6900554,7068434.889759498,34340782.62492871,54180215.872607164,66777329.146059774,74870434.65122785
1731110400000,2024-11-09,Bridged Token Value (Dollar),2382272534.753388,194673718.89893055,32171849.53753001,15247877.954220831,17824763.301294003,35254602.86920821,1039539118.0005616,7085370.53522091,33636436.14330438,54165719.341457695,67611996.42034997,74870434.65122785
1731196800000,2024-11-10,Bridged Token Value (Dollar),2383500532.7900114,194646159.41636807,32170453.53271618,15247877.954220831,17824684.837206002,35254602.86920822,1039469582.8389708,7085370.53522091,33671277.24934938,54170636.427948676,66247017.31145558,74870434.65122785
1731283200000,2024-11-11,Bridged Token Value (Dollar),2402297842.2491546,194529826.6857408,32154110.233435135,15791263.641374227,17823953.242470004,35254602.86920822,1016118984.2602766,7085471.541934761,33715036.3593063,54329479.01108223,71721490.1267723,74870434.65122785
1731369600000,2024-11-12,Bridged Token Value (Dollar),2390512412.5663457,194531652.4256378,32135184.73408682,16058609.517111395,17823955.176444,35254602.86920822,1015013866.7747767,7083451.4076577425,33715038.08476401,56062598.32427332,71565475.98928186,74870434.65122785
1731456000000,2024-11-13,Bridged Token Value (Dollar),2416513775.4482794,194565143.70224592,32093592.44218909,15663243.117388863,17822595.730863,35254602.86920821,994860749.3578594,7083754.427799295,34040597.791891776,57046132.03393919,76574649.33599105,74870434.65122785
1731542400000,2024-11-14,Bridged Token Value (Dollar),2422171143.309625,192605162.017114,32064087.05939401,15367276.645665485,17822131.024539,35254602.86920822,993157782.0582184,7083122.262341879,34040597.791891776,62116780.06127046,72213003.02277017,74870434.65122785
1731628800000,2024-11-15,Bridged Token Value (Dollar),2426572103.8734016,192168035.05616745,32055869.354494598,15413259.45025054,17822304.667776,35254602.86920822,990643857.3328542,7082718.206118287,28635933.98302609,62368013.20957826,75810732.70509022,74870434.65122785
1731715200000,2024-11-16,Bridged Token Value (Dollar),2427759017.0462136,192327501.9963565,32060621.445411824,15551007.409712415,17822304.805917002,35254602.86920822,990638341.3088769,7082718.206118287,28148319.35334813,62424768.804368995,72501104.4284698,74870434.65122785
1731801600000,2024-11-17,Bridged Token Value (Dollar),2434274130.7538586,192212869.69614172,32060167.626264676,15551007.409712415,17822297.622585002,35254602.86920822,990512459.0942734,7082718.206118287,28149082.086536795,62790163.75063207,71957539.47601496,74870434.65122785
1731888000000,2024-11-18,Bridged Token Value (Dollar),2444006862.458433,192418673.84072807,32071952.414386556,15817126.222863175,17823056.292957,35254602.86920821,1009574299.9904493,7111650.439441475,28169002.367744066,63200017.04452591,72819149.99165528,74870434.65122785
1731974400000,2024-11-19,Bridged Token Value (Dollar),2458944981.2243295,193605363.5518853,32094692.169157624,16037469.254240729,17823056.845521,35254602.86920822,1009800111.432284,7112256.568112243,27184872.541217797,63296749.82555505,74534623.22799551,74916164.98322785
1732060800000,2024-11-20,Bridged Token Value (Dollar),2467001546.8320155,195248684.14081421,32101663.039974988,16048186.569608267,17823206.728506003,35254602.86920822,1017641568.2966701,7111953.503776859,24182530.262231443,66225990.96838427,75560753.1549372,74916164.98322785
1732147200000,2024-11-21,Bridged Token Value (Dollar),2472083739.317551,194640918.6333211,32043203.904387657,15757334.88941633,17821338.924045,35106785.64870633,1032631500.7657342,7111650.439441475,24159240.869302,66249799.93780127,74616386.01354083,74916164.98322786
1732233600000,2024-11-22,Bridged Token Value (Dollar),2497745513.551559,191777357.5392996,32003124.93929247,15753720.89208989,17820667.973208,34853844.492998265,1049837197.5071565,7112433.676150675,24613065.793310534,66289344.624726966,78122721.77751268,75038036.91322786
1732320000000,2024-11-23,Bridged Token Value (Dollar),2498080552.6808753,191274040.98321027,31985730.919519443,15813861.904287834,17820668.111348998,34766023.407690994,1049895830.8019044,7112433.676150675,24783336.797366563,66171339.74103582,79735741.1667783,75038036.91322784
1732406400000,2024-11-24,Bridged Token Value (Dollar),2495180375.260277,191635410.83398232,31999383.58998287,15813861.904287832,17821389.898074,34724856.693914965,1051853245.8179253,7112433.676150675,25566686.923941538,68787859.03332037,76438097.84269692,75038036.91322786
1732492800000,2024-11-25,Bridged Token Value (Dollar),2519232700.0018735,189906699.2062946,32019489.44801228,15879449.625877492,17821396.114419002,34520930.18270397,1051984453.6357136,7117358.883997398,25641876.09153322,70795503.91469687,73900328.1078057,75038036.91322786
1732579200000,2024-11-26,Bridged Token Value (Dollar),2514931808.437927,190003068.39639193,32015754.242977407,15735512.259214733,17821581.499641,34475362.407658026,1017113142.8284682,7145244.59633474,25632502.73752014,75161235.79576431,74180965.6383313,75038036.91322784
1732665600000,2024-11-27,Bridged Token Value (Dollar),2509760808.560105,190470770.7372957,32047247.88844063,15712570.470257262,17822567.273817003,34377422.49190803,1021645366.2793847,7146961.878464226,25616041.982684642,77519018.26884265,78708635.24979132,75038036.91322784
1732752000000,2024-11-28,Bridged Token Value (Dollar),2539778075.2496066,192099919.2020742,32072953.67346981,15789717.6233199,17822560.366767,34658687.49190803,1021619539.842618,7146961.878464226,25646903.95948034,78312715.44072881,76073854.64898899,75038036.91322786
1732838400000,2024-11-29,Bridged Token Value (Dollar),2548277830.8276844,192483415.4247679,32077979.666220784,15726893.482762659,17822823.663513,34649589.557038985,1027141327.990631,7148376.110806155,25647886.504205782,79317993.14961895,132201151.61036702,75038036.91322784
1732924800000,2024-11-30,Bridged Token Value (Dollar),2565273073.7692943,192688248.1032303,32084542.27597139,15674083.021894736,17822802.942363,34645293.81078899,1026715542.6109904,7148376.110806155,25871998.235169232,82780835.25399849,129933125.92277357,75038036.91322786
1733011200000,2024-12-01,Bridged Token Value (Dollar),2577418377.832463,192537142.2065238,32075415.934978023,15674083.021894736,17822343.89982,34643443.81078898,1026139276.3132057,7148376.110806155,25876973.64370559,86384484.92698771,128010320.78206688,75038036.91322784
1733097600000,2024-12-02,Bridged Token Value (Dollar),2596073067.232958,193518324.8274081,32050847.20395356,16486281.777549835,17821735.250574,34630472.38601487,1022715204.6120692,7148477.127402007,25876973.643705595,86939268.27331167,130317713.73925981,75038036.91322786
1733184000000,2024-12-03,Bridged Token Value (Dollar),2624938447.4009504,193051255.77198184,32037837.623464584,16613917.65860803,17821847.144784,34611972.38601487,1023578885.2836968,7158349.427924625,25797587.151641805,88213148.08760378,129435393.48981208,75038036.91322784
1733270400000,2024-12-04,Bridged Token Value (Dollar),2624276320.5458055,191188396.96165994,31830588.939234406,17033793.693949427,17821910.551503,34811218.74957459,1027788894.370126,7191145.411839358,25797587.15165099,89863521.06905223,132098598.97347683,75038036.91322786
1733356800000,2024-12-05,Bridged Token Value (Dollar),2601630865.6412435,194226222.20072225,31850458.195323803,17081222.071264323,17822905.719266996,34786117.86462208,1020061618.6719787,7191347.449895195,22631681.89484887,91324961.87602164,130254576.32510607,75038036.91322784
1733443200000,2024-12-06,Bridged Token Value (Dollar),2645231865.8735056,196850529.88630864,31873340.806759365,17317696.625518993,17822698.231485,34785007.86462207,1021129493.5914257,7192054.583090627,22641717.3839625,93171532.05130446,134575286.38966772,75038036.91322784
1733529600000,2024-12-07,Bridged Token Value (Dollar),2685373620.3210087,196710301.8998941,31868529.578507625,17458313.82330858,17822719.781481,34780382.86462208,1020262748.9472091,7192054.583090627,22641717.383962505,94619246.28352314,134577391.59051833,75038036.91322786
1733616000000,2024-12-08,Bridged Token Value (Dollar),2719490360.6171503,196797091.5910631,31869120.337956153,17458313.82330858,17822719.781481,34779728.04544162,1020259608.1977762,7192054.583090627,22775488.67452268,95490868.09858444,132578884.39727725,75038036.91322784
1733702400000,2024-12-09,Bridged Token Value (Dollar),2733357286.139588,202174601.3051455,31862527.3227974,17064782.587496497,17822470.298835002,34779173.04544161,1032327685.2745422,7191044.392811439,22688230.402597554,96152702.96021497,128306560.59481493,75038036.91322784
1733788800000,2024-12-10,Bridged Token Value (Dollar),2795976466.994279,202298196.12122232,31851855.780910604,16826166.208001982,17822153.817804,34774568.05871351,1043546861.0024483,7191246.430867276,22799515.015974842,96734925.72560371,128057677.81204088,75038036.91322786
1733875200000,2024-12-11,Bridged Token Value (Dollar),2908263629.508221,201325043.09511042,31836859.186029337,17062256.366280656,17821803.906651,34774568.05871351,1052767956.1125004,7191019.130625837,22685707.461373247,98533082.37039867,137215770.04173675,75038036.91322786
1733961600000,2024-12-12,Bridged Token Value (Dollar),2942886481.1242557,200184609.41556513,31819036.45490871,17097842.214179423,18990766.095900003,34774568.05871351,1039399410.8609928,7236171.975670949,22564330.031265058,98004048.18592255,132386345.66992867,75095184.54322785
1734048000000,2024-12-13,Bridged Token Value (Dollar),2950882785.071026,199773275.0023805,31807255.93564251,17076844.00387352,18990759.465131998,34774568.05871351,1039909468.4524916,7234984.757553649,22875046.01781615,98517166.02186969,129927054.21595325,75095184.54322785
1734134400000,2024-12-14,Bridged Token Value (Dollar),2956957216.5761576,200125132.80504403,31826024.9629562,17086061.10546321,18991158.968904,34774568.0587135,1027397223.9889666,7234984.757553649,23457312.82345075,103672534.19999543,135632732.65719134,75095184.54322785
1734220800000,2024-12-15,Bridged Token Value (Dollar),2956902514.1975365,199861367.0887072,31825332.22992094,17086033.572768822,18991158.968904,34774568.05871351,1027388135.7218559,7234984.757553649,22769958.28774184,103979025.66769812,136202280.55980188,75095184.54322784
1734307200000,2024-12-16,Bridged Token Value (Dollar),2947899434.37181,200786004.82467687,31832496.4194389,17202265.856319517,18991373.640017997,34774568.05871351,1028563522.1787932,7235388.833579504,22417558.30530653,104865723.93279856,136540784.72835281,75095184.54322785
1734393600000,2024-12-17,Bridged Token Value (Dollar),2961078851.65345,202688061.90577328,31979098.80085352,17160549.184637576,18991063.789755,34774568.05871351,1026809499.0574733,7234479.66252133,22467283.941147137,105015281.4736996,134182042.8480945,75095184.54322785
1734480000000,2024-12-18,Bridged Token Value (Dollar),3107337553.1256113,203012962.9168948,31970716.433894724,493613839.26300555,18991058.264115,35572443.0587135,1026851963.4329004,7230741.959282172,22787261.94163675,107489682.36624865,128283082.57262123,75095184.54322785
1734566400000,2024-12-19,Bridged Token Value (Dollar),3324075644.8151827,200966384.66455606,31879981.646217454,474006736.1530664,18989064.060639,35572443.05871351,1004944008.7867988,7229428.712198144,22873449.720965218,107832299.93779667,127583060.09073912,75095184.54322785
1734652800000,2024-12-20,Bridged Token Value (Dollar),3488940844.2626324,199468866.24265802,31906528.38511064,384763004.98902714,18990189.495366003,35572443.05871351,1018498817.018776,7252271.543771936,22677126.43171127,107201015.67272308,131834177.87012053,75095184.54322785
1734739200000,2024-12-21,Bridged Token Value (Dollar),3511866031.3482533,200198616.44064867,31929437.450291157,384781830.51701355,18990122.220699,35571518.0587135,1018540260.8409348,7252271.543771936,24149378.00746267,106706868.02202556,130428095.1602341,75095184.54322785
1734825600000,2024-12-22,Bridged Token Value (Dollar),3526414395.8094096,199629434.9304471,31928012.610316515,384781818.55742913,18990122.220699,35568743.05871351,1018540253.2568665,7252271.543771936,24343373.709051557,107436327.91704257,127917322.98846398,75095184.54322785
1734912000000,2024-12-23,Bridged Token Value (Dollar),3623786849.067496,200092465.05415592,31924011.16401224,331314054.4481241,18989800.766592003,35566893.05871351,1015554842.1761646,7250756.2220108565,24609438.353780534,108917076.57083665,135648169.1269354,75095184.54322785
1734998400000,2024-12-24,Bridged Token Value (Dollar),3783789994.9273953,201790959.570629,31912739.777340326,404763689.57037044,18989756.699612997,35566893.05871351,1015940204.1672482,7251867.457968981,25282355.846984893,108572104.01876149,142563709.26090926,75095184.54322785
1735084800000,2024-12-25,Bridged Token Value (Dollar),3850533251.1451693,201762703.8094614,31911893.67749236,404878166.7708192,18989717.60571,35566893.05871351,1016727749.6897578,7251867.457968981,25542798.072716188,103239249.82267897,139782517.4085543,75095184.54322785
1735171200000,2024-12-26,Bridged Token Value (Dollar),3924697025.411004,201718664.04332882,31916359.053636543,442046917.29617506,18990048.591546,35566893.0587135,1022174446.9670191,7238128.540668528,25303408.718278367,104726635.556723,136332449.91697603,75095184.54322785
1735257600000,2024-12-27,Bridged Token Value (Dollar),3986729747.411391,202541627.21946657,31926126.07785474,380955441.35239774,18990107.16333,35566893.0587135,1017987761.8044542,7237497.872143339,25299950.672751512,104774010.49915856,137665811.29930124,75095184.54322785
1735344000000,2024-12-28,Bridged Token Value (Dollar),3996865565.37241,202597953.12211233,31928010.926119816,380863474.6593891,18990111.30756,35566893.05871351,1017913724.9063458,7257574.04352766,24952445.480503023,106209284.69335373,138654197.719831,75095184.54322784
1735430400000,2024-12-29,Bridged Token Value (Dollar),4009965915.8934884,202585986.72118047,31929024.323692165,380863444.0206301,18990149.158194,35566893.05871351,1018886674.1414365,7257574.04352766,24973120.75687119,105864613.23155807,133376418.44331387,75095184.54322784
1735516800000,2024-12-30,Bridged Token Value (Dollar),3979631837.1284394,202723613.9281611,31923433.792436425,360805233.144225,18989812.923,35566893.05871351,1013932758.8575577,7259831.761470369,24421844.19294479,110021508.95303458,132090639.36065674,75095184.54322785
1735603200000,2024-12-31,Bridged Token Value (Dollar),3868834321.7839274,200448963.26114503,33250832.949906893,291514219.1058823,19470856.886593997,35566893.05871351,1020758370.5442123,7259513.196877483,24726147.86318186,109271150.22442509,133249310.00969066,79739997.25522785
1735689600000,2025-01-01,Bridged Token Value (Dollar),3909394234.5217714,200344860.68148842,33232011.328262,291443482.8331912,19470850.255826,35566704.1784493,1020587133.7910008,7259513.196877483,24790937.34632068,110614848.09400962,131186200.04560429,79739997.25522785
1735776000000,2025-01-02,Bridged Token Value (Dollar),3977324540.303874,199901461.02739102,33231168.920728374,273912068.6780522,19470834.507752,35882604.17844931,1020592826.6881822,7259548.281375854,24656405.355214905,113424186.29848704,139547600.9810405,79739997.25522785
1735862400000,2025-01-03,Bridged Token Value (Dollar),4005963318.008799,200882877.01445743,33178643.630151972,310134006.60054225,19469674.123352,35882604.1784493,1033995312.9045596,7259709.957341687,24802325.15309161,127252092.79463157,141145082.08151418,79739997.25522785
1735948800000,2025-01-04,Bridged Token Value (Dollar),4048576532.368035,201385992.74490696,33205937.81931309,310378646.61887157,19470277.246958,35877054.17844931,1026891669.7084736,7259709.957341687,24964221.688020613,129534691.1231216,141314496.9713293,79739997.25522785
1736035200000,2025-01-05,Bridged Token Value (Dollar),4079643934.736297,201015219.8487438,33205753.292218767,310378646.61887175,19470277.246958,35876372.671246715,1026891640.4644618,7280399.233361098,24648950.90056851,132294330.77909325,141604298.34010968,79739997.25522785
1736121600000,2025-01-06,Bridged Token Value (Dollar),4098872041.797729,204813717.5693218,33250242.160769943,373460037.3361128,19471280.703182,35868972.671246715,1025997098.6539856,7280899.136510166,23911793.790896248,137821921.4789348,241053297.2586139,79929728.15522785
1736208000000,2025-01-07,Bridged Token Value (Dollar),4097752790.360509,208042177.5526926,33227100.62117372,369637655.4463389,19470728.139181998,35868972.671246715,1031893512.6984564,7279751.362080512,23792652.537920233,143345912.53911865,230863418.65208215,79929728.15522784
1736294400000,2025-01-08,Bridged Token Value (Dollar),4019178140.1924224,210089291.41336057,33226858.349249218,355710304.53308594,19470736.013219,35868972.671246715,1031888641.2346259,7280014.111275187,24097707.300759315,142563067.84878242,225113911.4899448,79952910.35522784
1736380800000,2025-01-09,Bridged Token Value (Dollar),3882047221.082339,209778402.33573446,33208592.082151935,355691904.44464576,19470335.818742,35868972.671246715,1036930092.8555903,7279927.467960491,23446372.076774206,151551709.5816324,221789386.31469244,79952910.35522784
1736467200000,2025-01-10,Bridged Token Value (Dollar),3814771726.9761276,208412259.6499152,33276954.92771507,355460396.258315,19469316.752584998,35868972.671246715,1047224416.7640035,7278123.4647987075,23426230.4926012,153222980.63188043,226987238.13012087,79952910.35522784
1736553600000,2025-01-11,Bridged Token Value (Dollar),3780395974.883772,208516790.32447112,33282707.387668192,355424917.3349603,19469471.332364,35868972.671246715,1047224465.0452043,7278123.4647987075,23673610.648198955,152376885.88677853,223450973.3904068,79952910.35522784
1736640000000,2025-01-12,Bridged Token Value (Dollar),3772658739.447671,208781049.97194088,33276627.684534706,355454550.9532897,19469335.677902002,35868972.671246715,1047593333.4397988,7278123.4647987075,23713446.10540679,152888028.35718486,221613634.6180013,79952910.35522784
1736726400000,2025-01-13,Bridged Token Value (Dollar),3769160932.424334,207277894.6282071,33290763.014778405,317753432.78255343,19469664.591623,35868972.671246715,1039176206.2229223,17375855.021494824,23395192.298431717,155734801.49936438,223249984.2791295,79952910.35522784
1736812800000,2025-01-14,Bridged Token Value (Dollar),3747247327.816312,207895580.73101464,33290463.605487503,313222035.6671133,19469644.975601,35868972.671246715,1039161318.0340124,17374460.445494033,22980424.718721826,155328688.70931366,227117162.26904714,228336223.46522784
1736899200000,2025-01-15,Bridged Token Value (Dollar),3625481770.165259,209103158.43470335,33308534.707309842,334293794.8646986,19470036.052772,35868972.671246715,1049487972.9692494,17379290.933380835,22934273.75848914,156680505.41175112,237722610.31114045,228336223.46522784
1736985600000,2025-01-16,Bridged Token Value (Dollar),3613670310.2068453,210026733.37012503,33308308.53778167,357104500.8418579,19470034.809503,35868972.67124671,1049493531.7921926,17380544.030656908,23028496.191955887,157388736.50187576,237936716.99972907,228336223.4652278
1737072000000,2025-01-17,Bridged Token Value (Dollar),3609954136.2302117,209966579.05951297,33308621.453233335,364111825.3681559,19470022.238672,35868972.671246715,1052385503.7505318,17380776.45999037,23373356.531975433,161137040.60346526,246214321.85937876,228336223.46522784
1737158400000,2025-01-18,Bridged Token Value (Dollar),3603846949.6964884,209743724.78559816,33294923.407764964,364208579.481931,19469704.514372,35868972.671246715,1052385496.2535852,17380776.45999037,23389927.919773627,162334561.42207125,246218598.1730538,228336223.46522784
1737244800000,2025-01-19,Bridged Token Value (Dollar),3456797890.33904,209706241.97703686,33294183.039382853,364208579.481931,19469704.514372,35868972.671246715,1052385512.6975853,17380776.45999037,23250316.370909855,160422120.66943932,241074119.6319196,228336223.4652278
1737331200000,2025-01-20,Bridged Token Value (Dollar),3415932306.6423993,210060319.96561465,33298092.388585046,364272735.1916933,19469790.299933,35868972.671246715,1049929153.8176827,17380776.45999037,22691573.654382,159928891.37044162,247356329.52112737,228336223.4652278
1737417600000,2025-01-21,Bridged Token Value (Dollar),3385055120.1532793,214864390.66305575,33379939.263257537,378274532.6887947,19471572.595115,35868972.671246715,1077376160.157205,17430077.4117363,22697164.780914187,160679148.6723595,254229994.5247213,228345687.95522782
1737504000000,2025-01-22,Bridged Token Value (Dollar),3382742612.6590543,227107564.58437714,33381387.81133153,387415140.62762886,19471617.905363,35868972.671246715,1081859812.5754805,17429824.771156445,22697164.780914187,161725306.93461174,249111867.96877486,228345687.95522785
1737590400000,2025-01-23,Bridged Token Value (Dollar),3385672620.6823597,225575308.72561923,33385967.509478554,414448484.3199907,19471715.985473,35868972.671246715,1081465041.9149718,17429723.714924503,22697184.623936042,164250595.47480142,249516959.55944818,228345687.95522785
1737676800000,2025-01-24,Bridged Token Value (Dollar),3390228896.7185636,227779486.0402462,33438720.09380269,569399050.1288505,19472902.064099,35868972.671246715,1087989603.3173456,17429865.19364922,22449758.654190145,170242615.7931651,248115038.63022885,228345687.95522785
1737763200000,2025-01-25,Bridged Token Value (Dollar),3386730248.0918345,227849630.74981302,33439275.57173069,569385494.0919948,19472879.547116,35868972.671246715,1087989852.594486,17429865.19364922,22998794.61607178,179045449.02497852,248103101.5427056,228345687.95522785
1737849600000,2025-01-26,Bridged Token Value (Dollar),3382393187.368889,226642392.79073972,33418659.261003587,569385483.0683286,19472416.222202,35868972.671246715,1086514563.8370588,17429865.19364922,22984504.874286268,181941619.02721488,245914624.47454464,228345687.95522785
1737936000000,2025-01-27,Bridged Token Value (Dollar),3363944947.5047226,226140896.01271334,33405835.434832323,683634198.6908773,19500523.262317,35866885.185528964,1076513972.8740573,17430724.171620723,22548613.40167588,185537432.47629374,246253173.08276218,228345687.95522785
1738022400000,2025-01-28,Bridged Token Value (Dollar),3345870145.469793,225439285.0220705,33404504.46321905,739112696.6151977,74851013.018911,35866885.18552896,1074260146.840564,17435213.180371813,22629428.14517148,186510320.84595117,244827793.97645926,228345687.95522785
1738108800000,2025-01-29,Bridged Token Value (Dollar),3331737120.420317,226336077.40856406,33396432.40793171,821304207.8957534,74850829.705804,35976885.185528964,1083102772.0303996,17472336.528944187,22560615.677968066,186990193.6174109,250284178.8473856,228345687.95522782
1738195200000,2025-01-30,Bridged Token Value (Dollar),3331340382.3906665,227255748.91479337,33392859.46593187,570652054.2973056,74850744.472807,35976885.185528964,1081945725.4675786,42473913.0445293,22949543.451033663,189797900.6606434,249921635.7045963,228345687.95522788
1738281600000,2025-01-31,Bridged Token Value (Dollar),3401407015.3507757,225129636.15884873,33393829.785380784,467232709.36750025,74849886.34091501,35976885.185528964,1096273271.0633829,52472066.152400956,23485222.46326215,192065141.5703592,245058855.93712682,228345687.95522785
1738368000000,2025-02-01,Bridged Token Value (Dollar),3431761674.138197,225100159.54850322,33392473.92612041,467181471.2941128,74849865.481624,35976885.185528964,1096273115.51592,52472066.152400956,25865309.67180611,195688291.9550075,241332525.07518768,228345687.95522785
1738454400000,2025-02-02,Bridged Token Value (Dollar),3430577261.7651043,224086807.86858413,33322520.681548648,467181471.2941128,74848280.17550799,35976885.185528964,1094683626.5722985,52472066.152400956,25641330.55217477,195064397.86478114,234815657.79884008,228345687.95522785
1738540800000,2025-02-03,Bridged Token Value (Dollar),3441833274.494713,224107781.51321027,33370506.22087265,554312399.3566101,74849403.123697,35976885.185528964,1102460854.16762,52472692.716287345,24104398.20393491,197920135.72759652,246454581.55267933,228345687.95522785
1738627200000,2025-02-04,Bridged Token Value (Dollar),3479511004.4685416,227081348.05099913,33398752.257785745,528950765.43399507,74850028.211722,35976885.185528964,1116680015.2145734,57473161.476884864,25174512.694347657,188310615.8646319,236674418.48430163,228345687.95522785
1738713600000,2025-02-05,Bridged Token Value (Dollar),3501789439.6791553,226382851.79704508,33416918.138724625,480340184.61087805,74850408.79017702,35976885.185528964,1128742207.8658113,57471548.01158439,25643835.514693234,185091012.78138584,230654342.87889856,228345687.95522785
1738800000000,2025-02-06,Bridged Token Value (Dollar),3510971258.201662,228619359.22560465,33408188.831768762,450169814.35512674,74850193.842781,35975035.185528964,1126322085.8225603,57499512.84576095,25494242.936985534,182992543.75572166,233901730.25255632,228345687.95522782
1738886400000,2025-02-07,Bridged Token Value (Dollar),3513714335.763297,227995859.13214785,33374547.583336927,453300555.05104554,74849436.001255,36141735.185528964,1131158777.2207468,57498343.49159201,25394626.780656368,183741303.0169949,230795746.52595025,228345687.95522785
1738972800000,2025-02-08,Bridged Token Value (Dollar),3516706966.651642,227962618.5020194,33373564.169948515,453298387.91949356,74849432.271448,36139885.185528964,1131158775.799516,57498343.491592005,25026422.955135442,182765860.40917462,234107445.84973073,228345687.95522785
1739059200000,2025-02-09,Bridged Token Value (Dollar),3512151495.635998,228280855.23399243,33362404.31655953,453298387.9194936,74849188.176301,36139885.18552896,1133682124.210526,57498343.49159201,24875576.340768807,182315376.1199178,221787530.93562204,228345687.95522782
1739145600000,2025-02-10,Bridged Token Value (Dollar),3500894236.4303036,229290671.95338535,33355280.582744714,478765879.4119311,74849032.90581702,36139885.185528964,1157298605.5857496,57499336.21297313,23549249.930375528,184526858.77165014,224229145.5615936,228345687.95522785
1739232000000,2025-02-11,Bridged Token Value (Dollar),3503387991.6128564,229911110.3013504,33355477.68855617,460456276.4894044,74849035.944919,36139885.185528964,1158512644.94503,57498318.043586455,23119924.180478662,184854214.34991458,221821544.91626805,228345687.95522785
1739318400000,2025-02-12,Bridged Token Value (Dollar),3510581918.214767,232766670.48466352,33411828.928365503,457660206.5306345,74850281.56231602,36139885.185528964,1146406326.7012496,57498503.73362924,22701343.4828046,185112970.8324984,228162593.71600902,228345687.95522785
1739404800000,2025-02-13,Bridged Token Value (Dollar),3519948689.303376,232323179.5712666,33454673.865678336,468452876.2785769,74851240.675279,36139885.185528964,1153196171.5228684,57501049.08685403,22681409.41390659,186216991.95662647,226277654.2274763,228345687.95522785
1739491200000,2025-02-14,Bridged Token Value (Dollar),3514859099.636975,234189378.86336225,33476761.178110667,468426723.1180374,74851708.83512801,36139885.18552896,1134955798.9628987,57531534.092392154,22470499.093062676,190137062.74451733,230598382.4485269,228345687.95522785
1739577600000,2025-02-15,Bridged Token Value (Dollar),3515624160.4901915,234240001.8550107,33477774.787645593,468314967.5865006,74851716.432883,36139885.185528964,1134955722.1558154,57531534.092392154,22483947.6043692,188324766.74621546,230615834.3093128,228345687.95522785
1739664000000,2025-02-16,Bridged Token Value (Dollar),3515308914.469314,233828002.55672798,33474077.382478297,468316948.4875421,74851632.99571902,36139885.185528964,1133913916.3650286,57531534.092392154,22523367.973981902,188515057.59954175,228578026.21739194,228345687.95522785
1739750400000,2025-02-17,Bridged Token Value (Dollar),3513117991.1797485,235253206.47264335,33473951.113355987,468316619.3257808,74851630.37104,36138035.18552896,1133823939.3647695,57531534.092392154,21301555.996988364,187594461.55988494,222897735.67560673,228345687.95522785
1739836800000,2025-02-18,Bridged Token Value (Dollar),3604934071.7847133,238241245.5039131,33449020.442276586,437280456.73865503,74851067.17018302,36360335.185528964,1155271111.0886343,57530524.08168746,22410141.999761432,191095797.18882602,221754207.66447043,228345687.95522785
1739923200000,2025-02-19,Bridged Token Value (Dollar),3654913362.544661,235165688.30285332,33431502.85532815,453935709.1336245,74850679.546537,36356635.185528964,1159448396.6878822,57530463.48104517,21864320.1260468,191414428.43092573,227574319.61279994,228345687.95522782
1740009600000,2025-02-20,Bridged Token Value (Dollar),3763737989.9226785,236381133.46449876,33480050.803019185,448380601.48842865,74851780.392166,36356635.185528964,1172736878.0775337,57531200.788859606,21807270.521968998,201845158.04544622,231271381.65292877,228345687.95522782
1740096000000,2025-02-21,Bridged Token Value (Dollar),3797132762.8377085,233837427.44219324,33457957.995115515,447988911.54609376,74873966.25828801,36356635.185528964,1170642850.7713046,52278987.09889991,21880414.415707584,202164662.6519173,227331706.85775486,228345687.95522785
1740182400000,2025-02-22,Bridged Token Value (Dollar),3809153562.9388714,233818207.85801643,33457520.33562817,447839965.23708284,74873964.04803202,36356635.185528964,1170642845.4168148,52299926.245610036,21881406.479516137,200781809.65752694,228284201.74963355,228345687.95522785
1740268800000,2025-02-23,Bridged Token Value (Dollar),3808742070.8527174,234316918.34018502,33464905.19600968,447840043.29818505,74874131.198642,36356635.185528964,1171089084.742045,52299926.245610036,21891846.637675256,199054779.07060128,235483463.28603768,228345687.95522785
1740355200000,2025-02-24,Bridged Token Value (Dollar),3806201111.2808504,233080736.11057508,33464933.453960985,388117099.8892242,74874124.29159202,36356635.185528964,1170971935.5146203,52300986.756849974,21608023.91586546,204369998.1718572,227056105.34373453,228345687.95522785
1740441600000,2025-02-25,Bridged Token Value (Dollar),3772131802.4014487,231705877.01067182,33493278.352837756,376410651.052053,74874767.061665,36356635.185528964,1165593172.8686562,52302491.672799975,21577117.70715245,201370788.96310675,216761756.49689445,228345687.95522785
1740528000000,2025-02-26,Bridged Token Value (Dollar),3842527104.902921,231436044.8852284,33475100.350948486,417817238.24030787,74874336.338027,36356635.185528964,1168796463.9384196,52303390.58232716,21377154.23035864,190568516.41270265,215306486.79591396,228345687.95522782
1740614400000,2025-02-27,Bridged Token Value (Dollar),3901955984.014766,230508737.28282472,33416687.160233393,396986794.77206343,74873027.17577,36581435.185528964,1151426737.0340974,52303360.28200602,23076585.323097553,191657505.5579414,219096877.4153689,228345687.95522782
1740700800000,2025-02-28,Bridged Token Value (Dollar),3878487621.7550135,337484068.25185513,34481914.554910466,397529730.2474903,74896073.945002,36581435.185528964,1151343053.250178,52304663.19581508,23056282.88275767,190056381.2446948,356057872.88347304,228345687.95522782
1740787200000,2025-03-01,Bridged Token Value (Dollar),3895531342.783804,337306087.56751287,34472148.65227409,397602401.8953147,74895847.808185,36581435.185528964,1144084626.0915122,52304663.19581508,23058282.699134402,186773860.67064196,361546785.2619947,228345687.95522785
1740873600000,2025-03-02,Bridged Token Value (Dollar),3889900489.696544,337870710.82094556,34493773.858023115,397602348.9564041,74896335.031492,36581435.185528964,1148217788.5726564,52335479.298520565,85771028.22392814,187346440.96782973,390459182.14343345,228345687.95522785
1740960000000,2025-03-03,Bridged Token Value (Dollar),3937614126.70723,340148558.5007012,34538090.63607836,386190100.2539686,74920375.034514,36581435.185528964,1157381336.9995627,52334807.37113304,87254492.78154844,189735611.2059343,367052885.0328031,228345687.95522785
1741046400000,2025-03-04,Bridged Token Value (Dollar),3958904179.8931217,348407429.2998564,34624855.30998389,399909437.20126736,74922301.13447699,36581435.185528964,1166836768.9504306,52334791.94972773,90985383.10543467,185033102.72365516,367133732.95106953,228345687.95522785
1741132800000,2025-03-05,Bridged Token Value (Dollar),3920001194.290472,352698397.5984566,34831441.30925307,279252939.37326455,74924656.71480902,36581435.185528964,1169423392.457786,52334754.80139547,90801756.74330193,190196233.57805157,380717391.3430998,228345687.95522785
1741219200000,2025-03-06,Bridged Token Value (Dollar),3912728095.0352597,359000464.2207046,34834316.24548188,281814557.4966327,74924653.675707,36581435.185528964,1169401258.446899,52333330.08534354,93056942.452016,191121442.6096661,377686625.680707,228345687.95522785
1741305600000,2025-03-07,Bridged Token Value (Dollar),3871608588.8576045,351625059.04083484,34884961.7377088,283407386.07154906,74925193.668876,36581435.185528964,1166274905.5219057,52333552.24034366,99115574.36901301,186933143.93379912,363167663.61075336,228345687.95522782
1741392000000,2025-03-08,Bridged Token Value (Dollar),3864974664.6633453,351710577.03313863,34890528.8596854,283406969.03224915,74925201.819195,36581435.185528964,1166274905.8661914,52333552.24034365,100008798.09549956,187245096.78949103,360351850.49707156,228345687.95522782
1741478400000,2025-03-09,Bridged Token Value (Dollar),3855079921.75725,351496781.1569819,34907060.960998245,283406969.03224903,74925556.15086,36581435.185528964,1168750371.2556055,52333552.24034366,102190375.20197016,184847397.42387402,338160448.0094098,228345687.95522782
1741564800000,2025-03-10,Bridged Token Value (Dollar),3841870066.3391876,352985960.8199329,34896233.443609215,239834328.24772337,74925285.118218,36581435.185528964,1158228811.9135396,51254724.9342558,102063713.69357686,185334668.98941293,329879843.70534354,228345687.95522782
1741651200000,2025-03-11,Bridged Token Value (Dollar),3876971917.100136,351333695.53095335,34951452.14036757,238911555.51425558,74926310.815143,36581435.185528964,1173780772.4789925,51252276.27871418,101545955.6432629,183425745.85836917,347896748.1612364,228345687.95522785
1741737600000,2025-03-12,Bridged Token Value (Dollar),3981079141.7921276,351333891.1890005,34935493.2025457,265589173.91101283,74925909.23925601,37282635.185528964,1179737054.9412644,51251442.995474674,102267618.61386271,178484104.38185152,351163256.4946335,228345687.95522785
1741824000000,2025-03-13,Bridged Token Value (Dollar),4160532163.8215423,351687913.2898758,34916536.4667712,253185964.43564278,74925484.04125802,37282635.185528964,1200432877.5100455,51251261.241209805,105249416.70841663,178218526.72108418,341984064.0287736,228345687.95522782
1741910400000,2025-03-14,Bridged Token Value (Dollar),4390131129.415026,353916425.7060278,34958751.79612729,271384138.6780352,74926434.175056,37282635.185528964,1201288899.2221937,51251725.72433114,104756590.42932217,176679959.548162,353667445.7912141,225706395.56522784
1741996800000,2025-03-15,Bridged Token Value (Dollar),4389362400.096441,353952958.48206323,34957699.802694134,271519510.0277315,74926375.05070801,37282635.185528964,1211803554.8105938,51251725.72433114,104351850.33484158,170824449.0530069,354946361.7286842,225706395.56522787
1742083200000,2025-03-16,Bridged Token Value (Dollar),4389059345.440212,352799280.0050496,34935292.85300339,271519492.38382983,74925849.83862601,37282635.185528964,1213753530.079743,51251725.72433114,103141192.32375653,167688536.3460011,347636485.03460133,225706395.56522784
1742169600000,2025-03-17,Bridged Token Value (Dollar),4373607065.343455,355827797.72126615,34934877.8973451,310290045.1212163,74925836.438949,37282635.18552896,1214527956.5574453,51251927.67351433,101611146.47113304,168886993.29581633,354108015.91544545,225706395.56522784
1742256000000,2025-03-18,Bridged Token Value (Dollar),4333520616.853191,360748051.94787186,34972620.42778504,292315753.931472,74949712.468604,37282635.185528964,1232905552.6095297,51265075.91779796,101585093.58996806,165172953.89713287,345951168.0478191,225706395.56522784
1742342400000,2025-03-19,Bridged Token Value (Dollar),4393199875.231772,361978240.063275,34957154.55151597,386635044.66794014,74949325.397522,37282635.185528964,1242685065.6586554,51267216.57913978,99717084.61428182,165142975.2940096,365374113.3712543,225706395.56522784
1742428800000,2025-03-20,Bridged Token Value (Dollar),4376889630.631011,364488539.079124,34957569.8762734,456346364.0459817,69273078.712906,37282635.185528964,1247793664.908078,76029723.84766951,98789401.25830457,158679608.06135392,349568208.4775348,225706395.56522784
1742515200000,2025-03-21,Bridged Token Value (Dollar),4536493179.023798,363417419.44111484,34935390.25367278,465492959.85790557,69272573.254987,38282635.185528964,1237038530.8902318,76029849.33862443,99444857.65881304,160005637.47031668,351767990.26146924,225706395.56522784
1742601600000,2025-03-22,Bridged Token Value (Dollar),4548357508.04949,363446596.5948851,34934907.18386877,465541985.9577654,69272543.27839,38282635.185528964,1235632042.2562103,76029849.33862443,99642367.00677766,156090091.0589705,350877302.00737566,225706395.56522784
1742688000000,2025-03-23,Bridged Token Value (Dollar),4539335987.054016,363215862.9516069,34935560.76864794,465542123.0079946,69272543.27838999,38282635.185528964,1235623782.347732,76029849.33862443,99692345.93856266,156421415.18415135,352155565.52044624,225706395.56522784
1742774400000,2025-03-24,Bridged Token Value (Dollar),4811261566.504967,361941490.84331757,34893002.50934838,493778216.52624476,69271581.955171,38282635.185528964,1232596212.803924,76077462.14775807,101170559.71246701,158229640.7140729,358732043.8381231,225706395.56522784
1742860800000,2025-03-25,Bridged Token Value (Dollar),5031208159.450136,360643286.45425093,34883424.43145688,524663351.9426739,69271356.09463601,38280785.185528964,1241799424.518436,75017509.14972986,122586285.49112287,157415851.35949615,364159553.240041,225706395.56522784
1742947200000,2025-03-26,Bridged Token Value (Dollar),5033075157.155903,359624071.5086277,34883850.77369689,470601329.25767046,69290996.42861,38280785.185528964,1243093338.6978319,75066540.22780588,127959287.75921063,156169100.72237056,359602526.66533554,225706395.56522784
1743033600000,2025-03-27,Bridged Token Value (Dollar),5036347855.592848,359726502.7559658,34656444.53840201,490772790.8215337,69291185.819921,38280785.185528964,1256932017.6292305,75066287.7425332,126836817.93897673,158655773.33881134,358329600.12429494,225706395.56522784
1743120000000,2025-03-28,Bridged Token Value (Dollar),4960846317.889226,365759849.25260514,34709804.23160142,450647502.34288335,69292362.228677,38780785.185528964,1270052616.2973344,75117574.69167466,137313008.82645962,156964008.49863562,351888495.3246052,225706395.56522784
1743206400000,2025-03-29,Bridged Token Value (Dollar),4967523022.027415,365674034.93845814,34709358.7803054,450379977.6783795,69292307.662982,38780785.185528964,1270146723.6308804,75117574.69167466,136481606.28800008,162385007.76932842,344266586.5687927,225706395.56522784
1743292800000,2025-03-30,Bridged Token Value (Dollar),4964919153.607631,364112613.5813112,34674400.61354071,450379977.67837965,69291523.850948,38780785.185528964,1270893078.3400369,75117574.69167466,139716190.75380436,163893678.74931002,342980888.56579274,225706395.56522784
1743379200000,2025-03-31,Bridged Token Value (Dollar),4958129508.633624,364948892.5990131,34675106.679113366,431617472.2570476,69856884.86889601,38780785.18552896,1270929737.7906106,75117938.27046733,141476149.1305462,162691655.05231363,344802663.18383133,223870311.75572783
1743465600000,2025-04-01,Bridged Token Value (Dollar),4951123162.744843,365942463.484951,34657881.5985833,431266361.9345666,69856476.5241,38780785.185528964,1288982445.6976638,75119584.47444518,141758242.90032285,169921490.5213806,354926625.9203292,223870311.75572783
1743552000000,2025-04-02,Bridged Token Value (Dollar),4957933437.003122,362576192.75929725,34658784.3506555,447241490.2266982,69856472.103588,38780785.185528964,1292799996.5008893,75119118.59183392,139618842.8049513,172364523.2319581,342277965.544158,223870311.75572783
1743638400000,2025-04-03,Bridged Token Value (Dollar),4977062589.390207,369630293.5815004,34822825.363255955,403668699.1882225,69859900.21064399,38780785.185528964,1293792168.32703,76132509.86404952,141475407.26709244,173019225.7918888,348834926.4076606,223870311.75572783
1743724800000,2025-04-04,Bridged Token Value (Dollar),4977042653.034381,372751631.0294081,34773910.66474577,421164503.15535766,69858744.52303801,39880785.185528964,1265646085.5939348,76128890.51266591,143021442.7814357,170355376.4920592,347578573.0960009,223870311.7557278
1743811200000,2025-04-05,Bridged Token Value (Dollar),4971026490.939952,372679341.8207479,34769775.12461938,421176919.30097836,69858714.270159,39880785.185528964,1265382335.5522323,76128890.51266591,144048959.3027514,159774558.78279743,332312105.65335566,223870311.75572783
1743897600000,2025-04-06,Bridged Token Value (Dollar),4943177878.629011,373734333.04119915,34770457.64770548,421179414.24797845,69858714.270159,39880785.185528964,1265394718.507009,76128890.51266591,138878794.10737017,161381486.27323067,315133976.6028113,223870311.75572783
1743984000000,2025-04-07,Bridged Token Value (Dollar),4927343367.548412,380189192.81808597,34738158.509741165,396177595.34793377,69858152.588853,39880785.185528964,1245516558.3147953,76123628.94927278,147776162.76800984,155905566.37820035,350299846.44389737,223870311.75572783
1744070400000,2025-04-08,Bridged Token Value (Dollar),5061897258.144448,388956551.82379884,34731451.210896194,380175781.90263873,69858151.62186602,39880785.185528964,1247677511.138268,76121376.87895289,155647786.38220823,155150070.3117044,341227764.702597,223870311.75572783
1744156800000,2025-04-09,Bridged Token Value (Dollar),5226500590.26096,392288214.42303187,34754836.7292411,409279449.5536673,69858603.066654,39880785.185528964,1292650087.9598455,76125540.97859038,156501435.23093903,149453669.53396899,365871525.56092834,223870311.75572783
1744243200000,2025-04-10,Bridged Token Value (Dollar),5377648864.567743,393294946.5960374,34943725.306103945,389280581.63566506,69862879.91201401,39880785.18552896,1337112543.2306118,76121693.05277105,170002327.2251711,149166263.59306693,356596234.0000081,223870311.75572783
1744329600000,2025-04-11,Bridged Token Value (Dollar),5492078831.099776,399016709.8652558,35012844.59585133,416890692.1391003,69864256.348938,39880785.185528964,1359210565.0444086,76140085.90259328,182951180.71016443,149089994.43445894,373159475.5095281,223870311.75572783
1744416000000,2025-04-12,Bridged Token Value (Dollar),5485370592.220847,399000433.87692636,35016632.688795224,416893261.3739601,69864226.2342,39880785.185528964,1359392084.063712,76140085.90259328,188000703.18174833,146270873.6477945,380333931.35998756,223870311.75572786
1744502400000,2025-04-13,Bridged Token Value (Dollar),5486227872.040926,397524333.9746762,35008877.055439256,416893144.06586015,69864038.776863,39880785.185528964,1352731695.7839446,76140085.90259328,188403993.02519774,146833998.23743317,371834181.5303497,223870311.75572783
1744588800000,2025-04-14,Bridged Token Value (Dollar),5552312566.154335,397653966.33633375,35002379.683505684,375159869.4969249,69863969.844504,39880785.185528964,1357601378.9098017,76143635.25917232,189285082.4581987,151575347.76745293,377747098.4019983,223870311.75572783
1744675200000,2025-04-15,Bridged Token Value (Dollar),5568978534.170996,401782150.5275123,34974863.41188578,362363075.7339669,69863347.65744,39880785.185528964,1374914414.9996326,76144766.31894453,210617237.893632,148123804.07442236,374550588.7414336,223870311.75572783
1744761600000,2025-04-16,Bridged Token Value (Dollar),5590742159.523931,405671365.7938566,35041898.10022759,354566833.4388553,69864799.381209,39880785.185528964,1422982183.3819017,76393344.93488742,218487333.013074,146190102.7770629,376764710.957627,223870311.75572783
1744848000000,2025-04-17,Bridged Token Value (Dollar),5603727963.400818,408242102.72100365,35038566.98944099,349224025.5622953,69864444.358839,39880785.18552896,1416773256.1998005,76394395.20467591,220227536.55808255,144882108.8516183,379708641.7588715,223870311.75572783
1744934400000,2025-04-18,Bridged Token Value (Dollar),5588177248.657455,408881810.49019986,35049018.54094296,349228898.1955681,69864717.60173701,39880785.185528964,1416675008.5006328,76396894.75742601,230299157.99817976,144053182.91912383,378326026.2834985,223870311.75572783
1745020800000,2025-04-19,Bridged Token Value (Dollar),5585476290.111577,408885535.7632897,35047588.383771,349319216.2760514,69864720.77898,39880785.185528964,1416661797.8340335,76408889.07912359,230530726.55731776,141021426.06275642,377737565.14100057,223870311.75572783
1745107200000,2025-04-20,Bridged Token Value (Dollar),5584973755.423747,409509476.9648715,35087089.36490533,349315788.0803524,69865513.846461,39880785.185528964,1427241736.3432922,76408889.07912359,231162220.01063582,144012820.58492953,377938862.221874,223870311.75572783
1745193600000,2025-04-21,Bridged Token Value (Dollar),5552310179.871945,410653789.4438726,35127185.35417568,349042404.16482294,69866377.36585201,39880785.185528964,1472245524.4088635,76406813.82435012,244660583.2804583,145184689.03969145,387753720.2093792,223870311.75572783
1745280000000,2025-04-22,Bridged Token Value (Dollar),5749586502.008911,411845464.3641986,35110059.33901253,373329610.66926986,69864137.409537,39880785.185528964,1445014911.5959516,76456711.41375554,252398586.74593934,146982921.4805287,411551994.63473123,223870311.75572783
1745366400000,2025-04-23,Bridged Token Value (Dollar),5814275931.583084,414509395.3504719,35093735.7747574,417620572.3638143,69863850.07625699,39880285.185528964,1438284305.2759275,76457670.79532896,251889162.9376557,143995368.77468702,416553675.6797362,223870311.75572783
1745452800000,2025-04-24,Bridged Token Value (Dollar),5818748024.147357,413662718.5334318,35093010.856812924,428172274.24401027,75559086.538439,39880285.185528964,1441660113.97047,76461690.09918398,260271250.38184837,145261634.12036192,412714616.2396705,223870311.75572783
1745539200000,2025-04-25,Bridged Token Value (Dollar),5885098662.083351,417655061.1015422,42068550.13648497,430936647.64470685,75559948.12385601,39880285.185528964,1447035970.4621246,76956084.19149575,264763990.73800445,162841907.6147063,618001571.1170613,223870311.75572783
1745625600000,2025-04-26,Bridged Token Value (Dollar),5881834042.580588,417664002.4357092,42066307.32660013,430940953.36605144,75559921.462643,39880285.185528964,1446858994.8494906,76956084.19149575,265957650.26457077,162741484.4160382,611043598.3900584,223870311.75572786
1745712000000,2025-04-27,Bridged Token Value (Dollar),5866621693.814971,416626585.56585085,42038468.02770805,430968103.204653,75559297.617887,39880285.18552896,1443410577.4815416,76969057.46748042,272227894.3273946,159665443.92776293,607962594.7484399,223870311.75572783
1745798400000,2025-04-28,Bridged Token Value (Dollar),5868867936.391295,413701585.1774008,42073702.2271605,400767136.241711,75560193.462272,39880285.18552896,1464525630.8039925,79863486.77958642,275481160.88133514,161946362.42772993,620810262.3706636,223870311.75572783
1745884800000,2025-04-29,Bridged Token Value (Dollar),5852762970.303596,412876170.1593218,42074883.30143238,390108825.2962185,75560189.31804201,39880285.185528964,1464591635.4905863,79912539.43658574,274877215.20941806,161945081.27386656,616587781.2060579,223870311.75572786
1745971200000,2025-04-30,Bridged Token Value (Dollar),6028645153.402999,410654748.32606196,42020885.83482904,372685525.5834188,75559031.14389801,40630285.185528964,1437652634.5582922,89703996.91053854,270403866.2832454,162400580.66412383,616901360.8886659,223870311.75572783
1746057600000,2025-05-01,Bridged Token Value (Dollar),6197681515.574226,410614706.5795065,41551629.6495629,384719584.0813594,75559024.236848,40630285.185528964,1437566730.1771076,89702496.96172504,274744807.19359654,166280318.3547324,628765292.7806329,223870311.75572783
1746144000000,2025-05-02,Bridged Token Value (Dollar),6230966229.397798,413437098.9270625,41526052.78590432,424647233.6990802,75558715.07729,40630285.185528964,1424426981.884542,89702011.20555082,282242010.0140654,162155660.59004402,630002482.3984308,223870311.75572783
1746230400000,2025-05-03,Bridged Token Value (Dollar),6231022721.3047695,413435353.8014408,41527531.68251151,424709981.78549546,75558711.485624,40630285.185528964,1424420191.7858691,89702011.20555082,282355951.202044,158998470.4405465,641296254.7908778,223870311.75572783
1746316800000,2025-05-04,Bridged Token Value (Dollar),6231126301.189778,413579352.13365805,41540791.349578604,424709924.8386368,75559005.449672,40630285.185528964,1427920089.5920053,89702011.20555082,284188266.9717297,161357496.46722165,633689975.3334144,223870311.75572786
1746403200000,2025-05-05,Bridged Token Value (Dollar),6297983923.720859,415000156.8336899,41655105.73709859,392898091.2971567,75558865.512839,78224285.18552896,1464781600.9876726,89712949.05370419,292706144.84695524,161839322.87213138,637128894.7758343,223870311.75572786
1746489600000,2025-05-06,Bridged Token Value (Dollar),6325417146.943974,418138189.0058219,41673050.94909577,376444202.8174971,75559270.54225099,78222435.18552896,1498594629.5937138,89713459.07737859,289110906.4878259,251968169.46153888,651292275.5925243,223870311.75572783
1746576000000,2025-05-07,Bridged Token Value (Dollar),6347429428.5461855,426486887.3010416,41649255.54975997,381312855.1475315,75558755.276321,78220898.55942589,1479176817.6588829,89714933.74650787,293171438.5428218,261746080.79524338,654680124.1076684,223870311.75572783
1746662400000,2025-05-08,Bridged Token Value (Dollar),6386232625.632468,425390846.4647234,41608031.63439887,404095984.3743045,75557627.76947899,78161077.2307112,1454676931.7391002,90008393.13790876,324431152.90371674,291053103.9543267,691668031.7672287,223870311.75572783
1746748800000,2025-05-09,Bridged Token Value (Dollar),6438677998.892664,427983332.800067,41607104.791008934,473501480.10083896,75557650.839026,78140700.87779966,1453584986.69096,90235266.45585716,329897104.7212841,299488309.9791622,690908101.2616636,223870311.75572783
1746835200000,2025-05-10,Bridged Token Value (Dollar),6444112223.087908,428288616.4243275,41624916.02914128,473505229.06690764,75558036.39055699,78139650.66515157,1458312131.0452836,90235266.45585716,331723570.039884,297251037.3176723,699058287.4162987,223870311.75572783
1746921600000,2025-05-11,Bridged Token Value (Dollar),6444164378.2290325,427616246.7056976,41611778.42742227,473514115.11954147,75557753.20150699,78134516.25803955,1447478518.8136973,90235266.45585716,335014579.3598057,299166144.5445442,694522898.1659486,223870311.75572786
1747008000000,2025-05-12,Bridged Token Value (Dollar),6451753221.877124,422014260.4588145,41527490.46068686,511606494.91972816,75555855.973013,79123109.75919381,1419074027.0405471,90234522.26192206,338757759.16291636,305388414.43047863,700027153.7078822,223870311.75572786
1747094400000,2025-05-13,Bridged Token Value (Dollar),6478058682.8469095,419073654.4544192,41526570.37711385,402388527.68951124,75555866.19544701,79095434.17608456,1418890346.811801,90253871.07937133,334734344.9497519,320318881.3467885,701425006.2271973,223870311.75572783
1747180800000,2025-05-14,Bridged Token Value (Dollar),6464241342.446012,422200720.4338667,41682066.34213881,339166306.2836617,75557081.698106,79090027.57792512,1397918118.5614831,90252307.43193658,354350112.44475025,329510839.8053712,697711355.0375223,223870311.75572783
1747267200000,2025-05-15,Bridged Token Value (Dollar),6499862449.712466,424272114.3909914,41688100.00800821,346711945.3253113,75557209.478531,79086527.74166377,1422186627.6291392,90300522.38968624,362155439.32816726,337391996.5609465,696744680.4587132,223870311.75572783
1747353600000,2025-05-16,Bridged Token Value (Dollar),6582095658.716604,424784146.93430984,41683175.29270496,343929670.01740235,75556802.515145,79543727.74166377,1408435607.9974189,90300815.3457022,365076768.1280813,356520633.4200355,703924185.575833,223870311.75572783
1747440000000,2025-05-17,Bridged Token Value (Dollar),6584045641.094652,424797504.82909924,41683469.09714453,343929274.0681717,75556807.626362,79543727.74166377,1408260344.6691394,90300815.34570219,365322049.4180356,353451607.0177903,686208383.5127751,223870311.75572783
1747526400000,2025-05-18,Bridged Token Value (Dollar),6583642982.323015,425568390.9674374,41697093.18783334,343928979.25828665,75557115.680792,79543727.74166378,1422223950.2120779,90300815.3457022,364750930.70828456,355293922.53784204,702734721.9753602,223870311.75572783
1747612800000,2025-05-19,Bridged Token Value (Dollar),6614046405.107316,430692159.65746516,41726103.9502832,331281957.91675234,75557756.10246801,80153727.74166378,1417072058.015524,90300998.95788103,371322573.592937,366255426.99652636,702759293.7862602,223870311.75572783
1747699200000,2025-05-20,Bridged Token Value (Dollar),6619785483.568214,431080511.5209358,41759963.76806242,336531369.82918274,75558517.53566,80153226.74166378,1449695840.0940366,90300275.66748483,429767596.13388044,371898880.1875864,712165761.02664,223870311.75572786
1747785600000,2025-05-21,Bridged Token Value (Dollar),6604750837.80175,434436276.551147,41788368.018369496,320239609.11037993,75559122.31695801,80143371.19984934,1462211731.3151832,91263981.53836757,436142564.9398446,377888575.6054069,726761188.3991003,223870311.75572783
1747872000000,2025-05-22,Bridged Token Value (Dollar),6637154877.416838,434785502.18190557,41758699.64558636,344025880.9645665,75558441.005546,80127726.19793677,1455284454.6927636,91264739.32959497,480796168.2919526,402507769.7705788,743705230.6554228,223870311.75572783
1747958400000,2025-05-23,Bridged Token Value (Dollar),6675731405.194168,427843379.1702281,41757814.42842825,340177789.9860222,75558440.03855899,80811697.83135681,1455211667.8621917,91510133.4814637,483492739.8005569,415761538.3799929,713203863.7573929,223870311.75572783
1748044800000,2025-05-24,Bridged Token Value (Dollar),6681070324.105012,428936746.1538525,41811909.36395173,340182238.15246344,75559637.997311,80811697.83135681,1480439386.1244357,91511158.49427561,483942526.7439033,412085195.24023837,714803582.0929309,223870311.75572783
1748131200000,2025-05-25,Bridged Token Value (Dollar),6676293943.295368,427503889.851179,41814595.23630918,340182634.5396319,75559710.93575901,80809822.8313568,1474065380.2294638,91511226.49468297,486919458.6105248,408224677.6233744,722030718.7204108,223870311.75572783
1748217600000,2025-05-26,Bridged Token Value (Dollar),6674113966.077684,433531970.9911673,41823390.840465225,340180559.59794027,75559905.85271001,80808763.59428588,1475174045.247077,91511226.49688654,505857088.9775907,404224522.046951,728459083.540728,223870311.75572783
1748304000000,2025-05-27,Bridged Token Value (Dollar),6671642679.863284,439052458.4421446,41792782.469507225,339355144.58666,75559197.18938,84577018.59428588,1459756015.2333379,91514676.05169287,536670892.23653066,407394506.63861424,728479024.510343,222736056.16892782
1748390400000,2025-05-28,Bridged Token Value (Dollar),6665805940.58869,435215968.43377894,41730716.0902483,259785806.6078433,75557816.608226,85396618.59428589,1439510738.8755639,91513120.31657831,541025082.7532922,416720434.085598,823191847.7382379,222736056.16892782
1748476800000,2025-05-29,Bridged Token Value (Dollar),6692685864.733725,436643595.1113107,41815971.60232515,298856156.0630823,75559769.78382501,86328040.57210514,1483198027.4949114,91756865.8637463,564358665.0033493,424660238.6964696,806262151.7648329,222736056.16892785
1748563200000,2025-05-30,Bridged Token Value (Dollar),6714009028.960617,445296590.2769803,41810650.76785327,282519221.9379258,75559355.91338901,87149340.57210514,1472016939.3591328,91835355.15809146,570718370.3497175,424307173.8974809,777634478.1706929,222736056.16892785
1748649600000,2025-05-31,Bridged Token Value (Dollar),6709048076.93665,445324892.40530604,41815456.578102924,282518187.4836985,75559355.913389,87300525.57210512,1471887996.750113,91835556.15809128,574913887.8368342,424726576.83127165,779788309.2324393,222736056.16892782
1748736000000,2025-06-01,Bridged Token Value (Dollar),6707821307.692919,445837601.4871801,41826767.47730169,282520048.4981505,75559337.126213,87372080.57210514,1472154891.4598777,91835556.15809128,601840562.4618938,426623293.57636034,785498209.0849957,222736056.16892782
1748822400000,2025-06-02,Bridged Token Value (Dollar),6802510372.784877,446928015.77273756,41891638.238164365,266050383.82369134,75560793.684917,87982988.44459704,1516407398.5603292,91835579.30366841,608736664.0884992,438575111.6704314,788665929.9808586,222736056.16892785
1748908800000,2025-06-03,Bridged Token Value (Dollar),6818252731.384154,446464532.91312754,41859886.996329285,296159449.5623094,75559844.37996499,88504823.44459705,1504910401.0887077,91833841.62832895,609722659.9310752,449802480.2891574,786046573.1547186,222736056.16892782
1748995200000,2025-06-04,Bridged Token Value (Dollar),6814591721.804004,455318076.2230411,41882224.94312595,269804161.68332684,75560372.493008,88509342.64986365,1513013485.5769284,91836772.5213106,649577026.012566,437548053.1679183,782480445.5532086,222736056.16892782
1749081600000,2025-06-05,Bridged Token Value (Dollar),6820820204.822473,461815724.5021493,41908075.335186295,262183292.98040077,75560810.814401,88647647.64986365,1506066807.2209516,91948384.38389449,668336134.9656415,438552729.28524953,764958663.4440788,222736056.16892782
1749168000000,2025-06-06,Bridged Token Value (Dollar),6819243739.160502,467776414.4649643,41876210.08215549,287066250.53983486,75560075.90428099,88952057.64986366,1484765877.7801225,92116304.18497984,700909222.4751568,433028724.57805264,781028001.6058995,222736056.16892785
1749254400000,2025-06-07,Bridged Token Value (Dollar),6808540317.795984,467684694.21431637,41875734.82537697,287089149.68826616,75560081.29178,88951135.49957626,1484627540.189313,92139352.64186463,710013050.718726,415782779.75273967,789307680.6929978,222736056.16892785
1749340800000,2025-06-08,Bridged Token Value (Dollar),6807878228.59498,467774669.93366164,41880688.86472139,287126666.4062511,75560183.101697,88951345.49957627,1487616993.5276673,92139828.77642131,717066267.2959358,410921909.2373797,790803724.164748,222736056.16892782
1749427200000,2025-06-09,Bridged Token Value (Dollar),6757355650.753156,467933647.1976092,41880413.20502348,289892722.6708194,75560174.12253201,90973753.89957628,1488803020.680455,92142797.57604174,718325194.3228467,412061935.3304281,820433829.568243,222736056.16892782
1749513600000,2025-06-10,Bridged Token Value (Dollar),6816066581.840666,476921689.8719935,41908536.22368381,332613526.5057229,75560577.494252,91251745.4883446,1495868975.581262,92144200.48043744,718925625.0809847,419013819.05676085,819264493.1060978,222736056.16892785
1749600000000,2025-06-11,Bridged Token Value (Dollar),6830193099.324827,478114166.89802533,41952574.52095716,308650438.6550619,75561565.47868401,91271725.48834458,1512731108.747485,92173296.1568096,715223805.7960542,426213564.0888976,811277329.681888,224243434.83892784
1749686400000,2025-06-12,Bridged Token Value (Dollar),6815970706.0183735,476906542.70899504,42010778.280847885,313201073.5405714,75562842.03966501,91273042.20419295,1525787606.1162834,92204056.83524112,710482781.8843387,435116514.2549305,795869782.0003692,224243434.83892784
1749772800000,2025-06-13,Bridged Token Value (Dollar),6837960807.31307,477818880.29103136,42012188.69001001,310725259.2608567,75562839.829409,91662242.7122479,1526884368.0291438,92236836.66046788,672626861.8699994,436576299.30399287,800625087.1740742,224243434.83892784
1749859200000,2025-06-14,Bridged Token Value (Dollar),6838432259.216931,477150405.0465237,41986248.50159255,310733514.67718196,75562165.563188,91793937.7122479,1545328059.8376088,92370712.08058728,672304706.3869603,425163166.2900344,795616553.4784787,224243434.8389278
1749945600000,2025-06-15,Bridged Token Value (Dollar),6839793115.429465,477897781.1558318,41977721.14770688,310732257.43357337,75561971.88950601,91807737.7122479,1547816092.7379582,92392986.56305282,674819916.0437188,422387031.2085459,797040784.11501,224243434.83892784
1750032000000,2025-06-16,Bridged Token Value (Dollar),6850804270.380653,476949629.62224054,41986375.246401675,324689090.3868302,75562163.35293199,91897582.7122479,1542034170.6008384,92404469.40281507,781649080.8163869,432238149.388676,808760115.8118551,224243434.83892784
1750118400000,2025-06-17,Bridged Token Value (Dollar),6856904625.721709,475686270.5628799,41944624.470494285,328077882.73869646,75561209.627468,91910387.71224788,1545134656.9949615,92407869.07442217,787706666.674682,485415378.9513912,797614239.441035,224243434.83892787
1750204800000,2025-06-18,Bridged Token Value (Dollar),6852926085.246515,476219739.40035456,41940049.941739,329710598.8999435,75561135.860174,91932592.71224788,1553266587.5400531,116737790.32939894,789315265.3811466,481771055.5367913,798816929.5267241,224243434.83892787
1750291200000,2025-06-19,Bridged Token Value (Dollar),6850722403.515065,479151329.63231003,41940533.83854812,329087659.3026545,75561141.24767299,91932792.71224788,1553571480.6986053,116738287.36102168,791928774.4606535,483355502.5090976,797061359.7052692,224243434.83892784
1750377600000,2025-06-20,Bridged Token Value (Dollar),6850893589.982796,485307508.6575799,41970403.8917371,342616324.5648965,75561804.324473,91933692.7122479,1565170007.7308955,116828865.68622169,790839454.085667,483483915.86720276,788029793.1554291,224243434.83892784
1750464000000,2025-06-21,Bridged Token Value (Dollar),6855338502.81048,485276531.39864254,41970915.68712516,342614891.659194,75561809.021267,91945997.7122479,1565237135.6236527,116829243.04658388,787909096.3096573,476487213.3114141,775700878.5967392,224243434.83892784
1750550400000,2025-06-22,Bridged Token Value (Dollar),6853413733.114792,484576209.0710995,41955783.53563065,341810823.5924414,75561461.872934,91945997.7122479,1567945619.2249577,116830541.41041587,777492223.6211549,475195662.2250142,771640877.628522,224243434.83892784
1750636800000,2025-06-23,Bridged Token Value (Dollar),6856017715.84777,498342722.32847774,42014597.05479851,317029903.9468518,75562794.104738,91981223.8196238,1564504229.7845025,117843391.82754806,884579181.5534719,470509217.0484676,804659213.3979841,224243434.83892787
1750723200000,2025-06-24,Bridged Token Value (Dollar),6862231505.054259,525196796.17817605,42016992.10200761,366627681.69694614,75562811.78678599,93236623.81962381,1578778621.7253788,118840456.11624347,884393467.5561392,475325351.22865295,809516106.9036491,221491638.44892782
1750809600000,2025-06-25,Bridged Token Value (Dollar),6862946301.786139,524907540.58822864,41926523.15103041,338983001.91918325,75563001.59252,93306223.8196238,1584989934.9314804,121785795.44139996,897956443.0790154,475933526.01834935,815250592.0863043,215180925.50892782
1750896000000,2025-06-26,Bridged Token Value (Dollar),6857792991.350678,528309960.7290625,41971409.707359284,327086862.604317,75563993.30675901,93314258.8196238,1606643467.943664,124142059.40071018,897580000.0887786,476764546.88831085,814789484.1644542,213022330.46892783
1750982400000,2025-06-27,Bridged Token Value (Dollar),6848989682.271662,516071342.51582867,41992566.39468567,330900757.5781531,75564453.316289,93314258.81962381,1581850055.828583,125656245.6236175,904897781.5093113,471760537.9165683,815252937.8811991,213022330.46892783
1751068800000,2025-06-28,Bridged Token Value (Dollar),6849998649.599027,516204757.78983676,41995140.63623615,331099624.067416,75564498.902819,93314258.81962383,1581673770.2586186,125956974.02531229,907525081.7028695,464812536.3027138,819804101.3550892,213022330.46892783
1751155200000,2025-06-29,Bridged Token Value (Dollar),6851195233.445234,516184576.9235215,54962349.59903951,333144647.9376956,75564485.779424,93335446.62192518,1581654333.72352,125981996.3589474,908537844.2980428,464597436.7815548,861866307.8280241,213022330.46892783
1751241600000,2025-06-30,Bridged Token Value (Dollar),6856331510.315994,515971769.79839617,54967076.29962323,328822278.6742393,75942780.242226,93243669.01330365,1591345643.9922955,126244375.86883605,912286204.8311102,471015897.872889,858162780.6142544,216744787.69692785
1751328000000,2025-07-01,Bridged Token Value (Dollar),6845532227.354704,520126650.6045216,55005741.742202185,334424887.2924265,75943607.430534,93935639.15864998,1616864328.5026505,126252213.82115825,914235911.674661,473035386.6601501,849383642.1679293,216744787.69692785
1751414400000,2025-07-02,Bridged Token Value (Dollar),6851607188.680683,525183465.79782593,60092375.99637011,345640760.8830577,75943873.075677,94028357.07662396,1632098663.8581383,126283531.25332113,925540863.5073829,473251891.06164527,870502065.6202492,216744787.69692785
1751500800000,2025-07-03,Bridged Token Value (Dollar),6873314704.962783,523850089.65786064,60163776.84018441,380643891.24712896,75943782.040758,93896007.52342418,1635999022.9592657,126267371.11385445,926206901.35219,481239900.02849346,874108688.2432745,216744787.69692785
1751587200000,2025-07-04,Bridged Token Value (Dollar),6869992079.039329,527995579.6893087,60146155.251801915,380784597.5183423,75943387.51006201,93875920.04028235,1628118426.636209,126265045.73762034,937023560.3973173,482459988.2590434,863003733.3882993,216744787.69692785
1751673600000,2025-07-05,Bridged Token Value (Dollar),6868501914.521686,528246776.8084424,60160362.297406,380762297.5342559,75943472.604918,93871934.2330792,1631658644.735187,126272279.84242582,940539522.0566276,476268875.32969004,864473505.7079794,216744787.69692785
1751760000000,2025-07-06,Bridged Token Value (Dollar),6868801242.325001,528226502.2391096,60160697.73689851,380242678.9125404,75943476.88728902,93870034.23307921,1631669679.691988,126265022.09490214,944325889.8997943,476254580.06365174,872023144.9512744,216744787.69692785
1751846400000,2025-07-07,Bridged Token Value (Dollar),7001734420.885453,530757084.6759686,60163029.32991794,357013404.6932231,75943526.203626,93838595.52286404,1628527804.277411,126264572.33158776,952246845.1926557,486313680.2148631,867180026.526798,216744787.69692785
1751932800000,2025-07-08,Bridged Token Value (Dollar),7003037753.853343,531095161.86838466,60135778.03483413,378308094.651932,75942919.350213,93827106.72673018,1632415960.968411,126283962.04623903,953148864.1874529,490733983.8418992,886204337.1428834,216744787.69692785
1752019200000,2025-07-09,Bridged Token Value (Dollar),7005958494.597712,533056537.370137,60136509.24386306,382302138.6840643,75942738.247362,93821396.92527977,1619719283.4365535,126392589.73481415,943745333.8435146,501468508.93231875,905073670.8973014,216744787.69692785
1752105600000,2025-07-10,Bridged Token Value (Dollar),7014003455.719994,649197173.0451558,60148157.60429954,378895776.7266437,75967995.995404,93822776.92527977,1626073042.0395792,136458659.00036702,954603884.8400636,515512863.297807,930545262.9571012,216744787.69692785
1752192000000,2025-07-11,Bridged Token Value (Dollar),7018904480.635854,644357135.4218817,60125978.53367895,390478929.5672997,75967498.13524,93820140.1782544,1629805588.7842438,136476615.15421283,952693134.7470417,530907032.4484432,933311676.119881,216744787.69692785
1752278400000,2025-07-12,Bridged Token Value (Dollar),7028875573.35352,643969053.7037334,60145906.88885717,390479516.7538029,75967426.57820201,93825142.8184186,1644815346.4900112,136488024.8514303,946384807.1964368,522067475.786764,899753519.506449,216744787.69692785
1752364800000,2025-07-13,Bridged Token Value (Dollar),7029187286.913942,643879434.4822643,60142911.33950132,391118612.3764544,75967359.579817,93824514.0279282,1644817818.7995992,136480222.37433243,940485977.669425,522327315.0773767,911003576.592663,216744787.69692785
1752451200000,2025-07-14,Bridged Token Value (Dollar),7049559812.29097,643462361.5263163,60137615.00159359,398004046.46950096,75967238.844583,93824814.02792822,1650401736.8582625,139011566.30868524,936392295.0291439,544895975.8308598,918727392.694515,216744787.69692785
1752537600000,2025-07-15,Bridged Token Value (Dollar),7056880489.516567,643718431.1082532,60219771.40104182,376970265.8801774,75967006.07699801,93816214.02792822,1639323449.3829432,142338878.0182607,935132873.3123955,546030283.3431002,905149275.7677389,283152605.2969278
1752624000000,2025-07-16,Bridged Token Value (Dollar),7040917868.204805,640927809.1105884,110194674.68624318,440938544.95110655,75966199.886122,93793999.71864334,1673129172.4381576,146447563.80451372,925810816.3391384,563595243.4085753,931863911.95027,283152605.2969278
1752710400000,2025-07-17,Bridged Token Value (Dollar),7049377207.265594,676944405.5085579,110582905.81106222,424447860.9568272,75966583.64182,95602979.71864334,1682195677.4694993,146492006.63823825,904426667.3105841,578514314.5541357,940771425.3146477,283152605.2969278
1752796800000,2025-07-18,Bridged Token Value (Dollar),6516787427.602885,676263263.1021752,112128599.62675598,441043501.941611,75966307.636102,95602083.00063968,1721768572.6290655,151129897.18694314,935915009.3804119,591308243.0942668,923908792.9147952,283152605.2969278
1752883200000,2025-07-19,Bridged Token Value (Dollar),6520776140.27713,676796160.7467692,112139507.11566544,441043176.30047965,75966455.86139502,95602083.00063968,1726928954.6161795,150487668.49023002,934295401.3703495,588390387.4661107,923471772.0377162,283152605.2969278
1752969600000,2025-07-20,Bridged Token Value (Dollar),6519851034.29296,676728842.7752612,112139299.60874858,441076502.2603978,75966452.40787,95602083.00063968,1726929487.0216155,150491765.27492708,927199960.8195693,603275595.1527364,918139344.3681421,283152605.2969278
1753056000000,2025-07-21,Bridged Token Value (Dollar),6311074633.800795,676921192.4056526,112156710.79525238,400247347.9155604,75966514.709461,95596788.00063966,1726244220.11663,150493866.31749043,927152918.5642186,626828888.4338725,921370603.1598213,283152605.2969278
1753142400000,2025-07-22,Bridged Token Value (Dollar),6302822392.869747,678293563.3006976,112197329.8017638,409861083.77554756,75967399.502566,95595747.34953293,1749921710.4021087,150425047.64864993,914795054.7149075,651876429.0704514,942352946.0087321,283152605.2969278
1753228800000,2025-07-23,Bridged Token Value (Dollar),6296770237.279816,684130926.904293,112225226.35177489,404563920.9437194,75968011.46719602,95595652.34953293,1767776385.313373,150565690.2980996,911978366.532282,660052996.7707978,933387385.4520475,283152605.2969278
1753315200000,2025-07-24,Bridged Token Value (Dollar),6327347317.633528,681769602.0959575,162258394.23975998,399118683.3754806,75968493.441145,95595652.34953293,1747986623.0748065,154498356.51479092,912835417.0730246,692821843.5079365,939641119.5856781,283152605.2969278
1753401600000,2025-07-25,Bridged Token Value (Dollar),6344421802.098618,682225974.912491,161691222.06613433,394989311.52948284,75968243.129653,95632662.34953292,1736862579.2046885,156165307.85120538,912712226.0944674,695063616.1707834,921514245.38289,283152605.2969278
1753488000000,2025-07-26,Bridged Token Value (Dollar),6335944431.136056,681832806.8704162,161753448.63423273,394988638.81828445,75968119.63159901,95632662.34953293,1720198523.2072449,156174379.0630457,913425980.8692862,684990637.4923944,925111712.676121,283152605.2969278
1753574400000,2025-07-27,Bridged Token Value (Dollar),6334431710.654634,681824780.0658152,161753247.33707342,395169633.4221438,75968114.52038202,95632867.34953293,1720180801.456736,156216798.8962288,913829540.6811492,696692041.2545283,935737060.0852599,283152605.2969278
1753660800000,2025-07-28,Bridged Token Value (Dollar),6314308112.798052,682386987.8882713,161797497.26682612,396155583.13682353,75968272.139263,95631267.34953295,1720547934.986069,156405945.1356448,916662882.582086,723067738.93239,925958910.8911803,283152605.2969278
1753747200000,2025-07-29,Bridged Token Value (Dollar),6307042041.538012,674577326.1718245,262190175.84357202,382051004.22977847,75966045.997048,96125197.34953293,1711225502.4514203,156482519.8399902,932549152.8934658,720418665.3145788,928611943.6775061,283152605.2969278
1753833600000,2025-07-30,Bridged Token Value (Dollar),6263742125.497213,668456977.5626967,312288875.0836685,359271738.96110874,75965415.24524201,96144002.34953295,1718824329.8577428,156765576.49407744,884104128.5276389,730333661.3435714,926279686.9247816,283152605.2969278
1753920000000,2025-07-31,Bridged Token Value (Dollar),6321115193.179056,666130944.454395,362266568.2230359,375759558.08808404,75963733.10228501,97127741.98576799,1780092255.687678,184539374.37475225,880246566.2926786,751103823.6922165,907788885.1636102,283152605.2969278
1754006400000,2025-08-01,Bridged Token Value (Dollar),6434076440.863165,668905322.9832512,362289229.492283,352056958.9932498,75963643.172494,97132512.8317759,1782332947.0076933,192566357.56899258,863860381.3391618,730950838.5891056,891251572.9207486,283152605.2969278
1754092800000,2025-08-02,Bridged Token Value (Dollar),6456083344.993837,676383735.2363715,362361915.7501969,352058647.70497495,75965954.133283,97132912.82951346,1823114432.3365483,192580916.27266696,857167810.4975808,700788078.9695648,885681794.2883977,283152605.2969278
1754179200000,2025-08-03,Bridged Token Value (Dollar),6457161582.336956,676411629.5935723,362363618.3184063,352857209.69888073,75965988.94481501,97132912.82951345,1823115230.001218,194701762.88494927,856787574.5896541,684877282.1176097,899908923.0349524,283152605.2969278
1754265600000,2025-08-04,Bridged Token Value (Dollar),6398462595.450715,683847882.138087,363437537.5365069,364743663.54250807,75965870.696119,97126407.87971206,1830857392.0966964,195752242.52313548,863971056.689031,683849333.5138152,908496344.0630199,283152605.2969278
1754352000000,2025-08-05,Bridged Token Value (Dollar),6469667549.098019,685482875.1796259,417890582.5267399,358534147.4548746,123278804.463618,97127112.87971207,1833048773.0544307,195964155.4318611,972716377.4965285,683781316.5318724,907711918.9616458,282949888.0369278
1754438400000,2025-08-06,Bridged Token Value (Dollar),6523806724.222595,688225231.8773675,463614571.273186,365556541.1139496,123278732.90658,97126513.89260548,1835985092.2554798,196065220.5616587,952700340.9250318,690248920.5301719,914832460.5229033,283045481.3569279
1754524800000,2025-08-07,Bridged Token Value (Dollar),6565438538.067657,689587585.1891992,513602079.2178382,383738930.2208644,123279896.46822299,97129323.89260548,1829417575.5481765,201256609.56963685,948204512.2452911,692350922.5153602,932364538.1448429,283045481.3569279
1754611200000,2025-08-08,Bridged Token Value (Dollar),6602978798.598901,691825834.6219542,564504469.8773009,389976663.10753495,123280088.898636,97127461.17092566,1847259835.154924,205143950.88625678,943565487.4092273,690323607.1554972,918197556.7480407,283045481.3569279
1754697600000,2025-08-09,Bridged Token Value (Dollar),6612435812.887951,690428673.161582,564451403.9286987,389977116.12528324,123279643.532052,97127461.17092566,1846143692.0011537,205159327.8024121,946882346.2503686,684385518.4643992,912788500.6953537,283045481.3569278
1754784000000,2025-08-10,Bridged Token Value (Dollar),6615174462.664183,689566362.8505841,564439931.934692,390339240.7566607,123279377.748768,97127461.17092566,1846148700.5131693,205245678.9586772,948472705.5349411,684516690.2039891,929450045.4178007,283045481.3569279
1754870400000,2025-08-11,Bridged Token Value (Dollar),6713298344.248379,700467155.289344,615289238.0067657,374662260.15542805,123294878.053857,97139861.17092565,1819872029.0389578,205277540.6010184,946461660.3378679,714681041.321418,928042076.7496179,283045481.3569278
1754956800000,2025-08-12,Bridged Token Value (Dollar),6724949081.978555,707797777.5944936,665202598.4347683,354460191.0334723,123294899.18943,97551461.17092566,1819636449.2678556,205169707.94922152,936911985.0268292,711445235.0690606,943533956.8526648,283045481.3569278
1755043200000,2025-08-13,Bridged Token Value (Dollar),6713447239.066042,710889000.9477397,715155336.8708485,348623111.7187178,123295730.24568601,97841222.45196515,1820267446.3600495,205306902.38316005,984769252.212808,744736568.0200677,962643653.1831348,283049348.4769279
1755129600000,2025-08-14,Bridged Token Value (Dollar),7107759213.918116,719779225.5580122,770100637.5713929,343797838.7051591,123296217.88341601,97891190.75313705,1827888250.7500021,205498833.7960499,986046246.4243058,763970556.8811455,934124807.4824327,283049348.4769278
1755216000000,2025-08-15,Bridged Token Value (Dollar),7119697587.973633,717705146.9952099,770076311.8732771,362424470.79854727,123295363.619472,97891390.75313707,1811657636.2196949,205422859.62145793,987146240.7627351,749580824.0769145,921576976.6806482,283049348.4769278
1755302400000,2025-08-16,Bridged Token Value (Dollar),7121224977.673378,720259528.9463803,770081594.6429715,362424195.48567206,123296096.73375902,97891490.75313705,1812219952.215669,206720537.07930034,990272988.5092976,736367378.0257944,925777735.1592726,283049348.4769279
1755388800000,2025-08-17,Bridged Token Value (Dollar),7125040553.571696,720264493.5621182,770080355.8199893,362539514.3810182,123296104.331514,97904490.75313705,1812226674.220264,206721710.98230618,991730816.2348913,733920769.870596,926753382.9153397,283049348.4769278
1755475200000,2025-08-18,Bridged Token Value (Dollar),7148967353.861993,721219884.7066106,819990374.5946244,341014370.46817356,123299368.95138001,97689804.02534004,1799611098.2184792,206740075.61270207,997993829.8757037,741720353.0262473,919277940.0440165,283106529.9769278
1755561600000,2025-08-19,Bridged Token Value (Dollar),7260298210.5436535,721214283.0631294,869834003.0115123,344010194.34953886,123298833.93128699,97288513.71543817,1801361783.8975217,206849947.66804343,1002345553.4935073,739634160.6242774,893184271.4153422,283106529.9769279
1755648000000,2025-08-20,Bridged Token Value (Dollar),7428427684.253477,720587729.9867622,871953901.2357574,334695465.57263917,123298478.632635,97264457.43962964,1791709884.8300664,206957195.900706,1011270193.1091024,734610716.0591345,908104305.9154642,283142135.7769278
1755734400000,2025-08-21,Bridged Token Value (Dollar),7626629365.625847,717692771.75812,871545688.2150795,342494614.1536388,123298085.207067,97164032.43962964,1805023910.9288626,207234066.1747535,1009470419.9759903,734008014.79125,891496932.2591523,283142135.7769278
1755820800000,2025-08-22,Bridged Token Value (Dollar),7659415197.984501,714842856.1132859,871546328.2720193,355853363.4825176,123298074.29392801,97148164.92768568,1804754320.1934135,207278427.01164168,1004995243.0546405,739646465.3687037,924662465.4100163,283199482.33692783
1755907200000,2025-08-23,Bridged Token Value (Dollar),7649662779.754512,720138546.5974672,871582475.1412035,355879427.76395774,123299610.974412,97131505.70404476,1823158313.518464,207299513.85727027,1007796044.4484137,722109914.2731934,913317903.881326,283199482.33692783
1755993600000,2025-08-24,Bridged Token Value (Dollar),7652727818.315632,719917982.6642746,871580059.864173,355377178.661935,123299545.77186,97131705.70404477,1823128842.4481049,207301897.94009277,1000583619.7840629,722276718.3770587,901686364.570213,283199482.33692783
1756080000000,2025-08-25,Bridged Token Value (Dollar),8047544451.072722,719476772.2679894,871666408.8191748,344997336.7283576,123300481.010348,97723600.70404476,1817122396.3336158,207610183.60659268,988531806.2451817,741856708.5002046,879153165.8907888,283199482.33692783
1756166400000,2025-08-26,Bridged Token Value (Dollar),8038657284.305647,715904386.4992851,872035161.8888677,352356107.8328478,123299168.256425,97566210.70404476,1810948522.4178202,211036138.98349565,1003996535.7848295,738324788.9509821,893656850.78749,283199482.33692783
1756252800000,2025-08-27,Bridged Token Value (Dollar),8068618133.235128,704175164.0990692,822981036.2035189,354388090.9186124,123299496.893864,97438175.70404477,1829606110.0854197,211420402.046431,1025541800.4166248,752205276.2406921,890843573.5132779,283199482.33692783
1756339200000,2025-08-28,Bridged Token Value (Dollar),8045052644.167756,721183412.7348118,823093916.0119388,344825163.27538776,123299630.890634,99928036.70404477,1835606567.2639945,216952380.78673595,1033413444.040207,765558768.8317084,897830297.5846183,283199482.33692783
1756425600000,2025-08-29,Bridged Token Value (Dollar),8063994373.587463,723798559.3780863,873422155.8686267,336819460.321984,123300077.500487,99928036.70404477,1846204388.201044,219610646.21551543,1029635224.8309264,759323491.3203702,869687066.1854454,283199482.33692783
1756512000000,2025-08-30,Bridged Token Value (Dollar),8071559069.235013,724042422.5049018,880241628.4768049,336817606.3050786,123300145.32771802,99929769.00973313,1863404776.1193287,219625464.53049645,1034345540.1604886,742902005.1820338,875199877.4429307,283199482.33692783
1756598400000,2025-08-31,Bridged Token Value (Dollar),8071544435.732625,723923928.4098244,880287246.5628482,336817561.37148666,123300114.10785201,99923829.00187273,1863434013.2184672,219626252.2069719,1040489909.0131075,740952580.0790652,873646490.8239187,283199482.33692783
1756684800000,2025-09-01,Bridged Token Value (Dollar),8093401156.787963,720851778.3870237,880303343.1132848,336878704.20825034,123300226.830908,99930469.00187272,1862743635.1696994,229643526.11933902,1041021246.9707214,752050452.1455756,886676860.8859762,283199482.33692783
1756771200000,2025-09-02,Bridged Token Value (Dollar),8006618309.88682,721656080.1758785,830549615.8973515,338435232.8118128,123300569.282447,99918819.0018727,1884556232.0336041,231497174.0149114,1041376987.8442361,765671031.9823731,895554227.5453597,283199482.33692783
1756857600000,2025-09-03,Bridged Token Value (Dollar),7907011536.211718,719238599.3474287,881391470.0548208,355363288.80416554,123299799.14637199,99909438.52957374,1933279776.382278,260152988.75211573,1074963709.180732,764743605.2052691,902813469.5019237,283199482.33692783
1756944000000,2025-09-04,Bridged Token Value (Dollar),7936401065.6483,724119181.6439912,883153928.708466,371811462.7021757,124666880.457203,99909638.52957375,1934763104.6233606,265310946.41949016,1124717393.1932454,762906228.235452,893634399.1164808,283209786.7969278
1757030400000,2025-09-05,Bridged Token Value (Dollar),7924186512.774025,693965804.6575708,883321261.3077157,386205428.9334986,124666819.26074,99908479.77957374,1943025812.6178465,266514187.75823414,1134835375.525126,765275757.7144605,866593504.0852277,283209786.7969278
1757116800000,2025-09-06,Bridged Token Value (Dollar),7947257780.984297,697116924.1421564,883336718.8542385,386189247.5695551,124667691.483014,99908479.77957374,1961144093.5050333,266580493.71835825,1140719725.3759634,747627981.3900423,887666657.2878102,283209786.7969278
1757203200000,2025-09-07,Bridged Token Value (Dollar),7910723672.777039,697055574.9575529,883345143.200627,385703487.2812874,124667691.48301399,99908179.77957374,1961137191.9964345,267578962.9281225,1142573195.9856324,742027376.1676052,895628033.345637,283209786.7969278
1757289600000,2025-09-08,Bridged Token Value (Dollar),7919620007.974594,702462483.5392141,883604738.7168183,423044151.52791256,124675765.615778,99878379.77957375,1989605360.283756,268607156.6389629,1138159543.4268947,741230194.8136191,901586154.0156035,283209786.7969278
1757376000000,2025-09-09,Bridged Token Value (Dollar),7891791772.584257,705781869.0638887,883951559.312093,447661212.4486042,124676143.155131,99878484.77957374,1991514242.416467,270433755.1077109,1138397310.7721817,740792189.165198,894049568.5509915,283209786.7969278
1757462400000,2025-09-10,Bridged Token Value (Dollar),7882763427.464998,710795685.3901322,908826140.6201035,474304283.4214817,124675230.181262,99816684.77957377,1994392401.8959236,272109298.1083246,1141757725.409295,735079602.817199,913674050.9091389,283209786.7969278
1757548800000,2025-09-11,Bridged Token Value (Dollar),7897639955.061738,714991809.5092368,908852241.0209458,515486929.30879027,124675234.60177399,99812038.89176106,2002324708.823769,283309885.58808595,1162711631.931317,733589851.2456107,920627307.4084346,283209786.7969278
1757635200000,2025-09-12,Bridged Token Value (Dollar),8160982581.436731,767528710.4485059,909062064.6452348,531207922.2072383,124675658.00393899,104767238.52663009,1996539199.1643124,299235316.54475486,1162846947.2459583,736374294.8312392,931729525.9888257,283209786.7969278
1757721600000,2025-09-13,Bridged Token Value (Dollar),8197324444.232282,767624828.6154361,909028231.3641776,531242685.820865,124675682.59303698,104690797.8923326,2002288170.8203359,299309009.7181205,1171009668.4359665,715260227.9407904,928823713.1019588,283209786.7969278
1757808000000,2025-09-14,Bridged Token Value (Dollar),8198762021.081942,767579495.773114,909038401.029924,531056273.1413529,124675669.19335999,104659562.18767217,2002271274.2646022,299308409.042089,1182917167.6402016,714499168.4800185,925441890.4418631,283209786.7969278
1757894400000,2025-09-15,Bridged Token Value (Dollar),8144966821.965892,768269617.234163,929594624.0166637,545823418.9350893,125490218.759436,104615342.28621948,2022738690.4898944,311489234.08666426,1207989956.170368,712060625.9330958,927972684.9629781,283209786.79692787
1757980800000,2025-09-16,Bridged Token Value (Dollar),8096148712.966327,770392860.2784821,929811846.8908054,574825095.49112,125490199.55783701,104607565.76606993,2024002117.4170933,312564748.8208379,1283300290.9391632,710909602.4774189,937246715.0869808,283209786.7969278
1758067200000,2025-09-17,Bridged Token Value (Dollar),8133585315.601123,724606602.2723898,930013834.9213206,576292992.0108393,126147413.69089302,104884316.62189801,2033190493.70616,336825288.3112417,1313106585.9646852,699264300.1089329,937966468.4128966,283209786.7969278
1758153600000,2025-09-18,Bridged Token Value (Dollar),8070912928.576265,721733102.92976,930190213.9091784,601177297.6866374,126146778.51857501,104721296.15162449,2024486470.1808245,339519893.1312125,1349182545.095193,700711326.4460667,916314174.5746319,283209786.7969278
1758240000000,2025-09-19,Bridged Token Value (Dollar),8088675200.216826,722295492.9568268,932411148.5677545,611150389.8356329,126146270.71225901,104719130.11131553,2011487147.889107,340386323.7477807,1384237623.2294807,710312343.5116004,903692024.4540558,283209786.7969278
1758326400000,2025-09-20,Bridged Token Value (Dollar),8087935751.785759,720132127.6315885,932279975.9911888,611151408.3876344,126145682.507881,104718905.83757392,2035869441.8895164,340535682.62974083,1397624908.0035424,691702173.4253674,907843015.6218828,283209786.7969278
1758412800000,2025-09-21,Bridged Token Value (Dollar),8090896606.134323,720102674.1616509,932287899.7734021,610773589.9698144,126145674.08128,104718305.83757302,2035880359.2999947,340536375.6533427,1408462748.7355247,692562024.0434161,906627354.8019407,283209786.7969278
1758499200000,2025-09-22,Bridged Token Value (Dollar),8078855123.273108,719726548.4613053,932778874.089091,625855112.5480922,126156128.073352,104768638.30451812,2037368737.231734,341248144.54848725,1404636432.8795733,702511472.4742556,889025052.1631393,283209786.7969278
1758585600000,2025-09-23,Bridged Token Value (Dollar),8073363286.356102,716797725.6616749,932958974.8124146,621691316.498978,126157002.920305,104760979.54077572,2073751457.1104388,341975314.6822015,1400254277.742698,713270457.6691303,885455652.0689805,283209786.7969278
1758672000000,2025-09-24,Bridged Token Value (Dollar),7885949684.125854,713539686.2025458,935220815.6578941,656868982.8753732,126157190.51578301,104760069.10957976,2083988760.5008914,342316784.6362399,1406777031.139449,714952478.286524,893167411.8697904,283209786.7969278
1758758400000,2025-09-25,Bridged Token Value (Dollar),8169726923.718357,715951063.394829,936013690.5256882,631140099.8882135,126156206.123017,104766086.5415638,2077785027.9322584,359741108.9870073,1424359788.5537221,710875193.8222909,863953901.1722453,283209786.7969278
1758844800000,2025-09-26,Bridged Token Value (Dollar),8173069385.946336,708977922.1310971,936073044.8222549,634396592.5739406,126155082.0697,104776169.24930918,2080252335.726683,360007693.3108254,1421244984.7868783,707075559.3557172,872809448.8495281,283209786.7969278
1758931200000,2025-09-27,Bridged Token Value (Dollar),8130215360.02767,711056945.8767328,935969698.1722959,634406014.1444134,126155651.625043,104776469.24930915,2087748110.6259487,360009528.8121366,1417873106.52968,687601390.0992117,871308953.5990984,283209786.7969278
1759017600000,2025-09-28,Bridged Token Value (Dollar),8124140903.707624,711145276.3718817,935986522.7425269,635161866.3579106,126155686.16029298,104773103.78949071,2087820701.9067607,360009384.74707496,1418567372.0743656,692442196.7805068,886042268.8841606,283209786.7969278
1759104000000,2025-09-29,Bridged Token Value (Dollar),8390089007.929905,711187949.684403,936610297.6664934,644673110.8354585,686259819.406882,104769692.16194965,2095873085.5574863,363125740.755089,1423749164.0247579,683510206.4467554,903322947.0935737,314007890.49692786
1759190400000,2025-09-30,Bridged Token Value (Dollar),8548665901.30247,712888620.6703582,936705333.2559652,637231671.2555059,665695990.047856,104753315.4723314,2135978380.6609652,370204785.5065909,1422045866.0040534,683066504.692226,900755250.3834192,311853105.06811047
1759276800000,2025-10-01,Bridged Token Value (Dollar),8633254902.337963,714498063.7331855,942573195.2611076,647894660.6871613,675950094.691499,104743936.97198263,2263631920.1759324,370467673.4205682,1424655793.5872474,697182403.237509,902787464.1751542,313964087.88842785
1759363200000,2025-10-02,Bridged Token Value (Dollar),8775964135.764326,717960525.2591009,942572792.7056049,675053576.9590944,725349169.1040039,104736015.21161066,2264797912.821189,370887448.3984359,1428906422.6353545,710699642.4161736,1325754458.6078238,313964087.88842785
1759449600000,2025-10-03,Bridged Token Value (Dollar),8899447358.63117,719158261.5542958,942758697.9634036,670378715.4592483,709871247.7418458,104733236.58627792,2266837897.8229895,373908725.46549773,1501639909.3308897,721957462.2206284,1346109218.5792413,313964087.88842785
1759536000000,2025-10-04,Bridged Token Value (Dollar),8901711277.002148,719984038.8395354,942642894.9294391,670369644.856333,709871445.0071939,104733236.58627793,2281317807.5590143,373909616.79794896,1556340280.843821,712168764.6914303,1346275402.100154,313964087.88842785
1759622400000,2025-10-05,Bridged Token Value (Dollar),8899840768.8357,719959641.3619237,942652496.777187,670435923.03018,709871466.004626,104735433.29667404,2281546568.62189,375907900.89324903,1565071855.274669,710528363.6315532,1352793598.052082,313964087.8884278
1759708800000,2025-10-06,Bridged Token Value (Dollar),8939517884.315619,720527807.9873316,963082211.1037046,687005855.595767,741605123.5398929,104735333.26992404,2293752106.0345364,375863144.63422924,1572443947.7107575,715737436.7900882,1369530004.656115,324898325.88842785
1759795200000,2025-10-07,Bridged Token Value (Dollar),8961120110.416428,721251210.9047036,1003105541.4146308,666217881.6290879,703104049.646758,104014067.88103485,2331440713.311305,375972281.4070772,1579965225.2584887,755521819.2413092,1338985714.7916832,324898325.88842785
1759881600000,2025-10-08,Bridged Token Value (Dollar),8926616627.377668,718644461.9887186,1043176993.8524678,674857680.7476772,710068291.6162599,104013940.84788908,2435256972.765961,380166311.40323085,1589737771.2899437,754879304.6276217,1354200647.9762375,324898325.88842785
1759968000000,2025-10-09,Bridged Token Value (Dollar),8974369002.801218,722887638.8611755,1063994394.1581757,670047983.6482188,702329056.725296,105003574.84788908,2452673322.0372925,380033811.05947155,1614929204.6433043,758851720.0517023,1341438339.1906054,324898325.88842785
1760054400000,2025-10-10,Bridged Token Value (Dollar),8951181385.319977,724340581.6616856,1064271970.4358515,646529331.0132291,679691889.254369,105000300.56417817,2452705835.985752,385075191.82513857,1608073818.2276819,779215308.3474191,1276723756.3765616,324898325.88842785
1760140800000,2025-10-11,Bridged Token Value (Dollar),8926846893.57973,726983030.4511172,1064153418.7266128,646521036.5709791,679692604.1340439,104990645.98336673,2471188490.1838574,385131909.03589165,1551968060.688664,752852211.3862976,1252837085.0069044,324898325.88842785
1760227200000,2025-10-12,Bridged Token Value (Dollar),8916742981.049871,726909022.7399532,1064153619.3001966,646955404.1763794,679692605.5154539,104981977.43270041,2605173444.537539,385124967.4324754,1556564626.9616325,744275233.6266792,1289461570.0868912,324898325.88842785
1760313600000,2025-10-13,Bridged Token Value (Dollar),8904337639.868244,726447637.5428696,1063709668.3873773,658675352.2487156,688007918.791264,104978735.26247355,2615576752.032597,384435202.33663964,1582066288.4294531,728819572.9557962,1289850457.3887749,324898325.88842785
1760400000000,2025-10-14,Bridged Token Value (Dollar),8872348557.938786,731518389.1696674,1083294985.1471226,648394262.6307665,671562764.4316459,104983325.1376759,2829422076.8079543,386147892.2400562,1591404316.2391062,746148324.4082763,1274871264.4675572,324898325.88842785
1760486400000,2025-10-15,Bridged Token Value (Dollar),8846061789.84034,731847453.7687016,1096554293.7748427,648108289.1606562,665371646.7502989,104982089.54876247,2843716815.278353,385708616.6123393,1612747433.0526996,723537066.4544064,1253230072.8766298,324898325.8884278
1760572800000,2025-10-16,Bridged Token Value (Dollar),8865409122.686983,735078615.500735,1121228243.2381818,631153793.7913169,621116835.046792,104982543.67804249,2890749220.8180375,420885774.6318191,1652297864.946302,728916364.9793181,1244645340.1150496,324898325.88842785
1760659200000,2025-10-17,Bridged Token Value (Dollar),8876847599.18398,735742132.3875864,1121937693.5438645,637061101.0022231,614926451.999283,104981281.74776344,3251450006.8284154,438425058.4279671,1631133471.272521,715009852.4940877,1234421348.5220509,324898325.88842785
1760745600000,2025-10-18,Bridged Token Value (Dollar),8866503891.284588,733633418.7090456,1121755150.2269728,637076629.3800843,614926484.533369,104982372.74776345,3167392835.70228,438481773.39206916,1643484205.2958865,689312805.8182532,1240628011.673079,324898325.88842785
1760832000000,2025-10-19,Bridged Token Value (Dollar),8867107181.908493,733288828.9594268,1121767074.2673817,637636004.851608,614926426.514149,104985580.23443049,3167353321.1183896,444471208.46396124,1661021211.9290798,689189272.3586565,1252531784.8505495,324898325.88842785
1760918400000,2025-10-20,Bridged Token Value (Dollar),8871665308.409264,740200968.6268667,1161980546.4020212,653550422.5256883,639497527.3082999,104982536.61259577,3199539958.7130466,444851829.9452517,1693278605.2240713,728435214.1912115,1275318402.1220994,324898325.8884278
1761004800000,2025-10-21,Bridged Token Value (Dollar),8960425550.842281,743552988.6889117,1162039059.6204545,639554625.1421554,611443821.8977569,134493821.18315762,3292021326.5560946,456412090.5084789,1734072211.9962993,780732876.225821,1254611516.5481296,324898325.88842785
1761091200000,2025-10-22,Bridged Token Value (Dollar),8974042603.489582,739991876.9554011,1162195608.545285,626135220.1507125,584357045.298192,134493748.74031842,3064864112.5213423,456495765.932777,1815891023.4025884,867621856.6752447,1244736332.536551,324898325.88842785
1761177600000,2025-10-23,Bridged Token Value (Dollar),8985844250.249773,731396358.7644113,1162226849.6775851,640334365.629102,598287169.661571,134486292.29802072,3096692818.500671,456718325.54609305,1875142449.2789474,874679739.2757447,1267398030.285688,324898325.88842785
1761264000000,2025-10-24,Bridged Token Value (Dollar),9050088918.909283,729307026.7729491,1162023902.186455,657521341.3878692,625953890.838211,134472243.39906424,3122165968.9597087,456784248.11762726,1881484376.0342424,891655198.0681024,1276797789.8597453,324898325.88842785
1761350400000,2025-10-25,Bridged Token Value (Dollar),9056292682.019258,729728849.5254625,1161886300.9896963,657520755.2037019,625954018.066072,134469518.04797113,3114870026.1293592,456850949.889881,1879407443.587047,851927276.3747445,1281200570.7603116,324898325.88842785
1761436800000,2025-10-26,Bridged Token Value (Dollar),9055267493.741434,729702399.3969454,1161888447.1585867,657974168.2001251,625953992.095564,134469517.80383268,3114903280.5766907,456847187.53762513,1880059567.4695349,851888728.7026646,1306955234.428695,324898325.88842785
1761523200000,2025-10-27,Bridged Token Value (Dollar),9150180436.918474,823678216.3399696,1162482819.4905465,671557464.8082147,637369075.565099,134446927.64611906,3077269525.6074057,457487958.1980342,1890542180.1857824,903060711.7580277,1305464379.262616,324898325.8884278
1761609600000,2025-10-28,Bridged Token Value (Dollar),9223755090.466726,824253956.8259816,1162639637.2411249,664023669.7722821,617828621.448253,136189956.0921368,3026531789.837228,457853256.39679277,2013102241.631517,902213599.5519425,1296252461.3856514,324898325.88842785
1761696000000,2025-10-29,Bridged Token Value (Dollar),9223672272.452087,825376732.3796359,1162663652.1312957,665310715.0241246,611250617.613113,136189856.0921368,3006596178.9145207,457953265.7678987,2070355644.4526534,894240093.8364376,1233154665.7679687,324898325.88842785
1761782400000,2025-10-30,Bridged Token Value (Dollar),9238779510.638004,824024861.2269053,1167741767.6314325,655379951.8403633,594515684.796774,136187876.27996522,3000600175.848456,458831566.2572067,2066279289.648306,905368979.5975986,1218694109.2343524,324898325.88842785
1761868800000,2025-10-31,Bridged Token Value (Dollar),9270275565.25208,832486290.7690482,1165307173.0439641,667106350.5179416,609221273.2112769,136186709.82627302,3101952459.7915916,471199062.90842235,2067898976.4848285,899923004.4739991,1237411733.7233627,322787343.0681105
1761955200000,2025-11-01,Bridged Token Value (Dollar),9280486302.369207,833001143.6143095,1165316170.2383537,667149133.3045065,609221585.548078,136186159.95364147,3077683783.395757,471199083.65032476,2056973396.5581074,900593692.6707548,1244685190.9294496,322787343.0681105
1762041600000,2025-11-02,Bridged Token Value (Dollar),9292053328.676834,832275944.0272952,1165324512.5144653,666884178.3639034,609221587.3439108,136185582.3014549,3077698011.3417044,471201945.62202734,2051916856.4330122,897658457.8963593,1249956108.4117997,322787343.06811047
1762128000000,2025-11-03,Bridged Token Value (Dollar),9287775640.287672,830524931.7492416,1165751929.787506,667737295.7385741,622766030.187738,136183455.8900507,3063325015.88948,466096466.30798703,2057829232.29023,893738035.4430215,1225142007.3577952,322787343.06811047
1762214400000,2025-11-04,Bridged Token Value (Dollar),9317722842.03346,835224661.5674262,1165916533.218424,641484996.3781528,582904866.517246,136183455.8900507,3074413095.0811133,466404184.33364964,1948860314.637432,898168897.1836096,1180854957.0979779,322787343.0681105
1762300800000,2025-11-05,Bridged Token Value (Dollar),9277393524.892784,842111583.838854,1166058408.895214,648211536.5055828,585032911.329831,136162619.31178498,3028164859.42091,466827166.9664315,1893702683.2713895,941908772.2582717,1205317864.0295367,322787343.06811047
1762387200000,2025-11-06,Bridged Token Value (Dollar),9258313981.461834,855361190.9111364,1166155255.1405513,627620970.6100055,550396507.069228,136161951.1882053,3058001426.7356815,456644595.838488,1879061183.3505173,941391152.9813071,1289864456.209148,322787343.06811047
1762473600000,2025-11-07,Bridged Token Value (Dollar),9224614666.883703,863185375.6695743,1166423474.184228,632212062.8451954,553686735.3162091,136161951.1882053,3069347128.0344963,456746752.1150832,1862775280.2243779,922476332.7055945,1314557589.2099984,322787343.06811047
1762560000000,2025-11-08,Bridged Token Value (Dollar),9220068126.114338,863658358.9495662,1166444875.4873755,632480518.7419314,553687025.274168,136161914.79943094,3079331611.106689,456811080.5110646,1858090315.0283766,924512935.7064254,1305533388.4770718,322787343.06811047
1762646400000,2025-11-09,Bridged Token Value (Dollar),9226789200.384611,863054108.409594,1166444057.8587213,632405731.6462364,553687015.328016,136162014.79943094,3079443341.228725,456968501.09104764,1849883298.4750025,924274048.0789473,1325336746.5969932,322787343.06811047
1762732800000,2025-11-10,Bridged Token Value (Dollar),8929408510.439268,868933430.2161887,1166783322.604277,642947679.9754612,558330784.7080169,136165797.20736346,3091692072.4043984,456295028.3145317,1879059104.6355996,933284922.1299279,1344416952.7865582,290531340.9681105
1762819200000,2025-11-11,Bridged Token Value (Dollar),8968973053.030552,869356405.124955,1166798692.535207,636388879.4474907,547301458.191636,136165797.20736343,3172502126.240334,456538696.1873305,1894343070.750901,930882920.3435075,1324162379.8570044,290531340.9681105
1762905600000,2025-11-12,Bridged Token Value (Dollar),8981084572.05126,875830228.7082884,1166823720.3607552,622160375.1255184,521821588.930662,136159334.71491575,3191622054.989929,459834174.06535935,1948366775.5158582,927464572.7980499,1327314689.0788267,290531340.9681105
1762992000000,2025-11-13,Bridged Token Value (Dollar),9100847143.747725,878213913.21635,1167254102.1910467,602532904.866099,487765616.073277,136157293.71118766,3229027509.760756,459601432.9479637,1945411936.1957955,930396457.2988656,1313462964.0905104,290537397.48811054
1763078400000,2025-11-14,Bridged Token Value (Dollar),9120092767.753008,881344998.4272263,1167681045.2785091,599730837.4547912,471318623.765166,136157096.80727622,3224056584.2318883,457010962.3714385,1935827456.4290152,921448107.6327953,1271790625.0052893,290537397.48811054
1763164800000,2025-11-15,Bridged Token Value (Dollar),9113137120.764463,881173061.0096622,1167670261.6564927,599945179.2443777,471318511.87095594,136157096.8072762,3146263238.970178,457105555.96262515,1935406146.1008034,923458407.5417413,1280210662.601562,290537397.4881105
1763251200000,2025-11-16,Bridged Token Value (Dollar),9101410153.202822,881423607.1743984,1167672564.2632267,599667128.1791618,471318491.70237,136160096.80727622,3146281159.544328,457105857.75825655,1934690033.483814,923889892.4691504,1271942055.7421033,290537397.48811054
1763337600000,2025-11-17,Bridged Token Value (Dollar),8948585386.591015,881538360.3403333,1168081962.2792654,588692144.4828779,445969879.79757696,136170546.7980857,3155710059.049254,456710539.7556941,1803852445.1937597,930250290.862836,1265053569.0460865,275593535.4481105
1763424000000,2025-11-18,Bridged Token Value (Dollar),8944750744.022425,892176107.8713806,1168261267.9080117,584002327.2191517,439390530.227448,137669868.73318648,3110253436.889372,459066446.7961327,1880389438.1990821,922099764.8929598,1276804976.0132952,275593535.4481105
1763510400000,2025-11-19,Bridged Token Value (Dollar),9060102211.72337,893480760.3696214,1168384534.7294583,578744886.5521231,416750873.1970229,137637730.73318648,3133050788.100714,455799584.3190463,1955307886.6859086,930778576.9482863,1266612478.2444143,275593535.4481105
1763596800000,2025-11-20,Bridged Token Value (Dollar),9081269094.49284,894014822.0597281,1168656243.4128542,565510873.8150882,411138789.34648895,137633130.13960356,3157609317.0393424,455885424.18482995,1958274748.450693,932870591.3726549,1223657443.084358,275593535.4481105
1763683200000,2025-11-21,Bridged Token Value (Dollar),9131310436.811749,897324620.428154,1168807382.3289971,575687690.1346674,420039730.394579,137632214.22865766,3136048220.6114244,457032314.83369845,1779679513.2037323,933388266.1791928,1275208922.9750297,275593535.4481105
1763769600000,2025-11-22,Bridged Token Value (Dollar),9128532419.03403,896897807.2499226,1168945913.0430195,575917478.573774,420039475.110011,137632314.22865766,3125526955.8977766,457109136.8856377,1724568223.769755,928090277.3087544,1267265734.5767424,275593535.4481105
1763856000000,2025-11-23,Bridged Token Value (Dollar),9129009852.46792,896752897.5358232,1168946610.3404984,576505200.6209574,420039471.242063,137632184.09699133,3125548313.5502853,457109438.1965475,1725932525.6823182,925845837.786731,1288738346.593873,275593535.4481105
1763942400000,2025-11-24,Bridged Token Value (Dollar),9088501235.795383,897822348.6816629,1171326817.7755573,594197610.7567517,430294871.49272496,137632184.09699133,3133365936.980414,454996177.401447,1776602524.3801432,894535503.4398496,1309363945.671416,276504746.5481105
1764028800000,2025-11-25,Bridged Token Value (Dollar),9080189359.89748,895255172.6285152,1175642390.7701354,595402698.5565641,420376867.610844,137614389.38915277,3178238352.325796,455516493.11261076,1843474913.9261343,881945924.6467705,1300296313.3585868,276504746.5481105
1764115200000,2025-11-26,Bridged Token Value (Dollar),9071504448.81058,900425563.1427643,1175195625.5770183,636282955.3955339,481135934.50699997,138787089.38915277,3179848911.6076083,455792685.8016237,1845394662.64538,874582309.489651,1342100700.3354714,276504746.5481105
1764201600000,2025-11-27,Bridged Token Value (Dollar),9125307046.461111,900076706.0994902,1177022105.4496043,636670176.3086067,481136446.457546,138787189.38915277,3203466931.889521,454094522.3185466,1877717768.3735309,871786326.2699938,1368855782.8076296,276504746.5481105
1764288000000,2025-11-28,Bridged Token Value (Dollar),9126163640.461725,903248188.8278661,1177359349.9212325,633136675.4817033,456561882.79697496,138783099.38915277,3200598310.3867884,454231157.6685591,1907572384.0521426,885892550.6209402,1366257814.6593163,276504746.5481105
1764374400000,2025-11-29,Bridged Token Value (Dollar),9140875014.839592,903246159.554054,1177482795.062483,633168851.5051999,456561886.941205,138783099.38915277,3244078103.292456,454288027.0286692,1911593540.5329897,885914254.540628,1298832090.2617774,276504746.5481105
1764460800000,2025-11-30,Bridged Token Value (Dollar),9139988130.75579,903172855.9265648,1177481392.3527231,632635781.5220445,456561846.05146897,138783099.38915277,3244260552.799112,454288139.62755555,1908708351.4407034,884866921.0240847,1290790564.2333117,276504746.5481105
1764547200000,2025-12-01,Bridged Token Value (Dollar),9185498194.175522,900840934.9270433,1177940693.704472,627285108.5963157,423279859.82742006,138782517.556148,3250898045.5848846,466481285.8311214,1978662877.9911976,879566152.4230542,1250252169.382473,277415957.6481105
1764633600000,2025-12-02,Bridged Token Value (Dollar),9184894458.07411,896026554.6204658,1178069586.4960983,631566003.1326628,417087935.817148,138774733.556148,3270228153.2928843,466598441.0262607,1990422610.8541255,768217474.467677,1309127407.8773744,277415957.6481105
1764720000000,2025-12-03,Bridged Token Value (Dollar),8894625276.276365,900517145.6678905,1178305299.2827501,641910896.048759,414185720.091133,138774733.556148,3264001466.6986084,466836846.7453797,2108198646.1559997,775746183.71886,1333012153.4838884,277415957.6481105
1764806400000,2025-12-04,Bridged Token Value (Dollar),9015975816.804031,904898926.23226,1178475232.492641,654337240.3831271,435277889.43603504,138774633.556148,3262307328.993571,463980885.2286502,2151523753.5247936,737643923.7256804,1316656698.7031589,277415957.6481105
1764892800000,2025-12-05,Bridged Token Value (Dollar),9035057893.299967,910491100.6762669,1179156316.39323,646271116.714018,419507044.317505,140567671.77466682,3263504114.012134,460226029.7827083,2243805293.635818,741934540.5906974,1464432796.825635,277415957.6481105
1764979200000,2025-12-06,Bridged Token Value (Dollar),9055574167.96769,910538324.7452974,1179169554.4569242,646419105.9953632,419507059.37487394,140567671.7746668,3257742197.935253,460287080.9450337,2249036101.2820373,742151535.9510971,1461654341.129681,277415957.6481105
1765065600000,2025-12-07,Bridged Token Value (Dollar),9055237442.013783,909762796.3779538,1179164502.3573215,646747200.638322,419507035.61462194,140567671.77466682,3257818000.504947,460287981.7926346,2249313110.467683,741987275.9345212,1471940059.753704,277415957.6481105
1765152000000,2025-12-08,Bridged Token Value (Dollar),9050988054.252296,921860660.552844,1179547593.956131,651021011.986048,423957511.111743,140568071.7746668,3262295314.064066,460893027.04463166,2275824871.660731,748547632.1896816,1479545983.684802,277142594.31811047
1765238400000,2025-12-09,Bridged Token Value (Dollar),8850581595.994122,925185175.3086321,1178254815.7285995,659147345.8929988,432471529.01879305,140568071.7746668,3258813436.04614,460347805.9335851,2368922469.9825244,764212848.3840775,1505672234.782694,277142594.31811047
1765324800000,2025-12-10,Bridged Token Value (Dollar),8850210547.436464,816704483.5870855,1178029129.9652205,668229866.6046119,441275867.553441,140567483.53768885,3273323258.739832,458835777.5927981,2382635959.203092,786204542.1836567,1500523989.121714,277142594.31811047
1765411200000,2025-12-11,Bridged Token Value (Dollar),8890320564.760313,817292218.6771458,1228031316.5184968,675922811.2584037,457917904.11350894,140567341.5306068,3292834574.80095,459044120.1097282,2369286907.3367863,796054753.1177022,1513920672.0387836,277142594.31811047
1765497600000,2025-12-12,Bridged Token Value (Dollar),8895881516.490953,823135530.9984139,1228154076.3048155,665248095.2526432,431602406.10058904,198766901.5674068,3327595530.3461094,458773218.6052855,2415272471.8581023,801706299.3997365,1497720737.78245,277142594.31811047
1765584000000,2025-12-13,Bridged Token Value (Dollar),8896359474.751553,823228445.5952828,1228436513.3517807,665380522.6430265,431602487.60377896,198767001.5674068,3345755265.753826,458785835.51505303,2431073756.745347,801951711.7839271,1502443012.257611,277142594.31811047
1765670400000,2025-12-14,Bridged Token Value (Dollar),8900518133.063389,824701030.1876695,1228518836.5930574,664696293.3158401,431602449.200581,198767001.56740683,3345701707.624004,458787704.0601628,2440386201.282771,805201062.2099782,1481592499.6072378,277142594.31811047
1765756800000,2025-12-15,Bridged Token Value (Dollar),8939710559.581326,828741171.0809547,1229117890.173801,639202997.4433213,399176549.482148,199187780.39961594,3360262425.923014,458769459.9897286,2447490928.583812,802468928.6218709,1465541094.6103263,275866898.7781105
1765843200000,2025-12-16,Bridged Token Value (Dollar),8908673404.771833,836478316.4252439,1279289330.3271644,657841171.7349076,416011311.87377,199187456.39961594,3373642032.3872104,457564757.706785,2504541983.985945,808105204.8294699,1509950315.5720913,275866898.7781105
1765929600000,2025-12-17,Bridged Token Value (Dollar),9053580381.381145,836661499.6220002,1279589615.1112313,650232029.2852969,418139739.613207,199187229.11866796,3382465725.6699905,452663035.55586714,2516379803.268984,830034159.85089,1494124302.2135339,275866898.7781105
1766016000000,2025-12-18,Bridged Token Value (Dollar),9000906795.243347,841330318.5381509,1329799428.6317194,665989567.8168646,431104157.5923919,199187198.98203132,3415379016.5485053,452414167.8690634,2482224825.470142,828353986.8048464,1486108835.316139,275866898.7781105
1766102400000,2025-12-19,Bridged Token Value (Dollar),9020845425.378263,842095625.2068505,1333476089.3620648,678359877.9936671,436908934.1206399,199921398.98203135,3422055766.5296144,452394127.55071664,2489542109.182806,837029379.1012352,1506002956.1194427,275866898.7781105
1766188800000,2025-12-20,Bridged Token Value (Dollar),9020495152.354378,841923764.411408,1333378827.8682864,678438015.7455149,436909027.39688295,199921398.98203132,3425427435.500222,452383502.5445317,2485901145.3544917,840775223.4051571,1514036279.5051072,275866898.7781105
1766275200000,2025-12-21,Bridged Token Value (Dollar),9022589952.583427,841324007.0086648,1333378396.823058,678459187.7300475,436908920.47574896,199921398.98203132,3436958419.2467422,452394970.8038192,2478307102.3173113,841868913.6656723,1521677288.0689464,275866898.7781105
1766361600000,2025-12-22,Bridged Token Value (Dollar),9074636500.835207,836984836.1492352,1332955609.070235,688826513.560959,437523601.04676896,199921041.82389623,3444845950.607325,452342353.5600513,2462469501.700913,851658044.2376868,1577249180.961751,275229051.00811046
1766448000000,2025-12-23,Bridged Token Value (Dollar),9107712471.680405,844672635.1204152,1333715677.3274329,690604984.1690907,437905760.064128,199919910.74831462,3547749665.1865287,452138312.5263059,2359622439.024922,857495402.2186282,1568628136.763597,275229051.0081105
1766534400000,2025-12-24,Bridged Token Value (Dollar),9110359264.994078,889492594.8429728,1333605999.201668,681964463.2269027,426273278.17345,199919910.74831465,3579945795.158793,452232139.2448769,2277881535.1292505,880653682.3946444,1566207782.8117173,275229051.00811046
1766620800000,2025-12-25,Bridged Token Value (Dollar),9108073623.84547,889333452.2838805,1334109879.862022,681777423.4885025,426273277.620886,199919910.74831465,3579860934.7065454,452303931.5466906,2287749430.0238094,880774121.6230794,1563730297.9657578,275229051.0081105
1766707200000,2025-12-26,Bridged Token Value (Dollar),9092147792.166466,889599822.1831753,1334133746.5786839,679618607.7571819,424366313.184021,199920210.74831468,3597963982.9269934,452508865.24471587,2194331552.5338163,886856891.3166531,1567985104.486451,275229051.0081105
1766793600000,2025-12-27,Bridged Token Value (Dollar),9095852830.497849,889447036.234656,1334145416.9397573,679642923.0249572,424366188.44269794,199920210.74831465,3628443712.8710585,452512495.7868595,2197702033.5529385,888376986.1317472,1573845628.707891,275229051.0081105
1766880000000,2025-12-28,Bridged Token Value (Dollar),9095346149.067444,890224475.896806,1334246952.395198,679363509.2185154,424366206.8154509,199920029.72974625,3628424307.009918,452512860.95397794,2216837462.388192,890269833.3938938,1574052526.0039573,275229051.0081105
1766966400000,2025-12-29,Bridged Token Value (Dollar),9087983457.324703,892319592.0258173,1334561290.2982082,675331970.1959631,421887158.365955,199920029.72974622,3778385600.5584655,452773315.1932679,2192382630.9993863,893438710.50138,1569820622.30098,275137929.8981105
1767052800000,2025-12-30,Bridged Token Value (Dollar),9084073763.969038,894158994.6008267,1335442480.7947738,673426825.3013586,418644866.342439,199920338.72701487,3638672487.5937467,453177557.5324025,2158420350.020138,886370211.5359503,1584986174.5227566,275137929.8981105
1767139200000,2025-12-31,Bridged Token Value (Dollar),9068693129.57528,891279840.754662,1335811962.3730292,672670533.4426345,419171429.25295496,204114164.1467325,3652918850.484966,452722385.0581492,2196675591.564724,888596627.209039,1577822224.8514218,275777400.5531105
1767225600000,2026-01-01,Bridged Token Value (Dollar),9073034060.568602,890886557.2504172,1336059108.0210793,672888968.495889,419171416.40584195,204114164.1467325,3638855699.503712,452766374.5041404,2232287762.6073637,887814301.0615134,1588684956.4733527,275777400.5531105
1767312000000,2026-01-02,Bridged Token Value (Dollar),9109015177.597528,892152440.1412233,1336096823.2943985,676935283.5853673,426990106.18237996,204114164.1467325,3672649093.930111,477619839.10783994,2274928379.597634,888891122.2982488,1601924970.6105661,275777400.5531105
1767398400000,2026-01-03,Bridged Token Value (Dollar),9110383771.423334,891756534.0560858,1336086952.987393,678689754.150681,426989887.9196,204114164.1467325,3658946980.5545015,477654962.0864772,2284977569.2094717,888093394.063015,1601693822.3516495,275777400.5531105
1767484800000,2026-01-04,Bridged Token Value (Dollar),9110529072.718487,891144830.3787017,1336705447.7232342,679506014.8658255,427093468.99428296,204113198.12508157,3658844822.1093574,477655342.50409347,2304463898.8378158,888099612.5796001,1617177977.2244306,275777400.5531105
1767571200000,2026-01-05,Bridged Token Value (Dollar),9110608288.6131,891371041.1031187,1329214162.827156,693712500.6302788,436056212.415335,204113198.1250816,3762753133.8564787,477648346.0166647,2351144892.618645,888055448.4186149,1642462574.981719,275777400.5531105
1767657600000,2026-01-06,Bridged Token Value (Dollar),9104333357.658928,898222301.3652043,1287372201.935941,701758942.2667378,440823700.38296396,204112817.3130679,3767786489.7790437,477445669.341522,2368514031.567984,890326206.3296002,1643943525.817254,275777400.5531105
1767744000000,2026-01-07,Bridged Token Value (Dollar),9154255846.186172,901229380.8371159,1289210333.0148563,711765097.380071,446817114.041662,204112467.3414164,3793283766.356947,478313699.9940948,2347936036.2294097,891723764.5080259,1618989338.8482552,275777400.5531105
1767830400000,2026-01-08,Bridged Token Value (Dollar),9161339465.212088,923957573.620851,1239590487.2281227,715799151.2185338,443765926.04685295,204111927.3414164,3807001440.582013,477816018.5924756,2378527721.4769154,894875184.8638765,1628811975.820008,275777400.5531105
1767916800000,2026-01-09,Bridged Token Value (Dollar),9244981987.546673,929811198.9101541,1189712468.7833383,725937316.3598803,448914562.1160029,207837377.34141642,3824581885.4505477,478222862.50150317,2252719303.87353,902184385.7776235,1628558325.8080888,275777400.55311054
1768003200000,2026-01-10,Bridged Token Value (Dollar),9245177997.218884,929310039.9804051,1189699273.343985,726030705.5917895,448914266.2179809,207837377.3414164,3853335255.4299774,478180868.4154726,2242475020.018742,901551225.7467335,1627236476.4363658,275777400.5531105
1768089600000,2026-01-11,Bridged Token Value (Dollar),9245342816.254753,928669773.4542558,1189682742.2908735,726381069.4035962,448914230.71574396,207837377.3414164,3853388739.85466,478181258.3114119,2244447143.132472,905180471.0660844,1632109186.1926723,275777400.5531105
1768176000000,2026-01-12,Bridged Token Value (Dollar),9273719074.260155,931654958.3298163,1190118524.278478,758623414.2591392,485337790.8314,207837377.3414164,3883607863.200214,487994621.2737374,2256428499.05278,904331985.1287313,1637341093.8684235,275321795.00311047
1768262400000,2026-01-13,Bridged Token Value (Dollar),9341824366.042727,935677723.7479607,1140074322.7436295,781924623.0863459,482477855.228732,207836799.4660952,3930519651.0882235,478487677.1494753,2291266834.0028515,924974180.8322296,1684754313.3515303,275321795.00311047
1768348800000,2026-01-14,Bridged Token Value (Dollar),9393413339.787899,937686438.2263446,1090194705.5328593,789610594.9664091,488198513.285204,207837099.4660952,3937782674.742638,478677657.43500376,2265418655.6841245,899039226.304657,1708019022.923882,275321795.00311047
1768435200000,2026-01-15,Bridged Token Value (Dollar),9355612617.439566,941744368.7863019,1090402886.6898732,770091219.9723778,448532995.17096996,207837099.4660952,3950555805.1087255,479055876.89074695,2261439603.7615657,925795513.9024872,1687388296.168027,275321795.0031105
1768521600000,2026-01-16,Bridged Token Value (Dollar),9406089650.779266,716135297.2380688,1040799365.5271403,779182975.527799,453872064.31799006,201489573.62949187,3949676857.6962705,479294977.21283257,2263370914.8573823,936841652.1076548,1692337942.3425035,275321795.00311047
1768608000000,2026-01-17,Bridged Token Value (Dollar),9403852654.822117,940845154.7132416,1040796311.2519307,779275922.0430914,453872008.50902605,200553640.943095,3938767065.6882668,479393442.3315238,2272384870.485025,937098548.4223111,1687826385.8515792,275321795.00311047
1768694400000,2026-01-18,Bridged Token Value (Dollar),9403819886.341568,939628728.8813955,1040795767.7149515,779237444.7414773,453871994.28050303,200059317.1383233,3939000805.032951,479383424.2013979,2283618993.8804145,938512850.5461147,1668159742.3078263,275321795.0031105
1768780800000,2026-01-19,Bridged Token Value (Dollar),9424853114.859802,950613537.4981558,1040796696.6578665,779253601.7518575,453872013.06767905,194492083.89258954,4144278603.9423304,478760202.28870755,2355132194.0363574,947749558.9023197,1669295541.4836922,275139552.7831105
1768867200000,2026-01-20,Bridged Token Value (Dollar),9559706486.414286,947795701.9688216,1041156961.6707089,773799172.714559,471553325.172122,185448486.03281972,4160146735.6902885,478971061.5870037,2355975999.779064,933479510.6663134,1689463113.256802,275139552.7831105
1768953600000,2026-01-21,Bridged Token Value (Dollar),9857740716.094831,959710283.621131,1041319122.8339301,793853877.4912447,457251396.71863,185457486.03281972,4298118022.826335,479018911.1700488,2276392315.1197824,925547687.7030861,1750045168.0003152,275139552.78311056
1769040000000,2026-01-22,Bridged Token Value (Dollar),10096663874.521893,958099067.6982547,1041094465.5175782,803950939.3259894,457632794.3027971,184630356.1044166,4327691219.139095,479271557.435519,2274872523.121552,928935457.6004164,1750968329.2339087,275139552.7831105
1769126400000,2026-01-23,Bridged Token Value (Dollar),10159166039.098085,965591708.8035164,1041174159.2387785,798725907.540442,443140666.35298705,184532503.51646596,4520207427.0219,480043085.5994492,2284037259.1139946,931717919.6186604,1783952580.6099749,275139552.7831105
1769212800000,2026-01-24,Bridged Token Value (Dollar),10160212782.72369,967616461.7950426,1041220623.8010999,798763376.6785938,443141652.679727,182832653.21246594,4546932692.829177,480046837.1451666,2292561344.3054204,931866153.9612952,1784498821.1339445,275139552.7831105
1769299200000,2026-01-25,Bridged Token Value (Dollar),10115947460.861994,970440826.0908599,1041220831.6335315,798774748.9522841,443141600.60057,181907165.06297624,4547138796.515099,480035840.5544796,2349044988.1829147,931874624.7441807,1780178981.2761965,275139552.78311056
1769385600000,2026-01-26,Bridged Token Value (Dollar),10109591100.05957,984514871.8047814,1041583619.7205313,798750444.0601367,437993601.63771206,181891425.87246057,4624834080.414493,480605898.3599125,2358327973.0112944,911335470.969133,1777678418.71747,273226009.4731105
1769472000000,2026-01-27,Bridged Token Value (Dollar),10112349423.09197,983862997.4399323,1044108545.5985636,811409431.2026386,452486613.55178106,181882717.99153566,4684417846.258738,480429588.6246201,2414631576.6935925,915955549.6241528,1775853109.2073195,273226009.47311044
1769558400000,2026-01-28,Bridged Token Value (Dollar),10267816188.183756,991321687.4346653,1051786863.1741173,820111091.1214465,430558219.24466604,182876201.46637267,4985504655.312062,480831403.8876149,2409566324.0667377,904417842.7018547,1782414979.0684288,273226009.47311044
1769644800000,2026-01-29,Bridged Token Value (Dollar),10316380635.047314,996401812.2588054,1051904087.6506424,830805731.3494194,423882854.41886705,182876201.46637267,5331237266.908424,480794850.29594195,2473986127.8858232,901628931.4088552,1788923969.1930826,273226009.4731105
1769731200000,2026-01-30,Bridged Token Value (Dollar),10295649949.181194,1002387464.0085256,1048561108.1451273,822653966.3918761,406910690.0351291,180911820.51138717,5394533549.562986,498262884.2250843,2485108857.010543,879456203.740751,1777193990.803454,273226009.4731105
1769817600000,2026-01-31,Bridged Token Value (Dollar),10283371356.051025,998968475.9110153,1048481411.8704605,822758869.4368368,406909102.93318003,180821220.63304198,4851936213.137521,498734119.65575033,2540735369.4801517,879206392.6782644,1767227412.1383162,273226009.4731105
1769904000000,2026-02-01,Bridged Token Value (Dollar),10279784639.060076,999008987.8810077,1048503545.138295,822523971.8121367,406909062.31972605,180559964.27653748,4851861842.435162,704069219.9073863,2546999952.3349667,878589928.1838768,1767432272.235228,273226009.4731105
1769990400000,2026-02-02,Bridged Token Value (Dollar),10284288731.746378,1003612505.2158277,1048515009.5589436,810131904.1098549,370485283.80314904,180289942.96706432,4880821533.742251,704106211.1899073,2523789212.9336,847432928.796785,1643112139.0160782,271403587.2731105
1770076800000,2026-02-03,Bridged Token Value (Dollar),10357903631.564165,1009383144.8993336,1048478256.7316138,797068560.7533135,356944983.7642261,177163485.05006662,4829099615.723674,688572455.1042835,2623102594.085873,831675608.3708091,1776859778.2939012,271403587.2731105
1770163200000,2026-02-04,Bridged Token Value (Dollar),10237478079.966114,1018274065.3211279,1049383614.2602532,789141366.19911,362717872.24373305,176616101.5183394,5184622888.428486,688634877.7931848,2634362797.5597334,814681417.0126674,1794654532.9413402,271403587.2731105
1770249600000,2026-02-05,Bridged Token Value (Dollar),10282978657.677273,1025377080.5105033,1049275757.4803421,756743097.393163,338308106.2317841,176616101.5183394,5268959775.380386,690075899.6081617,2616687651.867416,792856850.9310329,1759621963.8098671,271403587.2731105
1770336000000,2026-02-06,Bridged Token Value (Dollar),10288161294.052687,1033200671.3411047,1049163916.3382101,796445597.094875,360049205.94620407,176616101.5183394,4965608568.229854,689790562.4698405,2452026640.2840285,762565645.0465834,1728751611.7590325,271403587.2731105
1770422400000,2026-02-07,Bridged Token Value (Dollar),10337082935.375748,1034496058.6187866,1049183819.4334829,798887486.961601,360049808.3791051,176615759.99272332,5212513704.005993,689984066.725188,2484398154.031273,758904999.4318038,1596039379.6560104,271403587.2731105
1770508800000,2026-02-08,Bridged Token Value (Dollar),10314931336.76619,1033682272.4794953,1049183502.0612485,798860407.5463176,360049779.36949503,176615759.99272332,5212661642.998064,689976406.6136364,2501811101.926789,729740372.9357715,1593571054.0812619,271403587.2731105
1770595200000,2026-02-09,Bridged Token Value (Dollar),10238810831.82132,1054273761.990747,1049363599.0152513,805516467.627269,363482488.0321021,176615759.99272332,5299852732.680177,690436067.2093573,2599855474.425459,723916181.5679873,1744483249.2990437,269763407.29311055
1770681600000,2026-02-10,Bridged Token Value (Dollar),10478275171.739414,1062884227.3200178,1048676406.8475392,813027190.1723378,365771954.2141471,176615759.99272332,5290976210.654397,690335062.2186872,2601175913.3043976,708858704.7177453,1762145635.2415547,269763407.29311055
1770768000000,2026-02-11,Bridged Token Value (Dollar),10474785389.919668,1066444035.4253528,1048531130.1752255,805074492.5976715,350897148.5275231,176615376.8169312,5303954723.036532,683592901.0550585,2576542410.3553514,697065385.7681863,1757532447.598114,269763407.29311055
1770854400000,2026-02-12,Bridged Token Value (Dollar),10477501821.857262,1073912284.2586706,1041877097.9788468,789096203.543752,352994670.3691581,176615376.81693122,5323800069.635887,699194178.5524194,2571761931.6239552,688988737.6489803,1739418704.3979638,269763407.2931105
1770940800000,2026-02-13,Bridged Token Value (Dollar),10493406275.33221,1105995761.7071924,1029045167.7710456,807270780.9456677,373590154.833404,176615376.8169312,5175867517.309751,734186893.3478515,2566950575.752704,676870486.7018874,1712305605.2222784,269763407.2931105
1771027200000,2026-02-14,Bridged Token Value (Dollar),10544661101.694721,1106120152.5481648,1029046961.9956024,807233368.2524447,373590214.9247391,176615021.8169312,5308450273.739853,734208836.1051515,2584200729.4659114,674504237.3992616,1711725304.0217688,269763407.2931105
1771113600000,2026-02-15,Bridged Token Value (Dollar),10545753902.511536,1106003424.9846675,1029067427.4609871,807341327.0710381,373590189.92121804,175863177.33895475,5304856386.342818,734219742.1054296,2594881578.251794,674138192.6472946,1713590947.8136172,269763407.2931105
1771200000000,2026-02-16,Bridged Token Value (Dollar),10647828005.733227,1121290315.8424118,1027611627.4381843,820366106.8454471,373590119.60744905,175349097.2517069,5277942658.461929,783208283.6728289,2600628738.2147865,676959770.6334195,1711774944.5709767,275139552.7831105
1771286400000,2026-02-17,Bridged Token Value (Dollar),10710044779.298243,1111452795.1232224,1027757335.3716166,819363139.4293368,351087332.53717005,175349107.27132306,5245418836.254738,784105679.8300723,2633619014.4198933,667645766.825945,1731880117.853313,275139552.7831105
1771372800000,2026-02-18,Bridged Token Value (Dollar),10753221426.400757,1118714222.1703637,1027795553.910715,966362641.8812983,347082654.1045391,175348862.76349956,5110284846.264176,784142463.1353084,2640559066.6045346,660802436.579244,1739588643.5605397,275139552.7831105
1771459200000,2026-02-19,Bridged Token Value (Dollar),10731204371.657082,1121120419.2962499,1017582992.244879,851361454.2963812,357379568.04322606,189053175.54892159,5232854272.205382,775288735.9414526,2657656725.420782,617558223.627105,1718923763.778671,275139552.7831105
1771545600000,2026-02-20,Bridged Token Value (Dollar),10741914854.97701,1138475340.9898083,1017588031.9408653,832962668.4153948,346700114.2324431,189756282.09497458,5261035132.4110775,771989734.2435812,2673694009.2598042,611418191.1131737,1704970714.7619703,275139552.7831105
1771632000000,2026-02-21,Bridged Token Value (Dollar),10740340422.41445,1139879351.5850477,1017545437.7577044,832815448.231506,346700374.4900871,189756282.09497458,5359731021.245222,771998483.7168485,2681559092.7255487,610788327.6084216,1705572480.4325404,275139552.78311056
1771718400000,2026-02-22,Bridged Token Value (Dollar),10732678923.001705,1138606763.2277634,1017516324.4042773,832861598.9547853,346700313.5699061,189756282.0949746,5359784262.97753,772019788.8359126,2685236024.830119,611813730.03777,1705726888.0894077,275139552.7831105
1771804800000,2026-02-23,Bridged Token Value (Dollar),10723520376.156841,1145644963.0784495,1057904804.9560446,826986364.2240471,340789284.7371551,189756282.09497458,5416170802.607654,772352014.6317756,2675414444.206614,606857962.877501,1704273027.3770485,274501705.0131105
1771891200000,2026-02-24,Bridged Token Value (Dollar),10736989952.508186,1145679409.9772837,1057765253.3907163,840809896.9037158,344793452.7387911,189756282.09497458,5530909720.907843,770232672.1630651,2667212298.7099833,609839993.4193605,1706323738.4960449,274501705.01311046
1771977600000,2026-02-25,Bridged Token Value (Dollar),10810974340.8583,1115539878.7341905,1058281821.3900715,889913779.9837699,361384086.6467201,189748863.29097456,5470485014.460496,770318253.7333566,2704542419.316887,613785588.3140879,1703264473.2278464,274501705.0131105
1772064000000,2026-02-26,Bridged Token Value (Dollar),10812751402.153912,1149515276.6784525,1061185171.7134867,885694769.8571309,374748809.49488115,192236263.29097456,5508861505.227751,769933286.4895072,2699455544.958626,619067367.8829029,1708493484.8599358,274501705.0131105
1772150400000,2026-02-27,Bridged Token Value (Dollar),10929420512.784164,1147009544.2883792,1066434004.3232194,872820120.6438891,369981144.7067722,191891157.65097457,5679314257.817763,770697895.035126,2697277347.9707613,620527521.3490828,1855579789.5311515,274501705.0131105
1772236800000,2026-02-28,Bridged Token Value (Dollar),10931795997.367931,1147534716.0748014,1066433528.7682663,872657023.5872558,369981328.29616123,191886393.5671233,5781111043.622296,771034859.1740512,2707249904.8866043,609287138.977162,1827625404.6449564,274501705.0131105
1772323200000,2026-03-01,Bridged Token Value (Dollar),10931087193.388277,1146463008.8661065,1066421421.3491176,872689443.9508576,369981333.8218011,191886193.5671233,5860446607.080857,772150151.4828544,2711937805.3555145,609363181.6940435,1847394808.1871672,274501705.0131105
1772409600000,2026-03-02,Bridged Token Value (Dollar),11046283417.63533,1151603220.7417827,1066130292.6966825,905851779.3536502,375129440.25835717,191886596.6871233,6008466197.495155,773287876.1872376,2705212346.6336327,615567625.6845855,1857290974.2995708,274137220.5731105
1772496000000,2026-03-03,Bridged Token Value (Dollar),11110977844.941393,1150698262.1862385,1076803299.6728141,907117377.1879456,381993746.3773672,191871680.992538,6013930668.786166,783640867.2202065,2648696574.3224583,629354779.0632465,1971307183.9326732,274137220.5731105
1772582400000,2026-03-04,Bridged Token Value (Dollar),11008019512.36149,1172317528.5663245,1078213260.1313426,923293541.4733901,407355716.0437232,191871683.07253802,5791951638.538413,784291620.7067109,2562397934.9101887,630967881.0448283,1960337273.8537898,274137220.5731105
1772668800000,2026-03-05,Bridged Token Value (Dollar),10935530225.420797,1204999499.5844932,1079037591.4620612,901533044.6117213,388667395.63008714,192459768.07253802,5840457465.127721,784407270.530239,2527600537.1590343,634065744.5663774,2033958370.1315606,274137220.5731105
1772755200000,2026-03-06,Bridged Token Value (Dollar),11041293828.66,1212402826.5639975,1079613904.6404808,885559546.8205007,409148592.97684956,192459768.07253802,5773767209.301671,788473938.0933704,2531180599.351292,625494582.8658938,2008833559.5646229,274137220.57311046
1772841600000,2026-03-07,Bridged Token Value (Dollar),11041391645.47458,1213631802.2565222,1079908860.3491316,885397877.5214497,409148792.72873557,192459768.07253802,5863214053.468206,789371422.2969977,2551907418.587962,622252431.330367,1965328136.5492203,274137220.5731105
1772928000000,2026-03-08,Bridged Token Value (Dollar),11039376146.014446,1212364510.0106966,1079880120.8300169,885385974.5706062,409148754.7399606,192459768.07253802,5863241335.816387,789398715.1845853,2571069063.933312,620746244.7219932,2032060488.055811,274137220.5731105
1773014400000,2026-03-09,Bridged Token Value (Dollar),11059856342.13324,1246858158.9132166,1080667896.7701426,944562928.8135434,407812548.5765496,192454769.112538,5751099608.817648,799429278.7978843,2616664439.094937,615422848.3860745,2010838381.9883885,275230673.8931105
1773100800000,2026-03-10,Bridged Token Value (Dollar),11063705962.766232,1278412952.4741056,1080274543.105063,978237712.9561107,426840745.47654957,192454772.232538,5756156844.842195,792822084.2600464,2738501741.2861533,621213335.986686,2060269446.6467226,275230673.8931105
1773187200000,2026-03-11,Bridged Token Value (Dollar),11191092384.70787,1284273131.6028461,701561035.8842171,976023721.8948689,457488426.80764663,192454772.232538,5842184913.097911,792862974.5320791,2862163771.075613,625868834.7769212,2085318930.4922268,275230673.8931106
1773273600000,2026-03-12,Bridged Token Value (Dollar),11405926604.925446,1282948013.693351,701663651.2907686,936629859.7594335,462661440.36116445,192438876.47363922,5804992978.515676,792365347.9067068,2942190209.288868,657933447.4151075,2093227118.0176659,275230673.8931105
1773360000000,2026-03-13,Bridged Token Value (Dollar),11511858905.37625,1321731906.1563177,701521250.1937015,917893706.8750055,460574546.41201925,192438876.47363925,5717226168.5882225,792781479.4564426,3011855756.3414564,690294659.7866309,2102159869.2551823,275230673.8931105
1773446400000,2026-03-14,Bridged Token Value (Dollar),11518895979.579666,1319646920.2433548,701510200.7659912,917985240.0982925,460574546.41201925,192438876.47363925,5716771796.847024,792765354.3633242,3039269379.0713205,690347395.3190974,2108067885.6971445,275230673.8931106
1773532800000,2026-03-15,Bridged Token Value (Dollar),11519097141.86154,1316352961.224495,701446528.9775556,917984225.3380644,460573059.8767183,192438701.9354494,5690695632.773221,792787601.5134802,3064717020.559189,690514295.3683726,2113937353.324073,275230673.8931105
1773619200000,2026-03-16,Bridged Token Value (Dollar),11533741921.671396,1317578923.2731714,701660963.1689711,945756950.2576952,412006647.1867182,192438701.93544936,5718935718.827362,789975302.9628237,3091721373.2360168,700479501.4962755,2182066328.8928347,276324127.21311045
1773705600000,2026-03-17,Bridged Token Value (Dollar),11678771503.310133,1319768379.4101799,704099795.563134,974496605.2933536,410481049.66671824,192438701.93544945,5693339358.638059,790845166.8861213,3175883943.036844,724152505.6421163,2182833747.086709,276324127.2131105
1773792000000,2026-03-18,Bridged Token Value (Dollar),11767462161.999086,1355745979.2402468,705171619.9442377,944879876.7397542,397884695.33401924,192438701.9354494,5503243856.753321,788227558.817332,3175948992.2779913,738439455.1617111,2118670297.8678613,276324127.2131105
1773878400000,2026-03-19,Bridged Token Value (Dollar),12009133974.309088,1358175314.3056278,709061879.9522154,937572753.6887708,390830373.4611002,192439114.15591642,5302353177.656526,787320489.4306366,3202275449.035655,757311782.0991838,2119291017.7047565,276324127.2131105
1773964800000,2026-03-20,Bridged Token Value (Dollar),12181611766.827736,1332822570.4519212,709450264.8050675,907795342.8992238,384156200.9302722,192438114.0808164,5142726194.775539,792031888.141248,3269076601.4672756,795100174.8069057,1545655198.6572037,276324127.2131105
1774051200000,2026-03-21,Bridged Token Value (Dollar),12182478529.877571,1332652965.6759129,709453037.4992962,907768440.9849075,384156068.03863025,192438114.08081642,5142018583.824489,792093338.0857623,3280533203.014737,795534629.7690877,1554082080.1657271,276324127.2131105
1774137600000,2026-03-22,Bridged Token Value (Dollar),12180622396.800621,1336903373.8862658,709129631.1441516,907786454.3774965,384155647.53742623,192437998.57476538,5103028641.239194,792116656.1769214,3148360112.9192557,795156708.2725354,1543897508.9606133,276324127.2131105
1774224000000,2026-03-23,Bridged Token Value (Dollar),12223701818.029724,1314509777.846698,709447159.3442094,990198776.7725217,398268073.7219852,192437999.6147654,5097262865.8913555,791872879.2106342,3115317660.836674,789727426.0098162,1556857419.8301291,275412916.1131105
1774310400000,2026-03-24,Bridged Token Value (Dollar),12287294161.188814,1308492820.1655138,684862518.2639446,946303329.9564158,413852230.7079066,192437999.61476544,5246569976.947771,790722840.3030999,3108824329.3335266,810056091.9945792,1556035991.009903,275412916.1131105
1774396800000,2026-03-25,Bridged Token Value (Dollar),12446906834.38601,1303235597.2566617,684148027.2113235,956199933.8297486,415567797.1520166,192437999.6147654,5175026496.107166,790616928.926013,3117649287.0899367,827170239.4539709,1562877718.874193,275412916.1131105
1774483200000,2026-03-26,Bridged Token Value (Dollar),12701056200.120148,1295340541.543871,684298054.6434921,927224992.2201488,423776590.4498457,192438001.69476542,5066368454.321265,790768449.1729939,3170892022.9704547,834408778.3618767,1563555557.4739199,275412916.1131105
1774569600000,2026-03-27,Bridged Token Value (Dollar),12805890771.981133,1292939652.6582835,684339042.2341653,905530796.2953224,416712058.90700567,192438126.34948978,5172779263.433882,764893983.2443817,3178358202.750622,860803786.2392589,1535990605.3974195,275412916.1131105
1774656000000,2026-03-28,Bridged Token Value (Dollar),12806337167.672855,1293353835.4202676,684305225.5236661,905504790.4195848,416711999.2300937,192438126.3494898,5173287847.653085,764843220.1775956,3197641000.967818,860800215.8118966,1511569900.1041963,275412916.11311054
1774742400000,2026-03-29,Bridged Token Value (Dollar),12805986064.22536,1289724100.0595827,684279624.885469,905551350.7645772,416711349.82925266,192438127.3894898,5112260019.675153,765183419.6333375,3191573043.2113237,860774868.6841199,1511944868.3902345,275412916.1131105
1774828800000,2026-03-30,Bridged Token Value (Dollar),13196897862.686539,1277633194.4901178,679879442.35868,896795275.8630319,411371645.4179977,193396927.38948977,5182068712.699252,765595583.727201,3201656877.2768097,896075342.962305,1511060872.274184,276506369.43311054
1774915200000,2026-03-31,Bridged Token Value (Dollar),13452128264.165897,1277095919.609938,676866633.1137085,944434552.1637522,423968488.89960843,193396927.38948977,5395920509.812097,765483124.9122833,3223463139.350702,1057578594.539951,1517353919.8395038,276506369.43311054
1775001600000,2026-04-01,Bridged Token Value (Dollar),13664417229.87981,1282218495.1796074,687633466.1997163,942452775.3209907,427401064.1080284,193396928.4294898,5496395198.537194,760234583.6929734,3142060381.877652,1085824547.377897,1860996959.4479804,276506369.43311054
1775088000000,2026-04-02,Bridged Token Value (Dollar),14154894475.831345,1285128160.2762613,1148470803.3690858,946742568.2102,416340595.5186014,193396928.42948976,5373904838.451543,759584415.6924452,3123242947.701849,1094861226.1712453,1847847739.830484,276506369.4331105
1775174400000,2026-04-03,Bridged Token Value (Dollar),14201168357.16151,1283104431.289332,1148715730.374762,941509288.9710329,416340310.2574364,193396928.42948976,5373433836.790206,760592014.7906964,3123666265.215174,1094769959.6625075,1833024071.8402946,276506369.43311054
1775260800000,2026-04-04,Bridged Token Value (Dollar),14202025502.948288,1282265114.1171749,1148717808.5269094,941493281.540497,416340287.8785944,193396928.42948976,5373402143.02025,760611428.4326683,3124941507.1218815,1094833288.4416301,1837724047.8054144,276506369.43311054
1775347200000,2026-04-05,Bridged Token Value (Dollar),14202357543.075336,1282143825.3234131,1148672118.0864632,941513664.0864203,416340172.9452824,193396930.50948977,5301901799.757526,760635170.6654117,3120365443.2053614,1095329317.6304486,1851052731.1404893,276506369.43311054
1775433600000,2026-04-06,Bridged Token Value (Dollar),14306877954.582964,1280665455.6634057,1148409019.6802464,951500064.1797578,420726370.70526946,193474163.67515892,5364259620.050699,761077228.2545785,3183501476.1321816,1088251122.739901,1849937767.765551,823688634.9831104
1775520000000,2026-04-07,Bridged Token Value (Dollar),14137970107.593697,1277201095.0924149,1149502581.1172614,991428857.7208968,436767404.15582454,193472291.9506429,5559254049.726334,760720851.3728982,3174353060.533281,1099627306.4578855,1885840184.9421906,823688634.9831104
1775606400000,2026-04-08,Bridged Token Value (Dollar),14276156636.112541,1293790476.0755403,1160059140.678715,992091782.0367346,443631756.2558255,193472384.13197982,5431246784.631718,761822839.3364356,3152248328.772121,1160149964.9948864,1875639655.9917173,823688634.9831104
1775692800000,2026-04-09,Bridged Token Value (Dollar),14261602952.202984,1293045574.6417847,1163163687.2457528,997598357.7644266,434669947.6533076,193472483.10913786,5482385901.888404,763727545.4187336,3156896461.9741654,1175901100.251835,1882998950.523457,823688634.9831104
1775779200000,2026-04-10,Bridged Token Value (Dollar),14441088237.574066,1286387989.461961,1164969730.3422394,1008062907.3981774,437912073.9979656,193466442.3981576,5451709401.960721,762565531.4677365,3129417731.8536377,1199950338.4387228,1897284881.4625452,823688634.9831104
1775865600000,2026-04-11,Bridged Token Value (Dollar),14442553352.757908,1288009939.738459,1165803513.7604563,1009593669.3041172,437912086.70693755,193466442.3981576,5443299142.396939,762611396.1303134,3137698327.7619505,1200198729.5987527,1899527407.0386126,823688634.9831104
1775952000000,2026-04-12,Bridged Token Value (Dollar),14444669768.971329,1289070385.6745634,1165956736.4129126,1009563751.0559437,437912086.7069376,193466442.39815763,5348731795.442008,762639089.5996518,3137211458.395751,1200535033.9634912,1875286744.1466508,823688634.9831104
1776038400000,2026-04-13,Bridged Token Value (Dollar),14531148204.283539,1297593542.0898519,1169003450.9142709,1046293432.5087868,446874337.63693756,194066995.59815758,5448564698.299729,764743964.4399568,3124882426.1223936,1160377473.1621928,1919739901.8095448,820955001.6831105
1776124800000,2026-04-14,Bridged Token Value (Dollar),14557200905.7545,1297638903.2188148,1172625525.1955576,1084416802.8092036,453357668.0969376,194075229.9865938,5501486916.515978,764857375.9666905,3116113232.03046,1168089309.833262,1917922521.681654,820955001.6831105
1776211200000,2026-04-15,Bridged Token Value (Dollar),14812264986.944105,1329282488.4738166,1181750617.3757133,1132594327.545029,461175801.8869376,194074142.4965938,5458733939.017,765205875.1837366,3190756201.362171,1178811732.949912,1919470513.048329,820955001.6831105
1776297600000,2026-04-16,Bridged Token Value (Dollar),14988562099.875467,1373491387.5353904,1195653301.8460293,1132902600.229905,454992492.42603755,194094143.5373938,5416252649.905326,775334946.9745092,3245153290.27769,1241529532.0223284,1927617774.8044736,820955001.6831105
1776384000000,2026-04-17,Bridged Token Value (Dollar),15102893340.995968,1379130334.6375167,1202394198.5229104,1136475179.9502914,568888283.8162656,194093598.1573938,5461778370.449593,776140491.9841771,3067413684.1053476,1306761091.7466497,1932766130.8986657,820955001.6831105
1776470400000,2026-04-18,Bridged Token Value (Dollar),15105445118.754517,1378808945.1630476,1207427894.9486058,1142733402.0799956,568888283.8162656,194093598.1573938,5461919813.059988,776347622.4682517,2759955591.6688504,1306420963.0801442,1935738784.2028248,820955001.6831105
1776556800000,2026-04-19,Bridged Token Value (Dollar),15107797433.886566,1375900460.174262,1208478448.3203936,1142748961.3128285,568888489.9226375,194093598.1573938,5380222567.77212,776386706.0698074,2547047101.58032,1306248854.6898441,1934183164.8219385,820955001.6831105
1776643200000,2026-04-20,Bridged Token Value (Dollar),15179786015.006702,1369896719.0773103,1209409119.326363,1154382572.4387867,628969492.1265054,194093267.80494648,5440283112.056462,776279152.5137886,2230309795.887551,1321064575.2263186,1974568751.5301046,1030442433.5731105
1776729600000,2026-04-21,Bridged Token Value (Dollar),15117819315.367731,1380463982.9439914,1209806865.3685014,1135525596.6977177,688167009.7528913,196167815.86869085,5323268705.774666,776382643.948058,2085209630.9585323,1323413181.1840885,1978681721.2797832,1030442433.5731105
1776816000000,2026-04-22,Bridged Token Value (Dollar),15129916849.329952,1375493926.4199295,1212381073.550108,1162422861.6268103,726519552.9447011,196167815.86869085,5316904711.720831,779450405.5268607,1975795083.871243,1313352752.2477274,1999831931.1370218,1030442433.5731106
1776902400000,2026-04-23,Bridged Token Value (Dollar),14996768764.357204,1388913163.5308037,1213577034.4613519,1158247976.7552035,712677965.2500781,196167815.86869085,5274993233.300643,779388391.5425297,1960048967.6131518,1311394235.1759248,2000582156.852362,1030442433.5731105
1776988800000,2026-04-24,Bridged Token Value (Dollar),14982708395.795393,1399859766.3761249,1218025216.1154292,1180720509.2058556,716630842.919852,196167816.90869087,5271567835.062676,779466822.6893762,1849374478.9267535,1305102952.4648001,1992147726.2161674,1030442433.5731105
1777075200000,2026-04-25,Bridged Token Value (Dollar),14988067737.348413,1399880531.0666752,1219123678.776381,1182538997.4254143,716731470.3038301,196167816.90869087,5271462108.530392,779468095.818923,1850425951.033222,1304330504.8147082,1993900247.2372434,1030442433.5731105
1777161600000,2026-04-26,Bridged Token Value (Dollar),15003617420.881927,1399984949.0760725,1220432663.2145674,1182470671.8728597,716620182.5054691,196167816.90869087,5231886323.672347,779493838.8247225,1851391328.3141966,1304463498.1840649,2007730444.640849,1030442433.5731106
1777248000000,2026-04-27,Bridged Token Value (Dollar),15019150936.307493,1400042101.0053153,1221139170.8454537,1191791445.8715692,710940646.6073511,196167716.90869084,5250416602.340171,782280477.1961881,1840151676.3948045,1314366955.7013056,1988999734.0449195,1030442433.5731105
1777334400000,2026-04-28,Bridged Token Value (Dollar),14872304920.424347,1367851545.2374198,1223264351.8912888,1145966895.2503445,700650173.365717,197667716.90869084,5136869458.683189,782004802.3130834,2032179082.0873356,1316141885.4684534,1989162945.4646378,1030442433.5731105
1777420800000,2026-04-29,Bridged Token Value (Dollar),14874759204.051897,1355285548.3282092,1223445809.040182,1153502557.8626206,694963145.6554823,197667131.90869087,5094871106.873999,780981335.4580421,2072921097.621893,1321956654.8095627,1974681224.169169,1030442433.5731105
1777507200000,2026-04-30,Bridged Token Value (Dollar),14848148663.89043,1354847074.2641244,1226363982.411182,1161735389.3974662,704929780.9584421,198106826.3870177,5318343491.744404,779698969.8322277,2078145668.3446941,1342878719.8196104,1968277790.3450613,1030442433.5731105
1777593600000,2026-05-01,Bridged Token Value (Dollar),14973933173.920935,1357481672.918208,1225743063.801349,1221435325.9955082,712658559.2478201,198103749.9854543,5297032836.375265,780351914.2166362,2068388217.9024704,1352871263.1401446,1993433548.463379,1030442433.5731105
1777680000000,2026-05-02,Bridged Token Value (Dollar),14977246452.128166,1357291973.3630311,1228770106.223278,1225132687.5942512,712747787.244299,198103749.98545426,5296930026.0473385,780477124.3898826,2081539132.7499254,1353247821.976401,2018837378.652292,1030442433.5731105
1777766400000,2026-05-03,Bridged Token Value (Dollar),14981939517.08105,1358132786.6856513,1226816484.0350728,1225141006.478866,712749762.2218491,198103749.98545423,5298066616.504459,780530703.1501322,2082422088.2924724,1353673677.1723921,2025493931.5235448,1030442433.5731105
1777852800000,2026-05-04,Bridged Token Value (Dollar),14960298708.866718,1355393523.2200453,1230121114.3036838,1278203885.2164946,711198164.4503341,198103797.88704103,5198171084.3692255,779177034.417729,2099306542.0346675,1353521931.8660207,2006608388.6799388,1030624675.7931104
1777939200000,2026-05-05,Bridged Token Value (Dollar),15069384912.817814,1352894005.23398,1229926805.0079012,1307469362.9928966,782128119.6016841,198103797.88704106,5274012481.262221,776960830.8595468,2099379617.1607203,1385500889.173355,2019758953.3559723,1030624675.7931104
1778025600000,2026-05-06,Bridged Token Value (Dollar),15224121085.74368,1356667832.2490227,1233119728.5432522,1355692845.6519752,837521150.5435017,198103798.02955928,5394589195.751585,777269809.6602023,2092529473.7138543,1391615660.680295,2032628240.0087905,1030624675.7931104
1778112000000,2026-05-07,Bridged Token Value (Dollar),15308234698.16372,1355475904.0342627,1238167177.8735638,1348178858.814193,827290361.2243137,198103798.02955928,5379261146.205474,777906773.8788238,2099786656.2953916,1373631181.2353044,2038664308.2180624,1030624675.7931104
1778198400000,2026-05-08,Bridged Token Value (Dollar),15367298310.071049,1356050800.170781,1245245606.2054086,1393394155.5342822,838821599.4129449,198103798.02955928,5384086739.237812,778082232.4982233,2124965266.695074,1372888589.0972476,2024397115.2769341,1030624675.7931104
1778284800000,2026-05-09,Bridged Token Value (Dollar),15373261996.492569,1358606523.1632295,1243108604.9449272,1398814459.6040506,839628635.3190418,198103798.02955925,5384111936.27165,778114501.98992,2132690240.45597,1373037558.201777,2023110736.5352323,1030624675.7931104
1778371200000,2026-05-10,Bridged Token Value (Dollar),15375305913.26268,1358185001.3043113,1242661176.7400956,1398818647.5718653,849322771.0283849,198103798.0295593,5360778603.801767,778141717.3941505,2145857832.701296,1374309047.3724713,2032734505.6295328,1030624675.7931105
1778457600000,2026-05-11,Bridged Token Value (Dollar),15881327931.16077,1361058480.8504024,1254338236.0581825,1470183782.7580903,805980672.1916258,198103998.7109481,5438926601.316952,778202887.9733555,2197607548.454666,1374537845.678537,2051903052.5322554,1031535886.8931105
1778544000000,2026-05-12,Bridged Token Value (Dollar),15379672564.488312,1359074711.182877,1256753358.9302282,1423902798.4277565,786932849.3490438,198100790.72094813,5386069780.594458,759888420.1999819,2228568769.360109,1380482764.9332476,2049928594.8405511,1031535886.8931105
1778630400000,2026-05-13,Bridged Token Value (Dollar),15253868334.322529,1361604247.738096,1257886311.5029867,1478522233.296367,788064571.8421719,192299401.7205238,5361745577.164425,751527870.0335269,2175124228.1060934,1385554182.1388416,2041495653.9729233,1031535886.8931105
1778716800000,2026-05-14,Bridged Token Value (Dollar),15353428829.881613,1354661295.7239873,1259629615.5007756,1493469026.5784326,791567357.5067979,194120520.41435838,5303673392.962689,755095399.3647926,2184285683.1402082,1391490699.9713445,2031558987.1998742,1031535886.8931105
1778803200000,2026-05-15,Bridged Token Value (Dollar),15545122716.7228,1395566653.2675033,1284066355.8517582,1457194497.761795,803367093.9677743,195261664.69842228,5183020908.389718,757650337.9009581,2211278394.9922915,1396553899.5760074,2052326773.7316854,1031535886.8931105
1778889600000,2026-05-16,Bridged Token Value (Dollar),15541068666.354528,1393726327.4097128,1287853899.7228203,1450742605.67598,811486236.270905,195202455.3124409,5182419401.845774,758492028.5951958,2205383085.830588,1396450211.2621546,2034609875.0274036,1031535886.8931105
1778976000000,2026-05-17,Bridged Token Value (Dollar),15544718990.85467,1390267172.8170002,1291254488.8678555,1450737464.778308,813089371.6345546,195200361.20760816,5181875432.891253,758928726.2135412,2209896284.6868196,1394749461.3330827,2024536941.7561898,1031535886.8931106
1779062400000,2026-05-18,Bridged Token Value (Dollar),15465973990.382446,1382241476.5330968,1295119953.2567582,1443476613.2340677,833014097.3220379,195198974.97459605,5231149608.0675535,760493355.1180327,2229373244.439885,1415140831.570419,2030776789.8729253,1030351312.4631104
1779148800000,2026-05-19,Bridged Token Value (Dollar),15422853328.252993,1395539907.8645484,1298798990.0170937,1456428099.8688962,828306936.0063355,195091598.09586245,5124221497.415296,760812702.8314934,2235751152.7938833,1420795395.2265933,2028837624.0845256,1030351312.4631104
1779235200000,2026-05-20,Bridged Token Value (Dollar),15356447486.71096,1409525994.40586,1306032268.6356134,1509016499.046686,837693799.9982979,195024375.0426737,5190101086.716278,761848648.5327635,2243042888.716777,1448801842.442439,2026688126.4969463,1030351312.4631106
1779321600000,2026-05-21,Bridged Token Value (Dollar),15366572534.25471,1415154742.249362,1310178346.2110705,1556629136.9153233,867524096.973873,195016071.61699846,5025349219.54459,761863560.1847298,2258830674.2791333,1442883899.7827797,2037426501.476677,1030351312.4631104
1779408000000,2026-05-22,Bridged Token Value (Dollar),15345178822.86709,1418292516.5403214,1311811329.9213092,1570048723.5538282,867792600.9826682,195016010.0881794,5000732923.405521,761960379.513025,2270375705.6142316,1452927682.8473077,2042213815.6093593,1030351312.4631104
1779494400000,2026-05-23,Bridged Token Value (Dollar),15348331780.355661,1417070470.0389152,1311871764.8053553,1568684208.6902723,868394086.3551983,195009167.33000815,5000502405.485798,761878073.9713719,2272190284.871915,1453453143.283185,2018521964.504181,1030351312.4631104
1779580800000,2026-05-24,Bridged Token Value (Dollar),15353879941.73008,1417046059.1435165,1313246984.3715112,1568683212.4533334,870532892.6080848,195008770.35404807,5069127084.0908985,761906851.2199644,2275256167.459857,1453525088.2508352,2033698892.1823707,1030351312.4631104
1779667200000,2026-05-25,Bridged Token Value (Dollar),15348531316.430803,1420620209.0808313,1312812102.4115813,1568253214.7607794,870279573.4326843,197186049.95404807,5062601667.917233,761958917.9509321,2279423576.17362,1453461423.5190556,2037750351.6161401,1043290510.0831105
1779753600000,2026-05-26,Bridged Token Value (Dollar),15170498533.497643,1411931703.8701658,1310503255.6086102,1632003425.295207,854935813.9162359,197158750.80612418,5018220520.662748,767433910.0192428,2278389106.0316668,1464671216.6722054,2039843644.2156465,1043290510.0831105
1779840000000,2026-05-27,Bridged Token Value (Dollar),15160002996.012985,1400696657.7611682,1312171464.3061204,1644532214.9658263,862547097.0517788,197973237.88664097,4920291142.331867,767252974.7259791,2274055766.2865086,1476292351.9959486,2022493041.2205405,1043290510.0831105
1779926400000,2026-05-28,Bridged Token Value (Dollar),15012985215.61396,1389603390.4406936,1311795175.0172143,1675939910.3754582,863525514.0346048,201816823.15853682,4976244886.760693,767373601.0027443,2282240329.829554,1455496938.61595,2007913962.6928315,1043290510.0831106
1780012800000,2026-05-29,Bridged Token Value (Dollar),15008023467.649326,1372647068.183344,1313978590.2175398,1703097410.0747414,867365162.0580028,201830566.85986814,5114641437.254648,767568541.2825885,2324680610.957045,1448643500.9683163,1998413359.277999,1043290510.0831105
1780099200000,2026-05-30,Bridged Token Value (Dollar),15012145202.94302,1376678211.2167792,1311579681.7525253,1705040979.2632885,867136412.5577258,201797950.14866412,5114822253.347497,767638037.1799177,2327982904.749707,1448420527.05129,2000384218.5316842,1043290510.0831105
1780185600000,2026-05-31,Bridged Token Value (Dollar),15002514732.985233,1375770181.1412883,1310321347.5816083,1705040560.885434,868063934.7257537,201793895.073357,5116838228.170908,767667641.9206872,2311086994.0016084,1449890622.6608799,2007516677.0068555,1043290510.0831105
1780272000000,2026-06-01,Bridged Token Value (Dollar),14936861563.596458,1364236719.2753348,1311531409.7958353,1656070054.6901932,859352439.5996468,203273931.28356028,5037897101.810385,767666045.6471238,2304326257.3089213,1446659919.7775378,1971695125.8277304,1042379298.9831104
1780358400000,2026-06-02,Bridged Token Value (Dollar),14927361871.997255,1362777001.9375353,1308908776.2480032,1637389467.1109114,866550336.2342165,203193239.86899677,5047716821.180976,764865931.9416713,2317647064.658892,1442049413.6204193,1925746950.8504574,1042379298.9831104
1780444800000,2026-06-03,Bridged Token Value (Dollar),14847787567.343529,1366626669.3157616,1310467173.324234,1578026706.4733682,874099651.6539153,203190059.21100634,5007052807.448426,764727795.4875463,2284693992.26709,1432970733.5552366,1897344216.970576,1042379298.9831104
1780531200000,2026-06-04,Bridged Token Value (Dollar),14796160967.109999,1368207710.1422625,1309990056.8769512,1576399013.9215455,874246549.7654978,203185108.97542202,5010308411.386159,767226999.9170191,2263647057.6172986,1425363458.001451,1892506644.6791394,1042379298.9831104
1780617600000,2026-06-05,Bridged Token Value (Dollar),14812751265.913269,1348241523.0009856,1304566210.613682,1460425345.6747096,920070830.4930421,203185084.90499324,4861237217.030235,768030415.8685182,2240129475.597412,1440275592.4712377,1880544638.479052,1042379298.9831105
1780704000000,2026-06-06,Bridged Token Value (Dollar),14813777974.52179,1341181996.0811043,1304625193.8216486,1456048797.7701206,919704720.7572286,203184932.8343333,4860472573.289588,769109112.2970747,2225774389.444811,1439155557.6138885,1878151314.6419036,1042379298.9831104
1780790400000,2026-06-07,Bridged Token Value (Dollar),14806277355.928883,1348610772.7895613,1304285689.615851,1456052487.3730721,920203384.8851591,203147022.79048344,4879555530.783864,769210913.1017065,2212474503.4394426,1443352813.720016,1906016088.2939892,1042379298.9831104
1780876800000,2026-06-08,Bridged Token Value (Dollar),14928902742.638699,1363989529.1597824,1308580282.6015184,1498292176.109334,923138817.3321648,203145311.13088414,4842410520.269622,768875940.617559,2218672330.8761797,1451212896.8245025,1906232197.909986,1041468087.8831104
1780963200000,2026-06-09,Bridged Token Value (Dollar),15008539129.300388,1340926216.7718468,1559156606.9485846,1476073363.1848664,915417677.4266559,203003531.7407192,4723729952.299694,769639569.5678124,2230452417.7371593,1465866623.5750666,1891607311.1027467,1041468087.8831104
1781049600000,2026-06-10,Bridged Token Value (Dollar),15051146823.704468,1336758109.804923,1561345490.2229583,1439888104.6643314,921943429.3446465,202953357.99370354,4535488983.646165,769480154.1781478,2224688555.824898,1479093090.975649,1897987861.5629025,1041468087.8831104
1781136000000,2026-06-11,Bridged Token Value (Dollar),14975306840.194836,1336889997.2369792,1561521664.5488179,1511057000.8952503,929742187.2394916,202942723.564217,4721488996.813178,770383235.6169617,2215854003.45502,1485920836.151949,1925892085.5704222,1041468087.8831104
1781222400000,2026-06-12,Bridged Token Value (Dollar),14917799721.989779,1337215941.8062053,1812173626.898859,1525464154.7647073,926651889.2846465,202853972.45534632,4720766978.950371,771322961.2109013,2231657049.917714,1479847952.3429499,1926141030.383574,1043579070.7034277
1781308800000,2026-06-13,Bridged Token Value (Dollar),14918539625.315159,1340528675.3385813,1791517836.410067,1524097117.580531,926717975.6426176,202846181.90288925,4720647998.331449,772228242.935327,2240245631.587414,1479946263.3891716,1938641359.138231,1043579070.7034278
1781395200000,2026-06-14,Bridged Token Value (Dollar),14923677720.104145,1341145260.1755307,1791548680.2842572,1524021492.4479656,926118487.4739074,202837957.55217114,4835801215.5792265,774764523.9252796,2233305043.868393,1477855141.0246031,1955343971.122631,1043579070.7034278
1781481600000,2026-06-15,Bridged Token Value (Dollar),14991574515.646868,1320458591.1596298,1794790154.279386,1611579047.8404992,938475247.468936,202827068.5483356,4859610966.523434,774897446.3031999,2226513045.1204643,1475927146.2748625,1947329455.2101583,1042470420.0931104
1781568000000,2026-06-16,Bridged Token Value (Dollar),15065803475.399282,1317433038.4195943,1791672645.0299911,1589154835.3533814,948981163.8691702,202785249.63367045,4875890104.003327,776609566.9454055,2227657416.3270717,1489516568.837373,1955343162.2951083,1042470420.0931104
1781654400000,2026-06-17,Bridged Token Value (Dollar),15046904273.116188,1319029609.434238,1763598409.141603,1607293420.0808787,939087725.7971284,202708515.6785152,4803650867.297409,777588824.8045657,2216044839.070399,1498059729.90192,1957036326.50278,1042470420.0931104
1781740800000,2026-06-18,Bridged Token Value (Dollar),15081052346.261057,1312498191.3963373,1759873634.640201,1616214814.5276334,930312103.5753334,202682612.56719097,4716506411.545483,778632299.9264601,2234071806.1612678,1479591488.8385112,1962217593.1721094,1042470420.0931106
1781827200000,2026-06-19,Bridged Token Value (Dollar),15074328646.157738,1319195815.3940313,1756415762.27122,1613525373.7470007,929965165.5941114,202670999.75803083,4678882070.894631,783387576.2008923,2220143483.6702943,1492117794.1698837,1964641226.6921375,1042470420.0931104
1781913600000,2026-06-20,Bridged Token Value (Dollar),15074373562.254284,1316677440.7227895,1756442964.8836336,1613357770.7684896,930611590.4251353,202669355.37321895,4678672737.87602,785653581.7811916,2222663453.201053,1491833439.7214522,1966066538.103503,1042470420.0931104
1782000000000,2026-06-21,Bridged Token Value (Dollar),15076986198.815496,1315143880.6635275,1755944792.1883273,1612045620.8509839,930468746.4857332,202667755.342219,4659317928.322507,786893090.6972375,2215869030.4192705,1489349956.9365964,1966418943.5079997,1042470420.0931104
1782086400000,2026-06-22,Bridged Token Value (Dollar),15077717047.524471,1311066993.404025,1762154450.9275029,1611449176.8859448,932067595.788056,202661023.5830459,4707471387.376599,789101272.9068717,2204307293.1098237,1492674853.9607224,1969556825.8264358,1042105935.6531105
1782172800000,2026-06-23,Bridged Token Value (Dollar),15080145123.162151,1306450161.7623446,1760620253.3351912,1563380831.0275745,932945554.4029634,202660722.20477727,4603044887.73347,794354747.4533634,2228456175.389846,1487667630.6790268,1974060968.2042336,1042105935.6531105
1782259200000,2026-06-24,Bridged Token Value (Dollar),14996218561.165684,1299730474.0125375,1761221812.8780673,1536168779.6084547,921481302.7250452,202658016.6360113,4507038701.060153,794648986.1520662,2235846261.2310743,1482629387.630562,1983660740.396893,1042105935.6531105
1782345600000,2026-06-25,Bridged Token Value (Dollar),14892190010.281595,1297661546.1393206,1758327183.1968603,1508429153.9516954,970122408.9964882,202651990.63544026,4508718135.307341,829813882.3087773,2243825661.374132,1484724510.4238708,1984205861.146377,1042105935.6531105
1782432000000,2026-06-26,Bridged Token Value (Dollar),14657897410.854069,1315600262.283314,1758291976.379218,1497143856.4167058,1042328810.0088263,202640155.98248398,4576921548.066051,834442932.5099019,2256408554.4093313,1496442445.8683796,1992371908.8501673,1042105935.6531105
1782518400000,2026-06-27,Bridged Token Value (Dollar),14658589310.635689,1317620999.17189,1756212843.9348412,1440881227.1375911,1042394357.5850704,202639130.95318705,4577286779.739981,840388925.8443905,2254440565.556086,1499048047.293735,1998440624.4481406,1042105935.6531105
1782604800000,2026-06-28,Bridged Token Value (Dollar),14658932812.260727,1317801587.95195,1755857183.7881396,1443505533.0269191,1042329229.1078196,202636794.21482876,4563578138.813653,840900892.4866774,2252110572.6144357,1502124856.5578127,1998588027.8769107,1042105935.6531105
1782691200000,2026-06-29,Bridged Token Value (Dollar),14821786509.787489,1317101496.1565182,1770155398.795654,1608946804.3259082,1039321814.1569128,202632493.22128874,4510942000.8503685,843560575.3688459,2251370686.6531544,1508142204.2468305,1926793610.7133296,1041559208.9931104
1782777600000,2026-06-30,Bridged Token Value (Dollar),14820883532.753052,1291031874.5571117,1770035171.526805,1797060327.5484748,1037507867.3521347,202630623.1540106,4502458471.683654,844456208.3428304,2262510769.9374638,1510302835.7209792,1910350007.5217738,1041559208.9931105
1782864000000,2026-07-01,Bridged Token Value (Dollar),14868040380.219124,1282896479.5249653,1766383492.4004579,1809544036.7500262,1038003590.4993839,202689662.69715118,4535176271.544181,845259372.2218449,2263033216.283353,1521748263.8905292,1926221817.9121892,1041559208.9931104
1782950400000,2026-07-02,Bridged Token Value (Dollar),14823042722.927979,1348924635.5260417,1767441268.5495567,2077681511.7740202,1034779328.1643775,202690618.72457474,4635983406.019433,845574063.5158789,2267257557.082881,1543084315.8393345,1947465387.0114174,1042888827.8431104
1783036800000,2026-07-03,Bridged Token Value (Dollar),14845882279.165724,1357433905.0978374,1766664916.4435735,2078832301.6507714,1034856945.41242,202690618.72457474,4689940672.172046,845598644.5078984,2285640407.2894344,1561328256.1928644,1963352552.7769277,1042888827.8431106
1783123200000,2026-07-04,Bridged Token Value (Dollar),14846803229.911991,1359260611.98711,1766694088.3993723,2080414988.6419768,1034833479.94348,202689673.54095787,4690156608.587499,845721528.8358235,2295280919.2983,1562414461.6462028,1970115704.7624924,1042888827.8431104
1783209600000,2026-07-05,Bridged Token Value (Dollar),14847885760.44791,1358850507.7256458,1763684747.0731592,2082763311.2336197,1034754287.5003774,202687154.46493888,4700743034.7267275,845753682.4864852,2306010607.05373,1563564078.2186651,1975651509.386908,1042888827.8431104
1783296000000,2026-07-06,Bridged Token Value (Dollar),14879897643.603245,1385607269.5136604,1763035246.9312136,2062518453.4050941,1034596118.742312,202687184.77611315,4673284859.128278,851209303.5372998,2309866471.3049355,1576648560.9336793,1983464884.7571902,1039790710.1031104
1783382400000,2026-07-07,Bridged Token Value (Dollar),14892550785.94792,1396905154.3154087,1763740410.3688164,1942317338.2760117,1060212725.510366,202694445.1510203,4604894091.582748,849999204.7749904,2320740931.941241,1584756494.366946,1975667198.4090273,1039790710.1031104
1783468800000,2026-07-08,Bridged Token Value (Dollar),14864317758.028093,1384175335.6620705,1764106536.729971,1816841012.6467142,1066172750.6946902,202672469.60488313,4556019781.806851,849468339.2764599,2325610596.741921,1614707116.605175,1963297526.3655772,1039790496.8431104
1783555200000,2026-07-09,Bridged Token Value (Dollar),15161860681.871773,1389326080.4531121,1762111768.7407935,1851615288.9350538,1065439389.7197499,202634380.96499968,4608150437.308873,846184156.548631,2329102083.9084406,1618989796.8481784,1978836577.087985,1039790496.8431104
1783641600000,2026-07-10,Bridged Token Value (Dollar),15583876454.15481,1385102585.6474247,1763269096.997236,1981827326.5030344,1065029433.1459526,202634414.88428095,4606338779.439911,848640236.5228183,2323240766.2793546,1622924928.6703746,1989921496.1937127,1039790496.8431104
1783728000000,2026-07-11,Bridged Token Value (Dollar),15583414723.990023,1384034203.3845117,1763431931.147659,1866803159.4309528,1065159972.9082913,202634258.5163375,4604301240.724405,848918122.3194486,2321688226.7937765,1622720089.5943284,1989718052.261581,1039790496.8431104
1783814400000,2026-07-12,Bridged Token Value (Dollar),15516107824.088,1382478844.366198,1762684863.0170484,1866580629.3161883,1064816225.3762962,202633023.53716856,4561363656.981074,850900009.057736,2332328064.2308774,1617089495.4086356,1988010667.5200858,1039790496.8431104
1783900800000,2026-07-13,Bridged Token Value (Dollar),15523889683.185205,1375436440.3577323,1761430562.551178,1818959267.2060616,1062600655.3069948,202643925.14807087,4470114044.751749,850879901.2249272,2341385900.179643,1664703780.6788735,1970839033.36652,1035780744.1231104
1783987200000,2026-07-14,Bridged Token Value (Dollar),15522422952.709934,1378214260.6117582,1762131646.647274,1869218449.246171,1109332924.3208535,202640549.8922139,4530177203.953731,851404773.2043898,2361452325.7030635,1664313652.9268334,2041861948.9545264,1030089743.5631105