Timestamp,Date,Measure,US Treasury Debt,non-US Government Debt,Corporate Credit,Public Equity,Stocks,Private Equity,Real Estate,Commodities,Diversified Credit,Asset-Backed Credit,Active Strategies,Specialty Finance,Venture Capital
1537747200000,2018-09-24,Bridged Token Value (Dollar),,,,,,,,,,,,,24772.379999999997
1537833600000,2018-09-25,Bridged Token Value (Dollar),,,,,,,,,,,,,7757738.503199999
1537920000000,2018-09-26,Bridged Token Value (Dollar),,,,,,,,,,,,,10761022.843199998
1538006400000,2018-09-27,Bridged Token Value (Dollar),,,,,,,,,,,,,10761022.843199998
1538092800000,2018-09-28,Bridged Token Value (Dollar),,,,,,,,,,,,,10761022.843199998
1538179200000,2018-09-29,Bridged Token Value (Dollar),,,,,,,,,,,,,10761022.843199998
1538265600000,2018-09-30,Bridged Token Value (Dollar),,,,,,,,,,,,,10683044.4168
1538352000000,2018-10-01,Bridged Token Value (Dollar),,,,,,,,,,,,,10683044.4168
1538438400000,2018-10-02,Bridged Token Value (Dollar),,,,,,,,,,,,,10683044.4168
1538524800000,2018-10-03,Bridged Token Value (Dollar),,,,,,,,,,,,,10683044.4168
1538611200000,2018-10-04,Bridged Token Value (Dollar),,,,,,,,,,,,,10737844.4168
1538697600000,2018-10-05,Bridged Token Value (Dollar),,,,,,,,,,,,,10737844.4168
1538784000000,2018-10-06,Bridged Token Value (Dollar),,,,,,,,,,,,,10737844.4168
1538870400000,2018-10-07,Bridged Token Value (Dollar),,,,,,,,,,,,,10737844.4168
1538956800000,2018-10-08,Bridged Token Value (Dollar),,,,,,,,,,,,,10737844.4168
1539043200000,2018-10-09,Bridged Token Value (Dollar),,,,,,,,,,,,,10737844.4168
1539129600000,2018-10-10,Bridged Token Value (Dollar),,,,,,,,,,,,,10737844.4168
1539216000000,2018-10-11,Bridged Token Value (Dollar),,,,,,,,,,,,,10737844.4168
1539302400000,2018-10-12,Bridged Token Value (Dollar),,,,,,,,,,,,,10737844.4168
1539388800000,2018-10-13,Bridged Token Value (Dollar),,,,,,,,,,,,,10737844.4168
1539475200000,2018-10-14,Bridged Token Value (Dollar),,,,,,,,,,,,,10737844.4168
1539561600000,2018-10-15,Bridged Token Value (Dollar),,,,,,,,,,,,,10737844.4168
1539648000000,2018-10-16,Bridged Token Value (Dollar),,,,,,,,,,,,,10737844.4168
1539734400000,2018-10-17,Bridged Token Value (Dollar),,,,,,,,,,,,,10737844.4168
1539820800000,2018-10-18,Bridged Token Value (Dollar),,,,,,,,,,,,,10737844.4168
1539907200000,2018-10-19,Bridged Token Value (Dollar),,,,,,,,,,,,,10737844.4168
1539993600000,2018-10-20,Bridged Token Value (Dollar),,,,,,,,,,,,,10737844.4168
1540080000000,2018-10-21,Bridged Token Value (Dollar),,,,,,,,,,,,,10737844.4168
1540166400000,2018-10-22,Bridged Token Value (Dollar),,,,,,,,,,,,,10737844.4168
1540252800000,2018-10-23,Bridged Token Value (Dollar),,,,,,,,,,,,,10737844.4168
1540339200000,2018-10-24,Bridged Token Value (Dollar),,,,,,,,,,,,,10737844.4168
1540425600000,2018-10-25,Bridged Token Value (Dollar),,,,,,,,,,,,,10737844.4168
1540512000000,2018-10-26,Bridged Token Value (Dollar),,,,,,,,,,,,,10737844.4168
1540598400000,2018-10-27,Bridged Token Value (Dollar),,,,,,,,,,,,,10737844.4168
1540684800000,2018-10-28,Bridged Token Value (Dollar),,,,,,,,,,,,,10737844.4168
1540771200000,2018-10-29,Bridged Token Value (Dollar),,,,,,,,,,,,,10737844.4168
1540857600000,2018-10-30,Bridged Token Value (Dollar),,,,,,,,,,,,,10737844.4168
1540944000000,2018-10-31,Bridged Token Value (Dollar),,,,,,,,,,,,,10737844.4168
1541030400000,2018-11-01,Bridged Token Value (Dollar),,,,,,,,,,,,,10737844.4168
1541116800000,2018-11-02,Bridged Token Value (Dollar),,,,,,,,,,,,,10737844.4168
1541203200000,2018-11-03,Bridged Token Value (Dollar),,,,,,,,,,,,,10737844.4168
1541289600000,2018-11-04,Bridged Token Value (Dollar),,,,,,,,,,,,,10737844.4168
1541376000000,2018-11-05,Bridged Token Value (Dollar),,,,,,,,,,,,,10746139.766800001
1541462400000,2018-11-06,Bridged Token Value (Dollar),,,,,,,,,,,,,10746139.766800001
1541548800000,2018-11-07,Bridged Token Value (Dollar),,,,,,,,,,,,,10746139.766800001
1541635200000,2018-11-08,Bridged Token Value (Dollar),,,,,,,,,,,,,10746139.766800001
1541721600000,2018-11-09,Bridged Token Value (Dollar),,,,,,,,,,,,,10746139.766800001
1541808000000,2018-11-10,Bridged Token Value (Dollar),,,,,,,,,,,,,10746139.766800001
1541894400000,2018-11-11,Bridged Token Value (Dollar),,,,,,,,,,,,,10746139.766800001
1541980800000,2018-11-12,Bridged Token Value (Dollar),,,,,,,,,,,,,10746139.766800001
1542067200000,2018-11-13,Bridged Token Value (Dollar),,,,,,,,,,,,,10746139.766800001
1542153600000,2018-11-14,Bridged Token Value (Dollar),,,,,,,,,,,,,10746139.766800001
1542240000000,2018-11-15,Bridged Token Value (Dollar),,,,,,,,,,,,,10746139.766800001
1542326400000,2018-11-16,Bridged Token Value (Dollar),,,,,,,,,,,,,10746139.766800001
1542412800000,2018-11-17,Bridged Token Value (Dollar),,,,,,,,,,,,,10746139.766800001
1542499200000,2018-11-18,Bridged Token Value (Dollar),,,,,,,,,,,,,10746139.766800001
1542585600000,2018-11-19,Bridged Token Value (Dollar),,,,,,,,,,,,,10746139.766800001
1542672000000,2018-11-20,Bridged Token Value (Dollar),,,,,,,,,,,,,10746139.766800001
1542758400000,2018-11-21,Bridged Token Value (Dollar),,,,,,,,,,,,,10746139.766800001
1542844800000,2018-11-22,Bridged Token Value (Dollar),,,,,,,,,,,,,10746139.766800001
1542931200000,2018-11-23,Bridged Token Value (Dollar),,,,,,,,,,,,,10762892.1268
1543017600000,2018-11-24,Bridged Token Value (Dollar),,,,,,,,,,,,,10762892.1268
1543104000000,2018-11-25,Bridged Token Value (Dollar),,,,,,,,,,,,,10762892.1268
1543190400000,2018-11-26,Bridged Token Value (Dollar),,,,,,,,,,,,,10762892.1268
1543276800000,2018-11-27,Bridged Token Value (Dollar),,,,,,,,,,,,,10762892.1268
1543363200000,2018-11-28,Bridged Token Value (Dollar),,,,,,,,,,,,,10797142.1268
1543449600000,2018-11-29,Bridged Token Value (Dollar),,,,,,,,,,,,,11218792.5068
1543536000000,2018-11-30,Bridged Token Value (Dollar),,,,,,,,,,,,,11218792.5068
1543622400000,2018-12-01,Bridged Token Value (Dollar),,,,,,,,,,,,,11218792.5068
1543708800000,2018-12-02,Bridged Token Value (Dollar),,,,,,,,,,,,,11218792.5068
1543795200000,2018-12-03,Bridged Token Value (Dollar),,,,,,,,,,,,,11218792.5068
1543881600000,2018-12-04,Bridged Token Value (Dollar),,,,,,,,,,,,,11218792.5068
1543968000000,2018-12-05,Bridged Token Value (Dollar),,,,,,,,,,,,,11218792.5068
1544054400000,2018-12-06,Bridged Token Value (Dollar),,,,,,,,,,,,,11218792.5068
1544140800000,2018-12-07,Bridged Token Value (Dollar),,,,,,,,,,,,,11218792.5068
1544227200000,2018-12-08,Bridged Token Value (Dollar),,,,,,,,,,,,,11218792.5068
1544313600000,2018-12-09,Bridged Token Value (Dollar),,,,,,,,,,,,,11218792.5068
1544400000000,2018-12-10,Bridged Token Value (Dollar),,,,,,,,,,,,,11218792.5068
1544486400000,2018-12-11,Bridged Token Value (Dollar),,,,,,,,,,,,,11218792.5068
1544572800000,2018-12-12,Bridged Token Value (Dollar),,,,,,,,,,,,,11218792.5068
1544659200000,2018-12-13,Bridged Token Value (Dollar),,,,,,,,,,,,,11218792.5068
1544745600000,2018-12-14,Bridged Token Value (Dollar),,,,,,,,,,,,,11218792.5068
1544832000000,2018-12-15,Bridged Token Value (Dollar),,,,,,,,,,,,,11218792.5068
1544918400000,2018-12-16,Bridged Token Value (Dollar),,,,,,,,,,,,,11218792.5068
1545004800000,2018-12-17,Bridged Token Value (Dollar),,,,,,,,,,,,,11218792.5068
1545091200000,2018-12-18,Bridged Token Value (Dollar),,,,,,,,,,,,,11218792.5068
1545177600000,2018-12-19,Bridged Token Value (Dollar),,,,,,,,,,,,,17059055.5268
1545264000000,2018-12-20,Bridged Token Value (Dollar),,,,,,,,,,,,,17059055.5268
1545350400000,2018-12-21,Bridged Token Value (Dollar),,,,,,,,,,,,,17059055.5268
1545436800000,2018-12-22,Bridged Token Value (Dollar),,,,,,,,,,,,,17059055.5268
1545523200000,2018-12-23,Bridged Token Value (Dollar),,,,,,,,,,,,,17059055.5268
1545609600000,2018-12-24,Bridged Token Value (Dollar),,,,,,,,,,,,,17059055.5268
1545696000000,2018-12-25,Bridged Token Value (Dollar),,,,,,,,,,,,,17059055.5268
1545782400000,2018-12-26,Bridged Token Value (Dollar),,,,,,,,,,,,,17059055.5268
1545868800000,2018-12-27,Bridged Token Value (Dollar),,,,,,,,,,,,,17059055.5268
1545955200000,2018-12-28,Bridged Token Value (Dollar),,,,,,,,,,,,,17059055.5268
1546041600000,2018-12-29,Bridged Token Value (Dollar),,,,,,,,,,,,,17059055.5268
1546128000000,2018-12-30,Bridged Token Value (Dollar),,,,,,,,,,,,,17059055.5268
1546214400000,2018-12-31,Bridged Token Value (Dollar),,,,,,,,,,,,,15460085.4584
1546300800000,2019-01-01,Bridged Token Value (Dollar),,,,,,,,,,,,,15460085.4584
1546387200000,2019-01-02,Bridged Token Value (Dollar),,,,,,,,,,,,,15460085.4584
1546473600000,2019-01-03,Bridged Token Value (Dollar),,,,,,,,,,,,,15460085.4584
1546560000000,2019-01-04,Bridged Token Value (Dollar),,,,,,,,,,,,,15460085.4584
1546646400000,2019-01-05,Bridged Token Value (Dollar),,,,,,,,,,,,,15460085.4584
1546732800000,2019-01-06,Bridged Token Value (Dollar),,,,,,,,,,,,,15460085.4584
1546819200000,2019-01-07,Bridged Token Value (Dollar),,,,,,,,,,,,,15460085.4584
1546905600000,2019-01-08,Bridged Token Value (Dollar),,,,,,,,,,,,,15460085.4584
1546992000000,2019-01-09,Bridged Token Value (Dollar),,,,,,,,,,,,,15460085.4584
1547078400000,2019-01-10,Bridged Token Value (Dollar),,,,,,,,,,,,,15460085.4584
1547164800000,2019-01-11,Bridged Token Value (Dollar),,,,,,,,,,,,,15460085.4584
1547251200000,2019-01-12,Bridged Token Value (Dollar),,,,,,,,,,,,,15460085.4584
1547337600000,2019-01-13,Bridged Token Value (Dollar),,,,,,,,,,,,,15460085.4584
1547424000000,2019-01-14,Bridged Token Value (Dollar),,,,,,,,,,,,,15460085.4584
1547510400000,2019-01-15,Bridged Token Value (Dollar),,,,,,,,,,,,,15460085.4584
1547596800000,2019-01-16,Bridged Token Value (Dollar),,,,,,,,,,,,,15826885.458400002
1547683200000,2019-01-17,Bridged Token Value (Dollar),,,,,,,,,,,,,15826885.458400002
1547769600000,2019-01-18,Bridged Token Value (Dollar),,,,,,,,,,,,,15826885.458400002
1547856000000,2019-01-19,Bridged Token Value (Dollar),,,,,,,,,,,,,15826885.458400002
1547942400000,2019-01-20,Bridged Token Value (Dollar),,,,,,,,,,,,,15826885.458400002
1548028800000,2019-01-21,Bridged Token Value (Dollar),,,,,,,,,,,,,15826885.458400002
1548115200000,2019-01-22,Bridged Token Value (Dollar),,,,,,,,,,,,,15826885.458400002
1548201600000,2019-01-23,Bridged Token Value (Dollar),,,,,,,,,,,,,15826885.458400002
1548288000000,2019-01-24,Bridged Token Value (Dollar),,,,,,,,,,,,,15826885.458400002
1548374400000,2019-01-25,Bridged Token Value (Dollar),,,,,,,,,,,,,15826885.458400002
1548460800000,2019-01-26,Bridged Token Value (Dollar),,,,,,,,,,,,,15826885.458400002
1548547200000,2019-01-27,Bridged Token Value (Dollar),,,,,,,,,,,,,15826885.458400002
1548633600000,2019-01-28,Bridged Token Value (Dollar),,,,,,,,,,,,,15826885.458400002
1548720000000,2019-01-29,Bridged Token Value (Dollar),,,,,,,,,,,,,15826885.458400002
1548806400000,2019-01-30,Bridged Token Value (Dollar),,,,,,,,,,,,,15826885.458400002
1548892800000,2019-01-31,Bridged Token Value (Dollar),,,,,,,,,,,,,15826885.458400002
1548979200000,2019-02-01,Bridged Token Value (Dollar),,,,,,,,,,,,,15826885.458400002
1549065600000,2019-02-02,Bridged Token Value (Dollar),,,,,,,,,,,,,15826885.458400002
1549152000000,2019-02-03,Bridged Token Value (Dollar),,,,,,,,,,,,,15826885.458400002
1549238400000,2019-02-04,Bridged Token Value (Dollar),,,,,,,,,,,,,15826885.458400002
1549324800000,2019-02-05,Bridged Token Value (Dollar),,,,,,,,,,,,,15826885.458400002
1549411200000,2019-02-06,Bridged Token Value (Dollar),,,,,,,,,,,,,15826885.458400002
1549497600000,2019-02-07,Bridged Token Value (Dollar),,,,,,,,,,,,,15826885.458400002
1549584000000,2019-02-08,Bridged Token Value (Dollar),,,,,,,,,,,,,15826885.458400002
1549670400000,2019-02-09,Bridged Token Value (Dollar),,,,,,,,,,,,,15826885.458400002
1549756800000,2019-02-10,Bridged Token Value (Dollar),,,,,,,,,,,,,15826885.458400002
1549843200000,2019-02-11,Bridged Token Value (Dollar),,,,,,,,,,,,,15826885.458400002
1549929600000,2019-02-12,Bridged Token Value (Dollar),,,,,,,,,,,,,15835006.148400001
1550016000000,2019-02-13,Bridged Token Value (Dollar),,,,,,,,,,,,,15835006.148400001
1550102400000,2019-02-14,Bridged Token Value (Dollar),,,,,,,,,,,,,15835006.148400001
1550188800000,2019-02-15,Bridged Token Value (Dollar),,,,,,,,,,,,,15835006.148400001
1550275200000,2019-02-16,Bridged Token Value (Dollar),,,,,,,,,,,,,15835006.148400001
1550361600000,2019-02-17,Bridged Token Value (Dollar),,,,,,,,,,,,,15835006.148400001
1550448000000,2019-02-18,Bridged Token Value (Dollar),,,,,,,,,,,,,15835006.148400001
1550534400000,2019-02-19,Bridged Token Value (Dollar),,,,,,,,,,,,,15835006.148400001
1550620800000,2019-02-20,Bridged Token Value (Dollar),,,,,,,,,,,,,15835006.148400001
1550707200000,2019-02-21,Bridged Token Value (Dollar),,,,,,,,,,,,,15835006.148400001
1550793600000,2019-02-22,Bridged Token Value (Dollar),,,,,,,,,,,,,15835006.148400001
1550880000000,2019-02-23,Bridged Token Value (Dollar),,,,,,,,,,,,,15835006.148400001
1550966400000,2019-02-24,Bridged Token Value (Dollar),,,,,,,,,,,,,15835006.148400001
1551052800000,2019-02-25,Bridged Token Value (Dollar),,,,,,,,,,,,,15835006.148400001
1551139200000,2019-02-26,Bridged Token Value (Dollar),,,,,,,,,,,,,15835006.148400001
1551225600000,2019-02-27,Bridged Token Value (Dollar),,,,,,,,,,,,,15835006.148400001
1551312000000,2019-02-28,Bridged Token Value (Dollar),,,,,,,,,,,,,15835006.148400001
1551398400000,2019-03-01,Bridged Token Value (Dollar),,,,,,,,,,,,,15835006.148400001
1551484800000,2019-03-02,Bridged Token Value (Dollar),,,,,,,,,,,,,15835006.148400001
1551571200000,2019-03-03,Bridged Token Value (Dollar),,,,,,,,,,,,,15835006.148400001
1551657600000,2019-03-04,Bridged Token Value (Dollar),,,,,,,,,,,,,16713916.488400001
1551744000000,2019-03-05,Bridged Token Value (Dollar),,,,,,,,,,,,,16713916.488400001
1551830400000,2019-03-06,Bridged Token Value (Dollar),,,,,,,,,,,,,16713916.488400001
1551916800000,2019-03-07,Bridged Token Value (Dollar),,,,,,,,,,,,,16713916.488400001
1552003200000,2019-03-08,Bridged Token Value (Dollar),,,,,,,,,,,,,16713916.488400001
1552089600000,2019-03-09,Bridged Token Value (Dollar),,,,,,,,,,,,,16713916.488400001
1552176000000,2019-03-10,Bridged Token Value (Dollar),,,,,,,,,,,,,16713916.488400001
1552262400000,2019-03-11,Bridged Token Value (Dollar),,,,,,,,,,,,,16713916.488400001
1552348800000,2019-03-12,Bridged Token Value (Dollar),,,,,,,,,,,,,16713916.488400001
1552435200000,2019-03-13,Bridged Token Value (Dollar),,,,,,,,,,,,,16713916.488400001
1552521600000,2019-03-14,Bridged Token Value (Dollar),,,,,,,,,,,,,16713916.488400001
1552608000000,2019-03-15,Bridged Token Value (Dollar),,,,,,,,,,,,,16713916.488400001
1552694400000,2019-03-16,Bridged Token Value (Dollar),,,,,,,,,,,,,16713916.488400001
1552780800000,2019-03-17,Bridged Token Value (Dollar),,,,,,,,,,,,,16713916.488400001
1552867200000,2019-03-18,Bridged Token Value (Dollar),,,,,,,,,,,,,16713916.488400001
1552953600000,2019-03-19,Bridged Token Value (Dollar),,,,,,,,,,,,,16713916.488400001
1553040000000,2019-03-20,Bridged Token Value (Dollar),,,,,,,,,,,,,16713916.488400001
1553126400000,2019-03-21,Bridged Token Value (Dollar),,,,,,,,,,,,,16713916.488400001
1553212800000,2019-03-22,Bridged Token Value (Dollar),,,,,,,,,,,,,16713916.488400001
1553299200000,2019-03-23,Bridged Token Value (Dollar),,,,,,,,,,,,,16713916.488400001
1553385600000,2019-03-24,Bridged Token Value (Dollar),,,,,,,,,,,,,16713916.488400001
1553472000000,2019-03-25,Bridged Token Value (Dollar),,,,,,,,,,,,,16713916.488400001
1553558400000,2019-03-26,Bridged Token Value (Dollar),,,,,,,,,,,,,16713916.488400001
1553644800000,2019-03-27,Bridged Token Value (Dollar),,,,,,,,,,,,,16713916.488400001
1553731200000,2019-03-28,Bridged Token Value (Dollar),,,,,,,,,,,,,16713916.488400001
1553817600000,2019-03-29,Bridged Token Value (Dollar),,,,,,,,,,,,,16713916.488400001
1553904000000,2019-03-30,Bridged Token Value (Dollar),,,,,,,,,,,,,16713916.488400001
1553990400000,2019-03-31,Bridged Token Value (Dollar),,,,,,,,,,,,,16748559.912
1554076800000,2019-04-01,Bridged Token Value (Dollar),,,,,,,,,,,,,16748559.912
1554163200000,2019-04-02,Bridged Token Value (Dollar),,,,,,,,,,,,,16755098.912
1554249600000,2019-04-03,Bridged Token Value (Dollar),,,,,,,,,,,,,16755098.912
1554336000000,2019-04-04,Bridged Token Value (Dollar),,,,,,,,,,,,,16755098.912
1554422400000,2019-04-05,Bridged Token Value (Dollar),,,,,,,,,,,,,16755098.912
1554508800000,2019-04-06,Bridged Token Value (Dollar),,,,,,,,,,,,,16755098.912
1554595200000,2019-04-07,Bridged Token Value (Dollar),,,,,,,,,,,,,16755098.912
1554681600000,2019-04-08,Bridged Token Value (Dollar),,,,,,,,,,,,,16755098.912
1554768000000,2019-04-09,Bridged Token Value (Dollar),,,,,,,,,,,,,16755098.912
1554854400000,2019-04-10,Bridged Token Value (Dollar),,,,,,,,,,,,,16755098.912
1554940800000,2019-04-11,Bridged Token Value (Dollar),,,,,,,,,,,,,16755098.912
1555027200000,2019-04-12,Bridged Token Value (Dollar),,,,,,,,,,,,,16755098.912
1555113600000,2019-04-13,Bridged Token Value (Dollar),,,,,,,,,,,,,16755098.912
1555200000000,2019-04-14,Bridged Token Value (Dollar),,,,,,,,,,,,,16755098.912
1555286400000,2019-04-15,Bridged Token Value (Dollar),,,,,,,,,,,,,16755098.912
1555372800000,2019-04-16,Bridged Token Value (Dollar),,,,,,,,,,,,,16755098.912
1555459200000,2019-04-17,Bridged Token Value (Dollar),,,,,,,,,,,,,16755098.912
1555545600000,2019-04-18,Bridged Token Value (Dollar),,,,,,,,,,,,,16755098.912
1555632000000,2019-04-19,Bridged Token Value (Dollar),,,,,,,,,,,,,16755098.912
1555718400000,2019-04-20,Bridged Token Value (Dollar),,,,,,,,,,,,,16755098.912
1555804800000,2019-04-21,Bridged Token Value (Dollar),,,,,,,,,,,,,16755098.912
1555891200000,2019-04-22,Bridged Token Value (Dollar),,,,,,,,,,,,,16755098.912
1555977600000,2019-04-23,Bridged Token Value (Dollar),,,,,,,,,,,,,16755098.912
1556064000000,2019-04-24,Bridged Token Value (Dollar),,,,,,,,,,,,,16755098.912
1556150400000,2019-04-25,Bridged Token Value (Dollar),,,,,,,,,,,,,16755098.912
1556236800000,2019-04-26,Bridged Token Value (Dollar),,,,,,,,,,,,,16755098.912
1556323200000,2019-04-27,Bridged Token Value (Dollar),,,,,,,,,,,,,16755098.912
1556409600000,2019-04-28,Bridged Token Value (Dollar),,,,,,,,,,,,,16755098.912
1556496000000,2019-04-29,Bridged Token Value (Dollar),,,,,,,,,,,,,16755098.912
1556582400000,2019-04-30,Bridged Token Value (Dollar),,,,,,,,,,,,,16755098.912
1556668800000,2019-05-01,Bridged Token Value (Dollar),,,,,,,,,,,,,16755098.912
1556755200000,2019-05-02,Bridged Token Value (Dollar),,,,,,,,,,,,,16756203.912
1556841600000,2019-05-03,Bridged Token Value (Dollar),,,,,,,,,,,,,16756203.912
1556928000000,2019-05-04,Bridged Token Value (Dollar),,,,,,,,,,,,,17371043.112
1557014400000,2019-05-05,Bridged Token Value (Dollar),,,,,,,,,,,,,17371043.112
1557100800000,2019-05-06,Bridged Token Value (Dollar),,,,,,,,,,,,,17371043.112
1557187200000,2019-05-07,Bridged Token Value (Dollar),,,,,,,,,,,,,17371043.112
1557273600000,2019-05-08,Bridged Token Value (Dollar),,,,,,,,,,,,,17499528.072
1557360000000,2019-05-09,Bridged Token Value (Dollar),,,,,,,,,,,,,17512528.072
1557446400000,2019-05-10,Bridged Token Value (Dollar),,,,,,,,,,,,,17512528.072
1557532800000,2019-05-11,Bridged Token Value (Dollar),,,,,,,,,,,,,17512528.072
1557619200000,2019-05-12,Bridged Token Value (Dollar),,,,,,,,,,,,,17512528.072
1557705600000,2019-05-13,Bridged Token Value (Dollar),,,,,,,,,,,,,17512528.072
1557792000000,2019-05-14,Bridged Token Value (Dollar),,,,,,,,,,,,,17512690.792
1557878400000,2019-05-15,Bridged Token Value (Dollar),,,,,,,,,,,,,17512690.792
1557964800000,2019-05-16,Bridged Token Value (Dollar),,,,,,,,,,,,,17512690.792
1558051200000,2019-05-17,Bridged Token Value (Dollar),,,,,,,,,,,,,17512690.792
1558137600000,2019-05-18,Bridged Token Value (Dollar),,,,,,,,,,,,,17512690.792
1558224000000,2019-05-19,Bridged Token Value (Dollar),,,,,,,,,,,,,17512690.792
1558310400000,2019-05-20,Bridged Token Value (Dollar),,,,,,,,,,,,,17512690.792
1558396800000,2019-05-21,Bridged Token Value (Dollar),,,,,,,,,,,,,17512690.792
1558483200000,2019-05-22,Bridged Token Value (Dollar),,,,,,,,,,,,,17512690.792
1558569600000,2019-05-23,Bridged Token Value (Dollar),,,,,,,,,,,,,17512690.792
1558656000000,2019-05-24,Bridged Token Value (Dollar),,,,,,,,,,,,,17512690.792
1558742400000,2019-05-25,Bridged Token Value (Dollar),,,,,,,,,,,,,17512690.792
1558828800000,2019-05-26,Bridged Token Value (Dollar),,,,,,,,,,,,,17512690.792
1558915200000,2019-05-27,Bridged Token Value (Dollar),,,,,,,,,,,,,17512690.792
1559001600000,2019-05-28,Bridged Token Value (Dollar),,,,,,,,,,,,,17512690.792
1559088000000,2019-05-29,Bridged Token Value (Dollar),,,,,,,,,,,,,17512690.792
1559174400000,2019-05-30,Bridged Token Value (Dollar),,,,,,,,,,,,,17512690.792
1559260800000,2019-05-31,Bridged Token Value (Dollar),,,,,,,,,,,,,17512690.792
1559347200000,2019-06-01,Bridged Token Value (Dollar),,,,,,,,,,,,,17512690.792
1559433600000,2019-06-02,Bridged Token Value (Dollar),,,,,,,,,,,,,17512690.792
1559520000000,2019-06-03,Bridged Token Value (Dollar),,,,,,,,,,,,,17512690.792
1559606400000,2019-06-04,Bridged Token Value (Dollar),,,,,,,,,,,,,17512690.792
1559692800000,2019-06-05,Bridged Token Value (Dollar),,,,,,,,,,,,,17512985.992
1559779200000,2019-06-06,Bridged Token Value (Dollar),,,,,,,,,,,,,17513405.512000002
1559865600000,2019-06-07,Bridged Token Value (Dollar),,,,,,,,,,,,,17513405.512000002
1559952000000,2019-06-08,Bridged Token Value (Dollar),,,,,,,,,,,,,17513405.512000002
1560038400000,2019-06-09,Bridged Token Value (Dollar),,,,,,,,,,,,,17513405.512000002
1560124800000,2019-06-10,Bridged Token Value (Dollar),,,,,,,,,,,,,17513405.512000002
1560211200000,2019-06-11,Bridged Token Value (Dollar),,,,,,,,,,,,,17788185.832000002
1560297600000,2019-06-12,Bridged Token Value (Dollar),,,,,,,,,,,,,17788185.832000002
1560384000000,2019-06-13,Bridged Token Value (Dollar),,,,,,,,,,,,,17788185.832000002
1560470400000,2019-06-14,Bridged Token Value (Dollar),,,,,,,,,,,,,17789146.312
1560556800000,2019-06-15,Bridged Token Value (Dollar),,,,,,,,,,,,,17789146.312
1560643200000,2019-06-16,Bridged Token Value (Dollar),,,,,,,,,,,,,17789146.312
1560729600000,2019-06-17,Bridged Token Value (Dollar),,,,,,,,,,,,,17789146.312
1560816000000,2019-06-18,Bridged Token Value (Dollar),,,,,,,,,,,,,17789146.312
1560902400000,2019-06-19,Bridged Token Value (Dollar),,,,,,,,,,,,,17789146.312
1560988800000,2019-06-20,Bridged Token Value (Dollar),,,,,,,,,,,,,17789146.312
1561075200000,2019-06-21,Bridged Token Value (Dollar),,,,,,,,,,,,,17789146.312
1561161600000,2019-06-22,Bridged Token Value (Dollar),,,,,,,,,,,,,17789146.312
1561248000000,2019-06-23,Bridged Token Value (Dollar),,,,,,,,,,,,,17789146.312
1561334400000,2019-06-24,Bridged Token Value (Dollar),,,,,,,,,,,,,17789146.312
1561420800000,2019-06-25,Bridged Token Value (Dollar),,,,,,,,,,,,,17789146.312
1561507200000,2019-06-26,Bridged Token Value (Dollar),,,,,,,,,,,,,17789146.312
1561593600000,2019-06-27,Bridged Token Value (Dollar),,,,,,,,,,,,,17789146.312
1561680000000,2019-06-28,Bridged Token Value (Dollar),,,,,,,,,,,,,17789146.312
1561766400000,2019-06-29,Bridged Token Value (Dollar),,,,,,,,,,,,,17789146.312
1561852800000,2019-06-30,Bridged Token Value (Dollar),,,,,,,,,,,,,19506041.1948
1561939200000,2019-07-01,Bridged Token Value (Dollar),,,,,,,,,,,,,19506041.1948
1562025600000,2019-07-02,Bridged Token Value (Dollar),,,,,,,,,,,9750,,19506041.1948
1562112000000,2019-07-03,Bridged Token Value (Dollar),,,,,,,,,,,2037308.6500000001,,19506041.1948
1562198400000,2019-07-04,Bridged Token Value (Dollar),,,,,,,,,,,2037308.6500000001,,19506041.1948
1562284800000,2019-07-05,Bridged Token Value (Dollar),,,,,,,,,,,2037308.6500000001,,19506041.1948
1562371200000,2019-07-06,Bridged Token Value (Dollar),,,,,,,,,,,2037308.6500000001,,19506041.1948
1562457600000,2019-07-07,Bridged Token Value (Dollar),,,,,,,,,,,2037308.6500000001,,19506041.1948
1562544000000,2019-07-08,Bridged Token Value (Dollar),,,,,,,,,,,2037308.6500000001,,19506041.1948
1562630400000,2019-07-09,Bridged Token Value (Dollar),,,,,,,,,,,2037308.6500000001,,19506041.1948
1562716800000,2019-07-10,Bridged Token Value (Dollar),,,,,,,,,,,2037308.6500000001,,19506041.1948
1562803200000,2019-07-11,Bridged Token Value (Dollar),,,,,,,,,,,2037308.6500000001,,19506041.1948
1562889600000,2019-07-12,Bridged Token Value (Dollar),,,,,,,,,,,2037308.6500000001,,19506041.1948
1562976000000,2019-07-13,Bridged Token Value (Dollar),,,,,,,,,,,2037308.6500000001,,19506041.1948
1563062400000,2019-07-14,Bridged Token Value (Dollar),,,,,,,,,,,2037308.6500000001,,19506041.1948
1563148800000,2019-07-15,Bridged Token Value (Dollar),,,,,,,,,,,2037308.6500000001,,19506041.1948
1563235200000,2019-07-16,Bridged Token Value (Dollar),,,,,,,,,,,2037308.6500000001,,19506041.1948
1563321600000,2019-07-17,Bridged Token Value (Dollar),,,,,,,,,,,2037308.6500000001,,19506041.1948
1563408000000,2019-07-18,Bridged Token Value (Dollar),,,,,,,,,,,2037308.6500000001,,19506041.1948
1563494400000,2019-07-19,Bridged Token Value (Dollar),,,,,,,,,,,2037308.6500000001,,19685509.164800003
1563580800000,2019-07-20,Bridged Token Value (Dollar),,,,,,,,,,,2037308.6500000001,,19685509.164800003
1563667200000,2019-07-21,Bridged Token Value (Dollar),,,,,,,,,,,2037308.6500000001,,19777709.6448
1563753600000,2019-07-22,Bridged Token Value (Dollar),,,,,,,,,,,2037308.6500000001,,19901824.4048
1563840000000,2019-07-23,Bridged Token Value (Dollar),,,,,,,,,,,2037308.6500000001,,19901824.4048
1563926400000,2019-07-24,Bridged Token Value (Dollar),,,,,,,,,,,2037308.6500000001,,19909741.024800003
1564012800000,2019-07-25,Bridged Token Value (Dollar),,,,,,,,,,,2037308.6500000001,,20160102.2148
1564099200000,2019-07-26,Bridged Token Value (Dollar),,,,,,,,,,,2037308.6500000001,,20160102.2148
1564185600000,2019-07-27,Bridged Token Value (Dollar),,,,,,,,,,,2037308.6500000001,,20160102.2148
1564272000000,2019-07-28,Bridged Token Value (Dollar),,,,,,,,,,,2037308.6500000001,,20160102.2148
1564358400000,2019-07-29,Bridged Token Value (Dollar),,,,,,,,,,,2037308.6500000001,,20160102.2148
1564444800000,2019-07-30,Bridged Token Value (Dollar),,,,,,,,,,,2037308.6500000001,,20160102.2148
1564531200000,2019-07-31,Bridged Token Value (Dollar),,,,,,,,,,,2037308.6500000001,,20160102.2148
1564617600000,2019-08-01,Bridged Token Value (Dollar),,,,,,,,,,,2037308.6500000001,,20160444.414800003
1564704000000,2019-08-02,Bridged Token Value (Dollar),,,,,,,,,,,2037308.6500000001,,20160444.414800003
1564790400000,2019-08-03,Bridged Token Value (Dollar),,,,,,,,,,,2037308.6500000001,,20160444.414800003
1564876800000,2019-08-04,Bridged Token Value (Dollar),,,,,,,,,,,2037308.6500000001,,20160444.414800003
1564963200000,2019-08-05,Bridged Token Value (Dollar),,,,,,,,,,,2037308.6500000001,,20160444.414800003
1565049600000,2019-08-06,Bridged Token Value (Dollar),,,,,,,,,,,2037308.6500000001,,20107641.774800003
1565136000000,2019-08-07,Bridged Token Value (Dollar),,,,,,,,,,,2037308.6500000001,,20108420.5748
1565222400000,2019-08-08,Bridged Token Value (Dollar),,,,,,,,,,,2037308.6500000001,,20108420.5748
1565308800000,2019-08-09,Bridged Token Value (Dollar),,,,,,,,,,,2037308.6500000001,,20114072.774800003
1565395200000,2019-08-10,Bridged Token Value (Dollar),,,,,,,,,,,2037308.6500000001,,20114072.774800003
1565481600000,2019-08-11,Bridged Token Value (Dollar),,,,,,,,,,,2037308.6500000001,,20114072.774800003
1565568000000,2019-08-12,Bridged Token Value (Dollar),,,,,,,,,,,2168408.45,,20129729.6048
1565654400000,2019-08-13,Bridged Token Value (Dollar),,,,,,,,,,,2168408.45,,20207928.7948
1565740800000,2019-08-14,Bridged Token Value (Dollar),,,,,,,,,,,2168408.45,,20207928.7948
1565827200000,2019-08-15,Bridged Token Value (Dollar),,,,,,,,,,,2168408.45,,20207928.7948
1565913600000,2019-08-16,Bridged Token Value (Dollar),,,,,,,,,,,2168408.45,,20207928.7948
1566000000000,2019-08-17,Bridged Token Value (Dollar),,,,,,,,,,,2168408.45,,20207928.7948
1566086400000,2019-08-18,Bridged Token Value (Dollar),,,,,,,,,,,2168408.45,,20207928.7948
1566172800000,2019-08-19,Bridged Token Value (Dollar),,,,,,,,,,,2168408.45,,20207928.7948
1566259200000,2019-08-20,Bridged Token Value (Dollar),,,,,,,,,,,2168408.45,,20207928.7948
1566345600000,2019-08-21,Bridged Token Value (Dollar),,,,,,,,,,,2168408.45,,20207928.7948
1566432000000,2019-08-22,Bridged Token Value (Dollar),,,,,,,,,,,2168408.45,,20207928.7948
1566518400000,2019-08-23,Bridged Token Value (Dollar),,,,,,,,,,,2168408.45,,20207928.7948
1566604800000,2019-08-24,Bridged Token Value (Dollar),,,,,,,,,,,2168408.45,,20207928.7948
1566691200000,2019-08-25,Bridged Token Value (Dollar),,,,,,,,,,,2168408.45,,20207928.7948
1566777600000,2019-08-26,Bridged Token Value (Dollar),,,,,,,,,,,2168408.45,,20207928.7948
1566864000000,2019-08-27,Bridged Token Value (Dollar),,,,,,,,,,,2168408.45,,20207928.7948
1566950400000,2019-08-28,Bridged Token Value (Dollar),,,,,,,,,,,2168408.45,,20207928.7948
1567036800000,2019-08-29,Bridged Token Value (Dollar),,,,,,,,,,,2168408.45,,20207928.7948
1567123200000,2019-08-30,Bridged Token Value (Dollar),,,,,,,,,,,2168408.45,,20207928.7948
1567209600000,2019-08-31,Bridged Token Value (Dollar),,,,,,,,,,,2168408.45,,20207928.7948
1567296000000,2019-09-01,Bridged Token Value (Dollar),,,,,,,,,,,2168408.45,,20207928.7948
1567382400000,2019-09-02,Bridged Token Value (Dollar),,,,,,,,,,,2168408.45,,20207928.7948
1567468800000,2019-09-03,Bridged Token Value (Dollar),,,,,,,,,,,2168408.45,,20207928.7948
1567555200000,2019-09-04,Bridged Token Value (Dollar),,,,,,,,,,,2168408.45,,20207928.7948
1567641600000,2019-09-05,Bridged Token Value (Dollar),,,,,,,,,,,2168408.45,,20207928.7948
1567728000000,2019-09-06,Bridged Token Value (Dollar),,,,,,,,,,,2168408.45,,20207928.7948
1567814400000,2019-09-07,Bridged Token Value (Dollar),,,,,,,,,,,2168408.45,,20207928.7948
1567900800000,2019-09-08,Bridged Token Value (Dollar),,,,,,,,,,,2177614.4,,20224428.7948
1567987200000,2019-09-09,Bridged Token Value (Dollar),,,,,,,,,,,2177614.4,,20226029.954800002
1568073600000,2019-09-10,Bridged Token Value (Dollar),,,,,,,,,,,2177614.4,,20226029.954800002
1568160000000,2019-09-11,Bridged Token Value (Dollar),,,,,,,,,,,2177614.4,,20226029.954800002
1568246400000,2019-09-12,Bridged Token Value (Dollar),,,,,,,,,,,2177614.4,,20226029.954800002
1568332800000,2019-09-13,Bridged Token Value (Dollar),,,,,,,,,,,2177614.4,,20226029.954800002
1568419200000,2019-09-14,Bridged Token Value (Dollar),,,,,,,,,,,2177614.4,,20226029.954800002
1568505600000,2019-09-15,Bridged Token Value (Dollar),,,,,,,,,,,2177614.4,,20226029.954800002
1568592000000,2019-09-16,Bridged Token Value (Dollar),,,,,,,,,,,2177614.4,,20226029.954800002
1568678400000,2019-09-17,Bridged Token Value (Dollar),,,,,,,,,,,2177614.4,,20226029.954800002
1568764800000,2019-09-18,Bridged Token Value (Dollar),,,,,,,,,,,2177614.4,,20226029.954800002
1568851200000,2019-09-19,Bridged Token Value (Dollar),,,,,,,,,,,2177614.4,,20226029.954800002
1568937600000,2019-09-20,Bridged Token Value (Dollar),,,,,,,,,,,2177614.4,,20226029.954800002
1569024000000,2019-09-21,Bridged Token Value (Dollar),,,,,,,,,,,2177614.4,,20226029.954800002
1569110400000,2019-09-22,Bridged Token Value (Dollar),,,,,,,,,,,2177614.4,,20226029.954800002
1569196800000,2019-09-23,Bridged Token Value (Dollar),,,,,,,,,,,2177614.4,,20226029.954800002
1569283200000,2019-09-24,Bridged Token Value (Dollar),,,,,,,,,,,2177614.4,,20226029.954800002
1569369600000,2019-09-25,Bridged Token Value (Dollar),,,,,,,,,,,2177614.4,,20226029.954800002
1569456000000,2019-09-26,Bridged Token Value (Dollar),,,,,,,,,,,2177614.4,,20226029.954800002
1569542400000,2019-09-27,Bridged Token Value (Dollar),,,,,,,,,,,2177614.4,,20226029.954800002
1569628800000,2019-09-28,Bridged Token Value (Dollar),,,,,,,,,,,2177614.4,,20226029.954800002
1569715200000,2019-09-29,Bridged Token Value (Dollar),,,,,,,,,,,2177614.4,,20226029.954800002
1569801600000,2019-09-30,Bridged Token Value (Dollar),,,,,,,,,,,1976603.8399999999,,18691684.2548
1569888000000,2019-10-01,Bridged Token Value (Dollar),,,,,,,,,,,1976603.8399999999,,18691684.2548
1569974400000,2019-10-02,Bridged Token Value (Dollar),,,,,,,,,,,1976603.8399999999,,18691684.2548
1570060800000,2019-10-03,Bridged Token Value (Dollar),,,,,,,,,,,1976603.8399999999,,18691684.2548
1570147200000,2019-10-04,Bridged Token Value (Dollar),,,,,,,,,,,1976603.8399999999,,18691684.2548
1570233600000,2019-10-05,Bridged Token Value (Dollar),,,,,,,,,,,1976603.8399999999,,18691684.2548
1570320000000,2019-10-06,Bridged Token Value (Dollar),,,,,,,,,,,1976603.8399999999,,18691684.2548
1570406400000,2019-10-07,Bridged Token Value (Dollar),,,,,,,,,,,1976603.8399999999,,18691684.2548
1570492800000,2019-10-08,Bridged Token Value (Dollar),,,,,,,,,,,1976603.8399999999,,18691684.2548
1570579200000,2019-10-09,Bridged Token Value (Dollar),,,,,,,,,,,1976603.8399999999,,18691684.2548
1570665600000,2019-10-10,Bridged Token Value (Dollar),,,,,,,,,,,1976603.8399999999,,18691684.2548
1570752000000,2019-10-11,Bridged Token Value (Dollar),,,,,,,,,,,1976603.8399999999,,18691684.2548
1570838400000,2019-10-12,Bridged Token Value (Dollar),,,,,,,,,,,1976603.8399999999,,18691684.2548
1570924800000,2019-10-13,Bridged Token Value (Dollar),,,,,,,,,,,1976603.8399999999,,18691684.2548
1571011200000,2019-10-14,Bridged Token Value (Dollar),,,,,,,,,,,1976603.8399999999,,18691684.2548
1571097600000,2019-10-15,Bridged Token Value (Dollar),,,,,,,,,,,1976603.8399999999,,18691684.2548
1571184000000,2019-10-16,Bridged Token Value (Dollar),,,,,,,,,,,1976603.8399999999,,18691684.2548
1571270400000,2019-10-17,Bridged Token Value (Dollar),,,,,,,,,,,1976603.8399999999,,18691684.2548
1571356800000,2019-10-18,Bridged Token Value (Dollar),,,,,,,,,,,1976603.8399999999,,18691684.2548
1571443200000,2019-10-19,Bridged Token Value (Dollar),,,,,,,,,,,1976603.8399999999,,18691684.2548
1571529600000,2019-10-20,Bridged Token Value (Dollar),,,,,,,,,,,1976603.8399999999,,18691684.2548
1571616000000,2019-10-21,Bridged Token Value (Dollar),,,,,,,,,,,1976603.8399999999,,18691684.2548
1571702400000,2019-10-22,Bridged Token Value (Dollar),,,,,,,,,,,1976603.8399999999,,18691684.2548
1571788800000,2019-10-23,Bridged Token Value (Dollar),,,,,,,,,,,1976603.8399999999,,18691684.2548
1571875200000,2019-10-24,Bridged Token Value (Dollar),,,,,,,,,,,1976603.8399999999,,18691684.2548
1571961600000,2019-10-25,Bridged Token Value (Dollar),,,,,,,,,,,1976603.8399999999,,18691684.2548
1572048000000,2019-10-26,Bridged Token Value (Dollar),,,,,,,,,,,1976603.8399999999,,18691684.2548
1572134400000,2019-10-27,Bridged Token Value (Dollar),,,,,,,,,,,1976603.8399999999,,18691684.2548
1572220800000,2019-10-28,Bridged Token Value (Dollar),,,,,,,,,,,1976603.8399999999,,18691684.2548
1572307200000,2019-10-29,Bridged Token Value (Dollar),,,,,,,,,,,1976603.8399999999,,18691684.2548
1572393600000,2019-10-30,Bridged Token Value (Dollar),,,,,,,,,,,1976603.8399999999,,18691684.2548
1572480000000,2019-10-31,Bridged Token Value (Dollar),,,,,,,,,,,1976603.8399999999,,18691684.2548
1572566400000,2019-11-01,Bridged Token Value (Dollar),,,,,,,,,,,1976603.8399999999,,18691684.2548
1572652800000,2019-11-02,Bridged Token Value (Dollar),,,,,,,,,,,1976603.8399999999,,18691684.2548
1572739200000,2019-11-03,Bridged Token Value (Dollar),,,,,,,,,,,1976603.8399999999,,18691684.2548
1572825600000,2019-11-04,Bridged Token Value (Dollar),,,,,,,,,,,1976603.8399999999,,18691684.2548
1572912000000,2019-11-05,Bridged Token Value (Dollar),,,,,,,,,,,1976603.8399999999,,18691684.2548
1572998400000,2019-11-06,Bridged Token Value (Dollar),,,,,,,,,,,1976603.8399999999,,18691684.2548
1573084800000,2019-11-07,Bridged Token Value (Dollar),,,,,,,,,,,1976603.8399999999,,18691684.2548
1573171200000,2019-11-08,Bridged Token Value (Dollar),,,,,,,,,,,1976603.8399999999,,18691684.2548
1573257600000,2019-11-09,Bridged Token Value (Dollar),,,,,,,,,,,1976603.8399999999,,18691684.2548
1573344000000,2019-11-10,Bridged Token Value (Dollar),,,,,,,,,,,1976603.8399999999,,18691684.2548
1573430400000,2019-11-11,Bridged Token Value (Dollar),,,,,,,,,,,1976603.8399999999,,18691684.2548
1573516800000,2019-11-12,Bridged Token Value (Dollar),,,,,,,,,,,1976603.8399999999,,18691684.2548
1573603200000,2019-11-13,Bridged Token Value (Dollar),,,,,,,,,,,1976603.8399999999,,18691684.2548
1573689600000,2019-11-14,Bridged Token Value (Dollar),,,,,,,,,,,1976603.8399999999,,18691684.2548
1573776000000,2019-11-15,Bridged Token Value (Dollar),,,,,,,,,,,1976603.8399999999,,18691684.2548
1573862400000,2019-11-16,Bridged Token Value (Dollar),,,,,,,,,,,1976603.8399999999,,18691684.2548
1573948800000,2019-11-17,Bridged Token Value (Dollar),,,,,,,,,,,1976603.8399999999,,18691684.2548
1574035200000,2019-11-18,Bridged Token Value (Dollar),,,,,,,,,,,1976603.8399999999,,18691684.2548
1574121600000,2019-11-19,Bridged Token Value (Dollar),,,,,,,,,,,1976603.8399999999,,18691684.2548
1574208000000,2019-11-20,Bridged Token Value (Dollar),,,,,,,,,,,1976603.8399999999,,18691994.4248
1574294400000,2019-11-21,Bridged Token Value (Dollar),,,,,,,,,,,1976603.8399999999,,18691994.4248
1574380800000,2019-11-22,Bridged Token Value (Dollar),,,,,,,,,,,1976603.8399999999,,18691994.4248
1574467200000,2019-11-23,Bridged Token Value (Dollar),,,,,,,,,,,1976603.8399999999,,18691994.4248
1574553600000,2019-11-24,Bridged Token Value (Dollar),,,,,,,,,,,1976603.8399999999,,18691994.4248
1574640000000,2019-11-25,Bridged Token Value (Dollar),,,,,,,,,,,1976603.8399999999,,18691994.4248
1574726400000,2019-11-26,Bridged Token Value (Dollar),,,,,,,,,,,1976603.8399999999,,18691994.4248
1574812800000,2019-11-27,Bridged Token Value (Dollar),,,,,,,,,,,1976603.8399999999,,18691994.4248
1574899200000,2019-11-28,Bridged Token Value (Dollar),,,,,,,,,,,1976603.8399999999,,18691994.4248
1574985600000,2019-11-29,Bridged Token Value (Dollar),,,,,,,,,,,1976603.8399999999,,18691994.4248
1575072000000,2019-11-30,Bridged Token Value (Dollar),,,,,,,,,,,1976603.8399999999,,18691994.4248
1575158400000,2019-12-01,Bridged Token Value (Dollar),,,,,,,,,,,1976603.8399999999,,18691994.4248
1575244800000,2019-12-02,Bridged Token Value (Dollar),,,,,,,,,,,1976603.8399999999,,18691994.4248
1575331200000,2019-12-03,Bridged Token Value (Dollar),,,,,,,,,,,1976603.8399999999,,18691994.4248
1575417600000,2019-12-04,Bridged Token Value (Dollar),,,,,,,,,,,1976603.8399999999,,18691994.4248
1575504000000,2019-12-05,Bridged Token Value (Dollar),,,,,,,,,,,1976603.8399999999,,18691994.4248
1575590400000,2019-12-06,Bridged Token Value (Dollar),,,,,,,,,,,1976603.8399999999,,18691994.4248
1575676800000,2019-12-07,Bridged Token Value (Dollar),,,,,,,,,,,1976603.8399999999,,18691994.4248
1575763200000,2019-12-08,Bridged Token Value (Dollar),,,,,,,,,,,1976603.8399999999,,18691994.4248
1575849600000,2019-12-09,Bridged Token Value (Dollar),,,,,,,,,,,2015126.1199999999,,18691994.4248
1575936000000,2019-12-10,Bridged Token Value (Dollar),,,,,,,,,,,2015126.1199999999,,18691994.4248
1576022400000,2019-12-11,Bridged Token Value (Dollar),,,,,,,,,,,2015126.1199999999,,18691994.4248
1576108800000,2019-12-12,Bridged Token Value (Dollar),,,,,,,,,,,2017935.7,,18691994.4248
1576195200000,2019-12-13,Bridged Token Value (Dollar),,,,,,,,,,,2017935.7,,18691994.4248
1576281600000,2019-12-14,Bridged Token Value (Dollar),,,,,,,,,,,2017935.7,,18691994.4248
1576368000000,2019-12-15,Bridged Token Value (Dollar),,,,,,,,,,,2017935.7,,18691994.4248
1576454400000,2019-12-16,Bridged Token Value (Dollar),,,,,,,,,,,2017935.7,,18691994.4248
1576540800000,2019-12-17,Bridged Token Value (Dollar),,,,,,,,,,,2017935.7,,18691994.4248
1576627200000,2019-12-18,Bridged Token Value (Dollar),,,,,,,,,,,2017935.7,,18691994.4248
1576713600000,2019-12-19,Bridged Token Value (Dollar),,,,,,,,,,,2017935.7,,18691994.4248
1576800000000,2019-12-20,Bridged Token Value (Dollar),,,,,,,,,,,2017935.7,,18691994.4248
1576886400000,2019-12-21,Bridged Token Value (Dollar),,,,,,,,,,,2017935.7,,18691994.4248
1576972800000,2019-12-22,Bridged Token Value (Dollar),,,,,,,,,,,2017935.7,,18691994.4248
1577059200000,2019-12-23,Bridged Token Value (Dollar),,,,,,,,,,,2017935.7,,18691994.4248
1577145600000,2019-12-24,Bridged Token Value (Dollar),,,,,,,,,,,2017935.7,,18691994.4248
1577232000000,2019-12-25,Bridged Token Value (Dollar),,,,,,,,,,,2017935.7,,18691994.4248
1577318400000,2019-12-26,Bridged Token Value (Dollar),,,,,,,,,,,2017935.7,,18691994.4248
1577404800000,2019-12-27,Bridged Token Value (Dollar),,,,,,,,,,,2017935.7,,18691994.4248
1577491200000,2019-12-28,Bridged Token Value (Dollar),,,,,,,,,,,2017935.7,,18691994.4248
1577577600000,2019-12-29,Bridged Token Value (Dollar),,,,,,,,,,,2017935.7,,18691994.4248
1577664000000,2019-12-30,Bridged Token Value (Dollar),,,,,,,,,,,2017935.7,,18691994.4248
1577750400000,2019-12-31,Bridged Token Value (Dollar),,,,,,,,,,,1846924.2000000002,,17617908.1248
1577836800000,2020-01-01,Bridged Token Value (Dollar),,,,,,,,,,,1846924.2000000002,,17617908.1248
1577923200000,2020-01-02,Bridged Token Value (Dollar),,,,,,,,,,,1846924.2000000002,,17617908.1248
1578009600000,2020-01-03,Bridged Token Value (Dollar),,,,,,,,,,,1846924.2000000002,,17617908.1248
1578096000000,2020-01-04,Bridged Token Value (Dollar),,,,,,,,,,,1846924.2000000002,,17617908.1248
1578182400000,2020-01-05,Bridged Token Value (Dollar),,,,,,,,,,,1846924.2000000002,,17617908.1248
1578268800000,2020-01-06,Bridged Token Value (Dollar),,,,,,,,,,,1846924.2000000002,,17617908.1248
1578355200000,2020-01-07,Bridged Token Value (Dollar),,,,,,,,,,,1846924.2000000002,,17617908.1248
1578441600000,2020-01-08,Bridged Token Value (Dollar),,,,,,,,,,,1846924.2000000002,,17617908.1248
1578528000000,2020-01-09,Bridged Token Value (Dollar),,,,,,,,,,,1846924.2000000002,,17617908.1248
1578614400000,2020-01-10,Bridged Token Value (Dollar),,,,,,,,,,,1846924.2000000002,,17617908.1248
1578700800000,2020-01-11,Bridged Token Value (Dollar),,,,,,,,,,,1846924.2000000002,,17617908.1248
1578787200000,2020-01-12,Bridged Token Value (Dollar),,,,,,,,,,,1846924.2000000002,,17617908.1248
1578873600000,2020-01-13,Bridged Token Value (Dollar),,,,,,,,,,,1846924.2000000002,,17617908.1248
1578960000000,2020-01-14,Bridged Token Value (Dollar),,,,,,,,,,,1846924.2000000002,,17617908.1248
1579046400000,2020-01-15,Bridged Token Value (Dollar),,,,,,,,,,,1846924.2000000002,,17617908.1248
1579132800000,2020-01-16,Bridged Token Value (Dollar),,,,,,,,,,,1846924.2000000002,,17617908.1248
1579219200000,2020-01-17,Bridged Token Value (Dollar),,,,,,,,,,,1846924.2000000002,,17617908.1248
1579305600000,2020-01-18,Bridged Token Value (Dollar),,,,,,,,,,,1846924.2000000002,,17617908.1248
1579392000000,2020-01-19,Bridged Token Value (Dollar),,,,,,,,,,,1846924.2000000002,,17617908.1248
1579478400000,2020-01-20,Bridged Token Value (Dollar),,,,,,,,,,,1846924.2000000002,,17617908.1248
1579564800000,2020-01-21,Bridged Token Value (Dollar),,,,,,,,,,,1846924.2000000002,,17617908.1248
1579651200000,2020-01-22,Bridged Token Value (Dollar),,,,,,,,,,,1846924.2000000002,,17617908.1248
1579737600000,2020-01-23,Bridged Token Value (Dollar),,,,,,,,,,,1846924.2000000002,,17617908.1248
1579824000000,2020-01-24,Bridged Token Value (Dollar),,,,,,,,,,,1846924.2000000002,,17617908.1248
1579910400000,2020-01-25,Bridged Token Value (Dollar),,,,,,,,,,,1846924.2000000002,,17617908.1248
1579996800000,2020-01-26,Bridged Token Value (Dollar),,,,,,,,,,,1846924.2000000002,,17617908.1248
1580083200000,2020-01-27,Bridged Token Value (Dollar),,,,,,,,,,,1846924.2000000002,,17617908.1248
1580169600000,2020-01-28,Bridged Token Value (Dollar),,,,,,,,,,,1846924.2000000002,,17617908.1248
1580256000000,2020-01-29,Bridged Token Value (Dollar),,,,,,,,,,,1846924.2000000002,,17617908.1248
1580342400000,2020-01-30,Bridged Token Value (Dollar),,,,,,,,,,,1846924.2000000002,,17617908.1248
1580428800000,2020-01-31,Bridged Token Value (Dollar),,,,,,,,,,,1846924.2000000002,,17617908.1248
1580515200000,2020-02-01,Bridged Token Value (Dollar),,,,,,,,,,,1846924.2000000002,,17617908.1248
1580601600000,2020-02-02,Bridged Token Value (Dollar),,,,,,,,,,,1846924.2000000002,,17617908.1248
1580688000000,2020-02-03,Bridged Token Value (Dollar),,,,,,,,,,,1846924.2000000002,,17617908.1248
1580774400000,2020-02-04,Bridged Token Value (Dollar),,,,,,,,,,,1846924.2000000002,,17617908.1248
1580860800000,2020-02-05,Bridged Token Value (Dollar),,,,,,,,,,,1846924.2000000002,,17617908.1248
1580947200000,2020-02-06,Bridged Token Value (Dollar),,,,,,,,,,,1846924.2000000002,,17617908.1248
1581033600000,2020-02-07,Bridged Token Value (Dollar),,,,,,,,,,,1846924.2000000002,,17617908.1248
1581120000000,2020-02-08,Bridged Token Value (Dollar),,,,,,,,,,,1846924.2000000002,,17617908.1248
1581206400000,2020-02-09,Bridged Token Value (Dollar),,,,,,,,,,,1846924.2000000002,,17617908.1248
1581292800000,2020-02-10,Bridged Token Value (Dollar),,,,,,,,,,,1846924.2000000002,,17617908.1248
1581379200000,2020-02-11,Bridged Token Value (Dollar),,,,,,,,,,,1846924.2000000002,,17617908.1248
1581465600000,2020-02-12,Bridged Token Value (Dollar),,,,,,,,,,,1846924.2000000002,,17789110.6248
1581552000000,2020-02-13,Bridged Token Value (Dollar),,,,,,,,,,,1846924.2000000002,,17789110.6248
1581638400000,2020-02-14,Bridged Token Value (Dollar),,,,,,,,,,,1846924.2000000002,,17789110.6248
1581724800000,2020-02-15,Bridged Token Value (Dollar),,,,,,,,,,,1846924.2000000002,,17789110.6248
1581811200000,2020-02-16,Bridged Token Value (Dollar),,,,,,,,,,,1846924.2000000002,,17789110.6248
1581897600000,2020-02-17,Bridged Token Value (Dollar),,,,,,,,,,,1846924.2000000002,,17789110.6248
1581984000000,2020-02-18,Bridged Token Value (Dollar),,,,,,,,,,,1846924.2000000002,,17789110.6248
1582070400000,2020-02-19,Bridged Token Value (Dollar),,,,,,,,,,,1846924.2000000002,,17789110.6248
1582156800000,2020-02-20,Bridged Token Value (Dollar),,,,,,,,,,,1846924.2000000002,,17789110.6248
1582243200000,2020-02-21,Bridged Token Value (Dollar),,,,,,,,,,,1846924.2000000002,,17789110.6248
1582329600000,2020-02-22,Bridged Token Value (Dollar),,,,,,,,,,,1846924.2000000002,,17789110.6248
1582416000000,2020-02-23,Bridged Token Value (Dollar),,,,,,,,,,,1846924.2000000002,,17789110.6248
1582502400000,2020-02-24,Bridged Token Value (Dollar),,,,,,,,,,,1846924.2000000002,,17789110.6248
1582588800000,2020-02-25,Bridged Token Value (Dollar),,,,,,,,,,,1846924.2000000002,,17789110.6248
1582675200000,2020-02-26,Bridged Token Value (Dollar),,,,,,,,,,,1849327.2000000002,,17789110.6248
1582761600000,2020-02-27,Bridged Token Value (Dollar),,,,,,,,,,,1849327.2000000002,,17789110.6248
1582848000000,2020-02-28,Bridged Token Value (Dollar),,,,,,,,,,,1849327.2000000002,,17961363.7848
1582934400000,2020-02-29,Bridged Token Value (Dollar),,,,,,,,,,,1849327.2000000002,,17797293.3048
1583020800000,2020-03-01,Bridged Token Value (Dollar),,,,,,,,,,,1849327.2000000002,,17797293.3048
1583107200000,2020-03-02,Bridged Token Value (Dollar),,,,,,,,,,,1849327.2000000002,,17797293.3048
1583193600000,2020-03-03,Bridged Token Value (Dollar),,,,,,,,,,,1856844.0000000002,,17797293.3048
1583280000000,2020-03-04,Bridged Token Value (Dollar),,,,,,,,,,,1856844.0000000002,,17797293.3048
1583366400000,2020-03-05,Bridged Token Value (Dollar),,,,,,,,,,,1856844.0000000002,,17797293.3048
1583452800000,2020-03-06,Bridged Token Value (Dollar),,,,,,,,,,,1856844.0000000002,,17797293.3048
1583539200000,2020-03-07,Bridged Token Value (Dollar),,,,,,,,,,,1856844.0000000002,,17797293.3048
1583625600000,2020-03-08,Bridged Token Value (Dollar),,,,,,,,,,,1856844.0000000002,,17832293.1048
1583712000000,2020-03-09,Bridged Token Value (Dollar),,,,,,,,,,,1856844.0000000002,,17832293.1048
1583798400000,2020-03-10,Bridged Token Value (Dollar),,,,,,,,,,,1856844.0000000002,,17832293.1048
1583884800000,2020-03-11,Bridged Token Value (Dollar),,,,,,,,,,,1856844.0000000002,,17832293.1048
1583971200000,2020-03-12,Bridged Token Value (Dollar),,,,,,,,,,,1856844.0000000002,,17832293.1048
1584057600000,2020-03-13,Bridged Token Value (Dollar),,,,,,,,,,,1856844.0000000002,,17832293.1048
1584144000000,2020-03-14,Bridged Token Value (Dollar),,,,,,,,,,,1856844.0000000002,,17832293.1048
1584230400000,2020-03-15,Bridged Token Value (Dollar),,,,,,,,,,,1856844.0000000002,,17832293.1048
1584316800000,2020-03-16,Bridged Token Value (Dollar),,,,,,,,,,,1856844.0000000002,,17832293.1048
1584403200000,2020-03-17,Bridged Token Value (Dollar),,,,,,,,,,,1856844.0000000002,,17832293.1048
1584489600000,2020-03-18,Bridged Token Value (Dollar),,,,,,,,,,,1856844.0000000002,,17463882.4248
1584576000000,2020-03-19,Bridged Token Value (Dollar),,,,,,,,,,,1856844.0000000002,,17463882.4248
1584662400000,2020-03-20,Bridged Token Value (Dollar),,,,,,,,,,,1856844.0000000002,,17463882.4248
1584748800000,2020-03-21,Bridged Token Value (Dollar),,,,,,,,,,,1856844.0000000002,,17463882.4248
1584835200000,2020-03-22,Bridged Token Value (Dollar),,,,,,,,,,,1856844.0000000002,,17463882.4248
1584921600000,2020-03-23,Bridged Token Value (Dollar),,,,,,,,,,,1856844.0000000002,,17463882.4248
1585008000000,2020-03-24,Bridged Token Value (Dollar),,,,,,,,,,,1856844.0000000002,,17463882.4248
1585094400000,2020-03-25,Bridged Token Value (Dollar),,,,,,,,,,,1856844.0000000002,,17463882.4248
1585180800000,2020-03-26,Bridged Token Value (Dollar),,,,,,,,,,,1964844.0000000002,,17463882.4248
1585267200000,2020-03-27,Bridged Token Value (Dollar),,,,,,,,,,,1964844.0000000002,,17463882.4248
1585353600000,2020-03-28,Bridged Token Value (Dollar),,,,,,,,,,,1964844.0000000002,,17463882.4248
1585440000000,2020-03-29,Bridged Token Value (Dollar),,,,,,,,,,,1964844.0000000002,,17463882.4248
1585526400000,2020-03-30,Bridged Token Value (Dollar),,,,,,,,,,,1964844.0000000002,,17463882.4248
1585612800000,2020-03-31,Bridged Token Value (Dollar),,,,,,,,,,,1237124,,16833813.824800003
1585699200000,2020-04-01,Bridged Token Value (Dollar),,,,,,,,,,,1237124,,16833813.824800003
1585785600000,2020-04-02,Bridged Token Value (Dollar),,,,,,,,,,,1237124,,16833813.824800003
1585872000000,2020-04-03,Bridged Token Value (Dollar),,,,,,,,,,,1237124,,16833813.824800003
1585958400000,2020-04-04,Bridged Token Value (Dollar),,,,,,,,,,,1237124,,16833813.824800003
1586044800000,2020-04-05,Bridged Token Value (Dollar),,,,,,,,,,,1237124,,16833813.824800003
1586131200000,2020-04-06,Bridged Token Value (Dollar),,,,,,,,,,,1237124,,16833813.824800003
1586217600000,2020-04-07,Bridged Token Value (Dollar),,,,,,,,,,,1237124,,16833813.824800003
1586304000000,2020-04-08,Bridged Token Value (Dollar),,,,,,,,,,,1237124,,16833813.824800003
1586390400000,2020-04-09,Bridged Token Value (Dollar),,,,,,,,,,,1237124,,16833813.824800003
1586476800000,2020-04-10,Bridged Token Value (Dollar),,,,,,,,,,,1237124,,16833813.824800003
1586563200000,2020-04-11,Bridged Token Value (Dollar),,,,,,,,,,,1237124,,16833813.824800003
1586649600000,2020-04-12,Bridged Token Value (Dollar),,,,,,,,,,,1237124,,16833813.824800003
1586736000000,2020-04-13,Bridged Token Value (Dollar),,,,,,,,,,,1237124,,16833813.824800003
1586822400000,2020-04-14,Bridged Token Value (Dollar),,,,,,,,,,,1237124,,16833813.824800003
1586908800000,2020-04-15,Bridged Token Value (Dollar),,,,,,,,,,,1237124,,16833813.824800003
1586995200000,2020-04-16,Bridged Token Value (Dollar),,,,,,,,,,,1237124,,16833813.824800003
1587081600000,2020-04-17,Bridged Token Value (Dollar),,,,,,,,,,,1237124,,16833813.824800003
1587168000000,2020-04-18,Bridged Token Value (Dollar),,,,,,,,,,,1237124,,16833813.824800003
1587254400000,2020-04-19,Bridged Token Value (Dollar),,,,,,,,,,,1237124,,16833813.824800003
1587340800000,2020-04-20,Bridged Token Value (Dollar),,,,,,,,,,,1237124,,16833813.824800003
1587427200000,2020-04-21,Bridged Token Value (Dollar),,,,,,,,,,,1237124,,16833813.824800003
1587513600000,2020-04-22,Bridged Token Value (Dollar),,,,,,,,,,,1237124,,16833813.824800003
1587600000000,2020-04-23,Bridged Token Value (Dollar),,,,,,,,,,,1237124,,16833813.824800003
1587686400000,2020-04-24,Bridged Token Value (Dollar),,,,,,,,,,,1237124,,16833813.824800003
1587772800000,2020-04-25,Bridged Token Value (Dollar),,,,,,,,,,,1237124,,16833813.824800003
1587859200000,2020-04-26,Bridged Token Value (Dollar),,,,,,,,,,,1237124,,16833813.824800003
1587945600000,2020-04-27,Bridged Token Value (Dollar),,,,,,,,,,,1237124,,16833813.824800003
1588032000000,2020-04-28,Bridged Token Value (Dollar),,,,,,,,,,,1237124,,16833813.824800003
1588118400000,2020-04-29,Bridged Token Value (Dollar),,,,,,,,,,,1237124,,16833813.824800003
1588204800000,2020-04-30,Bridged Token Value (Dollar),,,,,,,,,,,1237124,,16833813.824800003
1588291200000,2020-05-01,Bridged Token Value (Dollar),,,,,,,,,,,1237124,,16833813.824800003
1588377600000,2020-05-02,Bridged Token Value (Dollar),,,,,,,,,,,1237124,,16833813.824800003
1588464000000,2020-05-03,Bridged Token Value (Dollar),,,,,,,,,,,1237124,,16833813.824800003
1588550400000,2020-05-04,Bridged Token Value (Dollar),,,,,,,,,,,1237124,,17083813.9048
1588636800000,2020-05-05,Bridged Token Value (Dollar),,,,,,,,,,,1237124,,17083813.9048
1588723200000,2020-05-06,Bridged Token Value (Dollar),,,,,,,,,,,1237124,,17083813.9048
1588809600000,2020-05-07,Bridged Token Value (Dollar),,,,,,,,,,,1237124,,17083813.9048
1588896000000,2020-05-08,Bridged Token Value (Dollar),,,,,,,,,,,1237124,,17083813.9048
1588982400000,2020-05-09,Bridged Token Value (Dollar),,,,,,,,,,,1237124,,17083813.9048
1589068800000,2020-05-10,Bridged Token Value (Dollar),,,,,,,,,,,1237124,,17083813.9048
1589155200000,2020-05-11,Bridged Token Value (Dollar),,,,,,,,,,,1237124,,17083813.9048
1589241600000,2020-05-12,Bridged Token Value (Dollar),,,,,,,,,,,1237124,,17083813.9048
1589328000000,2020-05-13,Bridged Token Value (Dollar),,,,,,,,,,,1237124,,17083813.9048
1589414400000,2020-05-14,Bridged Token Value (Dollar),,,,,,,,,,,1237124,,17083813.9048
1589500800000,2020-05-15,Bridged Token Value (Dollar),,,,,,,,,,,1237124,,17083813.9048
1589587200000,2020-05-16,Bridged Token Value (Dollar),,,,,,,,,,,1237124,,17083813.9048
1589673600000,2020-05-17,Bridged Token Value (Dollar),,,,,,,,,,,1237124,,17083813.9048
1589760000000,2020-05-18,Bridged Token Value (Dollar),,,,,,,,,,,1237124,,17083813.9048
1589846400000,2020-05-19,Bridged Token Value (Dollar),,,,,,,,,,,1245624,,17083813.9048
1589932800000,2020-05-20,Bridged Token Value (Dollar),,,,,,,,,,,1245624,,17083813.9048
1590019200000,2020-05-21,Bridged Token Value (Dollar),,,,,,,,,,,1245624,,17083813.9048
1590105600000,2020-05-22,Bridged Token Value (Dollar),,,,,,,,,,,1245624,,17083813.9048
1590192000000,2020-05-23,Bridged Token Value (Dollar),,,,,,,,,,,1245624,,17083813.9048
1590278400000,2020-05-24,Bridged Token Value (Dollar),,,,,,,,,,,1245624,,17083813.9048
1590364800000,2020-05-25,Bridged Token Value (Dollar),,,,,,,,,,,1245624,,17083813.9048
1590451200000,2020-05-26,Bridged Token Value (Dollar),,,,,,,,,,,1245624,,17083813.9048
1590537600000,2020-05-27,Bridged Token Value (Dollar),,,,,,,,,,,1247978.5,,17083813.9048
1590624000000,2020-05-28,Bridged Token Value (Dollar),,,,,,,,,,,1247978.5,,17093313.9048
1590710400000,2020-05-29,Bridged Token Value (Dollar),,,,,,,,,,,1247978.5,,17093313.9048
1590796800000,2020-05-30,Bridged Token Value (Dollar),,,,,,,,,,,1247978.5,,17093313.9048
1590883200000,2020-05-31,Bridged Token Value (Dollar),,,,,,,,,,,1247978.5,,17093313.9048
1590969600000,2020-06-01,Bridged Token Value (Dollar),,,,,,,,,,,1248684.6800000002,,17093313.9048
1591056000000,2020-06-02,Bridged Token Value (Dollar),,,,,,,,,,,1248684.6800000002,,17093313.9048
1591142400000,2020-06-03,Bridged Token Value (Dollar),,,,,,,,,,,1248684.6800000002,,17125325.4848
1591228800000,2020-06-04,Bridged Token Value (Dollar),,,,,,,,,,,1248684.6800000002,,17125325.4848
1591315200000,2020-06-05,Bridged Token Value (Dollar),,,,,,,,,,,1248684.6800000002,,17125325.4848
1591401600000,2020-06-06,Bridged Token Value (Dollar),,,,,,,,,,,1248684.6800000002,,17125325.4848
1591488000000,2020-06-07,Bridged Token Value (Dollar),,,,,,,,,,,1248684.6800000002,,17125325.4848
1591574400000,2020-06-08,Bridged Token Value (Dollar),,,,,,,,,,,1248684.6800000002,,17140325.9648
1591660800000,2020-06-09,Bridged Token Value (Dollar),,,,,,,,,,,1248684.6800000002,,17140325.9648
1591747200000,2020-06-10,Bridged Token Value (Dollar),,,,,,,,,,,1248684.6800000002,,17140325.9648
1591833600000,2020-06-11,Bridged Token Value (Dollar),,,,,,,,,,,1248684.6800000002,,17140325.9648
1591920000000,2020-06-12,Bridged Token Value (Dollar),,,,,,,,,,,1248684.6800000002,,17140325.9648
1592006400000,2020-06-13,Bridged Token Value (Dollar),,,,,,,,,,,1248684.6800000002,,17140325.9648
1592092800000,2020-06-14,Bridged Token Value (Dollar),,,,,,,,,,,1248684.6800000002,,17140325.9648
1592179200000,2020-06-15,Bridged Token Value (Dollar),,,,,,,,,,,1248684.6800000002,,17140325.9648
1592265600000,2020-06-16,Bridged Token Value (Dollar),,,,,,,,,,,1248684.6800000002,,17140325.9648
1592352000000,2020-06-17,Bridged Token Value (Dollar),,,,,,,,,,,1248684.6800000002,,17140325.9648
1592438400000,2020-06-18,Bridged Token Value (Dollar),,,,,,,,,,,1248684.6800000002,,17140325.9648
1592524800000,2020-06-19,Bridged Token Value (Dollar),,,,,,,,,,,1248684.6800000002,,17140325.9648
1592611200000,2020-06-20,Bridged Token Value (Dollar),,,,,,,,,,,1248684.6800000002,,17140325.9648
1592697600000,2020-06-21,Bridged Token Value (Dollar),,,,,,,,,,,1248684.6800000002,,17140325.9648
1592784000000,2020-06-22,Bridged Token Value (Dollar),,,,,,,,,,,1248684.6800000002,,17140325.9648
1592870400000,2020-06-23,Bridged Token Value (Dollar),,,,,,,,,,,1248684.6800000002,,17140325.9648
1592956800000,2020-06-24,Bridged Token Value (Dollar),,,,,,,,,,,1248684.6800000002,,17140325.9648
1593043200000,2020-06-25,Bridged Token Value (Dollar),,,,,,,,,,,1248684.6800000002,,17140325.9648
1593129600000,2020-06-26,Bridged Token Value (Dollar),,,,,,,,,,,1248684.6800000002,,17140325.9648
1593216000000,2020-06-27,Bridged Token Value (Dollar),,,,,,,,,,,1248684.6800000002,,17140325.9648
1593302400000,2020-06-28,Bridged Token Value (Dollar),,,,,,,,,,,1248684.6800000002,,17140325.9648
1593388800000,2020-06-29,Bridged Token Value (Dollar),,,,,,,,,,,1248684.6800000002,,17140325.9648
1593475200000,2020-06-30,Bridged Token Value (Dollar),,,,,,,,,,,991602.54,,25546632.6448
1593561600000,2020-07-01,Bridged Token Value (Dollar),,,,,,,,,,,991602.54,,25546632.6448
1593648000000,2020-07-02,Bridged Token Value (Dollar),,,,,,,,,,,991602.54,,25546632.6448
1593734400000,2020-07-03,Bridged Token Value (Dollar),,,,,,,,,,,991602.54,,25546632.6448
1593820800000,2020-07-04,Bridged Token Value (Dollar),,,,,,,,,,,991602.54,,25546632.6448
1593907200000,2020-07-05,Bridged Token Value (Dollar),,,,,,,,,,,991602.54,,25546632.6448
1593993600000,2020-07-06,Bridged Token Value (Dollar),,,,,,,,,,,991602.54,,25546632.6448
1594080000000,2020-07-07,Bridged Token Value (Dollar),,,,,,,,,,,991602.54,,25546632.6448
1594166400000,2020-07-08,Bridged Token Value (Dollar),,,,,,,,,,,991602.54,,25546632.6448
1594252800000,2020-07-09,Bridged Token Value (Dollar),,,,,,,,,,,991602.54,,25546632.6448
1594339200000,2020-07-10,Bridged Token Value (Dollar),,,,,,,,,,,991602.54,,25546632.6448
1594425600000,2020-07-11,Bridged Token Value (Dollar),,,,,,,,,,,991602.54,,25546632.6448
1594512000000,2020-07-12,Bridged Token Value (Dollar),,,,,,,,,,,991602.54,,25546632.6448
1594598400000,2020-07-13,Bridged Token Value (Dollar),,,,,,,,,,,991602.54,,25546632.6448
1594684800000,2020-07-14,Bridged Token Value (Dollar),,,,,,,,,,,991602.54,,25546632.6448
1594771200000,2020-07-15,Bridged Token Value (Dollar),,,,,,,,,,,991602.54,,25546632.6448
1594857600000,2020-07-16,Bridged Token Value (Dollar),,,,,,,,,,,991602.54,,25546632.6448
1594944000000,2020-07-17,Bridged Token Value (Dollar),,,,,,,,,,,1010675.0700000001,,25546632.6448
1595030400000,2020-07-18,Bridged Token Value (Dollar),,,,,,,,,,,1010675.0700000001,,25546632.6448
1595116800000,2020-07-19,Bridged Token Value (Dollar),,,,,,,,,,,1010675.0700000001,,25546632.6448
1595203200000,2020-07-20,Bridged Token Value (Dollar),,,,,,,,,,,1010675.0700000001,,25546632.6448
1595289600000,2020-07-21,Bridged Token Value (Dollar),,,,,,,,,,,1010675.0700000001,,25546632.6448
1595376000000,2020-07-22,Bridged Token Value (Dollar),,,,,,,,,,,1010675.0700000001,,25546632.6448
1595462400000,2020-07-23,Bridged Token Value (Dollar),,,,,,,,,,,1010675.0700000001,,25546632.6448
1595548800000,2020-07-24,Bridged Token Value (Dollar),,,,,,,,,,,1010675.0700000001,,25546632.6448
1595635200000,2020-07-25,Bridged Token Value (Dollar),,,,,,,,,,,1010675.0700000001,,25546632.6448
1595721600000,2020-07-26,Bridged Token Value (Dollar),,,,,,,,,,,1010675.0700000001,,25546632.6448
1595808000000,2020-07-27,Bridged Token Value (Dollar),,,,,,,,,,,1010675.0700000001,,25546632.6448
1595894400000,2020-07-28,Bridged Token Value (Dollar),,,,,,,,,,,1010675.0700000001,,25546632.6448
1595980800000,2020-07-29,Bridged Token Value (Dollar),,,,,,,,,,,1010675.0700000001,,25546632.6448
1596067200000,2020-07-30,Bridged Token Value (Dollar),,,,,,,,,,,1010675.0700000001,,25546632.6448
1596153600000,2020-07-31,Bridged Token Value (Dollar),,,,,,,,,,,1010675.0700000001,,25546632.6448
1596240000000,2020-08-01,Bridged Token Value (Dollar),,,,,,,,,,,1010675.0700000001,,25546632.6448
1596326400000,2020-08-02,Bridged Token Value (Dollar),,,,,,,,,,,1010675.0700000001,,25546632.6448
1596412800000,2020-08-03,Bridged Token Value (Dollar),,,,,,,,,,,1010675.0700000001,,25546632.6448
1596499200000,2020-08-04,Bridged Token Value (Dollar),,,,,,,,,,,1010675.0700000001,,25546632.6448
1596585600000,2020-08-05,Bridged Token Value (Dollar),,,,,,,,,,,1010675.0700000001,,25546632.6448
1596672000000,2020-08-06,Bridged Token Value (Dollar),,,,,,,,,,,1010675.0700000001,,25546632.6448
1596758400000,2020-08-07,Bridged Token Value (Dollar),,,,,,,,,,,1010675.0700000001,,25546632.6448
1596844800000,2020-08-08,Bridged Token Value (Dollar),,,,,,,,,,,1010675.0700000001,,25546632.6448
1596931200000,2020-08-09,Bridged Token Value (Dollar),,,,,,,,,,,1010675.0700000001,,25546632.6448
1597017600000,2020-08-10,Bridged Token Value (Dollar),,,,,,,,,,,1010675.0700000001,,25546632.6448
1597104000000,2020-08-11,Bridged Token Value (Dollar),,,,,,,,,,,1010675.0700000001,,25546632.6448
1597190400000,2020-08-12,Bridged Token Value (Dollar),,,,,,,,,,,1010675.0700000001,,25546632.6448
1597276800000,2020-08-13,Bridged Token Value (Dollar),,,,,,,,,,,1010675.0700000001,,25546632.6448
1597363200000,2020-08-14,Bridged Token Value (Dollar),,,,,,,,,,,1010675.0700000001,,25546632.6448
1597449600000,2020-08-15,Bridged Token Value (Dollar),,,,,,,,,,,1010675.0700000001,,25546632.6448
1597536000000,2020-08-16,Bridged Token Value (Dollar),,,,,,,,,,,1010675.0700000001,,25546632.6448
1597622400000,2020-08-17,Bridged Token Value (Dollar),,,,,,,,,,,1010675.0700000001,,25546632.6448
1597708800000,2020-08-18,Bridged Token Value (Dollar),,,,,,,,,,,1010675.0700000001,,25546632.6448
1597795200000,2020-08-19,Bridged Token Value (Dollar),,,,,,,,,,,1010675.0700000001,,25546632.6448
1597881600000,2020-08-20,Bridged Token Value (Dollar),,,,,,,,,,,1010675.0700000001,,25546632.6448
1597968000000,2020-08-21,Bridged Token Value (Dollar),,,,,,,,,,,1010675.0700000001,,25546632.6448
1598054400000,2020-08-22,Bridged Token Value (Dollar),,,,,,,,,,,1010675.0700000001,,25546632.6448
1598140800000,2020-08-23,Bridged Token Value (Dollar),,,,,,,,,,,1010675.0700000001,,25546632.6448
1598227200000,2020-08-24,Bridged Token Value (Dollar),,,,,,,,,,,1010675.0700000001,,25546632.6448
1598313600000,2020-08-25,Bridged Token Value (Dollar),,,,,,,,,,,1010675.0700000001,,25546632.6448
1598400000000,2020-08-26,Bridged Token Value (Dollar),,,,,,,,,,,1012925.2500000001,,25547187.044800002
1598486400000,2020-08-27,Bridged Token Value (Dollar),,,,,,,,,,,1012925.2500000001,,25546632.6448
1598572800000,2020-08-28,Bridged Token Value (Dollar),,,,,,,,,,,1012925.2500000001,,25546632.6448
1598659200000,2020-08-29,Bridged Token Value (Dollar),,,,,,,,,,,1012925.2500000001,,25546632.6448
1598745600000,2020-08-30,Bridged Token Value (Dollar),,,,,,,,,,,1012925.2500000001,,25546632.6448
1598832000000,2020-08-31,Bridged Token Value (Dollar),,,,,,,,,,,1012925.2500000001,,25546632.6448
1598918400000,2020-09-01,Bridged Token Value (Dollar),,,,,,,,,,,1012925.2500000001,,25546632.6448
1599004800000,2020-09-02,Bridged Token Value (Dollar),,,,,,,,,,,1012925.2500000001,,25546632.6448
1599091200000,2020-09-03,Bridged Token Value (Dollar),,,,,,,,,,,1012925.2500000001,,25546632.6448
1599177600000,2020-09-04,Bridged Token Value (Dollar),,,,,,,,,,,1012925.2500000001,,25546632.6448
1599264000000,2020-09-05,Bridged Token Value (Dollar),,,,,,,,,,,1012925.2500000001,,25546632.6448
1599350400000,2020-09-06,Bridged Token Value (Dollar),,,,,,,,,,,1012925.2500000001,,25546632.6448
1599436800000,2020-09-07,Bridged Token Value (Dollar),,,,,,,,,,,1012925.2500000001,,25546632.6448
1599523200000,2020-09-08,Bridged Token Value (Dollar),,,,,,,,,,,1013526.81,,25546632.6448
1599609600000,2020-09-09,Bridged Token Value (Dollar),,,,,,,,,,,1013526.81,,25579539.1548
1599696000000,2020-09-10,Bridged Token Value (Dollar),,,,,,,,,,,1013526.81,,25579539.1548
1599782400000,2020-09-11,Bridged Token Value (Dollar),,,,,,,,,,,1013526.81,,25579539.1548
1599868800000,2020-09-12,Bridged Token Value (Dollar),,,,,,,,,,,1013526.81,,25579539.1548
1599955200000,2020-09-13,Bridged Token Value (Dollar),,,,,,,,,,,1013526.81,,25579539.1548
1600041600000,2020-09-14,Bridged Token Value (Dollar),,,,,,,,,,,1013526.81,,25579539.1548
1600128000000,2020-09-15,Bridged Token Value (Dollar),,,,,,,,,,,1013526.81,,25579539.1548
1600214400000,2020-09-16,Bridged Token Value (Dollar),,,,,,,,,,,1013526.81,,25579539.1548
1600300800000,2020-09-17,Bridged Token Value (Dollar),,,,,,,,,,,1013526.81,,25579539.1548
1600387200000,2020-09-18,Bridged Token Value (Dollar),,,,,,,,,,,1013526.81,,25579539.1548
1600473600000,2020-09-19,Bridged Token Value (Dollar),,,,,,,,,,,1013526.81,,25579539.1548
1600560000000,2020-09-20,Bridged Token Value (Dollar),,,,,,,,,,,1013526.81,,25579539.1548
1600646400000,2020-09-21,Bridged Token Value (Dollar),,,,,,,,,,,1013526.81,,25579539.1548
1600732800000,2020-09-22,Bridged Token Value (Dollar),,,,,,,,,,,1013526.81,,25579539.1548
1600819200000,2020-09-23,Bridged Token Value (Dollar),,,,,,,,,,,1013526.81,,25579539.1548
1600905600000,2020-09-24,Bridged Token Value (Dollar),,,,,,,,,,,1013526.81,,25579539.1548
1600992000000,2020-09-25,Bridged Token Value (Dollar),,,,,,,,,,,1013526.81,,25579539.1548
1601078400000,2020-09-26,Bridged Token Value (Dollar),,,,,,,,,,,1013526.81,,25579539.1548
1601164800000,2020-09-27,Bridged Token Value (Dollar),,,,,,,,,,,1013526.81,,25579539.1548
1601251200000,2020-09-28,Bridged Token Value (Dollar),,,,,,,,,,,1013526.81,,25579539.1548
1601337600000,2020-09-29,Bridged Token Value (Dollar),,,,,,,,,,,1013526.81,,25579539.1548
1601424000000,2020-09-30,Bridged Token Value (Dollar),,,,,,,,,,,975988.78,,26215423.834799998
1601510400000,2020-10-01,Bridged Token Value (Dollar),,,,,,,,,,,975988.78,,26215423.834799998
1601596800000,2020-10-02,Bridged Token Value (Dollar),,,,,,,,,,,975988.78,,26215423.834799998
1601683200000,2020-10-03,Bridged Token Value (Dollar),,,,,,,,,,,975988.78,,26215423.834799998
1601769600000,2020-10-04,Bridged Token Value (Dollar),,,,,,,,,,,975988.78,,26215423.834799998
1601856000000,2020-10-05,Bridged Token Value (Dollar),,,,,,,,,,,975988.78,,26215423.834799998
1601942400000,2020-10-06,Bridged Token Value (Dollar),,,,,,,,,,,975988.78,,26215423.834799998
1602028800000,2020-10-07,Bridged Token Value (Dollar),,,,,,,,,,,975988.78,,26215423.834799998
1602115200000,2020-10-08,Bridged Token Value (Dollar),,,,,,,,,,,975988.78,,26215423.834799998
1602201600000,2020-10-09,Bridged Token Value (Dollar),,,,,,,,,,,975988.78,,26215423.834799998
1602288000000,2020-10-10,Bridged Token Value (Dollar),,,,,,,,,,,975988.78,,26215423.834799998
1602374400000,2020-10-11,Bridged Token Value (Dollar),,,,,,,,,,,975988.78,,26215423.834799998
1602460800000,2020-10-12,Bridged Token Value (Dollar),,,,,,,,,,,975988.78,,26215423.834799998
1602547200000,2020-10-13,Bridged Token Value (Dollar),,,,,,,,,,,975988.78,,26215423.834799998
1602633600000,2020-10-14,Bridged Token Value (Dollar),,,,,,,,,,,975988.78,,26215423.834799998
1602720000000,2020-10-15,Bridged Token Value (Dollar),,,,,,,,,,,975988.78,,26215423.834799998
1602806400000,2020-10-16,Bridged Token Value (Dollar),,,,,,,,,,,975988.78,,26215423.834799998
1602892800000,2020-10-17,Bridged Token Value (Dollar),,,,,,,,,,,975988.78,,26215423.834799998
1602979200000,2020-10-18,Bridged Token Value (Dollar),,,,,,,,,,,975988.78,,26215423.834799998
1603065600000,2020-10-19,Bridged Token Value (Dollar),,,,,,,,,,,975988.78,,26215423.834799998
1603152000000,2020-10-20,Bridged Token Value (Dollar),,,,,,,,,,,975988.78,,26215423.834799998
1603238400000,2020-10-21,Bridged Token Value (Dollar),,,,,,,,,,,975988.78,,26215423.834799998
1603324800000,2020-10-22,Bridged Token Value (Dollar),,,,,,,,,,,975988.78,,26215423.834799998
1603411200000,2020-10-23,Bridged Token Value (Dollar),,,,,,,,,,,975988.78,,26215423.834799998
1603497600000,2020-10-24,Bridged Token Value (Dollar),,,,,,,,,,,975988.78,,26215423.834799998
1603584000000,2020-10-25,Bridged Token Value (Dollar),,,,,,,,,,,975988.78,,26215423.834799998
1603670400000,2020-10-26,Bridged Token Value (Dollar),,,,,,,,,,,975988.78,,26215423.834799998
1603756800000,2020-10-27,Bridged Token Value (Dollar),,,,,,,,,,,975988.78,,26215423.834799998
1603843200000,2020-10-28,Bridged Token Value (Dollar),,,,,,,,,,,975988.78,,26215423.834799998
1603929600000,2020-10-29,Bridged Token Value (Dollar),,,,,,,,,,,975988.78,,26215423.834799998
1604016000000,2020-10-30,Bridged Token Value (Dollar),,,,,,,,,,,975988.78,,26465423.9148
1604102400000,2020-10-31,Bridged Token Value (Dollar),,,,,,,,,,,975988.78,,26465423.9148
1604188800000,2020-11-01,Bridged Token Value (Dollar),,,,,,,,,,,975988.78,,26465423.9148
1604275200000,2020-11-02,Bridged Token Value (Dollar),,,,,,,,,,,975988.78,,26465423.9148
1604361600000,2020-11-03,Bridged Token Value (Dollar),,,,,,,,,,,975988.78,,26465423.9148
1604448000000,2020-11-04,Bridged Token Value (Dollar),,,,,,,,,,,975988.78,,26465423.9148
1604534400000,2020-11-05,Bridged Token Value (Dollar),,,,,,,,,,,975988.78,,26465423.9148
1604620800000,2020-11-06,Bridged Token Value (Dollar),,,,,,,,,,,975988.78,,26465423.9148
1604707200000,2020-11-07,Bridged Token Value (Dollar),,,,,,,,,,,975988.78,,26465423.9148
1604793600000,2020-11-08,Bridged Token Value (Dollar),,,,,,,,,,,975988.78,,26465423.9148
1604880000000,2020-11-09,Bridged Token Value (Dollar),,,,,,,,,,,975988.78,,26465423.9148
1604966400000,2020-11-10,Bridged Token Value (Dollar),,,,,,,,,,,975988.78,,26465423.9148
1605052800000,2020-11-11,Bridged Token Value (Dollar),,,,,,,,,,,975988.78,,26465423.9148
1605139200000,2020-11-12,Bridged Token Value (Dollar),,,,,,,,,,,975988.78,,26465423.9148
1605225600000,2020-11-13,Bridged Token Value (Dollar),,,,,,,,,,,975988.78,,26465423.9148
1605312000000,2020-11-14,Bridged Token Value (Dollar),,,,,,,,,,,975988.78,,26465423.9148
1605398400000,2020-11-15,Bridged Token Value (Dollar),,,,,,,,,,,975988.78,,26465423.9148
1605484800000,2020-11-16,Bridged Token Value (Dollar),,,,,,,,,,,975988.78,,26465423.9148
1605571200000,2020-11-17,Bridged Token Value (Dollar),,,,,,,,,,,975988.78,,26465423.9148
1605657600000,2020-11-18,Bridged Token Value (Dollar),,,,,,,,,,,975988.78,,26465423.9148
1605744000000,2020-11-19,Bridged Token Value (Dollar),,,,,,,,,,,975988.78,,26465423.9148
1605830400000,2020-11-20,Bridged Token Value (Dollar),,,,,,,,,,,975988.78,,26465423.9148
1605916800000,2020-11-21,Bridged Token Value (Dollar),,,,,,,,,,,975988.78,,26465423.9148
1606003200000,2020-11-22,Bridged Token Value (Dollar),,,,,,,,,,,975988.78,,26465423.9148
1606089600000,2020-11-23,Bridged Token Value (Dollar),,,,,,,,,,,975988.78,,26465423.9148
1606176000000,2020-11-24,Bridged Token Value (Dollar),,,,,,,,,,,975988.78,,26465423.9148
1606262400000,2020-11-25,Bridged Token Value (Dollar),,,,,,,,,,,975988.78,,26465423.9148
1606348800000,2020-11-26,Bridged Token Value (Dollar),,,,,,,,,,,975988.78,,26465423.9148
1606435200000,2020-11-27,Bridged Token Value (Dollar),,,,,,,,,,,975988.78,,26465423.9148
1606521600000,2020-11-28,Bridged Token Value (Dollar),,,,,,,,,,,975988.78,,26465423.9148
1606608000000,2020-11-29,Bridged Token Value (Dollar),,,,,,,,,,,975988.78,,26465423.9148
1606694400000,2020-11-30,Bridged Token Value (Dollar),,,,,,,,,,,975988.78,,26465423.9148
1606780800000,2020-12-01,Bridged Token Value (Dollar),,,,,,,,,,,975988.78,,26465423.9148
1606867200000,2020-12-02,Bridged Token Value (Dollar),,,,,,,,,,,975988.78,,26465423.9148
1606953600000,2020-12-03,Bridged Token Value (Dollar),,,,,,,,,,,975988.78,,26465423.9148
1607040000000,2020-12-04,Bridged Token Value (Dollar),,,,,,,,,,,975988.78,,26465423.9148
1607126400000,2020-12-05,Bridged Token Value (Dollar),,,,,,,,,,,975988.78,,26465423.9148
1607212800000,2020-12-06,Bridged Token Value (Dollar),,,,,,,,,,,975988.78,,26465423.9148
1607299200000,2020-12-07,Bridged Token Value (Dollar),,,,,,,,,,,975988.78,,26465423.9148
1607385600000,2020-12-08,Bridged Token Value (Dollar),,,,,,,,,,,975988.78,,26465536.9648
1607472000000,2020-12-09,Bridged Token Value (Dollar),,,,,,,,,,,975988.78,,26465536.9648
1607558400000,2020-12-10,Bridged Token Value (Dollar),,,,,,,,,,,987759.76,,26465536.9648
1607644800000,2020-12-11,Bridged Token Value (Dollar),,,,,,,,,,,987759.76,,26465536.9648
1607731200000,2020-12-12,Bridged Token Value (Dollar),,,,,,,,,,,987759.76,,26465536.9648
1607817600000,2020-12-13,Bridged Token Value (Dollar),,,,,,,,,,,987759.76,,26465536.9648
1607904000000,2020-12-14,Bridged Token Value (Dollar),,,,,,,,,,,987759.76,,26465536.9648
1607990400000,2020-12-15,Bridged Token Value (Dollar),,,,,,,,,,,987759.76,,26497422.7648
1608076800000,2020-12-16,Bridged Token Value (Dollar),,,,,,,,,,,987759.76,,26497422.7648
1608163200000,2020-12-17,Bridged Token Value (Dollar),,,,,,,,,,,987759.76,,26497422.7648
1608249600000,2020-12-18,Bridged Token Value (Dollar),,,,,,,,,,,987759.76,,26497422.7648
1608336000000,2020-12-19,Bridged Token Value (Dollar),,,,,,,,,,,987759.76,,26497422.7648
1608422400000,2020-12-20,Bridged Token Value (Dollar),,,,,,,,,,,987759.76,,26497422.7648
1608508800000,2020-12-21,Bridged Token Value (Dollar),,,,,,,,,,,987759.76,,26497422.7648
1608595200000,2020-12-22,Bridged Token Value (Dollar),,,,,,,,,,,987759.76,,26497422.7648
1608681600000,2020-12-23,Bridged Token Value (Dollar),,,,,,,,,,,987759.76,,26497422.7648
1608768000000,2020-12-24,Bridged Token Value (Dollar),,,,,,,,,,,987759.76,,26497422.7648
1608854400000,2020-12-25,Bridged Token Value (Dollar),,,,,,,,,,,987759.76,,26497422.7648
1608940800000,2020-12-26,Bridged Token Value (Dollar),,,,,,,,,,,987759.76,,26497422.7648
1609027200000,2020-12-27,Bridged Token Value (Dollar),,,,,,,,,,,987759.76,,26497422.7648
1609113600000,2020-12-28,Bridged Token Value (Dollar),,,,,,,,,,,987759.76,,26497422.7648
1609200000000,2020-12-29,Bridged Token Value (Dollar),,,,,,,,,,,987759.76,,26497422.7648
1609286400000,2020-12-30,Bridged Token Value (Dollar),,,,,,,,,,,987759.76,,26497422.7648
1609372800000,2020-12-31,Bridged Token Value (Dollar),,,,,,,,,,,1823556.48,,36215210.7648
1609459200000,2021-01-01,Bridged Token Value (Dollar),,,,,,,,,,,1823556.48,,36215210.7648
1609545600000,2021-01-02,Bridged Token Value (Dollar),,,,,,,,,,,1823556.48,,36215210.7648
1609632000000,2021-01-03,Bridged Token Value (Dollar),,,,,,,,,,,1823556.48,,36215210.7648
1609718400000,2021-01-04,Bridged Token Value (Dollar),,,,,,,,,,,1823556.48,,36215210.7648
1609804800000,2021-01-05,Bridged Token Value (Dollar),,,,,,,,,,,1823556.48,,36215210.7648
1609891200000,2021-01-06,Bridged Token Value (Dollar),,,,,,,,,,,1823556.48,,36215210.7648
1609977600000,2021-01-07,Bridged Token Value (Dollar),,,,,,,,,,,1823556.48,,36215210.7648
1610064000000,2021-01-08,Bridged Token Value (Dollar),,,,,,,,,,,1823556.48,,36215210.7648
1610150400000,2021-01-09,Bridged Token Value (Dollar),,,,,,,,,,,1823556.48,,36215210.7648
1610236800000,2021-01-10,Bridged Token Value (Dollar),,,,,,,,,,,1823556.48,,36215210.7648
1610323200000,2021-01-11,Bridged Token Value (Dollar),,,,,,,,,,,1823556.48,,36215210.7648
1610409600000,2021-01-12,Bridged Token Value (Dollar),,,,,,,,,,,1823556.48,,36215210.7648
1610496000000,2021-01-13,Bridged Token Value (Dollar),,,,,,,,,,,1823556.48,,36215210.7648
1610582400000,2021-01-14,Bridged Token Value (Dollar),,,,,,,,,,,1823556.48,,36215210.7648
1610668800000,2021-01-15,Bridged Token Value (Dollar),,,,,,,,,,,1823556.48,,36215210.7648
1610755200000,2021-01-16,Bridged Token Value (Dollar),,,,,,,,,,,1823556.48,,36215210.7648
1610841600000,2021-01-17,Bridged Token Value (Dollar),,,,,,,,,,,1823556.48,,36215210.7648
1610928000000,2021-01-18,Bridged Token Value (Dollar),,,,,,,,,,,1823556.48,,36215210.7648
1611014400000,2021-01-19,Bridged Token Value (Dollar),,,,,,,,,,,1823556.48,,36215210.7648
1611100800000,2021-01-20,Bridged Token Value (Dollar),,,,,,,,,,,1823556.48,,36215210.7648
1611187200000,2021-01-21,Bridged Token Value (Dollar),,,,,,,,,,,1823556.48,,36215210.7648
1611273600000,2021-01-22,Bridged Token Value (Dollar),,,,,,,,,,,1823556.48,,36215210.7648
1611360000000,2021-01-23,Bridged Token Value (Dollar),,,,,,,,,,,1823556.48,,36215210.7648
1611446400000,2021-01-24,Bridged Token Value (Dollar),,,,,,,,,,,1823556.48,,36215210.7648
1611532800000,2021-01-25,Bridged Token Value (Dollar),,,,,,,,,,,1823556.48,,36215210.7648
1611619200000,2021-01-26,Bridged Token Value (Dollar),,,,,,,,,,,1823556.48,,36215210.7648
1611705600000,2021-01-27,Bridged Token Value (Dollar),,,,,,,,,,,1823556.48,,36215210.7648
1611792000000,2021-01-28,Bridged Token Value (Dollar),,,,,,,,,,,1823556.48,,36215210.7648
1611878400000,2021-01-29,Bridged Token Value (Dollar),,,,,,,,,,,1825270.5599999998,,36215210.7648
1611964800000,2021-01-30,Bridged Token Value (Dollar),,,,,,,,,,,1825270.5599999998,,36215210.7648
1612051200000,2021-01-31,Bridged Token Value (Dollar),,,,,,,,,,,1825270.5599999998,,36215210.7648
1612137600000,2021-02-01,Bridged Token Value (Dollar),,,,,,,,,,,1825270.5599999998,,36215210.7648
1612224000000,2021-02-02,Bridged Token Value (Dollar),,,,,,,,,,,1825270.5599999998,,36215210.7648
1612310400000,2021-02-03,Bridged Token Value (Dollar),,,,,,,,,,,1825270.5599999998,,36215210.7648
1612396800000,2021-02-04,Bridged Token Value (Dollar),,,,,,,,,,,1825270.5599999998,,36215210.7648
1612483200000,2021-02-05,Bridged Token Value (Dollar),,,,,,,,,,,1825270.5599999998,,36215210.7648
1612569600000,2021-02-06,Bridged Token Value (Dollar),,,,,,,,,,,1825270.5599999998,,36215210.7648
1612656000000,2021-02-07,Bridged Token Value (Dollar),,,,,,,,,,,1825270.5599999998,,36215210.7648
1612742400000,2021-02-08,Bridged Token Value (Dollar),,,,,,,,,,,1825270.5599999998,,36215210.7648
1612828800000,2021-02-09,Bridged Token Value (Dollar),,,,,,,,,,,1825270.5599999998,,36215210.7648
1612915200000,2021-02-10,Bridged Token Value (Dollar),,,,,,,,,,,1825270.5599999998,,36215210.7648
1613001600000,2021-02-11,Bridged Token Value (Dollar),,,,,,,,,,,1825270.5599999998,,36215210.7648
1613088000000,2021-02-12,Bridged Token Value (Dollar),,,,,,,,,,,2828491.6799999997,,42546274.92480001
1613174400000,2021-02-13,Bridged Token Value (Dollar),,,,,,,,,,,2828491.6799999997,,42546274.92480001
1613260800000,2021-02-14,Bridged Token Value (Dollar),,,,,,,,,,,2828491.6799999997,,42546274.92480001
1613347200000,2021-02-15,Bridged Token Value (Dollar),,,,,,,,,,,2828491.6799999997,,42546274.92480001
1613433600000,2021-02-16,Bridged Token Value (Dollar),,,,,,,,,,,2828491.6799999997,,42942274.92480001
1613520000000,2021-02-17,Bridged Token Value (Dollar),,,,,,,,,,,2828491.6799999997,,42942274.92480001
1613606400000,2021-02-18,Bridged Token Value (Dollar),,,,,,,,,,,2828491.6799999997,,42942274.92480001
1613692800000,2021-02-19,Bridged Token Value (Dollar),,,,,,,,,,,2828491.6799999997,,42942274.92480001
1613779200000,2021-02-20,Bridged Token Value (Dollar),,,,,,,,,,,2828491.6799999997,,42942274.92480001
1613865600000,2021-02-21,Bridged Token Value (Dollar),,,,,,,,,,,2828491.6799999997,,42942274.92480001
1613952000000,2021-02-22,Bridged Token Value (Dollar),,,,,,,,,,,2828491.6799999997,,42942274.92480001
1614038400000,2021-02-23,Bridged Token Value (Dollar),,,,,,,,,,,2828491.6799999997,,42942274.92480001
1614124800000,2021-02-24,Bridged Token Value (Dollar),,,,,,,,,,,2828491.6799999997,,42942274.92480001
1614211200000,2021-02-25,Bridged Token Value (Dollar),,,,,,,,,,,2828491.6799999997,,42942274.92480001
1614297600000,2021-02-26,Bridged Token Value (Dollar),,,,,,,,,,,2828491.6799999997,,42942274.92480001
1614384000000,2021-02-27,Bridged Token Value (Dollar),,,,,,,,,,,2828491.6799999997,,42942274.92480001
1614470400000,2021-02-28,Bridged Token Value (Dollar),,,,,,,,,,,2828491.6799999997,,42942274.92480001
1614556800000,2021-03-01,Bridged Token Value (Dollar),,,,,,,,,,,2828491.6799999997,,43042275.4848
1614643200000,2021-03-02,Bridged Token Value (Dollar),,,,,,,,,,,2828491.6799999997,,43042275.4848
1614729600000,2021-03-03,Bridged Token Value (Dollar),,,,,,,,,,,2828491.6799999997,,43042275.4848
1614816000000,2021-03-04,Bridged Token Value (Dollar),,,,,,,,,,,2828491.6799999997,,43342977.9648
1614902400000,2021-03-05,Bridged Token Value (Dollar),,,,,,,,,,,2828491.6799999997,,43342977.9648
1614988800000,2021-03-06,Bridged Token Value (Dollar),,,,,,,,,,,2828491.6799999997,,43342977.9648
1615075200000,2021-03-07,Bridged Token Value (Dollar),,,,,,,,,,,2828491.6799999997,,43342977.9648
1615161600000,2021-03-08,Bridged Token Value (Dollar),,,,,,,,,,,2828491.6799999997,,43342977.9648
1615248000000,2021-03-09,Bridged Token Value (Dollar),,,,,,,,,,,2828491.6799999997,,43342977.9648
1615334400000,2021-03-10,Bridged Token Value (Dollar),,,,,,,,,,,2828491.6799999997,,43342977.9648
1615420800000,2021-03-11,Bridged Token Value (Dollar),,,,,,,,,,,2828491.6799999997,,43342977.9648
1615507200000,2021-03-12,Bridged Token Value (Dollar),,,,,,,,,,,2828491.6799999997,,43342977.9648
1615593600000,2021-03-13,Bridged Token Value (Dollar),,,,,,,,,,,2828491.6799999997,,43342977.9648
1615680000000,2021-03-14,Bridged Token Value (Dollar),,,,,,,,,,,2828491.6799999997,,43342977.9648
1615766400000,2021-03-15,Bridged Token Value (Dollar),,,,,,,,,,,2828491.6799999997,,43342977.9648
1615852800000,2021-03-16,Bridged Token Value (Dollar),,,,,,,,,,,2828491.6799999997,,43342977.9648
1615939200000,2021-03-17,Bridged Token Value (Dollar),,,,,,,,,,,2828491.6799999997,,43342977.9648
1616025600000,2021-03-18,Bridged Token Value (Dollar),,,,,,,,,,,2828491.6799999997,,43342977.9648
1616112000000,2021-03-19,Bridged Token Value (Dollar),,,,,,,,,,,2828491.6799999997,,43342977.9648
1616198400000,2021-03-20,Bridged Token Value (Dollar),,,,,,,,,,,2828491.6799999997,,43342977.9648
1616284800000,2021-03-21,Bridged Token Value (Dollar),,,,,,,,,,,2828491.6799999997,,43342977.9648
1616371200000,2021-03-22,Bridged Token Value (Dollar),,,,,,,,,,,2828491.6799999997,,43342977.9648
1616457600000,2021-03-23,Bridged Token Value (Dollar),,,,,,,,,,,2828491.6799999997,,43342977.9648
1616544000000,2021-03-24,Bridged Token Value (Dollar),,,,,,,,,,,2828491.6799999997,,43342977.9648
1616630400000,2021-03-25,Bridged Token Value (Dollar),,,,,,,,,,,2828491.6799999997,,43342977.9648
1616716800000,2021-03-26,Bridged Token Value (Dollar),,,,,,,,,,,2828491.6799999997,,43342977.9648
1616803200000,2021-03-27,Bridged Token Value (Dollar),,,,,,,,,,,2828491.6799999997,,43342977.9648
1616889600000,2021-03-28,Bridged Token Value (Dollar),,,,,,,,,,,2828491.6799999997,,43342977.9648
1616976000000,2021-03-29,Bridged Token Value (Dollar),,,,,,,,,,,2828491.6799999997,,43342977.9648
1617062400000,2021-03-30,Bridged Token Value (Dollar),,,,,,,,,,,2828491.6799999997,,43342977.9648
1617148800000,2021-03-31,Bridged Token Value (Dollar),,,,,,,,,,,6246252.46,,57779088.7392
1617235200000,2021-04-01,Bridged Token Value (Dollar),,,,,,,,,,,6246252.46,,57779088.7392
1617321600000,2021-04-02,Bridged Token Value (Dollar),,,,,,,,,,,6246252.46,,57779088.7392
1617408000000,2021-04-03,Bridged Token Value (Dollar),,,,,,,,,,,6246252.46,,57779088.7392
1617494400000,2021-04-04,Bridged Token Value (Dollar),,,,,,,,,,,6246252.46,,57779088.7392
1617580800000,2021-04-05,Bridged Token Value (Dollar),,,,,,,,,,,6246252.46,,57779088.7392
1617667200000,2021-04-06,Bridged Token Value (Dollar),,,,,,,,,,,6246252.46,,57779088.7392
1617753600000,2021-04-07,Bridged Token Value (Dollar),,,,,,,,,,,6246252.46,,57779088.7392
1617840000000,2021-04-08,Bridged Token Value (Dollar),,,,,,,,,,,6246252.46,,57779088.7392
1617926400000,2021-04-09,Bridged Token Value (Dollar),,,,,,,,,,,6246252.46,,57779088.7392
1618012800000,2021-04-10,Bridged Token Value (Dollar),,,,,,,,,,,6246252.46,,57779088.7392
1618099200000,2021-04-11,Bridged Token Value (Dollar),,,,,,,,,,,6246252.46,,57779088.7392
1618185600000,2021-04-12,Bridged Token Value (Dollar),,,,,,,,,,,6246252.46,,57779088.7392
1618272000000,2021-04-13,Bridged Token Value (Dollar),,,,,,,,,,,6246252.46,,57779088.7392
1618358400000,2021-04-14,Bridged Token Value (Dollar),,,,,,,,,,,6246252.46,,57779088.7392
1618444800000,2021-04-15,Bridged Token Value (Dollar),,,,,,,,,,,6246252.46,,57779088.7392
1618531200000,2021-04-16,Bridged Token Value (Dollar),,,,,,,,,,,6246252.46,,57779088.7392
1618617600000,2021-04-17,Bridged Token Value (Dollar),,,,,,,,,,,6246252.46,,57779088.7392
1618704000000,2021-04-18,Bridged Token Value (Dollar),,,,,,,,,,,6246252.46,,57779088.7392
1618790400000,2021-04-19,Bridged Token Value (Dollar),,,,,,,,,,,6246252.46,,57779088.7392
1618876800000,2021-04-20,Bridged Token Value (Dollar),,,,,,,,,,,6246252.46,,57779088.7392
1618963200000,2021-04-21,Bridged Token Value (Dollar),,,,,,,,,,,6246252.46,,57779088.7392
1619049600000,2021-04-22,Bridged Token Value (Dollar),,,,,,,,,,,6246252.46,,57779088.7392
1619136000000,2021-04-23,Bridged Token Value (Dollar),,,,,,,,,,,6246252.46,,57779088.7392
1619222400000,2021-04-24,Bridged Token Value (Dollar),,,,,,,,,,,6246252.46,,57779088.7392
1619308800000,2021-04-25,Bridged Token Value (Dollar),,,,,,,,,,,6246252.46,,57779088.7392
1619395200000,2021-04-26,Bridged Token Value (Dollar),,,,,,,,,,,6246252.46,,57779088.7392
1619481600000,2021-04-27,Bridged Token Value (Dollar),,,,,,,,,,,6246252.46,,57779088.7392
1619568000000,2021-04-28,Bridged Token Value (Dollar),,,,,,,,,,,6246252.46,,57779088.7392
1619654400000,2021-04-29,Bridged Token Value (Dollar),,,,,,,,,,,6246252.46,,59525484.28920001
1619740800000,2021-04-30,Bridged Token Value (Dollar),,,,,,,,,,,6246252.46,,59525484.28920001
1619827200000,2021-05-01,Bridged Token Value (Dollar),,,,,,,,,,,6246252.46,,59525484.28920001
1619913600000,2021-05-02,Bridged Token Value (Dollar),,,,,,,,,,,6246252.46,,59525484.28920001
1620000000000,2021-05-03,Bridged Token Value (Dollar),,,,,,,,,,,6246252.46,,59525484.28920001
1620086400000,2021-05-04,Bridged Token Value (Dollar),,,,,,,,,,,6246252.46,,59525484.28920001
1620172800000,2021-05-05,Bridged Token Value (Dollar),,,,,,,,,,,6246252.46,,59525484.28920001
1620259200000,2021-05-06,Bridged Token Value (Dollar),,,,,,,,,,,6246252.46,,59525484.28920001
1620345600000,2021-05-07,Bridged Token Value (Dollar),,,,,,,,,,,6246252.46,,59525484.28920001
1620432000000,2021-05-08,Bridged Token Value (Dollar),,,,,,,,,,,6246252.46,,59525484.28920001
1620518400000,2021-05-09,Bridged Token Value (Dollar),,,,,,,,,,,6246252.46,,59525484.28920001
1620604800000,2021-05-10,Bridged Token Value (Dollar),,,,,,,,,,,6246252.46,,59525484.28920001
1620691200000,2021-05-11,Bridged Token Value (Dollar),,,,,,,,,,,6246252.46,,59525484.28920001
1620777600000,2021-05-12,Bridged Token Value (Dollar),,,,,,,,,,,6246252.46,,59525484.28920001
1620864000000,2021-05-13,Bridged Token Value (Dollar),,,,,,,,,,,6246252.46,,59525484.28920001
1620950400000,2021-05-14,Bridged Token Value (Dollar),,,,,,,,,,,6246252.46,,59525484.28920001
1621036800000,2021-05-15,Bridged Token Value (Dollar),,,,,,,,,,,6246252.46,,59525484.28920001
1621123200000,2021-05-16,Bridged Token Value (Dollar),,,,,,,,,,,6246252.46,,59525484.28920001
1621209600000,2021-05-17,Bridged Token Value (Dollar),,,,,,,,,,,6246252.46,,59525484.28920001
1621296000000,2021-05-18,Bridged Token Value (Dollar),,,,,,,,,,,6246252.46,,59838751.78920001
1621382400000,2021-05-19,Bridged Token Value (Dollar),,,,,,,,,,,6246252.46,,59838751.78920001
1621468800000,2021-05-20,Bridged Token Value (Dollar),,,,,,,,,,,6246252.46,,59838751.78920001
1621555200000,2021-05-21,Bridged Token Value (Dollar),,,,,,,,,,,6246252.46,,59838751.78920001
1621641600000,2021-05-22,Bridged Token Value (Dollar),,,,,,,,,,,6246252.46,,59838751.78920001
1621728000000,2021-05-23,Bridged Token Value (Dollar),,,,,,,,,,,6246252.46,,59838751.78920001
1621814400000,2021-05-24,Bridged Token Value (Dollar),,,,,,,,,,,6246252.46,,59838751.78920001
1621900800000,2021-05-25,Bridged Token Value (Dollar),,,,,,,,,,,6246252.46,,59838751.78920001
1621987200000,2021-05-26,Bridged Token Value (Dollar),,,,,,,,,,,6246252.46,,59881555.06920001
1622073600000,2021-05-27,Bridged Token Value (Dollar),,,,,,,,,,,6246252.46,,59881555.06920001
1622160000000,2021-05-28,Bridged Token Value (Dollar),,,,,,,,,,,6246252.46,,59881555.06920001
1622246400000,2021-05-29,Bridged Token Value (Dollar),,,,,,,,,,,6246252.46,,59881555.06920001
1622332800000,2021-05-30,Bridged Token Value (Dollar),,,,,,,,,,,6246252.46,,59881555.06920001
1622419200000,2021-05-31,Bridged Token Value (Dollar),,,,,,,,,,,6246252.46,,59881555.06920001
1622505600000,2021-06-01,Bridged Token Value (Dollar),,,,,,,,,,,6246252.46,,59881555.06920001
1622592000000,2021-06-02,Bridged Token Value (Dollar),,,,,,,,,,,6246252.46,,59881555.06920001
1622678400000,2021-06-03,Bridged Token Value (Dollar),,,,,,,,,,,6246252.46,,60365092.309200004
1622764800000,2021-06-04,Bridged Token Value (Dollar),,,,,,,,,,,6246252.46,,60365092.309200004
1622851200000,2021-06-05,Bridged Token Value (Dollar),,,,,,,,,,,6246252.46,,60365092.309200004
1622937600000,2021-06-06,Bridged Token Value (Dollar),,,,,,,,,,,6246252.46,,60365092.309200004
1623024000000,2021-06-07,Bridged Token Value (Dollar),,,,,,,,,,,6246252.46,,60365092.309200004
1623110400000,2021-06-08,Bridged Token Value (Dollar),,,,,,,,,,,6246252.46,,60365092.309200004
1623196800000,2021-06-09,Bridged Token Value (Dollar),,,,,,,,,,,6246252.46,,60365092.309200004
1623283200000,2021-06-10,Bridged Token Value (Dollar),,,,,,,,,,,6246252.46,,60365092.309200004
1623369600000,2021-06-11,Bridged Token Value (Dollar),,,,,,,,,,,6246252.46,,60365092.309200004
1623456000000,2021-06-12,Bridged Token Value (Dollar),,,,,,,,,,,6246252.46,,60365092.309200004
1623542400000,2021-06-13,Bridged Token Value (Dollar),,,,,,,,,,,6246252.46,,60365092.309200004
1623628800000,2021-06-14,Bridged Token Value (Dollar),,,,,,,,,,,6246252.46,,60365092.309200004
1623715200000,2021-06-15,Bridged Token Value (Dollar),,,,,,,,,,,6246252.46,,60365092.309200004
1623801600000,2021-06-16,Bridged Token Value (Dollar),,,,,,,,,,,6246252.46,,60365092.309200004
1623888000000,2021-06-17,Bridged Token Value (Dollar),,,,,,,,,,,6246252.46,,60365092.309200004
1623974400000,2021-06-18,Bridged Token Value (Dollar),,,,,,,,,,,6246252.46,,60365092.309200004
1624060800000,2021-06-19,Bridged Token Value (Dollar),,,,,,,,,,,6246252.46,,60365092.309200004
1624147200000,2021-06-20,Bridged Token Value (Dollar),,,,,,,,,,,6246252.46,,60365092.309200004
1624233600000,2021-06-21,Bridged Token Value (Dollar),,,,,,,,,,,6246252.46,,60365092.309200004
1624320000000,2021-06-22,Bridged Token Value (Dollar),,,,,,,,,,,6246252.46,,60365092.309200004
1624406400000,2021-06-23,Bridged Token Value (Dollar),,,,,,,,,,,6246252.46,,60365092.309200004
1624492800000,2021-06-24,Bridged Token Value (Dollar),,,,,,,,,,,6246252.46,,60365092.309200004
1624579200000,2021-06-25,Bridged Token Value (Dollar),,,,,,,,,,,6246252.46,,60365092.309200004
1624665600000,2021-06-26,Bridged Token Value (Dollar),,,,,,,,,,,6246252.46,,60365092.309200004
1624752000000,2021-06-27,Bridged Token Value (Dollar),,,,,,,,,,,6246252.46,,60365092.309200004
1624838400000,2021-06-28,Bridged Token Value (Dollar),,,,,,,,,,,6246252.46,,60365092.309200004
1624924800000,2021-06-29,Bridged Token Value (Dollar),,,,,,,,,,,6246252.46,,60365092.309200004
1625011200000,2021-06-30,Bridged Token Value (Dollar),,,,,,,,,,,6128398.640000001,,66438248.4428
1625097600000,2021-07-01,Bridged Token Value (Dollar),,,,,,,,,,,6128398.640000001,,66438248.4428
1625184000000,2021-07-02,Bridged Token Value (Dollar),,,,,,,,,,,6128398.640000001,,66438248.4428
1625270400000,2021-07-03,Bridged Token Value (Dollar),,,,,,,,,,,6128398.640000001,,66438248.4428
1625356800000,2021-07-04,Bridged Token Value (Dollar),,,,,,,,,,,6128398.640000001,,66438248.4428
1625443200000,2021-07-05,Bridged Token Value (Dollar),,,,,,,,,,,6128398.640000001,,66438248.4428
1625529600000,2021-07-06,Bridged Token Value (Dollar),,,,,,,,,,,6128398.640000001,,66438248.4428
1625616000000,2021-07-07,Bridged Token Value (Dollar),,,,,,,,,,,6128398.640000001,,66438248.4428
1625702400000,2021-07-08,Bridged Token Value (Dollar),,,,,,,,,,,6128398.640000001,,67921909.09279999
1625788800000,2021-07-09,Bridged Token Value (Dollar),,,,,,,,,,,6128398.640000001,,67921909.09279999
1625875200000,2021-07-10,Bridged Token Value (Dollar),,,,,,,,,,,6128398.640000001,,67921909.09279999
1625961600000,2021-07-11,Bridged Token Value (Dollar),,,,,,,,,,,6128398.640000001,,67921909.09279999
1626048000000,2021-07-12,Bridged Token Value (Dollar),,,,,,,,,,,6128398.640000001,,67921909.09279999
1626134400000,2021-07-13,Bridged Token Value (Dollar),,,,,,,,,,,6128398.640000001,,67921909.09279999
1626220800000,2021-07-14,Bridged Token Value (Dollar),,,,,,,,,,,6128398.640000001,,67921909.09279999
1626307200000,2021-07-15,Bridged Token Value (Dollar),,,,,,,,,,,6128398.640000001,,67921909.09279999
1626393600000,2021-07-16,Bridged Token Value (Dollar),,,,,,,,,,,6076398.640000001,,67921909.09279999
1626480000000,2021-07-17,Bridged Token Value (Dollar),,,,,,,,,,,6076398.640000001,,67921909.09279999
1626566400000,2021-07-18,Bridged Token Value (Dollar),,,,,,,,,,,6076398.640000001,,67921909.09279999
1626652800000,2021-07-19,Bridged Token Value (Dollar),,,,,,,,,,,6076398.640000001,,67921909.09279999
1626739200000,2021-07-20,Bridged Token Value (Dollar),,,,,,,,,,,6076398.640000001,,67921909.09279999
1626825600000,2021-07-21,Bridged Token Value (Dollar),,,,,,,,,,,6076398.640000001,,67921909.09279999
1626912000000,2021-07-22,Bridged Token Value (Dollar),,,,,,,,,,,6076398.640000001,,67921909.09279999
1626998400000,2021-07-23,Bridged Token Value (Dollar),,,,,,,,,,,6076398.640000001,,67921909.09279999
1627084800000,2021-07-24,Bridged Token Value (Dollar),,,,,,,,,,,6076398.640000001,,67921909.09279999
1627171200000,2021-07-25,Bridged Token Value (Dollar),,,,,,,,,,,6076398.640000001,,67921909.09279999
1627257600000,2021-07-26,Bridged Token Value (Dollar),,,,,,,,,,,6076398.640000001,,67921909.09279999
1627344000000,2021-07-27,Bridged Token Value (Dollar),,,,,,,,,,,6076398.640000001,,67921909.09279999
1627430400000,2021-07-28,Bridged Token Value (Dollar),,,,,,,,,,,6076398.640000001,,67921909.09279999
1627516800000,2021-07-29,Bridged Token Value (Dollar),,,,,,,,,,,6076398.640000001,,67921909.09279999
1627603200000,2021-07-30,Bridged Token Value (Dollar),,,,,,,,,,,6076398.640000001,,67921909.09279999
1627689600000,2021-07-31,Bridged Token Value (Dollar),,,,,,,,,,,6076398.640000001,,67921909.09279999
1627776000000,2021-08-01,Bridged Token Value (Dollar),,,,,,,,,,,6076398.640000001,,67921909.09279999
1627862400000,2021-08-02,Bridged Token Value (Dollar),,,,,,,,,,,6076398.640000001,,68042205.4728
1627948800000,2021-08-03,Bridged Token Value (Dollar),,,,,,,,,,,6076398.640000001,,68042205.4728
1628035200000,2021-08-04,Bridged Token Value (Dollar),,,,,,,,,,,6076398.640000001,,68042205.4728
1628121600000,2021-08-05,Bridged Token Value (Dollar),,,,,,,,,,,6076398.640000001,,68042205.4728
1628208000000,2021-08-06,Bridged Token Value (Dollar),,,,,,,,,,,6076398.640000001,,68042205.4728
1628294400000,2021-08-07,Bridged Token Value (Dollar),,,,,,,,,,,6076398.640000001,,68042205.4728
1628380800000,2021-08-08,Bridged Token Value (Dollar),,,,,,,,,,,6076398.640000001,,68042205.4728
1628467200000,2021-08-09,Bridged Token Value (Dollar),,,,,,,,,,,6076398.640000001,,68042205.4728
1628553600000,2021-08-10,Bridged Token Value (Dollar),,,,,,,,,,,6076398.640000001,,68042205.4728
1628640000000,2021-08-11,Bridged Token Value (Dollar),,,,,,,,,,,6076398.640000001,,68042205.4728
1628726400000,2021-08-12,Bridged Token Value (Dollar),,,,,,,,,,,6076398.640000001,,68042205.4728
1628812800000,2021-08-13,Bridged Token Value (Dollar),,,,,,,,,,,6076398.640000001,,68042205.4728
1628899200000,2021-08-14,Bridged Token Value (Dollar),,,,,,,,,,,6076398.640000001,,68042205.4728
1628985600000,2021-08-15,Bridged Token Value (Dollar),,,,,,,,,,,6076398.640000001,,68042205.4728
1629072000000,2021-08-16,Bridged Token Value (Dollar),,,,,,,,,,,6076398.640000001,,68042205.4728
1629158400000,2021-08-17,Bridged Token Value (Dollar),,,,,,,,,,,6076398.640000001,,68042205.4728
1629244800000,2021-08-18,Bridged Token Value (Dollar),,,,,,,,,,,6076398.640000001,,68042205.4728
1629331200000,2021-08-19,Bridged Token Value (Dollar),,,,,,,,,,,6076398.640000001,,68042205.4728
1629417600000,2021-08-20,Bridged Token Value (Dollar),,,,,,,,,,,6076398.640000001,,88520216.3728
1629504000000,2021-08-21,Bridged Token Value (Dollar),,,,,,,,,,,6076398.640000001,,88520216.3728
1629590400000,2021-08-22,Bridged Token Value (Dollar),,,,,,,,,,,6076398.640000001,,88520216.3728
1629676800000,2021-08-23,Bridged Token Value (Dollar),,,,,,,,,,,6076398.640000001,,88520216.3728
1629763200000,2021-08-24,Bridged Token Value (Dollar),,,,,,,,,,,6076398.640000001,,88520216.3728
1629849600000,2021-08-25,Bridged Token Value (Dollar),,,,,,,,,,,6076398.640000001,,88520216.3728
1629936000000,2021-08-26,Bridged Token Value (Dollar),,,,,,,,,,,6076398.640000001,,88520216.3728
1630022400000,2021-08-27,Bridged Token Value (Dollar),,,,,,,,,,,6076398.640000001,,88520216.3728
1630108800000,2021-08-28,Bridged Token Value (Dollar),,,,,,,,,,,6076398.640000001,,88520216.3728
1630195200000,2021-08-29,Bridged Token Value (Dollar),,,,,,,,,,,6076398.640000001,,88520216.3728
1630281600000,2021-08-30,Bridged Token Value (Dollar),,,,,,,,,,,6076398.640000001,,88520216.3728
1630368000000,2021-08-31,Bridged Token Value (Dollar),,,,,,,,,,,6076398.640000001,,88520216.3728
1630454400000,2021-09-01,Bridged Token Value (Dollar),,,,,,,,,,,6076398.640000001,,88520216.3728
1630540800000,2021-09-02,Bridged Token Value (Dollar),,,,,,,,,,,6076398.640000001,,88520216.3728
1630627200000,2021-09-03,Bridged Token Value (Dollar),,,,,,,,,,,6076398.640000001,,88520216.3728
1630713600000,2021-09-04,Bridged Token Value (Dollar),,,,,,,,,,,6076398.640000001,,88520216.3728
1630800000000,2021-09-05,Bridged Token Value (Dollar),,,,,,,,,,,6076398.640000001,,88520216.3728
1630886400000,2021-09-06,Bridged Token Value (Dollar),,,,,,,,,,,6076398.640000001,,88520216.3728
1630972800000,2021-09-07,Bridged Token Value (Dollar),,,,,,,,,,,6076398.640000001,,88520216.3728
1631059200000,2021-09-08,Bridged Token Value (Dollar),,,,,,,,,,,6076398.640000001,,88892615.3228
1631145600000,2021-09-09,Bridged Token Value (Dollar),,,,,,,,,,,6076398.640000001,,88892615.32280001
1631232000000,2021-09-10,Bridged Token Value (Dollar),,,,,,,,,,,6076398.640000001,,88892615.32280001
1631318400000,2021-09-11,Bridged Token Value (Dollar),,,,,,,,,,,6076398.640000001,,88892615.32280001
1631404800000,2021-09-12,Bridged Token Value (Dollar),,,,,,,,,,,6076398.640000001,,88892615.32280001
1631491200000,2021-09-13,Bridged Token Value (Dollar),,,,,,,,,,,6076398.640000001,,88892615.3228
1631577600000,2021-09-14,Bridged Token Value (Dollar),,,,,,,,,,,6076398.640000001,,88892615.3228
1631664000000,2021-09-15,Bridged Token Value (Dollar),,,,,,,,,,,6076398.640000001,,88892615.32280001
1631750400000,2021-09-16,Bridged Token Value (Dollar),,,,,,,,,,,6076398.640000001,,88892615.32280001
1631836800000,2021-09-17,Bridged Token Value (Dollar),,,,,,,,,,,6076398.640000001,,88892615.32280001
1631923200000,2021-09-18,Bridged Token Value (Dollar),,,,,,,,,,,6076398.640000001,,88892615.32280001
1632009600000,2021-09-19,Bridged Token Value (Dollar),,,,,,,,,,,6076398.640000001,,88892615.32280001
1632096000000,2021-09-20,Bridged Token Value (Dollar),,,3129290.6419321797,,,,,312321471.8306478,,,6076398.640000001,,88892615.3228
1632182400000,2021-09-21,Bridged Token Value (Dollar),131630,,3128446.836092967,,,,,315322929.07205516,,,6076398.640000001,,88892615.3228
1632268800000,2021-09-22,Bridged Token Value (Dollar),131630,,3127970.1036203913,,,,,315351284.3172657,,,6076398.640000001,,88892615.32280001
1632355200000,2021-09-23,Bridged Token Value (Dollar),131630,,3118575.2082275627,,,,,313679811.07883495,,,6076398.640000001,,88892615.3228
1632441600000,2021-09-24,Bridged Token Value (Dollar),131630,,3133100.7652337304,,,,,310705581.1948203,,,6076398.640000001,,88892615.3228
1632528000000,2021-09-25,Bridged Token Value (Dollar),131630,,3127577.825120004,,,,,311862454.73526186,,,6076398.640000001,,88892615.32280001
1632614400000,2021-09-26,Bridged Token Value (Dollar),131630,,3127456.861882175,,,,,311678582.75863194,,,6076398.640000001,,88892615.32280001
1632700800000,2021-09-27,Bridged Token Value (Dollar),132630,,3128226.7876651185,,,,,311065302.95193595,,,6076398.640000001,,88892615.32280001
1632787200000,2021-09-28,Bridged Token Value (Dollar),132630,,3121106.628819033,,,,,311759584.3594608,,,6076398.640000001,,88892615.32280001
1632873600000,2021-09-29,Bridged Token Value (Dollar),132630,,3118454.940350495,,,,,309096592.8908392,,,6076398.640000001,,88892615.3228
1632960000000,2021-09-30,Bridged Token Value (Dollar),132630,,3096374.629320071,,,,,312794906.0227474,,,6835948.47,,103696379.69800001
1633046400000,2021-10-01,Bridged Token Value (Dollar),132630,,3088508.215380919,,,,,317169160.8598565,,,6835948.47,,103696379.69800001
1633132800000,2021-10-02,Bridged Token Value (Dollar),132630,,3094206.028204922,,,,,318273230.89313334,,,6835948.47,,103696379.69800001
1633219200000,2021-10-03,Bridged Token Value (Dollar),132630,,3094206.028204922,,,,,318184199.85827667,,,6835948.47,,103696379.69800001
1633305600000,2021-10-04,Bridged Token Value (Dollar),132630,,3097542.767402464,,,,,318812257.649796,,,6835948.47,,103696379.69800001
1633392000000,2021-10-05,Bridged Token Value (Dollar),132630,,3099968.1175417285,,,,,319436177.57801193,,,6835948.47,,103696379.69800001
1633478400000,2021-10-06,Bridged Token Value (Dollar),132630,,3094417.7278792565,,,,,318394138.4486061,,,6835948.47,,103696379.69800001
1633564800000,2021-10-07,Bridged Token Value (Dollar),132630,,3083404.8652951294,,,,,318860050.8125458,,,6835948.47,,103696379.69800001
1633651200000,2021-10-08,Bridged Token Value (Dollar),132630,,3084944.797874708,,,,,317264279.2678557,,,6835948.47,,103696379.69800001
1633737600000,2021-10-09,Bridged Token Value (Dollar),132630,,3088833.545796799,,,,,317663083.9233881,,,6835948.47,,103696379.69800001
1633824000000,2021-10-10,Bridged Token Value (Dollar),132630,,3088833.545796799,,,,,317755155.57831573,,,6835948.47,,103696379.69800001
1633910400000,2021-10-11,Bridged Token Value (Dollar),132630,,3086275.6535218214,,,,,317188179.97841936,,,6835948.47,,103696379.69800001
1633996800000,2021-10-12,Bridged Token Value (Dollar),132630,,3083155.483911562,,,,,317292825.9163277,,,6835948.47,,103696379.69800001
1634083200000,2021-10-13,Bridged Token Value (Dollar),132630,,3077104.3437051065,,,,,318308221.0041683,,,6835948.47,,103696379.69800001
1634169600000,2021-10-14,Bridged Token Value (Dollar),132630,,3094884.2870374992,,,,,323931732.6100839,,,6835948.47,,103696379.69800001
1634256000000,2021-10-15,Bridged Token Value (Dollar),132630,,3093269.873645085,,,,,324539239.5264845,,,6835948.47,,103696379.69800001
1634342400000,2021-10-16,Bridged Token Value (Dollar),132630,,3095171.4703010987,,,,,319500041.82239956,,,6835948.47,,103696379.69800001
1634428800000,2021-10-17,Bridged Token Value (Dollar),132630,,3095171.4703010987,,,,,319318096.00816804,,,6835948.47,,103696379.69800001
1634515200000,2021-10-18,Bridged Token Value (Dollar),132630,,3095350.9869073667,,,,,319899240.88041437,,,6835948.47,,103696379.69800001
1634601600000,2021-10-19,Bridged Token Value (Dollar),123346,,3099226.4354970837,,,,,319621240.54328287,,,6835948.47,,103696379.69800001
1634688000000,2021-10-20,Bridged Token Value (Dollar),123346,,3103920.130216804,,,,,319374787.79338896,,,6835948.47,,103696379.69800001
1634774400000,2021-10-21,Bridged Token Value (Dollar),123346,,3109852.5817368585,,,,,319420151.7361439,,,6835948.47,,103696379.69800001
1634860800000,2021-10-22,Bridged Token Value (Dollar),123346,,3102296.2786335456,,,,,320128118.7867082,,,6835948.47,,103696379.69800001
1634947200000,2021-10-23,Bridged Token Value (Dollar),123346,,3107900.330708962,,,,,321066871.3181031,,,6835948.47,,103696379.69800001
1635033600000,2021-10-24,Bridged Token Value (Dollar),123346,,3107900.330708962,,,,,321172772.5530453,,,6835948.47,,103696379.69800001
1635120000000,2021-10-25,Bridged Token Value (Dollar),123346,,3105509.5407680254,,,,,320124298.93044156,,,6835948.47,,103696379.69800001
1635206400000,2021-10-26,Bridged Token Value (Dollar),123346,,3097758.5200490328,,,,,322468840.91628873,,,6835948.47,,103696379.69800001
1635292800000,2021-10-27,Bridged Token Value (Dollar),123346,,3094572.035723027,,,,,320437184.84570295,,,6835948.47,,103696379.69800001
1635379200000,2021-10-28,Bridged Token Value (Dollar),123346,,3095243.274444868,,,,,320108308.2264779,,,6835948.47,,103696379.69800001
1635465600000,2021-10-29,Bridged Token Value (Dollar),123346,,3118075.9749895856,,,,,320898836.46416837,,,6835948.47,,103696379.69800001
1635552000000,2021-10-30,Bridged Token Value (Dollar),123346,,3085008.995113197,,,,,318048314.12096244,,,6835948.47,,103696379.69800001
1635638400000,2021-10-31,Bridged Token Value (Dollar),123346,,3085008.995113197,,,,,318054673.4974008,,,6835948.47,,103696379.69800001
1635724800000,2021-11-01,Bridged Token Value (Dollar),123346,,3084242.369361686,,,,,318706777.27615905,,,6835948.47,,103696379.69800001
1635811200000,2021-11-02,Bridged Token Value (Dollar),123346,,3095286.3585302886,,,,,321106923.22241044,,,6835948.47,,103696379.69800001
1635897600000,2021-11-03,Bridged Token Value (Dollar),123346,,3089913.7050956776,,,,,317716710.0968266,,,6835948.47,,103696379.69800001
1635984000000,2021-11-04,Bridged Token Value (Dollar),123346,,3099615.2342470344,,,,,318671839.63339335,,,6835948.47,,103696379.69800001
1636070400000,2021-11-05,Bridged Token Value (Dollar),123346,,3083148.3593219128,,,,,322273277.12101203,,,6835948.47,,103696379.69800001
1636156800000,2021-11-06,Bridged Token Value (Dollar),123346,,3082767.241773417,,,,,327075278.9793171,,,6835948.47,,103696379.69800001
1636243200000,2021-11-07,Bridged Token Value (Dollar),123346,,3082767.241773417,,,,,326911888.39135665,,,6835948.47,,103696379.69800001
1636329600000,2021-11-08,Bridged Token Value (Dollar),123346,,3087064.7184321564,,,,,480924220.09961545,,,6835948.47,,103696379.69800001
1636416000000,2021-11-09,Bridged Token Value (Dollar),123346,,3092104.955501266,,,,,484110801.650333,,,6835948.47,,103696379.69800001
1636502400000,2021-11-10,Bridged Token Value (Dollar),123346,,3094227.5556622786,,,,,484787486.5081943,,,6835948.47,,103696379.69800001
1636588800000,2021-11-11,Bridged Token Value (Dollar),123346,,3065784.3765308065,,,,,490448239.0038437,,,6835948.47,,103696379.69800001
1636675200000,2021-11-12,Bridged Token Value (Dollar),123346,,3054907.573398036,,,,,499518123.23423123,,,6835948.47,,103696379.69800001
1636761600000,2021-11-13,Bridged Token Value (Dollar),123346,,3053537.236434835,,,,,500219981.8474786,,,6835948.47,,103696379.69800001
1636848000000,2021-11-14,Bridged Token Value (Dollar),123346,,3053537.236434835,,,,,500140004.23426455,,,6835948.47,,103696379.69800001
1636934400000,2021-11-15,Bridged Token Value (Dollar),123346,,3053187.857467519,,,,,504399981.0760582,,,6835948.47,,103696379.69800001
1637020800000,2021-11-16,Bridged Token Value (Dollar),123346,,3033008.0592268035,,,,,505872893.60155284,,,6835948.47,,103696379.69800001
1637107200000,2021-11-17,Bridged Token Value (Dollar),123346,,3020309.6483411933,,,,,505785183.2234775,,,6835948.47,,103696379.69800001
1637193600000,2021-11-18,Bridged Token Value (Dollar),123346,,3020672.058967801,,,,,509574976.9879178,,,6835948.47,,103696379.69800001
1637280000000,2021-11-19,Bridged Token Value (Dollar),123346,,3033732.1785003752,,,,,508570597.68515104,,,6835948.47,,103696379.69800001
1637366400000,2021-11-20,Bridged Token Value (Dollar),123346,,3010088.680421112,,,,,504519716.9064331,,,6835948.47,,103696379.69800001
1637452800000,2021-11-21,Bridged Token Value (Dollar),123346,,3010088.680421112,,,,,504686123.54562616,,,6835948.47,,103696379.69800001
1637539200000,2021-11-22,Bridged Token Value (Dollar),123346,,3009219.6936578527,,,,,508042451.3781798,,,6835948.47,,103696379.69800001
1637625600000,2021-11-23,Bridged Token Value (Dollar),123346,,2999781.524982337,,,,,500079436.6830833,,,6835948.47,,103696379.69800001
1637712000000,2021-11-24,Bridged Token Value (Dollar),123346,,3000253.7137518553,,,,,497509696.316167,,,6718948.47,,103696379.69800001
1637798400000,2021-11-25,Bridged Token Value (Dollar),123346,,2989862.9307396156,,,,,498236915.30957294,,,6718948.47,,103696379.69800001
1637884800000,2021-11-26,Bridged Token Value (Dollar),123346,,2991173.348071468,,,,,536037025.9956002,,,6718948.47,,103696379.69800001
1637971200000,2021-11-27,Bridged Token Value (Dollar),123346,,3020309.6483411933,,,,,536321020.5413959,,,6718948.47,,103696379.69800001
1638057600000,2021-11-28,Bridged Token Value (Dollar),123346,,3020309.6483411933,,,,,536229895.1756015,,,6718948.47,,103696379.69800001
1638144000000,2021-11-29,Bridged Token Value (Dollar),123346,,3013042.2302054884,,,,,541650517.8080511,,,6718948.47,,103696379.69800001
1638230400000,2021-11-30,Bridged Token Value (Dollar),123346,,3013042.2302054884,,,,,541650517.8080511,,,6718948.47,,103696379.69800001
1638316800000,2021-12-01,Bridged Token Value (Dollar),123346,,3013042.2302054884,,,,,541650517.8080511,,,6718948.47,,103696379.69800001
1638403200000,2021-12-02,Bridged Token Value (Dollar),123346,,3013042.2302054884,,,,,542653389.3558046,,,6718948.47,,103696379.69800001
1638489600000,2021-12-03,Bridged Token Value (Dollar),123346,,3013042.2302054884,,,,,542653389.3558046,,,6718948.47,,103696379.69800001
1638576000000,2021-12-04,Bridged Token Value (Dollar),123346,,3013042.2302054884,,,,,542653389.3558044,,,6718948.47,,103696379.69800001
1638662400000,2021-12-05,Bridged Token Value (Dollar),123346,,3013042.2302054884,,,,,542653389.3558044,,,6718948.47,,103696379.69800001
1638748800000,2021-12-06,Bridged Token Value (Dollar),123346,,3013042.2302054884,,,,,542653389.3558044,,,6718948.47,,103696379.69800001
1638835200000,2021-12-07,Bridged Token Value (Dollar),123346,,3013042.2302054884,,,,,542653389.3558044,,,6718948.47,,103696379.69800001
1638921600000,2021-12-08,Bridged Token Value (Dollar),123346,,3008069.736915539,,,,,540164528.6440896,,,6718948.47,,103696379.69800001
1639008000000,2021-12-09,Bridged Token Value (Dollar),123346,,3027193.1837934842,,,,,539379533.9261799,,,6718948.47,,103696379.69800001
1639094400000,2021-12-10,Bridged Token Value (Dollar),123346,,3013484.5715699373,,,,,537976488.9957767,,,6718948.47,,103696379.69800001
1639180800000,2021-12-11,Bridged Token Value (Dollar),123346,,3019827.7085798457,,,,,539872830.66032,,,6718948.47,,103696379.69800001
1639267200000,2021-12-12,Bridged Token Value (Dollar),123346,,3019827.7085798457,,,,,539802713.8033483,,,6718948.47,,103696379.69800001
1639353600000,2021-12-13,Bridged Token Value (Dollar),123346,,3018410.1254983116,,,,,540250696.2979057,,,6718948.47,,103696379.69800001
1639440000000,2021-12-14,Bridged Token Value (Dollar),123346,,3018410.1254983116,,,,,540920690.76488,,,6718948.47,,103696379.69800001
1639526400000,2021-12-15,Bridged Token Value (Dollar),123346,,3004510.1115217446,,,,,542645668.4569418,,,6718948.47,,103696379.69800001
1639612800000,2021-12-16,Bridged Token Value (Dollar),123346,,3013161.309336086,,,,,546991171.2224841,,,6718948.47,,103696379.69800001
1639699200000,2021-12-17,Bridged Token Value (Dollar),123346,,3024619.7547711097,,,,,556953505.6112602,,,6718948.47,,103696379.69800001
1639785600000,2021-12-18,Bridged Token Value (Dollar),123346,,2998837.593189752,,,,,557410152.6882122,,,6718948.47,,103696379.69800001
1639872000000,2021-12-19,Bridged Token Value (Dollar),123346,,2998837.593189752,,,,,556931249.282238,,,6718948.47,,103696379.69800001
1639958400000,2021-12-20,Bridged Token Value (Dollar),116630,,3000000.7369972933,,,,,556821799.8980615,,,6718948.47,,103710065.99800003
1640044800000,2021-12-21,Bridged Token Value (Dollar),116630,,3009077.173425452,,,,,553900114.6893802,,,6718948.47,,103710065.99800003
1640131200000,2021-12-22,Bridged Token Value (Dollar),116630,,3011851.956351448,,,,,535216684.0448589,,,6718948.47,,103710065.99800001
1640217600000,2021-12-23,Bridged Token Value (Dollar),116630,,3022701.1124178474,,,,,539847445.9346722,,,6718948.47,,103710065.99800001
1640304000000,2021-12-24,Bridged Token Value (Dollar),116630,,3021537.4095398122,,,,,544000850.1891145,,,6718948.47,,103710065.99800001
1640390400000,2021-12-25,Bridged Token Value (Dollar),116630,,3026132.4007920553,,,,,543056875.5806631,,,6718948.47,,103710065.99800003
1640476800000,2021-12-26,Bridged Token Value (Dollar),116630,,3026132.4007920553,,,,,543415199.9542092,,,6718948.47,,103710065.99800001
1640563200000,2021-12-27,Bridged Token Value (Dollar),116630,,3021657.16111021,,,,,544202005.7872136,,,6718948.47,,103710065.99800001
1640649600000,2021-12-28,Bridged Token Value (Dollar),116630,,3023180.5447684424,,,,,545264168.6701132,,,6718948.47,,103710065.99800001
1640736000000,2021-12-29,Bridged Token Value (Dollar),116630,,3019291.2615586272,,,,,544044330.6898738,,,6718948.47,,103710065.99800003
1640822400000,2021-12-30,Bridged Token Value (Dollar),116630,,3031250.922167676,,,,,543089430.9955411,,,6718948.47,,103710065.99800001
1640908800000,2021-12-31,Bridged Token Value (Dollar),116630,,3021708.4861176177,,,,,546040905.0297443,,,6661521.56,,109188212.8396
1640995200000,2022-01-01,Bridged Token Value (Dollar),116630,,3034422.1374331643,,,,,550160318.420038,,,6661521.56,,109188212.8396
1641081600000,2022-01-02,Bridged Token Value (Dollar),116630,,3034422.1374331643,,,,,550325310.4182847,,,6661521.56,,109188212.8396
1641168000000,2022-01-03,Bridged Token Value (Dollar),116630,,3034801.7486344445,,,,,550187810.2157995,,,6661521.56,,109188212.8396
1641254400000,2022-01-04,Bridged Token Value (Dollar),116630,,3014948.6264418694,,,,,548749192.4777334,,,6661521.56,,109188212.8396
1641340800000,2022-01-05,Bridged Token Value (Dollar),116630,,3011002.3363419836,,,,,552181937.604069,,,6661521.56,,109188212.8396
1641427200000,2022-01-06,Bridged Token Value (Dollar),116630,,3018963.3368873303,,,,,545901728.9899997,,,6661521.56,,109188212.8396
1641513600000,2022-01-07,Bridged Token Value (Dollar),116630,,3013831.73035108,,,,,543273405.3861349,,,6661521.56,,109188212.8396
1641600000000,2022-01-08,Bridged Token Value (Dollar),116630,,3031819.184852625,,,,,545641903.9809093,,,6661521.56,,109188212.8396
1641686400000,2022-01-09,Bridged Token Value (Dollar),116630,,3031819.184852625,,,,,545265757.1222725,,,6661521.56,,109188212.8396
1641772800000,2022-01-10,Bridged Token Value (Dollar),116630,,3029564.609133733,,,,,544422804.5846028,,,6661521.56,,109188212.8396
1641859200000,2022-01-11,Bridged Token Value (Dollar),116630,,3023397.524980781,,,,,546934613.5818923,,,6661521.56,,109188212.8396
1641945600000,2022-01-12,Bridged Token Value (Dollar),116630,,3033378.184677476,,,,,555058958.4222994,,,6661521.56,,109188212.8396
1642032000000,2022-01-13,Bridged Token Value (Dollar),116630,,3052801.405273359,,,,,555738519.9496391,,,6661521.56,,109188212.8396
1642118400000,2022-01-14,Bridged Token Value (Dollar),116630,,3057397.475378286,,,,,555086702.492118,,,6661521.56,,109188212.8396
1642204800000,2022-01-15,Bridged Token Value (Dollar),116630,,3046333.0371400784,,,,,553795108.7871007,,,6661521.56,,109188212.8396
1642291200000,2022-01-16,Bridged Token Value (Dollar),116630,,3046333.0371400784,,,,,554049760.316077,,,6661521.56,,109188212.8396
1642377600000,2022-01-17,Bridged Token Value (Dollar),116630,,3044751.4925069744,,,,,553088456.0719981,,,6661521.56,,109188212.8396
1642464000000,2022-01-18,Bridged Token Value (Dollar),116630,,3044456.2211399237,,,,,559407224.2808278,,,6661521.56,,109188212.8396
1642550400000,2022-01-19,Bridged Token Value (Dollar),116630,,3023390.6738802283,,,,,558202279.8160244,,,6661521.56,,109188212.8396
1642636800000,2022-01-20,Bridged Token Value (Dollar),116630,,3026844.135400085,,,,,565401976.8859459,,,6661521.56,,109188212.8396
1642723200000,2022-01-21,Bridged Token Value (Dollar),116630,,3018387.3986053485,,,,,567842278.1549366,,,6661521.56,,109188212.8396
1642809600000,2022-01-22,Bridged Token Value (Dollar),116630,,3027290.5396675277,,,,,566981741.8349847,,,6661521.56,,109188212.8396
1642896000000,2022-01-23,Bridged Token Value (Dollar),116630,,3027290.5396675277,,,,,566981741.8349847,,,6661521.56,,109188212.8396
1642982400000,2022-01-24,Bridged Token Value (Dollar),116630,,3026277.734925646,,,,,566874035.7681887,,,6661521.56,,109188212.8396
1643068800000,2022-01-25,Bridged Token Value (Dollar),116630,,3026277.734925646,,,,,569102788.451968,,,6661521.56,,109188212.8396
1643155200000,2022-01-26,Bridged Token Value (Dollar),366630,,3016207.2914195457,,,,,575185909.4944625,,,6661521.56,,109188212.8396
1643241600000,2022-01-27,Bridged Token Value (Dollar),366630,,2999438.718089178,,,,,577180833.4197005,,,6661521.56,,109188212.8396
1643328000000,2022-01-28,Bridged Token Value (Dollar),366630,,2973863.458915166,,,,,578024280.2429888,,,6661521.56,,109188212.8396
1643414400000,2022-01-29,Bridged Token Value (Dollar),366630,,2974761.8870584457,,,,,576061939.6058543,,,6661521.56,,109188212.8396
1643500800000,2022-01-30,Bridged Token Value (Dollar),366630,,2974761.8870584457,,,,,576061939.6058542,,,6661521.56,,109188212.8396
1643587200000,2022-01-31,Bridged Token Value (Dollar),366630,,2975275.992248683,,,,,578548927.6027919,,,6661521.56,,109188212.8396
1643673600000,2022-02-01,Bridged Token Value (Dollar),366630,,2996743.9559189593,,,,,582269542.6555139,,,6661521.56,,109188212.8396
1643760000000,2022-02-02,Bridged Token Value (Dollar),366630,,3008064.1005660444,,,,,583458648.2542452,,,6661521.56,,109188212.8396
1643846400000,2022-02-03,Bridged Token Value (Dollar),366630,,3015385.877707697,,,,,585334714.3648847,,,6661521.56,,109188212.8396
1643932800000,2022-02-04,Bridged Token Value (Dollar),366630,,3051750.5209835744,,,,,584517666.8343036,,,6663653.64,,109188212.8396
1644019200000,2022-02-05,Bridged Token Value (Dollar),366630,,3055230.6327289976,,,,,585674208.4992164,,,6663653.64,,109188212.8396
1644105600000,2022-02-06,Bridged Token Value (Dollar),366630,,3055230.6327289976,,,,,585674208.4992163,,,6663653.64,,109188212.8396
1644192000000,2022-02-07,Bridged Token Value (Dollar),2458899.7861710787,,3055909.4095899463,,,,,585527826.5425807,,,6663653.64,,109188212.8396
1644278400000,2022-02-08,Bridged Token Value (Dollar),2458900.355267671,,3052808.390313704,,,,,585369816.1947951,,,6663653.64,,109188212.8396
1644364800000,2022-02-09,Bridged Token Value (Dollar),2459311.474364662,,3047411.514424267,,,,,587504994.5286057,,,6681053.64,,109188212.8396
1644451200000,2022-02-10,Bridged Token Value (Dollar),2460520.4935701196,,3047909.262969174,,,,,587475634.8395145,,,6681053.64,,109188212.8396
1644537600000,2022-02-11,Bridged Token Value (Dollar),2460528.2042778693,,3045776.7023142367,,,,,592379634.5273131,,,6681053.64,,109188212.8396
1644624000000,2022-02-12,Bridged Token Value (Dollar),2460528.2042778693,,3028530.8607701673,,,,,592699519.5299578,,,6681053.64,,109188212.8396
1644710400000,2022-02-13,Bridged Token Value (Dollar),2460528.2042778693,,3028530.8607701673,,,,,592699519.5299578,,,6681053.64,,109188212.8396
1644796800000,2022-02-14,Bridged Token Value (Dollar),2460695.2238143226,,3032985.139459699,,,,,593226012.0154065,,,6681053.64,,109188212.8396
1644883200000,2022-02-15,Bridged Token Value (Dollar),2461162.7933992175,,3017250.893317304,,,,,627246204.1841986,,,6681053.64,,109188212.8396
1644969600000,2022-02-16,Bridged Token Value (Dollar),2461122.863111202,,3030419.060192762,,,,,624030615.4805768,,,6681053.64,,109194006.13960001
1645056000000,2022-02-17,Bridged Token Value (Dollar),2461207.1528126616,,3035262.0776295713,,,,,631475230.2135981,,,6681053.64,,109194006.13960001
1645142400000,2022-02-18,Bridged Token Value (Dollar),2411109.4317130293,,3032967.902966007,,,,,665645194.0891463,,,6681053.64,,109194006.13960001
1645228800000,2022-02-19,Bridged Token Value (Dollar),2411109.4317130293,,3021329.902885446,,,,,664876116.6873478,,,6681053.64,,109194006.13960001
1645315200000,2022-02-20,Bridged Token Value (Dollar),2411109.4317130293,,3021329.902885446,,,,,664876116.6873478,,,6681053.64,,109194006.13960001
1645401600000,2022-02-21,Bridged Token Value (Dollar),2411109.4317130293,,3020198.0176767614,,,,,667484951.701079,,,6681053.64,,109194006.13960001
1645488000000,2022-02-22,Bridged Token Value (Dollar),2411632.989856731,,3017056.4421570767,,,,,682820693.198498,,,6681053.64,,109194006.13960001
1645574400000,2022-02-23,Bridged Token Value (Dollar),2414639.5481435414,,3023174.8801051783,,,,,694459692.9546206,,,6681053.64,,109194006.13960001
1645660800000,2022-02-24,Bridged Token Value (Dollar),2414740.10725113,,3016902.9457863625,,,,,718080135.5825061,,,6681053.64,,103918806.13960001
1645747200000,2022-02-25,Bridged Token Value (Dollar),2420908.7867012387,,2986347.328686741,,,,,783485001.9031384,,,6681053.64,,103918806.13960001
1645833600000,2022-02-26,Bridged Token Value (Dollar),2420908.7867012387,,3008047.146161034,,,,,777411110.8383553,,,6681053.64,,103918806.13960001
1645920000000,2022-02-27,Bridged Token Value (Dollar),2420908.7867012387,,3008047.146161034,,,,,777411110.8383553,,,6681053.64,,103918806.13960001
1646006400000,2022-02-28,Bridged Token Value (Dollar),2553091.585469834,,2983892.8926997962,,,,,785522915.5546854,,,6681053.64,,103918806.13960001
1646092800000,2022-03-01,Bridged Token Value (Dollar),2553293.6845615506,,2993046.554369399,,,,,785270320.1522262,,,6681053.64,,103918806.13960001
1646179200000,2022-03-02,Bridged Token Value (Dollar),2553284.283708457,,2970721.5758953937,,,,,799714000.9553608,,,6681053.64,,103918806.13960001
1646265600000,2022-03-03,Bridged Token Value (Dollar),2554204.8828527527,,2966428.3870246653,,,,,794202351.5635442,,,6681053.64,,108440406.13960001
1646352000000,2022-03-04,Bridged Token Value (Dollar),2421146.463964355,,2953296.060592151,,,,,796595888.0454254,,,6681053.64,,108440406.13960001
1646438400000,2022-03-05,Bridged Token Value (Dollar),2421146.463964355,,2921336.116470288,,,,,815766408.4431665,,,6681053.64,,108440406.13960001
1646524800000,2022-03-06,Bridged Token Value (Dollar),2421146.463964355,,2921336.116470288,,,,,815766408.4431665,,,6681053.64,,108440406.13960001
1646611200000,2022-03-07,Bridged Token Value (Dollar),2420412.0229471764,,2899512.833227975,,,,,840657401.5128784,,,6681053.64,,108440406.13960001
1646697600000,2022-03-08,Bridged Token Value (Dollar),2420407.031575634,,2899292.3092071074,,,,,859888892.0797651,,,6681053.64,,108440406.13960001
1646784000000,2022-03-09,Bridged Token Value (Dollar),2420407.5902020372,,2907695.871886891,,,,,901507287.1735566,,,6681053.64,,108440406.13960001
1646870400000,2022-03-10,Bridged Token Value (Dollar),2420433.1488285298,,2954276.950509867,,,,,886851924.2078903,,,6681053.64,,108440406.13960001
1646956800000,2022-03-11,Bridged Token Value (Dollar),2415614.80739724,,2938854.674113192,,,,,895151063.0443231,,,6681053.64,,108089464.03960001
1647043200000,2022-03-12,Bridged Token Value (Dollar),2415614.80739724,,2911820.623238294,,,,,896146718.4214021,,,6681053.64,,108089464.03960001
1647129600000,2022-03-13,Bridged Token Value (Dollar),2415614.80739724,,2911820.623238294,,,,,896146718.4214021,,,6681053.64,,108089464.03960001
1647216000000,2022-03-14,Bridged Token Value (Dollar),2415465.3667711513,,2918285.0376185626,,,,,892129755.9836951,,,6681053.64,,108089464.03960001
1647302400000,2022-03-15,Bridged Token Value (Dollar),2415696.006006956,,2920616.7015607962,,,,,887201826.4432402,,,6681053.64,,107851740.91960001
1647388800000,2022-03-16,Bridged Token Value (Dollar),2315717.1247968944,,2927023.951416139,,,,,876159667.183491,,,6681053.64,,107851740.91960001
1647475200000,2022-03-17,Bridged Token Value (Dollar),2315778.7146598734,,2940960.01008226,,,,,881355039.9257816,,,6681053.64,,107851740.91960001
1647561600000,2022-03-18,Bridged Token Value (Dollar),2315590.1743535865,,2961522.9685119838,,,,,889810793.5939118,,,6681053.64,,107851740.91960001
1647648000000,2022-03-19,Bridged Token Value (Dollar),2315590.1743535865,,2951989.2201427487,,,,,880011049.1330892,,,6681053.64,,107851740.91960001
1647734400000,2022-03-20,Bridged Token Value (Dollar),2315590.1743535865,,2951989.2201427487,,,,,880011049.1330892,,,6681053.64,,107851740.91960001
1647820800000,2022-03-21,Bridged Token Value (Dollar),2316239.8238397418,,2946675.782976697,,,,,878562938.5902104,,,6681053.64,,107851740.91960001
1647907200000,2022-03-22,Bridged Token Value (Dollar),2315028.315176333,,2939858.381310635,,,,,885235280.0033906,,,6681053.64,,107754168.5596
1647993600000,2022-03-23,Bridged Token Value (Dollar),2315028.315176333,,2942873.620676082,,,,,879181159.6802356,,,6681053.64,,107281086.7396
1648080000000,2022-03-24,Bridged Token Value (Dollar),2315083.453758017,,2936655.3925495916,,,,,890756081.8746909,,,6681053.64,,107701974.0896
1648166400000,2022-03-25,Bridged Token Value (Dollar),2315253.583582008,,2937431.2336096754,,,,,897152509.6626165,,,6681053.64,,107701974.0896
1648252800000,2022-03-26,Bridged Token Value (Dollar),2315253.583582008,,2930914.0046658656,,,,,896461218.8063132,,,6681053.64,,107701974.0896
1648339200000,2022-03-27,Bridged Token Value (Dollar),2315253.583582008,,2930914.0046658656,,,,,896461218.8063132,,,6681053.64,,107701974.0896
1648425600000,2022-03-28,Bridged Token Value (Dollar),2315260.2615136243,,2930559.9362458675,,,,,900394938.9530606,,,6681053.64,,107701974.0896
1648512000000,2022-03-29,Bridged Token Value (Dollar),2314764.7558710803,,2933646.4250826593,,,,,885348985.5649196,,,6681053.64,,107701974.0896
1648598400000,2022-03-30,Bridged Token Value (Dollar),2314773.0744062467,,2959814.8271307927,,,,,882889061.0733764,,,6681053.64,,107701974.0896
1648684800000,2022-03-31,Bridged Token Value (Dollar),2324861.424146881,,2977948.882953382,,,,,890786398.0819495,,,6393077.19,,107605627.75960001
1648771200000,2022-04-01,Bridged Token Value (Dollar),2324889.7711594757,,2954734.922155704,,,,,891216800.780848,,,6397534.95,,107605627.75960001
1648857600000,2022-04-02,Bridged Token Value (Dollar),2324889.771466876,,2948225.4586744034,,,,,886195311.8149394,,,6397534.95,,107605627.75960001
1648944000000,2022-04-03,Bridged Token Value (Dollar),2324889.771466876,,2948225.4586744034,,,,,886195311.8149394,,,6397534.95,,107605627.75960001
1649030400000,2022-04-04,Bridged Token Value (Dollar),2324901.53081695,,2946916.591991701,,,,,885302766.9938982,,,6397534.95,,107605627.75960001
1649116800000,2022-04-05,Bridged Token Value (Dollar),2325019.5396162476,,2928504.811295927,,,,,888345314.1984557,,,6397534.95,,107605627.75960001
1649203200000,2022-04-06,Bridged Token Value (Dollar),2325034.2079544906,,2910289.92798362,,,,,884163125.3111565,,,6397534.95,,107605627.75960001
1649289600000,2022-04-07,Bridged Token Value (Dollar),2325051.026730152,,2908044.4366866504,,,,,885128491.5937054,,,6397534.95,,107605627.75960001
1649376000000,2022-04-08,Bridged Token Value (Dollar),2315155.2349212845,,2908044.4366866504,,,,,885128491.5937054,,,6397534.95,,107605627.75960001
1649462400000,2022-04-09,Bridged Token Value (Dollar),2315155.2349212845,,2902161.7405114225,,,,,896688957.855205,,,6397534.95,,107605627.75960001
1649548800000,2022-04-10,Bridged Token Value (Dollar),2315155.2349212845,,2902161.7405114225,,,,,896688957.855205,,,6397534.95,,107605627.75960001
1649635200000,2022-04-11,Bridged Token Value (Dollar),2319620.8236702885,,2904929.3328151912,,,,,894038157.3595543,,,6397534.95,,107605627.75960001
1649721600000,2022-04-12,Bridged Token Value (Dollar),2329641.609352432,,2902603.6956784157,,,,,898069180.569164,,,6397534.95,,107605627.75960001
1649808000000,2022-04-13,Bridged Token Value (Dollar),2329662.5546870143,,2889494.0617801575,,,,,904016415.0644916,,,6397534.95,,107605627.75960001
1649894400000,2022-04-14,Bridged Token Value (Dollar),2329922.424436167,,2907600.8232612778,,,,,909250879.5667896,,,6397534.95,,107605627.75960001
1649980800000,2022-04-15,Bridged Token Value (Dollar),2329922.424436167,,2887008.7672650726,,,,,906962438.8745533,,,6397534.95,,107605627.75960001
1650067200000,2022-04-16,Bridged Token Value (Dollar),2329922.424436167,,2885763.04137909,,,,,908020041.6500535,,,6397534.95,,107605627.75960001
1650153600000,2022-04-17,Bridged Token Value (Dollar),2329922.424436167,,2885763.04137909,,,,,908020041.6500535,,,6397534.95,,107605627.75960001
1650240000000,2022-04-18,Bridged Token Value (Dollar),2316218.379217351,,2886065.7881025453,,,,,912200152.7095616,,,6397534.95,,107605627.75960001
1650326400000,2022-04-19,Bridged Token Value (Dollar),2316290.2282546507,,2877066.7668093857,,,,,911205435.508747,,,6397534.95,,107605627.75960001
1650412800000,2022-04-20,Bridged Token Value (Dollar),2326653.7877738713,,2879861.2714879694,,,,,897750810.4288709,,,6397534.95,,107605627.75960001
1650499200000,2022-04-21,Bridged Token Value (Dollar),2326801.246828172,,2894920.268123325,,,,,903413219.5889573,,,6397534.95,,107605627.75960001
1650585600000,2022-04-22,Bridged Token Value (Dollar),2326850.214796658,,2891372.590936663,,,,,903640007.4928747,,,6397534.95,,107605627.75960001
1650672000000,2022-04-23,Bridged Token Value (Dollar),2326850.214796658,,2881758.4133005436,,,,,899510056.4137739,,,6397534.95,,107605627.75960001
1650758400000,2022-04-24,Bridged Token Value (Dollar),2326850.214796658,,2881758.4133005436,,,,,899510056.4137739,,,6397534.95,,107605627.75960001
1650844800000,2022-04-25,Bridged Token Value (Dollar),2326764.933749109,,2884328.19965091,,,,,898128133.3702401,,,6397534.95,,107605627.75960001
1650931200000,2022-04-26,Bridged Token Value (Dollar),2326787.4125769907,,2858972.588870358,,,,,887294657.9688623,,,6397534.95,,107605627.75960001
1651017600000,2022-04-27,Bridged Token Value (Dollar),2327310.0210337485,,2840596.483650207,,,,,888922526.5429456,,,6397534.95,,107605627.75960001
1651104000000,2022-04-28,Bridged Token Value (Dollar),2327220.5462884936,,2816812.151571298,,,,,884371188.9158815,,,6397534.95,,107605627.75960001
1651190400000,2022-04-29,Bridged Token Value (Dollar),2327265.994739995,,2802847.177719697,,,,,895858409.2714207,,,6397534.95,,107605627.75960001
1651276800000,2022-04-30,Bridged Token Value (Dollar),2327265.994739995,,2813782.5228534164,,,,,896828148.3512489,,,6397534.95,,107605627.75960001
1651363200000,2022-05-01,Bridged Token Value (Dollar),2327265.994739995,,2813782.5228534164,,,,,896828148.351249,,,6397534.95,,107605627.75960001
1651449600000,2022-05-02,Bridged Token Value (Dollar),2327691.3329713056,,2812270.15107396,,,,,896666101.7606304,,,6397534.95,,107605627.75960001
1651536000000,2022-05-03,Bridged Token Value (Dollar),2327713.1811551927,,2804113.6751518855,,,,,883354074.711159,,,6397534.95,,107605627.75960001
1651622400000,2022-05-04,Bridged Token Value (Dollar),2327710.300745571,,2808747.59807172,,,,,889289459.6608462,,,6397534.95,,107605627.75960001
1651708800000,2022-05-05,Bridged Token Value (Dollar),2327991.969326689,,2834260.5672535016,,,,,902378255.2276357,,,6397534.95,,107605627.75960001
1651795200000,2022-05-06,Bridged Token Value (Dollar),2328770.3561580796,,2812922.347305656,,,,,891684179.9073249,,,6397534.95,,107605627.75960001
1651881600000,2022-05-07,Bridged Token Value (Dollar),2328770.3561580796,,2814702.6027889512,,,,,897864121.8463535,,,6397534.95,,107605627.75960001
1651968000000,2022-05-08,Bridged Token Value (Dollar),2328770.3561580796,,2814702.6027889512,,,,,897864121.8463535,,,6397534.95,,107605627.75960001
1652054400000,2022-05-09,Bridged Token Value (Dollar),2331032.0751889087,,2810522.5715393517,,,,,894720211.9375201,,,6397534.95,,107605627.75960001
1652140800000,2022-05-10,Bridged Token Value (Dollar),2331102.3232259005,,2819401.4068719624,,,,,882950425.8697386,,,6397534.95,,107605627.75960001
1652227200000,2022-05-11,Bridged Token Value (Dollar),2331148.291879415,,2809812.3130158656,,,,,873053463.8309894,,,6397534.95,,107605627.75960001
1652313600000,2022-05-12,Bridged Token Value (Dollar),2330705.5142805334,,2805115.902308508,,,,,882703407.2461386,,,6397534.95,,107605627.75960001
1652400000000,2022-05-13,Bridged Token Value (Dollar),2330944.862582576,,2769510.078305402,,,,,867238013.011283,,,6397534.95,,107605627.75960001
1652486400000,2022-05-14,Bridged Token Value (Dollar),2330944.862582576,,2778044.5115278093,,,,,862639111.0513289,,,6397534.95,,107605627.75960001
1652572800000,2022-05-15,Bridged Token Value (Dollar),2330944.862582576,,2778044.5115278093,,,,,862639111.0513289,,,6397534.95,,107605627.75960001
1652659200000,2022-05-16,Bridged Token Value (Dollar),2341370.9210184924,,2776007.0486479006,,,,,863922121.1023357,,,6397534.95,,107605627.75960001
1652745600000,2022-05-17,Bridged Token Value (Dollar),2340351.660153831,,2785468.1735175075,,,,,871488842.7381606,,,6397534.95,,107605627.75960001
1652832000000,2022-05-18,Bridged Token Value (Dollar),2341603.152580431,,2814851.059133575,,,,,866005165.9713573,,,6397534.95,,107605627.75960001
1652918400000,2022-05-19,Bridged Token Value (Dollar),2341744.8909522025,,2794159.9098941763,,,,,866532030.8923037,,,6397534.95,,107605627.75960001
1653004800000,2022-05-20,Bridged Token Value (Dollar),2338797.2654049033,,2823100.0778104966,,,,,882689223.0008425,,,6397534.95,,107605627.75960001
1653091200000,2022-05-21,Bridged Token Value (Dollar),2338797.2654049033,,2818537.79302671,,,,,885828152.584369,,,6397534.95,,107605627.75960001
1653177600000,2022-05-22,Bridged Token Value (Dollar),2338797.2654049033,,2818537.79302671,,,,,885828152.584369,,,6397534.95,,107605627.75960001
1653264000000,2022-05-23,Bridged Token Value (Dollar),2339429.1856074044,,2820817.0907023237,,,,,885213885.8601866,,,6397534.95,,107605627.75960001
1653350400000,2022-05-24,Bridged Token Value (Dollar),2340290.5238498757,,2850543.365752294,,,,,890936816.6196562,,,6397534.95,,107605627.75960001
1653436800000,2022-05-25,Bridged Token Value (Dollar),2340590.5336828865,,2864527.5675466023,,,,,896764930.408049,,,6397534.95,,107605627.75960001
1653523200000,2022-05-26,Bridged Token Value (Dollar),2332951.0829048976,,2864527.5675466023,,,,,896764930.408049,,,6397534.95,,107605627.75960001
1653609600000,2022-05-27,Bridged Token Value (Dollar),1832518.6089029084,,2864072.538041337,,,,,889917668.8909936,,,6397534.95,,107605627.75960001
1653696000000,2022-05-28,Bridged Token Value (Dollar),1832518.6089029084,,2864665.949778088,,,,,891569223.2642012,,,6397534.95,,107605627.75960001
1653782400000,2022-05-29,Bridged Token Value (Dollar),1832518.6089029084,,2864665.949778088,,,,,891569223.2642012,,,6397534.95,,107605627.75960001
1653868800000,2022-05-30,Bridged Token Value (Dollar),1832518.6089029084,,2862898.7378208283,,,,,888878351.6422126,,,6397534.95,,107605627.75960001
1653955200000,2022-05-31,Bridged Token Value (Dollar),1834185.6681927831,,2874927.9833093127,,,,,890521529.3164059,,,6397534.95,,107607927.75960001
1654041600000,2022-06-01,Bridged Token Value (Dollar),1834939.2517521118,,2865327.293912785,,,,,883031974.886504,,,6397534.95,,107607927.75960001
1654128000000,2022-06-02,Bridged Token Value (Dollar),1854208.9020601967,,2842557.289531864,,,,,890024383.2440698,,,6397534.95,,107607927.75960001
1654214400000,2022-06-03,Bridged Token Value (Dollar),1854044.116807416,,2868592.3433430847,,,,,898887193.2647874,,,6397534.95,,107607927.75960001
1654300800000,2022-06-04,Bridged Token Value (Dollar),1854044.116807416,,2860535.6226060325,,,,,890246598.6578938,,,6397534.95,,107607927.75960001
1654387200000,2022-06-05,Bridged Token Value (Dollar),1854044.116807416,,2860535.6226060325,,,,,890246598.6578938,,,6397534.95,,107607927.75960001
1654473600000,2022-06-06,Bridged Token Value (Dollar),1853802.637963956,,2862284.56638353,,,,,889033861.9177322,,,6397534.95,,107607927.75960001
1654560000000,2022-06-07,Bridged Token Value (Dollar),1805856.1309119351,,2852859.4931876897,,,,,882239788.4602289,,,6397534.95,,107607927.75960001
1654646400000,2022-06-08,Bridged Token Value (Dollar),1756014.1917881628,,2854867.814071263,,,,,888401918.3905003,,,6397534.95,,107607927.75960001
1654732800000,2022-06-09,Bridged Token Value (Dollar),1756086.8872830155,,2859554.6958732465,,,,,889448766.9998649,,,6397534.95,,107607927.75960001
1654819200000,2022-06-10,Bridged Token Value (Dollar),1756274.2760480577,,2834104.036480312,,,,,886988028.0543618,,,6397534.95,,107607927.75960001
1654905600000,2022-06-11,Bridged Token Value (Dollar),1756274.2760480577,,2806635.346850207,,,,,906665810.0006292,,,6397534.95,,107607927.75960001
1654992000000,2022-06-12,Bridged Token Value (Dollar),1756274.2760480577,,2806635.346850207,,,,,906665810.0006292,,,6397534.95,,107607927.75960001
1655078400000,2022-06-13,Bridged Token Value (Dollar),1755627.5162555098,,2799025.180204581,,,,,900859954.5643957,,,6397534.95,,107607927.75960001
1655164800000,2022-06-14,Bridged Token Value (Dollar),1755681.7974602412,,2779143.959453053,,,,,875945186.8698565,,,6397534.95,,107607927.75960001
1655251200000,2022-06-15,Bridged Token Value (Dollar),1755979.5071125296,,2784508.9902621643,,,,,873032887.0604321,,,6397534.95,,107607927.75960001
1655337600000,2022-06-16,Bridged Token Value (Dollar),1756191.5062909708,,2790244.8429424763,,,,,884502520.7924321,,,6397534.95,,107607927.75960001
1655424000000,2022-06-17,Bridged Token Value (Dollar),1756496.4749584426,,2814346.3714436777,,,,,892567430.739666,,,6397534.95,,107607927.75960001
1655510400000,2022-06-18,Bridged Token Value (Dollar),1756496.4749584426,,2800629.1488575167,,,,,886954963.6950634,,,6397534.95,,107607927.75960001
1655596800000,2022-06-19,Bridged Token Value (Dollar),1756496.4749584426,,2800629.1488575167,,,,,886954963.6950632,,,6397534.95,,107607927.75960001
1655683200000,2022-06-20,Bridged Token Value (Dollar),1756496.4749584426,,2799436.279044531,,,,,885836191.6638598,,,6397534.95,,107607927.75960001
1655769600000,2022-06-21,Bridged Token Value (Dollar),1756763.7040746475,,2806974.8651428367,,,,,883115059.4071383,,,6397534.95,,107607927.75960001
1655856000000,2022-06-22,Bridged Token Value (Dollar),1755613.354081439,,2811173.957363376,,,,,879467779.813758,,,6397534.95,,107607927.75960001
1655942400000,2022-06-23,Bridged Token Value (Dollar),1754991.502754862,,2818805.754492677,,,,,881644482.9393854,,,6397534.95,,107607927.75960001
1656028800000,2022-06-24,Bridged Token Value (Dollar),1752026.794042716,,2807270.165218071,,,,,876870561.6571746,,,6397534.95,,107607927.75960001
1656115200000,2022-06-25,Bridged Token Value (Dollar),1752026.794042716,,2817050.0454452755,,,,,877889885.8133789,,,6397534.95,,107607927.75960001
1656201600000,2022-06-26,Bridged Token Value (Dollar),1752026.794042716,,2817050.0454452755,,,,,877889885.8133788,,,6397534.95,,107607927.75960001
1656288000000,2022-06-27,Bridged Token Value (Dollar),1752250.2835702747,,2819699.327473728,,,,,879201107.5935948,,,6397534.95,,107607927.75960001
1656374400000,2022-06-28,Bridged Token Value (Dollar),1752331.523575194,,2823368.907502711,,,,,876844261.0634494,,,6397534.95,,107607927.75960001
1656460800000,2022-06-29,Bridged Token Value (Dollar),1752414.7027520356,,2807920.0441404963,,,,,873865852.2809389,,,6397534.95,,107607927.75960001
1656547200000,2022-06-30,Bridged Token Value (Dollar),1752489.5017264723,,2787621.473541956,,,,,874220586.8567725,,,4841377.8,,93022937.6744
1656633600000,2022-07-01,Bridged Token Value (Dollar),1752972.482894811,,2796121.5662636356,,,,,868747965.9831214,,,4841377.8,,93022937.6744
1656720000000,2022-07-02,Bridged Token Value (Dollar),1752972.482894811,,2782813.1445358847,,,,,871173444.1430649,,,4841377.8,,93022937.6744
1656806400000,2022-07-03,Bridged Token Value (Dollar),1752972.482894811,,2782813.1445358847,,,,,871173444.1430649,,,4841377.8,,93022937.6744
1656892800000,2022-07-04,Bridged Token Value (Dollar),1752972.482894811,,2783898.9447884127,,,,,870621458.0841235,,,4841377.8,,93022937.6744
1656979200000,2022-07-05,Bridged Token Value (Dollar),1753140.77161022,,2783957.0328405937,,,,,872665384.3661795,,,4841377.8,,93022937.6744
1657065600000,2022-07-06,Bridged Token Value (Dollar),1753230.2612405033,,2740709.460473419,,,,,862594906.1869144,,,4841377.8,,93022937.6744
1657152000000,2022-07-07,Bridged Token Value (Dollar),1753321.6604907098,,2717501.5586822517,,,,,852649312.6054871,,,4841377.8,,93022937.6744
1657238400000,2022-07-08,Bridged Token Value (Dollar),1754100.2792581194,,2712129.5011642883,,,,,856176250.9490392,,,4841377.8,,93022937.6744
1657324800000,2022-07-09,Bridged Token Value (Dollar),1754100.2792581194,,2718055.1622592695,,,,,857083643.3433822,,,4841377.8,,93022937.6744
1657411200000,2022-07-10,Bridged Token Value (Dollar),1754100.2792581194,,2718055.1622592695,,,,,857083643.3433824,,,4841377.8,,93022937.6744
1657497600000,2022-07-11,Bridged Token Value (Dollar),1754243.0179982304,,2718055.1622592695,,,,,856990179.4429774,,,4841377.8,,93022937.6744
1657584000000,2022-07-12,Bridged Token Value (Dollar),1757332.7672315228,,2681019.0581356687,,,,,853503674.1719927,,,4841377.8,,93026387.6744
1657670400000,2022-07-13,Bridged Token Value (Dollar),1707500.3671431579,,2676453.2507678336,,,,,852331225.3462487,,,4841377.8,,93026387.6744
1657756800000,2022-07-14,Bridged Token Value (Dollar),1707598.396922893,,2677231.97643073,,,,,855596558.537219,,,4841377.8,,93026387.6744
1657843200000,2022-07-15,Bridged Token Value (Dollar),1708109.055809968,,2675201.8357065744,,,,,845735083.9053918,,,4841377.8,,93026387.6744
1657929600000,2022-07-16,Bridged Token Value (Dollar),1708109.055809968,,2691652.70183788,,,,,843709430.2986584,,,4841377.8,,93026387.6744
1658016000000,2022-07-17,Bridged Token Value (Dollar),1708109.055809968,,2691652.70183788,,,,,843709430.2986584,,,4841377.8,,93026387.6744
1658102400000,2022-07-18,Bridged Token Value (Dollar),1708481.1054660662,,2694316.0900121545,,,,,844900119.3699307,,,4841377.8,,93026387.6744
1658188800000,2022-07-19,Bridged Token Value (Dollar),1710334.3643579383,,2707108.160073892,,,,,844000926.7932825,,,4841377.8,,93026387.6744
1658275200000,2022-07-20,Bridged Token Value (Dollar),1710578.3840842682,,2730152.092846365,,,,,844905059.9884868,,,4841377.8,,93026387.6744
1658361600000,2022-07-21,Bridged Token Value (Dollar),1710670.6528541334,,2717062.5343998526,,,,,837551962.5178332,,,4841377.8,,93026387.6744
1658448000000,2022-07-22,Bridged Token Value (Dollar),1710977.4816194437,,2727279.3639541557,,,,,849042938.3841002,,,4841377.8,,93026387.6744
1658534400000,2022-07-23,Bridged Token Value (Dollar),1710977.4816194437,,2725545.472354117,,,,,853401089.3003877,,,4841377.8,,93026387.6744
1658620800000,2022-07-24,Bridged Token Value (Dollar),1710977.4816194437,,2725545.472354117,,,,,853401089.3003879,,,4841377.8,,93026387.6744
1658707200000,2022-07-25,Bridged Token Value (Dollar),1711201.6305954414,,2721782.0177076817,,,,,852330809.6736689,,,4841377.8,,93026387.6744
1658793600000,2022-07-26,Bridged Token Value (Dollar),1711289.9193120429,,2728071.036629203,,,,,850035427.0768772,,,4841377.8,,93026387.6744
1658880000000,2022-07-27,Bridged Token Value (Dollar),1711319.3080128601,,2702926.8529573516,,,,,849571892.9252329,,,4841377.8,,93026387.6744
1658966400000,2022-07-28,Bridged Token Value (Dollar),1709717.850805144,,2723387.5835109325,,,,,859872053.6843221,,,4841377.8,,93026387.6744
1659052800000,2022-07-29,Bridged Token Value (Dollar),1709970.3997394778,,2719672.9600097407,,,,,867638341.8295586,,,4841377.8,,93026387.6744
1659139200000,2022-07-30,Bridged Token Value (Dollar),1709970.3997394778,,2728617.148672158,,,,,873440607.2026845,,,4841377.8,,93026387.6744
1659225600000,2022-07-31,Bridged Token Value (Dollar),1709970.3997394778,,2728617.148672158,,,,,873440607.2026845,,,4841377.8,,93026387.6744
1659312000000,2022-08-01,Bridged Token Value (Dollar),1711208.5996562338,,2723800.244546464,,,,,871416151.3721049,,,4841377.8,,93026387.6744
1659398400000,2022-08-02,Bridged Token Value (Dollar),1711316.469553005,,2738247.383453372,,,,,876211650.7042522,,,4841377.8,,93026387.6744
1659484800000,2022-08-03,Bridged Token Value (Dollar),1711506.308883843,,2709901.690550691,,,,,873545711.3467748,,,4841377.8,,88606821.1544
1659571200000,2022-08-04,Bridged Token Value (Dollar),1711589.2082307672,,2710471.315573094,,,,,877101402.3482147,,,4841377.8,,88606821.1544
1659657600000,2022-08-05,Bridged Token Value (Dollar),1731877.2891593056,,2734577.002336553,,,,,891604687.2424934,,,4841377.8,,88606821.1544
1659744000000,2022-08-06,Bridged Token Value (Dollar),1731877.2891593056,,2717384.8077313476,,,,,883109981.8897668,,,4841377.8,,88606821.1544
1659830400000,2022-08-07,Bridged Token Value (Dollar),1731877.2891593056,,2717384.8077313476,,,,,883109981.8897667,,,4841377.8,,88606821.1544
1659916800000,2022-08-08,Bridged Token Value (Dollar),1732007.688122074,,2714099.714275073,,,,,882510108.4961625,,,4841377.8,,88606821.1544
1660003200000,2022-08-09,Bridged Token Value (Dollar),1732095.5633238598,,2721220.7004823424,,,,,889736207.3622241,,,4841377.8,,88606821.1544
1660089600000,2022-08-10,Bridged Token Value (Dollar),1732209.8620433912,,2723966.154590063,,,,,892270613.4040301,,,4841377.8,,88606821.1544
1660176000000,2022-08-11,Bridged Token Value (Dollar),1732791.8219003272,,2748318.577442218,,,,,891069583.4747838,,,4841377.8,,88606821.1544
1660262400000,2022-08-12,Bridged Token Value (Dollar),1733068.3718061491,,2752832.2676057993,,,,,889739068.4420253,,,4841377.8,,88606821.1544
1660348800000,2022-08-13,Bridged Token Value (Dollar),1733068.3718061491,,2738540.079514226,,,,,896537698.1225653,,,4841377.8,,88606821.1544
1660435200000,2022-08-14,Bridged Token Value (Dollar),1733068.3718061491,,2738540.079514226,,,,,896537698.1225654,,,4841377.8,,88606821.1544
1660521600000,2022-08-15,Bridged Token Value (Dollar),1733363.8209364654,,2736365.6235460015,,,,,894824291.7006799,,,4841377.8,,88606821.1544
1660608000000,2022-08-16,Bridged Token Value (Dollar),1733699.3306202008,,2711598.2809479563,,,,,884517576.472297,,,4841377.8,,88606821.1544
1660694400000,2022-08-17,Bridged Token Value (Dollar),1733764.8400521798,,2713867.8370955745,,,,,883183689.5214587,,,4841377.8,,88606821.1544
1660780800000,2022-08-18,Bridged Token Value (Dollar),1733854.039887038,,2715886.989760296,,,,,877712740.7645887,,,4841377.8,,88606821.1544
1660867200000,2022-08-19,Bridged Token Value (Dollar),1733160.2791862718,,2692301.6863913652,,,,,874495570.2652887,,,4841377.8,,88606821.1544
1660953600000,2022-08-20,Bridged Token Value (Dollar),1733160.2791862718,,2679177.6472144853,,,,,869013989.1504248,,,4841377.8,,88606821.1544
1661040000000,2022-08-21,Bridged Token Value (Dollar),1733160.2791862718,,2679177.6472144853,,,,,868973375.6364694,,,4841377.8,,88606821.1544
1661126400000,2022-08-22,Bridged Token Value (Dollar),1743369.9287051333,,2677929.9864826626,,,,,868035708.5832741,,,4841377.8,,88606821.1544
1661212800000,2022-08-23,Bridged Token Value (Dollar),1743438.7976762836,,2652040.1202025143,,,,,862883420.6593512,,,4841377.8,,88606821.1544
1661299200000,2022-08-24,Bridged Token Value (Dollar),1743510.437587586,,2659464.6810035985,,,,,868366245.0449871,,,4841377.8,,88606821.1544
1661385600000,2022-08-25,Bridged Token Value (Dollar),1743704.3163376336,,2659797.2102676583,,,,,871572575.135502,,,4841377.8,,88606821.1544
1661472000000,2022-08-26,Bridged Token Value (Dollar),1743920.1259950597,,2660545.269058799,,,,,874257212.0459974,,,4841377.8,,88606821.1544
1661558400000,2022-08-27,Bridged Token Value (Dollar),1743920.1259950597,,2659088.0129241296,,,,,865578939.1108,,,4841377.8,,88606821.1544
1661644800000,2022-08-28,Bridged Token Value (Dollar),1743920.1259950597,,2659088.0129241296,,,,,865578939.1108,,,4841377.8,,88606821.1544
1661731200000,2022-08-29,Bridged Token Value (Dollar),1744041.9051364106,,2651580.056371345,,,,,862759134.0976257,,,4841377.8,,88606821.1544
1661817600000,2022-08-30,Bridged Token Value (Dollar),1744103.8144204367,,2671477.272868208,,,,,854504741.5063934,,,4841377.8,,88606821.1544
1661904000000,2022-08-31,Bridged Token Value (Dollar),1744178.78324763,,2674950.1212221244,,,,,846662013.1665165,,,4841377.8,,88606821.1544
1661990400000,2022-09-01,Bridged Token Value (Dollar),1743456.672854128,,2678839.7509727175,,,,,827685061.3782444,,,4841377.8,,88606821.1544
1662076800000,2022-09-02,Bridged Token Value (Dollar),1743761.4726219124,,2655634.4300328903,,,,,821766028.4663737,,,4841377.8,,88606821.1544
1662163200000,2022-09-03,Bridged Token Value (Dollar),1743761.4726219124,,2656875.2696338957,,,,,828990969.0845473,,,4841377.8,,88606821.1544
1662249600000,2022-09-04,Bridged Token Value (Dollar),1743761.4726219124,,2656875.2696338957,,,,,828990969.0845473,,,4841377.8,,88606821.1544
1662336000000,2022-09-05,Bridged Token Value (Dollar),1743761.4726219124,,2644071.942705819,,,,,827222754.0717139,,,4841377.8,,88606821.1544
1662422400000,2022-09-06,Bridged Token Value (Dollar),1743944.3116740389,,2655303.2519286876,,,,,829805306.4635015,,,4841377.8,,88606821.1544
1662508800000,2022-09-07,Bridged Token Value (Dollar),1743977.4013451075,,2641028.6988593317,,,,,824671064.7002538,,,4841377.8,,88606821.1544
1662595200000,2022-09-08,Bridged Token Value (Dollar),1744060.4201747463,,2667299.130982307,,,,,828146467.0452142,,,4841377.8,,88606821.1544
1662681600000,2022-09-09,Bridged Token Value (Dollar),1744309.4889549448,,4161039.6626053434,,,,,826096164.6406873,,,4841377.8,,88606821.1544
1662768000000,2022-09-10,Bridged Token Value (Dollar),1744309.4889549448,,4205032.794159154,,,,,829111642.8285557,,,4841377.8,,88606821.1544
1662854400000,2022-09-11,Bridged Token Value (Dollar),1744309.4889549448,,4205604.073566197,,,,,829111642.8285558,,,4841377.8,,88606821.1544
1662940800000,2022-09-12,Bridged Token Value (Dollar),1744417.4976034856,,4662161.9586165035,,,,,829704706.2032795,,,4841377.8,,88606821.1544
1663027200000,2022-09-13,Bridged Token Value (Dollar),1744480.5168945738,,5201511.207811289,,,,,833243741.2421365,,,4841377.8,,88606821.1544
1663113600000,2022-09-14,Bridged Token Value (Dollar),1744563.505621606,,5182986.101857126,,,,,821935094.459054,,,4841377.8,,88606821.1544
1663200000000,2022-09-15,Bridged Token Value (Dollar),1744880.4550410218,,5227537.4288145285,,,,,819710098.3366201,,,4841377.8,,88606821.1544
1663286400000,2022-09-16,Bridged Token Value (Dollar),1745180.2549874047,,5370754.218193824,,,,,793239986.6169825,,,4841377.8,,82667316.4244
1663372800000,2022-09-17,Bridged Token Value (Dollar),1745180.2549874047,,5385710.850650722,,,,,799156556.5223855,,,4841377.8,,82667316.4244
1663459200000,2022-09-18,Bridged Token Value (Dollar),1745180.2549874047,,5385885.26398398,,,,,799156556.5223855,,,4841377.8,,82667316.4244
1663545600000,2022-09-19,Bridged Token Value (Dollar),1795536.7537125077,,5546975.684113333,,,,,800400744.915071,,,4841377.8,,82667316.4244
1663632000000,2022-09-20,Bridged Token Value (Dollar),1795770.5232099625,,5563829.202231327,,,,,789927845.774982,,,4841377.8,,82667316.4244
1663718400000,2022-09-21,Bridged Token Value (Dollar),1795863.2722607816,,5532061.374123059,,,,,785797774.2361543,,,4841377.8,,82667316.4244
1663804800000,2022-09-22,Bridged Token Value (Dollar),1795870.1609432774,,5454339.6703832615,,,,,786143703.4548768,,,4841377.8,,82667316.4244
1663891200000,2022-09-23,Bridged Token Value (Dollar),1745969.7302637245,,5459497.305549373,,,,,781712807.9218608,,,4841377.8,,82667316.4244
1663977600000,2022-09-24,Bridged Token Value (Dollar),1745969.7302637245,,5376517.026503068,,,,,768561992.9346175,,,4841377.8,,82667316.4244
1664064000000,2022-09-25,Bridged Token Value (Dollar),1745969.7302637245,,5376517.026503068,,,,,768561992.9346175,,,4841377.8,,82667316.4244
1664150400000,2022-09-26,Bridged Token Value (Dollar),1746189.530215339,,5374699.585031208,,,,,768374249.0891575,,,4841377.8,,82667316.4244
1664236800000,2022-09-27,Bridged Token Value (Dollar),1746286.859859024,,5338284.227940401,,,,,761732785.485573,,,4841377.8,,82667316.4244
1664323200000,2022-09-28,Bridged Token Value (Dollar),1716384.1895025896,,5363369.804390735,,,,,768789122.4956806,,,4841377.8,,82670766.4244
1664409600000,2022-09-29,Bridged Token Value (Dollar),1715478.5592607276,,5425300.041305649,,,,,777237699.260953,,,4841377.8,,82670766.4244
1664496000000,2022-09-30,Bridged Token Value (Dollar),1715576.698707335,,5493705.712008191,,,,,780887026.6405575,,,4437929.65,,85586309.19
1664582400000,2022-10-01,Bridged Token Value (Dollar),1715576.698707335,,5479259.090591529,,,,,779321003.3636683,,,4437929.65,,85586309.19
1664668800000,2022-10-02,Bridged Token Value (Dollar),1715576.698707335,,5478702.661930998,,,,,779378207.8881378,,,4437929.65,,85586309.19
1664755200000,2022-10-03,Bridged Token Value (Dollar),1716010.5218011988,,5473180.536661522,,,,,773812766.336873,,,4437929.65,,85586309.19
1664841600000,2022-10-04,Bridged Token Value (Dollar),1716096.8714823993,,5495431.043023955,,,,,790913616.3018279,,,4437929.65,,85586309.19
1664928000000,2022-10-05,Bridged Token Value (Dollar),1716302.2303920987,,5579993.207237515,,,4781.221980604961,,802984179.6846465,,,4437929.65,,85586309.19
1665014400000,2022-10-06,Bridged Token Value (Dollar),1716403.069206563,,5539318.492477825,,,13800.052896575575,,800987358.5989196,,,4437929.65,,85586309.19
1665100800000,2022-10-07,Bridged Token Value (Dollar),1716546.1580549297,,5471068.733477954,,,22227.587623671283,,798024765.4794171,,,4437929.65,,85586309.19
1665187200000,2022-10-08,Bridged Token Value (Dollar),1716546.1580549297,,5444735.978002876,,,28167.311843106127,,790132542.9666474,,,4437929.65,,85586309.19
1665273600000,2022-10-09,Bridged Token Value (Dollar),1716546.1580549297,,5444735.978002876,,,37504.78448667575,,790132542.9666474,,,4437929.65,,85586309.19
1665360000000,2022-10-10,Bridged Token Value (Dollar),1716675.964291387,,5440900.901572924,,,40890.447724579644,,791187948.4427254,,,4437929.65,,85586309.19
1665446400000,2022-10-11,Bridged Token Value (Dollar),1716775.814310335,,5462633.87482878,,,55602.549981366305,,778470795.3029778,,,4437929.65,,85586309.19
1665532800000,2022-10-12,Bridged Token Value (Dollar),1716882.3937494152,,5458427.319487663,,,71756.69367002243,,776342673.1983132,,,4437929.65,,85586309.19
1665619200000,2022-10-13,Bridged Token Value (Dollar),1716979.9536868888,,5462680.876730496,,,83380.69895132078,,780681971.6689672,,,4437929.65,,85586309.19
1665705600000,2022-10-14,Bridged Token Value (Dollar),1718296.4233233735,,5494490.408897882,,,86320.96672586784,,774865521.3470335,,,4437929.65,,85586309.19
1665792000000,2022-10-15,Bridged Token Value (Dollar),1718296.4233233735,,5482348.30178855,,,88431.26622293761,,765997814.9416037,,,4437929.65,,85586309.19
1665878400000,2022-10-16,Bridged Token Value (Dollar),1718296.4233233735,,5482311.1936149495,,,90861.25683808283,,766114478.084187,,,4437929.65,,85586309.19
1665964800000,2022-10-17,Bridged Token Value (Dollar),1718665.5223101613,,5517773.891268684,,,99033.70927012082,,767313734.6789368,,,4437929.65,,85586309.19
1666051200000,2022-10-18,Bridged Token Value (Dollar),1715284.0510323052,,5592809.068937747,,,425756.57693374547,,768866191.483514,,,4437929.65,,85586309.19
1666137600000,2022-10-19,Bridged Token Value (Dollar),1715445.9208745426,,5605781.824546802,,,427492.3821800439,,769845644.2278334,,,4437929.65,,85586309.19
1666224000000,2022-10-20,Bridged Token Value (Dollar),1715690.1503427278,,5557924.885389658,,,428820.29731636913,,758179351.9091423,,,4437929.65,,85586309.19
1666310400000,2022-10-21,Bridged Token Value (Dollar),1716028.439702487,,5565791.623534925,,,429778.6026137187,,757883537.0325174,,,4437929.65,,85586309.19
1666396800000,2022-10-22,Bridged Token Value (Dollar),1716028.439702487,,5613355.917118669,,,431051.67364854814,,772231723.1741853,,,4437929.65,,85586309.19
1666483200000,2022-10-23,Bridged Token Value (Dollar),1716028.439702487,,5614243.449332622,,,431972.7348572507,,772231723.1741853,,,4437929.65,,85586309.19
1666569600000,2022-10-24,Bridged Token Value (Dollar),1716160.9284623095,,5618148.376849115,,,433370.11939825164,,776346364.915497,,,4437929.65,,85586309.19
1666656000000,2022-10-25,Bridged Token Value (Dollar),1716445.3879420399,,5734934.49822541,,,435926.9732389102,,771914777.6546996,,,4437929.65,,85586309.19
1666742400000,2022-10-26,Bridged Token Value (Dollar),1716558.2776274043,,5780069.761244275,,,436991.3687520847,,772355150.8358289,,,4437929.65,,85586309.19
1666828800000,2022-10-27,Bridged Token Value (Dollar),1716670.9964275772,,5854707.697963417,,,438513.3879618106,,779039694.2984675,,,4437929.65,,85586309.19
1666915200000,2022-10-28,Bridged Token Value (Dollar),1717015.4052394244,,5782860.605737079,,,437048.27974287735,,776550138.8956699,,,4437929.65,,85586309.19
1667001600000,2022-10-29,Bridged Token Value (Dollar),1717015.4052394244,,5780984.479482908,,,437010.0217158707,,768569413.4261243,,,4437929.65,,85586309.19
1667088000000,2022-10-30,Bridged Token Value (Dollar),1717015.4052394244,,5780984.479482908,,,437010.0217158707,,768569413.4261243,,,4437929.65,,85586309.19
1667174400000,2022-10-31,Bridged Token Value (Dollar),1717229.4346590685,,5829356.156146593,,,441103.50904398964,,763647298.1761054,,,4437929.65,,85586309.19
1667260800000,2022-11-01,Bridged Token Value (Dollar),1718496.0944964564,,5789166.542274639,,,440262.53977783845,,758378682.3751063,,,4437929.65,,85731079.69
1667347200000,2022-11-02,Bridged Token Value (Dollar),1718611.1833895692,,5865187.75020137,,,442896.0106568285,,765143324.8850332,,,4437929.65,,85731079.69
1667433600000,2022-11-03,Bridged Token Value (Dollar),1718736.6831346513,,5828566.029342851,,,442211.52723259944,,759790968.2437133,,,4437929.65,,86350873.69
1667520000000,2022-11-04,Bridged Token Value (Dollar),2319354.0530452346,,5789486.425539763,,,441386.24503228883,,757889417.3499317,,,4437929.65,,86350873.69
1667606400000,2022-11-05,Bridged Token Value (Dollar),2319354.0530452346,,5923277.249548487,,,444211.63666562387,,781839972.8963131,,,4437929.65,,86350873.69
1667692800000,2022-11-06,Bridged Token Value (Dollar),2319354.0530452346,,5923277.249548487,,,444211.63666562387,,781839972.8963132,,,4437929.65,,86350873.69
1667779200000,2022-11-07,Bridged Token Value (Dollar),2319745.4621390104,,5895708.078252652,,,443629.43152192765,,782692585.458433,,,4437929.65,,86350873.69
1667865600000,2022-11-08,Bridged Token Value (Dollar),2319932.6707844683,,5965029.805651454,,,445420.91959002917,,783255565.9427471,,,4437929.65,,86350873.69
1667952000000,2022-11-09,Bridged Token Value (Dollar),2320809.8774439804,,6001888.691107409,,,446353.5388625317,,800916391.700358,,,4437929.65,,86350873.69
1668038400000,2022-11-10,Bridged Token Value (Dollar),2321034.1270066286,,5965223.926185708,,,445795.71654752,,798363526.9755715,,,4437929.65,,86350873.69
1668124800000,2022-11-11,Bridged Token Value (Dollar),2321627.0768751954,,6068384.334718558,,,448296.1624152497,,819880487.4777036,,,4437929.65,,86350873.69
1668211200000,2022-11-12,Bridged Token Value (Dollar),2321627.0768751954,,6171919.116732065,,,450500.01288684254,,828732224.9540563,,,4437929.65,,86350873.69
1668297600000,2022-11-13,Bridged Token Value (Dollar),2321627.0768751954,,6167767.789000085,,,450411.64735979994,,828732224.9540564,,,4437929.65,,86350873.69
1668384000000,2022-11-14,Bridged Token Value (Dollar),2321969.2364294413,,6149450.747018015,,,450021.74919393426,,804667183.3311977,,,4437929.65,,86350873.69
1668470400000,2022-11-15,Bridged Token Value (Dollar),2323382.8756277477,,6145887.854676381,,,450530.6640023771,,787563934.6245744,,,4437929.65,,86350873.69
1668556800000,2022-11-16,Bridged Token Value (Dollar),2322613.9925171444,,6172904.805208549,,,452090.2052034536,,782393622.7229522,,,4437929.65,,86262330.69
1668643200000,2022-11-17,Bridged Token Value (Dollar),2322859.6424452765,,6193970.569728622,,,452543.9680357559,,779068249.4486393,,,4437929.65,,86262330.69
1668729600000,2022-11-18,Bridged Token Value (Dollar),2334057.3022033805,,6180215.630760971,,,452323.1741110304,,770279178.3378105,,,4437929.65,,86262330.69
1668816000000,2022-11-19,Bridged Token Value (Dollar),2334057.3022033805,,6165924.8953710925,,,452015.17285911663,,766244517.1266686,,,4437929.65,,86262330.69
1668902400000,2022-11-20,Bridged Token Value (Dollar),2334057.3022033805,,6161622.556046764,,,451922.4466374144,,766244517.1266686,,,4437929.65,,86262330.69
1668988800000,2022-11-21,Bridged Token Value (Dollar),2334442.742207739,,6161492.487802419,,,451919.6433399633,,768114696.3744504,,,4437929.65,,86262330.69
1669075200000,2022-11-22,Bridged Token Value (Dollar),2332316.7212963123,,6109462.307042588,,,450798.26222316816,,766710492.1760464,,,4437929.65,,86262330.69
1669161600000,2022-11-23,Bridged Token Value (Dollar),3157706.491279093,,6149478.609269634,,,451805.06486934784,,767180421.6748028,,,4437929.65,,86262330.69
1669248000000,2022-11-24,Bridged Token Value (Dollar),3157706.491279093,,6213363.798982101,,,453183.45083326567,,772095203.611831,,,4437929.65,,86262330.69
1669334400000,2022-11-25,Bridged Token Value (Dollar),3160193.340230871,,6207365.303622151,,,453054.0273808819,,770999235.4100627,,,4437929.65,,86262330.69
1669420800000,2022-11-26,Bridged Token Value (Dollar),3160193.340230871,,6208848.990890073,,,453086.0393967208,,770449750.2404652,,,4437929.65,,86262330.69
1669507200000,2022-11-27,Bridged Token Value (Dollar),3160193.340230871,,6208848.990890073,,,453086.0393967208,,770449750.2404652,,,4437929.65,,86262330.69
1669593600000,2022-11-28,Bridged Token Value (Dollar),29430569.80999946,,6221741.002656324,,,453787.05757368426,,768944556.8209724,,,4437929.65,,86262330.69
1669680000000,2022-11-29,Bridged Token Value (Dollar),29433276.779444385,,6208466.892270155,,,453961.31169424753,,764574973.6410389,,,4437929.65,,86262330.69
1669766400000,2022-11-30,Bridged Token Value (Dollar),28696062.0950478,,6195868.415070381,,,453708.3403023782,,765798363.1293918,,,4322658.75,,86262330.69
1669852800000,2022-12-01,Bridged Token Value (Dollar),53719022.55831566,,6256452.530747686,,,455017.5334191498,,776401037.4682996,,,4322658.75,,86262330.69
1669939200000,2022-12-02,Bridged Token Value (Dollar),53729062.55831566,,6320093.9332859535,,,456420.2429927107,,786914541.0032574,,,4322658.75,,86262330.69
1670025600000,2022-12-03,Bridged Token Value (Dollar),53729062.55831566,,6325802.580965099,,,456544.25632023223,,785154750.1534901,,,4322658.75,,86262330.69
1670112000000,2022-12-04,Bridged Token Value (Dollar),53729062.55831566,,6326824.829415202,,,456566.46340656443,,785154750.15349,,,4322658.75,,86262330.69
1670198400000,2022-12-05,Bridged Token Value (Dollar),53753485.655415654,,6329337.140866509,,,456635.8013197546,,784164901.702679,,,4322658.75,,86262330.69
1670284800000,2022-12-06,Bridged Token Value (Dollar),53771833.38410398,,6307610.549462898,,,456026.9329849011,,770378156.557167,,,4322658.75,,86262330.69
1670371200000,2022-12-07,Bridged Token Value (Dollar),53777154.43401332,,6289913.330561422,,,455674.2277884651,,771212826.0377052,,,4322658.75,,86262330.69
1670457600000,2022-12-08,Bridged Token Value (Dollar),53782610.280791916,,6322975.920050895,,,456259.27603900887,,782460389.8290783,,,4322658.75,,86262330.69
1670544000000,2022-12-09,Bridged Token Value (Dollar),53805563.351646885,,6349798.290317195,,,456841.01052558585,,783335517.5656935,,,4322658.75,,86262330.69
1670630400000,2022-12-10,Bridged Token Value (Dollar),53805563.351646885,,6338462.837998772,,,456595.16262068006,,786953907.4389685,,,4322658.75,,86262330.69
1670716800000,2022-12-11,Bridged Token Value (Dollar),53805563.351646885,,6338360.239749566,,,456592.93742808024,,786953907.4389685,,,4322658.75,,86262330.69
1670803200000,2022-12-12,Bridged Token Value (Dollar),53811023.90923892,,6328337.193760823,,,456590.1800431096,,785894321.7474171,,,4322658.75,,86262330.69
1670889600000,2022-12-13,Bridged Token Value (Dollar),54816311.880550876,,6340452.126417438,,,456855.45272449614,,780319270.032263,,,4322658.75,,86262330.69
1670976000000,2022-12-14,Bridged Token Value (Dollar),54821876.430506974,,6390774.410097,,,457948.5863208721,,790186409.7606295,,,4322658.75,,86262330.69
1671062400000,2022-12-15,Bridged Token Value (Dollar),54819821.06002758,,6421581.52138003,,,458617.7985642038,,790072920.6379814,,,4322658.75,,86262330.69
1671148800000,2022-12-16,Bridged Token Value (Dollar),54837274.61084665,,6399001.244943421,,,458127.2950142161,,776367226.5888015,,,4322658.75,,86262330.69
1671235200000,2022-12-17,Bridged Token Value (Dollar),54837274.61084665,,6369374.983677909,,,457483.73396816815,,783491548.3724046,,,4322658.75,,86262330.69
1671321600000,2022-12-18,Bridged Token Value (Dollar),54837274.61084665,,6369825.401233035,,,457493.5182332273,,783491548.3724047,,,4322658.75,,86262330.69
1671408000000,2022-12-19,Bridged Token Value (Dollar),54733982.75134256,,6366644.437821403,,,457424.41926315194,,782794074.4799054,,,4322658.75,,86262330.69
1671494400000,2022-12-20,Bridged Token Value (Dollar),54769554.41914888,,6383458.2353585195,,,457789.6595826796,,781112760.8572395,,,4322658.75,,86262330.69
1671580800000,2022-12-21,Bridged Token Value (Dollar),54776561.69024671,,6390729.17103244,,,457986.9147571587,,793613009.0571656,,,4322658.75,,86262330.69
1671667200000,2022-12-22,Bridged Token Value (Dollar),54780994.559934326,,6381205.682432173,,,457769.8445448844,,795344071.4087876,,,4322658.75,,86262330.69
1671753600000,2022-12-23,Bridged Token Value (Dollar),54882770.71265325,,6379104.161783446,,39198,457691.1116657169,,786723090.7288527,,,4322658.75,,86262330.69
1671840000000,2022-12-24,Bridged Token Value (Dollar),54882770.71265325,,6397476.490414994,,39550,458090.19599613093,,788873129.0448885,,,4322658.75,,86262330.69
1671926400000,2022-12-25,Bridged Token Value (Dollar),54882770.71265325,,6397932.92736903,,39550,458100.11073474854,,788873129.0448884,,,4322658.75,,86262330.69
1672012800000,2022-12-26,Bridged Token Value (Dollar),54882770.71265325,,6400458.145855914,,39550,458154.9636142717,,788880147.4138194,,,4322658.75,,86262330.69
1672099200000,2022-12-27,Bridged Token Value (Dollar),104889247.46975398,,6403836.86573283,,39550,458326.1721736946,,790291991.1080061,,,4322658.75,,86262330.69
1672185600000,2022-12-28,Bridged Token Value (Dollar),104900608.87083913,,6402077.012982698,,39806,458287.91771302355,,795090150.6893808,,,4322658.75,,86262330.69
1672272000000,2022-12-29,Bridged Token Value (Dollar),104911996.88532053,,6397341.810307854,,39400,458184.9871556341,,791946109.6074015,,,4322658.75,,86262330.69
1672358400000,2022-12-30,Bridged Token Value (Dollar),104934099.03889045,,6420367.739015549,,39713,458612.2866264503,,796140244.8723985,,,4322658.75,,86262330.69
1672444800000,2022-12-31,Bridged Token Value (Dollar),104934099.03889045,,6451280.333363399,,39328,459283.8906522691,,800235886.6888146,,,4322658.75,,85450128.0592
1672531200000,2023-01-01,Bridged Token Value (Dollar),104934099.03889045,,6448443.673401453,,39328,459282.5914746595,,802346072.5396743,,,4322658.75,,85450128.0592
1672617600000,2023-01-02,Bridged Token Value (Dollar),104934099.03889045,,6441757.95801824,,39328,459125.4744558574,,804255310.4796113,,,4322658.75,,85450128.0592
1672704000000,2023-01-03,Bridged Token Value (Dollar),104969353.02530278,,6399547.148225762,,39328,458847.68582840613,,807930080.7781191,,,4322658.75,,85450128.0592
1672790400000,2023-01-04,Bridged Token Value (Dollar),104906837.26278144,,6372809.233370185,,39300,457152.9028917486,,817451769.6480265,,,4322658.75,,85450128.0592
1672876800000,2023-01-05,Bridged Token Value (Dollar),104796158.76503766,,6381421.2445638385,,39854,458174.8910219966,,807651562.2378738,,,4322658.75,,85450128.0592
1672963200000,2023-01-06,Bridged Token Value (Dollar),104835097.8089876,,6385144.385263167,,39200,457398.7731649133,,822932898.8232446,,,4322658.75,,86053579.0592
1673049600000,2023-01-07,Bridged Token Value (Dollar),104835097.8089876,,6415148.377278221,,39995,458568.94992923824,,822932898.8232446,,,4322658.75,,86053579.0592
1673136000000,2023-01-08,Bridged Token Value (Dollar),104835097.8089876,,6415438.852401169,,39995,458565.9247602972,,824394877.7595791,,,4322658.75,,86053579.0592
1673222400000,2023-01-09,Bridged Token Value (Dollar),104832578.25864546,,6448311.3339749025,,39995,458766.0408599879,,824995300.7138722,,,4322658.75,,86053579.0592
1673308800000,2023-01-10,Bridged Token Value (Dollar),104843250.5918752,,6478797.927190745,,40832,460021.57318302547,,827822235.3526224,,,4322658.75,,86053579.0592
1673395200000,2023-01-11,Bridged Token Value (Dollar),104855927.59142494,,6487443.778320184,,40214,460091.78794982494,,827837778.441374,,,4322658.75,,86053579.0592
1673481600000,2023-01-12,Bridged Token Value (Dollar),105068732.18759777,,6524453.967288258,,40844,460473.48861564527,,837770930.3473886,,,4322658.75,,86053579.0592
1673568000000,2023-01-13,Bridged Token Value (Dollar),105114987.84212926,,6551801.00915518,,40925,461718.95849999937,,847731208.0172675,,,4322658.75,,86053579.0592
1673654400000,2023-01-14,Bridged Token Value (Dollar),105114987.84212926,,6543035.213155208,,40959,461377.5395000004,,847731208.0175024,,,4322658.75,,86053579.0592
1673740800000,2023-01-15,Bridged Token Value (Dollar),105114987.84212926,,6540633.607565198,,40959,461377.5395000004,,846500261.0969372,,,4322658.75,,86053579.0592
1673827200000,2023-01-16,Bridged Token Value (Dollar),105114987.84212926,,6544538.794958534,,40959,461298.1002500006,,846771370.1629939,,,4322658.75,,86053579.0592
1673913600000,2023-01-17,Bridged Token Value (Dollar),105127235.72743455,,6535863.947205214,,40959,461411.78899999976,,840115807.4708186,,,4322658.75,,86053579.0592
1674000000000,2023-01-18,Bridged Token Value (Dollar),110141076.59230053,,6524687.271860769,,4541482,460873.1187000002,,839139778.6891043,1000000,,4322658.75,,86053579.0592
1674086400000,2023-01-19,Bridged Token Value (Dollar),109949838.9599654,,6544078.5132862795,,4505893,461088.5453999996,,849649083.0136471,998500,,4322658.75,,86053579.0592
1674172800000,2023-01-20,Bridged Token Value (Dollar),109955874.80769113,,6561931.996597372,,4614165,461585.8304999996,,846376302.8159336,998199.9999999999,,4322658.75,,86053579.0592
1674259200000,2023-01-21,Bridged Token Value (Dollar),109955874.80769113,,6568697.716597365,,4614310,461848.79649999936,,846376302.8117702,998199.9999999999,,4322658.75,,86053579.0592
1674345600000,2023-01-22,Bridged Token Value (Dollar),109955874.80769113,,6571099.322187383,,4614310,461848.79649999936,,846608269.187618,998199.9999999999,,4322658.75,,86053579.0592
1674432000000,2023-01-23,Bridged Token Value (Dollar),109967179.00258593,,6578572.642711831,,4692010,462186.71449999994,,848601783.0770506,998300,,4322658.75,,86053579.0592
1674518400000,2023-01-24,Bridged Token Value (Dollar),109995798.40449218,,6585478.270826269,,4679274,462295.19360000035,,850965615.2536201,998199.9999999999,,4322658.75,,86053579.0592
1674604800000,2023-01-25,Bridged Token Value (Dollar),110024331.53731467,,6601029.945989579,,4671257,462554.01200000045,,855173450.5431212,998900.0000000001,,4322658.75,,86053579.0592
1674691200000,2023-01-26,Bridged Token Value (Dollar),111024567.02131979,,6603785.745088461,,4742636,462962.3067999996,,845895505.5700629,1000300,,4322658.75,,86053579.0592
1674777600000,2023-01-27,Bridged Token Value (Dollar),113054935.87642503,,6587902.735515153,,4774666,462638.18569999974,,844566648.3379059,998600.0000000001,,4322658.75,,86053579.0592
1674864000000,2023-01-28,Bridged Token Value (Dollar),113054935.87642503,,6579778.111515158,,4775069,462321.9880999999,,844566648.3357584,998600.0000000001,,4322658.75,,86053579.0592
1674950400000,2023-01-29,Bridged Token Value (Dollar),113054935.87642503,,6580578.64671183,,4775069,462321.9880999999,,844962105.8570313,998600.0000000001,,4322658.75,,86053579.0592
1675036800000,2023-01-30,Bridged Token Value (Dollar),113054596.33261646,,6581594.224711841,,4694069,462394.1288000003,,845050168.92002,997100,,4322658.75,,86053579.0592
1675123200000,2023-01-31,Bridged Token Value (Dollar),113582413.36363614,,6576552.7795234695,,4765895,462158.46499999927,,843680099.974285,999799.9999999999,,4322658.75,,86053579.0592
1675209600000,2023-02-01,Bridged Token Value (Dollar),113437132.01229724,,6619738.83475838,,4843252,462307.74595000024,,854108807.2929627,1002900,,4322658.75,,86053579.0592
1675296000000,2023-02-02,Bridged Token Value (Dollar),133951940.54316099,,6643079.511875154,,4969404,464305.1068000002,,835086194.6252373,1006300.0000000001,,4322658.75,,86053579.0592
1675382400000,2023-02-03,Bridged Token Value (Dollar),149523100.23767287,,6577186.067598566,,4898657,462894.4295000007,,814395132.3021894,1002500,,4322658.75,,86053579.0592
1675468800000,2023-02-04,Bridged Token Value (Dollar),149323100.12767285,,6539556.401598541,,4898697,461431.01659999974,,814395132.3021894,1002500,,4322658.75,,86053579.0592
1675555200000,2023-02-05,Bridged Token Value (Dollar),149323100.12767285,,6538489.021336325,,4898697,461431.01659999974,,813564862.6693732,1002500,,4322658.75,,86053579.0592
1675641600000,2023-02-06,Bridged Token Value (Dollar),149307026.48273593,,6520419.100271918,,4858597,461405.1364999993,,818438797.8470693,999200.0000000001,,4322658.75,,86053579.0592
1675728000000,2023-02-07,Bridged Token Value (Dollar),158230216.19317,,6500309.504870266,,4938543,460613.7603999999,,820463471.3754983,999499.9999999999,,4322658.75,,86053579.0592
1675814400000,2023-02-08,Bridged Token Value (Dollar),159678747.82033804,,6497046.102485274,,4865903,460626.94799999974,,821169858.4216354,998000,,4322658.75,,86053579.0592
1675900800000,2023-02-09,Bridged Token Value (Dollar),159463466.2746034,,6491997.092952466,,4821557,460521.4517999993,,821125906.600852,996100,,4322658.75,,86053579.0592
1675987200000,2023-02-10,Bridged Token Value (Dollar),164757207.72300246,,6487995.1689286465,,4810554,460783.8181999997,,817262160.5217165,994300,,4322658.75,,86053579.0592
1676073600000,2023-02-11,Bridged Token Value (Dollar),164968207.72300246,,6468671.826928673,,4810225,460031.57210000075,,817262160.5217165,994300,,4322658.75,,86053579.0592
1676160000000,2023-02-12,Bridged Token Value (Dollar),164968207.72300246,,6468938.671994202,,4810225,460031.57210000075,,816204558.4728318,994300,,4322658.75,,86053579.0592
1676246400000,2023-02-13,Bridged Token Value (Dollar),170273605.04344636,,6483250.963468593,,4872075,460038.17074999964,,811513760.4902693,993500,,4322658.75,,86053579.0592
1676332800000,2023-02-14,Bridged Token Value (Dollar),170398101.00835955,,6502794.170730831,,4891847,460757.42360000004,,788385704.2933757,993300,,4322658.75,,86053579.0592
1676419200000,2023-02-15,Bridged Token Value (Dollar),171170675.12304434,,6492506.353911966,,4920909,460807.9083500001,,774833057.1352403,993300,,4322658.75,,86053579.0592
1676505600000,2023-02-16,Bridged Token Value (Dollar),171679793.44828027,,6470617.428349029,,4838062,460227.20955,,773925771.9646268,991700,,4322658.75,,86053579.0592
1676592000000,2023-02-17,Bridged Token Value (Dollar),171929228.01507372,,6475282.135271981,,4814593,459888.5565679994,,776676516.7392468,991900,,4322658.75,,86053579.0592
1676678400000,2023-02-18,Bridged Token Value (Dollar),173429228.01507375,,6485924.563660603,,4813919,460520.19849000045,,776676516.7796735,991900,,4322658.75,,86053579.0592
1676764800000,2023-02-19,Bridged Token Value (Dollar),173429228.01507372,,6476912.460233754,,4855888,460273.7974309999,,775022513.0809865,991900,,4322658.75,,86053579.0592
1676851200000,2023-02-20,Bridged Token Value (Dollar),173429228.01507372,,6472873.282819925,,4855888,460130.47040899954,,776361858.6990227,991900,,4322658.75,,86053579.0592
1676937600000,2023-02-21,Bridged Token Value (Dollar),223406086.3169559,,6472136.226751622,,4749588,479823.4445120002,,774905136.1256709,987500,,4322658.75,,86053579.0592
1677024000000,2023-02-22,Bridged Token Value (Dollar),223799049.81540364,,6441038.222811477,,4748354,479414.7621419998,,767155397.3802605,987700.0000000001,,4322658.75,,86053579.0592
1677110400000,2023-02-23,Bridged Token Value (Dollar),232839536.22695488,,6423604.580667086,,4782276.998028146,478803.78530000045,,766405537.2288036,991513.0042942239,,4322658.75,,86053579.0592
1677196800000,2023-02-24,Bridged Token Value (Dollar),233888841.44628417,,6414975.166732434,,5221806.547995007,478707.6558120003,,762821163.3108975,989050.084040863,,4322658.75,,86053579.0592
1677283200000,2023-02-25,Bridged Token Value (Dollar),233888841.44628415,,6409637.573456629,,5189132.547995007,478482.9135199998,,762815170.30753,989050.084040863,,4322658.75,,86053579.0592
1677369600000,2023-02-26,Bridged Token Value (Dollar),233888841.44628415,,6402073.593050245,,5192054.547995007,478433.7924080003,,763031752.6865455,989050.084040863,,4322658.75,,86053579.0592
1677456000000,2023-02-27,Bridged Token Value (Dollar),284020241.09033614,,6408773.089533006,,5245021.969797058,478231.2541650002,,765336126.6182965,990950.5645826082,,4322658.75,,86053579.0592
1677542400000,2023-02-28,Bridged Token Value (Dollar),285790907.2417271,,6427697.058428151,,5301137.680951832,478970.52923499956,,765315881.60945,990250.3875409127,,4322658.75,,86053579.0592
1677628800000,2023-03-01,Bridged Token Value (Dollar),287340530.5261299,,6430876.529618017,,5328065.213456836,478478.64788700023,,773532037.119339,988824.9857071838,,4322658.75,,86053579.0592
1677715200000,2023-03-02,Bridged Token Value (Dollar),287840468.58823127,,6446043.502105072,,5361054.747355329,479765.8960270006,,773269959.8780091,988724.9831803122,,4322658.75,,86053579.0592
1677801600000,2023-03-03,Bridged Token Value (Dollar),292885728.761635,,6435584.456427599,,5441094.537547328,478944.23377600004,,780633619.7681329,991025.0412983608,,4322658.75,,86053579.0592
1677888000000,2023-03-04,Bridged Token Value (Dollar),292885728.761635,,6449941.985688116,,5450104.977547327,479555.7762720006,,780633619.7681329,991025.0412983608,,4322658.75,,86053579.0592
1677974400000,2023-03-05,Bridged Token Value (Dollar),292885728.761635,,6444824.472314341,,5450104.977547328,479536.334934,,779464248.8718948,991025.0412983608,,4322658.75,,86053579.0592
1678060800000,2023-03-06,Bridged Token Value (Dollar),295605863.2077791,,6454689.788871745,,5452354.999749263,479308.50715199974,,776903894.5768926,991825.0615133342,,4322658.75,,86053579.0592
1678147200000,2023-03-07,Bridged Token Value (Dollar),294727527.0226305,,6438425.8881873125,,5369853.011882124,480105.13322400046,,763113960.432137,989625.0059221573,,4322658.75,,86053579.0592
1678233600000,2023-03-08,Bridged Token Value (Dollar),295241505.9535636,,6391939.119055603,,5353419.48642856,478288.2226560004,,763565270.093434,987900.067885527,,4322658.75,,86053579.0592
1678320000000,2023-03-09,Bridged Token Value (Dollar),295293496.74894094,,6403960.48170036,,5275914.581068555,518357.4714760006,,770521345.4146479,986600.067796195,,4322658.75,,86053579.0592
1678406400000,2023-03-10,Bridged Token Value (Dollar),295441916.86273575,,6439363.812677164,,5159277.505562035,518906.3514280006,,785164321.9736204,988100.0678992706,,4322658.75,,86053579.0592
1678492800000,2023-03-11,Bridged Token Value (Dollar),300441916.86273575,,6461113.666984706,,5114311.771014196,519944.16855999967,,785164321.9736904,988100.0678992706,,4322658.75,,86053579.0592
1678579200000,2023-03-12,Bridged Token Value (Dollar),300441916.86273575,,6462279.2775142435,,5114311.771014196,519639.02941599925,,788522860.8102458,988100.0678992706,,4322658.75,,86053579.0592
1678665600000,2023-03-13,Bridged Token Value (Dollar),300932015.3684125,,6487301.806571113,,5127961.77252093,520114.13008000056,,803724783.890909,987700.0678717837,,4322658.75,,86053579.0592
1678752000000,2023-03-14,Bridged Token Value (Dollar),340270868.4034976,,6502995.77858365,,5278607.002687589,520705.9220999992,,807826749.2017331,989700.0680092177,,4322658.75,,86053579.0592
1678838400000,2023-03-15,Bridged Token Value (Dollar),342209661.96497464,,6503614.152538091,,5304016.502645414,520748.1486399995,,807890692.465805,989000.0679611159,,4322658.75,,86053579.0592
1678924800000,2023-03-16,Bridged Token Value (Dollar),344153321.6876285,,6416141.377627891,,5426896.835464305,518859.6244800005,,815782673.3979656,989300.067981731,,4322658.75,,86053579.0592
1679011200000,2023-03-17,Bridged Token Value (Dollar),352905172.47064453,,6475011.26138804,,5419312.881844902,519588.79244800046,,844416551.1525974,989500.0679954743,,4322658.75,,86053579.0592
1679097600000,2023-03-18,Bridged Token Value (Dollar),371417298.39064455,,6516976.506703325,,5487154.246947706,521187.85878399934,,844416627.1090372,989500.0679954743,,4322658.75,,86053579.0592
1679184000000,2023-03-19,Bridged Token Value (Dollar),371417298.39064455,,6495163.591230245,,5487154.246947707,520910.2495360007,,839450778.1837475,989500.0679954743,,4322658.75,,86053579.0592
1679270400000,2023-03-20,Bridged Token Value (Dollar),380697218.4494665,,6485268.812331587,,5515554.248272933,520260.2626100002,,837178651.4833664,988800.0679473724,,4322658.75,,86410783.28920001
1679356800000,2023-03-21,Bridged Token Value (Dollar),377844004.7752809,,6513080.324391588,,5589466.216844126,520774.32380999986,,823042673.3493432,992100.0681741384,,4322658.75,,86410783.28920001
1679443200000,2023-03-22,Bridged Token Value (Dollar),379224389.2718551,,6557246.64527178,,5600978.325943855,521494.4069600005,,835104286.8724525,993599.9969693876,,4322658.75,,86410783.28920001
1679529600000,2023-03-23,Bridged Token Value (Dollar),379503221.78965527,,6580644.026237344,,5572792.026473419,522769.2257399997,,844653274.6648415,993900.0271647483,,4322658.75,,86410783.28920001
1679616000000,2023-03-24,Bridged Token Value (Dollar),379741249.7785215,,6555222.288564378,,5487145.054517783,522317.3023500001,,848356930.2542187,993399.976839147,,4322658.75,,86410783.28920001
1679702400000,2023-03-25,Bridged Token Value (Dollar),379841749.7785215,,6538717.241443727,,5501489.574112508,521654.7198599997,,848356930.2536818,993399.976839147,,4322658.75,,86410783.28920001
1679788800000,2023-03-26,Bridged Token Value (Dollar),379841749.7785215,,6534224.985950278,,5501489.574112508,521575.0933699995,,847210041.3070302,993399.976839147,,4322658.75,,86410783.28920001
1679875200000,2023-03-27,Bridged Token Value (Dollar),388273961.6118054,,6541006.131495153,,5482437.395387046,521568.02946999995,,848014861.4167607,985499.1816946496,,4322658.75,,86346989.1292
1679961600000,2023-03-28,Bridged Token Value (Dollar),388903569.3284246,,6568310.119403079,,5414887.100646908,521970.19732000015,,847302907.1261371,984699.101173688,,4322658.75,,85401704.58472687
1680048000000,2023-03-29,Bridged Token Value (Dollar),393783753.04009247,,6583583.185660288,,5495793.1086421935,522466.5866399996,,848190289.9324173,987399.3729319338,,4322658.75,,85401704.58472687
1680134400000,2023-03-30,Bridged Token Value (Dollar),393932768.73144406,,6601656.504919944,,5553950.462623921,522503.5708799998,,851762376.4542013,990099.6446901798,,4322658.75,,85401704.58472687
1680220800000,2023-03-31,Bridged Token Value (Dollar),393811076.1807665,,6622839.249353733,,5625635.345992169,525515.2651399992,,851786133.3796253,994300.0674252291,,4322658.75,,88096629.17873444
1680307200000,2023-04-01,Bridged Token Value (Dollar),402861432.8805921,,6603453.956716575,,5658311.774570738,525135.2908600005,,847958818.337891,994300.0674252291,,4322658.75,,88096629.17873444
1680393600000,2023-04-02,Bridged Token Value (Dollar),402861442.88059217,,6584313.990801113,,5658311.774570737,525036.9165000004,,843238356.4753839,994300.0674252291,,4322658.75,,88096629.17873444
1680480000000,2023-04-03,Bridged Token Value (Dollar),402989078.54734,,6576556.083699603,,5658010.960142219,524225.1546740005,,843237285.0170641,995200.1580113111,,4322658.75,,88096629.17873444
1680566400000,2023-04-04,Bridged Token Value (Dollar),402917755.32703984,,6652379.317261234,,5601570.590305163,525565.2367999996,,870044760.6293663,995400.1781415514,,4322658.75,,88096629.17873444
1680652800000,2023-04-05,Bridged Token Value (Dollar),405171002.34006065,,6656603.668895112,,5558920.172023238,526283.2279460004,,869774984.0692749,994500.0875554696,,4322658.75,,87918028.82873444
1680739200000,2023-04-06,Bridged Token Value (Dollar),408691255.721831,,6642063.577414302,,5571274.708643607,525559.6658360001,,864463501.8017327,995200.1580113111,,4322658.75,,87918028.82873444
1680825600000,2023-04-07,Bridged Token Value (Dollar),417089995.1813958,,6664117.683758695,,5577856.540236749,525776.4028640003,,864454936.3083123,995200.1580113111,,4322658.75,,87918028.82873444
1680912000000,2023-04-08,Bridged Token Value (Dollar),417089995.1813959,,6683807.058575507,,5577856.540236749,526470.1205240004,,864454935.6826903,995200.1580113111,,4322658.75,,87918028.82873444
1680998400000,2023-04-09,Bridged Token Value (Dollar),417089995.1813959,,6670231.507025234,,5577856.540236749,526679.6948840001,,862886605.2323128,995200.1580113111,,4322658.75,,87918028.82873444
1681084800000,2023-04-10,Bridged Token Value (Dollar),416986637.76948386,,6631973.156027602,,5577106.236919543,525689.1244280005,,857761284.2524883,993800.0170996279,,4322658.75,,88033128.87873445
1681171200000,2023-04-11,Bridged Token Value (Dollar),417499632.2533994,,6629659.486810071,,5602408.938419682,525165.382302,,863197071.7350923,994300.0674252291,,4322658.75,,88033128.87873444
1681257600000,2023-04-12,Bridged Token Value (Dollar),417994911.3609699,,6667504.521397937,,5610997.95015893,525803.6741120002,,869543406.5719166,994400.0774903493,,4322658.75,,88033128.87873444
1681344000000,2023-04-13,Bridged Token Value (Dollar),417741434.25823057,,6709224.527554441,,5673374.993992263,526865.5475140001,,880709506.8439635,994400.0774903493,,4322658.75,,88033128.87873444
1681430400000,2023-04-14,Bridged Token Value (Dollar),447714932.9169454,,6737084.677274359,,5676450.132915525,527585.9812430001,,865376153.6221876,996400.2787927536,,4322658.75,,88033128.87873444
1681516800000,2023-04-15,Bridged Token Value (Dollar),448455341.6583454,,6727271.589712318,,5685220.760076899,528145.5813599997,,865376153.6221877,996400.2787927536,,4322658.75,,88033128.87873444
1681603200000,2023-04-16,Bridged Token Value (Dollar),448455341.6583453,,6694217.692203438,,5685220.760076898,526869.5478620001,,864499593.3053224,996400.2787927536,,4322658.75,,88033128.87873444
1681689600000,2023-04-17,Bridged Token Value (Dollar),448130920.00654054,,6671089.3631248595,,5691481.826196268,526783.87847,,862706488.5022538,994800.1177508301,,4322658.75,,88033128.87873444
1681776000000,2023-04-18,Bridged Token Value (Dollar),451377492.89062226,,6664307.128848154,,5671323.156131487,525994.9968440002,,868206880.5653546,994400.0774903493,,4322658.75,,88033128.87873444
1681862400000,2023-04-19,Bridged Token Value (Dollar),451529615.33146954,,6675241.440422405,,5660218.219376147,526672.8070959996,,863423184.9703088,993199.9567089066,,4322658.75,,88033128.87873444
1681948800000,2023-04-20,Bridged Token Value (Dollar),452343394.3538895,,6672559.35505474,,5593663.302220612,526357.0372319994,,869874470.7735821,993199.9567089066,,4322658.75,,88033128.87873444
1682035200000,2023-04-21,Bridged Token Value (Dollar),452793653.309556,,6706865.808040837,,5564835.562768728,526574.9423399995,,861575459.962774,994700.10768571,,4322658.75,,88033128.87873444
1682121600000,2023-04-22,Bridged Token Value (Dollar),452793653.309556,,6733567.131725773,,5550885.833261837,527784.5082320004,,861575459.9873192,994700.10768571,,4322658.75,,88033128.87873444
1682208000000,2023-04-23,Bridged Token Value (Dollar),452793653.30955607,,6729661.125596542,,5550885.833261836,528273.2715289996,,861713130.456908,994700.10768571,,4322658.75,,88033128.87873444
1682294400000,2023-04-24,Bridged Token Value (Dollar),454825504.3060352,,6710196.2349697985,,5545084.98324915,526901.9182179997,,866419627.124296,996300.2687276334,,4322658.75,,88033128.87873444
1682380800000,2023-04-25,Bridged Token Value (Dollar),458624925.67309487,,6739498.241684338,,5923972.385173585,527921.1614080006,,866381723.1081302,996400.2787927536,,4322658.75,,88033128.87873444
1682467200000,2023-04-26,Bridged Token Value (Dollar),456886196.4682403,,6711092.246512819,,5925950.623431108,526932.9388539997,,864938414.1395454,995300.1680764313,,4322658.75,,88033128.87873444
1682553600000,2023-04-27,Bridged Token Value (Dollar),456896718.8689993,,6730230.736781299,,6019678.793742499,527835.2370320007,,862849342.0620315,995900.2284671526,,4322658.75,,88033128.87873445
1682640000000,2023-04-28,Bridged Token Value (Dollar),457054992.76003015,,6750418.497678343,,6066721.379214344,527661.5364199994,,864400034.8290029,996900.3291183548,,4322658.75,,88033128.87873444
1682726400000,2023-04-29,Bridged Token Value (Dollar),457058092.76003003,,6782035.966234429,,6068319.097820871,528866.6821100006,,864400034.8290029,996900.3291183548,,4322658.75,,88033128.87873444
1682812800000,2023-04-30,Bridged Token Value (Dollar),457058092.76003003,,6754623.027598616,,6068319.097820871,528925.4813699994,,862759507.5844808,996900.3291183548,,4322658.75,,88033128.87873444
1682899200000,2023-05-01,Bridged Token Value (Dollar),462565161.1477219,,6702717.681278216,,6064968.72793792,527410.6687600001,,860383789.278952,995800.2184020324,,4322658.75,,88033128.87873444
1682985600000,2023-05-02,Bridged Token Value (Dollar),469992905.3795221,,6699487.740187358,,5973874.681904681,526846.3554999995,,875412418.9485182,995100.1479461908,,4322658.75,,88033128.87873445
1683072000000,2023-05-03,Bridged Token Value (Dollar),473752905.6248826,,6729683.534650279,,5950272.215665758,527430.5618000005,,892330569.7229778,996600.2989229942,,4322658.75,,88053108.67873444
1683158400000,2023-05-04,Bridged Token Value (Dollar),475877971.7472314,,6737291.3542871615,,5893761.253263263,528238.9181600002,,890785031.1991324,996200.2586625133,,4322658.75,,88053108.67873444
1683244800000,2023-05-05,Bridged Token Value (Dollar),484095229.71050817,,6755873.525680942,,6017734.3494428545,701785.7509199998,,876927207.9804347,996000.2385322727,,4322658.75,,88053108.67873444
1683331200000,2023-05-06,Bridged Token Value (Dollar),484091379.7105082,,6811579.696754606,,6085153.589740255,703410.5246399995,,876927207.9804347,996000.2385322727,,4322658.75,,88053108.67873444
1683417600000,2023-05-07,Bridged Token Value (Dollar),484091379.71050817,,6783875.093107868,,6085153.589740254,704191.3049999992,,876291188.6722723,996000.2385322727,,4322658.75,,88053108.67873444
1683504000000,2023-05-08,Bridged Token Value (Dollar),484191035.27291304,,6715169.29540892,,6092154.505551586,919288.4486900006,,878550300.6550328,994800.1177508301,,4322658.75,,88053108.67873444
1683590400000,2023-05-09,Bridged Token Value (Dollar),488164953.16163015,,6696647.694700832,,6096098.848625862,918885.0647900003,,886805658.3994455,994000.0372298685,,4322658.75,,88053108.67873444
1683676800000,2023-05-10,Bridged Token Value (Dollar),488900501.7863829,,6800673.589745699,,6153032.584090143,918498.7215300004,,884432938.9557495,996600.2989229942,,4322658.75,,88053108.67873444
1683763200000,2023-05-11,Bridged Token Value (Dollar),489126155.7893701,,6838212.811394053,,6185388.843837372,918757.2599900006,,877829297.9599717,996900.3291183548,,4322658.75,,88053108.67873444
1683849600000,2023-05-12,Bridged Token Value (Dollar),487562041.65852773,,6835992.473551484,,6149614.643368415,917805.7798800005,,875354701.5342216,995825.2176483393,,4322658.75,,88053108.67873444
1683936000000,2023-05-13,Bridged Token Value (Dollar),487561041.65852773,,6821304.411193814,,6122042.828295549,918114.3752200006,,875354701.5344403,995825.2176483393,,4322658.75,,88053108.67873444
1684022400000,2023-05-14,Bridged Token Value (Dollar),487561041.65852773,,6794334.019238209,,6122042.828295549,916990.7580200001,,874969924.6905999,995825.2176483393,,4322658.75,,88053108.67873444
1684108800000,2023-05-15,Bridged Token Value (Dollar),487734091.24135596,,6910364.716822263,,6488763.307376225,917019.6354920003,,877136562.7371236,995050.1160370378,,4322658.75,,88053108.67873444
1684195200000,2023-05-16,Bridged Token Value (Dollar),487700510.5115602,,6915307.6955136545,,6512525.092237906,917302.0169480003,,866291826.2908529,992649.816229792,,4322658.75,,88053108.67873444
1684281600000,2023-05-17,Bridged Token Value (Dollar),498318530.59362674,,6905236.95965261,,7065060.104816966,917193.5111079995,,863728031.4837925,992949.8615142948,,4322658.75,,88053108.67873444
1684368000000,2023-05-18,Bridged Token Value (Dollar),500460275.97910076,,6879431.189549589,,7170864.483439844,916828.4521960006,,854225322.1579788,991449.6350917812,,4322658.75,,88053108.67873444
1684454400000,2023-05-19,Bridged Token Value (Dollar),509248505.27613395,,6886921.945372228,,7155874.189177408,956712.6959879993,,862714604.2265751,992549.8011349576,,4322658.75,,88053108.67873444
1684540800000,2023-05-20,Bridged Token Value (Dollar),509354114.28613394,,6904246.672407855,,7118217.606546411,957260.2843559997,,862714604.2218909,992549.8011349576,,4322658.75,,88053108.67873444
1684627200000,2023-05-21,Bridged Token Value (Dollar),509354114.28613394,,6905777.624425076,,7118217.606546411,957324.8553160003,,863892803.5793568,992549.8011349576,,4322658.75,,88053108.67873444
1684713600000,2023-05-22,Bridged Token Value (Dollar),482931605.442728,,7925811.051397513,,7133686.732125323,957328.8493959998,,863907384.9619576,992474.8848705419,,4322658.75,,88053108.67873444
1684800000000,2023-05-23,Bridged Token Value (Dollar),474476731.30930907,,7909933.66883834,,7135784.988469046,957257.5874340001,,861704974.6899112,991949.751861946,,4322658.75,,88053108.67873444
1684886400000,2023-05-24,Bridged Token Value (Dollar),474537184.6634554,,7890443.242347464,,7059896.317342176,956639.4091279999,,855702126.9033252,991949.751861946,,4322658.75,,88053108.67873444
1684972800000,2023-05-25,Bridged Token Value (Dollar),474837635.2807879,,7875506.76310558,,7637376.658144196,956392.9632859993,,847023059.8481301,988624.4351229552,,4322658.75,,88053108.67873444
1685059200000,2023-05-26,Bridged Token Value (Dollar),475614088.26243204,,7867915.101114754,,7753679.138934174,956047.50362,,849719938.7502389,990074.7730772712,,4322658.75,,88053108.67873444
1685145600000,2023-05-27,Bridged Token Value (Dollar),475578443.8595241,,7869677.474267168,,7768826.569201662,956116.607432,,849719938.7502389,990074.7730772712,,4322658.75,,88053108.67873444
1685232000000,2023-05-28,Bridged Token Value (Dollar),475578443.8595241,,7868432.561435893,,7768826.569201662,956134.0498199994,,849150907.6724175,990074.7730772712,,4322658.75,,88053108.67873444
1685318400000,2023-05-29,Bridged Token Value (Dollar),475578443.8595241,,7860954.0003759675,,7768826.569201662,956027.6703399995,,847734099.1088475,990074.7730772712,,4322658.75,,88053108.67873444
1685404800000,2023-05-30,Bridged Token Value (Dollar),475150450.2802851,,7856171.742929776,,8132223.746862814,955864.6475599998,,847742589.893276,992974.9921095178,,4322658.75,,88053108.67873444
1685491200000,2023-05-31,Bridged Token Value (Dollar),471219607.5264711,,7860844.726214096,,8157831.335374549,956191.6241,,858776800.336767,993575.0374265343,,4322658.75,,88053108.67873444
1685577600000,2023-06-01,Bridged Token Value (Dollar),477976243.3798667,,7865557.030395906,,8214674.712311313,955677.5184199994,4124900,863963732.0105591,995075.1507190755,,4322658.75,,88053108.67873444
1685664000000,2023-06-02,Bridged Token Value (Dollar),477760533.837111,,7877612.604766095,,8304137.3076465,956572.4085919998,4124900,851070281.2176847,996075.2262474366,,4322658.75,,88053108.67873444
1685750400000,2023-06-03,Bridged Token Value (Dollar),477761883.83711106,,7862381.695279164,,8333462.760193212,956000.2329440006,4124900,851070281.2176849,996075.2262474366,,4322658.75,,88053108.67873444
1685836800000,2023-06-04,Bridged Token Value (Dollar),478228639.837111,,7857736.554810762,,8490490.26019321,956039.9229680003,4124900,851858409.1226068,996075.2262474366,,4322658.75,,88053108.67873444
1685923200000,2023-06-05,Bridged Token Value (Dollar),483350905.0839837,,7854603.255915454,,8487515.89790516,955820.3887899992,4124900,858114453.6276273,995675.196036092,,4322658.75,,88053108.67873444
1686009600000,2023-06-06,Bridged Token Value (Dollar),497604320.82130027,,7855730.648758372,,8428212.11303828,977108.1468929994,4124900,858777361.3050566,995915.1695379445,,4322658.75,,88053108.67873444
1686096000000,2023-06-07,Bridged Token Value (Dollar),501335427.19006824,,7853640.126545621,,8268551.915901459,976932.8797479998,4124900,839236437.939987,994515.0076205382,,4322658.75,,88053108.67873444
1686182400000,2023-06-08,Bridged Token Value (Dollar),496430119.25467414,,7876632.67504365,,8353699.711049908,977042.971506,4124900,848424891.7979354,996715.2620621765,,4322658.75,,88053108.67873444
1686268800000,2023-06-09,Bridged Token Value (Dollar),491558030.1542089,,7917374.588357428,,8399923.76287175,978046.7257790002,4124900,848381871.7257553,996415.2273655895,,4322658.75,,88053108.67873444
1686355200000,2023-06-10,Bridged Token Value (Dollar),491548894.15420884,,7902251.1364882365,,8370625.037056437,977709.3865059998,4124900,846671584.5636667,996415.2273655895,,4322658.75,,88053108.67873444
1686441600000,2023-06-11,Bridged Token Value (Dollar),491548894.15420884,,7902659.580188248,,8370625.037056437,977725.2471830002,4124900,846671584.5763674,996415.2273655895,,4322658.75,,88053108.67873444
1686528000000,2023-06-12,Bridged Token Value (Dollar),523651414.55549085,,7899959.866313525,,8447672.353403522,977695.0628920004,4124900,850427901.7200402,996315.2158000604,,4322658.75,,88053108.67873444
1686614400000,2023-06-13,Bridged Token Value (Dollar),527723963.0936579,,7906971.006467752,,8472818.210218295,977870.8681720004,4124900,858253204.0659919,995515.1232758284,,4322658.75,,88053108.67873444
1686700800000,2023-06-14,Bridged Token Value (Dollar),532714013.4214221,,7937213.756128624,,8539460.643540224,978260.1716319994,4124900,856169953.4897919,996115.1926690026,,4322658.75,,88053108.67873444
1686787200000,2023-06-15,Bridged Token Value (Dollar),536337334.8483739,,7983201.435063554,,9740870.60610397,979038.8806219999,4124900,861774594.4227456,999550.3419538996,,4322658.75,,88053108.67873444
1686873600000,2023-06-16,Bridged Token Value (Dollar),535935224.6868312,,8021210.526920493,,9756174.359111406,980412.9127099995,4124900,868466540.5887218,998225.1318894846,,4322658.75,,88053108.67873444
1686960000000,2023-06-17,Bridged Token Value (Dollar),535891692.4368312,,8026457.674227583,,9773619.578770623,980558.7768389995,4124900,868466540.5887218,998225.1318894846,,4322658.75,,88053108.67873444
1687046400000,2023-06-18,Bridged Token Value (Dollar),533860642.43683124,,8022838.644812375,,9773619.578770623,980624.3022619995,4124900,867901873.9980118,998225.1318894846,,4322658.75,,88053108.67873444
1687132800000,2023-06-19,Bridged Token Value (Dollar),533860642.4368312,,8015024.330968168,,9775843.178770622,980337.3783119998,4124900,867915627.7323718,998225.1318894846,,4322658.75,,88053108.67873444
1687219200000,2023-06-20,Bridged Token Value (Dollar),532523972.99916756,,8004705.9298640285,,9763181.672896158,980135.1628920007,4124900,856575310.4830132,997825.1218186013,,4322658.75,,88053108.67873444
1687305600000,2023-06-21,Bridged Token Value (Dollar),518644674.56779027,,8021501.413069434,,9712656.879735027,980051.8857239997,4124900,863343681.1640253,997625.1167831597,,4322658.75,,88053108.67873444
1687392000000,2023-06-22,Bridged Token Value (Dollar),517410525.3321421,,8037219.351960516,,9761603.819933638,981036.5314700006,4124900,854538898.0790907,995905.1559819052,,4322658.75,,88053108.67873444
1687478400000,2023-06-23,Bridged Token Value (Dollar),528591400.0854035,,8016374.593703466,,9710811.671570748,980555.4189850002,4124900,857055390.481076,995724.9705000228,,4322658.75,,88053108.67873444
1687564800000,2023-06-24,Bridged Token Value (Dollar),528597592.0854035,,8004840.176993094,,9743849.03357149,980119.0145950005,4124900,857055390.481076,995724.9705000228,,4322658.75,,88053108.67873444
1687651200000,2023-06-25,Bridged Token Value (Dollar),528597592.0854035,,7999814.582089759,,9743849.03357149,980073.2388440003,4124900,858933619.4368031,995724.9705000228,,4322658.75,,88053108.67873444
1687737600000,2023-06-26,Bridged Token Value (Dollar),524610924.817396,,8035615.11634017,,9679469.939008191,979895.0737489995,4124900,857749733.771177,987549.7346035049,,4322658.75,,88053108.67873444
1687824000000,2023-06-27,Bridged Token Value (Dollar),523899504.7009982,,8036877.132692542,,9798711.330154115,979944.8532099992,4124900,857513120.1567582,988549.7849676603,,4322658.75,,88053108.67873444
1687910400000,2023-06-28,Bridged Token Value (Dollar),524680896.97226566,,8065434.2570805475,,9933771.849403506,980591.34617,4124900,854312859.6376514,990474.8499012206,,4322658.75,,88053108.67873444
1687996800000,2023-06-29,Bridged Token Value (Dollar),523705670.02763003,,8040812.890220435,,9968194.486309296,980056.0415000006,4124900,851117554.4855592,988599.6597614808,,4322658.75,,88053108.67873444
1688083200000,2023-06-30,Bridged Token Value (Dollar),525058414.326128,,8022146.053669791,,10070721.892391441,977453.9885999999,4124900,856040884.3696184,991074.511227529,,4322658.75,,73175473.06823638
1688169600000,2023-07-01,Bridged Token Value (Dollar),525071526.326128,,8035113.125628992,,10099770.787261337,977991.4614000001,4124900,856040884.3790777,991074.511227529,,4322658.75,,73175473.06823638
1688256000000,2023-07-02,Bridged Token Value (Dollar),525071526.326128,,8034911.72862076,,10099770.787261335,977966.0774000002,4124900,855475208.8558911,991074.511227529,,4322658.75,,73175473.06823638
1688342400000,2023-07-03,Bridged Token Value (Dollar),524846555.2806414,,8035174.688738713,,10146750.75801382,977990.4346080007,4124900,855350205.1288599,991749.9278318501,,4322658.75,,73175473.06823638
1688428800000,2023-07-04,Bridged Token Value (Dollar),526736539.2806414,,8030454.838683262,,10258644.337566769,978067.9281479997,4124900,859070495.5068619,991749.9278318501,,4322658.75,,73175473.06823638
1688515200000,2023-07-05,Bridged Token Value (Dollar),526168772.0260688,,8030194.4023343185,,10254783.341490101,977766.9033840002,4124900,858385017.2728968,989398.2328026913,,4322658.75,,73175473.06823638
1688601600000,2023-07-06,Bridged Token Value (Dollar),527388521.722087,,8023020.925105645,,10179836.01016855,977403.4959120004,4124900,851140562.8575469,986195.6490023994,,4322658.75,,73175473.06823638
1688688000000,2023-07-07,Bridged Token Value (Dollar),529694781.3647355,,8056928.1404149365,,10136918.354008233,977899.5852959991,4124900,856044322.4903872,987096.3756962315,,4322658.75,,73175473.06823638
1688774400000,2023-07-08,Bridged Token Value (Dollar),529695975.3647355,,8081212.362036534,,10158126.927789832,978972.6669119992,4124900,856044322.4903221,987096.3756962315,,4322658.75,,73175473.06823638
1688860800000,2023-07-09,Bridged Token Value (Dollar),529695975.36473554,,8077984.872036543,,10158126.927789833,978846.9569519995,4124900,856044322.4903872,987096.3756962315,,4322658.75,,73175473.06823638
1688947200000,2023-07-10,Bridged Token Value (Dollar),529748288.3126216,,8092282.33029549,,10180733.096581165,978938.83221,4124900,856214354.4667655,989424.2022767476,,4322658.75,,73175473.06823638
1689033600000,2023-07-11,Bridged Token Value (Dollar),532187068.9503287,,8103539.837193999,,10278323.703075888,979420.2387359999,4124900,855258486.0391533,990426.1646281056,,4322658.75,,73175473.06823638
1689120000000,2023-07-12,Bridged Token Value (Dollar),535994104.83297914,,8110325.20521095,,10431934.04358657,979568.9642879996,4124900,859258666.1965108,994227.4164466964,,4322658.75,,73175473.06823638
1689206400000,2023-07-13,Bridged Token Value (Dollar),549649748.5464202,,8209148.851263633,,10549692.39267663,981246.5403659998,4124900,870736855.7027112,997628.5364949093,,4322658.75,,73175473.06823638
1689292800000,2023-07-14,Bridged Token Value (Dollar),547287522.06175,,8237825.443263624,,10862952.897705287,982363.5869579996,4124900,870776109.0842192,994727.581159669,,4322658.75,,73175473.06823638
1689379200000,2023-07-15,Bridged Token Value (Dollar),547300644.06175,,8247377.763662972,,10826607.25210251,982539.3292019997,4124900,867968062.9913428,994727.581159669,,4322658.75,,73175473.06823638
1689465600000,2023-07-16,Bridged Token Value (Dollar),552300644.06175,,8249352.02616298,,10826607.25210251,982616.2331520002,4124900,867968062.991343,994727.581159669,,4322658.75,,73175473.06823638
1689552000000,2023-07-17,Bridged Token Value (Dollar),552364867.227658,,8294076.147571804,,10873820.304968469,982555.8591659998,4124900,867215256.8373998,995702.3987975738,,4322658.75,,73175473.06823638
1689638400000,2023-07-18,Bridged Token Value (Dollar),553135373.8683933,,8296581.741019344,,10938072.945206512,982667.8882679999,4124900,867173037.8506784,996352.7738588757,,4322658.75,,73175473.06823638
1689724800000,2023-07-19,Bridged Token Value (Dollar),547276492.1780385,,8291102.190228656,,10970780.878935138,982549.9402799995,4124900,874497660.3720908,997803.7808946077,,4322658.75,,73175473.06823638
1689811200000,2023-07-20,Bridged Token Value (Dollar),550328063.5841522,,8257840.949969953,,10930737.952940857,982254.594848,4124900,872758324.8596703,996102.4103554693,,4322658.75,,73175473.06823638
1689897600000,2023-07-21,Bridged Token Value (Dollar),550757804.6323045,,8232516.657658057,,10790413.568436675,981308.9512959992,4124900,866207367.0623841,997003.1359350132,,4322658.75,,73175473.06823638
1689984000000,2023-07-22,Bridged Token Value (Dollar),550764866.6323045,,8232412.280229092,,10785742.761620991,981259.1523999997,4124900,866207367.0809236,997003.1359350132,,4322658.75,,73175473.06823638
1690070400000,2023-07-23,Bridged Token Value (Dollar),550765366.6323045,,8230649.955017889,,10785742.761620991,981232.3787999994,4124900,865835166.8062673,997003.1359350132,,4322658.75,,73175473.06823638
1690156800000,2023-07-24,Bridged Token Value (Dollar),551304039.4054152,,8212979.334643824,,10808416.657440387,981206.2151489996,4124900,862822783.7706373,996102.4103554693,,4322658.75,,73175473.06823638
1690243200000,2023-07-25,Bridged Token Value (Dollar),553726258.0049641,,8187915.86037438,,10829073.036951743,975190.349351,4124900,866277120.9377406,996102.4103554693,,4322658.75,,70918779.22823639
1690329600000,2023-07-26,Bridged Token Value (Dollar),553686528.2580494,,8191076.944056818,,10825697.510514688,975042.9973249999,4124900,868916623.8382869,997603.619654709,,4322658.75,,70918779.22823638
1690416000000,2023-07-27,Bridged Token Value (Dollar),562690906.1355172,,8174232.62132344,,10990882.883958615,975419.2863110002,927181.9654850308,857136459.9858111,994601.2010562298,,4322658.75,,70918779.22823638
1690502400000,2023-07-28,Bridged Token Value (Dollar),575561528.7183968,,8149978.28244414,,10969850.571423117,974083.4738399999,927181.9654850308,862410626.8181055,998302.9078476183,,4322658.75,,70918779.22823639
1690588800000,2023-07-29,Bridged Token Value (Dollar),575561650.7183968,,8166217.192457029,,11010066.651104312,974585.9982460003,927181.9654850308,862410726.6181318,998302.9078476183,,4322658.75,,70918779.22823638
1690675200000,2023-07-30,Bridged Token Value (Dollar),575561650.7183968,,8170468.846330013,,11010066.651104312,974756.4160629996,927181.9654850308,862410726.6186671,998302.9078476183,,4322658.75,,70918779.22823639
1690761600000,2023-07-31,Bridged Token Value (Dollar),575696864.5493791,,8160435.293582328,,11031657.06190949,974686.1808239995,927181.9654850308,864634411.2444155,999404.8980118255,,4322658.75,,70918779.22823638
1690848000000,2023-08-01,Bridged Token Value (Dollar),591071168.8226388,,8154472.198557037,,11058257.124737293,974347.3958350004,927181.9654850308,859009738.8063403,996700.013063317,,4322658.75,,70542663.58823638
1690934400000,2023-08-02,Bridged Token Value (Dollar),592010922.6803974,,8140859.523190631,,10857692.709823007,974493.5196749993,927181.9654850308,851776141.1260484,994896.7564309781,,4322658.75,,70542663.58823638
1691020800000,2023-08-03,Bridged Token Value (Dollar),591372357.1059575,,8120648.352102193,,10763483.631096205,973630.0728300004,927181.9654850308,851634168.369891,992993.3188746206,,4322658.75,,70542663.58823638
1691107200000,2023-08-04,Bridged Token Value (Dollar),592176415.6781911,,8141724.352195442,,10734989.960068144,973727.5782600002,927181.9654850308,855098208.3464371,996599.8321392983,,4322658.75,,70542663.58823638
1691193600000,2023-08-05,Bridged Token Value (Dollar),592189289.6781911,,8163520.128836701,,10663223.112633197,974629.3020300001,927181.9654850308,855098377.6653584,996599.8321392983,,4322658.75,,70542663.58823638
1691280000000,2023-08-06,Bridged Token Value (Dollar),592189289.6781912,,8159422.978690706,,10663223.112633195,974600.56076,927181.9654850308,855196399.5779306,996599.8321392983,,4322658.75,,70542663.58823638
1691366400000,2023-08-07,Bridged Token Value (Dollar),591555244.9724488,,8154350.684266703,,10690259.398567095,974414.9512499995,927181.9654850308,855379065.7042876,996900.3749113549,,4322658.75,,70542663.58823638
1691452800000,2023-08-08,Bridged Token Value (Dollar),587601459.9482764,,8142851.044751362,,10687678.105433732,974421.6664999995,927181.9654850308,847090622.8198748,997982.4410755618,,4322658.75,,70542663.58823638
1691539200000,2023-08-09,Bridged Token Value (Dollar),584987859.5756491,,8132810.136802227,,10643312.83452927,973830.5901950002,927181.9654850308,842733309.6064236,998383.1567716372,,4322658.75,,70542663.58823638
1691625600000,2023-08-10,Bridged Token Value (Dollar),590767020.1473516,,8140347.492234392,,10583706.547738612,974076.9055650006,927181.9654850308,841567732.8684963,997782.0832275243,,4322658.75,,70542663.58823638
1691712000000,2023-08-11,Bridged Token Value (Dollar),590266310.8317606,,8134974.068798546,,10532043.898799175,974137.3428149994,927181.9654850308,842042706.9080008,996079.0415192042,,4322658.75,,70542663.58823638
1691798400000,2023-08-12,Bridged Token Value (Dollar),590267582.8317608,,8129600.634241374,,10480473.48307914,973809.6386150004,927181.9654850308,842042976.351832,996079.0415192042,,4322658.75,,70542663.58823638
1691884800000,2023-08-13,Bridged Token Value (Dollar),590267582.8317606,,8126904.734127397,,10480473.48307914,973948.3756800004,927181.9654850308,842310607.185189,996079.0415192042,,4322658.75,,70542663.58823638
1691971200000,2023-08-14,Bridged Token Value (Dollar),589220386.7860427,,8108951.74357664,,10530743.607133076,973627.5210349999,927181.9654850308,839400527.8730922,996404.5490446256,,4322658.75,,70542663.58823638
1692057600000,2023-08-15,Bridged Token Value (Dollar),588844583.3009171,,8095771.923537036,,10456631.977405388,973147.1120499998,927181.9654850308,836953979.4860497,995302.5532634583,,4322658.75,,70542663.58823638
1692144000000,2023-08-16,Bridged Token Value (Dollar),588704625.498981,,8086791.761226219,,10369212.083297536,973095.0017099994,927181.9654850308,833656105.6453066,993699.650309033,,4322658.75,,70542663.58823638
1692230400000,2023-08-17,Bridged Token Value (Dollar),586667209.8850318,,20150764.68243458,,10271655.85248629,972702.6968050001,1483181.9654850308,833157959.4757494,992622.624778269,,4322658.75,,70542663.58823638
1692316800000,2023-08-18,Bridged Token Value (Dollar),580130993.6187046,,20710115.57175324,,10177814.002467236,972697.0559949998,1483181.9654850308,833226226.2776337,993724.6482817573,,4322658.75,,70542663.58823638
1692403200000,2023-08-19,Bridged Token Value (Dollar),580141625.6187046,,20712159.33802901,,10155368.336930403,972768.1033400005,1483181.9654850308,833226274.1090856,993724.6482817573,,4322658.75,,70542663.58823638
1692489600000,2023-08-20,Bridged Token Value (Dollar),580141625.6187046,,20711333.221152358,,10155368.336930402,972817.3932750005,1483181.9654850308,833224511.2706863,993724.6482817573,,4322658.75,,70542663.58823638
1692576000000,2023-08-21,Bridged Token Value (Dollar),580166580.9269665,,20714877.42736893,,10233709.568281312,972722.7182760007,1483181.9654850308,835207721.424634,992422.2568685439,,4322658.75,,70542663.58823638
1692662400000,2023-08-22,Bridged Token Value (Dollar),534996711.3339188,,20722638.964248084,,10251839.821461678,973460.9883919993,1483181.9654850308,835251447.6074014,993023.3605977193,,4322658.75,,70542663.58823638
1692748800000,2023-08-23,Bridged Token Value (Dollar),530131189.68706214,,20709383.340866324,,10351898.51823955,972819.1430700007,1483181.9654850308,845300496.3203262,996329.4311081838,,4322658.75,,70542663.58823638
1692835200000,2023-08-24,Bridged Token Value (Dollar),527337822.6191277,,20715982.465228666,,10284264.938321529,973080.5891100001,1483181.9654850308,845300206.5868688,994926.8557401078,,4322658.75,,70542663.58823638
1692921600000,2023-08-25,Bridged Token Value (Dollar),528398728.94522536,,20675345.946832538,,10259879.264288176,972185.0690399999,1483181.9654850308,844758274.8614154,995027.0396949705,,4322658.75,,70542663.58823638
1693008000000,2023-08-26,Bridged Token Value (Dollar),528390428.94522524,,20673166.44058672,,10269907.657472495,972138.9790680001,1483181.9654850308,844428746.951926,995027.0396949705,,4322658.75,,70542663.58823638
1693094400000,2023-08-27,Bridged Token Value (Dollar),528390428.9452253,,20673562.34494391,,10269907.657472493,972134.53179,1483181.9654850308,844150694.2441226,995027.0396949705,,4322658.75,,70542663.58823638
1693180800000,2023-08-28,Bridged Token Value (Dollar),529542746.1711815,,20681951.03527778,,10316282.733459394,972174.1815599994,1483181.9654850308,847108635.3425592,996930.5348373592,,4322658.75,,70542663.58823638
1693267200000,2023-08-29,Bridged Token Value (Dollar),531264721.2270765,,20703195.980880234,,10486595.125711543,972558.8550959992,1483181.9654850308,854461091.5209395,999936.053483236,,4322658.75,,70542663.58823638
1693353600000,2023-08-30,Bridged Token Value (Dollar),530971577.52761966,,20718000.53160501,,10701512.538270105,973144.6263600003,1483181.9654850308,854460572.4950781,999635.5016186483,,4322658.75,,70542663.58823638
1693440000000,2023-08-31,Bridged Token Value (Dollar),535410722.01827794,,20732041.448082052,,10700377.861248156,973953.8694959998,1483181.9654850308,855465474.4298434,1000436.9732575489,,4322658.75,,70542663.58823638
1693526400000,2023-09-01,Bridged Token Value (Dollar),541910907.8537513,,20687320.304133896,,10623553.577965904,972804.2967600002,1483181.9654850308,855435282.9695578,999535.3176637859,,4322658.75,,70542663.58823638
1693612800000,2023-09-02,Bridged Token Value (Dollar),542012079.4837512,,20664677.95239155,,10613426.350930534,972034.5453359995,1483181.9654850308,855435238.1693698,999535.3176637859,,4322658.75,,70542663.58823638
1693699200000,2023-09-03,Bridged Token Value (Dollar),542012079.4837513,,20661018.777550906,,10613426.350930534,971885.2046640003,1483181.9654850308,855689550.6287683,999535.3176637859,,4322658.75,,70542663.58823638
1693785600000,2023-09-04,Bridged Token Value (Dollar),542012079.4837513,,20665534.20844227,,10613426.350930534,971893.1569200002,1483181.9654850308,854565874.4244419,999535.3176637859,,4322658.75,,70542663.58823638
1693872000000,2023-09-05,Bridged Token Value (Dollar),532069747.6327457,,20653249.69314752,,10601469.008163378,972240.4767240002,1482533.5507478067,849637552.1888369,997231.0867019469,,4322658.75,,70542663.58823638
1693958400000,2023-09-06,Bridged Token Value (Dollar),537673429.0853926,,20629448.572167218,,10530090.362296598,971359.0817160001,1482533.5507478067,844757480.0001198,997030.7187922217,,4322658.75,,70542663.58823638
1694044800000,2023-09-07,Bridged Token Value (Dollar),537162407.3536531,,20621934.577712253,,10520552.309315633,971350.3110059999,1482431.224055151,846278138.6766307,999134.5818443357,,4322658.75,,70542663.58823638
1694131200000,2023-09-08,Bridged Token Value (Dollar),535387507.9716182,,20615552.428942613,,10576747.231269374,971033.9065779996,1482431.2240551512,846189844.4506378,998433.2941602975,,4322658.75,,70542663.58823638
1694217600000,2023-09-09,Bridged Token Value (Dollar),535359661.6010607,,20618240.328430623,,10565586.352227168,971145.5300759993,1482431.2240551512,846189859.3209691,998433.2941602975,,4322658.75,,70542663.58823638
1694304000000,2023-09-10,Bridged Token Value (Dollar),535308322.0010606,,20621532.210337177,,10565586.352227168,971154.168412,1481930.8771145826,846146535.5860914,998433.2941602975,,4322658.75,,70542663.58823638
1694390400000,2023-09-11,Bridged Token Value (Dollar),537266986.898078,,20633143.15364676,,10623199.173509482,1011649.3069180001,1481930.8771145826,847098492.4078776,998433.2941602975,,4322658.75,,70542663.58823638
1694476800000,2023-09-12,Bridged Token Value (Dollar),530974710.05474544,,20647809.90804167,,10558341.843244614,1012164.7474599999,1481930.8771145826,842431826.1373662,998733.8460248852,,4322658.75,,70542663.58823638
1694563200000,2023-09-13,Bridged Token Value (Dollar),531117518.5324034,,20644146.690061066,,10581359.43326492,1012253.2589469996,1481930.8771145826,839936042.3181621,999334.9497540606,,4322658.75,,70542663.58823638
1694649600000,2023-09-14,Bridged Token Value (Dollar),536211250.2567375,,20611028.750029363,,10634572.150291212,1011980.2683300005,1481930.8771145826,840409319.6117638,999835.8695283736,,4322658.75,,70544233.54823637
1694736000000,2023-09-15,Bridged Token Value (Dollar),536361977.4472267,,8167929.881174395,,10609150.13280659,1010667.8601979999,1481930.8771145826,846802855.9712162,999234.7657991982,,4322658.75,,70544233.54823637
1694822400000,2023-09-16,Bridged Token Value (Dollar),536358251.4472267,,8180085.236798801,,10558158.336462477,1011147.6537020002,1481930.8771145826,846802783.9780711,999234.7657991982,,4322658.75,,70544233.54823637
1694908800000,2023-09-17,Bridged Token Value (Dollar),536358251.4472267,,8179049.217461007,,10558158.336462477,1011134.1460019998,1481930.8771145826,846400757.1712329,999234.7657991982,,4322658.75,,70544233.54823637
1694995200000,2023-09-18,Bridged Token Value (Dollar),569278556.5384585,,7911743.931948814,,10554405.746520184,1011101.1872140003,1481930.8771145826,845814699.7373542,999334.9497540606,,4322658.75,,70544233.54823638
1695081600000,2023-09-19,Bridged Token Value (Dollar),568652562.5315297,,7917330.253757538,,10512753.01243676,1011433.3415570003,1481630.910209993,844307020.7730829,998132.7422957098,,4322658.75,,70544233.54823637
1695168000000,2023-09-20,Bridged Token Value (Dollar),566307721.2179421,,7905623.140372916,,10375220.200152885,1063753.0374899998,1481630.9102099927,843762050.7983651,997732.0064762597,,4322658.75,,70544233.54823637
1695254400000,2023-09-21,Bridged Token Value (Dollar),566348176.2151887,,7956818.309500096,,10212674.937387217,1063352.3183750003,1481630.910209993,839207757.6324699,995127.223649833,,4322658.75,,70544233.54823637
1695340800000,2023-09-22,Bridged Token Value (Dollar),566038027.9045131,,7960132.823314015,,10116276.336476991,1063587.8183530003,1481630.910209993,839165063.0506841,996129.0631984586,,4322658.75,,70544233.54823637
1695427200000,2023-09-23,Bridged Token Value (Dollar),559148804.5902815,,7963800.5550008,,10073339.172079042,1063651.3656430005,1481630.910209993,841006118.1617208,996129.0631984586,,4322658.75,,70544233.54823638
1695513600000,2023-09-24,Bridged Token Value (Dollar),559154820.626724,,7959469.571741102,,10073339.172079042,1063691.5221219992,1481630.910209993,840961956.402004,996129.0631984586,,4322658.75,,70544233.54823637
1695600000000,2023-09-25,Bridged Token Value (Dollar),599336108.3698233,,7937445.92928225,,10091676.817133067,1063547.871117,1481630.9102099927,836696925.3307709,984207.1725698137,,4322658.75,,70544233.54823638
1695686400000,2023-09-26,Bridged Token Value (Dollar),600458456.2647102,,7912009.697313352,,10006243.623001255,1062786.3635799992,1481630.910209993,830602794.336261,982804.5972017379,,4322658.75,,70544233.54823638
1695772800000,2023-09-27,Bridged Token Value (Dollar),603629475.9772745,8889869.229557266,11498897.992409196,,9969876.239699941,1062481.733499,1481630.9102099927,819816628.1063745,982328.6486999055,,4322658.75,,70544233.54823637
1695859200000,2023-09-28,Bridged Token Value (Dollar),604923080.2099339,8889869.229557266,11492023.085942533,,10043627.808706962,1061716.6013100003,1481630.9102099927,815195056.6507442,984632.9382379063,,4322658.75,,70544233.54823637
1695945600000,2023-09-29,Bridged Token Value (Dollar),601555385.3932402,8947033.652068278,11528830.0140701,,10100809.084720662,1062504.8931180006,1481630.910209993,807644508.6697218,984632.9382379063,,4322658.75,,70544233.54823638
1696032000000,2023-09-30,Bridged Token Value (Dollar),601575410.1919432,8960863.355022999,11549125.632683123,,10076258.39006966,1068704.0158340002,1481630.910209993,807644603.9738685,984132.0057296454,,4322658.75,,69205324.50823636
1696118400000,2023-10-01,Bridged Token Value (Dollar),601578428.4517521,8960863.355022991,11545600.882625427,,10076258.390069658,1068794.762644,1481630.9102099927,807579981.7193034,984132.0057296454,,4322658.75,,71085902.70823637
1696204800000,2023-10-02,Bridged Token Value (Dollar),601492917.409159,8942640.294971045,11510264.860325716,,10102265.224403972,1068487.7133630002,1481630.910209993,798397002.2590442,981802.7576507758,,4322658.75,,71085902.70823637
1696291200000,2023-10-03,Bridged Token Value (Dollar),603639247.4705042,8874854.36974578,11455897.648649458,,9999523.706298018,1067351.2111499999,1481630.910209993,797680017.6778305,977294.4796819713,,4322658.75,,71085902.70823638
1696377600000,2023-10-04,Bridged Token Value (Dollar),605192801.6734533,8860919.501741223,11453941.95275404,,10007490.508071436,1067205.1079819994,1481630.9102099927,797682030.2315115,980500.3662375656,,4322658.75,,71085902.70823637
1696464000000,2023-10-05,Bridged Token Value (Dollar),605709772.3544347,9339780.30939112,11467767.19889956,,10044660.443352193,1067718.745758,1481630.910209993,797127514.5352265,981201.6539216018,,4322658.75,,71085902.70823637
1696550400000,2023-10-06,Bridged Token Value (Dollar),604503485.0552104,9395723.15637143,11512597.924404155,,10167999.743870877,1068257.3843850002,1481630.910209993,802295393.2532287,980525.3354728001,,4322658.75,,71085902.70823637
1696636800000,2023-10-07,Bridged Token Value (Dollar),604528356.7931887,8974543.143174969,11538806.277563874,,10266090.404511813,1069277.8036739998,1481630.910209993,802317730.2865549,980525.3354728001,,4322658.75,,71085902.70823638
1696723200000,2023-10-08,Bridged Token Value (Dollar),604531377.2385974,8974543.143174969,11531678.069590624,,10266090.404511813,1069281.3344999999,1481630.910209993,808947767.616921,980525.3354728001,,4322658.75,,71085902.70823638
1696809600000,2023-10-09,Bridged Token Value (Dollar),605897958.2245986,12671904.515030922,11516771.390850283,,10287958.373234,1069167.8608399993,1481630.910209993,815115275.0359797,985559.6317933052,,4322658.75,,71085902.70823637
1696896000000,2023-10-10,Bridged Token Value (Dollar),606935861.3147403,12686028.113099234,11525950.856397197,,10312983.844618417,1069353.6453499997,1481630.910209993,813815690.1942523,984758.119436454,,4322658.75,,71085902.70823637
1696982400000,2023-10-11,Bridged Token Value (Dollar),607108081.0249385,12734179.63157391,11551625.309425268,,10385868.451044384,1069701.396726,1481630.910209993,820816391.2655668,984842.7174361253,,4322658.75,,71085902.70823637
1697068800000,2023-10-12,Bridged Token Value (Dollar),608904529.4363284,12759601.117753925,11540431.090911295,,10318545.026229074,1069967.8354920002,1481630.910209993,818485231.9117324,981638.3486554485,,4322658.75,,71085902.70823638
1697155200000,2023-10-13,Bridged Token Value (Dollar),609162351.2600482,12653159.661812335,11493405.321052827,,10206403.338691842,1117367.491853,1480630.910209993,845838708.6169642,983115.5569816715,,4322658.75,,71085902.70823637
1697241600000,2023-10-14,Bridged Token Value (Dollar),609181078.2916433,12626031.669941332,11478986.463863082,,10186955.810826773,1117014.5740570002,1480630.910209993,845838375.9678555,983115.5569816715,,4322658.75,,71085902.70823637
1697328000000,2023-10-15,Bridged Token Value (Dollar),609109739.2499887,12626031.66994135,11482060.206061143,,10186955.810826773,1117079.7574829995,1480630.910209993,842627617.4930998,983115.5569816715,,4322658.75,,71085902.70823637
1697414400000,2023-10-16,Bridged Token Value (Dollar),606415652.3864516,12632193.398086853,11495723.704351306,,10258846.921161067,1117575.8508669997,1480630.910209993,840047562.3469168,981112.877093748,,4322658.75,,71085902.70823637
1697500800000,2023-10-17,Bridged Token Value (Dollar),596309143.3939207,12683026.213559397,11514128.55141872,,10298549.11711187,1118091.4069679994,1480630.9102099927,839666010.1104468,977917.7381445073,,4322658.75,,71085902.70823637
1697587200000,2023-10-18,Bridged Token Value (Dollar),594905065.9761548,12705067.837697191,11517067.816805374,,10230822.903259313,1118371.2453759997,1480630.910209993,850725823.1579801,975340.4498279353,,4322658.75,,71085902.70823637
1697673600000,2023-10-19,Bridged Token Value (Dollar),601140235.4404564,12664498.779773332,11503852.958964877,,10077867.789598757,1117907.5568500003,1480630.9102099927,862467274.2087532,974739.9323626745,,4322658.75,,71085902.70823637
1697760000000,2023-10-20,Bridged Token Value (Dollar),627720180.3159266,12718947.250370804,11525608.508282885,,9981960.468852082,1118694.6244500005,1480630.9102099927,864618289.1857285,976041.0535374065,,4322658.75,,71085902.70823637
1697846400000,2023-10-21,Bridged Token Value (Dollar),627697207.05133,12736622.330560135,11530072.102151956,,9977348.122922821,1118972.2691380004,1480630.910209993,864618365.0950061,976041.0535374065,,4322658.75,,71085902.70823638
1697932800000,2023-10-22,Bridged Token Value (Dollar),627700229.4883353,12736622.330560122,11528292.084561735,,9977348.122922823,1118988.5836809997,1480630.910209993,860741081.0578436,976041.0535374065,,4322658.75,,71085902.70823637
1698019200000,2023-10-23,Bridged Token Value (Dollar),625792204.6726943,12727962.109401476,11546504.791877586,,9983978.400501002,1118961.4040750004,1480630.910209993,860786953.713144,977442.2609563485,,4322658.75,,71085902.70823637
1698105600000,2023-10-24,Bridged Token Value (Dollar),629194727.4134618,12828183.13446359,11575945.063905133,,10070946.318738544,1120766.6740269999,1480630.910209993,859940830.429214,977442.2609563485,,4322658.75,,71085902.70823637
1698192000000,2023-10-25,Bridged Token Value (Dollar),628496933.5918295,12733805.862082472,11543322.016125444,,10007685.108066583,1119795.2277789998,1480630.910209993,858313140.018614,976466.3680028354,,4322658.75,,71085902.70823637
1698278400000,2023-10-26,Bridged Token Value (Dollar),630113381.2932614,12702810.35814395,11526011.345718289,,9825504.541203199,1119454.6612749994,1477630.910209993,861067389.7558347,980169.6537363434,,4322658.75,,71085902.70823637
1698364800000,2023-10-27,Bridged Token Value (Dollar),641022918.6863092,12703824.845649684,11517276.189278629,,9729070.373208784,1119430.04746,1477630.9102099927,870279657.2214835,980269.7425399518,,4322658.75,,71085902.70823637
1698451200000,2023-10-28,Bridged Token Value (Dollar),641063329.3983717,12719137.466307262,11522946.240257703,,9627955.021523202,1119542.7500500004,1477630.910209993,870279705.6207212,980269.7425399518,,4322658.75,,71085902.70823638
1698537600000,2023-10-29,Bridged Token Value (Dollar),641069566.8958946,12719137.466307264,11522229.50259396,,9627955.021523202,1119682.0554300004,1477630.910209993,868845837.9258488,980269.7425399518,,4322658.75,,71085902.70823637
1698624000000,2023-10-30,Bridged Token Value (Dollar),664345571.4943117,12707317.330742469,11517044.398736607,,9721676.001262696,1119603.4472740006,1476932.910209993,865516380.7578868,978167.8776641769,,4322658.75,,71085902.70823637
1698710400000,2023-10-31,Bridged Token Value (Dollar),671431520.4037116,12769192.226933137,11566222.079275794,,9828998.686819261,1120315.7022700002,1476932.910209993,861250333.166194,979769.10461199,,4322658.75,,71085902.70823637
1698796800000,2023-11-01,Bridged Token Value (Dollar),675894741.7173042,12729769.18357417,11539040.575591858,,9947422.85985887,1119815.6318500005,1476932.9102099927,856345941.5097655,983773.0649904615,,4322658.75,,71085902.70823638
1698883200000,2023-11-02,Bridged Token Value (Dollar),675486033.9803354,12731466.101856286,11558946.406009795,,10121427.42499522,1119918.1324719992,1476932.910209993,856172884.5306404,986275.5402270063,,4322658.75,,71085902.70823638
1698969600000,2023-11-03,Bridged Token Value (Dollar),675517929.8322816,12783640.446575025,12051593.966543842,,10361093.565946952,1120332.5554719996,1476932.910209993,855783708.782066,990154.0546714574,,4322658.75,,71085902.70823637
1699056000000,2023-11-04,Bridged Token Value (Dollar),679049311.1815176,12929454.076976756,12125429.506124604,,10385209.87177857,1122013.5933009991,1476932.910209993,855783826.8861631,990154.0546714574,,4322658.75,,71085902.70823637
1699142400000,2023-11-05,Bridged Token Value (Dollar),679052735.8347499,12929454.076976746,12123615.791578187,,10385209.871778568,1121936.9250459992,1476676.620513007,853979834.4840631,990154.0546714574,,4322658.75,,71085902.70823637
1699228800000,2023-11-06,Bridged Token Value (Dollar),681041045.2326111,12918788.39628883,12117798.996967988,,10419079.551071728,1121935.405495,1476676.620513007,848104329.8716432,987751.7399411587,,4322658.75,,71085902.70823637
1699315200000,2023-11-07,Bridged Token Value (Dollar),681924699.3771143,12905605.510509122,12110154.52144254,,10492394.597151048,1121754.0263620003,1476676.620513007,841188435.1178944,989278.1556369688,,4322658.75,,71085902.70823637
1699401600000,2023-11-08,Bridged Token Value (Dollar),682050882.8287549,12877919.76015996,12094194.735094953,,10557253.255504126,1121441.275138,1476676.620513007,832989333.7914548,990179.0463989574,,4322658.75,,71085902.70823638
1699488000000,2023-11-09,Bridged Token Value (Dollar),681924980.6156665,12897606.425702801,12099438.758472424,,10504098.885723447,1121639.3693319997,1476676.620513007,834396076.0338651,987376.2751394375,,4322658.75,,71085902.70823637
1699574400000,2023-11-10,Bridged Token Value (Dollar),686059540.8845103,12847134.281193903,12084048.586848732,,10657540.04282404,1121037.4889950003,1476676.620513007,825050640.9185463,987704.0415026604,,4322658.75,,71085902.70823637
1699660800000,2023-11-11,Bridged Token Value (Dollar),698750426.5555239,12870504.319656724,12098921.760672841,,10693507.966806531,1121483.4081430002,1476676.620513007,825050610.1809325,987704.0415026604,,4322658.75,,71085902.70823637
1699747200000,2023-11-12,Bridged Token Value (Dollar),698753861.4372052,12886420.381729525,12097048.514957706,,10693507.966806533,1121602.3475439993,1476676.620513007,825357353.4939526,987704.0415026604,,4322658.75,,71085902.70823637
1699833600000,2023-11-13,Bridged Token Value (Dollar),694370000.6339229,12876998.16778943,12092314.065458387,,10726903.146234915,1121361.4296399998,1476676.620513007,827766019.7607477,988204.550290287,,4322658.75,,71085902.70823637
1699920000000,2023-11-14,Bridged Token Value (Dollar),706084783.4159102,12889953.995934522,12145862.5543132,,10867496.08392897,1121515.871278,1476676.620513007,834419861.8888382,994811.2662869605,,4322658.75,,71085902.70823638
1700006400000,2023-11-15,Bridged Token Value (Dollar),707826656.1803172,13111672.608088164,12249924.761580903,,10954237.986574378,1123960.2762730008,1476676.620513007,830881162.0187321,992008.4170762505,,4322658.75,,71085902.70823637
1700092800000,2023-11-16,Bridged Token Value (Dollar),716050966.1035128,13070042.300294101,12248038.048581872,,11036189.091117775,1123613.1279399998,1476676.620513007,839213682.1684154,994410.8592568589,,4322658.75,,71085902.70823637
1700179200000,2023-11-17,Bridged Token Value (Dollar),716200632.3088478,13083707.038389228,12261743.167798065,,11041191.667495893,1123608.293005,1476676.620513007,834664939.7568578,995211.6733170619,,4322658.75,,71085902.70823637
1700265600000,2023-11-18,Bridged Token Value (Dollar),716213427.1905292,13162152.425244836,12297626.059762483,,11074372.020325359,1124463.1095130006,1476676.620513007,834665015.4106945,995211.6733170619,,4322658.75,,71085902.70823637
1700352000000,2023-11-19,Bridged Token Value (Dollar),716249773.5435439,13162152.425244818,12295241.189225225,,11074372.020325357,1124407.0242670001,1476676.620513007,832667165.8045912,995211.6733170619,,4322658.75,,71085902.70823637
1700438400000,2023-11-20,Bridged Token Value (Dollar),715026416.069875,13151427.290487876,12301774.218634726,,11167231.330907263,1124342.2361380002,1476676.620513007,834740660.7952244,995311.7750745871,,4322658.75,,71085902.70823637
1700524800000,2023-11-21,Bridged Token Value (Dollar),713263489.3353041,13194024.296815123,12318225.899213463,,11256780.176073594,1124882.0911660003,2084876.620513007,841273394.7538522,996112.58913479,,4322658.75,,71085902.70823637
1700611200000,2023-11-22,Bridged Token Value (Dollar),713155776.7192366,13166061.233380595,12292089.741029572,,11286527.601494031,1124494.3293789998,2084876.620513007,836769073.3434033,996813.3014374675,,4322658.75,,71085902.70823637
1700697600000,2023-11-23,Bridged Token Value (Dollar),713064866.5639493,13129410.07369725,12282352.62438386,,11365798.736409463,1124096.4832990007,2084876.620513007,838280187.6891816,996813.3014374675,,4322658.75,,71085902.70823638
1700784000000,2023-11-24,Bridged Token Value (Dollar),714395471.1842964,13156173.35315267,12298777.055510163,,11486875.051227914,1124318.3377449997,2691276.620513007,842219311.7597392,995862.1987863244,,4322658.75,,71085902.70823638
1700870400000,2023-11-25,Bridged Token Value (Dollar),714538222.3931249,13206239.395763788,12335202.029509,,11561213.474294793,1124906.6802640003,2691276.620513007,842219323.2560228,995862.1987863244,,4322658.75,,71085902.70823637
1700956800000,2023-11-26,Bridged Token Value (Dollar),714545093.8205625,13206239.395763766,12334624.967688972,,11561213.474294795,1124883.610716999,2691276.620513007,842219323.0351869,995862.1987863244,,4322658.75,,71085902.70823637
1701043200000,2023-11-27,Bridged Token Value (Dollar),718284092.3530297,13198206.772518689,12334536.534727002,,11576005.52901105,1124808.1857309996,2691276.620513007,847153766.3319144,997963.4172284463,,4322658.75,,71085902.70823637
1701129600000,2023-11-28,Bridged Token Value (Dollar),717567320.6659065,13223673.180454915,12350867.824801784,,11699709.43906659,1125069.2722210004,2691276.620513007,857905267.5556445,1000943.0649101371,,4322658.75,,71085902.70823637
1701216000000,2023-11-29,Bridged Token Value (Dollar),717632650.6421062,13271819.741044426,12471958.277645037,,11807172.114185624,1125693.393259,2691276.620513007,858430060.0480056,1003547.0792875298,,4322658.75,,71085902.70823638
1701302400000,2023-11-30,Bridged Token Value (Dollar),711482378.0503919,13240168.28964781,12445824.257819774,,11797589.20171759,1125272.4776320003,2691276.620513007,854597499.346355,1003246.1132734563,,4322658.75,,71085902.70823637
1701388800000,2023-12-01,Bridged Token Value (Dollar),711828204.4926924,13153976.901285669,12406466.155409262,,11841240.50173713,1124148.2861740007,2691276.620513007,867772550.8470213,1007052.7385659567,,4322658.75,,71085902.70823638
1701475200000,2023-12-02,Bridged Token Value (Dollar),712037848.1654755,13148086.826947378,12407460.50296967,,11985159.548918393,1124076.8672770006,2691276.620513007,867772558.3430448,1007052.7385659567,,4322658.75,,71085902.70823638
1701561600000,2023-12-03,Bridged Token Value (Dollar),709971523.9553231,13141015.731315652,12405818.4160848,,11985159.548918394,1124004.06697,2691276.620513007,886558272.4607662,1007052.7385659567,,4322658.75,,71085902.70823637
1701648000000,2023-12-04,Bridged Token Value (Dollar),711024441.6327801,13145323.327332778,12394940.172587914,,11968920.036813015,1124071.2034959996,2691276.620513007,850775574.9094065,1004548.3798208906,,4322658.75,,71085902.70823637
1701734400000,2023-12-05,Bridged Token Value (Dollar),700401215.2724581,13080394.925482806,12352683.146031255,,12064622.816451952,1123390.7209300003,2691276.620513007,842120070.6020592,1006251.3437675355,,4322658.75,,71085902.70823637
1701820800000,2023-12-06,Bridged Token Value (Dollar),700165104.0506257,13032787.150657719,12331066.790973024,,12105273.174979988,1122785.6633500003,2691276.620513007,840545985.2797365,1006977.5339661979,,4322658.75,,71085902.70823638
1701907200000,2023-12-07,Bridged Token Value (Dollar),699187127.1077358,13004458.330596894,12319257.962764913,,11973946.975652523,1122410.0579709993,2691276.620513007,844427084.2614405,1007979.3023048033,,4322658.75,,71085902.70823638
1701993600000,2023-12-08,Bridged Token Value (Dollar),696281540.0616583,13037070.930312855,12323626.509386007,,12095753.985023446,1122736.4851540003,2690776.620513007,832554178.4983627,1006075.9424614529,,4322658.75,,71085902.70823637
1702080000000,2023-12-09,Bridged Token Value (Dollar),694304331.2457737,13016483.516483512,12317281.17709178,,12270725.42909219,1122448.0467459993,2690776.620513007,832554107.7733293,1006075.9424614529,,4322658.75,,71085902.70823637
1702166400000,2023-12-10,Bridged Token Value (Dollar),694309813.2825435,13016483.516483523,12316309.315849714,,12270725.429092186,1122498.0537879998,2690776.620513007,833629109.013113,1006075.9424614529,,4322658.75,,71085902.70823637
1702252800000,2023-12-11,Bridged Token Value (Dollar),700134029.5116434,13006128.497134877,12311898.657164548,,12260836.275215736,1122391.408936,2690776.620513007,823328247.5949471,1005574.7774801241,,4322658.75,,71085902.70823637
1702339200000,2023-12-12,Bridged Token Value (Dollar),697564581.7170559,13004288.519169163,12323128.958948083,,12383363.198322121,1122398.0397040006,2690776.620513007,821072958.140989,1007378.1396395982,,4322658.75,,71085902.70823638
1702425600000,2023-12-13,Bridged Token Value (Dollar),697357350.8943906,13049641.714070989,12370254.336746223,,12547244.07636652,1122855.2864139993,2690776.620513007,841909630.9132034,1014391.21470422,,4322658.75,,71085902.70823637
1702512000000,2023-12-14,Bridged Token Value (Dollar),698043796.6744851,13154307.046806382,12412633.928989287,,12760764.928017544,1124017.4666469994,2690776.620513007,839447226.067901,1017296.6315167062,,4322658.75,,71085902.70823638
1702598400000,2023-12-15,Bridged Token Value (Dollar),695714930.229793,13292787.904973282,12519057.716273954,,12820546.965248503,1125557.1862330004,2690776.620513007,831866131.5439476,1016996.0711567937,,4322658.75,,71085902.70823637
1702684800000,2023-12-16,Bridged Token Value (Dollar),695736170.2205737,13188446.585420115,12477208.366677625,,12752206.15563191,1124297.0640309996,2690776.620513007,831752168.4507142,1016996.0711567937,,4322658.75,,71085902.70823638
1702771200000,2023-12-17,Bridged Token Value (Dollar),695801007.6135743,13188446.585420104,12476269.127563305,,12752206.15563191,1124505.9332229993,2690776.620513007,831020391.7426493,1016996.0711567937,,4322658.75,,71085902.70823637
1702857600000,2023-12-18,Bridged Token Value (Dollar),695955779.8622437,13170387.364334213,12472570.960545544,,12887206.902525933,1124187.3800770002,2690776.620513007,834988007.2746302,1015994.2032904193,,4322658.75,59421377.431999646,71085902.70823637
1702944000000,2023-12-19,Bridged Token Value (Dollar),692801338.8833563,13207879.469894776,12500161.378646826,,13051147.36692775,1124582.8777599996,2690776.620513007,838966812.4682242,1016996.0711567937,,4322658.75,59421377.431999646,71085902.70823637
1703030400000,2023-12-20,Bridged Token Value (Dollar),719937106.5591913,13279975.403670754,12529736.737543594,,13079175.202422414,1125371.1103059999,2690776.620513007,832267933.9781691,1018799.433316268,,4322658.75,69324940.33733292,71085902.70823637
1703116800000,2023-12-21,Bridged Token Value (Dollar),718375255.9350321,13234298.398563055,12526623.318950655,,13191626.22919107,1124854.601107,2690348.1983410176,840387491.2230513,1020402.4219024673,,4322658.75,71305652.91839957,71085902.70823638
1703203200000,2023-12-22,Bridged Token Value (Dollar),718790606.1728537,13319655.530704625,12567136.501184192,,13241089.90491169,1125723.5079969994,2690348.1983410176,840041265.9368585,1005674.9642667616,,4322658.75,71305652.91839957,71085902.70823637
1703289600000,2023-12-23,Bridged Token Value (Dollar),718836891.1561373,13339647.627122926,12584970.106684487,,13352858.502195891,1125927.9566770005,2690348.1983410176,840040844.5807649,1005674.9642667616,,4322658.75,69324940.33733292,71085902.70823637
1703376000000,2023-12-24,Bridged Token Value (Dollar),718843294.2027713,13340103.605004266,12584406.906652123,,13352858.502195891,1125932.5153299994,2690348.1983410176,840534279.8928497,1005674.9642667616,,4322658.75,67344227.75626627,71085902.70823637
1703462400000,2023-12-25,Bridged Token Value (Dollar),718849697.249405,13328610.712050859,12581287.269223705,,13352858.502195891,1125886.6525179995,2690348.1983410176,840759927.8205112,1005674.9642667616,,4322658.75,63382802.59413296,71085902.70823638
1703548800000,2023-12-26,Bridged Token Value (Dollar),718497680.7432463,13341657.372836184,12588732.676547673,,13365844.390875941,1125908.3406549997,2690348.1983410176,845316329.6192716,1006977.3924930484,,4322658.75,69324940.33733292,71085902.70823637
1703635200000,2023-12-27,Bridged Token Value (Dollar),713848378.4732506,13368632.954975873,12602376.997556996,,13401578.324386274,1126229.794761999,2690348.1983410176,842112732.9927925,1009381.8753723472,,4322658.75,67344227.75626627,71085902.70823637
1703721600000,2023-12-28,Bridged Token Value (Dollar),713384568.3831154,13443041.771034094,12656361.756774595,,13615423.190496415,1127135.1708759996,2690348.1983410176,836660618.04169,1008380.0075059728,,4322658.75,71305652.91839957,71085902.70823638
1703808000000,2023-12-29,Bridged Token Value (Dollar),708449398.5710114,13406644.487386378,12635007.728072895,,13554209.893282995,1126569.6216220004,2690348.1983410176,834941353.6273366,1007979.260359423,,4322658.75,72363521.91839957,71085902.70823637
1703894400000,2023-12-30,Bridged Token Value (Dollar),708350988.6661879,13385338.414442025,12622918.984154588,,13352570.478947805,1126282.5646239994,2690348.1983410176,833378467.2054398,1007979.260359423,,4322658.75,74373619.74946623,71085902.70823638
1703980800000,2023-12-31,Bridged Token Value (Dollar),701188038.3183297,13385338.414442008,12620935.052410498,,13130946.694115294,1141868.1175309992,2690348.1983410176,834056890.8949338,1007979.260359423,,5475367.75,74373619.74946623,72524560.37523508
1704067200000,2024-01-01,Bridged Token Value (Dollar),701194462.7599025,13363723.661409069,12611556.698783072,,13130946.694115296,1141848.777791,2690348.1983410176,833760187.9327435,1007979.260359423,,5475367.75,74373619.74946623,72524560.37523508
1704153600000,2024-01-02,Bridged Token Value (Dollar),695146496.449185,13370645.269878762,12662831.60816716,,12760628.122524815,1140547.3514300005,2690348.1983410176,830362048.6263491,1006276.0849865862,,5475367.75,74373619.74946623,72524560.37523508
1704240000000,2024-01-03,Bridged Token Value (Dollar),703895116.8439517,13254580.969212184,12596185.21033089,,12567545.955261359,1140325.3588429997,2690348.1983410176,819706750.0098112,1005574.7774801241,,5475367.75,74373619.74946623,72524560.3752351
1704326400000,2024-01-04,Bridged Token Value (Dollar),704577141.3802212,13239140.552788975,12577417.569910074,,12593046.167102799,1140613.7972509998,2690348.1983410176,820183118.1234885,1003771.4153206499,,5475367.75,76383717.5805329,72524560.3752351
1704412800000,2024-01-05,Bridged Token Value (Dollar),704572478.800649,13259455.15206178,12587671.970362658,,12560300.647624085,1140684.2491609997,2690348.1983410176,816698336.3187566,1003871.3113366258,,5475367.75,76383717.5805329,72524560.37523508
1704499200000,2024-01-06,Bridged Token Value (Dollar),701584509.5358585,13271117.927370325,12580910.225141712,,12549612.934144448,1140636.4523749994,2690348.1983410176,816698336.3179611,1003871.3113366258,,5475367.75,76383717.5805329,72524560.37523508
1704585600000,2024-01-07,Bridged Token Value (Dollar),701597325.6754904,13271117.927370327,12577023.200581916,,12549612.934144448,1140534.5043170003,2690348.1983410176,815953638.0764205,1003871.3113366258,,5475367.75,60301112.49092045,72524560.37523508
1704672000000,2024-01-08,Bridged Token Value (Dollar),696294442.2419451,13251578.436134046,12573000.863915898,,12857724.89939935,1140656.897243,2690348.1983410176,810791760.8260071,1005975.1434918116,,5475367.75,64323130.59413296,72524560.3752351
1704758400000,2024-01-09,Bridged Token Value (Dollar),696303584.8296124,13266367.320118278,12575656.675526567,,12745908.167937776,1140402.5796620005,2690348.1983410176,810849595.644734,1006375.9703245605,,5475367.75,66333228.42519961,72524560.37523508
1704844800000,2024-01-10,Bridged Token Value (Dollar),697594701.1026478,13247477.220657911,12581957.260228232,,12830003.009143837,1140995.2045520004,2690348.1983410176,809188748.378385,1006375.9703245605,,5475367.75,66333228.42519961,72524560.3752351
1704931200000,2024-01-11,Bridged Token Value (Dollar),697687473.8669145,13302328.133487703,12616058.494549423,,12661456.777915617,1141082.785946,2690348.1983410176,811533406.6939223,1009481.4700596188,,5475367.75,60311944.88973017,72524560.37523508
1705017600000,2024-01-12,Bridged Token Value (Dollar),697933238.0591054,13312748.096213281,12615580.304421786,,12468792.281717848,1140758.1545960004,2690348.1983410176,815597089.5392299,1011586.4358893529,,5475367.75,60302934.931999646,72524560.3752351
1705104000000,2024-01-13,Bridged Token Value (Dollar),697982108.399817,13287971.616400393,12615914.696672127,,12446909.687382149,1140775.698503,2690348.1983410176,815596896.3389869,1011586.4358893529,,5475367.75,60302934.931999646,72524560.37523508
1705190400000,2024-01-14,Bridged Token Value (Dollar),697988494.2030753,13287971.616400404,12612815.304470873,,12446909.687382149,1140592.5235370004,2690033.3926654425,814963185.9377028,1011586.4358893529,,5475367.75,60302934.931999646,72524560.3752351
1705276800000,2024-01-15,Bridged Token Value (Dollar),697691744.5761334,13265297.410891648,12603049.472628923,,12446909.687382149,1140581.0578339999,2690033.3926654425,815000036.1381844,1011586.4358893529,,5475367.75,60310585.53124158,72524560.37523508
1705363200000,2024-01-16,Bridged Token Value (Dollar),697452540.8993171,13271010.238325099,12582881.677576967,,12469835.18458889,1139668.0839649998,2690033.392665442,804812608.0196701,1007977.9230383801,,5475367.75,50242394.292345814,72524560.3752351
1705449600000,2024-01-17,Bridged Token Value (Dollar),697055395.9371783,13184839.53598408,12536041.341295395,,12440991.840963885,1139665.5974269998,2690033.3926654425,804768392.0221534,1006716.9483943166,,5475367.75,58292837.68093299,72524560.37523508
1705536000000,2024-01-18,Bridged Token Value (Dollar),696846618.8041549,13197355.030068824,12532967.294081574,,12403730.742907848,1139758.7044610009,2690033.392665442,797544915.6342866,1007017.6703743209,,5475367.75,52262544.12773303,72524560.37523508
1705622400000,2024-01-19,Bridged Token Value (Dollar),699297989.755308,13193260.494587129,12537543.878657531,,12530312.920936264,1190097.9787569994,2690033.3926654425,805491049.4097624,1007190.178353,,5475367.75,50252446.27666637,72524560.37523508
1705708800000,2024-01-20,Bridged Token Value (Dollar),699353417.0863835,13228133.689547986,12560504.635795167,,12539393.25344791,1190084.8553620004,2690033.3926654425,805490937.6920891,1007190.178353,,5475367.75,50253903.75460571,72524560.37523508
1705795200000,2024-01-21,Bridged Token Value (Dollar),699279167.8930056,13228133.689547988,12560639.398735175,,12539393.25344791,1190084.8553620006,2690033.3926654425,805490937.6920891,1007190.178353,,5475367.75,50252557.90778316,72524560.3752351
1705881600000,2024-01-22,Bridged Token Value (Dollar),698913100.1474534,13212371.915516548,12543248.662347397,,12603376.571472563,1189653.441019,2690033.3926654425,802023268.9907477,1007993.1155036689,,5475367.75,50252446.27666637,72524560.3752351
1705968000000,2024-01-23,Bridged Token Value (Dollar),709002117.3712248,13198058.782637844,12533253.292768456,,12581063.388309544,1189374.948763,2690033.3926654425,805192640.5919846,1007391.6278166453,,5475367.75,48242348.42559972,72524560.37523508
1706054400000,2024-01-24,Bridged Token Value (Dollar),707064288.8957096,13172628.760711716,12534407.412613364,,12564705.962489847,1189712.5653669997,2690033.3926654425,799577591.0906458,1006691.9824322509,,5475367.75,54982000.37821052,72524560.37523508
1706140800000,2024-01-25,Bridged Token Value (Dollar),707101471.4586786,13200147.565014044,12541241.790370509,,12718048.768064711,1189222.8555220002,2690033.3926654425,801182023.2980634,1009898.3269567689,,5475367.75,54976246.74403306,72524560.37523508
1706227200000,2024-01-26,Bridged Token Value (Dollar),706010262.612713,13168023.035669895,12521709.188911669,,12779730.961186519,1189444.157404,2690033.3926654425,798691157.7784965,1008996.5425592482,,5475367.75,45408010.56867641,72524560.37523508
1706313600000,2024-01-27,Bridged Token Value (Dollar),698818067.2633425,13185103.42669854,12538479.121598285,,12796484.708188698,1189387.6577350006,2690033.3926654425,798691157.7784863,1008996.5425592482,,5475367.75,45415160.35376644,72524560.37523508
1706400000000,2024-01-28,Bridged Token Value (Dollar),698844087.6779892,13185103.426698562,12533596.946406493,,12796484.708188696,1189186.2481569997,2690033.3926654425,800046689.8269901,1008996.5425592482,,5475367.75,47805431.9513331,72524560.3752351
1706486400000,2024-01-29,Bridged Token Value (Dollar),728971594.349088,13160127.253446437,12520407.994371753,,13008583.228563104,1189054.1853610005,2690033.3926654425,803777851.597448,1011000.2125867747,,5475367.75,47805431.9513331,72530482.7952351
1706572800000,2024-01-30,Bridged Token Value (Dollar),695644553.7388837,13156969.127595328,12517745.902903594,,13005317.624296762,2921900.997837999,2690033.3926654425,805847517.583737,1011025.1793681645,,99258561.91772842,43024888.756199785,72530482.7952351
1706659200000,2024-01-31,Bridged Token Value (Dollar),694302662.2361397,13167384.748187099,12522574.878078248,,12770168.327264786,2921904.313222001,2690033.3926654425,805055731.8769847,1011395.1046394382,,98898203.45195757,45415160.35376644,72530482.7952351
1706745600000,2024-02-01,Bridged Token Value (Dollar),694561956.1899028,13129497.841684608,12553261.270299837,,12892304.341208966,2921357.274862,2690033.3926654425,804859524.9783571,1014141.5762097894,,104741157.34197223,38243986.42598581,72530482.7952351
1706832000000,2024-02-02,Bridged Token Value (Dollar),693081900.9582493,13213736.946670972,12583485.391859274,,13062128.544058027,2921311.550191,2690033.3926654425,802948780.4949902,1010992.8982856082,,102284714.74511541,44317950.66253313,72530482.7952351
1706918400000,2024-02-03,Bridged Token Value (Dollar),693110076.2478573,13117196.695642792,12541826.837530188,,13071914.695798555,2921305.8864099993,2690033.392665442,802948780.4906691,1010992.8982856082,,102341461.54491541,44317950.66253313,72530482.7952351
1707004800000,2024-02-04,Bridged Token Value (Dollar),693124031.1823357,13117196.695642794,12536624.26429803,,13071914.69579855,2921017.586143,2690033.3926654425,803080087.5947313,1010992.8982856082,,107977455.06281541,44300339.71262466,72530482.7952351
1707091200000,2024-02-05,Bridged Token Value (Dollar),693061157.5164119,13094388.802830338,12514894.817286639,,12858251.263169916,2920495.8275859994,2690033.3926654425,797279075.0651814,1007887.0832180377,,108131318.26665094,44317950.66253313,72530482.7952351
1707177600000,2024-02-06,Bridged Token Value (Dollar),688981443.6581156,13045173.765912881,12492139.703386676,,12838329.802823,2920709.1172899995,2690033.3926654425,800483132.3093348,1010011.3042914574,,113307767.30662572,44317950.66253313,72530482.7952351
1707264000000,2024-02-07,Bridged Token Value (Dollar),688620276.9349984,13070620.836847432,12498681.960184269,,12989530.930149963,2920707.3214570004,3022105.3926654425,800146078.4826314,1009710.884510288,,114038720.84381813,41711012.38826647,72530482.7952351
1707350400000,2024-02-08,Bridged Token Value (Dollar),688683034.9942117,13093633.701322922,12517579.590605624,,13201262.921889342,2920982.912752,3022105.3926654425,799728441.1840076,1008509.2053856103,,114088993.41337909,41711012.38826647,72530482.7952351
1707436800000,2024-02-09,Bridged Token Value (Dollar),688006004.7276142,13093367.038522823,12520279.014888838,,13475849.09895987,2921031.538384001,3022105.3926654425,794207292.0201509,1009009.9050208927,,135704768.65281796,41711012.38826647,72530482.7952351
1707523200000,2024-02-10,Bridged Token Value (Dollar),687915031.4047382,13109021.299541669,12526780.87091273,,13511816.570922779,2921058.4758789996,3022105.3926654425,794207520.6448182,1009009.9050208927,,145916895.98145595,41711012.38826647,72530482.7952351
1707609600000,2024-02-11,Bridged Token Value (Dollar),687943741.9914019,13109021.299541647,12527254.268932732,,13511816.57092278,2921058.4758789996,3022105.3926654425,794207481.0294266,1009009.9050208927,,146069281.63858208,41864192.252855256,72530482.7952351
1707696000000,2024-02-12,Bridged Token Value (Dollar),688006831.17235,13123655.821104364,12539593.499133663,,13568464.872714756,2941262.7864180007,3022105.3926654425,794687955.9522754,1009210.1848750056,,145397236.39152616,39104074.113999814,72530482.7952351
1707782400000,2024-02-13,Bridged Token Value (Dollar),688043526.6743397,13091389.712638555,12500960.00276282,,13322001.181112053,2940040.9292729995,3022105.3926654425,779664457.345911,1005004.3079386343,,145566647.23428887,41711012.38826647,72530482.7952351
1707868800000,2024-02-14,Bridged Token Value (Dollar),697177378.4306818,13020742.089200633,12469804.513491433,,13757824.013630826,2940360.7256879993,3022105.3926654425,780619785.2888291,1005004.3079386343,,146208619.4382173,41711012.38826647,72530482.7952351
1707955200000,2024-02-15,Bridged Token Value (Dollar),697536349.8081794,13049880.720250085,12490968.038826806,,13959052.134392928,2940943.1281439993,3022105.392665442,784614354.985379,1008909.7650938362,,146898995.6360086,41711012.38826647,72530482.7952351
1708041600000,2024-02-16,Bridged Token Value (Dollar),686309116.7191948,13105442.821922997,12524701.948155556,,14174065.836413322,2941011.2316569993,3022105.3926654425,788272097.8673323,1007282.2768855655,,148391057.99016094,33873115.35491339,72530482.7952351
1708128000000,2024-02-17,Bridged Token Value (Dollar),685545302.8516768,13107391.88067807,12528796.017295066,,14224400.381450722,2940978.630381,3022105.3926654425,788271922.8248789,1007282.2768855655,,150461801.08873695,36487175.872408405,72530482.7952351
1708214400000,2024-02-18,Bridged Token Value (Dollar),685552281.203775,13107391.880678084,12530167.215805596,,14224400.381450724,2941087.8999119997,3022105.392665442,788614165.0915364,1007282.2768855655,,151215909.10422844,39104074.113999814,72530482.7952351
1708300800000,2024-02-19,Bridged Token Value (Dollar),685437501.2397978,13115787.929896606,12532276.756012518,,14224400.381450722,2940965.6451269994,3022105.3926654425,789453364.9732012,1007282.2768855655,,172326277.7705325,39104074.113999814,72530482.7952351
1708387200000,2024-02-20,Bridged Token Value (Dollar),687755364.9543211,12851758.712755444,12276180.226079244,,10247825.580890954,2940969.651216,3022105.3926654425,788615678.2109449,1008384.2011616273,,172005270.64737538,39104074.113999814,72530482.7952351
1708473600000,2024-02-21,Bridged Token Value (Dollar),683149357.8964561,8823411.907420468,10016228.56957229,,10109839.433593418,2941585.2075119996,3022105.3926654425,791520213.099336,1006982.4159549684,,180051998.963223,39104074.113999814,72530482.7952351
1708560000000,2024-02-22,Bridged Token Value (Dollar),678979922.4475294,8830709.675584704,10020830.912313031,,10368317.16565326,2941653.863589001,3022105.3926654425,788931309.6584189,1007483.0535287751,,187282200.57486984,39104074.113999814,72530482.7952351
1708646400000,2024-02-23,Bridged Token Value (Dollar),679558034.1551908,8837801.80150387,10024458.48992859,,10463062.532835014,2941729.5648569996,3022105.3926654425,792108652.964764,1008884.8387354342,,188677931.09761176,39104074.113999814,72530482.7952351
1708732800000,2024-02-24,Bridged Token Value (Dollar),686207649.4084429,8843570.573857248,10026705.124032432,,10446437.133954657,2941748.075751,3022105.392665442,792109271.519882,1008884.8387354342,,189801835.59851137,39104074.113999814,72530482.7952351
1708819200000,2024-02-25,Bridged Token Value (Dollar),686198983.1106409,8843570.573857237,10024245.142715484,,10446437.133954657,2941577.6097569996,3022105.3926654425,791658606.6266696,1008884.8387354342,,193015633.7073783,39104074.113999814,72530482.7952351
1708905600000,2024-02-26,Bridged Token Value (Dollar),685431024.4238832,8832729.992065543,10027758.151553096,,10698684.883004665,2942001.4263450005,3022105.3926654425,789591990.1446705,1007382.9260140138,,223441709.65955034,41710482.84423952,72530482.7952351
1708992000000,2024-02-27,Bridged Token Value (Dollar),679208202.6494848,8857519.11823574,10037015.93416694,,10863699.54289946,2963650.260019999,3022105.3926654425,787638328.045647,1007508.0237770723,,230381124.4635234,41692668.26329789,72530482.7952351
1709078400000,2024-02-28,Bridged Token Value (Dollar),676363805.7878841,8857752.203181637,10032504.568836369,,10873445.46208684,2963593.760351001,3022105.3926654425,788528366.3658633,1008108.8037554725,,232710533.58981434,39087372.7323339,72530482.7952351
1709164800000,2024-02-29,Bridged Token Value (Dollar),674619431.7258986,8857560.197199965,10981948.154111464,,10971176.854701504,2963133.3363979994,3022105.3926654425,790576417.816612,1008809.7137302726,,235805318.05304274,39159095.041770525,72530482.7952351
1709251200000,2024-03-01,Bridged Token Value (Dollar),674642172.9993944,8831208.107847469,10980743.452562733,,11103531.92015934,2963680.236617001,3022105.3926654425,794647241.2716655,1010912.4436546733,,230350977.89171794,36481547.88351164,72530482.7952351
1709337600000,2024-03-02,Bridged Token Value (Dollar),674663447.3898058,8864510.44697624,10994676.686199311,,11111311.43196852,2963675.263541001,3022105.3926654425,794647241.2716656,1010912.4436546733,,230347161.30922368,39087372.7323339,72530482.7952351
1709424000000,2024-03-03,Bridged Token Value (Dollar),674670466.0193291,8864510.446976246,10994206.30808618,,11111311.431968521,2963648.049764001,3022105.392665442,794898175.8803961,1010912.4436546733,,225201194.27989691,36481547.88351164,72530482.7952351
1709510400000,2024-03-04,Bridged Token Value (Dollar),675393976.5004709,8861617.602880511,10996789.13968511,,11339311.996621158,2963824.041398,3022105.392665442,804571920.4575233,1010712.1836618732,,233766966.41443813,36578843.01400037,72530482.7952351
1709596800000,2024-03-05,Bridged Token Value (Dollar),671989630.2931789,8872158.903716154,11001868.742701847,,11202132.006235307,2963839.375049,3022105.3926654425,805226376.4253877,1012063.823613035,,253437298.143773,36578843.01400037,72530482.7952351
1709683200000,2024-03-06,Bridged Token Value (Dollar),668628352.1935875,8875167.744209865,11013782.16624663,,11436292.571277529,2964435.1771819997,3022105.3926654425,810128387.1973329,1012999.7671222287,,265846519.26593244,33966068.51300035,72530482.7952351
1709769600000,2024-03-07,Bridged Token Value (Dollar),663806487.8604704,8910088.517535904,11042925.204004765,,11689370.008631088,2965142.597243,3022105.3926654425,810122306.7897247,1012999.7671222287,,273502452.0174339,31353294.012000315,72530482.7952351
1709856000000,2024-03-08,Bridged Token Value (Dollar),680639929.6973244,8953126.854662342,11058167.069898067,,11776282.69400931,2964961.4943919997,3022105.3926654425,815820585.8843204,1015102.8808255966,,277953057.5008881,31353288.34949008,72530482.7952351
1709942400000,2024-03-09,Bridged Token Value (Dollar),680745757.554009,8948442.052793102,11053609.310029969,,11824614.423540294,2964963.7046479997,3022105.392665442,815820795.7262166,1015102.8808255966,,282433619.3576451,31353294.012000315,72530482.7952351
1710028800000,2024-03-10,Bridged Token Value (Dollar),700813963.0537345,8948442.052793114,11056582.965412233,,11824614.423540296,2965043.412005,3022105.392665442,817323363.1827347,1015102.8808255966,,288866163.1315134,36554483.58347961,72530482.7952351
1710115200000,2024-03-11,Bridged Token Value (Dollar),696844487.0209945,8946562.243176516,11054010.08115017,,11777730.855463088,2964876.399536001,3022105.392665442,816712757.1089509,1015252.9776204157,,300162531.26838076,34008735.962117314,72530482.7952351
1710201600000,2024-03-12,Bridged Token Value (Dollar),715086000.7467295,8938485.170116048,11048671.957206637,,11916273.035753844,3014832.7469799994,3022105.3926654425,805181090.7844368,1013950.9860342399,,309243628.3580149,36598025.64177869,72530482.7952351
1710288000000,2024-03-13,Bridged Token Value (Dollar),717601655.4718521,8937156.740502886,11047159.19415911,,11851379.847420743,3014823.491533001,3022105.392665442,804287986.4181532,1013700.4789046571,,320261551.27710044,33958870.66690059,72530482.7952351
1710374400000,2024-03-14,Bridged Token Value (Dollar),690092468.5146694,8958274.139342654,11045520.992685698,,11630334.115080649,3014225.617285,3022105.3926654425,806071095.1252397,1011597.1580809243,,329113839.15555006,33987597.204736724,72530482.7952351
1710460800000,2024-03-15,Bridged Token Value (Dollar),781340806.2368909,8904270.003383085,11024015.786811933,,11586820.212755127,3014416.666288,3022105.3926654425,803976934.2486482,1010194.944198436,,334397458.42726374,33945033.89873943,72530482.7952351
1710547200000,2024-03-16,Bridged Token Value (Dollar),781426535.6578941,8910136.688220609,11028718.133428924,,11616702.109718831,3014413.7653270005,3022105.392665442,803976934.2458417,1010194.944198436,,342531292.2472513,33969008.064446874,72530482.7952351
1710633600000,2024-03-17,Bridged Token Value (Dollar),781445948.6881677,8910136.688220613,11024560.6278839,,11616702.109718831,3014202.82402,3022105.3926654425,804073256.0797026,1010194.944198436,,347393354.0528974,33966068.51300035,72530482.7952351
1710720000000,2024-03-18,Bridged Token Value (Dollar),720448338.6194426,8904444.437869363,11019485.846193248,,11641418.58432266,3114209.7310699993,3022002.1862256555,803199086.9393764,1010695.7348707531,,353193194.9430437,33961600.76099896,72530482.7952351
1710806400000,2024-03-19,Bridged Token Value (Dollar),721039403.5053699,8895440.925754644,11013677.721474363,,11562047.430489458,3114083.7464780007,3022002.1862256555,804347860.5479583,1012298.2650221685,,366300458.9872604,33966068.51300035,72530482.7952351
1710892800000,2024-03-20,Bridged Token Value (Dollar),760854438.0287534,8890569.20619967,11005866.20191397,,11885355.301596973,3113909.550677001,5333207.1862256555,801395392.1106853,1014902.3765182183,,375623217.2045912,33972483.83093447,72530482.7952351
1710979200000,2024-03-21,Bridged Token Value (Dollar),775742549.820354,8949452.070239255,11033497.532614801,,12068949.9785736,3113926.818302001,5333207.1862256555,810701882.1001678,1014902.3765182183,,382512434.75247437,36578843.01400037,72530482.7952351
1711065600000,2024-03-22,Bridged Token Value (Dollar),825841351.3382001,8888917.314021308,11006170.963476803,,12014316.47705524,3138927.370866,5333207.1862256555,803854972.8609273,1007891.3071057765,,406919722.0266808,36574431.17164296,72530482.7952351
1711152000000,2024-03-23,Bridged Token Value (Dollar),825463790.7321327,8893673.308333462,10999055.026225114,,11991823.767032582,3138573.039201,5333207.1862256555,803854968.520502,1007891.3071057765,,409991504.1128022,28744291.693648048,72530482.7952351
1711238400000,2024-03-24,Bridged Token Value (Dollar),820958519.7039074,8893673.308333464,10983045.922913555,,11991823.767032586,3138203.097603,5333207.1862256555,804925661.7247871,1007891.3071057765,,422355030.3840205,28739751.97998707,72530482.7952351
1711324800000,2024-03-25,Bridged Token Value (Dollar),831622582.0567529,8852666.22422191,10972449.499195546,,12231430.846222876,3138189.6979260007,5333207.1862256555,804881522.781655,1013090.8220714501,,421313598.09812593,31337345.478426687,72530482.7952351
1711411200000,2024-03-26,Bridged Token Value (Dollar),921992126.3823705,8873357.211248886,10988931.193618944,,12162226.928007478,3138511.5664560003,5333207.1862256555,809051682.0557468,1013191.4768972894,,421659929.1663024,31373444.793820962,72530482.7952351
1711497600000,2024-03-27,Bridged Token Value (Dollar),1039535037.9953007,8870312.371882033,10982305.935483437,,12161299.02963013,3138248.5459919996,5333207.1862256555,813272346.2441789,1015103.918588234,,425177242.25696903,33957767.698070645,72530482.7952351
1711584000000,2024-03-28,Bridged Token Value (Dollar),1069757106.2990307,8859241.709361373,10975159.882291576,,12207102.215125725,3138250.0655430006,5333207.1862256555,813219374.7578956,1013996.7155040029,,426322918.549944,31377081.284324013,72530482.7952351
1711670400000,2024-03-29,Bridged Token Value (Dollar),1072826101.7754735,8845583.838343792,10961976.754822101,,12236198.824623464,3137970.7444410003,5333207.1862256555,828349075.1262345,1013996.7155040029,,453788497.6581781,31355773.33201773,72530482.7952351
1711756800000,2024-03-30,Bridged Token Value (Dollar),1072838661.9700712,8848920.02784022,10963734.455531694,,12236198.824623467,3138025.8627000004,5333207.1862256555,828349075.1262445,1013996.7155040029,,477646863.3487987,31361441.043225475,72530482.7952351
1711843200000,2024-03-31,Bridged Token Value (Dollar),1072851238.1048566,8848920.027840227,10965165.015971709,,12236198.824623466,3159290.6502,5333207.1862256555,828348674.652539,1013996.7155040029,,480334778.05117285,33976893.782382645,76659390.79672931
1711929600000,2024-04-01,Bridged Token Value (Dollar),1075712340.8446546,8843103.685614584,11448556.925803948,,12108112.64660255,3158475.0657359995,5333207.1862256555,834917629.0022931,1011909.3465934612,,488887142.7849086,31351001.609217852,76659390.7967293
1712016000000,2024-04-02,Bridged Token Value (Dollar),1075366522.6155565,8798320.399442619,11436265.60414872,,11934524.405303521,3158887.969185,5332922.621214009,845170010.1082766,1011738.2114168032,,489416611.7617988,31351001.609217852,76659390.7967293
1712102400000,2024-04-03,Bridged Token Value (Dollar),1081020929.638173,8822098.824437762,22786099.194115188,,11997177.842215247,3159857.028300001,5332922.621214009,850985572.8270364,1011436.2601002244,,483698888.2103865,31351001.609217852,76659390.7967293
1712188800000,2024-04-04,Bridged Token Value (Dollar),1082187632.2387652,8882805.589210918,22810692.537744842,,11888039.399402378,3159844.1811870006,5332922.621214009,848025943.0192894,1012140.8131722417,,479510516.93854177,28245626.734874558,76659390.7967293
1712275200000,2024-04-05,Bridged Token Value (Dollar),1118583846.60218,8883364.25726856,22810201.60946614,,11882547.433085665,3159837.2741369996,5332922.621214009,848893078.7626777,1010857.3272174551,,481041885.90116626,28245626.734874558,76659390.7967293
1712361600000,2024-04-06,Bridged Token Value (Dollar),1118610233.553108,8891264.208046881,22814755.831661206,,11852647.429727182,3159937.978926,5332922.621214009,863944933.0539706,1010857.3272174551,,484249271.3796111,33882957.60879197,76659390.7967293
1712448000000,2024-04-07,Bridged Token Value (Dollar),1119126305.090099,8891264.208046881,22810174.91235042,,11852647.429727182,3159748.587614999,5332922.621214009,857395530.7165694,1010857.3272174551,,486041232.58730406,25383332.879321143,76659390.7967293
1712534400000,2024-04-08,Bridged Token Value (Dollar),1124620697.218243,8880151.98142947,22815143.090682484,,12055507.243374506,3160198.927275001,5332922.621214009,867193047.1049113,1010555.3684420242,,442670942.5416716,25414962.338512454,76659390.7967293
1712620800000,2024-04-09,Bridged Token Value (Dollar),1145860175.105834,8908147.50614901,22825487.237850573,,11989266.588091522,3160143.6708750003,5331377.420864163,872166401.0929885,1011753.1515437478,,451407615.3697578,28238413.60924578,76659390.7967293
1712707200000,2024-04-10,Bridged Token Value (Dollar),1161871373.447337,8902589.271549836,22824339.6489703,,11957866.84855983,3160144.6378619997,5331377.420864163,871274682.4055626,1006896.986351542,,448175558.58465517,22589353.221045814,76659390.7967293
1712793600000,2024-04-11,Bridged Token Value (Dollar),1163988537.983655,8811155.828282323,22751259.90969509,,12194716.258975996,3158523.4150859998,5331377.420864163,864153704.0145229,1006695.6874738229,,453650809.5113244,22598848.16673825,76659390.7967293
1712880000000,2024-04-12,Bridged Token Value (Dollar),1188036227.6059856,8861215.117343437,22741227.488377754,,11933024.258377533,3158319.2426880007,5331377.420864163,879402258.8963397,1007500.8829846996,,448099517.0930443,25414580.919797376,76659390.7967293
1712966400000,2024-04-13,Bridged Token Value (Dollar),1188065649.1827378,8804807.639916738,22700784.365428254,,11873316.882709036,3157470.7806659993,5331377.420864163,867539159.9261276,1007500.8829846996,,437562945.4559908,24944606.58853243,76659390.7967293
1713052800000,2024-04-14,Bridged Token Value (Dollar),1188104355.6266425,8804925.65418785,22702525.917268258,,11873316.882709038,3157470.7806659997,5331377.420864163,867539160.7276019,1007500.8829846996,,392366404.0930695,25424422.623665724,76659390.7967293
1713139200000,2024-04-15,Bridged Token Value (Dollar),1187191540.627657,8798330.222262627,22686377.25242192,,11441585.808703328,3156938.5233930005,5331377.420864164,881527888.1908622,1004778.6012191139,,388844686.61598843,28236691.52630727,76659390.7967293
1713225600000,2024-04-16,Bridged Token Value (Dollar),1183456918.248811,8782403.969079247,22676513.116220865,,11317469.957997665,3156858.954177,5331377.420864163,881960620.6942412,1003367.9043379945,,380609637.423973,22586303.80460944,76659390.79672931
1713312000000,2024-04-17,Bridged Token Value (Dollar),1207892848.9029365,8778219.37766263,22673649.59846552,,11178633.742644088,3156856.1913570007,5331377.420864163,883531659.5125546,1004797.2084927838,,376908004.4191928,25409676.88589343,76659390.7967293
1713398400000,2024-04-18,Bridged Token Value (Dollar),1214261230.153939,8818059.985533053,22704469.403878678,,11174177.11090739,3157527.9710399997,5331377.420864163,878043065.9559938,1004696.5475822957,,375506784.2751851,25408463.99014605,76659390.7967293
1713484800000,2024-04-19,Bridged Token Value (Dollar),1221662978.5277512,8798659.743948368,22693178.980131194,,11047612.375690822,3157428.3713789997,5331377.420864163,886844183.8113055,1004897.869403272,,373873968.94114083,25413022.37367654,76659390.7967293
1713571200000,2024-04-20,Bridged Token Value (Dollar),1221869114.8009963,8817052.797636194,22699972.404047783,,11023107.766660623,3157428.3713789997,5331377.420864163,886844126.9763994,1004897.869403272,,367831231.14751333,25375983.63079088,76659390.7967293
1713657600000,2024-04-21,Bridged Token Value (Dollar),1221958949.920896,8817037.523032254,22700609.28056397,,11023107.766660623,3157442.738043,5331377.420864163,886844183.7422484,1004897.869403272,,370808809.1815108,28236691.52630727,76659390.79672931
1713744000000,2024-04-22,Bridged Token Value (Dollar),1225233071.2952187,8813646.88348029,22696600.081075013,,11266523.129567923,3157316.6153099993,5331377.420864164,867171602.4392214,1006105.8003291298,,365009338.0566132,28236691.52630727,76659390.79672931
1713830400000,2024-04-23,Bridged Token Value (Dollar),1223521992.3994868,8812792.673600275,22708185.463022456,,11563769.645433502,3157982.316789,5331377.420864163,863657262.1797935,1007716.3748969403,,353212149.7444201,28247202.792247612,76659390.79672931
1713916800000,2024-04-24,Bridged Token Value (Dollar),1213581045.527002,8851822.214582073,22725270.25520027,,11489138.119677253,3157931.895323999,5331377.420864163,860866453.4686415,1006911.0876130351,,352555313.98362255,22590040.994091358,76659390.7967293
1714003200000,2024-04-25,Bridged Token Value (Dollar),1258265454.5706468,8846974.596114649,22731913.02269622,,11384174.44045932,3158337.3391589997,5330377.420864163,866233146.5115862,1006005.1394186417,,342131333.38874286,22489237.62995973,76659390.7967293
1714089600000,2024-04-26,Bridged Token Value (Dollar),1301836294.0961576,8875040.160526644,22733843.494187146,,11626561.206276126,3157920.4296209994,5330377.420864163,868845532.599152,1007112.3594090126,,339384467.79638845,28236763.79143312,76659390.7967293
1714176000000,2024-04-27,Bridged Token Value (Dollar),1302154993.4703975,8849117.589903282,22724329.704296812,,11670617.328118075,3157975.8241620003,5330377.420864164,868845533.0444609,1007112.3594090126,,337471657.80863494,22589353.221045814,76659390.7967293
1714262400000,2024-04-28,Bridged Token Value (Dollar),1302194830.9083307,8851445.225901775,22726760.893331625,,11670617.328118075,3158032.8763949997,5330377.420864163,868288479.9032236,1007112.3594090126,,341537565.4652014,22589353.221045814,76659390.79672931
1714348800000,2024-04-29,Bridged Token Value (Dollar),1328131535.3625894,8859376.159192711,23263902.62884126,,11520363.764650675,3158174.747202,5330377.420864163,867180846.6204844,1008320.2902748705,,339119217.40952504,22589353.221045814,76659390.7967293
1714435200000,2024-04-30,Bridged Token Value (Dollar),1336961051.7453957,8881553.475328086,23267182.212023392,,11164763.336285029,3158166.873165,5330377.420864163,868281717.9309139,1006609.0548815718,,334872094.9860238,22589353.221045814,76659390.79672931
1714521600000,2024-05-01,Bridged Token Value (Dollar),1345609320.349009,8840147.802838368,23236010.03154154,,11136183.478722693,3157484.318484,5330377.420864163,852746045.7392763,1008320.2902748705,,330679082.32555413,25411684.467056938,76659390.7967293
1714608000000,2024-05-02,Bridged Token Value (Dollar),1363414026.6190457,8880570.906932868,23268804.583849117,,11451520.057400668,3158197.816749,5330377.420864163,865245208.6182983,1010937.4738175625,,329301109.716475,22588500.972159415,76659390.7967293
1714694400000,2024-05-03,Bridged Token Value (Dollar),1350132179.529509,8897583.04874107,23286687.75971396,,11594232.637743775,3158909.242899,5330377.420864163,857599707.4877145,1013252.6746437902,,332113675.3122699,22589353.221045814,76659390.7967293
1714780800000,2024-05-04,Bridged Token Value (Dollar),1350205715.557866,8930173.559909996,23300052.52114413,,11575187.318709154,3158878.4374559997,5330377.420864163,857592551.1703995,1013252.6746437902,,332962559.34923,22600831.669614695,76659390.7967293
1714867200000,2024-05-05,Bridged Token Value (Dollar),1350750600.5688384,8927984.949453818,23299818.29587305,,11575187.318709156,3158878.4374559997,5330377.420864163,857592551.1704834,1013252.6746437902,,334115580.6134872,22589353.221045814,76659390.7967293
1714953600000,2024-05-06,Bridged Token Value (Dollar),1350389702.418207,9021519.315899417,23296815.280600727,,11710695.268090636,3158887.554762,5330377.420864163,866430768.2285187,1014007.2429660836,,339077540.3536246,22589674.918370213,76659390.7967293
1715040000000,2024-05-07,Bridged Token Value (Dollar),1353077218.151154,9030021.97649314,23295658.493121296,,11597581.625314873,3158651.1955109993,5330377.420864163,862449634.0644542,1014711.9040105352,,346092243.3473644,19769777.597993523,76659390.7967293
1715126400000,2024-05-08,Bridged Token Value (Dollar),1353841564.1666691,9016329.249595296,23288605.11890433,,11531839.24471472,3158593.866995999,5330377.420864163,859042240.9538698,1014105.8940295465,,351688221.85481954,22591465.394973136,76659390.7967293
1715212800000,2024-05-09,Bridged Token Value (Dollar),1355577303.880994,9013050.058932457,23296976.94209749,,11545064.402466362,3159081.919149,5330377.420864163,873523955.4581425,1014659.9113205944,,354542130.21607643,25412960.96559025,76659390.7967293
1715299200000,2024-05-10,Bridged Token Value (Dollar),1354379964.3197799,9046375.543751443,23309184.697126973,,11460302.23568493,3159065.065946999,5330377.420864163,878441313.6298835,1013753.9649712009,,360842107.3088036,22589353.221045814,76659390.7967293
1715385600000,2024-05-11,Bridged Token Value (Dollar),1354458131.6947978,9044293.210309085,23307816.14615819,,11427444.24548491,3159039.7861439995,5330377.420864163,878441248.9309899,1013753.9649712009,,366434699.2488711,22589353.221045814,76659390.79672931
1715472000000,2024-05-12,Bridged Token Value (Dollar),1354503301.9683037,9042737.268020686,23305032.319004036,,11427444.245484915,3158923.885845001,5330377.420864163,878419464.3690945,1013753.9649712009,,373345622.0766951,25413022.37367654,76659390.7967293
1715558400000,2024-05-13,Bridged Token Value (Dollar),1345458188.0604665,9036782.28649219,23302170.48337549,,11423485.726207312,3158930.2403309997,5330377.420864163,878470063.8651785,1013854.625676689,,379413518.18146294,19765684.06841509,76659390.7967293
1715644800000,2024-05-14,Bridged Token Value (Dollar),1405059297.4331343,9056998.125280865,23322123.932260025,,11512788.381276282,3159542.7575249993,5330377.420864163,876692320.2651497,1014659.9113205944,,385407641.7461772,19765684.06841509,76659390.7967293
1715731200000,2024-05-15,Bridged Token Value (Dollar),1410299275.3029063,10708442.98676187,23349587.386166584,,11875592.794553325,3160570.2502830005,5330377.420864163,890129079.1554632,1017906.0229084528,,396267892.6441994,22589353.221045814,76659390.79672931
1715817600000,2024-05-16,Bridged Token Value (Dollar),1457857446.8617213,10772366.714645997,23370892.11589048,,11706090.748235896,3160259.5711740004,27735977.42086416,882287416.2055122,1017503.3702095175,,421491957.6740507,22594439.731987696,76659390.7967293
1715904000000,2024-05-17,Bridged Token Value (Dollar),1457344563.1677067,10756265.706768906,23367898.936682798,,11705516.975176826,3160493.5820280006,27735977.420864157,895695752.7692207,1016597.4016369131,,540309456.3918887,19765684.06841509,76659390.7967293
1715990400000,2024-05-18,Bridged Token Value (Dollar),1469716318.4511685,10766132.466109745,23372715.361156084,,11734703.56282461,3160439.9833200006,27735977.42086416,895696082.3886652,1016597.4016369131,,585224417.3568023,22589353.221045814,76659390.7967293
1716076800000,2024-05-19,Bridged Token Value (Dollar),1469763851.5582516,10765099.199703744,23369298.581009034,,11734703.562824612,3160340.659941,27735977.42086416,897751464.4585394,1016597.4016369131,,592960226.842053,22604270.817357786,76659390.7967293
1716163200000,2024-05-20,Bridged Token Value (Dollar),1488581099.1845584,10763064.98527436,23363607.90079879,,11955067.927926289,3160170.3320880006,27735977.42086416,900215701.1792821,1016069.1611974285,,649934989.6432449,22586690.983727466,76659390.79672931
1716249600000,2024-05-21,Bridged Token Value (Dollar),1487501784.5375106,10754338.228927772,23357839.269306168,,12039379.037394583,3160110.9314580006,27735977.42086416,897371247.6117533,1016673.1254303574,,712630168.3772184,22586690.983727466,76659390.7967293
1716336000000,2024-05-22,Bridged Token Value (Dollar),1499509096.042479,10819351.251743995,23356032.413413063,,12073918.146403838,3160108.721202,27735977.42086416,897387501.3455768,1016069.1611974285,,749965823.5925591,22589353.221045814,76659390.7967293
1716422400000,2024-05-23,Bridged Token Value (Dollar),1506987194.1799061,10789887.166642059,23336585.505668264,,11922087.922127359,3159673.7151929997,27735977.42086416,882681319.8990209,1014357.9292041298,,848788144.1125411,16942014.91578436,76659390.7967293
1716508800000,2024-05-24,Bridged Token Value (Dollar),1535337961.570527,10803568.70042236,23338845.337127328,,12143175.882266313,3160001.5237859995,27735977.42086416,864987067.8295782,1015061.5154905457,,964833332.8738372,19765684.06841509,76659390.7967293
1716595200000,2024-05-25,Bridged Token Value (Dollar),1534491621.6523058,10831293.140871502,23351403.247119553,,12208048.841166014,3160006.0824390007,27735977.42086416,864986981.3033781,1015061.5154905457,,988089107.0773027,22588855.62051073,76659390.7967293
1716681600000,2024-05-26,Bridged Token Value (Dollar),1534516146.6716788,10829975.646299608,23351287.056477703,,12208048.841166012,3159987.5715449993,27735808.1998567,865949940.8114758,1015061.5154905457,,1010710323.0325491,16942751.468754403,76659390.7967293
1716768000000,2024-05-27,Bridged Token Value (Dollar),1534623680.6456366,10837670.787548728,23354241.66656032,,12208048.84116601,3160170.470229001,27735306.38422082,871626328.6453902,1015061.5154905457,,1067117754.6713814,16942014.91578436,76659390.79672931
1716854400000,2024-05-28,Bridged Token Value (Dollar),1563818155.1238434,10943563.724764315,23357032.029128097,,12317422.74670318,3160050.4256999996,27735306.38422082,874509440.6677096,1013551.6064532235,,1117988880.2443514,19764938.61184323,76659390.79672931
1716940800000,2024-05-29,Bridged Token Value (Dollar),1538819232.6492448,10897117.11118709,23340518.825156864,,12200546.232474465,3159352.122945001,27735306.38422082,866813854.6237069,1012645.6610308301,,1145509636.8919787,19765684.06841509,76659390.7967293
1717027200000,2024-05-30,Bridged Token Value (Dollar),1540429150.6084578,10880483.016352294,23321941.08024586,,12058377.936997332,3159354.4713419992,27735306.38422082,866769296.465722,1013853.5882606878,,1180714747.368941,22585860.610285528,76659390.7967293
1717113600000,2024-05-31,Bridged Token Value (Dollar),1542013049.728639,10944053.048881266,23345901.17074742,,11991967.201127565,3160027.908717,27735306.38422082,863438195.5968881,1015665.4791054747,,1195970985.5010965,28236736.14769941,76659390.7967293
1717200000000,2024-06-01,Bridged Token Value (Dollar),1544791685.6338341,10959718.176913122,23353020.74421079,,11961458.929085225,3160049.1824310003,27735306.38422082,863437591.8692285,1015665.4791054747,,1215759190.86084,31053846.00185786,76659390.79672931
1717286400000,2024-06-02,Bridged Token Value (Dollar),1544816464.10141,10964656.737271154,23353611.38708527,,11961446.806002514,3160054.846211999,27735306.38422082,862865790.6079233,1015665.4791054747,,1234108565.4267888,28233805.301256873,76659390.79672931
1717372800000,2024-06-03,Bridged Token Value (Dollar),1556230941.6041646,12937513.866873343,23502416.61448284,,12065865.787882214,3160065.8974920004,27735306.38422082,863787838.4827032,1018081.3335651904,,1274487691.8661146,28130539.986274574,76659390.7967293
1717459200000,2024-06-04,Bridged Token Value (Dollar),1606705637.7949412,13024270.8525763,23529684.091386363,,12251935.61737388,3160455.4551119995,27735306.38422082,864856971.642613,1019289.2607950482,,1309124347.9529788,25413022.37367654,76659390.7967293
1717545600000,2024-06-05,Bridged Token Value (Dollar),1619398973.7635114,13036877.974493112,23518855.291823253,,12541328.474370671,3160354.0596180004,27735306.38422082,874650642.3881177,1020295.8668199297,,1357310623.1865942,25413022.37367654,76659390.7967293
1717632000000,2024-06-06,Bridged Token Value (Dollar),1626396832.0232549,13107277.576635163,23516283.761850256,,12622161.682933308,3160356.8224380007,27735306.38422082,874650221.8601807,1020295.8668199297,,1411335900.5575094,19765998.35815552,76659390.7967293
1717718400000,2024-06-07,Bridged Token Value (Dollar),1663543637.4609003,13136381.905645572,23527847.300914332,,12507000.444798311,3160605.199956,27735306.38422082,882813430.3654426,1017779.3517577259,,1440310170.8224704,25413022.37367654,76659390.79672931
1717804800000,2024-06-08,Bridged Token Value (Dollar),1663568521.5795305,13040323.763994964,23477674.51362688,,12462404.071597215,3159513.886056001,27735306.38422082,852848142.5772729,1017779.3517577259,,1479086249.2375283,25413022.37367654,76659390.7967293
1717891200000,2024-06-09,Bridged Token Value (Dollar),1664628939.1078722,13074625.393484732,23469101.77838705,,12462404.071597213,3159056.7774869995,27735306.38422082,854735271.8001324,1017779.3517577259,,1522697747.4388623,22589533.313632686,76659390.7967293
1717977600000,2024-06-10,Bridged Token Value (Dollar),1666363471.6772058,13046897.71787074,23452298.555744845,,12504717.073260397,3158826.082017,27735306.38422082,861556103.7744952,1017834.2933890641,,1550561039.2942364,22589533.313632686,76659390.79672931
1718064000000,2024-06-11,Bridged Token Value (Dollar),1666798710.223191,13093869.217525031,23458741.02666748,,12505803.405852407,3158502.417654,27735306.38422082,863462144.478193,1018740.2877160842,,1575825935.4926584,19765684.06841509,76659390.7967293
1718150400000,2024-06-12,Bridged Token Value (Dollar),1678261491.1200523,13091297.882501712,23622577.751313094,,12704721.491721042,3159511.1232359996,27735306.38422082,865706194.4187899,1021055.6065518027,,1600828665.2973511,19765684.06841509,76659390.7967293
1718236800000,2024-06-13,Bridged Token Value (Dollar),1691147225.6770682,13240984.660197064,23629372.253409322,,12689010.750142101,3158493.852912,27735306.38422082,858854816.3168608,1023270.2593511853,,1616873272.5188167,22589353.221045814,76659390.7967293
1718323200000,2024-06-14,Bridged Token Value (Dollar),1691667239.1060941,13862829.009576347,23595435.454318255,,12648017.711313553,3158126.3978519994,27735306.38422082,870146575.3918273,1022666.263133172,,1625466317.082461,19766239.281828806,76659390.7967293
1718409600000,2024-06-15,Bridged Token Value (Dollar),1691512700.7242768,13831640.56032154,23586856.197078362,,12637203.169712862,3158175.85233,27735306.38422082,870146593.6070983,1022666.263133172,,1633794365.1057158,22589353.221045814,76659390.7967293
1718496000000,2024-06-16,Bridged Token Value (Dollar),1691576091.6787603,13855926.057055742,23584204.453581903,,12637203.169712862,3157991.9866590006,27735306.38422082,868632395.1216612,1022666.263133172,,1643218474.5893543,22589353.221045814,76659390.7967293
1718582400000,2024-06-17,Bridged Token Value (Dollar),1697100403.192139,14363996.51617081,23589228.431471244,,12725825.85978394,3158510.15355,27735306.38422082,865505023.9646457,1021608.8877195511,,1649132584.0203452,22647639.02042566,76659390.7967293
1718668800000,2024-06-18,Bridged Token Value (Dollar),1691055040.041757,14568760.696021503,23611804.94692557,,12651816.18395072,3158506.00932,27735306.38422082,868602445.8573889,1023219.6230569095,,1658938365.9786463,19785826.702929728,76659390.79672931
1718755200000,2024-06-19,Bridged Token Value (Dollar),1691082332.1178071,14559048.679353721,23614324.08058199,,12620408.568011025,3158612.37789,27735306.38422082,868900193.5516857,1023219.6230569095,,1667664317.034262,19764546.365467906,76659390.7967293
1718841600000,2024-06-20,Bridged Token Value (Dollar),1712188497.0162256,14749623.748658769,23633940.538449354,,12578006.896258881,3158037.7113300003,27735306.38422082,880611324.5475907,1023018.2811397398,,1673192749.898198,22589353.221045814,76659390.7967293
1718928000000,2024-06-21,Bridged Token Value (Dollar),1723628481.5688329,15458722.962833025,23626250.60330983,,12459047.278368782,3157922.639877,27735306.38422082,865948218.9565454,1023320.2940154944,,1669291499.444489,19764421.277845114,76659390.79672931
1719014400000,2024-06-22,Bridged Token Value (Dollar),1723935750.4647276,15412818.234593399,23622605.393405233,,12427243.690022904,3157905.924816,27735306.38422082,865948233.3546637,1023320.2940154944,,1672182276.187424,19766245.758870155,76659390.79672931
1719100800000,2024-06-23,Bridged Token Value (Dollar),1724645427.707506,15450064.064798482,23619821.56705733,,12427243.6900229,3157794.8594519994,27735306.38422082,864850969.3492469,1023320.2940154944,,1668637429.2514522,19766004.251286242,76659390.7967293
1719187200000,2024-06-24,Bridged Token Value (Dollar),1732143043.90342,15443392.381403977,23616643.33097732,,12228798.7772515,3157786.847274,27735306.38422082,864940513.2566687,1023017.2649397247,,1661089040.9644647,19768925.650273617,76659390.7967293
1719273600000,2024-06-25,Bridged Token Value (Dollar),1740359990.009989,15553490.091966838,23638943.9846487,,12345703.643453069,9497028.823499998,27735306.38422082,865442414.8084006,1012346.1539297254,,1675037140.5269675,22573897.850950427,76659390.7967293
1719360000000,2024-06-26,Bridged Token Value (Dollar),1786533571.1542313,15705800.50046626,23622698.214299127,,12328876.201776106,11879254.649153,27735306.38422082,857324372.9774429,1011742.1287782162,,1675337495.3097,22595045.70928717,76659390.7967293
1719446400000,2024-06-27,Bridged Token Value (Dollar),1789167971.9222693,17081125.1406255,23619574.206665073,,12418152.962487575,11879639.786261,27735306.38422082,868273076.1190554,1012547.4956468953,,1680758904.6102734,19766545.05809736,76659390.79672931
1719532800000,2024-06-28,Bridged Token Value (Dollar),1793052042.1881902,17186170.552730143,23631664.103399307,,12398782.36179169,11879752.785598997,27735306.38422082,867897981.9864895,1010936.7619095369,,1686953068.546426,19765683.726710647,76659390.79672931
1719619200000,2024-06-29,Bridged Token Value (Dollar),1793122271.405432,17144982.698684752,23634374.9078857,,12392802.48160768,11879736.484961,27735306.38422082,867897981.985153,1010936.7619095369,,1692103130.3487625,25413022.37367654,76659390.7967293
1719705600000,2024-06-30,Bridged Token Value (Dollar),1794496248.9213362,17196936.010123547,23639321.451300845,,12392802.481607677,11704906.834909,27735306.38422082,867409476.470717,1010936.7619095369,,1689691484.5123005,25413022.37367654,72661412.19372801
1719792000000,2024-07-01,Bridged Token Value (Dollar),1800973171.9387,17242546.03092112,23647222.36111907,,12742236.377292616,11704934.601249998,27735306.38422082,869962258.8224142,1009727.9427393655,,1688302085.0350454,25413022.37367654,72661412.19372801
1719878400000,2024-07-02,Bridged Token Value (Dollar),1791632252.5696652,17620932.631274085,23638325.387222257,,12781473.723500377,11704926.312789999,27735306.38422082,869962635.3405706,1010911.3147144396,,1699076083.0694187,22589353.221045814,72661412.19372801
1719964800000,2024-07-03,Bridged Token Value (Dollar),1798627495.347367,17616356.692561843,23725333.25244201,,12813672.60664716,11705666.74855,27735306.38422082,879778877.1363233,1013151.2084192594,,1690379181.0464737,28236691.52630727,72661412.19372801
1720051200000,2024-07-04,Bridged Token Value (Dollar),1803677350.266822,125980478.4632964,23741186.27142344,,12814101.294321736,11705669.235088,27735306.38422082,879779484.4831386,1013151.2084192594,,1679535764.173063,28236691.52630727,72661412.19372801
1720137600000,2024-07-05,Bridged Token Value (Dollar),1813011790.439698,126299924.17807496,23764342.679256164,,12878480.103297755,11706485.095834,27735306.38422082,892386270.468391,1015642.4920431864,,1668001318.6500819,31085808.197372828,72661412.19372801
1720224000000,2024-07-06,Bridged Token Value (Dollar),1812274230.7157948,126667108.84725606,23778528.74564964,,12870214.14617618,11706477.359938001,27735306.38422082,892386327.4066731,1015642.4920431864,,1672341682.8731399,31060360.678937994,72661412.19372801
1720310400000,2024-07-07,Bridged Token Value (Dollar),1812370026.0324817,126690887.88315904,23772447.88805016,,12870214.146176187,11706183.672172,27735306.38422082,890132896.2893835,1015642.4920431864,,1672629504.161465,31060360.678937994,72661412.19372801
1720396800000,2024-07-08,Bridged Token Value (Dollar),1824341789.330052,126573102.52974336,23765634.74239267,,12760054.82115128,11706231.468958,27735306.38422082,880161507.8161008,1016905.7881722397,,1670824246.1755507,28236691.52630727,72661412.19372801
1720483200000,2024-07-09,Bridged Token Value (Dollar),1824205994.3507295,126643895.76500988,23762754.180667736,,12766858.777439281,11706000.497205999,27735306.38422082,881387101.4042033,1016628.527899074,,1674211784.0101495,28236691.52630727,72661412.19372801
1720569600000,2024-07-10,Bridged Token Value (Dollar),1830602297.3578424,126784451.28547175,23770728.23835061,,12864937.619521528,11706246.388186,27735306.38422082,884157802.3768377,1017736.6370832659,,1679523740.0714004,22588350.8591151,72661412.19372801
1720656000000,2024-07-11,Bridged Token Value (Dollar),1868613153.62665,127000589.16920441,23787928.47988429,,12685377.048687862,11706816.357952,27735306.38422082,900057762.5042297,1019525.032482684,,1693700115.6487904,25412709.758792676,72661412.19372801
1720742400000,2024-07-12,Bridged Token Value (Dollar),1865174940.3074725,127554256.66761154,23815173.664309278,,12786938.239569042,11707445.590207001,27735306.38422082,897502388.4054848,1020298.6560077424,,1694759988.2441766,28235925.647917446,72661412.19372801
1720828800000,2024-07-13,Bridged Token Value (Dollar),1869303153.8159683,127975926.47479923,23831419.44627091,,12801820.572934045,11707401.385087,27735306.38422082,897502791.6461225,1020298.6560077424,,1706421712.7833424,28234968.9130571,72661412.19372801
1720915200000,2024-07-14,Bridged Token Value (Dollar),1871830394.2230115,127982010.53157486,23822364.502456587,,12801820.572934043,11706987.37651,27735306.38422082,896365375.4431483,1020298.6560077424,,1708948030.5720313,28236902.21819677,72661412.19372801
1721001600000,2024-07-15,Bridged Token Value (Dollar),1887634243.5924473,127733177.47180524,23814286.715661477,,13065942.76049574,11707143.47584,27735306.38422082,901631343.4846637,1020128.5014752446,,1711044635.2542737,28236691.52630727,72661412.19372801
1721088000000,2024-07-16,Bridged Token Value (Dollar),1882275033.96982,127659576.465799,23820452.579579342,,13157143.448624952,11707219.591531,27735306.38422082,918985549.6853799,1021160.2105960601,,1714210627.8664105,28236691.52630727,72661412.19372801
1721174400000,2024-07-17,Bridged Token Value (Dollar),1883889475.6320136,134951350.9978298,23900080.216392,,12952103.61438457,11707717.451695,27735306.38422082,916094188.200557,1021739.1546747688,,1713749977.343409,25415849.851168822,72661412.19372801
1721260800000,2024-07-18,Bridged Token Value (Dollar),1884706567.9204595,136192417.2003668,23903348.90343561,,12727027.054913312,11707200.528073,27735306.38422082,909441036.3319377,1020701.2103739409,,1714202419.1881506,28230413.536880255,72661412.19372801
1721347200000,2024-07-19,Bridged Token Value (Dollar),1903789650.40026,136532208.21311292,23886400.173425198,,12829159.149838416,11707025.779707998,27735306.38422082,893483771.5491483,1019895.8439982637,,1737249504.821305,22589078.257717397,72661412.19372801
1721433600000,2024-07-20,Bridged Token Value (Dollar),1907743946.081279,136251793.26140448,23882472.373012874,,12908523.390302585,11707059.762394002,27735306.38422082,893483790.6926117,1019895.8439982637,,1746278132.761184,25413640.8385721,72661412.19372801
1721520000000,2024-07-21,Bridged Token Value (Dollar),1911892301.3575878,136441482.96016473,23885721.409233917,,12908523.390302587,11707191.410767,27735306.38422082,897601767.4986147,1019895.8439982637,,1739064316.5961154,25412129.79709246,72661412.19372801
1721606400000,2024-07-22,Bridged Token Value (Dollar),1914841588.2610252,138638219.57703483,23886022.52274039,,13022700.283118982,11707039.179385,27735306.38422082,895574478.9481876,1020424.196941291,,1739556579.607189,25426723.913503446,72661412.19372801
1721692800000,2024-07-23,Bridged Token Value (Dollar),1916697377.3522022,137212003.6507557,23872402.544805273,,13042530.636438848,11706512.171470001,27735306.38422082,900428897.9281063,1020373.472693419,,1748512981.5860639,25413022.37367654,72661412.19372801
1721779200000,2024-07-24,Bridged Token Value (Dollar),1906332544.6700213,137420293.10367697,23854946.984427862,,12605337.40698005,11706337.561245998,27735306.38422082,896803051.7945837,1019870.0817350108,,1745468432.073419,25413022.37367654,72661412.19372801
1721865600000,2024-07-25,Bridged Token Value (Dollar),1878766701.79225,141160398.79354903,23853787.34489747,,12381917.641925491,11706507.198394,27735306.38422082,883617564.9746982,1020242.3925017373,,1723781912.9519098,25413022.37367654,72661412.19372801
1721952000000,2024-07-26,Bridged Token Value (Dollar),1849975798.874745,141575373.80995142,23862284.123555716,,12547605.422333376,11706725.599315,27735306.38422082,893056620.9937695,1022054.5459520067,,1718162421.8347929,25416208.2244625,72661412.19372801
1722038400000,2024-07-27,Bridged Token Value (Dollar),1854152699.4159071,141537512.40162277,23868677.110347454,,12587731.400309214,11706749.221426,27735306.38422082,893056563.6511893,1022054.5459520067,,1711255211.8802135,28236691.52630727,72661412.19372803
1722124800000,2024-07-28,Bridged Token Value (Dollar),1861940668.2669919,141734879.26689294,23869397.538751796,,12587731.400309213,11706749.221426,27735306.38422082,893056563.5558953,1022054.5459520067,,1710533873.3998206,22589353.221045814,72661412.19372803
1722211200000,2024-07-29,Bridged Token Value (Dollar),1893690430.5286398,145769753.48062357,23851114.40228997,,12508355.226524014,11706081.033409001,27733809.882056605,891096877.116874,1022759.2722937784,,1705312700.08072,22579270.33359916,74886412.19372801
1722297600000,2024-07-30,Bridged Token Value (Dollar),1903357311.6947968,145281961.9555988,24067012.42082449,,12300952.232289923,11706039.314826999,27733809.882056605,901634090.3030427,1022985.5924308287,,1697442071.8164952,22590307.020920493,74886412.19372801
1722384000000,2024-07-31,Bridged Token Value (Dollar),1905460193.9860682,145632933.5682354,24065695.09284448,,12473870.214709904,11706035.308738,27733809.882056605,901625830.2882416,1025502.5336581459,,1692578200.1871233,22593707.679153845,74886412.19372801
1722470400000,2024-08-01,Bridged Token Value (Dollar),1915257768.0013058,145461758.78533673,24060823.444078855,,12210949.596340166,11705625.858814,27733809.882056605,915115301.3310728,1027012.6983945364,,1688240633.5191104,19760918.667851947,74886412.19372801
1722556800000,2024-08-02,Bridged Token Value (Dollar),1914602010.87891,145369086.12828884,24081418.17440352,,11858595.178389667,11707397.517139,27733809.882056605,913768684.3503354,1029730.994920039,,1685124096.8113837,19766743.64775047,74886412.19372801
1722643200000,2024-08-03,Bridged Token Value (Dollar),1917633659.3153656,146474265.9956838,24126472.52999737,,11828295.516378354,11707330.518754,27733809.882056605,913768536.1284746,1029730.994920039,,1683535905.1870663,22590478.49963398,74886412.19372801
1722729600000,2024-08-04,Bridged Token Value (Dollar),1918628918.8448198,146412850.7781775,24123706.383610196,,11828246.464932779,11707317.533499999,27733809.882056605,913160321.4018321,1029730.994920039,,1678673638.5486815,22587460.025308955,74886412.19372801
1722816000000,2024-08-05,Bridged Token Value (Dollar),1898916430.1946025,146881803.60897696,24134410.29997871,,12262341.612292362,11707888.332112001,27733809.882056605,900045459.9283422,1028925.5737272975,,1576290819.4007318,22634821.621999253,74886412.19372801
1722902400000,2024-08-06,Bridged Token Value (Dollar),1876381933.758428,148756580.79898816,24149219.08569689,,12426102.866867164,11707901.593648,27733809.882056605,900990413.7878636,1027717.4419381851,,1564240009.399444,22587052.96142139,74886412.19372801
1722988800000,2024-08-07,Bridged Token Value (Dollar),1884301237.1755235,148692741.82671705,24132383.025605887,,12119000.219287097,11707528.198525,27733809.882056605,892760051.9624302,1026912.0207454435,,1556959169.120439,22587052.96142139,74886412.19372801
1723075200000,2024-08-08,Bridged Token Value (Dollar),1895474722.023356,149553260.0971865,24131827.384281807,,11624206.30544733,11707391.853358,29933809.882056605,908075827.6635518,1027818.1195872779,,1545320232.3102212,25412087.541472606,74886412.19372801
1723161600000,2024-08-09,Bridged Token Value (Dollar),1901117754.7314737,149738177.0499973,24128874.750948746,,11743613.74902313,11707477.638919,29933809.882056605,910537421.9637532,1028220.8301836485,,1542074025.1591861,25416138.62989535,74886412.19372801
1723248000000,2024-08-10,Bridged Token Value (Dollar),1914912953.3927846,149461409.064866,24131184.471095063,,11757079.252348464,11707465.896933999,29933809.882056605,910537423.0473619,1028220.8301836485,,1526530471.1135547,19781984.596609376,74886412.19372801
1723334400000,2024-08-11,Bridged Token Value (Dollar),1918504892.1272736,149775744.2395966,24129393.75115455,,11756660.294896917,11707371.822913,29933809.882056605,909461595.4398178,1028220.8301836485,,1522101362.3402019,22588905.127489448,74886412.19372801
1723420800000,2024-08-12,Bridged Token Value (Dollar),1929077750.9684656,146765768.94472277,24132530.129319116,,11730374.778221918,11707673.108434001,29933809.882056605,927092783.5432382,1028824.8960782047,,1462308993.122053,22596425.703702074,74886412.19372801
1723507200000,2024-08-13,Bridged Token Value (Dollar),1950884066.6716843,147483833.1870116,24140354.596688144,,11964520.21417261,11707674.904267,29933809.882056605,928115499.3090713,1029957.3199724602,,1460412359.4012454,22593446.966048367,74886412.19372803
1723593600000,2024-08-14,Bridged Token Value (Dollar),1943508715.4237401,148737693.73227248,24178133.813335445,,11994130.500437805,11708506.92751,29933809.882056605,923842415.2076641,1030843.6982092616,,1461909406.6346405,22599254.772651307,74886412.19372801
1723680000000,2024-08-15,Bridged Token Value (Dollar),1930217799.0594254,148907326.418948,24178185.01167088,,12193378.358966501,11708196.662824,29933809.882056605,921478512.8483552,1029736.2384299567,,1463277032.8564732,25406334.939675603,74886412.19372801
1723766400000,2024-08-16,Bridged Token Value (Dollar),1932969985.9878068,150554494.07275444,24164301.471306294,,12293620.921605373,11733898.104813,29933809.882056605,921487061.8533365,1031749.8016650563,,1455311641.9784303,19765793.138140086,74886412.19372801
1723852800000,2024-08-17,Bridged Token Value (Dollar),1933470234.5724292,151253610.47011253,24202116.767208647,,12323350.29520592,11734680.673578002,29933809.882056605,940452056.8313241,1031749.8016650563,,1448968763.60341,28223873.190017466,74886412.19372801
1723939200000,2024-08-18,Bridged Token Value (Dollar),1935026773.975678,151054751.3273931,24200178.254148673,,12323350.295205917,11734680.673578002,29933809.882056605,940452056.8313125,1031749.8016650563,,1446458223.3008351,25417035.47036596,74886412.19372801
1724025600000,2024-08-19,Bridged Token Value (Dollar),1935941988.9930096,150918687.14361,24213317.79066952,,12408311.301732171,17254099.01382,29933809.882056605,938678904.82094,1031850.4798268114,,1379632633.4961777,25113003.933318812,74886412.19372801
1724112000000,2024-08-20,Bridged Token Value (Dollar),1938462925.057295,151869627.04288656,24246742.89608948,,12323001.319504695,17254687.494480003,29933809.882056605,943528812.7719539,1033436.2752313886,,1343977844.357812,28239336.960422635,74886412.19372801
1724198400000,2024-08-21,Bridged Token Value (Dollar),1946203815.4352772,153391342.66249892,24269155.2952134,,12415647.93970022,17255054.811398998,29933809.882056605,943216972.158564,1034593.6571864339,,1331343091.018565,22589308.734192852,74886412.19372803
1724284800000,2024-08-22,Bridged Token Value (Dollar),1958025916.0410182,154404365.0340219,24268993.621534962,,12246893.507680789,17254548.800916,29933809.882056605,933593425.6766272,1034291.6154414398,,1329029489.054512,22588533.844681542,74886412.19372801
1724371200000,2024-08-23,Bridged Token Value (Dollar),1986508624.7778223,154614278.13312244,24278060.33466365,,12456650.4140169,17255703.521535,29933809.882056605,944162639.3574735,1035399.1018397516,,1316381691.5025485,25413344.91143203,74886412.19372801
1724457600000,2024-08-24,Bridged Token Value (Dollar),1987472692.5867796,155501454.8031401,24302141.161350716,,12506315.424657304,17255381.791146,29933809.882056605,944162637.6069458,1035399.1018397516,,1313705146.2592044,22593037.028913856,74886412.19372803
1724544000000,2024-08-25,Bridged Token Value (Dollar),1989038378.0035443,155025579.68217424,24294329.798448715,,12506315.424657304,17255381.791146003,29933809.882056605,944162639.3184675,1035399.1018397516,,1306188699.8086798,22507099.54892334,74886412.19372801
1724630400000,2024-08-26,Bridged Token Value (Dollar),2003643421.9100013,155361435.27595732,24300423.341202218,,12384691.932933213,17255520.760991998,29933809.882056605,945330136.6019547,1037009.9911463867,,1304622661.2513533,22574485.3203193,74886412.19372801
1724716800000,2024-08-27,Bridged Token Value (Dollar),2046737291.610286,160012705.2699766,24289272.149449743,,12311708.397488283,17281081.299161002,29933809.882056605,949278407.1253653,1036808.6299830573,,1304866850.9804435,25413185.47230682,74886412.19372801
1724803200000,2024-08-28,Bridged Token Value (Dollar),2040195867.062084,165717413.26272333,24293785.376414116,,12440830.968889704,17281083.094994,29933809.882056605,950093845.0668105,1036305.2270747337,,1303370910.691605,25412242.567306917,74886412.19372801
1724889600000,2024-08-29,Bridged Token Value (Dollar),2049141624.3852854,165358905.87422472,24248991.15055276,,12391707.998819858,17279749.067357,29933809.882056605,946826952.6468129,1035701.1435847457,,1301032394.1771474,25387280.971663676,74886412.19372801
1724976000000,2024-08-30,Bridged Token Value (Dollar),2051491048.5707068,164935230.65178913,24226861.836877733,,12436957.097574947,17279437.144979,29933809.882056605,940721567.0981545,1036355.176104744,,1294992883.6211793,19756935.17301451,74886412.19372801
1725062400000,2024-08-31,Bridged Token Value (Dollar),2053357953.660922,164698299.82806885,24219895.181429304,,12413848.727083422,17279481.626381,29933809.882056605,940721570.3158835,1036355.176104744,4.102564104,1294039519.4620755,22598505.448309816,74886412.19372801
1725148800000,2024-09-01,Bridged Token Value (Dollar),2056386399.4690428,164801279.39413834,24220793.509450108,,12413848.727083422,17279481.626381,29933809.882056605,940721569.7272016,1036355.176104744,4.102564104,1290857192.100432,22593049.209596206,74886412.19372801
1725235200000,2024-09-02,Bridged Token Value (Dollar),2070345813.2365515,164766257.33233017,24211002.72534085,,12413646.204063274,17279268.751100004,29933809.882056605,940448511.1958976,1036355.176104744,4.102564104,1277900677.6800754,22323953.217178456,74886412.19372801
1725321600000,2024-09-03,Bridged Token Value (Dollar),2091055536.625268,164912614.88686678,24219582.443494,,12033045.78116062,17279329.256858,29933809.882056605,936981810.3126484,1036355.176104744,4.102564104,1273256825.1531634,22343662.332421783,74886412.19372801
1725408000000,2024-09-04,Bridged Token Value (Dollar),2089855430.7825289,168952568.69685116,24221979.910608828,,11894049.093478551,17279761.361906,29933809.882056605,937779076.7168652,1038268.1993580218,9.230769234,1286209050.05137,22580622.978390094,74886412.19372801
1725494400000,2024-09-05,Bridged Token Value (Dollar),2101717126.9799469,170562008.40405437,24241274.93471031,,11768168.362853535,17280187.665032,29933809.882056605,945997547.9761935,1039174.3682674693,7179496.412769234,1285303768.98157,29533631.809312426,74886412.19372801
1725580800000,2024-09-06,Bridged Token Value (Dollar),2183289613.850064,171093631.41848218,24247680.42247582,,11450774.686197596,17279936.800976,29933809.882056605,938423823.4132756,1040382.593480066,7692316.925769234,1289060868.435248,34737118.75030704,74886412.19372801
1725667200000,2024-09-07,Bridged Token Value (Dollar),2184081851.8079944,170881078.0779209,24239085.045709245,,11384782.352124654,17279841.898109,29933809.882056605,938423823.6994025,1040382.593480066,7692316.925769234,1287940138.0071383,34745634.668365404,74886412.19372801
1725753600000,2024-09-08,Bridged Token Value (Dollar),2186057426.4762106,170898823.17313048,24237415.81103845,,11384782.352124654,17279856.541055,29933809.882056605,938130700.0385062,1040382.593480066,7692316.925769234,1287200903.6299953,34871909.94940861,74886412.19372801
1725840000000,2024-09-09,Bridged Token Value (Dollar),2188604291.554872,171431459.71199635,24223548.051108968,,11579986.516041005,17279129.228690002,29933709.869208217,945068738.3937175,1041741.9784846274,7692316.925769234,1287178806.3585222,32481050.852509532,74886412.19372801
1725926400000,2024-09-10,Bridged Token Value (Dollar),2189890109.576387,172608451.66672695,24198445.633988284,,11719090.867804,17278907.374244,29933709.869208217,949370823.240566,1042998.5343063842,8328306.259997983,1287184540.0585642,32439022.421179414,74886412.19372801
1726012800000,2024-09-11,Bridged Token Value (Dollar),2205688149.0388217,173521079.0301845,24190472.783284094,,11852883.023313502,17278795.756316,29933709.869208217,947139573.5042526,1042595.7155232206,10597645.353296869,1287348020.1757684,32231694.216450587,74886412.19372801
1726099200000,2024-09-12,Bridged Token Value (Dollar),2204740274.383457,171950455.61187437,24205123.33112309,,12001086.768338617,17279715.499094,29933709.869208217,964303247.1815586,1042092.1920442662,10879893.650011038,1290421650.4833536,32375421.18971746,74886412.19372801
1726185600000,2024-09-13,Bridged Token Value (Dollar),2204034520.6144867,173018892.43994957,24230580.260024004,,12084001.330910224,17279780.563505,29933709.869208217,972318157.7675171,1044030.5502995078,11494571.269493869,1288164646.6716306,32786257.78528489,74886412.19372801
1726272000000,2024-09-14,Bridged Token Value (Dollar),2209376796.077244,173082685.3641877,24232978.83067186,,12084677.349072061,17279797.692989,29933709.869208217,972318165.652344,1044030.5502995078,11494571.269493869,1286982798.7673037,32679105.9886181,74886412.19372801
1726358400000,2024-09-15,Bridged Token Value (Dollar),2215604036.6250076,173065052.83068958,24234690.196583103,,12084672.72485531,17279854.330799,29933709.869208217,972378584.559509,1044030.5502995078,12137419.84794143,1287195677.694735,32516731.206968747,74886412.19372801
1726444800000,2024-09-16,Bridged Token Value (Dollar),2221030424.4462504,173531676.07008398,24247027.723421067,,12077336.516316533,17280425.267552003,29933709.869208217,974220552.936177,1046146.377093326,14568915.080787325,1286769018.019325,32426611.620055802,74886412.19372801
1726531200000,2024-09-17,Bridged Token Value (Dollar),2224956193.911845,175008633.73222226,24260315.208591994,,12108727.2834905,17280329.121416003,29933709.869208217,970439210.9774153,1044736.7477112944,14688311.133021934,1288591283.818601,32768856.439462848,74886412.19372801
1726617600000,2024-09-18,Bridged Token Value (Dollar),2247629104.3330746,176970533.01086625,24255286.36293911,,12090997.58941039,17280185.040353,29933709.869208217,966731752.0202935,1044459.6545125602,15616688.196466865,1285268304.0190258,32928167.95379652,74886412.19372801
1726704000000,2024-09-19,Bridged Token Value (Dollar),2245750304.5928864,177029431.87053427,24264006.453757595,,12347680.960617326,17280836.513309002,29933709.869208217,977616700.9871988,1044862.4153935061,15733517.052792884,1285548667.04724,33317038.0418827,74886412.19372801
1726790400000,2024-09-20,Bridged Token Value (Dollar),2253322854.2579746,177461540.42074436,24284765.04586654,,12376936.50140536,17281011.399814997,29933709.869208217,991850158.4965369,1045869.3175958705,16244643.956238445,1281588649.6419487,33296890.47330538,74886412.19372801
1726876800000,2024-09-21,Bridged Token Value (Dollar),2255342222.8740172,177608660.87036794,24289530.180617027,,12384611.926591517,17280999.519689,29933709.869208217,991850336.6793514,1045869.3175958705,16653868.551107828,1281776433.9342284,30494226.992585726,74886412.19372801
1726963200000,2024-09-22,Bridged Token Value (Dollar),2257879804.2121706,177560463.84874797,24287335.011883587,,12384611.926591514,17280882.652402997,29933709.869208217,991440142.3973864,1045869.3175958705,16974353.145863075,1285719365.503781,30493320.529590525,74886412.19372801
1727049600000,2024-09-23,Bridged Token Value (Dollar),2265739998.329481,179313371.26493013,24269367.889348604,,12523695.36562111,17280162.52337,29933709.869208217,993348509.5698344,1045164.4860542155,17358459.38182623,1281099117.353282,30534859.511426702,74886412.19372785
1727136000000,2024-09-24,Bridged Token Value (Dollar),2248865107.4829164,177623896.54128212,24250919.787344933,,12586252.726289317,17280162.937793,29933709.869208217,993228130.8756003,1046070.6980363432,17452130.919336963,1270266574.4478843,33501843.991116792,74886412.19372785
1727222400000,2024-09-25,Bridged Token Value (Dollar),2248313704.5354156,179500894.66015947,24300940.61047911,,12529838.99703599,17281253.560988,29933709.869208217,1005267611.0251404,1033484.4205067885,17559182.943210326,1270993844.3122995,33788476.11568634,74886412.19372785
1727308800000,2024-09-26,Bridged Token Value (Dollar),2262855021.6996512,178495344.3699629,24263805.018659405,,12689216.198675642,17280447.231971,31433709.869208217,1005311968.0180103,1033585.1107270252,18312645.884330448,1184632313.634782,34269928.822075695,74886412.19372785
1727395200000,2024-09-27,Bridged Token Value (Dollar),2268196463.5439115,179459434.1115999,24289924.631280977,,12897259.92996805,17280939.980918,31433709.869208217,1005791119.7832242,1034390.6324889165,19279239.114022605,1186932824.2524865,37248847.06404808,74886412.19372785
1727481600000,2024-09-28,Bridged Token Value (Dollar),2273049211.846191,179372113.4390515,24287524.37462613,,12952508.69877813,17280959.044376,31433709.869208217,1005791050.408724,1034390.6324889165,19282299.896828804,1190194937.8376286,31608215.623489484,74886412.19372785
1727568000000,2024-09-29,Bridged Token Value (Dollar),2275888653.4294596,179415708.81560397,24288083.113962196,,12952508.698778134,17280966.365849,31433709.869208217,1008105909.0309979,1034390.6324889165,19282299.896828804,1193076974.2087643,34325673.36809934,74886412.19372785
1727654400000,2024-09-30,Bridged Token Value (Dollar),2297313015.2294316,178162250.29628694,24280409.53544898,,12874142.01660087,17781102.734439,31433709.869208217,1009121458.7322013,1033912.1523599606,18910935.77969205,1195755013.614394,41873895.52624348,74870434.65122785
1727740800000,2024-10-01,Bridged Token Value (Dollar),2330918510.067187,179348942.03377727,24260204.194218684,,12585668.23756316,17780664.136764,31433709.869208217,998090728.3271637,1034818.3862293839,19069921.725736864,1216111013.4582772,38384388.61464331,74870434.65122785
1727827200000,2024-10-02,Bridged Token Value (Dollar),2329046332.065516,179993349.96947795,26226329.17754612,,12517659.234191597,17779424.321289003,31433709.869208217,1007621069.7046278,1034415.6156207513,19075513.35335989,1230925442.2741256,41144645.72459313,74870434.65122785
1727913600000,2024-10-03,Bridged Token Value (Dollar),2359533963.4155345,180300347.1727283,26216607.394411616,,12501809.278457055,17779260.762344997,31433709.869208217,1006916160.5262711,1032905.2258383789,19082519.913215715,1258913272.051192,44049152.86708547,74870434.65122785
1728000000000,2024-10-04,Bridged Token Value (Dollar),2376974494.289803,183538696.1923723,26197053.777801957,,12694184.836479764,17778475.292619,31433709.869208217,1006156121.7093154,1030085.8315779506,19085692.985742476,1275732559.0046678,44719886.57672828,74870434.65122785
1728086400000,2024-10-05,Bridged Token Value (Dollar),2378487436.5896277,182952129.31116122,26177772.468975093,,12736553.382295392,17778497.257038,31433709.869208217,1006156111.5761224,1030085.8315779506,20332661.202762675,1288088998.8115764,47444668.49759714,74870434.65122785
1728172800000,2024-10-06,Bridged Token Value (Dollar),2370166075.361416,183249874.39555246,26174920.53718661,,12736553.38229539,17778347.650335,31433709.869208217,1005181604.2551173,1030085.8315779506,20336249.53670611,1292672986.709137,47645008.099607885,74870434.65122785
1728259200000,2024-10-07,Bridged Token Value (Dollar),2358191619.681841,183229501.8836599,26171556.321792778,,12658321.722273687,17778362.983986,31433709.869208217,1006367439.6283693,2028574.6362064541,20340777.212021858,1293031526.2655804,47753265.519794345,74870434.65122785
1728345600000,2024-10-08,Bridged Token Value (Dollar),2372407165.1598988,185073036.85701826,26174901.48900098,,12773446.924576165,17778439.790382,31433709.869208217,1004712921.9362485,2028976.6386125584,20445762.361802656,1303747965.3997602,47442673.493196845,74870434.65122785
1728432000000,2024-10-09,Bridged Token Value (Dollar),2374705346.325026,183851797.65828854,26165619.147440497,,12821043.979437534,17777965.966752,31433709.869208217,993496949.7681075,2028750.624297433,20445761.363934975,1313133255.0076933,49068381.49795823,74870434.65122785
1728518400000,2024-10-10,Bridged Token Value (Dollar),2389315940.182934,184107474.05061504,26153251.30539006,,12776083.43980724,17777965.414188,31433709.869208217,993485691.832002,2028750.624297433,20791869.244916353,1315783658.3843288,43668988.33358309,74870434.65122785
1728604800000,2024-10-11,Bridged Token Value (Dollar),2415123380.33288,184863320.0789654,26150742.490360796,,12942518.838709118,17777982.681813,31433709.869208217,1012939291.9632754,2029354.8831075933,22288173.842296995,1315692445.73282,48243993.76945213,74870434.65122785
1728691200000,2024-10-12,Bridged Token Value (Dollar),2410256888.8953385,184917959.49157244,26153016.192947768,,13001451.69721362,17777952.843357,31433709.869208217,1012941728.0430017,2029354.8831075933,22339188.29330784,1323381731.4409153,45542558.64656916,74870434.65122785
1728777600000,2024-10-13,Bridged Token Value (Dollar),2410359808.3195295,184848621.01724377,26148560.637055576,,13001451.697213622,17777710.267761,31433709.869208217,1011239608.663565,2029354.8831075933,22337009.427058157,1326270039.1387966,47495844.99630304,74870434.65122785
1728864000000,2024-10-14,Bridged Token Value (Dollar),2420045254.029235,183774912.49231952,26168592.987357743,,13427834.680759799,17777505.404658,31433709.869208217,1014307520.6547738,2030286.2418112145,22366084.17160069,1342327573.248862,48729296.12504955,74870434.65122785
1728950400000,2024-10-15,Bridged Token Value (Dollar),2428165219.558153,185256072.4121688,26157059.097116623,,13458104.470642399,17777179.806321003,31433709.869208217,1019723944.6130701,2030261.1840570627,22464887.306342293,1365123433.5753558,48927500.160468474,74870434.65122785
1729036800000,2024-10-16,Bridged Token Value (Dollar),2413381704.111004,187147948.61826313,26163532.266917873,,13672026.423195962,17777180.082603004,31433709.869208217,1019377748.5040971,7034589.835760428,22305082.171975862,1370342209.8828843,48489409.76635447,74870434.65122785
1729123200000,2024-10-17,Bridged Token Value (Dollar),2419742632.006403,187201199.36154667,26163748.066977635,,13697720.168549046,17776828.928181004,31433709.869208217,1024710997.6628364,7033027.821028345,22893428.62454562,1407106098.5813243,49738068.62146163,74870434.65122785
1729209600000,2024-10-18,Bridged Token Value (Dollar),2444326224.3775187,187854202.10288063,26145535.85169133,,13866962.285006292,17776421.964795,31433709.869208217,1032239150.0799954,7034539.111725963,23624804.596379112,1435057815.1310337,52711279.36594746,74870434.65122785
1729296000000,2024-10-19,Bridged Token Value (Dollar),2446661764.0192833,188293190.3425926,26170642.094265964,,13948139.991087336,17776962.648669,31433709.869208217,1043066541.0002246,7034539.111725963,23626578.51472988,1523570645.2430503,52059733.415108174,74870434.65122785
1729382400000,2024-10-20,Bridged Token Value (Dollar),2449191762.8039203,188024337.13100675,26169749.884161912,,13948139.991087334,17776924.383612003,31433709.869208217,1043495543.4859557,7034539.111725963,23626578.51472988,1556253588.034283,55105435.17315594,74870434.65122785
1729468800000,2024-10-21,Bridged Token Value (Dollar),2461908898.8269615,187911835.20546693,26155670.538195398,,13904931.311484044,17776222.765473,31433709.869208217,1043960954.8872643,7036566.234585712,24073698.22492824,1568237919.0363543,55138905.80674383,74870434.65122785
1729555200000,2024-10-22,Bridged Token Value (Dollar),2477215982.9987564,191087076.77205133,26293450.20583852,,13849771.174901586,17803918.884063,31433709.869208217,1044976724.8390896,7035857.571583419,29024412.160087157,1614842198.0182085,59312111.00583711,74870434.65122785
1729641600000,2024-10-23,Bridged Token Value (Dollar),2447522896.665027,190830816.5866208,26276844.70730871,,13532808.414939547,17803428.345372003,31433709.869208217,1046310768.5707582,7034946.433437616,29813781.92213654,1643746379.540807,55920331.56740722,74870434.65122785
1729728000000,2024-10-24,Bridged Token Value (Dollar),2441530671.960646,189475281.96660227,26282965.61334202,,13698950.614433847,17804033.264811,33589602.86920822,1053513762.3059576,7049596.9289192185,29011963.334692042,1633787382.6510825,59850914.18414893,74870434.65122785
1729814400000,2024-10-25,Bridged Token Value (Dollar),2440296771.7218227,190146644.51715747,26298996.698756516,,13745577.768612918,17804033.955516,33589602.86920822,1053521443.7745733,7049293.94346953,28992315.125713676,1646395637.0754516,57297789.17642552,74870434.65122785
1729900800000,2024-10-26,Bridged Token Value (Dollar),2440556064.876463,189863720.22051987,26283311.28426297,,13726315.70114076,17803675.203339,33589602.86920822,1058481101.9320517,7049293.94346953,29015555.28278273,1653299283.5676055,56381259.95023261,74870434.65122785
1729987200000,2024-10-27,Bridged Token Value (Dollar),2448339610.1959844,190002661.73370412,26281692.10966156,,13726315.701140758,17803635.695012998,33589602.86920822,1054101034.6215607,7049293.94346953,29011533.009920172,1661237950.3218963,54013581.72489759,74870434.65122785
1730073600000,2024-10-28,Bridged Token Value (Dollar),2454045053.1471515,189880460.58906177,26286609.20080103,,13876347.823474241,17803918.884063,33589602.86920822,1058067464.9517423,7049191.8661058415,31135412.021902576,1739956512.7585435,54912182.035961635,74870434.65122785
1730160000000,2024-10-29,Bridged Token Value (Dollar),2456435777.8958583,190327743.55776328,26294790.916917957,,14006800.506380077,17803967.647836,33589602.86920822,1070268988.0486778,7049588.747310153,31981185.13968709,1753959982.8084784,53231697.83903772,74870434.65122785
1730246400000,2024-10-30,Bridged Token Value (Dollar),2441993962.609268,190369685.39153373,26306971.47841305,,13936507.793998152,17804518.00158,33589602.86920822,1075511285.106161,7049184.730305963,32082023.13927708,1778514749.1063082,55171333.89400408,74870434.65122785
1730332800000,2024-10-31,Bridged Token Value (Dollar),2394825529.866826,191714090.70363057,26329023.6202536,,13395850.980914606,17804881.31241,33589602.86920822,1060313685.9367952,7047770.670791296,32332543.18254756,1810397289.831424,60192618.379712164,74870434.65122785
1730419200000,2024-11-01,Bridged Token Value (Dollar),2419043917.0491304,192002657.77067986,26333817.40966512,,13325417.067210753,17804630.448354002,33589602.86920822,1057431017.3302217,7063561.51093323,32228158.120770164,1825103559.1656919,61970449.921940476,74870434.65122785
1730505600000,2024-11-02,Bridged Token Value (Dollar),2421023280.7453847,191769426.664262,26325022.491219293,,13346401.33763243,17804416.467945,33589602.86920822,1057429951.5549961,7063561.51093323,32433571.479086287,1833802066.5811117,61744034.49745709,74870434.65122785
1730592000000,2024-11-03,Bridged Token Value (Dollar),2419733884.523524,191632053.8485929,26322999.403915714,,13346401.337632433,17804741.375577,33589602.86920822,1058448753.5143441,7063561.51093323,32935754.705490053,1847470631.2328732,61466770.77500641,74870434.65122785
1730678400000,2024-11-04,Bridged Token Value (Dollar),2414251207.3056393,192019284.41892353,31332074.711992294,,13340911.40314639,17804724.384234,33589602.86920822,1058560213.0139495,7065731.640206137,33485488.347900815,1866690650.1673605,58655167.7940549,74870434.65122785
1730764800000,2024-11-05,Bridged Token Value (Dollar),2391456555.4914694,191855540.805193,31357438.16941311,,13575276.941309966,17805534.304916997,33589602.86920822,1062003781.3516392,7066539.712696127,33871705.15057393,1879903039.5008118,59669523.44371546,74870434.65122785
1730851200000,2024-11-06,Bridged Token Value (Dollar),2379128834.2751727,196119169.33304596,31326649.97976274,,14495554.775332643,17802786.680427,33589602.86920822,1030354126.0364003,7064746.529348956,33876735.21716486,1890346692.5056047,63211910.38053836,74870434.65122785
1730937600000,2024-11-07,Bridged Token Value (Dollar),2379129827.858409,193043966.68607962,32197697.687275615,,14958163.367738025,17803690.951413002,35254602.86920822,1046915067.7593832,7068939.923328753,34073388.49695674,1920145737.637433,66351491.76886284,74870434.65122785
1731024000000,2024-11-08,Bridged Token Value (Dollar),2379701826.634392,195507152.82251006,32199811.53351228,,15167218.827320168,17824763.301294003,35254602.86920822,1039563530.7203594,7068434.889759498,34340782.62492871,1958800500.0543082,66777329.146059774,74870434.65122785
1731110400000,2024-11-09,Bridged Token Value (Dollar),2382272534.7533884,194673718.89893055,32171849.537530012,,15245776.002578419,17824763.301294003,35254602.86920822,1039539118.0005617,7085370.53522091,33636436.14330438,1973555432.057372,67611996.42034997,74870434.65122785
1731196800000,2024-11-10,Bridged Token Value (Dollar),2383500532.79001,194646159.4163681,32170453.532716177,,15245776.002578415,17824684.837206002,35254602.86920822,1039469582.8389707,7085370.53522091,33671277.24934938,1984783233.8372014,66247017.31145558,74870434.65122785
1731283200000,2024-11-11,Bridged Token Value (Dollar),2402297842.249154,194529826.68574074,32154110.23343514,,15830600.603788123,17823953.24247,35254602.86920822,1016118956.6218036,7085471.541934761,33715036.3593063,2061216399.5429146,71721490.1267723,74870434.65122785
1731369600000,2024-11-12,Bridged Token Value (Dollar),2390512412.5663457,194531652.4256378,32135184.73408682,,16029456.067304851,17823955.176443998,35254602.86920821,1015013835.6494149,7083451.4076577425,33715038.08476401,2077295086.3452144,71565475.98928186,74870434.65122785
1731456000000,2024-11-13,Bridged Token Value (Dollar),2416514334.978212,194565143.70224592,32093592.44218909,,15656838.909418011,17822595.730863,35254602.86920822,994860716.7880051,7083754.427799295,34040597.791891776,2120285286.307914,76574649.33599105,74870434.65122785
1731542400000,2024-11-14,Bridged Token Value (Dollar),2422171423.0745916,192605162.01711404,32064087.05939401,,15339203.641466014,17822131.024539,35254602.86920822,993157748.74286,7083122.262341879,34040597.791891776,2182310166.5850644,72213003.02277017,74870434.65122785
1731628800000,2024-11-15,Bridged Token Value (Dollar),2426572663.4369082,192168035.05616748,32055869.354494598,,15417387.235903844,17822304.667776003,35254602.86920822,990643827.311135,7082718.206118287,28635933.98302609,2215663679.154478,75810732.70509022,74870434.65122785
1731715200000,2024-11-16,Bridged Token Value (Dollar),2427759017.046213,192327501.9963565,32060621.44541182,,15547673.094671518,17822304.805917,35254602.86920822,990638309.3108819,7082718.206118287,28148319.35334813,2244793295.1807117,72501104.4284698,74870434.65122785
1731801600000,2024-11-17,Bridged Token Value (Dollar),2434274130.7538586,192212869.69614172,32060167.626264676,,15547673.094671521,17822297.622585002,35254602.86920822,990512427.0962784,7082718.206118287,28149082.086536795,2289570422.359125,71957539.47601496,74870434.65122785
1731888000000,2024-11-18,Bridged Token Value (Dollar),2444007142.240187,192418673.8407281,32071952.41438655,,15840213.171924505,17823056.292957,35254602.86920822,1009574269.7166451,7111650.439441475,28169002.367744066,2364936086.3591104,72819149.99165528,74870434.65122785
1731974400000,2024-11-19,Bridged Token Value (Dollar),2458945261.006083,193605363.55188534,32094692.16915763,,16048748.546581684,17823056.845521,35254602.86920822,1009800079.7500789,7112256.568112243,27184872.541217797,2485846679.412807,74534623.22799551,74916164.98322785
1732060800000,2024-11-20,Bridged Token Value (Dollar),2467001826.61377,195248684.14081421,32101663.039974988,,16038825.228531402,17823206.728506003,35254602.86920822,1017641535.9729635,7111953.503776859,24182530.262231443,2574633042.9777336,75560753.1549372,74916164.98322785
1732147200000,2024-11-21,Bridged Token Value (Dollar),2472084019.0973206,194640918.6333211,32043203.90438766,,15747691.740769476,17821338.924045,35106785.64870633,1032631469.5058417,7111650.439441475,24159240.869302,2675158172.5813446,74616386.01354083,74916164.98322785
1732233600000,2024-11-22,Bridged Token Value (Dollar),2497746073.111097,191777357.5392996,32003124.939292464,,15766072.661072897,17820667.973208003,34853844.492998265,1049837165.738942,7112433.676150675,24613065.793310534,2767388816.0562534,78122721.77751268,75038036.91322786
1732320000000,2024-11-23,Bridged Token Value (Dollar),2498080552.680875,191274040.9832103,31985730.919519447,,15810401.029764127,17820668.111348998,34766023.407690994,1049895797.0111749,7112433.676150675,24783336.797366563,2798734213.3321824,79735741.1667783,75038036.91322784
1732406400000,2024-11-24,Bridged Token Value (Dollar),2495180375.2602763,191635410.83398235,31999383.589982867,,15810401.029764125,17821389.898074,34724856.693914965,1051853212.0271959,7112433.676150675,25566686.923941538,2836427378.9135613,76438097.84269692,75038036.91322784
1732492800000,2024-11-25,Bridged Token Value (Dollar),2519227663.966035,189906699.2062946,32019489.448012285,,15860938.029095355,17821396.114419002,34520930.18270397,1051984415.2864048,7117358.883997398,25641876.09153322,2892624586.2155695,73900328.1078057,75038036.91322784
1732579200000,2024-11-26,Bridged Token Value (Dollar),2514932088.217695,190003068.39639193,32015754.24297741,,15733277.358885866,17821581.499641,34475362.40765802,1017113108.3599926,7145244.59633474,25632502.73752014,3016463559.463448,74180965.6383313,75038036.91322784
1732665600000,2024-11-27,Bridged Token Value (Dollar),2509761088.339874,190470770.7372957,32047247.888440624,,15703836.10535079,17822567.273817,34377422.49190803,1021645335.7314565,7146961.878464226,25616041.982684642,3071762069.2739244,78708635.24979132,75038036.91322784
1732752000000,2024-11-28,Bridged Token Value (Dollar),2539778075.2496076,192099919.20207417,32072953.67346981,,15787517.957801186,17822560.366767,34658687.49190803,1021619506.9118718,7146961.878464226,25646903.95948034,3106788863.9585147,76073854.64898899,75038036.91322784
1732838400000,2024-11-29,Bridged Token Value (Dollar),2548278111.664263,192483415.42476788,32077979.666220784,,15741292.546555938,17822823.663513,34649589.55703898,1027141296.5552925,7148376.110806155,25647886.504205782,3325055751.520062,132201151.61036702,75038036.91322786
1732924800000,2024-11-30,Bridged Token Value (Dollar),2565273073.7692943,192688248.10323027,32084542.27597139,,15671869.608466526,17822802.942363,34645293.81078899,1026715509.3693273,7148376.110806155,25871998.235169232,3396401775.5877137,129933125.92277357,75038036.91322784
1733011200000,2024-12-01,Bridged Token Value (Dollar),2577418377.832463,192537142.20652378,32075415.93497802,,15671869.608466526,17822343.899820004,34643443.81078898,1026139243.0715426,7148376.110806155,25876973.64370559,3442623250.068677,128010320.78206688,75038036.91322786
1733097600000,2024-12-02,Bridged Token Value (Dollar),2596073348.069537,193518324.82740813,32050847.203953557,,16501979.686885813,17821735.250574,34630472.38601487,1022715170.0682434,7148477.127402007,25876973.643705595,3701327869.4197946,130317713.73925981,75038036.91322786
1733184000000,2024-12-03,Bridged Token Value (Dollar),2624938166.5544896,193051255.77198187,32037837.62346458,,16607326.811853012,17821847.144784,34611972.38601487,1023578853.4773165,7158349.427924625,25797587.151641805,3753756158.79667,129435393.48981208,75038036.91322786
1733270400000,2024-12-04,Bridged Token Value (Dollar),2624276882.238729,191188396.96165997,31830588.9392344,,17046748.489010535,17821910.551503003,34811218.74957459,1027788863.8550884,7191145.411839358,25797587.15165099,3765107208.637226,132098598.97347683,75038036.91322786
1733356800000,2024-12-05,Bridged Token Value (Dollar),2601631146.4877057,194226222.20072225,31850458.195323806,,17092883.202856362,17822905.719267,34786117.86462207,1020061585.613693,7191347.449895195,22631681.89484887,4054981534.283976,130254576.32510607,75038036.91322784
1733443200000,2024-12-06,Bridged Token Value (Dollar),2645232146.719969,196850529.8863087,31873340.806759372,,17344331.626714356,17822698.231485,34785007.86462208,1021129461.4245147,7192054.583090627,22641717.3839625,4095112112.2574315,134575286.38966772,75038036.91322784
1733529600000,2024-12-07,Bridged Token Value (Dollar),2685373620.3210096,196710301.8998941,31868529.57850762,,17456081.42467203,17822719.781481,34780382.86462208,1020262716.0826155,7192054.583090627,22641717.383962505,4132153152.1038475,134577391.59051833,75038036.91322784
1733616000000,2024-12-08,Bridged Token Value (Dollar),2719490360.6171517,196797091.59106308,31869120.337956153,,17456081.42467203,17822719.781481,34779728.04544162,1020259575.3331828,7192054.583090627,22775488.67452268,4353517298.27251,132578884.39727725,75038036.91322784
1733702400000,2024-12-09,Bridged Token Value (Dollar),2733357566.9860497,202174601.3051455,31862527.322797395,,17055986.895729177,17822470.298835002,34779173.04544162,1032327651.0679013,7191044.392811439,22688230.402597554,4376216449.519932,128306560.59481493,75038036.91322786
1733788800000,2024-12-10,Bridged Token Value (Dollar),2795976466.9942784,202298196.12122232,31851855.780910604,,16835664.229142528,17822153.817804,34774568.0587135,1043546827.8392042,7191246.430867276,22799515.015974842,4394338710.832635,128057677.81204088,75038036.91322784
1733875200000,2024-12-11,Bridged Token Value (Dollar),2908263910.354683,201325043.09511045,31836859.186029345,,17098342.062641,17821803.906651,34774568.05871351,1052767925.4546974,7191019.130625837,22685707.461373247,4458063065.108401,137215770.04173675,75038036.91322784
1733961600000,2024-12-12,Bridged Token Value (Dollar),2942887042.8171806,200184609.41556513,31819036.454908714,,17085136.67529998,18990766.095900003,34774568.05871351,1039399374.3903503,7236171.975670949,22564330.031265058,4488947673.814713,132386345.66992867,75095184.54322784
1734048000000,2024-12-13,Bridged Token Value (Dollar),2950883065.9217734,199773275.0023805,31807255.935642514,,17093831.201303255,18990759.465132,34774568.05871351,1039909434.9940994,7234984.757553649,22875046.01781615,4515340532.082783,129927054.21595325,75095184.54322785
1734134400000,2024-12-14,Bridged Token Value (Dollar),2956957216.5761576,200125132.80504403,31826024.962956198,,17083881.734477554,18991158.968904,34774568.05871351,1027397190.9259155,7234984.757553649,23457312.82345075,4542782590.741759,135632732.65719134,75095184.54322784
1734220800000,2024-12-15,Bridged Token Value (Dollar),2956902514.197537,199861367.08870724,31825332.22992094,,17083854.201783165,18991158.968904,34774568.05871351,1027388102.6588045,7234984.757553649,22769958.28774184,4559482347.454139,136202280.55980188,75095184.54322785
1734307200000,2024-12-16,Bridged Token Value (Dollar),2947899715.2225575,200786004.82467687,31832496.4194389,,17235393.572117288,18991373.640017997,34774568.05871351,1028563491.8131201,7235388.833579504,22417558.30530653,4588506216.77634,136540784.72835281,75095184.54322784
1734393600000,2024-12-17,Bridged Token Value (Dollar),2961079132.504199,202688061.90577325,31829098.80085352,,17177856.402206082,18991063.789755,34774568.05871351,1026809438.0616755,7234479.66252133,22467283.941147137,4618789992.353456,134182042.8480945,75095184.54322785
1734480000000,2024-12-18,Bridged Token Value (Dollar),3107337553.125612,203012962.9168948,31820716.433894724,,493548361.75844026,18991058.264115,35572443.05871351,1026851892.5786104,7230741.959282172,22787261.94163675,4635337407.637012,128283082.57262123,75095184.54322785
1734566400000,2024-12-19,Bridged Token Value (Dollar),3324076206.516679,200966384.6645561,31729981.646217447,,474000487.9577395,18989064.060639,35572443.05871351,1004943946.2862674,7229428.712198144,22873449.720965218,4632269241.262745,127583060.09073912,75095184.54322785
1734652800000,2024-12-20,Bridged Token Value (Dollar),3488941405.976022,199468866.24265802,31756528.38511064,,384748461.5561659,18990189.495366,35572443.0587135,1018498760.7508068,7252271.543771936,22677126.43171127,4603962628.126642,131834177.87012053,75095184.54322784
1734739200000,2024-12-21,Bridged Token Value (Dollar),3511866031.348255,200198616.44064867,31779437.450291157,,384779691.4077628,18990122.220699,35571518.05871351,1018540200.8849845,7252271.543771936,24149378.00746267,4598971385.643143,130428095.1602341,75095184.54322784
1734825600000,2024-12-22,Bridged Token Value (Dollar),3526414395.809411,199629434.93044707,31778012.61031651,,384779679.44817835,18990122.220698997,35568743.0587135,1018540193.3009162,7252271.543771936,24343373.709051557,4580638331.416686,127917322.98846398,75095184.54322785
1734912000000,2024-12-23,Bridged Token Value (Dollar),3623787129.92419,200092465.05415595,31774011.16401224,,331326528.80035025,18989800.766592,35566893.05871351,1015554779.6234443,7250756.2220108565,24609438.353780534,4571184806.584132,135648169.1269354,75095184.54322785
1734998400000,2024-12-24,Bridged Token Value (Dollar),3783789994.9273944,201790959.57062897,31762739.777340326,,404805866.5958778,18989756.699613,35566893.05871351,1015940149.1555299,7251867.457968981,25282355.846984893,4576794687.481251,142563709.26090926,75095184.54322785
1735084800000,2024-12-25,Bridged Token Value (Dollar),3850533251.14517,201762703.80946136,31761893.677492365,,404875996.5651066,18989717.60571,35566893.0587135,1016727689.3580719,7251867.457968981,25542798.072716188,4563802079.1572895,139782517.4085543,75095184.54322784
1735171200000,2024-12-26,Bridged Token Value (Dollar),3924691970.0047455,201718664.04332882,31766359.05363654,,442034300.87434596,18990048.591546,35566893.05871351,1022174242.2898201,7238128.540668528,25303408.718278367,4496246677.622747,136332449.91697603,75095184.54322785
1735257600000,2024-12-27,Bridged Token Value (Dollar),3986730028.267294,202541627.21946654,31776126.07785474,,380919499.95734024,18990107.16333,35566893.0587135,1017987517.7731582,7237497.872143339,25299950.672751512,4455999066.517188,137665811.29930124,75095184.54322784
1735344000000,2024-12-28,Bridged Token Value (Dollar),3996865565.372409,202597953.12211233,31778010.926119816,,380861305.7630011,18990111.30756,35566893.05871351,1017913491.190162,7257574.04352766,24952445.480503023,4450661457.263015,138654197.719831,75095184.54322785
1735430400000,2024-12-29,Bridged Token Value (Dollar),4009965915.8934875,202585986.72118044,31779024.32369216,,380861275.1242423,18990149.158193998,35566893.05871351,1018886440.4252526,7257574.04352766,24973120.75687119,4434309961.592745,133376418.44331387,75095184.54322784
1735516800000,2024-12-30,Bridged Token Value (Dollar),3979631837.1284385,202723613.92816108,31773433.792436425,,360780062.87757355,18989812.922999997,35566893.05871351,1013932321.0733314,7259831.761470369,24421844.19294479,4426197214.445512,132090639.36065675,75095184.54322785
1735603200000,2024-12-31,Bridged Token Value (Dollar),3868835167.743313,200448963.26114506,31750832.94990689,,291490504.7216548,19470856.886594,35566893.05871351,1020757942.7001407,7259513.196877483,24726147.86318186,4402342522.541615,133249310.00969066,79739997.25522785
1735689600000,2025-01-01,Bridged Token Value (Dollar),3909394234.5217724,200344860.68148842,31732011.328261998,,291441338.1593107,19470850.255826,35566704.17844931,1020586699.7239448,7259513.196877483,24790937.34632068,4403033075.233761,131186200.04560429,79739997.25522785
1735776000000,2025-01-02,Bridged Token Value (Dollar),3977324822.294008,199901461.027391,31731168.92072837,,273881708.83526707,19470834.507752,35882604.17844931,1020592408.5440887,7259548.281375854,24656405.355214905,4389809721.138132,139547600.98104048,79739997.25522785
1735862400000,2025-01-03,Bridged Token Value (Dollar),4005963599.998934,200882877.01445743,31678643.63015197,,310179267.6507119,19469674.123352,35882604.1784493,1033994867.846674,7259709.957341687,24802325.15309161,4392960553.44417,141145082.08151418,79739997.25522785
1735948800000,2025-01-04,Bridged Token Value (Dollar),4048576532.368035,201385992.744907,31705937.81931309,,310376080.54951453,19470277.246957995,35877054.17844931,1026891232.4880822,7259709.957341687,24964221.688020613,4396601415.968212,141314496.97132927,79739997.25522785
1736035200000,2025-01-05,Bridged Token Value (Dollar),4079643934.7362976,201015219.8487438,31705753.292218767,,310376080.54951453,19470277.246958,35876372.671246715,1026891203.2440703,7280399.233361098,24648950.90056851,4403233179.693238,141604298.34010968,79739997.25522785
1736121600000,2025-01-06,Bridged Token Value (Dollar),4098872323.7878633,204813717.5693218,31750242.160769947,,373467537.6686689,19471280.703182,35868972.671246715,1025996664.0857699,7280899.136510166,23911793.790896248,4413987475.743049,241053297.2586139,79929728.15522784
1736208000000,2025-01-07,Bridged Token Value (Dollar),4097753072.3506446,208042177.5526926,31727100.621173725,,369603073.35373765,19470728.139181998,35868972.671246715,1031893077.7387254,7279751.362080512,23792652.537920233,4404989384.494633,230863418.65208215,79929728.15522784
1736294400000,2025-01-08,Bridged Token Value (Dollar),4019178422.1825557,210089291.41336054,31726858.349249214,,355706537.8446923,19470736.013219,35868972.671246715,1031888232.3564955,7280014.111275187,24097707.300759315,4383257950.3773365,225113911.4899448,79952910.35522784
1736380800000,2025-01-09,Bridged Token Value (Dollar),3882047221.0823383,209778402.33573446,31708592.08215193,,355689325.593358,19470335.818742,35868972.671246715,1036929678.9728266,7279927.467960491,23446372.076774206,4370081936.7147255,221789386.31469244,79952910.35522784
1736467200000,2025-01-10,Bridged Token Value (Dollar),3814772572.9465294,208412259.64991522,31776954.927715074,,355449038.7325405,19469316.752585,35868972.671246715,1047223759.677104,7278123.4647987075,23426230.4926012,4357841186.135626,226987238.13012087,79952910.35522784
1736553600000,2025-01-11,Bridged Token Value (Dollar),3780395974.8837714,208516790.32447112,31782707.387668192,,355422723.88843024,19469471.332364,35868972.671246715,1047223792.082618,7278123.4647987075,23673610.648198955,4359711855.80904,223450973.39040682,79952910.35522786
1736640000000,2025-01-12,Bridged Token Value (Dollar),3772658739.447672,208781049.97194088,31776627.684534702,,355452357.5067597,19469335.677902,35868972.671246715,1047592660.4772125,7278123.4647987075,23713446.10540679,4355555924.808747,221613634.6180013,79952910.35522784
1736726400000,2025-01-13,Bridged Token Value (Dollar),3769161214.4144683,207277894.62820706,31790763.014778405,,317757558.8531752,19469664.591623,35868972.671246715,1039175653.9477149,17375855.021494824,23395192.298431717,4312042802.905326,223249984.27912948,79952910.35522784
1736812800000,2025-01-14,Bridged Token Value (Dollar),3747247891.796579,207895580.7310146,31790463.605487507,,313209206.12862486,19469644.975600995,35868972.671246715,1039160834.0209867,17374460.445494033,22980424.718721826,4313244107.348754,227117162.26904714,228336223.46522784
1736899200000,2025-01-15,Bridged Token Value (Dollar),3625481770.165259,209103158.4347033,31808534.707309842,,334343404.9957595,19470036.052772,35868972.671246715,1049487155.007824,17379290.933380835,22934273.75848914,4326552931.918977,237722610.31114045,228336223.46522784
1736985600000,2025-01-16,Bridged Token Value (Dollar),3613670310.2068443,210026733.3701251,31808308.53778167,,357080075.54152304,19470034.809503,35868972.671246715,1049492675.1033086,17380544.030656908,23028496.191955887,4344913396.386654,237936716.99972907,228336223.46522784
1737072000000,2025-01-17,Bridged Token Value (Dollar),3609955156.3117285,209966579.05951297,31808621.453233335,,364133320.73866355,19470022.238671996,35868972.671246715,1052384567.4837242,17380776.45999037,23373356.531975433,4362147780.875088,246214321.85937876,228336223.46522784
1737158400000,2025-01-18,Bridged Token Value (Dollar),3603846949.696488,209743724.78559816,31794923.40776496,,364206198.0821739,19469704.514372,35868972.67124672,1052384567.4262334,17380776.45999037,23389927.919773627,4362260635.740764,246218598.1730538,228336223.46522784
1737244800000,2025-01-19,Bridged Token Value (Dollar),3456797890.33904,209706241.9770369,31794183.03938285,,364206198.082174,19469704.514372,35868972.671246715,1052384583.8702335,17380776.45999037,23250316.370909855,4363015998.484606,241074119.6319196,228336223.46522784
1737331200000,2025-01-20,Bridged Token Value (Dollar),3415932306.6424,210060319.96561462,31798092.388585046,,364270353.7919361,19469790.299933,35868972.671246715,1049928224.9903312,17380776.45999037,22691573.654382,4361932093.915452,247356329.52112737,228336223.46522784
1737417600000,2025-01-21,Bridged Token Value (Dollar),3385055630.1946654,214864390.66305575,31879939.26325754,,378270945.4705081,19471572.595115,35868972.671246715,1077375390.4911735,17430077.4117363,22697164.780914187,4361165633.42815,254229994.5247213,228345687.95522785
1737504000000,2025-01-22,Bridged Token Value (Dollar),3382742102.617669,227107564.58437717,31881387.811331525,,387408871.9533917,19471617.905363,35868972.671246715,1081859610.323581,17429824.771156445,22697164.780914187,4379063220.347569,249111867.96877488,228345687.95522785
1737590400000,2025-01-23,Bridged Token Value (Dollar),3385673130.7240763,225575308.7256193,31885967.50947855,,414443846.3712797,19471715.985473,35868972.671246715,1081464759.1033177,17429723.714924503,22697184.623936042,4367315217.654961,249516959.55944818,228345687.95522782
1737676800000,2025-01-24,Bridged Token Value (Dollar),3390229916.801995,227779486.04024622,31938720.09380269,,569386121.7991604,19472902.064099,35868972.671246715,1087989329.9200299,17429865.19364922,22449758.654190145,4381571959.190745,248115038.63022882,228345687.95522782
1737763200000,2025-01-25,Bridged Token Value (Dollar),3386730248.091834,227849630.74981302,31939275.571730692,,569383024.7306252,19472879.547115996,35868972.671246715,1087989571.2133038,17429865.19364922,22998794.61607178,4396298083.96346,248103101.5427056,228345687.95522785
1737849600000,2025-01-26,Bridged Token Value (Dollar),3382393187.368889,226642392.79073972,31918659.261003587,,569383013.7069588,19472416.222202,35868972.67124671,1086514282.455876,17429865.19364922,22984504.874286268,4380725628.781733,245914624.47454467,228345687.95522785
1737936000000,2025-01-27,Bridged Token Value (Dollar),3363945457.5464373,226140896.01271337,31905835.434832323,,683599819.4777514,19500523.262317,35866885.185528964,1076513677.848812,17430724.171620723,22548613.40167588,4386710099.995462,246253173.08276218,228345687.95522785
1738022400000,2025-01-28,Bridged Token Value (Dollar),3345861984.8023434,225439285.02207047,31904504.463219047,,739124525.1605039,74851013.018911,35866885.185528964,1074259906.1809661,17435213.180371813,22629428.14517148,4449966552.552956,244827793.97645923,228345687.95522785
1738108800000,2025-01-29,Bridged Token Value (Dollar),3331737630.4620304,226336077.4085641,31896432.40793171,,821288474.5445915,74850829.705804,35976885.185528964,1083102524.4551175,17472336.528944187,22560615.677968066,4492099981.865915,250284178.8473856,228345687.95522785
1738195200000,2025-01-30,Bridged Token Value (Dollar),3331340382.3906674,227255748.91479334,31892859.465931863,,570666464.5509062,74850744.472807,35976885.185528964,1081945495.886445,42473913.0445293,22949543.451033663,4529529892.357003,249921635.70459634,228345687.95522782
1738281600000,2025-01-31,Bridged Token Value (Dollar),3401408038.9250965,225129636.15884873,31893829.78538079,,467229102.1434545,74849886.34091501,35976885.18552896,1096273095.8305173,52472066.152400956,23485222.46326215,4532877201.848804,245058855.93712685,228345687.95522785
1738368000000,2025-02-01,Bridged Token Value (Dollar),3431761674.138196,225100159.5485032,31892473.926120408,,467178941.1430148,74849865.481624,35976885.185528964,1096272941.8133795,52472066.152400956,25865309.67180611,4538184422.656809,241332525.07518768,228345687.95522785
1738454400000,2025-02-02,Bridged Token Value (Dollar),3430577261.7651043,224086807.86858413,31822520.681548648,,467178941.1430148,74848280.175508,35976885.185528964,1094683452.8697586,52472066.152400956,25641330.55217477,4541163533.253399,234815657.79884008,228345687.95522785
1738540800000,2025-02-03,Bridged Token Value (Dollar),3441833274.4947133,224107781.51321027,31870506.220872644,,554275225.7064531,74849403.123697,35976885.185528964,1102460603.8244765,52472692.716287345,24104398.20393491,4476814439.772795,246454581.55267933,228345687.95522785
1738627200000,2025-02-04,Bridged Token Value (Dollar),3479511516.312587,227081348.05099916,31898752.25778575,,528963461.6833537,74850028.21172202,35976885.185528964,1116679734.5199482,57473161.476884864,25174512.694347657,4452651233.345752,236674418.48430163,228345687.95522782
1738713600000,2025-02-05,Bridged Token Value (Dollar),3501789951.5232,226382851.79704505,31916918.138724625,,480317084.33099914,74850408.790177,35976885.18552896,1128741882.6114388,57471548.01158439,25643835.514693234,4397286559.687571,230654342.87889856,228345687.95522785
1738800000000,2025-02-06,Bridged Token Value (Dollar),3510971770.0457077,228619359.22560465,31908188.831768766,,450162126.13964427,74850193.842781,35975035.185528964,1126321786.942706,57499512.84576095,25494242.936985534,4366473648.1832485,233901730.25255632,228345687.95522785
1738886400000,2025-02-07,Bridged Token Value (Dollar),3513714847.607342,227995859.13214785,31874547.58333693,,453275049.37084275,74849436.001255,36141735.185528964,1131158480.5714602,57498343.491592005,25394626.780656368,4345096316.420279,230795746.52595025,228345687.95522785
1738972800000,2025-02-08,Bridged Token Value (Dollar),3516706966.651642,227962618.5020194,31873564.169948515,,453292600.95203286,74849432.271448,36139885.185528964,1131158480.5714602,57498343.49159201,25026422.955135442,4288937334.214809,234107445.84973073,228345687.95522785
1739059200000,2025-02-09,Bridged Token Value (Dollar),3512151495.6359973,228280855.23399246,31862404.31655954,,453292600.9520329,74849188.176301,36139885.185528964,1133681828.9824703,57498343.49159201,24875576.340768807,4274353917.082287,221787530.93562204,228345687.95522785
1739145600000,2025-02-10,Bridged Token Value (Dollar),3500894748.2743483,229290671.95338535,31855280.582744714,,478728720.967788,74849032.905817,36139885.185528964,1157298336.4239612,57499336.21297313,23549249.930375528,4253338696.262816,224229145.56159362,228345687.95522785
1739232000000,2025-02-11,Bridged Token Value (Dollar),3503387991.6128564,229911110.3013504,31855477.68855616,,460394069.90964556,74849035.944919,36139885.185528964,1158512336.1194804,57498318.043586455,23119924.180478662,4211563075.909073,221821544.91626805,228345687.95522782
1739318400000,2025-02-12,Bridged Token Value (Dollar),3510582941.9028563,232766670.4846635,31911828.928365506,,457639902.23728645,74850281.562316,36139885.185528964,1146405997.3019333,57498503.733629234,22701343.4828046,4184380425.0994687,228162593.71600902,228345687.95522785
1739404800000,2025-02-13,Bridged Token Value (Dollar),3519948689.3033767,232323179.57126662,31954673.86567834,,468458493.9938518,74851240.675279,36139885.185528964,1153195851.115912,57501049.08685403,22681409.41390659,4180286408.7682505,226277654.2274763,228345687.95522785
1739491200000,2025-02-14,Bridged Token Value (Dollar),3514860123.3534756,234189378.86336228,31976761.17811067,,468396828.80709004,74851708.83512801,36139885.185528964,1134955400.5937393,57531534.09239216,22470499.093062676,4169836515.8506026,230598382.44852692,228345687.95522785
1739577600000,2025-02-15,Bridged Token Value (Dollar),3515624160.49019,234240001.8550107,31977774.787645593,,468283957.24289584,74851716.432883,36139885.18552896,1134955351.8916094,57531534.09239216,22483947.6043692,4162760912.987071,230615834.3093128,228345687.95522782
1739664000000,2025-02-16,Bridged Token Value (Dollar),3515308914.4693155,233828002.55672795,31974077.382478293,,468285938.1439375,74851632.995719,36139885.185528964,1133913546.1008227,57531534.09239216,22523367.973981902,4145674433.376943,228578026.2173919,228345687.95522785
1739750400000,2025-02-17,Bridged Token Value (Dollar),3513117991.179749,235253206.47264335,31973951.113355987,,468285608.98217624,74851630.37104002,36138035.185528964,1133823569.1005638,57531534.092392154,21301555.996988364,4203707975.396007,222897735.67560676,228345687.95522785
1739836800000,2025-02-18,Bridged Token Value (Dollar),3604934583.6429634,238241245.5039131,31949020.44227659,,437229279.1722599,74851067.170183,36360335.185528964,1155270757.9747915,57530524.08168746,22410141.999761432,4257020552.669453,221754207.6644704,228345687.95522782
1739923200000,2025-02-19,Bridged Token Value (Dollar),3654913874.403523,235165688.30285332,31931502.855328154,,453896782.85304123,74850679.546537,36356635.185528964,1159448012.0662072,57530463.48104517,21864320.1260468,4246530284.8864245,227574319.61279994,228345687.95522785
1740009600000,2025-02-20,Bridged Token Value (Dollar),3763738501.78154,236381133.46449876,31980050.80301918,,448325003.99141365,74851780.392166,36356635.185528964,1172736495.7555568,57531200.788859606,21807270.521968998,4252250462.2141266,231271381.65292877,228345687.95522785
1740096000000,2025-02-21,Bridged Token Value (Dollar),3797133786.555436,233837427.44219327,31957957.99511551,,447905283.0863047,74873966.25828801,36356635.185528964,1170642428.5207222,52278987.09889991,21880414.415707584,4007920757.2415323,227331706.85775486,228345687.95522782
1740182400000,2025-02-22,Bridged Token Value (Dollar),3809153562.9388714,233818207.8580164,31957520.335628167,,447793975.79317683,74873964.048032,36356635.18552896,1170642430.785308,52299926.245610036,21881406.479516137,3969543475.417988,228284201.74963355,228345687.95522785
1740268800000,2025-02-23,Bridged Token Value (Dollar),3808742070.852716,234316918.34018502,31964905.19600968,,447793955.073177,74874131.198642,36356635.185528964,1171088670.110538,52299926.24561004,21891846.637675256,3962453646.5843415,235483463.28603768,228345687.95522785
1740355200000,2025-02-24,Bridged Token Value (Dollar),3806201111.28085,233080736.11057508,31964933.45396098,,388053401.4423802,74874124.291592,36356635.185528964,1170971563.6052425,52300986.756849974,21608023.91586546,3933709321.3465557,227056105.34373453,228345687.95522785
1740441600000,2025-02-25,Bridged Token Value (Dollar),3772123612.659649,231705877.01067182,31993278.352837756,,376323137.22619027,74874767.061665,36356635.18552896,1165591928.4269156,52302491.672799975,21577117.70715245,3897347464.249093,216761756.49689448,228345687.95522785
1740528000000,2025-02-26,Bridged Token Value (Dollar),3842527104.9029217,231436044.8852284,31975100.350948486,,417762970.7992534,74874336.338027,36356635.185528964,1168795084.8279364,52303390.58232716,21377154.23035864,3884491783.0544086,215306486.79591396,228345687.95522782
1740614400000,2025-02-27,Bridged Token Value (Dollar),3901956495.873629,230508737.28282472,31916687.160233393,,396917277.6869407,74873027.17577,36581435.185528964,1151425449.2876346,52303360.282006025,23076585.323097553,3777162362.090451,219096877.4153689,228345687.95522782
1740700800000,2025-02-28,Bridged Token Value (Dollar),3878488135.3021164,337484068.25185513,32981914.554910466,,397480527.5985922,74896073.94500199,36581435.185528964,1151341748.0427165,52304663.19581509,23056282.88275767,3738592316.822198,356057872.88347304,228345687.95522785
1740787200000,2025-03-01,Bridged Token Value (Dollar),3895531342.7838035,337306087.56751287,32972148.65227409,,397521723.9320997,74895847.808185,36581435.185528964,1144083341.005359,52304663.19581509,23058282.699134402,3725735700.6731424,361546785.2619947,228345687.95522785
1740873600000,2025-03-02,Bridged Token Value (Dollar),3889900489.696544,337870710.8209455,32993773.858023107,,397521670.9931892,74896335.031492,36581435.185528964,1148216503.4865031,52335479.29852056,85771028.22392814,3699146294.5493474,390459182.14343345,228345687.95522785
1740960000000,2025-03-03,Bridged Token Value (Dollar),3937614640.254627,340148558.5007012,33038090.63607835,,386079054.3995032,74920375.03451401,36581435.185528964,1157380281.054674,52334807.37113303,87254492.78154844,3699070616.7200665,367052885.0328031,228345687.95522782
1741046400000,2025-03-04,Bridged Token Value (Dollar),3958903666.345725,348407429.2998564,33124855.309983887,,399889060.5504448,74922301.134477,36581435.185528964,1166835208.860841,52334791.94972773,90985383.10543467,3685147534.73319,367133732.95106953,228345687.95522785
1741132800000,2025-03-05,Bridged Token Value (Dollar),3920001707.837869,352698397.59845656,33331441.309253063,,279268159.29638237,74924656.71480899,36581435.185528964,1169421784.4974236,52334754.801395476,90801756.74330193,3691404149.5496855,380717391.3430998,228345687.95522782
1741219200000,2025-03-06,Bridged Token Value (Dollar),3912728608.5826564,359000464.22070456,33334316.245481882,,281770864.4235364,74924653.67570701,36581435.185528964,1169399616.3053887,52333330.08534354,93056942.452016,3676746178.648952,377686625.680707,228345687.95522782
1741305600000,2025-03-07,Bridged Token Value (Dollar),3871609615.9523993,351625059.04083496,33384961.7377088,,283406405.90596247,74925193.668876,36581435.185528964,1166273275.7569458,52333552.24034365,99115574.36901301,3670555240.5154853,363167663.61075336,228345687.95522785
1741392000000,2025-03-08,Bridged Token Value (Dollar),3864974664.663345,351710577.03313863,33390528.8596854,,283402524.7605138,74925201.819195,36581435.18552896,1166273275.5820982,52333552.24034365,100008798.09549955,3661387071.812974,360351850.4970716,228345687.95522785
1741478400000,2025-03-09,Bridged Token Value (Dollar),3855079921.7572503,351496781.15698195,33407060.96099825,,283402524.760514,74925556.15086001,36581435.185528964,1168748740.9715126,52333552.24034365,102190375.20197016,3649741133.3672357,338160448.0094098,228345687.95522785
1741564800000,2025-03-10,Bridged Token Value (Dollar),3841870579.886584,352985960.8199329,33396233.443609215,,239734914.42746815,74925285.118218,36581435.185528964,1158227748.3530707,51254724.93425579,102063713.69357686,3597820473.3012586,329879843.70534354,228345687.95522785
1741651200000,2025-03-11,Bridged Token Value (Dollar),3876971917.1001363,351333695.53095335,33451452.140367568,,238918069.3229713,74926310.81514299,36581435.185528964,1173779736.2733827,51252276.27871418,101545955.6432629,3587299595.65605,347896748.1612364,228345687.95522785
1741737600000,2025-03-12,Bridged Token Value (Dollar),3981079141.792128,351333891.18900055,33435493.202545706,,265591028.92273328,74925909.23925601,37282635.185528964,1179736103.1021686,51251442.995474674,102267618.61386271,3550735753.2868166,351163256.4946335,228345687.95522782
1741824000000,2025-03-13,Bridged Token Value (Dollar),4160532163.8215427,351687913.2898758,33416536.4667712,,253126167.2885377,74925484.041258,37282635.185528964,1200431948.0822067,51251261.241209805,105249416.70841663,3542436610.1675086,341984064.0287736,228345687.95522785
1741910400000,2025-03-14,Bridged Token Value (Dollar),4390132670.057215,353916425.7060278,33458751.796127282,,271409060.54227257,74926434.17505601,37282635.185528964,1201287904.985209,51251725.72433114,104756590.42932217,3529167329.4542856,353667445.7912141,225706395.56522784
1741996800000,2025-03-15,Bridged Token Value (Dollar),4389362400.09644,353952958.4820632,33457699.80269414,,271511236.2756952,74926375.050708,37282635.185528964,1211802556.3819911,51251725.72433114,104351850.33484156,3520778137.367603,354946361.72868425,225706395.56522784
1742083200000,2025-03-16,Bridged Token Value (Dollar),4389059345.440211,352799280.00504965,33435292.853003386,,271511218.6317935,74925849.83862601,37282635.185528964,1213752531.6511407,51251725.72433114,103141192.32375653,3513318949.2241116,347636485.03460133,225706395.56522784
1742169600000,2025-03-17,Bridged Token Value (Dollar),4373607065.343455,355827797.7212662,33434877.897345096,,310267077.8150896,74925836.438949,37282635.185528964,1214527020.5452676,51251927.67351433,101611146.47113304,3489057520.527438,354108015.91544545,225706395.56522784
1742256000000,2025-03-18,Bridged Token Value (Dollar),4333520616.853194,360748051.94787186,33472620.427785043,,292236643.61563385,74949712.468604,37282635.185528964,1232904630.9325216,51265075.91779795,101585093.58996806,3467525077.086499,345951168.0478191,225706395.56522784
1742342400000,2025-03-19,Bridged Token Value (Dollar),4393200388.779169,361978240.06327486,33457154.551515967,,386720616.06738263,74949325.39752202,37282635.185528964,1242684054.2149055,51267216.57913978,99717084.61428182,3457067018.543299,365374113.3712543,225706395.56522784
1742428800000,2025-03-20,Bridged Token Value (Dollar),4376889630.631012,364488539.0791239,33457569.876273394,,456330068.9587687,69273078.712906,37282635.185528964,1247792620.523035,76029723.84766953,98789401.25830457,3433422831.5817194,349568208.4775348,225706395.56522784
1742515200000,2025-03-21,Bridged Token Value (Dollar),4536493179.023799,363417419.4411149,33435390.253672775,,465483281.4980129,69272573.254987,38282635.185528964,1237037451.639977,76029849.33862443,99444857.65881304,3454478613.2427735,351767990.2614693,225706395.56522784
1742601600000,2025-03-22,Bridged Token Value (Dollar),4548357508.04949,363446596.59488523,33434907.18386877,,465491810.05718076,69272543.27839,38282635.185528964,1235630998.381844,76029849.33862442,99642367.00677766,3449275287.9981766,350877302.0073757,225706395.56522784
1742688000000,2025-03-23,Bridged Token Value (Dollar),4539335987.054017,363215862.9516069,33435560.76864794,,465491796.6472346,69272543.27839,38282635.18552896,1235622738.4733663,76029849.33862443,99692345.93856266,3442514855.7754006,352155565.52044624,225706395.56522784
1742774400000,2025-03-24,Bridged Token Value (Dollar),4811262383.306662,361941490.8433175,33393002.509348385,,493866110.8164302,69271581.955171,38282635.185528964,1232595093.1639736,76077462.14775808,101170559.71246703,3407647006.304106,358732043.8381231,225706395.56522784
1742860800000,2025-03-25,Bridged Token Value (Dollar),5031209411.78621,360643286.4542508,33383424.431456883,,524585976.8773718,69271356.094636,38280785.18552896,1241798351.7023165,75017509.14972988,122586285.49112287,3360308428.462323,364159553.240041,225706395.56522784
1742947200000,2025-03-26,Bridged Token Value (Dollar),5033050826.425779,359624071.5086278,33383850.773696892,,470366696.9105665,69290996.42861,38280785.185528964,1243092218.6883924,75066540.22780588,127959287.75921063,3320301454.775886,359602526.66533554,225706395.56522787
1743033600000,2025-03-27,Bridged Token Value (Dollar),5036350559.007307,359726502.75596577,33156444.538402017,,490608593.8324688,69291185.819921,38280785.185528964,1256930916.7041094,75066287.7425332,126836817.93897673,2599230166.664163,358329600.12429494,225706395.56522784
1743120000000,2025-03-28,Bridged Token Value (Dollar),4960847669.597252,365759849.25260514,33209804.23160142,,450300524.9992706,69292362.228677,38780785.185528964,1270051404.2076802,75117574.69167466,137313008.82645962,2448194952.31444,351888495.3246052,225706395.56522784
1743206400000,2025-03-29,Bridged Token Value (Dollar),4967523022.027414,365674034.9384582,33209358.7803054,,450106602.5554589,69292307.662982,38780785.185528964,1270145507.7423034,75117574.69167468,136481606.28800008,2454612388.3807344,344266586.5687927,225706395.56522784
1743292800000,2025-03-30,Bridged Token Value (Dollar),4964919153.607631,364112613.5813112,33174400.61354071,,450106602.5554588,69291523.850948,38780785.185528964,1270891862.4514604,75117574.69167466,139716190.75380436,2455060752.6907845,342980888.56579274,225706395.56522784
1743379200000,2025-03-31,Bridged Token Value (Dollar),4958130860.341646,364948892.5990131,33175106.67911336,,431515237.1832357,69856884.868896,38780785.185528964,1270928524.3785353,75117938.27046733,141476149.1305462,2448244970.8745627,344802663.1838314,223870311.75572783
1743465600000,2025-04-01,Bridged Token Value (Dollar),4951123162.744842,365942463.48495096,33157881.598583303,,431133687.41725224,69856476.5241,38780785.185528964,1288981114.4681802,75119584.47444516,141758242.90032285,2475102910.518719,354926625.9203292,223870311.75572783
1743552000000,2025-04-02,Bridged Token Value (Dollar),4957933437.003121,362576192.75929725,33158784.3506555,,446962929.3047991,69856472.10358801,38780785.185528964,1292798727.0895634,75119118.59183392,139618842.8049513,2477021937.1716347,342277965.544158,223870311.75572783
1743638400000,2025-04-03,Bridged Token Value (Dollar),4977062589.390207,369630293.5815004,33322825.36325596,,403651759.0181459,69859900.21064399,38780785.185528964,1293790770.8946285,76132509.86404952,141475407.26709244,2487273685.2859097,348834926.4076606,223870311.75572786
1743724800000,2025-04-04,Bridged Token Value (Dollar),4977042653.034379,372751631.0294081,33273910.664745774,,421154246.3451289,69858744.523038,39880785.185528964,1265644724.0194445,76128890.51266591,143021442.7814357,2473188109.7128854,347578573.0960009,223870311.75572786
1743811200000,2025-04-05,Bridged Token Value (Dollar),4971026490.939953,372679341.82074785,33269775.12461938,,421156434.30887645,69858714.270159,39880785.185528964,1265381030.697265,76128890.51266591,144048959.3027514,2456314120.393268,332312105.65335566,223870311.75572783
1743897600000,2025-04-06,Bridged Token Value (Dollar),4943177878.629008,373734333.0411992,33270457.647705484,,421158929.25587654,69858714.27015899,39880785.185528964,1265393413.6520414,76128890.51266591,138878794.10737017,2455273090.9488153,315133976.6028113,223870311.75572783
1743984000000,2025-04-07,Bridged Token Value (Dollar),4927343367.548412,380189192.81808597,33238158.50974117,,396109502.0051515,69858152.58885299,39880785.185528964,1245515181.8425596,76123628.94927278,147776162.76800984,2405958375.296106,350299846.44389737,223870311.75572783
1744070400000,2025-04-08,Bridged Token Value (Dollar),5061897258.144448,388956551.8237989,33231451.210896187,,380169534.2341156,69858151.621866,39880785.185528964,1247675218.9806387,76121376.87895288,155648786.38220823,2367141259.319245,341227764.702597,223870311.75572783
1744156800000,2025-04-09,Bridged Token Value (Dollar),5226500590.26096,392288214.42303187,33254836.7292411,,409168239.71146595,69858603.06665401,39880785.185528964,1292647953.2315707,76125540.9785904,156502436.51386562,2345979989.7054725,365871525.56092834,223870311.75572783
1744243200000,2025-04-10,Bridged Token Value (Dollar),5377648864.567743,393294946.5960374,33443725.30610395,,389272564.21971077,69862879.91201401,39880785.185528964,1337110357.367835,76121693.05277105,172166786.41288394,2345927925.758043,356596234.0000081,223870311.75572783
1744329600000,2025-04-11,Bridged Token Value (Dollar),5492078831.099775,399016709.8652558,33512844.595851332,,416880020.96537197,69864256.348938,39880785.185528964,1359208308.0664926,76140085.90259328,185759238.4294052,2345192210.67512,373159475.5095281,223870311.75572783
1744416000000,2025-04-12,Bridged Token Value (Dollar),5485370592.220847,399000433.87692636,33516632.688795216,,416882590.2002316,69864226.2342,39880785.185528964,1359389827.0857959,76140085.90259328,191026390.73053542,2336890774.470244,380333931.35998756,223870311.75572783
1744502400000,2025-04-13,Bridged Token Value (Dollar),5486227872.040928,397524333.97467625,33508877.055439245,,416882472.8921317,69864038.77686301,39880785.185528964,1352729569.5659606,76140085.90259328,191674379.32328916,2334665565.080372,371834181.5303497,223870311.75572783
1744588800000,2025-04-14,Bridged Token Value (Dollar),5552312566.154337,397653966.33633375,33502379.683505677,,375143930.4329109,69863969.844504,39880785.185528964,1357599099.388229,76143635.25917232,193228127.7213845,2344241654.92668,377747098.4019983,223870311.75572783
1744675200000,2025-04-15,Bridged Token Value (Dollar),5568978534.170995,401782150.5275124,33474863.41188579,,362347063.6574037,69863347.65743999,39880785.185528964,1374912140.8769288,76144766.31894453,215242969.95461848,2340709450.9355764,374550588.7414336,223870311.75572783
1744761600000,2025-04-16,Bridged Token Value (Dollar),5590742159.52393,405671365.79385656,33541898.100227587,,354550329.2340624,69864799.38120902,39880785.185528964,1422979605.9949522,76393344.93488742,223901483.24137986,2325883250.5735574,376764710.957627,223870311.75572783
1744848000000,2025-04-17,Bridged Token Value (Dollar),5603727963.400816,408242102.72100365,33538566.989440992,,349209877.52272964,69864444.358839,39880785.185528964,1416770637.9951944,76394395.20467591,225825989.66733173,2295294455.512209,379708641.7588715,223870311.75572786
1744934400000,2025-04-18,Bridged Token Value (Dollar),5588177248.6574545,408881810.49019986,33549018.540942952,,349209834.38967186,69864717.601737,39880785.185528964,1416672390.296027,76396894.75742601,236436982.30302694,2292754636.4521637,378326026.2834985,223870311.75572786
1745020800000,2025-04-19,Bridged Token Value (Dollar),5585476290.111576,408885535.76328963,33547588.383771006,,349209434.8868515,69864720.77898,39880785.185528964,1416659179.6294272,76408889.07912357,237070924.61671546,2295698793.944968,377737565.14100057,223870311.75572786
1745107200000,2025-04-20,Bridged Token Value (Dollar),5584973755.423746,409509476.9648715,33587089.36490533,,349209401.9717162,69865513.846461,39880785.185528964,1427239118.1386862,76408889.07912359,238050951.96113116,2298371101.380413,377938862.221874,223870311.75572783
1745193600000,2025-04-21,Bridged Token Value (Dollar),5552310179.871945,410653789.4438727,33627185.35417568,,348936666.37387264,69866377.365852,39880785.185528964,1472242876.1967096,76406813.82435012,251970116.70066774,2288410521.4777193,387753720.2093792,223870311.75572783
1745280000000,2025-04-22,Bridged Token Value (Dollar),5749586502.008911,411845464.3641987,33610059.33901253,,373252507.17519015,69864137.409537,39880785.185528964,1445011415.0642183,76456711.41375554,260211822.85193238,2286110878.1563463,411551994.63473123,223870311.75572783
1745366400000,2025-04-23,Bridged Token Value (Dollar),5814275931.583085,414509395.3504719,33593735.77475741,,417472313.0541542,69863850.076257,39880285.185528964,1438254846.8774114,76457670.79532897,259556131.68643782,2282950498.936697,416553675.6797362,223870311.75572783
1745452800000,2025-04-24,Bridged Token Value (Dollar),5818748024.147356,413662718.53343195,33593010.85681292,,428071637.63429767,75559086.53843899,39880285.185528964,1441630145.6957016,76461690.09918399,267878527.78004417,2286393622.751816,412714616.2396705,223870311.75572783
1745539200000,2025-04-25,Bridged Token Value (Dollar),5885098662.083349,417655061.1015421,40568550.136484966,,430767212.77175844,75559948.12385601,39880285.185528964,1447006294.3822584,76956084.19149575,272283995.5876791,2300838261.155043,618001571.1170611,223870311.75572783
1745625600000,2025-04-26,Bridged Token Value (Dollar),5881834042.580588,417664002.43570924,40566307.32660012,,430771518.4931032,75559921.462643,39880285.185528964,1446829318.7696245,76956084.19149575,273431144.03505874,2304454088.535835,611043598.3900585,223870311.75572783
1745712000000,2025-04-27,Bridged Token Value (Dollar),5866621693.814971,416626585.56585085,40538468.02770805,,430771504.99048257,75559297.61788699,39880285.185528964,1443380901.4016752,76969057.46748042,279643001.67113245,2301503965.678953,607962594.7484398,223870311.75572783
1745798400000,2025-04-28,Bridged Token Value (Dollar),5868867936.391294,413701585.1774008,40573702.22716049,,400711416.8872834,75560193.462272,39880285.185528964,1464495449.7216768,79863486.77958642,282802782.93152565,2304118299.598221,620810262.3706638,223870311.75572783
1745884800000,2025-04-29,Bridged Token Value (Dollar),5852762970.303598,412876170.1593218,40574883.301432386,,390022776.0578614,75560189.318042,39880285.185528964,1464561768.6490598,79912539.43658575,282168827.2585397,2307856125.332632,616587781.2060579,223870311.75572783
1745971200000,2025-04-30,Bridged Token Value (Dollar),6028645153.403,410654748.32606196,40520885.83482905,,372628261.84357446,75559031.14389801,40630285.185528964,1437622926.1725261,89703996.91053852,277438639.46285415,2308909788.8405547,616901360.8886659,223870311.75572783
1746057600000,2025-05-01,Bridged Token Value (Dollar),6197681515.574226,410614706.5795066,40051629.64956289,,384619411.49011564,75559024.23684801,40630285.185528964,1437537627.102626,89702496.96172503,281667799.3083311,2297221593.3302126,628765292.780633,223870311.75572786
1746144000000,2025-05-02,Bridged Token Value (Dollar),6230966229.397796,413437098.9270625,40026052.785904326,,424514808.1128387,75558715.07729,40630285.185528964,1424398102.5303166,89702011.20555082,289109462.1857305,2271240352.9747095,630002482.398431,223870311.75572783
1746230400000,2025-05-03,Bridged Token Value (Dollar),6231022721.304769,413435353.8014407,40027531.6825115,,424515988.22870237,75558711.485624,40630285.185528964,1424391323.8316438,89702011.20555082,289212074.1340959,2258987088.699559,641296254.7908778,223870311.75572783
1746316800000,2025-05-04,Bridged Token Value (Dollar),6231126301.189774,413579352.133658,40040791.349578604,,424515931.2818438,75559005.44967201,40630285.185528964,1427891221.6377802,89702011.20555082,290911292.40022427,2234593371.933846,633689975.3334143,223870311.75572786
1746403200000,2025-05-05,Bridged Token Value (Dollar),6297983923.720856,415000156.8336899,40155105.7370986,,392730763.72534204,75558865.51283899,78224285.18552896,1464751854.9752123,89712949.05370419,299412459.98696005,2229513531.611489,637128894.7758342,223870311.75572786
1746489600000,2025-05-06,Bridged Token Value (Dollar),6325417146.9439745,418138189.0058218,40173050.94909577,,376338561.9102878,75559270.542251,78222435.18552898,1498564172.5886133,89713459.0773786,298990219.9969387,2320098560.932098,651292275.5925243,223870311.75572783
1746576000000,2025-05-07,Bridged Token Value (Dollar),6347429428.5461855,426486887.3010416,40149255.54975997,,381194209.47801316,75558755.27632101,78220898.55942589,1479146809.4411242,89714933.74650787,304643290.729017,2329440618.1397533,654680124.1076684,223870311.75572783
1746662400000,2025-05-08,Bridged Token Value (Dollar),6386232625.632468,425390846.4647233,40108031.63439887,,403964995.5783514,75557627.769479,78161077.23071119,1454647500.967063,90008393.13790874,335511688.9547469,2359442847.1915927,691668031.7672286,223870311.75572783
1746748800000,2025-05-09,Bridged Token Value (Dollar),6438677998.892663,427983332.800067,40107104.791008934,,473425687.4698538,75557650.839026,78140700.87779969,1453555291.4255838,90235266.45585716,340930720.0434199,2365632942.6541705,690908101.2616637,223870311.75572783
1746835200000,2025-05-10,Bridged Token Value (Dollar),6444112223.087911,428288616.42432743,40124916.02914128,,473424751.95198154,75558036.39055699,78139650.66515158,1458282435.7799075,90235266.45585716,342696559.2334715,2364220406.774329,699058287.4162987,223870311.75572783
1746921600000,2025-05-11,Bridged Token Value (Dollar),6444164378.2290325,427616246.7056977,40111778.42742226,,473424601.5546151,75557753.201507,78134516.25803956,1447448823.5483212,90235266.45585716,345908355.94650215,2382460388.6545024,694522898.1659487,223870311.75572783
1747008000000,2025-05-12,Bridged Token Value (Dollar),6451753221.877125,422014260.45881456,40027490.46068686,,511459066.3755325,75555855.973013,79123109.75919381,1419044926.7721179,90234522.26192206,352053922.08944714,2453063238.828195,700027153.7078823,223870311.75572783
1747094400000,2025-05-13,Bridged Token Value (Dollar),6478058682.846909,419073654.45441926,40026570.37711386,,402274452.822665,75555866.195447,79095434.17608458,1418886059.412037,90253871.07937135,350493643.91453636,2480624360.7099986,701425006.2271973,223870311.75572783
1747180800000,2025-05-14,Bridged Token Value (Dollar),6464241342.446011,422200720.4338666,40182066.342138804,,339064444.8954261,75557081.69810599,79090027.5779251,1397913807.9093146,90252307.43193659,370302375.7132415,2509859149.509745,697711355.0375222,223870311.75572783
1747267200000,2025-05-15,Bridged Token Value (Dollar),6499862449.712467,424272114.3909914,40188100.00800821,,346620952.1249278,75557209.478531,79086527.74166378,1422182226.2022007,90300522.38968624,378118355.4585162,2564881370.0883865,696744680.458713,223870311.75572783
1747353600000,2025-05-16,Bridged Token Value (Dollar),6582095658.716605,424784146.93430984,40183175.29270496,,343796853.7244674,75556802.515145,79543727.74166378,1408431274.160483,90300815.3457022,381006668.56988525,2722998821.468151,703924185.575833,223870311.75572783
1747440000000,2025-05-17,Bridged Token Value (Dollar),6584045641.094652,424797504.8290992,40183469.09714454,,343797727.77523685,75556807.62636201,79543727.74166378,1408256010.8322034,90300815.3457022,381268750.93315756,2765903438.59159,686208383.5127752,223870311.75572786
1747526400000,2025-05-18,Bridged Token Value (Dollar),6583642982.323015,425568390.96743745,40197093.18783334,,343797432.96535206,75557115.680792,79543727.74166378,1422219616.375142,90300815.34570219,380426112.2787755,2779956742.3886724,702734721.97536,223870311.75572783
1747612800000,2025-05-19,Bridged Token Value (Dollar),6614046405.107314,430692159.65746516,40226103.9502832,,331214116.82671803,75557756.102468,80153727.74166378,1417066649.5101871,90300998.95788103,386815141.1663428,2803100697.8057833,702759293.7862601,223870311.75572783
1747699200000,2025-05-20,Bridged Token Value (Dollar),6619785483.568215,431080511.5209357,40259963.76806243,,336423691.9645657,75558517.53566,80153226.74166377,1449691348.6412117,90300275.66748486,445211431.8280909,2902174796.9300594,712165761.0266402,223870311.75572783
1747785600000,2025-05-21,Bridged Token Value (Dollar),6604750837.801748,434436276.5511469,40288368.018369496,,320152176.05401695,75559122.31695801,80143371.19984932,1462207099.5298936,91263981.53836757,451569060.94278324,2927873706.850963,726761188.3991003,223870311.75572783
1747872000000,2025-05-22,Bridged Token Value (Dollar),6637154877.416834,434785502.1819056,40258699.64558636,,343919187.3899808,75558441.005546,80127726.1979368,1455279733.2198663,91264739.32959497,497861477.2723228,3003506596.7483993,743705230.6554229,223870311.75572783
1747958400000,2025-05-23,Bridged Token Value (Dollar),6675731405.194169,427843379.17022806,40257814.42842825,,340067123.0222373,75558440.038559,80811697.83135681,1455206738.9354463,91510133.48146372,500276130.90641534,3109952936.848101,713203863.757393,223870311.75572783
1748044800000,2025-05-24,Bridged Token Value (Dollar),6681070324.105013,428936746.1538525,40311909.36395173,,340068874.1965941,75559637.99731101,80811697.8313568,1480434457.1976907,91511158.4942756,500767013.9628527,3109686271.448978,714803582.0929308,223870311.75572783
1748131200000,2025-05-25,Bridged Token Value (Dollar),6676293943.295366,427503889.851179,40314595.236309186,,340069270.5837627,75559710.935759,80809822.83135681,1474060451.3027184,91511226.49468298,503871212.655481,3108560747.539075,722030718.720411,223870311.75572783
1748217600000,2025-05-26,Bridged Token Value (Dollar),6674113966.077687,433531970.9911673,40323390.84046522,,340067195.6420712,75559905.85271001,80808763.59428588,1475169116.320331,91511226.49688654,522835573.49662864,3114858677.679397,728459083.5407279,223870311.75572783
1748304000000,2025-05-27,Bridged Token Value (Dollar),6671642679.863285,439052458.4421446,40292782.46950723,,339239242.90569323,75559197.18938,84577018.59428588,1459750993.8281758,91514676.05169287,554118369.5970587,3130777863.894211,728479024.5103428,222736056.16892785
1748390400000,2025-05-28,Bridged Token Value (Dollar),6665805940.588688,435215968.433779,40230716.09024831,,259670919.54463264,75557816.608226,85396618.59428589,1439505720.1692321,91513120.31657831,558622364.7880322,3258519765.9636936,823191847.738238,222736056.16892785
1748476800000,2025-05-29,Bridged Token Value (Dollar),6692685864.733725,436643595.1113108,40315971.60232516,,298790413.2829603,75559769.783825,86328040.57210514,1483192920.462563,91756865.86374629,582635104.1649802,3417315277.6708264,806262151.7648329,222736056.16892782
1748563200000,2025-05-30,Bridged Token Value (Dollar),6714009028.960618,445296590.27698034,40310650.76785327,,282497658.75921,75559355.91338901,87149340.57210514,1472011934.6139324,91835355.15809146,589113073.1273949,3477073766.1930223,777634478.1706929,222736056.16892785
1748649600000,2025-05-31,Bridged Token Value (Dollar),6709048076.936651,445324892.4053061,40315456.57810292,,282496624.304983,75559355.913389,87300525.57210512,1471882992.0049129,91835556.15809128,593705423.9063528,3589217900.3507814,779788309.2324393,222736056.16892785
1748736000000,2025-06-01,Bridged Token Value (Dollar),6707821307.692917,445837601.4871801,40326767.477301694,,282496584.13549113,75559337.12621301,87372080.57210512,1472149886.7146766,91835556.15809128,621670018.8260454,3636584103.02092,785498209.0849957,222736056.16892782
1748822400000,2025-06-02,Bridged Token Value (Dollar),6802510372.78488,446928015.7727375,40391638.238164365,,266675666.04998842,75560793.684917,87982988.44459705,1516407497.694711,91835579.30366841,628564187.6337636,3773963145.7003345,788665929.9808586,222736056.16892782
1748908800000,2025-06-03,Bridged Token Value (Dollar),6818252731.384153,446464532.9131275,40359886.996329285,,296796084.68917716,75559844.379965,88504823.44459704,1504910500.2230892,91833841.62832892,629789096.0620184,3838300286.064411,786046573.1547188,222736056.16892782
1748995200000,2025-06-04,Bridged Token Value (Dollar),6814591721.804007,455318076.2230412,40382224.94312595,,270440533.4304581,75560372.49300802,88509342.64986365,1513013584.7113097,91836772.5213106,669884334.7669251,3876368979.7615395,782480445.5532088,222736056.16892782
1749081600000,2025-06-05,Bridged Token Value (Dollar),6820820204.822474,461815724.5021493,40408075.335186295,,262769001.47741628,75560810.814401,88647647.64986366,1506066906.355333,91948384.38389447,688691264.4392139,3904498392.1470165,764958663.4440787,222736056.16892782
1749168000000,2025-06-06,Bridged Token Value (Dollar),6819243739.1605,467776414.4649643,40376210.08215549,,287703312.75664914,75560075.90428099,88952057.64986365,1484765976.9145038,92116304.18497986,721559208.659272,3931345517.811933,781028001.6058995,222736056.16892782
1749254400000,2025-06-07,Bridged Token Value (Dollar),6808540317.795984,467684694.21431637,40375734.82537698,,287705346.8315289,75560081.29178,88951135.49957627,1484627639.3236947,92139352.64186464,730528511.1399629,3922808861.6231747,789307680.6929978,222736056.16892785
1749340800000,2025-06-08,Bridged Token Value (Dollar),6807878228.594977,467774669.9336616,40380688.86472139,,287705357.69639707,75560183.101697,88951345.49957626,1487617092.662049,92139828.77642131,737408459.4568048,3927105228.10972,790803724.164748,222736056.16892782
1749427200000,2025-06-09,Bridged Token Value (Dollar),6757355650.753153,467933647.19760925,40380413.20502348,,290332081.6050904,75560174.122532,90973753.89957626,1488803119.8148372,92142797.57604174,738676783.7155275,3953787930.560047,820433829.568243,222736056.16892782
1749513600000,2025-06-10,Bridged Token Value (Dollar),6816066581.840666,476921689.8719934,40408536.22368382,,333032114.57592475,75560577.494252,91251745.48834458,1495869074.7156434,92144200.48043746,739114370.0551056,3966495633.784292,819264493.1060978,222736056.16892785
1749600000000,2025-06-11,Bridged Token Value (Dollar),6830193105.443649,478114166.89802533,40452574.52095716,,308924620.7354295,75561565.478684,91271725.4883446,1512731207.8818665,92173296.15680958,737147105.8660803,3987522308.812982,811277329.681888,224243434.8389278
1749686400000,2025-06-12,Bridged Token Value (Dollar),6815970712.139624,476906542.7089951,40510778.280847885,,313714990.5468617,75562842.039665,91273042.20419294,1525787705.2506647,92204056.83524112,733295119.7473208,3997217615.215533,795869782.0003693,224243434.83892784
1749772800000,2025-06-13,Bridged Token Value (Dollar),6837960813.435537,477818880.2910313,40512188.69001001,,311241949.7247772,75562839.829409,91662242.7122479,1526884467.1635253,92236836.66046788,695476425.4868925,4007863243.916266,800625087.1740743,224243434.83892784
1749859200000,2025-06-14,Bridged Token Value (Dollar),6838432265.339397,477150405.04652375,40486248.50159255,,311241962.10699457,75562165.56318802,91793937.7122479,1545328158.97199,92370712.08058727,695114671.4926796,3990944379.8323054,795616553.4784787,224243434.83892784
1749945600000,2025-06-15,Bridged Token Value (Dollar),6839793121.551935,477897781.1558318,40477721.14770688,,311240704.86338586,75561971.889506,91807737.7122479,1547816191.8723397,92392986.56305282,697732404.7492434,3988628807.7655163,797040784.1150099,224243434.83892784
1750032000000,2025-06-16,Bridged Token Value (Dollar),6850804276.5043335,476949629.6222405,40486375.24640168,,325195841.58237416,75562163.352932,91897582.71224788,1542034269.7352197,92404469.40281507,804611823.443065,3998346467.319241,808760115.8118551,224243434.83892784
1750118400000,2025-06-17,Bridged Token Value (Dollar),6856904631.846603,475686270.5628799,40444624.470494285,,328611853.8182019,75561209.627468,91910387.71224788,1545134934.3390362,92407869.07442217,810641683.8395311,4055297353.4502354,797614239.441035,224243434.83892784
1750204800000,2025-06-18,Bridged Token Value (Dollar),6852926091.3726225,476219739.4003546,40440049.941739,,330231151.08723754,75561135.860174,91932592.71224788,1553266687.1199584,116737790.32939893,812204985.2352282,3752087769.093145,798816929.526724,224243434.83892784
1750291200000,2025-06-19,Bridged Token Value (Dollar),6850722409.641171,479151329.6323099,40440533.83854811,,329598194.8240057,75561141.247673,91932792.7122479,1553571580.2785113,116738287.36102168,814755296.4926298,3750935940.141349,797061359.7052691,224243434.83892784
1750377600000,2025-06-20,Bridged Token Value (Dollar),6850893596.111337,485307508.6575799,40470403.8917371,,343124186.87357897,75561804.324473,91933692.71224788,1565170107.3108015,116828865.68622167,813654225.8567024,3742882077.5023623,788029793.1554291,224243434.83892784
1750464000000,2025-06-21,Bridged Token Value (Dollar),6855338508.939016,485276531.3986425,40470915.68712516,,343122753.9678763,75561809.021267,91945997.71224788,1565237235.2035584,116829243.04658388,810687546.9106448,3736227576.3070745,775700878.5967392,224243434.83892784
1750550400000,2025-06-22,Bridged Token Value (Dollar),6853413739.24333,484576209.0710995,40455783.53563064,,342286887.4011237,75561461.872934,91945997.71224788,1567945718.8048637,116830541.41041587,800303431.5369935,3729632603.5563016,771640877.628522,224243434.83892784
1750636800000,2025-06-23,Bridged Token Value (Dollar),6856017721.977521,498342722.3284777,40514597.05479851,,318005283.4080587,75562794.104738,91981223.81962381,1564504329.3644083,117843391.82754806,907501740.158221,3722157361.9022393,804659213.3979841,224243434.83892784
1750723200000,2025-06-24,Bridged Token Value (Dollar),6862231511.184011,525196796.1781761,40516992.102007605,,367604531.2165366,75562811.786786,93236623.8196238,1578778721.3052845,118840456.11624347,907308124.4447885,3723917675.247837,809516106.9036492,221491638.44892782
1750809600000,2025-06-25,Bridged Token Value (Dollar),6862946307.894034,524907540.58822864,40426523.151030414,,340028016.6779972,75563001.59252,93306223.8196238,1584990034.5113864,121785795.44139995,920892579.4676179,3713067367.0893116,815250592.0863043,215180925.50892785
1750896000000,2025-06-26,Bridged Token Value (Dollar),6857792997.458573,528309960.72906244,40471409.707359284,,328131609.3606111,75563993.306759,93314258.81962383,1606643567.52357,124142059.40071021,921215356.0798414,3723531832.2750235,814789484.1644542,213022330.46892783
1750982400000,2025-06-27,Bridged Token Value (Dollar),6848989688.380766,516071342.5158287,40492566.39468567,,331945308.74061936,75564453.31628901,93314258.8196238,1581850155.4084888,125656245.6236175,928532031.9862937,3720437065.905421,815252937.8811991,213022330.46892786
1751068800000,2025-06-28,Bridged Token Value (Dollar),6849998655.708131,516204757.78983676,40495140.63623615,,332144175.2298821,75564498.90281901,93314258.8196238,1581673869.8385246,125956974.0253123,931170846.1949108,3711300469.470621,819804101.3550891,213022330.46892783
1751155200000,2025-06-29,Bridged Token Value (Dollar),6851195239.554338,516184576.9235215,53462349.59903951,,334189199.1001624,75564485.77942401,93335446.62192519,1581654433.303426,125981996.35894737,932211327.6001716,3698237262.5401855,861866307.828024,213022330.46892783
1751241600000,2025-06-30,Bridged Token Value (Dollar),6856331516.42631,515971769.7983962,53467076.299623236,,329864322.50554174,75942780.242226,93243669.01330365,1591345743.5722015,126244375.86883603,936131953.1193389,3699005560.1007733,858162780.6142542,216744787.69692785
1751328000000,2025-07-01,Bridged Token Value (Dollar),6845532233.46381,520126650.6045215,53505741.742202185,,335463166.3443585,75943607.430534,93935639.15864998,1616864428.0825555,126252213.82115825,938109481.9809443,3704555294.08375,849383642.1679293,216744787.69692785
1751414400000,2025-07-02,Bridged Token Value (Dollar),6851607194.791003,525183465.797826,58592375.99637011,,349476523.0081145,75943873.07567699,94028357.07662395,1632098763.4380436,126283531.25332113,949366955.153695,3699447332.586812,870502065.6202493,216744787.69692785
1751500800000,2025-07-03,Bridged Token Value (Dollar),6873314711.075536,523850089.65786064,58663776.84018441,,384478579.84136826,75943782.04075801,93896007.5234242,1635999122.5391715,126267371.11385444,950046648.8463165,3703278902.063299,874108688.2432745,216744787.69692785
1751587200000,2025-07-04,Bridged Token Value (Dollar),6869992085.152078,527995579.68930864,58646155.25180192,,384478188.1307787,75943387.51006201,93875920.04028235,1628118526.2161148,126265045.73762032,960854249.015399,3706348194.492384,863003733.3882993,216744787.69692785
1751673600000,2025-07-05,Bridged Token Value (Dollar),6868501920.634435,528246776.8084424,58660362.297406,,384478042.8853054,75943472.60491802,93871934.2330792,1631658744.3150928,126272279.84242584,964406037.1255835,3697905548.4252014,864473505.7079794,216744787.69692785
1751760000000,2025-07-06,Bridged Token Value (Dollar),6868801248.437751,528226502.23910964,58660697.73689851,,383948373.7381555,75943476.887289,93870034.23307921,1631669779.2718942,126265022.09490214,968285774.1889123,3692795049.759097,872023144.9512744,216744787.69692785
1751846400000,2025-07-07,Bridged Token Value (Dollar),7001734427.000628,530757084.67596865,58663029.32991794,,360832477.676054,75943526.203626,93838595.52286404,1628527903.8573167,126264572.33158776,976231170.2973413,3702730142.384777,867180026.526798,216744787.69692785
1751932800000,2025-07-08,Bridged Token Value (Dollar),7003037759.968521,531095161.86838454,58635778.03483413,,382127320.8241354,75942919.350213,93827106.72673018,1632416060.5483165,126283962.04623903,977143037.7401961,3709640149.2084084,886204337.1428834,216744787.69692785
1752019200000,2025-07-09,Bridged Token Value (Dollar),7005958500.715319,533056537.370137,58636509.24386306,,386176213.5794164,75942738.24736202,93821396.92527978,1619719383.0164595,126392589.73481417,967735712.0714723,3716747656.1825147,905073670.8973014,216744787.69692785
1752105600000,2025-07-10,Bridged Token Value (Dollar),7014003461.838814,649197173.0451559,58648157.604299545,,382756565.3916758,75967995.995404,93822776.92527977,1626073141.6194854,136458659.00036702,978770456.9135963,3732507987.2200184,930545262.9571012,216744787.69692785
1752192000000,2025-07-11,Bridged Token Value (Dollar),7018904486.757102,644357135.4218818,58625978.53367897,,394327392.130851,75967498.13524,93820140.17825443,1629805688.3641496,136476615.15421283,976931083.8651993,3744872959.3207006,933311676.119881,216744787.69692785
1752278400000,2025-07-12,Bridged Token Value (Dollar),7028875579.474773,643969053.7037334,58645906.88885717,,394327979.31735426,75967426.57820201,93825142.81841859,1644815446.0699167,136488024.85143033,970718901.4806055,3722463089.164162,899753519.506449,216744787.69692785
1752364800000,2025-07-13,Bridged Token Value (Dollar),7029187293.035194,643879434.4822642,58642911.33950132,,394988379.24720544,75967359.57981701,93824514.02792822,1644817918.3795047,136480222.3743324,967064121.0991857,3726793520.44848,911003576.592663,216744787.69692785
1752451200000,2025-07-14,Bridged Token Value (Dollar),7049559818.41222,643462361.5263163,58637615.001593605,,401872284.8062681,75967238.844583,93824814.02792822,1650401836.4381685,139011566.30868524,966539371.2878356,3759148849.3464246,918727392.694515,216744787.69692785
1752537600000,2025-07-15,Bridged Token Value (Dollar),7056880495.639031,643718431.1082532,58719771.40104183,,380850223.30733365,75967006.076998,93816214.0279282,1639323548.962849,142338878.01826066,966071700.6685661,3765115732.0459714,905149275.7677389,283152605.2969278
1752624000000,2025-07-16,Bridged Token Value (Dollar),7040917874.3284855,640927809.1105884,108694674.68624318,,444819246.0709512,75966199.886122,93793999.71864334,1673129272.018063,146447563.8045137,956888375.4395679,3793699398.5646486,931863911.95027,283152605.29692787
1752710400000,2025-07-17,Bridged Token Value (Dollar),7049377213.389275,676944405.508558,109082905.81106223,,428327284.8001939,75966583.64182001,95602979.71864332,1682195777.049405,146492006.63823825,935488001.4504302,3954607195.750706,940771425.3146477,283152605.2969278
1752796800000,2025-07-18,Bridged Token Value (Dollar),6516787433.728998,676263263.1021751,110628599.62675598,,444928074.7733648,75966307.636102,95602083.00063968,1721768672.2089717,151129897.18694314,966899080.0303099,4145750715.6409855,923908792.9147952,283152605.2969278
1752883200000,2025-07-19,Bridged Token Value (Dollar),6520776146.403238,676796160.7467692,110639507.11566542,,444927749.13223326,75966455.861395,95602083.00063966,1726929054.196085,150487668.49023,965471714.2204785,4249642204.6534195,923471772.0377162,283152605.2969278
1752969600000,2025-07-20,Bridged Token Value (Dollar),6519851040.4190645,676728842.7752613,110639299.60874858,,444961075.0921512,75966452.40787001,95602083.00063968,1726929586.6015213,150491765.27492708,958418381.6446124,4303131608.436593,918139344.3681422,283152605.2969278
1753056000000,2025-07-21,Bridged Token Value (Dollar),6311074639.928118,676921192.4056526,110656710.79525238,,404133919.1017726,75966514.709461,95596788.00063968,1726244319.696536,150493866.31749043,958308391.3040586,4341032409.186219,921370603.1598213,283152605.2969278
1753142400000,2025-07-22,Bridged Token Value (Dollar),6302822398.998283,678293563.3006976,110697329.80176382,,413746782.44817185,75967399.50256601,95595747.34953295,1749921809.9820147,150425047.64864993,946000229.8377372,4525620332.0308,942352946.0087321,283152605.2969278
1753228800000,2025-07-23,Bridged Token Value (Dollar),6296770243.408353,684130926.9042931,110725226.35177489,,408449346.11204326,75968011.467196,95595652.34953293,1767776484.8932788,150565690.2980996,942561618.9966493,4721241192.034942,933387385.4520475,283152605.2969278
1753315200000,2025-07-24,Bridged Token Value (Dollar),6327347323.76328,681769602.0959573,160758394.23975992,,403006119.3363025,75968493.441145,95595652.34953293,1747986722.6547122,154498356.5147909,943251169.8374231,4811702283.585072,939641119.5856781,283152605.2969278
1753401600000,2025-07-25,Bridged Token Value (Dollar),6344421808.22959,682225974.912491,160191222.06613436,,398877585.7277362,75968243.129653,95632662.34953293,1736862678.7845943,156165307.85120535,943040130.2973708,4922308049.377791,921514245.38289,283152605.2969278
1753488000000,2025-07-26,Bridged Token Value (Dollar),6335944437.267025,681832806.8704162,160253448.63423276,,398876913.0165379,75968119.63159901,95632662.34953293,1720198622.7871506,156174379.06304568,943624065.9723256,4924923035.858927,925111712.676121,283152605.2969278
1753574400000,2025-07-27,Bridged Token Value (Dollar),6334431716.7856045,681824780.0658151,160253247.33707342,,399057907.62039685,75968114.52038202,95632867.34953293,1720180901.0366418,156216798.89622876,943939504.6592038,5109838977.18106,935737060.0852599,283152605.2969278
1753660800000,2025-07-28,Bridged Token Value (Dollar),6314308118.907158,682386987.8882713,160297497.2668261,,400045571.41921103,75968272.139263,95631267.34953293,1720548034.5659747,156405945.13564473,946799374.7294514,5152746122.126295,925958910.8911803,283152605.2969278
1753747200000,2025-07-29,Bridged Token Value (Dollar),6307042047.649546,674577326.1718245,260690175.84357202,,385943429.18910474,75966045.997048,96125197.34953293,1711225602.031326,156482519.83999017,962347630.3013139,5185396651.056264,928611943.6775062,283152605.2969278
1753833600000,2025-07-30,Bridged Token Value (Dollar),6263742131.607533,668456977.5626967,310788875.0836684,,363164097.2399917,75965415.24524201,96144002.34953293,1718824429.4376493,156765576.49407738,918330770.8826652,5760697919.094676,926279686.9247816,283152605.2969278
1753920000000,2025-07-31,Bridged Token Value (Dollar),6321115199.2918005,666130944.4543952,360766568.2230359,,379653414.97145104,75963733.102285,97127741.985768,1780092355.2675838,184539374.37475228,919652685.4220699,5857862380.187648,907788885.1636102,283152605.29692787
1754006400000,2025-08-01,Bridged Token Value (Dollar),6434076446.977131,668905322.9832512,360789229.492283,,356001017.2644286,75963643.172494,97132512.83177589,1782333046.587599,192566357.56899256,908233459.1958218,5837675926.339325,891251572.9207486,283152605.29692787
1754092800000,2025-08-02,Bridged Token Value (Dollar),6456083351.1078,676383735.2363715,360861915.7501969,,355998649.72743505,75965954.133283,97132912.82951345,1823114531.9164538,192580916.272667,901279152.781395,5826130589.590572,885681794.2883977,283152605.2969278
1754179200000,2025-08-03,Bridged Token Value (Dollar),6457161588.450919,676411629.5935721,360863618.31840634,,356798579.919836,75965988.944815,97132912.82951346,1823115329.581124,194701762.88494927,926751106.9897128,5988206362.676033,899908923.0349524,283152605.2969278
1754265600000,2025-08-04,Bridged Token Value (Dollar),6398462601.564678,683847882.1380869,361937537.5365068,,368689014.00269425,75965870.696119,97126407.87971207,1830857491.6766021,195752242.52313542,933952893.3866457,6048641623.70298,908496344.0630199,283152605.2969278
1754352000000,2025-08-05,Bridged Token Value (Dollar),6469667555.213197,685482875.1796257,416390582.52673984,,362479573.592239,123278804.463618,97127112.87971207,1833048872.6343365,195964155.4318611,1043048766.8617963,5597528175.298702,907711918.9616458,282949888.0369278
1754438400000,2025-08-06,Bridged Token Value (Dollar),6523806730.338987,688225231.8773675,462114571.273186,,369503412.2497491,123278732.90657999,97126513.89260548,1835985191.8353856,196065220.56165874,1022994757.7791873,5753772877.151619,914832460.5229033,283045481.3569279
1754524800000,2025-08-07,Bridged Token Value (Dollar),6565438544.182837,689587585.1891992,512102079.21783817,,387677664.63345957,123279896.46822299,97129323.89260547,1829417675.1280818,201256609.56963685,1018585532.4909303,5812570584.692505,932364538.1448429,283045481.3569279
1754611200000,2025-08-08,Bridged Token Value (Dollar),6602978804.716511,691825834.6219541,563004469.8773007,,393916227.66923845,123280088.89863601,97127461.17092566,1847259934.7348292,205143950.8862568,1014162108.8933496,5820892649.653166,918197556.7480407,283045481.3569278
1754697600000,2025-08-09,Bridged Token Value (Dollar),6612435819.005558,690428673.161582,562951403.9286987,,393916680.6869863,123279643.53205201,97127461.17092566,1846143791.5810595,205159327.8024121,1017594922.2305639,5906763126.40265,912788500.6953537,283045481.3569279
1754784000000,2025-08-10,Bridged Token Value (Dollar),6615174468.781783,689566362.8505841,562939931.934692,,394279069.3630467,123279377.748768,97127461.17092566,1846148800.0930753,205245678.95867723,1019318558.271191,5937200591.304006,929450045.4178008,283045481.3569278
1754870400000,2025-08-11,Bridged Token Value (Dollar),6713298350.367198,700467155.2893438,613789238.0067657,,378603478.2680054,123294878.053857,97139861.17092566,1819872128.6188636,205277540.60101843,1017267784.4988192,5979613565.366499,928042076.7496178,283045481.3569279
1754956800000,2025-08-12,Bridged Token Value (Dollar),6724949088.098593,707797777.5944936,663702598.4347683,,358403179.7523272,123294899.18943,97551461.17092566,1819636548.8477616,205169707.9492215,1007753434.4706473,6215884753.156591,943533956.8526647,283045481.3569278
1755043200000,2025-08-13,Bridged Token Value (Dollar),6713447245.186079,710889000.9477396,713655336.8708487,,352563291.41666573,123295730.245686,97841222.45196515,1820267545.9399552,205306902.38316005,1055831901.2576048,6355588252.672683,962643653.1831347,283049348.4769279
1755129600000,2025-08-14,Bridged Token Value (Dollar),7107759220.03815,719779225.558012,768600637.571393,,347742139.0541836,123296217.883416,97891190.75313704,1827888350.329908,205498833.7960499,1057241123.5378907,6386863892.748259,934124807.4824327,283049348.4769278
1755216000000,2025-08-15,Bridged Token Value (Dollar),7119697594.096098,717705146.99521,768576311.873277,,366373944.1370053,123295363.61947197,97891390.75313705,1811657735.7996013,205422859.62145793,1059351861.7951992,6406308866.174801,921576976.6806483,283049348.4769279
1755302400000,2025-08-16,Bridged Token Value (Dollar),7121224983.795841,720259528.9463803,768581594.6429714,,366373668.8241302,123296096.73375899,97891490.75313705,1812220051.7955742,206720537.07930034,1062487526.5849668,6402463129.188448,925777735.1592726,283049348.4769279
1755388800000,2025-08-17,Bridged Token Value (Dollar),7125040559.694162,720264493.562118,768580355.8199894,,366488987.7194762,123296104.331514,97904490.75313705,1812226773.80017,206721710.98230618,1063980687.3062341,6405088626.958919,926753382.9153396,283049348.4769278
1755475200000,2025-08-18,Bridged Token Value (Dollar),7148967359.984459,721219884.7066107,818490374.5946244,,344961762.0892299,123299368.95138,97689804.02534002,1799611197.798385,206740075.61270204,1070007362.8869127,6423738980.704515,919277940.0440165,283106529.9769279
1755561600000,2025-08-19,Bridged Token Value (Dollar),7260298216.667328,721214283.0631294,868334003.0115122,,347956796.5791399,123298833.931287,97288513.71543816,1801361883.4774277,206849947.66804343,1074271222.7479882,6427083881.742236,893184271.4153422,283106529.9769279
1755648000000,2025-08-20,Bridged Token Value (Dollar),7428427690.378372,720587729.986762,870453901.2357575,,338626124.94673896,123298478.632635,97264457.43962964,1791709984.4099722,206957195.90070602,1083073641.1082397,6419003907.9899645,908104305.9154642,283142135.7769278
1755734400000,2025-08-21,Bridged Token Value (Dollar),7626629371.750741,717692771.7581201,870045688.2150795,,346425764.9609213,123298085.207067,97164032.43962964,1805024010.5087674,207234066.1747535,1081330228.480114,6420773997.99785,891496932.2591522,283142135.7769278
1755820800000,2025-08-22,Bridged Token Value (Dollar),7659415204.110609,714842856.1132858,870046328.2720193,,359718251.834884,123298074.293928,97148164.92768568,1804754419.7733195,207278427.01164168,1076820985.2509508,6439378791.54887,924662465.4100163,283199482.33692783
1755907200000,2025-08-23,Bridged Token Value (Dollar),7649662785.880623,720138546.5974672,870082475.1412036,,359733010.58348495,123299610.97441198,97131505.70404477,1823158413.0983698,207299513.85727024,1079687142.5341961,6433144093.2825165,913317903.881326,283199482.33692783
1755993600000,2025-08-24,Bridged Token Value (Dollar),7652727824.441744,719917982.6642747,870080059.8641732,,359230761.4814626,123299545.77186,97131705.70404476,1823128942.0280108,207301897.94009274,1071946235.3654017,6439566693.525742,901686364.570213,283199482.33692783
1756080000000,2025-08-25,Bridged Token Value (Dollar),8047544457.198833,719476772.2679895,870166408.8191749,,348850846.5771263,123300481.010348,97723600.70404477,1817122495.9135218,207610183.6065927,1059173060.4104764,6472924915.802906,879153165.8907889,283199482.33692783
1756166400000,2025-08-26,Bridged Token Value (Dollar),8038657290.409899,715904386.499285,870535161.8888677,,356210976.0578446,123299168.25642501,97566210.70404477,1810948621.9977257,211036138.98349565,1076131585.6778328,6479145348.748187,893656850.78749,283199482.33692783
1756252800000,2025-08-27,Bridged Token Value (Dollar),8068618139.339375,704175164.0990694,821481036.2035187,,358243025.2172935,123299496.893864,97438175.70404477,1829606209.6653256,211420402.046431,1097426724.0333512,6508817203.534893,890843573.5132779,283199482.33692783
1756339200000,2025-08-28,Bridged Token Value (Dollar),8045052650.273217,721183412.7348118,821593916.0119388,,348729465.29963976,123299630.890634,99928036.70404476,1835606666.8439,216952380.78673595,1104561545.39059,6533199815.264472,897830297.5846183,283199482.33692783
1756425600000,2025-08-29,Bridged Token Value (Dollar),8063994379.695355,723798559.3780863,871922155.8686267,,340726802.94155514,123300077.500487,99928036.70404479,1846204487.7809498,219610646.21551543,1100507767.6858075,6545641750.816796,869687066.1854454,283199482.33692783
1756512000000,2025-08-30,Bridged Token Value (Dollar),8071559075.342903,724042422.5049016,878741628.476805,,340724859.08246946,123300145.32771799,99929769.00973313,1863404875.6992347,219625464.53049648,1104823853.2213097,6535208677.19439,875199877.4429307,283199482.33692783
1756598400000,2025-08-31,Bridged Token Value (Dollar),8071544441.840509,723923928.4098245,878787246.5628482,,340724814.14887774,123300114.107852,99923829.00187272,1863434112.798373,219626252.20697194,1112175630.946165,6540218422.758168,873646490.8239187,283199482.33692783
1756684800000,2025-09-01,Bridged Token Value (Dollar),8093401162.895854,720851778.3870238,878803343.1132847,,340785895.91367364,123300226.830908,99930469.00187272,1862743734.7496052,229643526.119339,1097700902.1778061,6567291105.958861,886676860.8859761,283199482.33692783
1756771200000,2025-09-02,Bridged Token Value (Dollar),8006618315.994713,721656080.1758785,829049615.8973515,,342327939.34564066,123300569.282447,99918819.0018727,1884556331.61351,231497174.01491144,1096774945.79743,6583982126.469574,895554227.5453597,283199482.33692783
1756857600000,2025-09-03,Bridged Token Value (Dollar),7907011542.320822,719238599.3474286,879891470.0548208,,359258009.07036334,123299799.14637199,99909438.52957374,1933279875.9621837,260152988.7521157,1130372942.432455,6584889516.330662,902813469.5019237,283199482.33692783
1756944000000,2025-09-04,Bridged Token Value (Dollar),7936401071.757403,724119181.6439912,881653928.708466,,375769512.3591408,124666880.45720302,99909638.52957374,1934763204.2032666,265310946.41949016,1180144289.9121814,6594828861.94319,893634399.116481,283209786.7969278
1757030400000,2025-09-05,Bridged Token Value (Dollar),7924186518.885564,693965804.6575707,881821261.3077157,,390169534.5830311,124666819.26073998,99908479.77957374,1943025912.1977522,266514187.75823414,1190132946.8113167,6637211910.963753,866593504.0852278,283209786.7969278
1757116800000,2025-09-06,Bridged Token Value (Dollar),7947257787.095828,697116924.1421561,881836718.8542384,,390170698.20658743,124667691.483014,99908479.77957374,1961144193.0849395,266580493.71835828,1196401626.1011708,6643214502.455013,887666657.2878101,283209786.7969278
1757203200000,2025-09-07,Bridged Token Value (Dollar),7910723678.888573,697055574.9575529,881845143.2006269,,389684937.91831994,124667691.483014,99908179.77957374,1961137291.5763407,267578962.92812246,1198367770.2951937,6642209860.993057,895628033.345637,283209786.7969278
1757289600000,2025-09-08,Bridged Token Value (Dollar),7919620014.084911,702462483.5392141,882104738.7168182,,427037121.5389784,124675765.615778,99878379.77957375,1989605459.8636618,268607156.638963,1194097741.5773933,6644618922.358416,901586154.0156035,283209786.7969278
1757376000000,2025-09-09,Bridged Token Value (Dollar),7891791778.697006,705781869.0638887,882451559.312093,,451658346.8323108,124676143.15513098,99878484.77957375,1991514341.9963727,270433755.1077109,1194264584.6725752,6692806909.141754,894049568.5509915,283209786.7969278
1757462400000,2025-09-10,Bridged Token Value (Dollar),7882763433.577745,710795685.3901321,907326140.6201035,,478304220.5407043,124675230.18126199,99816684.77957374,1994392501.4758294,272109298.1083245,1198040615.9078746,6698940353.206527,913674050.9091389,283209786.7969278
1757548800000,2025-09-11,Bridged Token Value (Dollar),7897639961.174484,714991809.5092368,907352241.0209459,,519501469.9374817,124675234.601774,99812038.89176106,2002324808.403675,283309885.58808595,1219005404.6777732,6700519539.458078,920627307.4084346,283209786.7969278
1757635200000,2025-09-12,Bridged Token Value (Dollar),8160982587.550692,767528710.4485059,907562064.6452348,,535222090.5271313,124675658.003939,104767238.52663007,1996539298.7442179,299235316.54475486,1218504719.1450014,6722882090.585011,931729525.9888258,283209786.7969278
1757721600000,2025-09-13,Bridged Token Value (Dollar),8197324450.34624,767624828.6154361,907528231.3641778,,535256854.14075804,124675682.59303698,104690797.89233261,2002288270.4002419,299309009.7181206,1226381305.6547663,6832649887.753356,928823713.1019586,283209786.7969278
1757808000000,2025-09-14,Bridged Token Value (Dollar),8198762027.195908,767579495.7731138,907538401.0299239,,535069284.33710396,124675669.19335999,104659562.18767217,2002271373.8445075,299308409.042089,1238508796.0536234,6855859295.802586,925441890.4418632,283209786.79692787
1757894400000,2025-09-15,Bridged Token Value (Dollar),8144966828.081068,768269617.2341632,928094624.0166638,,549840656.9539409,125490218.759436,104615342.28621948,2022738790.0698,311489234.08666426,1262798356.0045109,6917191887.2170315,927972684.9629781,283209786.7969278
1757980800000,2025-09-16,Bridged Token Value (Dollar),8096148719.081505,770392860.2784823,928311846.8908054,,578838346.1146826,125490199.557837,104607565.76606993,2024002216.9969985,312564748.8208379,1338703565.528102,6847823490.552699,937246715.0869808,283209786.7969278
1758067200000,2025-09-17,Bridged Token Value (Dollar),8133585321.716301,724606602.2723898,928513834.9213207,,580307196.5258753,126147413.690893,104884316.62189801,2033190593.2860658,336825288.3112417,1369208598.5785193,6845885010.076248,937966468.4128966,283209786.7969278
1758153600000,2025-09-18,Bridged Token Value (Dollar),8070912934.691441,721733102.9297602,928690213.9091783,,605195778.2204628,126146778.51857498,104721296.15162449,2024486569.7607298,339519893.13121253,1405628881.4395266,6982977795.719005,916314174.5746318,283209786.7969278
1758240000000,2025-09-19,Bridged Token Value (Dollar),8088675206.3344345,722295492.9568269,930911148.5677546,,615170815.6470336,126146270.712259,104719130.11131556,2011487247.4690132,340386323.7477806,1440855705.2928183,7054598111.674388,903692024.4540558,283209786.7969278
1758326400000,2025-09-20,Bridged Token Value (Dollar),8087935757.903367,720132127.6315886,930779975.991189,,615171834.1990345,126145682.507881,104718905.83757392,2035869541.4694223,340535682.6297408,1454226120.3846521,7046846238.994217,907843015.6218828,283209786.7969278
1758412800000,2025-09-21,Bridged Token Value (Dollar),8090896612.251932,720102674.1616508,930787899.773402,,614794015.7812147,126145674.08128001,104718305.83757302,2035880458.8799012,340536375.6533428,1464893016.0005517,7058487067.527745,906627354.8019407,283209786.7969278
1758499200000,2025-09-22,Bridged Token Value (Dollar),8078855129.39193,719726548.461305,931278874.0890907,,629877491.2938912,126156128.073352,104768638.30451812,2037368836.8116398,341248144.5484872,1461388054.8935459,7111978576.218054,889025052.1631395,283209786.7969278
1758585600000,2025-09-23,Bridged Token Value (Dollar),8073363292.474924,716797725.6616747,931458974.8124145,,625715450.4201618,126157002.92030498,104760979.54077572,2073751556.6903446,341975314.6822016,1457793962.603966,7124696239.444025,885455652.0689803,283209786.7969278
1758672000000,2025-09-24,Bridged Token Value (Dollar),7885949690.245891,713539686.2025458,933720815.6578939,,660893320.6433693,126157190.515783,104760069.10957974,2083988860.0807967,342316784.6362399,1495166688.1443102,7046897361.115276,893167411.8697904,283209786.7969278
1758758400000,2025-09-25,Bridged Token Value (Dollar),8169726929.818959,715951063.394829,934513690.5256879,,635173751.4408854,126156206.12301698,104766086.5415638,2077785127.512164,359741108.98700726,1518310644.540347,7061791234.817374,863953901.1722453,283209786.7969278
1758844800000,2025-09-26,Bridged Token Value (Dollar),8173069392.050583,708977922.1310971,934573044.8222549,,638359695.4548494,126155082.06969997,104776169.24930917,2080252435.306589,360007693.31082535,1522524743.5366366,7035288165.094058,872809448.8495281,283209786.7969278
1758931200000,2025-09-27,Bridged Token Value (Dollar),8130215366.131915,711056945.8767327,934469698.172296,,638368752.642478,126155651.62504299,104776469.24930917,2087748210.2058542,360009528.8121366,1521880460.1821768,6999293600.318503,871308953.5990984,283209786.7969278
1759017600000,2025-09-28,Bridged Token Value (Dollar),8124140909.811872,711145276.3718817,934486522.7425265,,639124604.8559759,126155686.160293,104773103.78949071,2087820801.4866662,360009384.7470751,1529318220.3233738,6999300114.608409,886042268.8841605,283209786.7969278
1759104000000,2025-09-29,Bridged Token Value (Dollar),8390089014.034153,711187949.6844028,935110297.6664934,,648638548.5485954,686259819.4068819,104769692.16194965,2095873185.1373925,363125740.75508904,1542423660.7783775,6976992525.676466,903322947.0935737,314007890.49692786
1759190400000,2025-09-30,Bridged Token Value (Dollar),8548665907.407929,712888620.6703582,935205333.2559654,,641226761.2680738,665695990.047856,104753315.47233139,2135978480.2408705,370204785.50659096,1543553713.0276704,7001453387.049802,900755250.3834192,311853105.06811047
1759276800000,2025-10-01,Bridged Token Value (Dollar),8633254908.444641,714498063.7331859,941073195.2611076,,651887562.675538,675950094.6914989,104743936.97198263,2263632019.7558384,370467673.4205683,1540665327.8784447,6867454606.212446,902787464.1751541,313964087.88842785
1759363200000,2025-10-02,Bridged Token Value (Dollar),8775964141.869787,717960525.2591009,941072792.7056048,,679053190.2176942,725349169.1040039,104736015.21161066,2264798012.401094,370887448.3984359,1547774252.6533353,6903953326.94389,1325754458.607824,313964087.88842785
1759449600000,2025-10-03,Bridged Token Value (Dollar),8899447364.739061,719158261.554296,941258697.9634032,,674373421.0577404,709871247.7418458,104733236.58627793,2266837997.4028945,373908725.46549785,1623896253.1105847,6881292921.699703,1346109218.579241,313964087.88842785
1759536000000,2025-10-04,Bridged Token Value (Dollar),8901711283.110037,719984038.8395355,941142894.929439,,674364350.4548255,709871445.007194,104733236.58627792,2281317907.138919,373909616.79794884,1672337591.6730378,6872621242.045579,1346275402.1001537,313964087.88842785
1759622400000,2025-10-05,Bridged Token Value (Dollar),8899840774.943592,719959641.3619237,941152496.777187,,674428617.9086888,709871466.0046259,104735433.29667403,2281546668.201796,375907900.8932491,1684492007.0851576,6885546690.140177,1352793598.052082,313964087.88842785
1759708800000,2025-10-06,Bridged Token Value (Dollar),8939517890.424723,720527807.9873316,961582211.1037046,,691001644.7962457,741605123.5398929,104735333.26992403,2293752205.6144423,375863144.6342292,1690355254.230425,6915699962.918279,1369530004.656115,324898325.88842785
1759795200000,2025-10-07,Bridged Token Value (Dollar),8961120116.525534,721251210.9047036,1001605541.4146307,,670214592.1006987,703104049.6467581,104014067.88103485,2331440812.89121,375972281.40707725,1699951201.6761823,6992062565.389519,1338985714.7916834,324898325.88842785
1759881600000,2025-10-08,Bridged Token Value (Dollar),8926616633.487991,718644461.9887185,1041676993.8524675,,678850896.3037633,710068291.6162599,104013940.84788907,2435257072.345867,380166311.40323085,1712472074.4726148,6972084373.001192,1354200647.9762375,324898325.88842785
1759968000000,2025-10-09,Bridged Token Value (Dollar),8974369008.912756,722887638.8611755,1062494394.1581757,,674040693.9568634,702329056.725296,105003574.84788908,2452673421.6171975,380033811.0594716,1738879529.7806332,6964595178.334608,1341438339.1906056,324898325.88842785
1760054400000,2025-10-10,Bridged Token Value (Dollar),8951181391.432728,724340581.6616856,1062771970.4358515,,650539440.7029052,679691889.254369,105000300.56417817,2452705935.5656576,385075191.8251385,1731328965.1995547,7002315558.095661,1276723756.3765616,324898325.88842785
1760140800000,2025-10-11,Bridged Token Value (Dollar),8926846899.692482,726983030.451117,1062653418.7266128,,650531146.2606552,679692604.1340439,104990645.98336673,2471188589.7637625,385131909.0358916,1661352233.4642708,6880155893.483198,1252837085.0069041,324898325.88842785
1760227200000,2025-10-12,Bridged Token Value (Dollar),8916742987.162619,726909022.739953,1062653619.3001966,,650965512.862777,679692605.5154539,104981977.43270041,2605173544.1174445,385124967.43247545,1665648670.066495,6836297712.700595,1289461570.0868907,324898325.88842785
1760313600000,2025-10-13,Bridged Token Value (Dollar),8904337645.98099,726447637.5428696,1062209668.3873773,,662696757.2693044,688007918.791264,104978735.26247355,2615576851.612503,384435202.33663964,1694251395.1401644,6804727818.006521,1289850457.3887749,324898325.8884278
1760400000000,2025-10-14,Bridged Token Value (Dollar),8872348564.053967,731518389.169667,1081794985.1471224,,652412034.9026451,671562764.431646,104983325.13767588,2829422176.3878593,386147892.2400563,1705092983.315811,6827097990.209087,1274871264.4675572,324898325.88842785
1760486400000,2025-10-15,Bridged Token Value (Dollar),8846061795.9543,731847453.7687016,1095054293.7748427,,652128621.6161474,665371646.7502989,104982089.54876247,2843716914.858259,385708616.6123393,1727358085.2806354,6801737561.211776,1253230072.8766298,324898325.88842785
1760572800000,2025-10-16,Bridged Token Value (Dollar),8865409128.800953,735078615.5007352,1119728243.2381818,,635171357.2625382,621116835.046792,104982543.67804247,2890749320.397942,420885774.631819,1767314505.5008745,6784043177.730224,1244645340.11505,324898325.88842785
1760659200000,2025-10-17,Bridged Token Value (Dollar),8876847605.300375,735742132.3875862,1120437693.543864,,641081118.4983957,614926451.999283,104981281.74776344,3251450106.408321,438425058.4279671,1745547268.453071,6705415714.465739,1234421348.5220509,324898325.8884278
1760745600000,2025-10-18,Bridged Token Value (Dollar),8866503897.40098,733633418.7090455,1120255150.2269726,,641096646.8762574,614926484.5333691,104982372.74776345,3167392935.282186,438481773.3920692,1760797463.190209,6636437990.60071,1240628011.6730793,324898325.88842785
1760832000000,2025-10-19,Bridged Token Value (Dollar),8867107188.024883,733288828.9594268,1120267074.267382,,641656022.3477805,614926426.5141491,104985580.23443049,3167353420.6982956,444471208.4639612,1780056717.4597387,6565923788.931013,1252531784.8505497,324898325.88842785
1760918400000,2025-10-20,Bridged Token Value (Dollar),8871665314.528084,740200968.6268669,1160480546.4020212,,657576078.5014453,639497527.3082999,104982536.61259578,3199540058.2929516,444851829.9452516,1812786708.208255,6513089466.820359,1275318402.1220996,324898325.8884278
1761004800000,2025-10-21,Bridged Token Value (Dollar),8960425556.961103,743552988.6889116,1160539059.6204543,,643580836.2074301,611443821.8977569,134493821.18315762,3292021426.136,456412090.5084789,1853947072.2018757,6519563904.209095,1254611516.5481296,324898325.88842785
1761091200000,2025-10-22,Bridged Token Value (Dollar),8974042609.609612,739991876.9554011,1160695608.5452852,,630160870.7644113,584357045.298192,134493748.74031842,3064864212.1012483,456495765.93277705,1932814951.2142,6584330370.080872,1244736332.5365512,324898325.88842785
1761177600000,2025-10-23,Bridged Token Value (Dollar),8985844256.368595,731396358.7644112,1160726849.6775846,,645749395.5991104,598287169.661571,134486292.29802072,3096692918.080577,456718325.546093,1989798575.1995609,6459152417.266642,1267398030.285688,324898325.88842785
1761264000000,2025-10-24,Bridged Token Value (Dollar),9050088925.030535,729307026.7729492,1160523902.1864545,,662996748.1107594,625953890.8382109,134472243.39906424,3122166068.5396147,456784248.11762714,1978605290.3903008,6430165835.617527,1276797789.8597453,324898325.88842785
1761350400000,2025-10-25,Bridged Token Value (Dollar),9056292688.140505,729728849.5254623,1160386300.9896965,,662996161.9265925,625954018.066072,134469518.04797113,3114870125.7092657,456850949.889881,1976736161.630906,6378930737.150937,1281200570.7603116,324898325.88842785
1761436800000,2025-10-26,Bridged Token Value (Dollar),9055267499.862694,729702399.3969454,1160388447.158587,,663449574.9230161,625953992.0955641,134469517.80383265,3114903380.1565957,456847187.5376252,1977318422.3858037,6370823495.808992,1306955234.4286952,324898325.88842785
1761523200000,2025-10-27,Bridged Token Value (Dollar),9150180443.039726,823678216.3399694,1160982819.4905462,,677041893.9758694,637369075.565099,134446927.64611906,3077269625.1873116,457487958.1980342,1982121062.1615539,6410826767.446055,1305464379.262616,324898325.88842785
1761609600000,2025-10-28,Bridged Token Value (Dollar),9223755096.568546,824253956.8259819,1161139637.2411246,,669506338.8772855,617828621.4482532,136189956.0921368,3026531889.417134,457853256.39679277,2105031438.2903872,6383364979.527381,1296252461.3856514,324898325.88842785
1761696000000,2025-10-29,Bridged Token Value (Dollar),9223672278.553905,825376732.3796358,1161163652.1312954,,670789644.1039282,611250617.613113,136189856.0921368,3006596278.4944267,457953265.76789874,2161183206.169483,6335130471.851539,1233154665.7679684,324898325.88842785
1761782400000,2025-10-30,Bridged Token Value (Dollar),9238779516.741037,824024861.2269052,1166241767.6314328,,660849785.2130682,594515684.796774,136187876.27996522,3000600275.4283624,458831566.2572067,2156929408.498395,6272043028.371447,1218694109.2343526,324898325.8884278
1761868800000,2025-10-31,Bridged Token Value (Dollar),9270275572.493853,832486290.7690481,1163807173.0439641,,672583720.7549781,609221273.2112769,136186709.82627302,3101952559.371497,471199062.9084223,2159050722.662374,6262703278.301338,1237411733.723363,322787343.06811047
1761955200000,2025-11-01,Bridged Token Value (Dollar),9280486308.474669,833001143.6143095,1163816170.2383535,,672626342.7854787,609221585.548078,136186159.95364144,3077683882.975663,471199083.6503249,2144908360.0263634,6266198003.427326,1244685190.9294496,322787343.06811047
1762041600000,2025-11-02,Bridged Token Value (Dollar),9292053334.782293,832275944.0272954,1163824512.5144649,,672361387.844875,609221587.3439109,136185582.30145493,3077698110.9216084,471201945.62202734,2131951391.2961783,6270221455.872778,1249956108.4117997,322787343.0681105
1762128000000,2025-11-03,Bridged Token Value (Dollar),9287775646.962511,830524931.7492416,1164251929.787506,,673190628.8950173,622766030.187738,136183455.8900507,3063325115.469384,466096466.30798703,2135391407.0847402,6243995680.793117,1225142007.3577952,322787343.06811047
1762214400000,2025-11-04,Bridged Token Value (Dollar),9317722848.14014,835224661.567426,1164416533.218424,,646932534.8235632,582904866.517246,136183455.8900507,3074413194.6610193,466404184.33364975,2021710256.2665415,6199487245.013025,1180854957.0979776,322787343.0681105
1762300800000,2025-11-05,Bridged Token Value (Dollar),9277393531.56883,842111583.8388537,1164558408.8952143,,653661564.7963877,585032911.329831,136162619.31178498,3028164959.0008154,466827166.9664315,1966435435.771692,5991741891.209669,1205317864.029537,322787343.06811047
1762387200000,2025-11-06,Bridged Token Value (Dollar),9258313987.569725,855361190.9111366,1164655255.1405516,,633062493.157713,550396507.0692279,136161951.1882053,3058001526.3155866,456644595.83848804,1952665017.9413438,5955452731.3743,1289864456.209148,322787343.06811047
1762473600000,2025-11-07,Bridged Token Value (Dollar),9224614673.560963,863185375.6695741,1164923474.184228,,637655968.9186847,553686735.3162091,136161951.1882053,3069347227.614403,456746752.1150833,1936832065.198168,5847444455.062084,1314557589.2099984,322787343.06811047
1762560000000,2025-11-08,Bridged Token Value (Dollar),9220068132.223442,863658358.9495662,1164944875.4873757,,637924425.9154999,553687025.2741679,136161914.7994309,3079331710.686595,456811080.5110646,1933192023.9584813,5764984630.7442875,1305533388.4770718,322787343.06811047
1762646400000,2025-11-09,Bridged Token Value (Dollar),9226789206.493715,863054108.4095938,1164944057.8587213,,637849638.8198049,553687015.328016,136162014.7994309,3079443440.808631,456968501.0910477,1924894479.69093,5739702731.066393,1325336746.5969932,322787343.06811047
1762732800000,2025-11-10,Bridged Token Value (Dollar),8929408517.687107,868933430.2161889,1165283322.6042767,,648398610.0635587,558330784.708017,136165797.20736343,3091692171.984304,456295028.31453156,1955018355.7547896,5715737259.863344,1344416952.786558,290531340.9681105
1762819200000,2025-11-11,Bridged Token Value (Dollar),8968973059.142086,869356405.1249549,1165298692.535207,,641838104.9921498,547301458.191636,136165797.20736343,3172502225.8202386,456538696.1873305,1974451164.0692856,5682080162.889442,1324162379.8570042,290531340.9681105
1762905600000,2025-11-12,Bridged Token Value (Dollar),8981084578.162796,875830228.7082884,1165323720.3607554,,627603838.0038238,521821588.930662,136159334.71491572,3191622154.5698347,459834174.0653593,2030219383.9779656,5652208691.9414015,1327314689.0788267,290531340.9681105
1762992000000,2025-11-13,Bridged Token Value (Dollar),9100847150.428625,878213913.2163501,1165754102.1910467,,607973031.3929162,487765616.073277,136157293.71118766,3229027609.340662,459601432.9479637,2027610481.9710488,5656957359.00387,1313462964.0905104,290537397.48811054
1763078400000,2025-11-14,Bridged Token Value (Dollar),9120092775.004492,881344998.4272265,1166181045.2785091,,605172395.3867741,471318623.765166,136157096.8072762,3224056683.8117943,457010962.3714385,2019617402.943777,5613238010.061975,1271790625.0052896,290537397.4881105
1763164800000,2025-11-15,Bridged Token Value (Dollar),9113137126.879644,881173061.009662,1166170261.656493,,605386739.5399551,471318511.87095594,136157096.80727622,3146263338.550082,457105555.96262515,2020151986.4482605,5567460846.67022,1280210662.601562,290537397.4881105
1763251200000,2025-11-16,Bridged Token Value (Dollar),9101410159.318,881423607.1743983,1166172564.2632265,,605108688.4747396,471318491.70237,136160096.80727622,3146281259.124234,457105857.75825644,2019608745.686593,5564681867.036057,1271942055.7421036,290537397.4881105
1763337600000,2025-11-17,Bridged Token Value (Dollar),8948585393.275562,881538360.340333,1166581962.2792652,,594132628.6838651,445969879.797577,136170546.79808572,3155710158.629159,456710539.7556941,1888698763.710167,5543890313.754701,1265053569.0460865,275593535.4481105
1763424000000,2025-11-18,Bridged Token Value (Dollar),8944750750.138819,892176107.8713806,1166761267.9080117,,589439906.7515591,439390530.227448,137669868.73318648,3110253536.4692793,459066446.7961327,1964899316.3449955,5506244867.886185,1276804976.0132957,275593535.4481105
1763510400000,2025-11-19,Bridged Token Value (Dollar),9060102218.978502,893480760.369621,1166884534.7294586,,584183851.6251166,416750873.197023,137637730.73318648,3133050887.6806207,455799584.3190462,2039582291.9435542,5481812264.403578,1266612478.2444146,275593535.4481105
1763596800000,2025-11-20,Bridged Token Value (Dollar),9081269100.61166,894014822.0597283,1167156243.4128542,,570948564.946754,411138789.34648895,137633130.13960356,3157609416.6192484,455885424.18482995,2042489200.190317,5478849276.264013,1223657443.084358,275593535.44811046
1763683200000,2025-11-21,Bridged Token Value (Dollar),9131310444.069305,897324620.4281539,1167307382.3289974,,581129751.4342587,420039730.394579,137632214.22865766,3136048320.1913295,457032314.8336984,1862191118.2522645,5449276658.986929,1275208922.9750297,275593535.4481105
1763769600000,2025-11-22,Bridged Token Value (Dollar),9128532425.155283,896897807.2499225,1167445913.0430195,,581359625.1135883,420039475.110011,137632314.22865766,3125527055.477682,457109136.88563764,1808766890.241411,5431406211.157895,1267265734.5767424,275593535.4481105
1763856000000,2025-11-23,Bridged Token Value (Dollar),9129009858.589172,896752897.5358235,1167446610.3404982,,581947347.1607715,420039471.2420629,137632184.09699133,3125548413.130192,457109438.19654757,1810755455.3507526,5425166650.690047,1288738346.593873,275593535.4481105
1763942400000,2025-11-24,Bridged Token Value (Dollar),9088501233.945477,897822348.6816627,1169826817.7755575,,599642690.5384325,430294871.49272496,137632184.09699133,3133366036.560319,454996177.40144706,1867361210.3989947,5307598237.557884,1309363945.671416,276504746.5481105
1764028800000,2025-11-25,Bridged Token Value (Dollar),9080189365.432356,895255172.628515,1174142390.7701352,,600846642.6668843,420376867.61084396,137614389.38915277,3178238451.9057026,455516493.11261076,1936469546.6924496,5277859614.00099,1300296313.3585865,276504746.5481105
1764115200000,2025-11-26,Bridged Token Value (Dollar),9071504456.052353,900425563.1427642,1173695625.5770183,,641731134.375328,481135934.50699997,138802547.74203235,3179849011.187514,455792685.80162364,1940084800.120158,5273684247.502794,1342100700.335471,276504746.5481105
1764201600000,2025-11-27,Bridged Token Value (Dollar),9125307052.566576,900076706.0994902,1175522105.449604,,642118230.1928151,481136446.45754594,138802647.74203235,3203467031.469427,454094522.31854665,1987743179.2252522,5108299084.510166,1368855782.8076296,276504746.5481105
1764288000000,2025-11-28,Bridged Token Value (Dollar),9126163647.13655,903248188.8278662,1175859349.921232,,638591605.189595,456561882.796975,138798557.74203235,3200598409.9666944,454231157.668559,2021262842.8726265,5048151226.896983,1366257814.6593163,276504746.5481105
1764374400000,2025-11-29,Bridged Token Value (Dollar),9140875020.946266,903246159.554054,1175982795.0624828,,638623779.3758034,456561886.941205,138798557.74203235,3244078202.872362,454288027.0286692,2025313723.1642182,4981007370.859576,1298832090.2617774,276504746.5481105
1764460800000,2025-11-30,Bridged Token Value (Dollar),9139988136.862467,903172855.9265647,1175981392.3527236,,638090709.3926486,456561846.051469,138798557.74203235,3244260652.3790174,454288139.62755555,2023084837.1222382,4953176302.407235,1290790564.2333117,276504746.5481105
1764547200000,2025-12-01,Bridged Token Value (Dollar),9185498200.851564,900840934.9270433,1176440693.704472,,632718525.62224,423279859.82742,138797975.90902758,3250898145.16479,466481285.83112144,2086968742.9251776,4854525834.234867,1250252169.3824728,277415957.6481105
1764633600000,2025-12-02,Bridged Token Value (Dollar),9184894464.182003,896026554.6204654,1176569586.4960978,,636997803.748596,417087935.817148,138790191.90902758,3270228252.8727903,466598441.0262607,2100890067.0598373,4705309622.68154,1309127407.8773742,277415957.6481105
1764720000000,2025-12-03,Bridged Token Value (Dollar),8894625282.384254,900517145.6678908,1176805299.2827504,,647349013.756186,414185720.09113294,138790191.90902758,3264001566.278515,466836846.7453796,2219609255.3431644,4690152360.494301,1333012153.4838884,277415957.6481105
1764806400000,2025-12-04,Bridged Token Value (Dollar),9015975823.481293,904898926.23226,1176975232.4926414,,659776010.1068002,435277889.436035,138790091.90902758,3262307428.573477,463980885.2286503,2264730485.198862,4629977174.469552,1316656698.703159,277415957.64811045
1764892800000,2025-12-05,Bridged Token Value (Dollar),9035057899.978437,910491100.6762669,1177656316.3932302,,651708800.3624502,419507044.317505,140583130.12754637,3263504213.592039,460226029.7827083,2361457922.275245,4589289217.919515,1464432796.825635,277415957.6481105
1764979200000,2025-12-06,Bridged Token Value (Dollar),9055574174.078009,910538324.7452976,1177669554.4569244,,651856791.1678652,419507059.374874,140583130.12754637,3257742297.5151587,460287080.9450338,2368118981.7685795,4571514081.298319,1461654341.129681,277415957.6481105
1765065600000,2025-12-07,Bridged Token Value (Dollar),9055237448.124104,909762796.3779533,1177664502.3573215,,652184885.8108249,419507035.61462194,140583130.12754637,3257818100.0848527,460287981.7926346,2368602268.4746823,4566369156.1671295,1471940059.753704,277415957.6481105
1765152000000,2025-12-08,Bridged Token Value (Dollar),9050988060.931982,921860660.552844,1178047593.9561312,,656471976.0867563,423957511.111743,140583530.12754637,3262295413.643972,460893027.0446316,2397171972.477868,4540093158.829317,1479545983.684802,277142594.31811047
1765238400000,2025-12-09,Bridged Token Value (Dollar),8850581602.675026,925185175.3086321,1176754815.728599,,664597280.6036212,432471529.018793,140583530.12754637,3258813535.6260457,460347805.9335851,2488942767.770163,4505140056.26925,1505672234.782694,277142594.31811047
1765324800000,2025-12-10,Bridged Token Value (Dollar),8850210553.549212,816704483.5870855,1176529129.9652205,,673682650.8500552,441275867.553441,140582941.89056844,3273323358.319738,458835777.5927981,2502320030.626695,4502676912.17282,1500523989.121714,277142594.31811047
1765411200000,2025-12-11,Bridged Token Value (Dollar),8890320572.0118,817292218.677146,1226531316.5184968,,678849333.4608778,457917904.113509,140582799.8834864,3292834674.3808575,459044120.1097283,2487787904.806325,4486986664.991227,1513920672.0387836,277142594.31811047
1765497600000,2025-12-12,Bridged Token Value (Dollar),8895881523.175497,823135530.9984138,1226654076.3048153,,668168588.2051032,431602406.100589,198782359.92028636,3327595629.926014,458773218.60528547,2534254920.6881924,4480134849.265282,1497720737.7824502,277142594.31811047
1765584000000,2025-12-13,Bridged Token Value (Dollar),8896359480.867947,823228445.5952829,1226936513.3517807,,668301025.7699848,431602487.60377896,198782459.9202864,3345755365.333732,458785835.5150529,2552199810.821266,4433379482.065974,1502443012.257611,277142594.31811047
1765670400000,2025-12-14,Bridged Token Value (Dollar),8900518139.179787,824701030.1876698,1227018836.5930576,,667616781.3330948,431602449.20058095,198782459.9202864,3345701807.2039094,458787704.0601627,2561723899.250152,4436165357.923368,1481592499.6072378,277142594.31811047
1765756800000,2025-12-15,Bridged Token Value (Dollar),8939710566.836454,828741171.0809546,1227617890.1738012,,642122872.4955332,399176549.48214793,199203238.75249553,3360262525.5029197,458769459.9897287,2567239991.636475,4428567992.038429,1465541094.610326,275866898.7781105
1765843200000,2025-12-16,Bridged Token Value (Dollar),8908673411.460018,836478316.4252437,1277789330.3271642,,660765922.5426036,416011311.87376994,199202914.7524955,3373642131.967116,457564757.70678496,2621314905.912808,4414946969.292659,1509950315.5720913,275866898.7781105
1765929600000,2025-12-17,Bridged Token Value (Dollar),9053580388.070549,836661499.622,1278089615.1112313,,650341647.5242612,418139739.613207,199202687.47154754,3382465825.2498965,452663035.55586714,2632311315.7094474,4435364054.757482,1494124302.2135334,275866898.7781105
1766016000000,2025-12-18,Bridged Token Value (Dollar),9000906801.3646,841330318.538151,1328299428.631719,,666101202.4728308,431104157.59239197,199202657.3349109,3415379116.1284113,452414167.86906326,2598071351.3252573,4423491315.83227,1486108835.3161387,275866898.7781105
1766102400000,2025-12-19,Bridged Token Value (Dollar),9020845432.068882,842095625.2068503,1331976089.362065,,678475524.3419113,436908934.12064,199936857.33491093,3422055866.1095204,452394127.55071664,2605181621.775176,4425415423.672815,1506002956.119443,275866898.7781105
1766188800000,2025-12-20,Bridged Token Value (Dollar),9020495158.476845,841923764.411408,1331878827.8682866,,678553667.2939665,436909027.396883,199936857.3349109,3425427535.0801272,452383502.5445317,2601165008.7347403,4431882723.570989,1514036279.5051074,275866898.7781105
1766275200000,2025-12-21,Bridged Token Value (Dollar),9022589958.705894,841324007.0086646,1331878396.823058,,678574839.278498,436908920.475749,199936857.3349109,3436958518.826648,452394970.8038192,2593443702.640215,4428526671.38761,1521677288.0689461,275866898.7781105
1766361600000,2025-12-22,Bridged Token Value (Dollar),9074636507.527037,836984836.1492351,1331455609.0702353,,688943523.0847398,437523601.04676896,199936500.17677584,3444846050.1872306,452342353.56005126,2578141802.7691402,4435049861.930014,1577249180.9617507,275229051.00811046
1766448000000,2025-12-23,Bridged Token Value (Dollar),9107712478.373455,844672635.1204152,1332215677.327433,,690720635.7445372,437905760.064128,199935369.1011942,3547749764.7664347,452138312.52630585,2477267904.9932356,4444312294.472048,1568628136.763597,275229051.0081105
1766534400000,2025-12-24,Bridged Token Value (Dollar),9110359271.118973,889492594.8429728,1332105999.201668,,682080377.2210218,426273278.17345,199935369.10119423,3579945894.7386985,452232139.2448769,2394091556.5369205,4481400098.935534,1566207782.8117173,275229051.0081105
1766620800000,2025-12-25,Bridged Token Value (Dollar),9108073629.970367,889333452.2838802,1332609879.8620222,,681893145.458565,426273277.620886,199935369.10119423,3579861034.2864513,452303931.5466906,2404077808.79734,4501905411.242091,1563730297.9657578,275229051.00811046
1766707200000,2025-12-26,Bridged Token Value (Dollar),9092147790.32021,889599822.1831753,1332633746.5786839,,679734079.5323827,424366313.184021,199935669.10119423,3597964082.506899,452508865.24471587,2311361527.9132257,4508954153.516769,1567985104.4864511,275229051.0081105
1766793600000,2025-12-27,Bridged Token Value (Dollar),9095852836.605736,889447036.2346559,1332645416.939757,,679758375.4693277,424366188.44269794,199935669.10119423,3628443812.4509645,452512495.7868594,2315113571.881136,4517202340.824585,1573845628.7078907,275229051.0081105
1766880000000,2025-12-28,Bridged Token Value (Dollar),9095346155.175343,890224475.896806,1332746952.395198,,679478961.662886,424366206.8154509,199937611.49597657,3628424406.589824,452512860.9539777,2334838933.3354917,4521412161.129571,1574052526.003957,275229051.00811046
1766966400000,2025-12-29,Bridged Token Value (Dollar),9087983464.00196,892319592.0258174,1333061290.2982082,,675447700.1595525,421887158.365955,199937611.4959766,3778385700.1383715,452773315.1932678,2311985378.19888,4509769972.888097,1569820622.30098,275137929.8981105
1767052800000,2025-12-30,Bridged Token Value (Dollar),9084073770.64751,894158994.6008266,1333942480.7947736,,673551657.5825796,418644866.342439,199937920.49324524,3638672587.1736526,453177557.5324027,2276425427.390539,4505482710.280324,1584986174.5227566,275137929.8981105
1767139200000,2025-12-31,Bridged Token Value (Dollar),9068693136.254965,891279840.7546619,1334311962.373029,,672794698.8676037,419171429.25295496,204131745.91296285,3652918950.0648713,452722385.0581492,2315756682.8884497,4515079175.404346,1577822224.8514214,275777400.5531105
1767225600000,2026-01-01,Bridged Token Value (Dollar),9073034066.680134,890886557.2504171,1334559108.0210795,,673013259.0578835,419171416.405842,204131745.91296285,3638855799.0836177,452766374.5041403,2351923420.245854,4514763724.607691,1588684956.4733524,275777400.5531105
1767312000000,2026-01-02,Bridged Token Value (Dollar),9109015184.278429,892152440.1412235,1334596823.2943983,,677065632.6958473,426990106.18238,204131745.91296285,3672649193.510016,477619839.10783994,2395203459.32696,4523109633.747772,1601924970.6105661,275777400.5531105
1767398400000,2026-01-03,Bridged Token Value (Dollar),9110383777.536083,891756534.0560857,1334586952.9873927,,678819397.9490421,426989887.9196,204131745.91296285,3658947080.134408,477654962.0864773,2406786021.504717,4525271530.752784,1601693822.351649,275777400.5531105
1767484800000,2026-01-04,Bridged Token Value (Dollar),9110529078.831234,891144830.3787019,1335205447.7232344,,679635658.664186,427093468.99428296,204130779.89131194,3658844921.689264,477655342.5040934,2427468315.286503,4531000804.120583,1617177977.2244306,275777400.5531105
1767571200000,2026-01-05,Bridged Token Value (Dollar),9110608295.29522,891371041.1031187,1327714162.827156,,693843566.9377452,436056212.415335,204130779.89131194,3762753233.737323,477648346.0166647,2488842746.392197,4538177062.739311,1642462574.981719,275777400.5531105
1767657600000,2026-01-06,Bridged Token Value (Dollar),9104333364.34226,898222301.3652042,1285872201.935941,,701892063.5108452,440823700.38296396,204130399.07929826,3767786589.4858723,477445669.341522,2506206753.8825326,4568411035.327735,1643943525.817254,275777400.5531105
1767744000000,2026-01-07,Bridged Token Value (Dollar),9154255852.87072,901229380.8371158,1287710333.0148563,,711892879.045647,446817114.041662,204130049.10764676,3793283865.8234262,478313699.99409485,2484037997.2114215,4640181222.36113,1618989338.8482552,275777400.5531105
1767830400000,2026-01-08,Bridged Token Value (Dollar),9161339471.328478,923957573.6208512,1238090487.2281227,,715927839.101784,443765926.04685295,204129509.10764676,3807001540.2268157,477816018.59247553,2515300796.432249,4665254566.188977,1628811975.820008,275777400.5531105
1767916800000,2026-01-09,Bridged Token Value (Dollar),9244981994.232431,929811198.9101542,1188212468.783338,,726068981.9788871,448914562.1160029,207854959.10764676,3824581985.1160254,478222862.50150317,2389681182.2139225,4709374697.577874,1628558325.8080888,275777400.55311054
1768003200000,2026-01-10,Bridged Token Value (Dollar),9245178003.336494,929310039.9804051,1188199273.3439846,,726162025.2602942,448914266.217981,207854959.10764676,3853335355.0098834,478180868.4154727,2379611382.5811133,4753772450.29668,1627236476.436366,275777400.5531105
1768089600000,2026-01-11,Bridged Token Value (Dollar),9245342822.37236,928669773.4542558,1188182742.2908733,,726512389.0721004,448914230.71574396,207854959.10764676,3853388839.434566,478181258.3114119,2381416030.0668793,4763337935.020238,1632109186.192672,275777400.5531105
1768176000000,2026-01-12,Bridged Token Value (Dollar),9273719080.377762,931654958.3298161,1188618524.278478,,758756556.7738514,485337790.8314,207854959.10764673,3883607963.002953,487994621.27373743,2392873251.430281,4789551467.846861,1637341093.8684235,275321795.00311047
1768262400000,2026-01-13,Bridged Token Value (Dollar),9341824372.729698,935677723.7479607,1138574322.74363,,782052588.4646323,482477855.22873205,207854381.23232558,3930519750.6509004,478487677.14947534,2427898534.283439,4831502852.5567465,1684754313.35153,275321795.00311047
1768348800000,2026-01-14,Bridged Token Value (Dollar),9393413346.476095,937686438.2263446,1088694705.532859,,789738316.6250755,488198513.28520393,207854681.23232558,3937782774.446308,478677657.4350038,2402356416.8233256,4820617618.169343,1708019022.9238818,275321795.00311047
1768435200000,2026-01-15,Bridged Token Value (Dollar),9355612623.559603,941744368.7863021,1088902886.6898732,,770217244.5292971,448532995.17096996,207854681.23232558,3950555904.6136837,479055876.890747,2396958441.9070683,4840720827.57064,1687388296.1680272,275321795.00311047
1768521600000,2026-01-16,Bridged Token Value (Dollar),9406089658.607409,716135297.2380687,1039299365.5271404,,779311664.3379252,453872064.31799,201507155.39572227,3949676957.217597,479294977.21283257,2398802831.204799,4881720137.451346,1692337942.3425038,275321795.00311047
1768608000000,2026-01-17,Bridged Token Value (Dollar),9403852660.945799,940845154.7132418,1039296311.2519308,,779404633.226544,453872008.509026,200571222.70932537,3938767165.2681727,479393442.3315239,2408314160.227872,4876227000.058301,1687826385.8515792,275321795.00311047
1768694400000,2026-01-18,Bridged Token Value (Dollar),9403819892.465242,939628728.8813955,1039295767.7149515,,779366155.9249293,453871994.280503,200076898.90455368,3939000904.612857,479383424.2013979,2420183635.86278,4874917100.617821,1668159742.3078265,275321795.00311047
1768780800000,2026-01-19,Bridged Token Value (Dollar),9424853120.983484,950613537.4981557,1039296696.6578662,,779382288.847534,453872013.06767905,194509665.6588199,4144278703.522236,478760202.2887076,2493269698.6614494,4888044688.583906,1669295541.4836924,275139552.7831105
1768867200000,2026-01-20,Bridged Token Value (Dollar),9559706493.107332,947795701.9688216,1039656961.6707089,,773921500.2727609,471553325.172122,185466067.7990501,4160146835.7279196,478971061.58700377,2494196083.3894005,4870909512.067887,1689463113.256802,275139552.7831105
1768953600000,2026-01-21,Bridged Token Value (Dollar),9857740723.358461,959710283.621131,1039811970.9339303,,793977455.9641478,457251396.7186301,185475067.7990501,4298118122.589157,479026063.0700487,2414739467.6103773,4874331408.934655,1750045168.0003152,275139552.7831105
1769040000000,2026-01-22,Bridged Token Value (Dollar),10096663881.218582,958099067.698255,1039587313.6175781,,804074616.2257255,457632794.3027971,184647937.87064695,4327691318.954182,479278709.33551896,2413991805.1550035,4904094951.207983,1750968329.2339087,275139552.7831105
1769126400000,2026-01-23,Bridged Token Value (Dollar),10159166045.795996,965591708.8035166,1039667007.3387785,,798849972.0543972,443140666.35298705,184550085.2826963,4520207526.780129,480050237.49944913,2423801035.888874,4909542574.327934,1783952580.6099746,275139552.7831105
1769212800000,2026-01-24,Bridged Token Value (Dollar),10160212788.853443,967616461.7950428,1039713471.9010997,,798887191.068815,443141652.6797271,182850234.97869632,4546932792.409084,480053989.0451666,2431405879.048866,4905773072.417574,1784498821.1339445,275139552.7831105
1769299200000,2026-01-25,Bridged Token Value (Dollar),10115947466.991743,970440826.0908599,1039713679.7335316,,798898563.3425062,443141600.6005701,181924746.8292066,4547138896.095003,480042992.45447946,2487753103.5214596,4906682153.374165,1780178981.2761967,275139552.78311056
1769385600000,2026-01-26,Bridged Token Value (Dollar),10109591106.758698,984514871.8047814,1040076467.8205314,,798873560.7332538,437993601.63771206,181909007.63869095,4624834180.186791,480613050.25991255,2497461843.0649137,4892398254.182507,1777678418.71747,273226009.4731105
1769472000000,2026-01-27,Bridged Token Value (Dollar),10112349420.113043,983862997.4399323,1040210296.6170082,,811532690.7551728,452486613.5517811,181900299.75776607,4684417946.165999,482827837.6061755,2554605911.613569,4898427536.610931,1775853109.2073195,273226009.47311044
1769558400000,2026-01-28,Bridged Token Value (Dollar),10267816194.864666,991321687.4346654,1047899744.4660852,,820246471.1013017,430558219.24466604,182893783.23260304,4985504755.422061,483218522.5956469,2549927789.4994893,4874058467.147061,1782414979.0684288,273226009.4731105
1769644800000,2026-01-29,Bridged Token Value (Dollar),10316380641.729425,996401812.2588055,1048016944.9601207,,830939797.1740099,423882854.41886705,182893783.23260304,5331237366.526811,483181992.9864638,2614613858.5374694,4870119522.124573,1788923969.1930826,273226009.4731105
1769731200000,2026-01-30,Bridged Token Value (Dollar),10295649955.864529,1002387464.0085258,1044705048.7534909,,822784201.8755225,406910690.0351291,180929402.27761754,5394533647.679833,500618943.6167208,2623651982.0432053,4832686956.687492,1777193990.8034537,273226009.4731105
1769817600000,2026-01-31,Bridged Token Value (Dollar),10283371362.16621,998968475.9110152,1044622621.0824134,,822889541.4980053,406909102.93318003,180838802.39927232,4851936312.717428,501092910.4437975,2683861825.5916796,4824514370.041286,1767227412.1383162,273226009.4731105
1769904000000,2026-02-01,Bridged Token Value (Dollar),10279784645.17525,999008987.8810078,1044624764.5978067,,822654643.8733058,406909062.31972605,180577546.04276782,4851861942.015068,706448000.4478747,2689779044.280828,4807940954.829251,1767432272.235228,273226009.47311044
1769990400000,2026-02-02,Bridged Token Value (Dollar),10284288737.861553,1003612505.2158276,1044656218.7679054,,810261242.7237235,370485283.80314904,180307524.73329467,4880821561.601899,706465001.9809456,2664050670.1288633,4774983012.543005,1643112139.0160782,271403587.2731105
1770076800000,2026-02-03,Bridged Token Value (Dollar),10357903638.248714,1009383144.8993336,1044623202.6426141,,797316879.2346292,356944983.7642261,177181066.816297,4829110044.610326,690927509.1932828,2765619364.9245768,4748489701.35634,1776859778.293901,271403587.2731105
1770163200000,2026-02-04,Bridged Token Value (Dollar),10237478086.082504,1018274065.3211281,1045528657.3824108,,789382876.9531049,362717872.24373305,176633683.28456977,5184633316.526038,690989834.6710271,2775311744.5296197,4724479068.930522,1794654532.9413402,271403587.2731105
1770249600000,2026-02-05,Bridged Token Value (Dollar),10282978664.363037,1025377080.5105033,1045417862.9287521,,756985435.5488029,338308106.23178405,176633683.28456974,5268970203.139954,692433794.1597515,2756977422.9511514,4670871424.633123,1759621963.8098674,271403587.2731105
1770336000000,2026-02-06,Bridged Token Value (Dollar),10288161300.739662,1033200671.3411049,1045299205.1506035,,796705929.4969034,360049205.94620407,176633683.28456977,4965618996.726553,692155273.6574469,2593775026.6263757,4605043034.575096,1728751611.7590325,271403587.2731105
1770422400000,2026-02-07,Bridged Token Value (Dollar),10337082941.494574,1034496058.6187863,1045322337.5530955,,799146870.0008991,360049808.3791051,176633341.75895366,5212524132.112734,692345548.6055754,2625998125.0839186,4596173362.627068,1596039379.6560104,271403587.2731105
1770508800000,2026-02-08,Bridged Token Value (Dollar),10314931342.885008,1033682272.4794955,1045322020.180861,,799119779.0689243,360049779.36949503,176633341.7589537,5212672071.104804,692337888.4940238,2642022166.1255026,4561278232.608001,1593571054.0812616,271403587.2731105
1770595200000,2026-02-09,Bridged Token Value (Dollar),10238810838.509506,1054273761.9907471,1045482104.5765553,,805781957.7950797,363482488.0321021,176633341.7589537,5299863161.119155,692817561.6480533,2740180349.2956333,4552297671.116008,1744483249.2990437,269763407.2931105
1770681600000,2026-02-10,Bridged Token Value (Dollar),10478275177.859451,1062884227.320018,1044799780.6825074,,814295514.6938379,365771954.2141471,176633341.7589537,5290986638.628182,692711688.383719,2741992861.1098905,4548876822.805959,1762145635.2415547,269763407.2931105
1770768000000,2026-02-11,Bridged Token Value (Dollar),10474785396.039705,1066444035.4253528,1044655752.1628722,,806350405.048214,350897148.52752304,176632958.58316156,5303965151.293456,685968279.0674119,2716719517.8693624,4531219122.393668,1757532447.5981138,269763407.2931105
1770854400000,2026-02-12,Bridged Token Value (Dollar),10477501829.116035,1073912284.2586703,1037999450.8153602,,790368937.0050107,352994670.3691581,176632958.58316156,5323810497.276286,701571825.7159061,2712461810.1206937,4501392587.728688,1739418704.3979638,269763407.2931105
1770940800000,2026-02-13,Bridged Token Value (Dollar),10493406282.024044,1105995761.7071927,1025185037.3628423,,808548692.9201963,373590154.83340406,176632958.58316156,5175877945.738965,736547023.7560549,2707024683.865114,4476249681.28341,1712305605.2222788,269763407.2931105
1771027200000,2026-02-14,Bridged Token Value (Dollar),10544661107.818405,1106120152.5481648,1025186831.5873991,,808511059.3461647,373590214.9247391,176632603.58316156,5308460701.846592,736568966.5133548,2725348858.7279263,4458362357.151048,1711725304.0217688,269763407.2931105
1771113600000,2026-02-15,Bridged Token Value (Dollar),10545753908.635216,1106003424.9846678,1025187295.9476292,,808619018.1647604,373590189.9212181,175880759.10518512,5304866814.449558,736599873.6187873,2735041445.5760093,4452094189.626606,1713590947.813617,269763407.2931105
1771200000000,2026-02-16,Bridged Token Value (Dollar),10647828011.856913,1121290315.842412,1026111627.4368145,,821643795.0453622,373590119.60744905,175366679.01793727,5277953086.568668,783208283.6741984,2741616723.940574,4452537204.682586,1711774944.570977,275139552.7831105
1771286400000,2026-02-17,Bridged Token Value (Dollar),10710044785.421925,1111452795.1232224,1026257335.3702469,,821873149.7293949,351087332.5371701,175366689.0375534,5295387428.40893,784105679.8314419,2775625300.8315644,4426680315.442901,1731880117.8533125,275139552.7831105
1771372800000,2026-02-18,Bridged Token Value (Dollar),10753221433.663176,1118714222.1703637,1026295553.9093454,,969874318.2397591,347082654.1045391,175366444.52972993,5158645485.301684,784142463.136678,2782689408.297468,4416724404.445616,1739588643.5605397,275139552.7831105
1771459200000,2026-02-19,Bridged Token Value (Dollar),10731204377.213823,1121120419.2962499,1016082992.2435093,,854870500.1080923,357379568.043226,189070757.31515193,5282768242.087683,775288735.9428222,2802788300.0986686,4369042083.817808,1718923763.778671,275139552.7831105
1771545600000,2026-02-20,Bridged Token Value (Dollar),10741914862.240644,1138475340.9898086,1016088031.9394957,,837059329.9985999,346700114.23244303,189773863.8612049,5311256596.979895,771989734.2449508,2818760899.889197,4360673099.292336,1704970714.7619703,275139552.7831105
1771632000000,2026-02-21,Bridged Token Value (Dollar),10740340428.541782,1139879351.5850477,1016045437.7563347,,836911604.2199036,346700374.4900871,189773863.86120492,5411609127.837504,771998483.7182181,2826637702.2317324,4347512751.5664015,1705572480.4325404,275139552.7831105
1771718400000,2026-02-22,Bridged Token Value (Dollar),10732678929.129028,1138606763.2277634,1016016324.4029082,,836957747.3433114,346700313.5699061,189855542.86644056,5411662369.569813,772019788.8372822,2830675515.287919,4342779702.759522,1705726888.0894074,275139552.7831105
1771804800000,2026-02-23,Bridged Token Value (Dollar),10723520383.4229,1145644963.0784497,1056404804.954675,,831080005.9408996,340789284.7371551,189855542.86644053,5468839386.24509,772352014.6331452,2821187958.8915586,4329493604.842042,1704273027.3770485,274501705.0131105
1771891200000,2026-02-24,Bridged Token Value (Dollar),10736989950.097416,1145679409.9772835,1056265253.3893467,,844916831.1038941,344793452.73879105,189855542.86644053,5584374250.486579,770232672.1644348,2811271871.489899,4302683446.020829,1706323738.4960449,274501705.0131105
1771977600000,2026-02-25,Bridged Token Value (Dollar),10810974346.969837,1115539878.7341902,1056781821.3887019,,894035196.6692392,361384086.6467201,189848124.0624405,5523127760.358033,770318253.7347262,2855901670.41103,4295374858.390448,1703264473.2278464,274501705.0131105
1772064000000,2026-02-26,Bridged Token Value (Dollar),10812751408.834812,1149515276.6784527,1059685171.7121172,,889806236.4408948,374748809.4948812,192335524.06244054,5561721444.720812,769933286.4908769,2852288589.283806,4283837018.488002,1708493484.8599355,274501705.0131105
1772150400000,2026-02-27,Bridged Token Value (Dollar),10929420520.035648,1147009544.2883792,1064934004.32185,,876914230.7273622,369981144.7067722,191990418.42244053,5732331278.811508,770697895.0364957,2850732406.842642,4285650375.787292,1855579789.5311515,274501705.0131105
1772236800000,2026-02-28,Bridged Token Value (Dollar),10931796003.483109,1147534716.0748014,1064933528.766897,,876748368.8707321,369981328.2961612,191985654.3385893,5835618303.516384,771034859.1754208,2861122001.538451,4267488691.460983,1827625404.644956,274501705.0131105
1772323200000,2026-03-01,Bridged Token Value (Dollar),10931087199.503458,1146463008.8661065,1064921421.347748,,876780700.8544793,369981333.82180125,191985454.33858922,5914953866.974942,772150151.484224,2865421500.4554224,4254355565.8868604,1847394808.1871672,274501705.0131105
1772409600000,2026-03-02,Bridged Token Value (Dollar),11046283423.18114,1151603220.7417827,1064630292.6953245,,909947486.9815472,375129440.25835717,191985857.45858926,6064028437.870125,773287876.1885958,2859327962.1053324,4251336447.5436087,1857290974.2995708,274137220.5731105
1772496000000,2026-03-03,Bridged Token Value (Dollar),11110977852.19409,1150698262.1862388,1075303299.671468,,911207034.6962738,381993746.3773672,191970941.76400396,6068455529.620796,783640867.2215528,2800676184.521409,4296591747.810998,1971307183.932673,274137220.5731105
1772582400000,2026-03-04,Bridged Token Value (Dollar),11008019517.908516,1172317528.5663247,1076713260.1299963,,927394408.4823251,407355716.04372317,191970943.84400398,5843819965.132152,784291620.7080573,2714195857.4458475,4310400314.24472,1960337273.8537898,274137220.5731105
1772668800000,2026-03-05,Bridged Token Value (Dollar),10935530232.105345,1204999499.5844927,1077537591.4607148,,905642124.1614262,388667395.6300872,192559028.84400398,5892750093.990503,784407270.5315855,2680501951.1599455,4315558795.750821,2033958370.1315608,274137220.57311046
1772755200000,2026-03-06,Bridged Token Value (Dollar),11041293835.915134,1212402826.5639975,1078113904.6391344,,889657848.8495902,409148592.97684956,192559028.844004,5825348370.544369,788473938.0947168,2683852422.023747,4305289756.27328,2008833559.5646226,274137220.5731105
1772841600000,2026-03-07,Bridged Token Value (Dollar),11041391651.593409,1213631802.2565222,1078408860.347785,,889497908.4985945,409148792.72873557,192559028.84400398,5915650048.959948,789371422.2983441,2705398806.8135986,4301109596.293027,1965328136.54922,274137220.5731105
1772928000000,2026-03-08,Bridged Token Value (Dollar),11039376152.133265,1212364510.0106966,1078380120.8286822,,889485976.7147245,409148754.7399606,192559028.844004,5915677331.308127,789398715.18592,2724976779.4552813,4300214255.142446,2032060488.055811,274137220.5731105
1773014400000,2026-03-09,Bridged Token Value (Dollar),11059856347.682695,1246858158.9132166,1079167896.768796,,948683653.6801564,407812548.57654965,192554029.884004,5802308455.075956,799429278.7992306,2771295944.720665,4269327093.3358474,2010838381.9883885,275230673.8931105
1773100800000,2026-03-10,Bridged Token Value (Dollar),11063705970.02258,1278412952.474105,1078774543.1037166,,982367035.0316188,426840745.4765496,192554033.004004,5807365685.829119,792822084.2613928,2894014702.4859295,4283678486.8147798,2060269446.6467226,275230673.8931105
1773187200000,2026-03-11,Bridged Token Value (Dollar),11191092391.397274,1284273131.6028461,700061035.8828824,,980159337.696002,457488426.8076467,192554033.00400394,5894345198.863274,792862974.5334139,3018437024.567294,4299480441.004149,2085318930.4922268,275230673.8931105
1773273600000,2026-03-12,Bridged Token Value (Dollar),11405926611.046696,1282948013.693351,700163651.289434,,940776806.8971176,462661440.36116445,192538137.2451052,5856837729.098298,792365347.9080417,3103828332.0117545,4346439469.593707,2093227118.0176656,275230673.8931106
1773360000000,2026-03-13,Bridged Token Value (Dollar),11511858912.636236,1321731906.1563177,700021250.1923783,,921867352.8980803,460574546.41201925,192538137.2451052,5767976197.939033,792781479.4577658,3173503921.8467393,4427202392.878216,2102159869.2551823,275230673.8931105
1773446400000,2026-03-14,Bridged Token Value (Dollar),11518895985.703335,1319646920.2433548,700010200.7646682,,921958986.6278496,460574546.41201925,192538137.2451052,5767517965.921323,792765354.3646474,3201064033.7677097,4428086964.379761,2108067885.6971443,275230673.8931105
1773532800000,2026-03-15,Bridged Token Value (Dollar),11519097147.985222,1316352961.2244947,699946528.9762328,,921957971.0419466,460573059.8767182,192537962.70691538,5741171165.57222,792787601.514803,3226983130.936896,4440329852.534401,2113937353.324073,275230673.8931105
1773619200000,2026-03-16,Bridged Token Value (Dollar),11533741928.36444,1317578923.2731714,700160963.1676364,,949756189.3954705,412006647.1867183,192537962.70691538,5769740926.361261,789975302.9641587,3254755854.8592057,4452832580.446624,2182066328.8928347,276324127.2131105
1773705600000,2026-03-17,Bridged Token Value (Dollar),11678771509.435026,1319768379.41018,702599795.5617993,,978501382.5941852,410481049.66671824,192537962.70691538,5743739711.916926,790845166.8874559,3340767711.281334,4506932581.918927,2182833747.086709,276324127.2131105
1773792000000,2026-03-18,Bridged Token Value (Dollar),11767462168.693348,1355745979.2402468,703671619.9429029,,948880911.4539098,453378372.292037,192537962.70691532,5551860820.59108,788227558.8186667,3342397447.9420195,4523121122.109616,2118670297.8678613,276324127.21311045
1773878400000,2026-03-19,Bridged Token Value (Dollar),12009133980.435196,1358175314.3056276,707561879.950869,,941578266.1904265,446324050.419118,192540458.9574871,5349066209.823109,787320489.4319828,3370614995.502522,4537331847.619041,2119291017.7047565,276324127.2131105
1773964800000,2026-03-20,Bridged Token Value (Dollar),12181611773.523216,1332822570.451921,707950264.8037212,,911799103.2742983,439649877.88829,192539458.8823871,5187621000.396174,792031888.1425943,3438936510.937459,4595584093.690742,1545655198.6572034,276324127.2131105
1774051200000,2026-03-21,Bridged Token Value (Dollar),12182478536.004896,1332652965.675913,707953037.4979502,,911773061.2796481,439649744.996648,192539458.88238713,5186898811.278109,792093338.0871086,3450691297.717201,4586825718.363017,1554082080.165727,276324127.2131105
1774137600000,2026-03-22,Bridged Token Value (Dollar),12180622402.927948,1336903373.886266,707629631.1428053,,911791025.3812723,439649324.49544394,192539343.3763361,5147642393.679042,792116656.1782675,3317639197.615717,4563426269.343285,1543897508.9606133,276324127.2131105
1774224000000,2026-03-23,Bridged Token Value (Dollar),12223701824.726423,1314509777.8466983,707947159.3428631,,994216433.1563935,453761750.6800029,192539344.41633612,5141929174.783818,791872879.2119806,3285232852.5146008,4549760720.4399185,1556857419.8301296,275412916.1131105
1774310400000,2026-03-24,Bridged Token Value (Dollar),12287294167.886719,1308492820.1655138,683362518.2625985,,950308428.7097669,469345907.6659243,192539344.4163361,5292517148.118384,790722840.3044462,3278799090.923688,4563040875.809398,1556035991.009903,275412916.1131105
1774396800000,2026-03-25,Bridged Token Value (Dollar),12446906839.946394,1303235597.2566617,682648027.209977,,960280871.5945206,471061474.11003435,192539344.4163361,5220308827.235923,790616928.9273593,3288722666.3113346,4562728653.629015,1562877718.8741927,275412916.1131105
1774483200000,2026-03-26,Bridged Token Value (Dollar),12701056198.27753,1295340541.543871,682798054.6421572,,933198386.672127,479270267.40786344,192539346.4963361,5110614732.620895,790768449.1743288,3341999908.891157,4572012399.810485,1563555557.4739196,275412916.1131105
1774569600000,2026-03-27,Bridged Token Value (Dollar),12805890778.662037,1292939652.6582837,682839042.2328306,,911495092.6932727,472205735.8650235,192539471.15106043,5217921216.231786,764893983.2457163,3348647837.7531915,4605839666.92871,1535990605.3974197,275412916.1131105
1774656000000,2026-03-28,Bridged Token Value (Dollar),12806337173.785606,1293353835.4202676,682805225.5223312,,911469106.7097406,472205676.1881114,192539471.15106043,5218439801.653213,764843220.1789305,3369276648.2113295,4584187543.995265,1511569900.104196,275412916.11311054
1774742400000,2026-03-29,Bridged Token Value (Dollar),12805986070.338118,1289724100.0595837,682779624.8841343,,911516410.3059717,472205026.7872705,192539472.19106045,5156755238.783051,765183419.6346723,3363512422.8310804,4570581055.914664,1511944868.3902345,275412916.1131105
1774828800000,2026-03-30,Bridged Token Value (Dollar),13196897869.368654,1277633194.490118,678379442.3573453,,902763898.003387,466865322.3760154,193498272.19106045,5227303353.075176,765595583.728536,3373358157.613533,4601386361.968731,1511060872.2741842,276506369.43311054
1774915200000,2026-03-31,Bridged Token Value (Dollar),13452128270.279858,1277095919.609938,675366633.1123621,,950400785.9502066,479462165.85762626,193498272.19106045,5443341055.895955,765483124.9136295,3395057627.3361607,4765974993.518514,1517353919.839504,276506369.43311054
1775001600000,2026-04-01,Bridged Token Value (Dollar),13664417235.993773,1282218495.1796076,686133466.1983817,,948429061.7354236,482894741.0660461,193498273.23106045,5544552719.24618,760234583.6943083,3317869338.6992884,4803576334.154235,1860996959.4479804,276506369.4331105
1775088000000,2026-04-02,Bridged Token Value (Dollar),14154894483.084042,1285128160.276261,1146970803.367751,,952758946.9683709,471834272.4766192,193498273.23106045,5420883588.803366,759584415.69378,3296923336.6290445,4800292238.518106,1847847739.8304834,276506369.43311054
1775174400000,2026-04-03,Bridged Token Value (Dollar),14201168363.2779,1283104431.2893322,1147215730.3734274,,947525888.823331,471833987.2154542,193498273.23106045,5420412576.029293,760592014.7920312,3295039809.5926495,4789291448.96859,1833024071.8402946,276506369.43311054
1775260800000,2026-04-04,Bridged Token Value (Dollar),14202025509.064674,1282265114.117175,1147217808.5255747,,947509881.3927943,471833964.8366122,193498273.23106045,5420382577.727223,760611428.4340032,3296264480.4078884,4785179668.158364,1837724047.8054144,276506369.4331105
1775347200000,2026-04-05,Bridged Token Value (Dollar),14202357549.191727,1282143825.323413,1147172118.0851288,,947530263.9387182,471833849.90330017,193498275.31106043,5348194863.860716,760635170.6667466,3291146749.757256,4783429335.412593,1851052731.140489,276506369.4331105
1775433600000,2026-04-06,Bridged Token Value (Dollar),14306877960.699358,1280665455.6634057,1146909019.6789114,,957547765.853817,476220047.6632873,193575508.47672954,5411063627.647235,761077228.2559131,3353233361.1337533,4779232546.656875,1849937767.7655513,823688634.9831104
1775520000000,2026-04-07,Bridged Token Value (Dollar),14137970114.279451,1277201095.0924149,1148002581.1159034,,997468936.3175197,492261081.11384237,193573636.7522135,5607885204.506266,760720851.3742563,3344672662.6176147,4790657162.791622,1885840184.942191,823688634.9831104
1775606400000,2026-04-08,Bridged Token Value (Dollar),14276156642.799515,1293790476.0755403,1158559140.677357,,998202167.8836726,499125433.2138433,193573728.9335505,5517099804.314889,761822839.3377934,3323182774.048358,4849599434.814127,1875639655.9917176,823688634.9831104
1775692800000,2026-04-09,Bridged Token Value (Dollar),14261602957.75243,1293045574.641785,1161663687.2443953,,1003699598.5441589,490167212.478146,193573827.91070858,5569222804.068129,763727545.4200916,3327221173.528604,4828538133.593998,1882998950.5234575,823688634.9831104
1775779200000,2026-04-10,Bridged Token Value (Dollar),14441088244.830414,1286387989.4619608,1163469730.3408813,,1014178645.17517,493409338.8228041,193567787.19972828,5538546304.020988,762565532.4690944,3300214386.955042,4836952904.80385,1897284881.4625454,823688634.9831104
1775865600000,2026-04-11,Bridged Token Value (Dollar),14442553358.877941,1288009939.738459,1164303513.7590985,,1015709146.5862435,493409351.531776,193567787.19972828,5530077163.039757,762611397.1316712,3309000068.5185156,4828072061.507367,1899527407.0386126,823688634.9831105
1775952000000,2026-04-12,Bridged Token Value (Dollar),14444669775.091362,1289070385.6745636,1164456736.4115546,,1015679228.3380702,493409351.5317761,193567787.1997283,5433861304.82485,762639090.6010097,3309159737.80787,4821729695.884167,1875286744.1466508,823688634.9831104
1776038400000,2026-04-13,Bridged Token Value (Dollar),14531148210.403576,1297593542.0898519,1167503450.912901,,1052419331.9960938,502371602.461776,194168340.39972836,5535393685.009278,764743965.4413263,3296802985.364056,4770948658.342806,1919739901.8095446,820955001.6831105
1776124800000,2026-04-14,Bridged Token Value (Dollar),14557200912.443901,1297638903.2188141,1171125525.1941884,,1090558550.4312878,508854932.92177606,194176574.78816456,5590014432.187433,766857375.9680605,3288275814.4681406,4801316560.557825,1917922521.6816545,820955001.6831105
1776211200000,2026-04-15,Bridged Token Value (Dollar),14812264993.065361,1329282488.4738169,1180250617.374344,,1138729701.0980449,516673066.711776,194175487.29816446,5547138085.43664,771205875.185106,3363970298.582206,4817881593.05025,1919470513.0483289,820955001.6831105
1776297600000,2026-04-16,Bridged Token Value (Dollar),14988562107.13546,1373491387.53539,1194153301.8446598,,1139039106.5487077,510489757.25087607,194195488.33896446,5503953905.650985,781334946.975879,3416504709.4748526,4888195260.040984,1927617774.8044736,820955001.6831105
1776384000000,2026-04-17,Bridged Token Value (Dollar),15102893347.119654,1379130334.6375172,1200894198.5215406,,1142593826.8760169,624385548.641104,194194942.95896453,5550409403.928051,782135337.9855468,3239103614.8389826,4964328465.285214,1932766130.8986657,820955001.6831105
1776470400000,2026-04-18,Bridged Token Value (Dollar),15105445124.878197,1378808945.1630476,1205927894.9472363,,1148851322.9569862,624385548.641104,194194942.9589645,5550560317.249122,782343554.4696212,2931473874.0917206,5005335353.9775305,1935738784.202825,820955001.6831105
1776556800000,2026-04-19,Bridged Token Value (Dollar),15107797440.010246,1375900460.174262,1206978448.3190243,,1148866879.546831,624385754.747476,194194942.95896447,5467436049.770916,782382638.071177,2718279022.9026313,4805555623.443355,1934183164.8219385,820955001.6831105
1776643200000,2026-04-20,Bridged Token Value (Dollar),15179786022.26912,1369896719.07731,1207909119.3249934,,1160498233.367212,684466756.9513438,194194612.60651714,5528722254.30855,782275084.5151583,2393842872.6191907,4445431789.531697,1974568751.5301046,1030442433.5731105
1776729600000,2026-04-21,Bridged Token Value (Dollar),15117819321.493843,1380463982.9439914,1208306865.3671432,,1141706349.1414013,743664274.5777297,196269160.67026153,5409969532.522904,782380657.9494159,2252287837.7014694,4197974906.3525615,1978681721.2797832,1030442433.5731105
1776816000000,2026-04-22,Bridged Token Value (Dollar),15129916856.025433,1375493926.4199295,1210881073.5487497,,1168616483.3221593,782016817.7695396,196269160.67026153,5403552847.290897,786198429.2815733,2142962484.4256392,3901842998.5227633,1999831931.1370215,1030442433.5731106
1776902400000,2026-04-23,Bridged Token Value (Dollar),14996768769.915154,1388913163.5308037,1212077034.4599936,,1164437661.0204833,768175230.0749166,196269160.67026156,5360757527.015759,786136327.5438871,2125585328.1892216,3762570568.7054534,2000582156.852362,1030442433.5731105
1776988800000,2026-04-24,Bridged Token Value (Dollar),14982708402.490873,1399859766.3761249,1216525216.1140714,,1186922989.3680143,772128107.7446905,196269161.71026152,5357642761.496625,786217121.2810645,2015192486.347108,3639477957.219956,1992147726.2161672,1030442433.5731105
1777075200000,2026-04-25,Bridged Token Value (Dollar),14988067743.475746,1399880531.0666752,1217623678.7750232,,1188740605.2499392,772228735.1286685,196269161.71026152,5357539965.723367,786221081.0133309,2016251852.0206726,3633963319.8840547,1993900247.2372432,1030442433.5731105
1777161600000,2026-04-26,Bridged Token Value (Dollar),15003617427.009233,1399984949.0760725,1218932663.2132094,,1188672279.6973844,772117447.3303076,196269161.71026152,5317277285.765845,786246824.0191303,2017544015.881037,3620622742.203829,2007730444.640849,1030442433.5731105
1777248000000,2026-04-27,Bridged Token Value (Dollar),15019150934.463661,1400042101.0053155,1219639170.8440957,,1197999787.5381124,766437911.4321896,196269061.71026152,5336224620.143284,789033462.3905957,2006284744.5934818,3642649573.8596554,1988999734.044919,1030442433.5731105
1777334400000,2026-04-28,Bridged Token Value (Dollar),14872304927.104042,1367851545.2374198,1221764351.889931,,1152268533.05827,756147438.1905556,197769061.71026152,5220655081.008795,788759610.0771751,2198918716.9501715,3615952990.6383133,1989162945.4646378,1030442433.5731105
1777420800000,2026-04-29,Bridged Token Value (Dollar),14874759210.732803,1355285548.3282094,1221945809.038824,,1159811918.9619741,750460410.4803206,197768476.71026152,5178010389.209369,787738593.56582,2245876877.6010437,3606281823.3583345,1974681224.1691687,1030442433.5731105
1777507200000,2026-04-30,Bridged Token Value (Dollar),14848148671.141914,1354847074.2641244,1224863982.409824,,1168094163.9902747,760427045.7832806,198208171.18858838,5402886483.7387,786456133.4363928,2249554714.851573,3591594482.8245406,1968277790.3450613,1030442433.5731106
1777593600000,2026-05-01,Bridged Token Value (Dollar),14973934936.480572,1357481672.9182074,1224243063.7999914,,1227826367.2255101,768155824.0726585,198205094.78702497,5231448200.667461,787489151.0461259,2240103162.9495754,3556688175.411118,1993433548.4633791,1026081689.0031105
1777680000000,2026-05-02,Bridged Token Value (Dollar),14977246458.244564,1357291973.3630307,1227270106.2219203,,1231523728.6384056,768245052.0691376,198205094.78702492,5231347815.851649,787593286.9136186,2253456182.370532,3532960261.2382174,2018837378.6522923,1026081689.0031105
1777766400000,2026-05-03,Bridged Token Value (Dollar),14981939523.197456,1358132786.6856513,1225316484.0337148,,1231532020.3871226,768247027.0466876,198205094.78702495,5232513959.288959,787646865.6738684,2254901148.9681363,3532528429.8473096,2025493931.5235448,1026081689.0031105
1777852800000,2026-05-04,Bridged Token Value (Dollar),14960298715.552479,1355393523.220045,1228621114.3023257,,1284610806.828536,766695429.2751725,198205142.68861172,5133692884.896716,786293196.9414654,2272201181.418791,3509671753.4046364,2006608388.6799388,1026263931.2231104
1777939200000,2026-05-05,Bridged Token Value (Dollar),15069387733.4133,1352894005.2339802,1228426805.0065432,,1313904867.048633,837625384.4265225,198205142.68861175,5208594285.591549,784076993.3832829,2273990117.972297,3517187579.990178,2019758953.3559723,1026263931.2231104
1778025600000,2026-05-06,Bridged Token Value (Dollar),15224117252.654291,1356667832.2490222,1231619728.5418825,,1362158943.748926,893018415.3683403,198205142.83112994,5327901413.534722,784413560.4887589,2267186909.736007,3494322441.138304,2032628240.0087907,1026263931.2231104
1778112000000,2026-05-07,Bridged Token Value (Dollar),15308231755.074154,1355475904.0342627,1236667177.8722057,,1354624300.278434,882787626.0491524,198205142.83113,5312740033.588903,785776077.1391996,2275796582.766663,3448726137.854036,2038664308.2180626,1026263931.2231104
1778198400000,2026-05-08,Bridged Token Value (Dollar),15367299384.739113,1356050800.170781,1243745606.204039,,1399842945.083201,894318864.2377833,198205142.83113,5317446909.786241,785954338.2050493,2301125508.740467,3424846855.0749087,2024397115.2769341,1026263931.2231104
1778284800000,2026-05-09,Bridged Token Value (Dollar),15373266432.61382,1358606523.1632297,1241608604.9435577,,1405257359.696911,895125900.1438804,198205142.83112997,5317471263.6530905,785987078.5077477,2309262877.4681644,3413645673.567668,2023110736.535232,1026263931.2231104
1778371200000,2026-05-10,Bridged Token Value (Dollar),15375310349.383926,1358185001.3043115,1241161176.7387261,,1405261338.066427,904820035.8532233,198205142.83112997,5294444496.347735,786014293.9119781,2322047391.8977985,3405740699.4032474,2032734505.6295326,1026263931.2231104
1778457600000,2026-05-11,Bridged Token Value (Dollar),15881333470.879112,1361058480.8504019,1252838236.0568132,,1476637076.4450374,861477937.0164642,198207804.9653984,5372370585.997219,786075464.491183,2373397193.752742,3398155780.182607,2051903052.5322554,1027175142.3231106
1778544000000,2026-05-12,Bridged Token Value (Dollar),15379679508.927132,1359074711.1828768,1255253358.92887,,1430387581.5628576,842430114.1738822,198204596.9753984,5320311605.874101,768515156.3026912,2400019431.76823,3394439477.6218457,2049928594.8405514,1027175142.3231106
1778630400000,2026-05-13,Bridged Token Value (Dollar),15253876178.762932,1361604247.738096,1256386311.5016289,,1485007716.6361103,843561836.6670103,192403207.97497404,5296404214.462516,760155872.0876462,2345418922.3398094,3379041568.0047684,2041495653.9729233,1027175142.3231106
1778716800000,2026-05-14,Bridged Token Value (Dollar),15553456417.35421,1354661295.723987,1258129615.4994175,,1499998985.6592157,847064622.3316363,194224326.6688086,5238492074.084389,763724305.6699195,2354031233.6413164,3346200920.0214233,2031558987.1998744,1027175142.3231106
1778803200000,2026-05-15,Bridged Token Value (Dollar),15745171889.945839,1395566653.2675033,1282566357.1284006,,1463661964.104921,858864358.7926128,195365470.95287254,5118640614.653301,766277526.1291595,2381201827.199117,3340914126.248776,2052326773.7316856,1027175142.3231106
1778889600000,2026-05-16,Bridged Token Value (Dollar),15741174391.28941,1393726327.409712,1286353900.9994633,,1457211184.9196055,866983501.0957434,195306261.5668912,5118038362.948823,767122315.938213,2374540054.5887637,3328867509.165702,2034609875.0274034,1027175142.3231106
1778976000000,2026-05-17,Bridged Token Value (Dollar),15744824715.789558,1390267172.8170002,1289754490.1444983,,1457206037.9795723,868586636.4593931,195304167.46205845,5117600787.335254,767559013.5565586,2378724303.502774,3318871261.832458,2024536941.7561898,1027175142.3231106
1779062400000,2026-05-18,Bridged Token Value (Dollar),15666075289.785458,1382243969.4341364,1293619943.5264828,,1449925245.712817,888511362.1468763,195302781.22904631,5166441112.480634,769123642.4610498,2400133965.7568674,3327749231.4914937,2030776789.8729255,1025990567.8931105
1779148800000,2026-05-19,Bridged Token Value (Dollar),15622973904.83098,1395541667.8926122,1297299025.1832726,,1462888717.7683706,883804200.8311739,195195404.3503127,5060503546.7957535,769444478.0784407,2406445395.468216,3335814805.3603907,2028837624.0845256,1025990567.8931105
1779235200000,2026-05-20,Bridged Token Value (Dollar),15546774839.87115,1409527868.5498054,1304532280.204887,,1515495456.8444855,893191064.8231366,195128181.297124,5125661877.986475,770981599.6314332,2413802800.197374,3366215305.385263,2026688126.4969463,1025990567.8931105
1779321600000,2026-05-21,Bridged Token Value (Dollar),15556903923.8891,1415156189.4928093,1308678304.6411068,,1563136983.3494248,923021361.7987114,195119877.8714487,5108916939.681914,770998089.2870169,2437578728.475336,3367803654.8637094,2037426501.476677,1025990567.8931105
1779408000000,2026-05-22,Bridged Token Value (Dollar),15535522714.421652,1418294846.8252854,1310311330.300137,,1576546404.5661798,923289865.8075068,195126363.23201072,5083793886.7314205,771092790.0800691,2456966894.2988815,3379664032.5099263,2042213815.6093595,1025990567.8931105
1779494400000,2026-05-23,Bridged Token Value (Dollar),15538794417.735264,1417092391.4533257,1310371766.081998,,1575181829.3313107,923891351.1800367,195119520.47383943,5083560220.197796,771013771.3194308,2457123974.710343,3391618365.125263,2018521964.5041804,1025990567.8931105
1779580800000,2026-05-24,Bridged Token Value (Dollar),15544343017.425856,1417074803.3013377,1311754765.6481538,,1575180802.0066712,926030157.4329233,195119123.49787942,5153567397.602875,771042548.5680234,2459168485.3044,3400561433.9360213,2033698892.1823707,1025990567.8931105
1779667200000,2026-05-25,Bridged Token Value (Dollar),15538999861.624237,1420621192.581389,1311319933.503708,,1574750509.1998014,925776838.2575228,197296403.09787935,5146860091.56084,771094615.298991,2464816046.739414,3397626681.172038,2037750351.6161404,1038929765.5131105
1779753600000,2026-05-26,Bridged Token Value (Dollar),15361218341.412748,1411931364.7489812,1309003250.355436,,1638517156.3945148,910433078.7410743,197269103.94995552,5101765468.721524,776569607.3673017,2464590374.709234,3407657841.272867,2039843644.2156465,1038929765.5131105
1779840000000,2026-05-27,Bridged Token Value (Dollar),15350416682.349564,1400696388.7472675,1310671467.16436,,1651026792.1393826,918044361.8766173,198083591.03047228,5002237036.135678,776395358.9733438,2460955503.41208,3414878006.3407636,2022493041.2205405,1038929765.5131105
1779926400000,2026-05-28,Bridged Token Value (Dollar),15203414653.326347,1389609174.8949685,1310295288.20965,,1682425996.2418888,919022778.8594432,201927176.30236816,5059189473.78098,776515505.7462478,2468441694.8898597,3383080715.6556153,2007913962.6928313,1038929765.5131105
1780012800000,2026-05-29,Bridged Token Value (Dollar),15198457137.128452,1372646763.3428297,1312478585.6056194,,1709575703.9020045,922862426.8828413,201940920.00369942,5198245054.260587,776710323.9705749,2508340427.9788756,3383912901.2240586,1998413359.2779994,1038929765.5131105
1780099200000,2026-05-30,Bridged Token Value (Dollar),15202630016.237925,1376607563.0729148,1310079683.0291562,,1711519033.6090968,922633677.3825643,202083728.5571551,5198426079.220292,776779697.8123758,2510345677.634083,3379647383.780455,2000384218.5316842,1038929765.5131105
1780185600000,2026-05-31,Bridged Token Value (Dollar),15193004657.35016,1375770181.1412883,1308829123.8582509,,1711518604.0631387,923561199.5505922,202079673.48184797,5200512900.320987,776749351.8472335,2493214846.7887716,3377196014.887502,2007516677.0068555,1038929765.5131105
1780272000000,2026-06-01,Bridged Token Value (Dollar),15127419520.523735,1364239133.9311717,1310031448.613388,,1662486643.7255754,914849704.4244851,203559709.69205126,5120527008.360241,776747755.5736699,2486277873.4206862,3366726546.548963,1971695125.8277304,1038018554.4131105
1780358400000,2026-06-02,Bridged Token Value (Dollar),15118062973.533194,1362776721.3583362,1307408786.1479013,,1643794493.7164366,922047601.0590546,203479018.27748775,5130346727.749784,773949673.22094,2498969976.7243967,3359835562.2441826,1925746950.8504574,1038018554.4131105
1780444800000,2026-06-03,Bridged Token Value (Dollar),15038324377.818928,1366626109.5325122,1308967146.077518,,1582385051.1450605,929596916.4787539,203475837.6194974,5089071471.194037,773814588.155025,2465931161.5758367,3294491907.2231665,1897344216.9705763,1038018554.4131105
1780531200000,2026-06-04,Bridged Token Value (Dollar),14986708066.796307,1368208582.5726833,1308490070.2439494,,1580793214.4847214,929743814.5903364,203470887.3839131,5092452331.131381,776313670.5289698,2441949298.740981,3330688643.744739,1892506644.6791394,1038018554.4131105
1780617600000,2026-06-05,Bridged Token Value (Dollar),15003314844.922235,1348241173.637638,1303066246.141797,,1464760000.9712143,975568095.3178806,203470863.31348425,4940395195.759626,777116964.4249287,2419360668.838809,3365707096.9183674,1880544638.479052,1038018554.4131105
1780704000000,2026-06-06,Bridged Token Value (Dollar),15004396882.556993,1341309443.5887554,1303125195.0983033,,1460383743.6233437,975201985.582067,203470711.2428243,4939639891.944166,778193838.7388113,2404347773.871862,3361522864.2093325,1878151314.6419039,1038018554.4131105
1780790400000,2026-06-07,Bridged Token Value (Dollar),14996901360.767773,1348610772.7895615,1302785690.8925052,,1460387433.2262938,975700649.7099974,203432801.19897443,4959055876.031818,778295639.5434431,2390933319.6840067,3355407077.5809946,1906016088.2939892,1038018554.4131105
1780876800000,2026-06-08,Bridged Token Value (Dollar),15119712769.40181,1363987248.4682956,1307080285.6525095,,1502726759.3421698,978636082.1570032,203431089.53937516,4921334735.375984,778710240.6938075,2396438400.985532,3365204418.9935565,1906232197.9099853,1037107343.3131105
1780963200000,2026-06-09,Bridged Token Value (Dollar),15199174511.045055,1340928443.5418923,1557656624.85773,,1480479800.9064481,970914942.2514944,203289310.14921018,4800748647.42039,779502360.9954958,2407506023.3773794,3370253547.0258727,1891607311.1027467,1037107343.3131105
1781049600000,2026-06-10,Bridged Token Value (Dollar),15267803889.127207,1336756029.395767,1559845513.732518,,1448328157.3275943,977489430.4684217,203239136.4021946,4609352329.740579,779320738.1155096,2409174012.2049465,3371951831.468667,1897987861.5629025,1037107343.3131105
1781136000000,2026-06-11,Bridged Token Value (Dollar),15242991259.737217,1336890859.101997,1560021657.8352056,,1523864633.102877,985288188.3632668,203228501.97270802,4798857125.816106,780224065.6091259,2397554643.1922307,3372134968.462523,1925892085.5704222,1037107343.3131105
1781222400000,2026-06-12,Bridged Token Value (Dollar),15203206938.892883,1337215640.9680958,1810673622.3549807,,1552015896.8623142,982197890.4084219,203139750.86383736,4798176525.171813,780788340.7903426,2413388992.103892,3367362158.8162856,1926141030.3835738,1037107343.3131105
1781308800000,2026-06-13,Bridged Token Value (Dollar),15218539317.49363,1340464924.9939644,1790017837.6867096,,1549821642.8740823,982263976.7663927,203131960.31138027,4798055234.219657,781695713.9805869,2427579436.8194914,3365489661.4921145,1938641359.1382308,1037107343.3131105
1781395200000,2026-06-14,Bridged Token Value (Dollar),15223683275.055695,1341145260.1755302,1790048681.5608995,,1549604400.2289543,981664488.5976826,203123735.96066216,4914706882.893004,784231994.9705395,2424840824.326751,3353677711.9574947,1955343971.1226313,1037107343.3131105
1781481600000,2026-06-15,Bridged Token Value (Dollar),15291788004.054604,1320459265.9339137,1793290228.470139,,1648612241.733453,994021248.592711,203112846.95682657,4938806465.056371,785365049.4756275,2422653144.046773,3359064422.0826283,1947329455.2101583,1038109675.5231105
1781568000000,2026-06-16,Bridged Token Value (Dollar),15409548944.267914,1317434547.0984614,1790172652.4070034,,1647591452.6576688,1004527164.9929452,203071028.04216152,4955332470.16732,787075779.3257154,2426635450.605719,3365668694.396825,1955343162.2951083,1038109675.5231105
1781654400000,2026-06-17,Bridged Token Value (Dollar),15425178361.170113,1319031786.482678,1762098452.807816,,1664536289.9545813,994633726.9209034,202994294.08700615,4881990442.10115,789055866.7446227,2415405569.4662704,3370843397.847836,1957036326.5027795,1038109675.5231104
1781740800000,2026-06-18,Bridged Token Value (Dollar),15479493444.723248,1312497722.5870051,1758373630.1372895,,1683884501.7420282,985858104.6991086,202968390.97568202,4793163167.744466,790099181.5601082,2437744675.308652,3346687021.71089,1962217593.1721094,1038109675.5231105
1781827200000,2026-06-19,Bridged Token Value (Dollar),15496931088.576567,1319196552.4562566,1754915777.876553,,1678369559.3395047,985511166.7178866,202956778.1665218,4754938014.25835,794858408.2424762,2424749738.194861,3364022897.107806,1964641226.6921377,1038109675.5231105
1781913600000,2026-06-20,Bridged Token Value (Dollar),15496977822.426514,1316728072.969821,1754942966.160288,,1677828664.8351893,986157591.5489104,202955133.78170997,4754735915.335173,797126303.14831,2426891969.156733,3361517696.6875887,1966066538.1035028,1038109675.5231105
1782000000000,2026-06-21,Bridged Token Value (Dollar),15499590440.06851,1315143880.6635275,1754444793.4649816,,1679089068.3291042,986014747.6095083,202953533.75070995,4735032008.336808,798365812.0643559,2420291664.6733756,3357205378.2531595,1966418943.5079997,1038109675.5231105
1782086400000,2026-06-22,Bridged Token Value (Dollar),15500626804.836739,1311065382.5328465,1760654333.915318,,1687740396.8498983,987613596.9118311,202946801.9915369,4783948070.267401,800573994.2739784,2409051396.4261417,3353036525.789209,1969556825.826436,1037745191.0831106
1782172800000,2026-06-23,Bridged Token Value (Dollar),15569292385.32132,1306450601.4596019,1759120261.231658,,1652141854.5014007,989357422.0232661,202946500.6132683,4677663740.347895,805827468.8204702,2437330983.0462656,3363554304.732109,1974060968.2042332,1037745191.0831106
1782259200000,2026-06-24,Bridged Token Value (Dollar),15556408445.142698,1299731089.0423346,1759721834.6339061,,1640034087.4547386,977893170.3453479,202943795.04450226,4579758510.244058,806122337.2943512,2450605282.0254817,3367698056.3127933,1983660740.3968928,1037745191.0831106
1782345600000,2026-06-25,Bridged Token Value (Dollar),15464217593.06659,1297661612.9313178,1756827197.7036464,,1640975286.6532416,1026534276.6167908,202937769.04393125,4581457797.405163,841276183.6741514,2463146885.564218,3361705112.084483,1984205861.146377,1037745191.0831106
1782432000000,2026-06-26,Bridged Token Value (Dollar),15229973950.234978,1315600485.2279687,1756791966.8552704,,1635449549.6102276,1098740677.629129,202925934.39097503,4650871145.520464,845927089.3089049,2475077543.8375278,3370522447.6594925,1992371908.8501668,1037745191.0831106
1782518400000,2026-06-27,Bridged Token Value (Dollar),15321862111.22134,1317583434.450408,1754712896.4734406,,1575792032.5681043,1098806225.205373,202924909.36167806,4651237773.101183,851867099.8580447,2472790510.2298393,3358943291.692904,1998440624.4481406,1037745191.0831106
1782604800000,2026-06-28,Bridged Token Value (Dollar),15322212539.363928,1317801587.95195,1754357188.0738478,,1578349014.3400595,1098741096.728122,202922572.6233198,4637267501.431929,852378930.1525574,2471010944.9576163,3356203447.934761,1998588027.8769107,1037745191.0831106
1782691200000,2026-06-29,Bridged Token Value (Dollar),15485216580.5961,1317100746.2524586,1768655406.6208856,,1769122929.098556,1095733681.7772157,202918271.62977973,4583796815.267172,855032953.2568619,2469775201.8774915,3355307527.722167,1926793610.7133293,1037198464.4231104
1782777600000,2026-06-30,Bridged Token Value (Dollar),15493347640.332687,1291033485.2009807,1768215164.9314432,,1973126791.0779653,1093919734.9724374,202916401.56250155,4575152161.946033,855930838.0347513,2485547556.6548905,3347656667.364873,1910350007.5217738,1037198464.4231105
1782864000000,2026-07-01,Bridged Token Value (Dollar),15540338690.528875,1282896063.308941,1764883483.0704424,,1989452797.2233615,1094415458.1196866,202975441.10564217,4608448458.655885,856740007.54786,2497762087.1042137,3365977828.939642,1926221817.9121892,1037198464.4231105
1782950400000,2026-07-02,Bridged Token Value (Dollar),15486845836.85732,1348925418.0766115,1765941247.319861,,2272527769.7543416,1091191195.7846801,202976397.13306576,4710650661.099493,857059623.521475,2506254089.8381877,3379317388.243945,1947465387.0114176,1037198464.4231105
1783036800000,2026-07-03,Bridged Token Value (Dollar),15519678065.101303,1357436283.0488684,1765164988.6848197,,2278098127.701613,1091268813.0327225,202976397.13306582,4765562591.818876,857088773.2635626,2526473088.091707,3391307981.960685,1963352552.7769277,1037198464.4231105
1783123200000,2026-07-04,Bridged Token Value (Dollar),15520595764.124508,1359228018.0852551,1765194099.5071812,,2277514442.3120813,1091245347.5637827,202975451.9494489,4765781842.836763,857221357.3313155,2536839722.3267837,3389199030.0336256,1970115704.7624927,1037198464.4231105
1783209600000,2026-07-05,Bridged Token Value (Dollar),15521678286.742367,1358850507.7256458,1762184758.1809685,,2279784185.5138364,1091166155.12068,202972932.87342992,4776575614.853206,857275450.0927407,2548487545.72739,3385067239.8146305,1975651509.3869076,1037198464.4231105
1783296000000,2026-07-06,Bridged Token Value (Dollar),15553913256.530048,1385607868.0928462,1761535266.3821015,,2315753163.4066396,1090959250.0636778,202972963.18460414,4748579642.483751,862816244.8346574,2558471588.4765024,3386476689.6746798,1983464884.7571902,1034100346.6831105
1783382400000,2026-07-07,Bridged Token Value (Dollar),15572033098.102081,1396907653.2260942,1762240473.5159626,,2125821454.4427614,1116575856.8317318,202980223.55951124,4677135808.739549,861552477.8836336,2572499026.987613,3385873032.165688,1975667198.409027,1034100346.6831105
1783468800000,2026-07-08,Bridged Token Value (Dollar),15536714063.532108,1384173684.9309082,1762629352.3050652,,2160294138.809678,1122535882.0160558,202958197.1005324,4637968001.444819,861546439.0903833,2579583697.0315433,3403029070.20321,1963297526.3655772,1034100133.4231105
1783555200000,2026-07-09,Bridged Token Value (Dollar),15834302469.697739,1389323297.5992208,1760632934.5510721,,2254048246.944159,1121802521.0411158,202920105.29225332,4690469354.201831,858231564.1004726,2583287152.0551066,3361531976.9287295,1978836577.087985,1034100133.4231105
1783641600000,2026-07-10,Bridged Token Value (Dollar),16230673807.486528,1385101930.9796443,1761791411.7265522,,2255084191.011574,1121392564.4673183,202920136.69866896,4686699759.132243,860703248.841224,2574781154.376653,3378109117.5790086,1989921496.193713,1034100133.4231105
1783728000000,2026-07-11,Bridged Token Value (Dollar),16288334059.20698,1384053397.6383975,1761954249.3457499,,2228842969.7766685,1121523104.2296572,202919980.3307255,4686552980.857282,860987949.0446577,2572793640.5256963,3377316611.628782,1989718052.2615812,1034100133.4231105
1783814400000,2026-07-12,Bridged Token Value (Dollar),16221032596.521496,1382478844.366198,1761207208.4562793,,2229400883.545985,1121179356.6976619,202918745.35155654,4642856487.955579,863004653.2658396,2584120577.3994894,3369158437.095395,1988010667.5200858,1034100133.4231105
1783900800000,2026-07-13,Bridged Token Value (Dollar),16228927141.523335,1375433184.4407043,1759955991.8618064,,2159934021.5990634,1118963786.6283605,202929641.39045262,4551138794.622651,863042868.3808719,2598496928.52384,3422651339.5188503,1970839033.36652,1030090380.7031105
1783987200000,2026-07-14,Bridged Token Value (Dollar),16250165758.399307,1378214260.611758,1760631661.939903,,2236086456.0170317,1165696055.6422193,202926328.3007049,4603363561.486014,863026118.4287683,2618774709.0619135,3417122641.546939,2041861948.9545264,1030089743.5631105
1784073600000,2026-07-15,Bridged Token Value (Dollar),15905641448.258337,1363578894.9842217,1877340041.2453783,,2277795686.290928,1164616880.8988323,202926155.01505795,4609022513.110034,864089372.8567609,2616974677.198647,3475109127.517067,2039810131.697558,1030089743.5631105
1784160000000,2026-07-16,Bridged Token Value (Dollar),15944636954.11358,1363108531.194729,1880239171.3296456,,2214221556.9504514,1158615576.3404424,202912770.41884953,4519738174.322473,866999144.3865881,2632192520.463578,3475860373.183064,2028509346.464192,1035780106.9831104
1784246400000,2026-07-17,Bridged Token Value (Dollar),15877736747.948015,1372039860.8540013,1881790537.1569216,,2234147861.6796303,1161387296.2487953,202912752.20701116,4562405837.893543,868686015.6073111,2570879397.972135,3464788822.724558,2035650291.5880222,1035780000.7931105
1784332800000,2026-07-18,Bridged Token Value (Dollar),15880818413.490099,1371826852.1542518,1881628269.382288,,2215231741.4073944,1160639802.3377595,202912643.14691114,4562400808.16723,868922882.367527,2580067093.111268,3467203572.8361063,2045422162.4914584,1035780000.7931105
1784419200000,2026-07-19,Bridged Token Value (Dollar),15879205118.186676,1370522970.348311,1882598816.6933255,,2220200734.219842,1160683311.5310228,202912643.14691117,4535917468.795785,870998298.7055824,2585932437.9366665,3463106957.879094,2047285171.0920632,1035780000.7931105
1784505600000,2026-07-20,Bridged Token Value (Dollar),15816688423.37017,1405954149.7261925,1881351888.614156,,2278504012.5283146,1151900475.8537953,202912404.95368385,4551108253.761839,871036913.333376,2518113599.1137023,3499873677.2969427,2054331866.5591254,1035780000.7931105
1784592000000,2026-07-21,Bridged Token Value (Dollar),15861439491.946411,1413092373.0984147,1886159032.903529,,2426005232.2480464,1169442792.9842906,202916045.70589358,4633043766.922756,871021520.5277659,2466690982.2870183,3519101616.1135707,2070164392.7056875,1035871121.7731105
1784678400000,2026-07-22,Bridged Token Value (Dollar),15892069312.256563,1411871484.5357654,1886779564.892737,,2384392266.8056903,1140413419.4667099,202915950.15283343,4692527875.631443,839629127.9446453,2426444261.804878,3533890581.4358745,2071016339.2552767,1035860501.7731105
1784764800000,2026-07-23,Bridged Token Value (Dollar),16046547776.673967,1380529220.0933235,1904012215.8158183,82704.09619131096,2360074738.617907,1139415013.4677613,202915543.64330193,4580501006.886805,838023815.9416324,2401092804.2079735,3489218921.1959505,2062479598.2737994,1035860289.3731105
1784851200000,2026-07-24,Bridged Token Value (Dollar),16166575467.748787,1382939897.2227821,1906153682.041423,82228.9692383986,2343362393.6549864,1135521229.6384737,202916443.6046971,4585475316.774634,840518902.8674542,2386739990.039851,3501657934.0154557,2053282468.5839162,1026091907.1731105
1784937600000,2026-07-25,Bridged Token Value (Dollar),16167483127.81026,1383144298.0808058,1906158506.0399227,82228.96923839858,2329188449.8750525,1135134506.2549534,202916443.6046971,4585462481.951211,841855848.5150247,2389153066.618009,3500973244.9270954,2056210450.5926342,1026091057.5731105
1785024000000,2026-07-26,Bridged Token Value (Dollar),16167907165.578594,1384975943.6074572,1906582254.573706,82228.96923839858,2335963517.533464,1135174895.7160637,202918827.61529475,4631704905.377393,842146928.7963848,2389456606.849605,3502078105.4562244,2068368618.891437,1026091057.5731105
1785110400000,2026-07-27,Bridged Token Value (Dollar),16126493560.300823,1336196640.7316465,1910789625.0151186,84533.2540431465,2352698276.994134,1205131096.953178,202916149.82184455,4607993436.898546,842367183.986662,2408173985.5504246,3490906062.3367763,2017910927.5131724,1025497857.4531105
1785196800000,2026-07-28,Bridged Token Value (Dollar),16132936914.087734,1326926931.9289675,1910054417.472072,84378.63821004242,2387264683.4014583,1206817404.2795856,202916737.6254902,4555229845.013961,844361024.9991989,2414025364.0952516,3510421638.249222,2019415742.2067795,1025480224.9331105
1785283200000,2026-07-29,Bridged Token Value (Dollar),16147351712.275612,1316795369.984716,1911682733.2490194,81941.61252376756,2413112185.126836,1201124682.4535356,202916729.93078285,4611921166.427826,847287931.1831234,2397742980.1295724,3521144965.493998,2021743415.582973,1025480224.9331105
1785369600000,2026-07-30,Bridged Token Value (Dollar),16161663585.520813,1320633418.1158466,1910210709.4762933,83223.21476962374,2473092121.8535185,1205898553.246746,202918578.87595126,4634821980.077088,855680171.9066917,2404285413.9693327,3520844580.56952,2032331156.467331,1025475379.1767106
1785456000000,2026-07-31,Bridged Token Value (Dollar),16131806954.812998,1304935930.0975835,1909887267.3969746,80774.15274037933,2267667724.006392,1262693217.851171,202890684.93487552,4563451599.799221,859424133.6874399,2417114256.7356606,3514579619.810672,2009139334.9359121,1025454134.1145105
1785542400000,2026-08-01,Bridged Token Value (Dollar),16132897471.613964,1310651885.999395,1908613135.1294274,80774.15274037936,2160750614.8443832,1262584617.1885073,202890112.70769152,4563264104.00934,859449614.4173468,2436191165.173985,3541123538.2120857,2008251270.7276535,1025454134.1145105
1785628800000,2026-08-02,Bridged Token Value (Dollar),16131724611.63349,1311523677.738,1908657269.5490935,80755.3047555893,2166683434.73245,1263061601.9522276,202867060.63377917,4596412360.325044,860334914.6458361,2446454614.000987,3544143518.357089,2017302803.4434366,1025454134.1145105
1785715200000,2026-08-03,Bridged Token Value (Dollar),16191502808.676607,1289625370.580408,1909292746.8067508,82781.88919382478,2283541021.247871,1262050882.5391068,202777351.92887205,4575467061.904743,848049734.144472,2454073594.1126804,3536712157.30743,2017525962.8285015,1028835116.7145106
1785801600000,2026-08-04,Bridged Token Value (Dollar),16204511785.907093,1294252428.9463665,1909579332.31283,82363.66125553276,2512814570.2292447,1264736068.2380285,202777115.71290758,4599341665.382258,848810893.3638517,2467266208.3847413,3576625686.825385,2026345716.475913,1024592392.2148279
1785888000000,2026-08-05,Bridged Token Value (Dollar),16168353909.709454,1263541867.8787456,1912259696.3609593,84012.7924111601,2308588144.3588867,1265996894.300858,202770338.40036196,4826651643.933696,850123289.8405663,2508138130.9504986,3590486889.1093717,2031843131.4445941,1024592392.2148279
1785974400000,2026-08-06,Bridged Token Value (Dollar),16184413453.574749,1272020133.6467915,1912533402.9958806,83829.90633297975,2376811529.451809,1262534953.3212328,202767426.99820018,4776920351.898508,850765183.2135122,2505222381.7346344,3615671948.416366,2027532742.3443646,1024592073.5548279
1786060800000,2026-08-07,Bridged Token Value (Dollar),16212905073.842466,1277367713.5536969,1917779477.347732,84816.45855439553,2440022384.054298,1265550988.488138,202765744.06522146,4877562589.751782,850910801.7922833,2497618068.134492,3634162984.1219897,2037845107.808104,1022029196.0160106
1786147200000,2026-08-08,Bridged Token Value (Dollar),16213828709.879805,1280554221.1284313,1917042001.466906,84988.06884150284,2369924169.867359,1265666106.610094,202765744.06522143,4878146036.9419985,851235513.2635678,2500638604.8721547,3629022514.496157,2036627844.4930189,1022029196.0160106