Day,Only_BRC20_Fee,Only_Runes_Fee,Other_Inscriptions_Fee,Other_RnI_Fee,regular_tx_Fee,RnB_Fee
2023-02-17,0,3.62e-05,1.0537399600000008,0,12.840013140000043,0
2023-02-18,0,0,1.936007440000005,0,18.012188830000014,0
2023-02-19,0,0,1.3740571300000006,0,14.01821912000002,0
2023-02-20,0,0,2.2169319,0.00074842,15.659345480000294,0
2023-02-21,0,1.469e-05,1.173941839999999,0,16.14669226000028,0
2023-02-22,0,0,1.09936717,0,17.35120976000015,0
2023-02-23,0,0,1.7246954899999998,0,17.29840872000011,0
2023-02-24,0,0,0.7124056000000004,0,17.82291177000025,0
2023-02-25,0,4.838e-05,0.7722684899999993,0,15.186757140000086,0
2023-02-26,0,0.0001335,1.3315094700000003,0,13.730607620000162,0
2023-02-27,0,7.294e-05,0.8973782000000021,0,21.75607657000014,0
2023-02-28,0,0,1.0844956600000026,0,24.733936420000013,0
2023-03-01,0,4.050000000000001e-05,1.8956675800000005,0.00013378,23.942315280000248,0
2023-03-02,0,0.00010123,1.499279350000002,0,22.439130150000192,0
2023-03-03,0,9.598000000000001e-05,1.5642206899999977,0.00024948,26.325547920000172,0
2023-03-04,0,0.00034378,1.6115742100000008,0,18.574690350000004,0
2023-03-05,0,0,1.0276743299999997,0,16.48320180000015,0
2023-03-06,0,3.744e-05,0.9154741300000011,0,23.111941290000246,0
2023-03-07,0,0.00032504,1.449320300000002,0,24.19186140000015,0
2023-03-08,0.00025089999999999997,2.448e-05,1.2619758799999998,0,24.99330720999986,0
2023-03-09,1.5270212500000218,0,2.7818855199999977,0,40.4873500399997,0
2023-03-10,0.28271896000000096,0.00010388,1.59950758,0,42.06222101000175,0
2023-03-11,0.03134903000000002,0.00070593,2.0980317499999988,0,25.127337829999927,0
2023-03-12,0.03347177999999996,0.0006933700000000001,1.7082075099999936,0,19.623075100000268,0
2023-03-13,0.2859354799999987,4.743999999999972e-05,2.5700374099999945,0.00280437,23.2681599400001,0
2023-03-14,0.09995862999999998,0,0.7082198699999988,0,36.360733560000085,0
2023-03-15,0.07449584000000002,0,1.982208769999998,0.00392934,31.592984010000315,0
2023-03-16,0.05536962000000002,0,3.6562905399999996,0,29.689626510000423,0
2023-03-17,0.07630975000000013,0.0001667200000000002,3.102942029999998,0.0015001,39.33039268000024,0
2023-03-18,0.11034738999999946,0,2.822632509999999,0.0008245,31.99324660000017,0
2023-03-19,0.08713910000000034,9.779e-05,4.011356369999998,0,24.457136469999913,0
2023-03-20,0.17068592999999999,0,2.5500397299999946,0,26.94150232000014,0
2023-03-21,0.21722748999999858,0,2.083575890000012,0,26.58579374000034,0
2023-03-22,0.0116885,6.09e-05,5.107543229999999,0,30.232137390000002,0
2023-03-23,0.0074143299999999985,0.00188899,12.059817250000002,0,27.042000920000184,0
2023-03-24,0.004296109999999999,0.00012576,13.390880050000003,0,30.929078180000065,0
2023-03-25,0.00270333,0,4.950847360000002,0,25.642285800000423,0
2023-03-26,0.010470929999999998,0,3.13669305,0,18.720453600000393,0
2023-03-27,0.011277809999999985,0.00019000999999999998,1.1433491900000008,0,22.00173765000016,0
2023-03-28,0.02423445999999996,0.00019623,1.102222599999999,0,26.888315440000188,0
2023-03-29,0.02088014999999995,0,1.6756832499999987,0,25.838127160000152,0
2023-03-30,0.006533229999999997,0.0002388,1.9210699199999994,0,25.59666699000052,0
2023-03-31,0.03065474000000006,0,0.7120855099999995,0,31.804100849999923,0
2023-04-01,0.2115783200000007,0,1.3682877300000051,0,29.94362699000015,0
2023-04-02,1.7163831200000497,3.6e-05,1.4227338300000139,0,21.328038679999825,0
2023-04-03,0.5774810700000064,0,0.6988985699999957,0,26.42877681000024,0
2023-04-04,1.1614180100000109,0.00011726,1.101094480000012,0,31.568124499999726,0
2023-04-05,0.40810122999999365,9.183e-05,1.7054157300000115,0,29.93956001999985,0
2023-04-06,0.15648488999999985,5.434e-05,1.8101051300000037,0,30.951488470000214,0
2023-04-07,0.39612215000000206,0.00012762,1.832591429999985,0,24.783541510000244,0
2023-04-08,0.24221306000000267,0,3.379263919999989,0,18.27406770000033,0
2023-04-09,0.20302020000000195,8.597e-05,1.2146136400000132,0,15.489051589999978,0
2023-04-10,0.06756285000000015,0.00117902,0.45407021999999797,0,21.251761849999987,0
2023-04-11,0.08173357000000003,3.312e-05,0.5575291399999965,0,30.41961834999997,0
2023-04-12,0.10921027999999934,0,1.3396135499999975,0,23.155960440000314,0
2023-04-13,0.03540158000000014,7.137e-05,0.7617687700000007,0,25.138046170000386,0
2023-04-14,0.03136305000000003,0,0.45035136000000014,0.0007616,27.257238289999954,0
2023-04-15,0.020093379999999973,0,0.8791391999999998,0,20.297330140000277,0
2023-04-16,0.024464970000000093,0,0.6035906999999984,0,15.319891520000015,0
2023-04-17,0.16747902000000547,0,0.6680960999999871,0,20.001579120000017,0
2023-04-18,0.06084694000000022,0,0.4283404100000007,0,19.874304630000122,0
2023-04-19,0.03389123999999997,0,0.4565018299999991,0,20.41552716000015,0
2023-04-20,0.05144222999999995,9.392e-05,0.2541229000000014,0,20.934304390000076,0
2023-04-21,0.1497302900000006,0.00021321,0.4967102499999969,0,23.443543340000257,0
2023-04-22,0.3085093900000007,4.603e-05,0.8793679899999784,0,15.202422790000448,0
2023-04-23,1.4951705400000328,0.00827032,0.143378290000014,0,12.028088330000328,0
2023-04-24,0.7124515199999976,3.314e-05,0.3277832400000119,0,19.51995062000001,0
2023-04-25,1.823821700000013,0.00072633,0.16513011000000044,0,24.726201489999603,0
2023-04-26,3.9365823800000794,2.938e-05,0.1393505800000141,0,29.01540189999865,0
2023-04-27,5.494272599999956,0,0.17680937999998747,0,36.09353899999962,0
2023-04-28,6.583227729999827,0.00416052,0.18807631000000935,0,39.096159399998776,0
2023-04-29,10.941277269999892,0.00039217,0.12132938000001303,0,31.76866286999901,0
2023-04-30,15.512854729998997,0,0.2710757200000238,0,31.862570050001892,0
2023-05-01,22.508638440000805,0.00028004,0.4940933699999235,0,46.26640832999892,0
2023-05-02,27.72591292999909,0.00018114,0.679800489999856,0,85.73531902999751,0
2023-05-03,11.92037767000003,0,2.41371716000004,0,109.8628903700022,0
2023-05-04,13.718900920000191,0,1.204259679999959,0,98.55328956999712,0
2023-05-05,20.850726920000092,0.00043018,0.5920940899999323,0,113.52387972999881,0
2023-05-06,63.508278889999886,0.0002685,1.6185882999998,0,116.90747771998979,0
2023-05-07,245.72189236000656,0,1.3509819799999434,0,156.84616352001458,0
2023-05-08,255.01966677000084,0.00086292,2.6845845299995688,0,377.6486861199918,0
2023-05-09,148.0279309000018,0,3.0244751699996186,0,289.2133386199969,0
2023-05-10,88.14459780000126,0,10.245657809999244,0,241.37746299999304,0
2023-05-11,30.786719370000743,0.00097096,4.384309599999835,0,159.2061224699983,0
2023-05-12,38.20544970999834,0,2.4810045200000843,0,132.75697205999745,0
2023-05-13,27.617688370000053,0.00220801,6.921261510000598,0,74.24881888999496,0
2023-05-14,21.63931598999906,0.0030882,5.65403499999961,0,61.12494763999734,0
2023-05-15,13.468551199999656,0,5.1689161399992365,0,71.17624638999675,0
2023-05-16,29.394349300000258,0.00053567,3.4741172299996603,0.00084885,80.14099346999666,0
2023-05-17,21.117924419999234,0,1.688108149999895,0,70.3076863899992,0
2023-05-18,18.02903319999993,9.04e-05,2.5514769400001036,0,86.31954710999909,0
2023-05-19,26.040702160000297,0,4.774534589999874,0,85.73072564999956,0
2023-05-20,7.330659679999808,0.00030736,14.815079159999524,0,63.046765340002864,0
2023-05-21,12.912493799999861,0.00054621,8.029101489999832,0,50.51377449000001,0
2023-05-22,11.264341130000648,7.191e-05,6.193537420000293,0,53.51411919999963,0
2023-05-23,9.719566140000202,0.00047920000000000005,6.945078800000097,0.0005212,53.08067790000966,0
2023-05-24,6.4113271799999,0,5.795604429999787,0,52.663147410003475,0
2023-05-25,11.254170909999724,0,9.236832099999921,0,71.37542554999948,0
2023-05-26,10.185887589999545,0,4.8672048000002395,0,82.77686262000219,0
2023-05-27,6.126389569999508,0,7.597699179999615,0,48.36155737000114,0
2023-05-28,9.938175489999697,0.00016580999999999999,5.85577754000019,0,46.774462239998016,0
2023-05-29,12.347912030000138,0.00043482000000000004,7.106776270000296,0,51.675458370001124,0
2023-05-30,10.954986959999786,0,8.882715750000884,0.00042744,60.02865883999945,0
2023-05-31,3.654037349999978,0,8.612049100000151,0,56.35800953000049,0
2023-06-01,2.140710759999987,0.0020488,4.87350099999996,0,63.11962558000058,0
2023-06-02,5.530599639999994,0,2.3725897500002677,0,66.95883801999986,0
2023-06-03,2.6282270199999296,0,3.8139678500002665,0,37.76146540999984,0
2023-06-04,2.6478367499999123,5.964e-05,4.260288280000255,0,31.583694589998714,0
2023-06-05,6.07745389999997,0,2.4412615200001646,0,49.48242976999926,0
2023-06-06,5.783319530000063,0.0001448,3.8058200899999095,0,73.33334787999765,0
2023-06-07,4.329604920000213,0,2.987183159999904,0,90.2855498499999,0
2023-06-08,3.4647772999999447,0.0009764,5.594867640000119,0,60.485185819997675,0
2023-06-09,2.3634608299999833,0,4.140932220000013,0,66.75337190000022,0
2023-06-10,1.5880852999999753,0,4.543501509999973,0.0001303,43.501665300000106,0
2023-06-11,2.5704995899999785,0,4.5821387400002545,0,27.956568299999912,0
2023-06-12,1.7461447200000315,0,2.2136030499998007,0,38.54898496999865,0
2023-06-13,1.55937867000007,3.08e-05,4.053849079999849,0,31.63275152000068,0
2023-06-14,0.5584908600000151,0.00018392,2.412553860000032,0,36.897518449999986,0
2023-06-15,1.7658018399998177,0,4.666989419999911,0,34.58850407000137,0
2023-06-16,3.8226074900000593,0,2.398215029999467,0,39.404165480003954,0
2023-06-17,6.768107440000243,0.0005621000000000001,2.254981469999855,0,31.10518479000189,0
2023-06-18,2.574971660000142,0.0004194,5.31716799999966,0,22.603894030001488,0
2023-06-19,2.251929980000108,0.00053118,2.3460480800000005,0,26.638147690000512,0
2023-06-20,0.4745419200000154,9.957999999999999e-05,6.206656100000348,0,30.48112858999893,0
2023-06-21,0.36001692999999907,0.00036034,3.6532155800001243,0,39.87462609999916,0
2023-06-22,0.2512391000000001,0.01530984,5.052870930000243,0,39.10633864999935,0
2023-06-23,0.37728468000000703,0,4.323775429999964,0,35.41443255999896,0
2023-06-24,0.550926959999982,0,4.474557040000244,0,28.72007681999925,0
2023-06-25,1.2462826299999807,0,4.626740220000268,0,23.511820030000052,0
2023-06-26,1.220213279999993,0,3.2607837300000027,0,27.9038562199988,0
2023-06-27,1.5500471800000202,0,3.0935900700003582,0,27.01355026999953,0
2023-06-28,0.9034151200001421,6.996e-05,1.9854856000000165,0,26.985570179999854,0
2023-06-29,1.67584849000008,0.00095752,2.5511079500000893,0,32.830561719999764,0
2023-06-30,1.7235649099998442,0.00338303,1.4162792099998984,0,31.559504299997553,0
2023-07-01,1.0954564299999328,8.004e-05,0.8178059699999116,0,23.5266008099998,0
2023-07-02,1.2497401400000825,0,1.2918030200000368,0,21.253283989999893,0
2023-07-03,0.7057105299999772,0,1.3504331600000148,0,23.431558560000084,0
2023-07-04,0.9436483599999673,0,0.652164590000054,0,21.086524530001146,0
2023-07-05,1.3309046700001281,0,0.6766010599999963,0,19.487541769999424,0
2023-07-06,0.8343798799999981,0,0.5155414300000641,0,18.374064820000054,0
2023-07-07,1.7893759800001594,2.256e-05,0.9131492299999566,0,16.54700292000085,0
2023-07-08,1.8814838600002477,0,0.6669083000001366,0,12.191853900000622,0
2023-07-09,2.0192678399999004,0,0.6106517700001546,0,10.554248490000038,0
2023-07-10,2.026465030000134,0,0.3635175200000167,0,13.855141480000023,0
2023-07-11,1.3219141800000027,0,0.5118205499999766,0,15.118529170000869,0
2023-07-12,1.79646650000001,2.16e-05,0.9231981600002066,0,16.571926510000058,0
2023-07-13,0.9631063799999959,0,0.4559692400000479,0,18.238497550000318,0
2023-07-14,1.2715038500000473,7.277e-05,0.3865734399999834,0,21.01910381000072,0
2023-07-15,2.2386851000001085,0,0.4532870699998206,0,14.048668549998883,0
2023-07-16,3.154688419999956,0,0.5980036100000152,0,11.677318280000911,0
2023-07-17,1.4723304500000554,0,0.6139382600001175,0,15.13669385000006,0
2023-07-18,2.892980509999873,2.276e-05,0.6580667499998327,0,15.537727490001412,0
2023-07-19,1.7407758800001742,0,0.8391831999999462,0,15.583744289999979,0
2023-07-20,0.8016034800000716,0,1.9397733300000564,0,20.013276810000185,0
2023-07-21,0.5478505699998617,0.00096261,0.4729197899999915,0,21.911776670001913,0
2023-07-22,0.6956356499998814,0,0.7919646399999684,0,44.464542340001124,0
2023-07-23,3.1064746100002187,0.00056715,0.5277606600000029,0,21.91366740999979,0
2023-07-24,2.934549369999845,0,0.5451567900001311,0,22.969191650001562,0
2023-07-25,1.7518539200000407,0,0.46867578999994386,0,15.63585883000047,0
2023-07-26,1.678095049999793,0,0.7849694300002135,0,16.355254149999524,0
2023-07-27,1.9629897900000808,2.13e-05,0.5815178999999953,0,18.29391146000045,0
2023-07-28,1.5543849000000782,4.582e-05,0.44071742999993946,0,18.363650909999702,0
2023-07-29,1.643119719999887,0,0.3492559099999448,0,14.151880120000147,0
2023-07-30,3.6172381500002997,1.833e-05,0.3853280300001787,0,13.12828787000111,0
2023-07-31,1.816325640000032,3.627e-05,0.31104118000005787,0,14.53235111999927,0
2023-08-01,1.2858118399999534,0,0.3915450699999987,0,16.80280667000058,0
2023-08-02,1.3578082799998703,0,0.37027711999993196,0,19.157762460000022,0
2023-08-03,2.7812831200000914,4.4819999999999994e-05,0.1663146200000063,0,20.293196179999516,0
2023-08-04,1.2526578400000543,4.62e-05,0.23980182999998023,0,21.022789669999714,0
2023-08-05,2.3880465499999057,4.389e-05,0.38125656000004904,0,18.337644330000394,0
2023-08-06,3.7733775200005186,0.0001048,0.26915533000007885,0,12.867671359998875,0
2023-08-07,1.295868469999898,0,1.67055015999983,0,19.723127640001216,0
2023-08-08,0.7397134500000115,0,0.28861838999999145,0,28.0847756199993,0
2023-08-09,1.8640187500000034,0,0.9233415300001109,0,24.301494069999404,0
2023-08-10,0.9628349299999913,0,0.3287973599999737,0,23.331130319999826,0
2023-08-11,2.2982391099999817,9.936e-05,0.3868660099998831,0,20.780179000001777,0
2023-08-12,2.2086593800000065,0,0.7543761299999185,0,16.458353070000452,0
2023-08-13,2.6746194700002364,2.8980000000000004e-05,0.4222093800000648,0,10.385918529999998,0
2023-08-14,2.7144519700003187,0,0.7004554300001171,0,14.77240246999852,0
2023-08-15,2.9273298000003387,0,0.3091288499999214,0,15.026321179998524,0
2023-08-16,2.7514231400000324,1.81e-05,0.3284279500000493,0,14.959029359999356,0
2023-08-17,2.229338599999984,2.207e-05,0.2817139299999756,0,16.42813519000051,0
2023-08-18,1.304083439999988,0,0.5978799099999421,0,20.101261259999607,0
2023-08-19,2.5379472399996823,8.61e-05,0.18368200999991435,0,13.977667039999991,0
2023-08-20,3.4540409799992995,0,0.2660812999998958,0,11.2648631699992,0
2023-08-21,2.5521571300003227,0,0.19560488999998205,0,13.828099859999906,0
2023-08-22,1.4360772399998578,0,0.5041744900000286,0.00023984,16.870609789999747,0
2023-08-23,1.3299644400001722,0,0.6903584699999539,0,17.309261220000828,0
2023-08-24,1.3953287400000804,4.396e-05,0.17636909999996186,0,15.88672537,0
2023-08-25,1.4997374299998198,4.221e-05,0.23437432000014224,0,16.301710440000416,0
2023-08-26,2.367494570000022,0,0.1457866600000819,0,13.572931419999467,0
2023-08-27,1.917553370000062,0,0.24110624999996944,0,11.31328905999856,0
2023-08-28,0.8378464499999909,1.42e-05,0.19153893999997695,0,15.943556810000004,0
2023-08-29,1.887160660000068,0,0.699845289999959,0,18.564145110000155,0
2023-08-30,1.4935688799999156,0,0.3544243000000542,0,17.372995090000057,0
2023-08-31,2.1291448099999606,0,0.9907028899999308,0,23.420792530000114,0
2023-09-01,1.832652139999801,6.392e-05,1.1768982099999357,0,23.14230351000104,0
2023-09-02,3.4337961199997973,2.304e-05,1.6293757300000062,0,18.198783520000607,0
2023-09-03,5.048472379999976,0,0.5330619399999437,0,14.311613929998787,0
2023-09-04,4.258725790000407,9.879e-05,0.8056412800000752,0,17.211518849999127,0
2023-09-05,4.030001120000705,0,0.11239266000007841,0,20.254500489998982,0
2023-09-06,6.17427704000027,3.312e-05,0.06435097000003509,0,24.015236560002318,0
2023-09-07,6.9842246499998115,0.00011408,0.11521740999996766,0,24.470572349998772,0
2023-09-08,3.7452359300000917,6.335e-05,0.2678864599998323,0,31.84137312999986,0
2023-09-09,8.210802189999455,0,0.21024294999988768,0,24.109447530003344,0
2023-09-10,7.531356219999894,0,0.1446116200001013,0,39.385992679996775,0
2023-09-11,4.100281829999249,0.00010070000000000001,0.18025668999999755,0,28.416615340001986,0
2023-09-12,4.256176949999799,0,0.18084456000005922,0,26.59242298999989,0
2023-09-13,4.739088379999808,0,0.26747538000006266,0,26.122138450001117,0
2023-09-14,5.965328840000055,0.00013731,0.3330899300001411,0,24.59915781000002,0
2023-09-15,8.06042278000048,0,0.4950996400002001,0,24.062442509998696,0
2023-09-16,7.177863330000074,0,0.19834496000005597,0,19.32479034999733,0
2023-09-17,9.331959199998973,0,0.17801522999995179,0,18.797233550000193,0
2023-09-18,13.086103129999703,0,0.277603680000043,0,33.4449024500002,0
2023-09-19,7.0882185899997365,0,1.3678617800000632,0,38.49045227000087,0
2023-09-20,7.748726040000334,5.328e-05,0.1575689599999892,0,39.47060252000033,0
2023-09-21,6.134436159999751,0,0.0997700299999984,0,41.112194410002104,0
2023-09-22,6.469933960000287,0,0.14460844000000517,0,39.38090654000048,0
2023-09-23,11.647786290001413,0,0.08902646999997899,0,39.84261052000104,0
2023-09-24,6.505747429999997,0,0.31239765000003494,0,30.26836433000123,0
2023-09-25,0.5341380000000039,0,0.8009423399999854,0,32.03040515000058,0
2023-09-26,0.7627944199999931,0.00043602,0.540611660000004,0,26.342262880000348,0
2023-09-27,0.4479198199999885,0,0.5743235900000063,0,30.71181201999989,0
2023-09-28,0.8056022600000712,0,0.6080429399999583,0,27.59927147000094,0
2023-09-29,0.30354196000000744,3.051e-05,0.54733636999999,0,28.512245520000654,0
2023-09-30,0.1867728499999946,0,0.5461231500000132,0,20.82262742000013,0
2023-10-01,0.41842836000000544,0.0001704,0.5122618199999494,0,17.99682519999997,0
2023-10-02,0.1962186099999804,6.680999999999999e-05,0.4873397799999588,0,26.593482550000076,0
2023-10-03,0.041075530000000145,0,0.5421559999999973,0,28.50420856999961,0
2023-10-04,0.021922619999999955,0,0.6261012499999995,0,25.705358829999994,0
2023-10-05,0.33923889000000257,0,0.23788314000000305,0,26.12176262000007,0
2023-10-06,0.15990089000001345,0,0.12968304999999924,0,42.27686470999998,0
2023-10-07,0.034609900000000124,0.00017773000000000002,0.12873621999999912,0,41.330914499999814,0
2023-10-08,0.07474122999999976,0,0.2663847800000037,0,15.053465400000217,0
2023-10-09,0.055823960000000124,0,0.28463434999998866,0,19.539128900000307,0
2023-10-10,0.03711721999999979,0,0.1672141500000026,0,17.010783680000163,0
2023-10-11,0.03793025000000005,0,0.12182076,0,21.4407832100001,0
2023-10-12,0.02133403,1.808e-05,0.18206254999999996,0,24.56819805000006,0
2023-10-13,0.022893739999999992,0,0.36817480000000075,0,21.73216089000017,0
2023-10-14,0.03397664999999983,0,0.23316511999999906,0,13.347557959999879,0
2023-10-15,0.05748205999999973,0,0.11883585000000005,0,11.219493509999927,0
2023-10-16,0.03759824000000001,0,0.09019704999999989,0,20.41030655999993,0
2023-10-17,0.046845299999999944,0.0025843399999999996,0.19022447000000064,0,19.205874079999948,0
2023-10-18,0.04070518000000028,0,0.24847967000000093,0,18.817836510000152,0
2023-10-19,0.04191789000000007,3.266e-05,0.24942198999999898,0,18.357336240000198,0
2023-10-20,0.030843050000000233,0.00744578,0.22567042000000007,0,19.879331300000025,0
2023-10-21,0.03276389999999998,0,0.34171165999999864,0,15.672970449999967,0
2023-10-22,0.036029910000000165,0,0.372289049999999,0,11.96566164000003,0
2023-10-23,0.061425019999999934,0,0.3532836500000005,0,16.588070670000082,0
2023-10-24,1.918551250000039,0,0.052657559999995884,0,36.35277830000006,0
2023-10-25,5.56083952000016,8.61e-05,0.25585940000010154,0,35.10302514999892,0
2023-10-26,1.540566150000078,8.645e-05,0.22628714000000238,0,27.355374670000078,0
2023-10-27,1.241447930000068,0.00026221,0.13366525000002394,0,24.176246289999835,0
2023-10-28,2.8576716300001417,0,0.1708355000000383,0.00011016,16.406988730000734,0
2023-10-29,1.5674560600000365,1.698e-05,0.4084251299999775,0,11.617608660000272,0
2023-10-30,1.7799620000000822,0,0.3731468500000876,0,15.96789928000064,0
2023-10-31,0.599789230000029,0,0.28898547999995294,0,17.35033754999989,0
2023-11-01,1.6488939799999498,0,0.19499256000000598,0,19.635111090000848,0
2023-11-02,0.7046714000000078,0,0.35828483999996474,0,22.024323310000725,0
2023-11-03,3.7873606700000426,0.00021564,0.21569910000000014,0,29.049543489999273,0
2023-11-04,28.80078510999923,0,0.14446017000001987,0,50.57221222999676,0
2023-11-05,24.166726419999414,0.00011403,0.14061236000004484,0,46.96449221999959,0
2023-11-06,13.4004134399997,7.857e-05,0.10430227000000691,0,60.93456057000359,0
2023-11-07,9.96300160999997,0,0.3030735899999968,0,77.81242445999973,0
2023-11-08,30.509682060000046,0,1.22286203999996,0,86.33781578000267,0
2023-11-09,82.40722995000151,0,0.23365458000007777,0,165.96980601999604,0
2023-11-10,16.844417550000042,0.03134129,0.8598790999999366,0,145.8897113599977,0
2023-11-11,20.65606765000086,0.02922876,0.8360544899999844,0,92.87619233999933,0
2023-11-12,42.485766990000236,0,1.3591891000005134,0,71.93135973000302,0
2023-11-13,18.63771418999996,0,0.6306359899999556,0,88.38395773999967,0
2023-11-14,19.524101970000384,0,0.8324530600000699,0,81.03863518000382,0
2023-11-15,31.24943898999856,0.00029678,1.056868609999924,0,101.73694362000317,0
2023-11-16,122.092787040005,0,0.4143772199999489,0,194.94891268000288,0
2023-11-17,57.50852791999932,0,0.5463650100002937,0,188.6756219200065,0
2023-11-18,134.08961918000367,0,0.7224177599999564,0,182.00249939000219,0
2023-11-19,67.07024688000094,0.0025636099999999996,6.798808220000453,0,126.73447603000339,0
2023-11-20,41.627616900001115,0,1.8254356800000622,0,134.26050154000833,0
2023-11-21,15.413451519999333,0,26.650718440001036,0,130.3800058200033,0
2023-11-22,32.29121871000138,0,4.677575859998861,0,116.68539179999924,0
2023-11-23,39.31070451000052,0,6.127954729998962,0,175.54605978999766,0
2023-11-24,17.434353389999785,0,9.262540769999791,0,71.1088424900043,0
2023-11-25,17.597831479999883,0,17.974266140000594,0,56.592597670003,0
2023-11-26,8.270903230000087,0,23.890616510002168,0,48.978208499998296,0
2023-11-27,1.4654247599999917,0,23.888337049999553,0,64.0975043600008,0
2023-11-28,4.16411390999999,0.00011635,11.683949900000046,0,62.95841962000109,0
2023-11-29,3.6042858199999452,0.00010152,2.8959548100000214,0,57.161049400000344,0
2023-11-30,2.581572820000012,0,3.9050694099999474,0,64.0656563700011,0
2023-12-01,6.52321034000024,0,3.9485863799999485,0,88.70005541000074,0
2023-12-02,10.42557729999984,0,3.558061660000579,0,49.59492986000004,0
2023-12-03,55.34298057000286,0,3.9714237799998457,0,82.5669895599985,0
2023-12-04,25.95815828000013,0.00040406,2.2805387499996925,0,122.00355452000122,0
2023-12-05,9.858709750000013,0.00019949,36.14720969000216,0,190.68310818999814,0
2023-12-06,17.594789980000318,0,1.875202359999907,0,274.1911491200002,0
2023-12-07,24.252229300000856,0,2.732132130000039,0,147.49001583999964,0
2023-12-08,11.33009996000004,0,16.325234169999952,0,124.89490714000091,0
2023-12-09,32.53194705999992,0,9.627067960000367,0,97.98067726000787,0
2023-12-10,24.815025939999998,0,5.579838090000273,0,84.43986778999971,0
2023-12-11,7.497542150000045,0,12.10531713999992,0,118.0138196200017,0
2023-12-12,19.344045459999958,0,5.623761059999765,0,88.80127862000192,0
2023-12-13,25.09619132000057,0,5.469580689999656,0,166.18006586000595,0
2023-12-14,32.42155996999888,0,2.711295220000089,0,298.9939422800045,0
2023-12-15,115.5441710499977,0.0003842,2.5962209900003757,0,303.062346210013,0
2023-12-16,233.78156376999044,0,2.018422749999786,0,324.56034586001323,0
2023-12-17,198.15282601000527,0,1.872671350000104,0,349.9737971900005,0
2023-12-18,106.25678548000127,0,6.785762179999651,0,277.6944723500011,0
2023-12-19,113.23842874000009,0.00068007,35.22437519000077,0,287.7710715800029,0
2023-12-20,95.92029667999881,0.00021986,42.6473159300013,0,287.92907261000926,0
2023-12-21,102.43266014000056,0,31.390487560001617,0,271.5197777700015,0
2023-12-22,52.47231091999987,0,38.824951270003766,0,233.19097656998443,0
2023-12-23,43.015075320002055,0,10.629120759999957,0,149.27129231000254,0
2023-12-24,36.873544349999875,0,27.200281540002408,0,114.85111146000459,0
2023-12-25,31.54349969999962,0.00059326,28.73141027000071,0,108.61082893000354,0
2023-12-26,38.73012263999984,0.00024393,12.7199094200013,0,116.36137581000294,0
2023-12-27,49.643072800003466,0,24.51559036000134,0,194.50740914000468,0
2023-12-28,31.47334130000266,0,5.750495820000026,0,194.64785002000454,0
2023-12-29,14.269513590000198,0.0001008,13.482003159999895,0,183.87638189001157,0
2023-12-30,18.694421799999922,0,8.539739639999674,0,237.06058368000754,0
2023-12-31,94.81628214999813,0,21.53693555999901,0,238.0149095100042,0
2024-01-01,20.116833840000044,0,4.334727780000186,0,195.44325497001438,0
2024-01-02,9.767242999999796,0.007412850000000001,5.711570600000136,0.0014052,127.01114702000038,0
2024-01-03,17.558487890000336,0,9.36279875000005,0,119.33147170000255,0
2024-01-04,7.419825439999942,5.55e-05,11.473528639999893,0,108.71028436000276,0
2024-01-05,11.15369884000015,0,10.551541789999028,0,95.1766410300008,0
2024-01-06,8.3738574099999,0,9.773772559999834,0,69.14551654000024,0
2024-01-07,6.582771569999871,0,6.927746300000161,0,62.78259090000276,0
2024-01-08,9.96493184000019,0,1.8679151099996822,0,113.09665558000354,0
2024-01-09,14.08886453000012,0,4.731145029999848,0,93.29323780000036,0
2024-01-10,5.2080936899999575,0.000216,5.589455919999862,0,73.2598577200033,0
2024-01-11,5.685653200000234,0,9.756327469999636,0,85.84110013000124,0
2024-01-12,6.1798047100000835,7.854e-05,2.133200160000075,0,99.33328613000066,0
2024-01-13,61.66757747999346,0,1.314226680000175,0,63.76987353000377,0
2024-01-14,115.03542589999505,0,0.4253077300001138,0,103.61661021998754,0
2024-01-15,25.820562090000777,0,3.3803363899998224,0,88.19394722000361,0
2024-01-16,30.841730070002864,0,1.9648109900001423,0,91.47706754000629,0
2024-01-17,5.968574459999909,0,14.780947319999973,0,83.84899302000154,0
2024-01-18,2.9937325900000626,0,24.98966515999976,0,93.31017434000222,0
2024-01-19,7.685775579999901,0.00111303,3.701398900000547,0,72.782847370003,0
2024-01-20,7.8449444200001945,0,1.8816526799998563,0,62.45443932000309,0
2024-01-21,5.0895391100000085,0,2.0165084800000326,0,64.47315985000336,0
2024-01-22,9.13221101,0.00033883,5.503660960000451,0,61.36640965999958,0
2024-01-23,4.08093058999989,0.00010024,13.270649719999614,0,71.16298244000042,0
2024-01-24,5.52696493999971,0,4.479247420000135,0,50.5379033400014,0
2024-01-25,4.299216859999787,0,2.271850429999919,0,57.56215000000286,0
2024-01-26,10.259715499999668,0,1.6981958199999934,0,43.274336299999455,0
2024-01-27,16.13667163999995,0.00015192,2.706997600000463,0,39.35037328000242,0
2024-01-28,18.052702320000208,0,3.4846442800002038,0,34.10739026999847,0
2024-01-29,14.944068540000949,0.00041211,1.0942672200006598,0,39.69836587999999,0
2024-01-30,9.597636469999674,0,1.0745317100002794,0,40.95568365000021,0
2024-01-31,5.31908261000015,0,1.5327173600000368,0,42.98963561000056,0
2024-02-01,4.02625581000009,0,5.166280399999926,0,47.957658470001,0
2024-02-02,3.534385819999979,0,10.49132223999992,0,51.72505149000099,0
2024-02-03,3.3006737199998146,0,67.17220954000557,0,106.67316046999842,0
2024-02-04,1.0415811100000114,0,16.295721749999643,0,81.09258459000121,0
2024-02-05,0.6134362400000006,0.0013948,2.0544839900000422,0,62.15496900000134,0
2024-02-06,1.1437670499999975,0,0.8072661399999876,0,51.150910289999054,0
2024-02-07,3.0819535200000483,0,14.382815810000828,0.00134225,55.607268680002356,0
2024-02-08,0.7666241199999999,0,1.6578561799999931,0.00093264,50.560273660000256,0
2024-02-09,1.5580195100000096,0,3.772881599999883,0,49.386041890000726,0
2024-02-10,1.2734376500000133,0,5.433043659999992,0,34.4832163800009,0
2024-02-11,0.9774396100000238,0.00013576,2.8521681199999938,0,24.842332500000616,0
2024-02-12,0.9741392000000142,0,12.018236840000318,0,54.18091280000157,0
2024-02-13,0.9840925900000014,0,2.483570310000115,0,43.96234741000049,0
2024-02-14,0.3474688200000004,0,14.40855524999991,0,39.42199269000012,0
2024-02-15,0.5371754000000022,0,6.705898400000022,0,31.306181610000166,0
2024-02-16,0.5064010000000021,1.668e-05,2.5619917899999525,0,29.750732710000648,0
2024-02-17,0.5046105100000009,0,4.157578520000008,0,24.269266880000252,0
2024-02-18,0.6742826600000063,0,3.940727400000025,0,20.097377259999977,0
2024-02-19,0.5729564900000057,0.0002786,3.8757787599999283,0,24.702283300000914,0
2024-02-20,0.9002284000000026,0,4.922368370000067,0,25.980348259999708,0
2024-02-21,1.5219050100000493,0,6.399383750000046,0,23.608440190000113,0
2024-02-22,0.41747261999999785,0,3.6059937899999746,0,24.220713910000345,0
2024-02-23,2.056363199999929,0.00289912,3.718268549999899,0,25.048063310000824,0
2024-02-24,0.7504181900000096,0,4.366200969999967,0,20.84537937000119,0
2024-02-25,1.7855909999999815,0,2.604316899999901,0,19.927734420000085,0
2024-02-26,0.7207644900000073,0.0001174,4.396422219999922,0,27.01560150000094,0
2024-02-27,3.1446931199998365,0.00035438,5.153342979999932,0,39.869960820001694,0
2024-02-28,0.9854149800000013,0.00039758999999999997,4.477824749999987,0,54.484569900001226,0
2024-02-29,0.7391026099999978,0,8.837443990000025,0,65.69097949000079,0
2024-03-01,0.9495952900000049,0,6.582762519999895,0,51.62562358999998,0
2024-03-02,1.272199219999994,0,4.875303589999846,0,35.861745909999435,0
2024-03-03,0.4536210300000015,0,9.389727649999957,0,36.29343336999999,0
2024-03-04,0.6019246299999997,0.000926,11.699893639999997,0,70.49208933999982,0
2024-03-05,1.3292600999999924,0.00162345,11.865714449999972,0,90.01511041000036,0
2024-03-06,1.0833378100000002,0.00145,5.854922359999991,0,60.55331919000023,0
2024-03-07,0.825003790000003,0,7.849908269999962,0,43.48169298000036,0
2024-03-08,2.5224576500000344,7.659e-05,5.980314450000132,0,39.54865787000106,0
2024-03-09,0.6490227800000034,0.0036239,4.8977869199998905,0,35.15375842000011,0
2024-03-10,0.5008872100000002,0.00052098,5.366806350000046,0,30.673243960000136,0
2024-03-11,1.455423789999996,0,2.992266810000002,0,36.5875785500007,0
2024-03-12,0.5354356300000018,0,2.881446860000003,0,35.18603129000035,0
2024-03-13,0.647840550000002,0.00167524,3.8356572399999904,0,31.16017132000052,0
2024-03-14,0.39106782000000306,4.528e-05,2.016877220000011,0,31.34433254000042,0
2024-03-15,0.27085689000000013,0,2.97411901999999,0,33.895629320000296,0
2024-03-16,4.4759926699999,0,1.5353561699999876,0,32.19532790000001,0
2024-03-17,1.080739460000003,0.00028224,2.0826722600000025,0,22.360729500000435,0
2024-03-18,1.8653905600000322,0,4.334946999999977,0,35.66788386000122,0
2024-03-19,0.40886092999999984,9.372e-05,5.002085089999992,0,40.64362704999998,0
2024-03-20,0.8944233799999877,7.654e-05,2.062463320000002,0,30.28822224,0
2024-03-21,1.8432799899999948,0.00013666999999999992,4.526893960000046,0.0004578,31.716929970000706,0
2024-03-22,0.8132578100000201,0,6.1946773099999275,0,30.426022240000307,0
2024-03-23,0.5761074800000007,0,2.292057750000005,0,21.697679260000204,0
2024-03-24,0.8414331300000243,0,1.8441158999999594,0,18.61504620999986,0
2024-03-25,0.47239197,0,4.40366110999998,0,22.954919690000366,0
2024-03-26,0.5993425900000041,2.926e-05,4.729258230000006,0,26.36949429000177,0
2024-03-27,0.7182779899999998,0,3.4628399299999746,0,26.161088460000332,0
2024-03-28,2.0437199799999295,0,1.9523113599999822,0,26.19774638000094,0
2024-03-29,4.350948020000121,0,1.402229090000061,0,23.560148139999583,0
2024-03-30,7.455925180000101,0,1.211170740000016,0,21.218182309998603,0
2024-03-31,3.506640210000015,0.00017307,6.642965690000061,0,17.899196900000593,0
2024-04-01,0.8371724900000018,0,4.322901179999997,0,22.088650930000583,0
2024-04-02,0.952404990000011,0.00114179,1.5650082199999469,0,19.97705301000073,0
2024-04-03,1.0807256800000218,6.039000000000001e-05,1.9517027399999918,0.00017225,24.56061046000102,0
2024-04-04,0.43470388999999976,0,0.97137537999999,9.828e-05,21.64574260000019,0
2024-04-05,0.8266754199999966,9.067999999999999e-05,1.424969760000025,0.00032529,18.482755060000546,0
2024-04-06,1.2689455799999163,0.09481842999999983,1.2475670900001268,0.0001894,15.346199100000302,0
2024-04-07,3.254000060000128,0.10767305999999996,2.435828619999939,0.00062934,15.92487154000018,0
2024-04-08,1.1152679900000324,0.11170448000000004,6.216976399999898,2.74e-05,25.675655650000067,0
2024-04-09,8.511784250000073,0.35514365,3.0666083399999478,0.00035352,35.311879130000975,0
2024-04-10,6.884991989999931,0.6206736999999956,5.664326729999883,0,56.666219130001124,0
2024-04-11,19.2954706,0.0164323,8.135822249999936,0,76.93154733000289,0
2024-04-12,33.2481969900008,0.006030449999999999,10.02260276999938,0,113.94225735000114,0
2024-04-13,23.378296170001075,0.00741601,8.4385939199999,0,73.67150385000154,0
2024-04-14,11.243484079999863,0.0022758700000000006,10.226924770000078,0,54.68693345000096,0
2024-04-15,22.440066059999044,0.007111619999999999,7.842496209999999,0.0011892,124.73091869000388,0
2024-04-16,3.3754078199999866,0.004171370000000001,15.701253159999963,0.00055322,75.7552861399999,0
2024-04-17,18.607992720000166,0.007032320000000001,14.48122836000025,0.00022596,86.8713689799985,0
2024-04-18,6.809700779999766,0.005697659999999998,18.22784489000034,0.0062178699999999995,83.06331208000098,0
2024-04-19,2.859760080000001,0.7662717499999997,12.753659650000023,0.015547080000000001,100.54741105000014,0
2024-04-20,1.7614496300000002,932.8837712800328,4.990535259999746,39.015330520000006,279.0643585599728,0
2024-04-21,1.02670106,195.9924566199952,1.3825575600000013,0.67305612,145.00075625999585,0
2024-04-22,0.63864993,115.27173176000812,3.21259113,0.511569809999995,134.299494189979,0
2024-04-23,0.6143920900000001,302.5232821999941,0.5081292100000008,0.16594725000000002,134.74199273000244,0
2024-04-24,1.0440237299999995,120.34958300998774,3.1662026800000187,0.21881981,133.93109764000098,0
2024-04-25,1.225588190000001,30.827035929999216,1.3970282899999813,0.05937278000000001,72.18074883998985,0
2024-04-26,0.3520499800000001,28.31208463000002,1.371722289999998,0.23879021000000006,66.46469439000049,0.00054599
2024-04-27,0.3807039300000011,17.13556253999964,1.6076852999999984,0.2217382699999997,43.73983484000263,0
2024-04-28,0.3690682300000003,15.809485289999717,1.8526057499999982,0.29131176000000014,34.89851808000273,0.00041062
2024-04-29,0.4557376600000026,9.970200059999872,0.5914505300000052,0.26148219999999917,34.16291413000059,0
2024-04-30,0.3305380899999988,10.481999880000071,0.7027135400000001,0.5481152900000058,33.28687613000289,0
2024-05-01,0.3530799900000042,7.505431620000754,0.6997515099999942,0.05095312,29.167915669999243,0
2024-05-02,0.25872263999999984,8.365791850000956,0.6749125200000005,0.09863502999999998,25.974979979998178,0
2024-05-03,0.24601366999999993,8.478971940000367,0.5627515800000011,0.03654342,24.832189330000645,0
2024-05-04,0.2431892899999998,19.419930960000283,2.122676749999995,0.040307600000000006,24.071912670001193,0
2024-05-05,0.2746736599999999,72.7340826400002,0.21278311999999994,0.07868377000000003,50.933822280005884,0
2024-05-06,0.20462968999999973,11.134928230001043,0.39808731000000064,0.04274438,28.696932639998693,0
2024-05-07,0.19959302999999998,6.870675590000152,2.230513559999995,0.04409647,26.58575306000079,0
2024-05-08,0.28403201000000117,6.164186499999984,1.718211589999979,0.018555850000000002,22.080093500000583,0
2024-05-09,0.21548894999999924,6.390899200000171,4.41578631,0.05608755,19.484536330000253,0
2024-05-10,0.15221855000000004,12.851063920002368,0.46742014000000054,0.01995852,17.723184109995717,0
2024-05-11,0.1732138199999998,17.04377751000254,0.6935219300000015,0.01613233,18.891511620004405,0
2024-05-12,0.19471389999999986,7.366369740000604,1.296893779999999,0.007464889999999999,12.932286250002178,3.459e-05
2024-05-13,0.22615799000000014,7.023991110000565,0.28986197000000247,0.01030577,18.900662940002412,0
2024-05-14,0.6419485799999904,3.3887677500000324,0.4712407699999952,0.02049806,17.28388690000143,0
2024-05-15,0.3843778999999869,4.154657129999916,0.6083723500000011,0.0080931,17.63196356000187,0
2024-05-16,0.36345964999999825,4.297647579999969,1.0488151600000004,0.026193639999999994,16.960314120002174,0
2024-05-17,0.5778234400000055,5.115841710000289,0.17130115000000998,0.00590925,15.757628259998562,0
2024-05-18,0.5587009600000192,3.7565869599999884,0.15152896999999152,0.017980809999999996,13.33916222000012,0
2024-05-19,0.18432813000000053,5.321441180000232,0.28600452999999926,0.05342077999999999,10.51091156999922,0
2024-05-20,0.15033164999999982,4.04821532000045,1.035063510000002,0.0028773099999999997,12.434715449999226,0
2024-05-21,0.1323586399999998,7.997131730000432,0.8829087399999991,0.014509310000000001,19.496475390000533,0
2024-05-22,0.6296192900000053,4.835134890000252,0.7610228000000128,0.01385071,15.027546049999263,0
2024-05-23,0.21021917999999976,11.163683900000567,0.7254703399999988,0.01625945,17.832627289999404,0
2024-05-24,0.13342059999999983,8.605927670000563,0.71910375,0.014396619999999999,13.726207769999869,0
2024-05-25,0.13441988000000007,9.413768679999748,0.5739531900000155,0.01202574,10.961881679999802,0
2024-05-26,0.13351808000000004,9.312342700000595,0.9286038100000005,0.022903490000000002,9.094395419998591,0
2024-05-27,0.13557618999999976,7.014006049999241,0.27947979000000006,0.03949417000000001,14.680467400001305,0
2024-05-28,0.3950644700000057,5.262906490000205,0.12059006999999569,0.033470040000000006,12.214656350000963,0
2024-05-29,0.15072669000000014,19.198729810002305,0.2157830600000002,0.00589925,19.35670849999878,0
2024-05-30,0.27893362000000077,10.526955629999618,0.23743491000000266,0.04131929999999999,26.371027380001944,0
2024-05-31,0.6129532699999959,31.379860440001114,0.15754861000001616,0.03012107,37.12398084000291,0
2024-06-01,0.43314898000000684,19.72811623000066,0.10993477000000582,0.0255638,23.92986497999828,0
2024-06-02,0.8006414299999267,16.20714463999973,0.081669519999995,0.021139559999999998,18.022809449997336,0
2024-06-03,1.526036409999859,16.443654539999976,0.0922936299999947,0.02395435,25.65461175999865,0
2024-06-04,1.1533571499999096,11.341516439999353,0.42144410999998827,0.00248733,22.29870822999724,0
2024-06-05,2.20877167000005,18.88039166999825,0.18157505999999113,0.01069482,35.20146868000237,0
2024-06-06,0.8064222000000011,25.865300460000746,1.2418672599999996,0.029632089999999996,37.9235698499967,0
2024-06-07,1.9411180000000017,6.7416518599999185,0.4942180300000003,0.0044046,303.47884850999793,0
2024-06-08,4.1058778400000016,11.287116729999765,0.2692415900000017,0.0074388300000000004,139.85339920999928,0
2024-06-09,3.3168616000000615,18.903884100001232,0.2915866000000022,0.02064545,51.0562572800035,0
2024-06-10,0.8000243799999969,20.942223920000508,0.846873400000007,0.026767449999999998,43.12930363999455,0
2024-06-11,0.936389690000001,8.198864109999878,0.905815819999999,0.018821320000000002,34.26678682000163,0
2024-06-12,0.6507751799999992,17.278707480000687,0.23755510000000024,0.00876767,28.41290906999998,0
2024-06-13,0.27671228000000014,26.250767120000635,0.83287857,0.03185519,30.14622105999504,0
2024-06-14,0.24432741999999968,19.944859780000176,0.39737020000000073,0.023064819999999996,31.836138149999467,0
2024-06-15,0.32308032999999986,11.557433319999925,0.5616653000000035,0.0225325,32.55317384000193,0
2024-06-16,1.8345819200000244,8.676291900000159,1.0181139099999938,0.07924761,25.374712289999486,0
2024-06-17,0.30467931999999776,6.246211649999605,0.5777612200000016,0.062470340000000006,20.182134839999986,0
2024-06-18,0.1848179099999997,13.548214049999695,1.1789200800000053,0.024474049999999997,22.338237640001513,0
2024-06-19,0.4687931500000007,13.019054579998715,0.5556742099999991,0.02565048,18.367693480000984,0
2024-06-20,0.2333716399999989,9.2730354299999,2.097339990000006,0.04003843,20.435070489999347,0
2024-06-21,0.15595065000000025,8.109325090000477,0.5624334799999987,0.03252471,18.706075509998886,0
2024-06-22,0.14428488000000012,7.0706880600005775,0.6537766999999927,0.0170749,12.90825395000051,0
2024-06-23,0.3392584199999972,4.070803360000711,0.3516512899999923,0.014967800000000002,10.086455049998941,0
2024-06-24,0.1549933,3.676103379999736,0.31373559000000095,0.022587160000000002,15.499249210001755,0
2024-06-25,0.14826221999999978,6.894829710000059,0.1861385699999995,0.01374458,14.646792510000907,0
2024-06-26,0.14168389999999956,5.812062770000077,0.3143310799999981,0.04601909999999999,15.018662060001875,0
2024-06-27,0.09751274999999993,2.8581190499999907,0.3058469799999969,0.04334284000000002,14.797782450000572,0
2024-06-28,1.0877290499999523,3.376908820000233,0.6042772499999987,0.060774209999999995,13.070331680001312,0
2024-06-29,0.07868084999999991,4.612180439999706,0.606528009999992,0.11982306,10.79000437000185,0
2024-06-30,0.14593858999999915,2.7331792199999443,0.555971340000006,0.07631391000000003,9.909573090001361,0
2024-07-01,0.07992748999999993,2.74192086000017,1.4288622500000143,0.045829959999999996,14.058382160001328,0
2024-07-02,0.3112419300000281,4.348831290000377,0.41370804000000605,0.01150964,12.144413239999114,0
2024-07-03,0.10680509999999853,3.94084880000009,0.3618831299999947,0.013363249999999998,11.732970509999822,0
2024-07-04,0.0975186899999999,3.6718370399999323,0.15913402999999962,0.00465201,12.945913969998601,0
2024-07-05,0.16699246000000015,2.721476740000268,0.15710126000000185,0.00317557,11.67191321999841,0
2024-07-06,0.2625402600000009,4.323117830000375,0.33031961999999926,0.00392175,10.594268799999679,0
2024-07-07,0.2617200200000038,4.448398199999693,0.17473771000001054,0.03273618,7.405511799999885,0
2024-07-08,0.08054362999999973,3.4470187800000365,0.21976540000000194,0.01886786,11.01708209000018,0
2024-07-09,0.3290277200000032,3.388133220000298,0.1870159200000002,0.01692669,9.294859100000126,0
2024-07-10,0.06342405999999996,5.168184750000342,0.1817147399999996,0.0061270000000000005,10.726800329999577,0
2024-07-11,0.06267216999999986,3.269460249999338,0.2170329899999997,0.0034071900000000005,8.864977600000667,0
2024-07-12,0.07081536000000038,3.1186120600003804,0.13990697999999904,0.00897554,8.967121940000277,0
2024-07-13,0.06556122999999997,8.880853549999218,0.16880717999999975,0.010191430000000003,10.301676980002279,0
2024-07-14,0.2030986999999999,3.454615980000041,0.3862064100000052,0.021920600000000005,9.165500100000353,0
2024-07-15,0.1149180699999999,2.6128645900000067,0.17336259000000084,0.01653969,10.284616120000448,0
2024-07-16,0.07796265,2.4274105199999054,0.1850909100000003,0.006763339999999998,9.612507320000276,0
2024-07-17,0.08381058999999982,3.5506168799997213,0.35626698000000073,0.00502721,10.038402440000516,0
2024-07-18,0.06898755000000002,1.458358829999927,0.1916055800000001,0.01086891,8.323021999999773,0
2024-07-19,0.3586134500000135,1.5457711999999828,0.1918890400000024,0.005489330000000001,10.034579770000573,0
2024-07-20,0.3353237000000015,2.5232198799998873,0.1754601400000013,0.004517379999999999,7.144632599999588,0
2024-07-21,0.37620224000001745,3.3994840599995535,0.2783565599999938,0.00733203,5.804597790001204,0
2024-07-22,0.10662544000000006,4.464468159999597,0.3221218099999997,0.00537807,8.81927085000027,0
2024-07-23,0.1361860400000048,3.367845100000105,0.2877764100000014,0.00626764,7.425252760000134,0
2024-07-24,0.05495867000000004,1.8506537900001832,0.3612095399999993,0.011719090000000001,7.961440590000802,0
2024-07-25,0.06312325999999975,2.4164920900003253,0.37911575000000247,0.006727,7.814240630000366,0
2024-07-26,0.09329001000000003,1.1253461299999585,0.3211779999999974,0.004808389999999999,8.831123760000407,0
2024-07-27,0.24948232999999959,1.2643489600000328,0.3301716899999915,0.009038400000000002,8.370760660000027,0
2024-07-28,0.11000047000000014,2.70410594000018,0.24588474000000576,0.01455099,5.084031479999585,0
2024-07-29,0.06385253,2.7050534900003957,0.26752583000000124,0.0022449999999999996,7.828325339999735,0
2024-07-30,0.05795536999999991,2.1704530600001064,0.17253693999999914,0.0027220000000000005,7.3106282600004295,0
2024-07-31,0.0972512899999997,1.2588979600001216,0.2863728400000012,0.007953040000000001,8.961968649999738,0
2024-08-01,0.12120434999999967,1.3522442300000168,0.17262554000000005,0.011208159999999998,7.768333140000212,0
2024-08-02,0.11677747999999454,0.7774929600000319,0.1270036500000022,0.004984520000000001,7.7413194099996705,0
2024-08-03,0.1258531499999972,1.1933699799999415,0.24253261000000056,0.00350806,6.662564580000442,0
2024-08-04,0.1338453800000034,1.2231977099999989,0.16683456000000008,0.0073048,5.7541071300000315,0
2024-08-05,0.08378144999999981,0.9871301500000346,0.0953616099999984,0.00462863,8.077895389999817,0
2024-08-06,0.08378868000000037,0.9693640500000098,0.12256222999999941,0.00348277,7.023381539999744,0
2024-08-07,0.08755183000000019,0.6875769599999427,0.1395455000000002,0.010086580000000001,6.943001460000416,0
2024-08-08,0.2804670600000006,0.7505821399999,0.11245573999999989,0.0032896500000000003,7.85922400999966,0
2024-08-09,0.23566413000000375,0.6128714900000108,0.5093624100000043,0.0026879499999999997,7.248623840000406,0
2024-08-10,0.2195058200000097,1.1768240400001697,0.12614796999999892,0.009967539999999999,5.22515797000019,0
2024-08-11,0.20409594000000467,1.4202614699998461,0.11170481000000326,0.0029873899999999995,4.845665930000183,0
2024-08-12,0.1382737900000001,0.9463148499998981,0.14997544000000085,0.00373094,7.041605980000236,0
2024-08-13,0.3564267900000013,1.1803893099999263,0.11780432000000404,0.012495120000000002,6.3919251300007325,4.12e-06
2024-08-14,0.46516346999998465,0.8255619100000149,0.17126306999999683,0.00599287,6.502704760000556,0
2024-08-15,0.11161806000000087,1.5405228899999586,0.14474372999999985,0.0042929,6.815751450000316,0
2024-08-16,0.26342182999999825,1.5976708199999763,0.13708170999999922,0.005142450000000001,6.887508340000149,0
2024-08-17,0.1467634300000041,1.640255300000097,0.19089121000000314,0.00636855,5.258535310000165,0
2024-08-18,0.06274351999999997,1.9802712699996878,0.3753902400000006,0.006818479999999999,4.794535049999931,0
2024-08-19,0.10456478000000077,1.9599332100000948,0.1599630099999976,0.00947818,6.634772539999564,0
2024-08-20,0.2761063600000047,2.453088899999865,0.12990080999999962,0.007552359999999998,7.100261789999787,0
2024-08-21,0.27945085000000064,1.852717519999936,0.1180118099999981,0.006180800000000001,6.22275729000027,0
2024-08-22,0.1735167000000004,3.1790246200005408,0.08098899000000016,0.00540012,96.82601908997545,0
2024-08-23,0.10512819000000026,2.1299671399997764,0.15793560000000248,0.00564955,7.418112300000772,0
2024-08-24,0.18446667000001457,2.131733100000008,0.0952043399999995,0.0043267800000000006,5.088834320000109,0
2024-08-25,0.08630018000000066,2.459627219999666,0.13974906999999936,0.0046540999999999996,4.338789209999694,0
2024-08-26,0.09774122999999986,1.6767513199998498,0.17777884999999996,0.00432954,6.542325890000168,0
2024-08-27,0.08476887000000016,1.5364522100002787,0.09376039000000007,0.006171620000000002,6.0678670499991405,0
2024-08-28,0.07917164999999987,1.6830609500001728,0.175539480000003,0.0029528100000000006,5.772309130000061,0
2024-08-29,0.07825618000000009,1.008788259999753,0.1384080400000021,0.00222392,6.968843989999665,0
2024-08-30,0.09751868000000119,1.0382112900000664,0.21507035999999757,0.00376282,6.658808269999907,0
2024-08-31,0.06306788999999999,1.6048179200000847,0.18110185999999942,0.0008192000000000001,4.4758633400004575,0
2024-09-01,0.06278000999999991,1.483801130000146,0.3739102700000044,0.0039841699999999996,4.533378119999242,0
2024-09-02,0.0706174400000005,1.786628149999882,0.619750620000002,0.00193638,5.131046719999596,0
2024-09-03,0.06110686999999992,1.164819259999652,0.8135199100000037,0.00245863,6.429760950001151,0
2024-09-04,0.07406466000000031,1.7637097999996576,0.20086648999999818,0.00144259,5.731583480001252,0
2024-09-05,0.06315770999999988,1.9130810799999507,0.32969342000000496,0.0015879000000000002,8.434338700000824,0
2024-09-06,0.08066446000000001,1.5188231599997732,0.1091796400000004,0.00461,5.907601730001279,0
2024-09-07,0.0649595,1.9551404499993752,0.0878770099999999,0.004541990000000001,4.439848930001,0
2024-09-08,0.08209484999999964,2.2229927599998254,0.14175811000000177,0.02081798,3.856505240000976,0
2024-09-09,0.06833155000000009,1.1032367900001705,0.08119645000000052,0.00246826,5.647225639999328,0
2024-09-10,0.05454409000000003,1.0728778300000905,0.07213064999999953,0.004695950000000001,5.757435889999331,0
2024-09-11,0.08795804000000193,0.6245238100000554,0.1553174899999973,0.00256511,5.7719357500000426,0
2024-09-12,0.11291314000000145,0.9893819100002795,0.09258683999999907,0.0084746,7.128185159999294,0
2024-09-13,0.07550612999999998,0.6092428500001433,0.1372836800000003,0.0023262999999999995,6.671183199999852,0
2024-09-14,0.07108457000000035,1.289458640000291,0.16934418999999917,0.0019324799999999999,5.0667336299995345,7.46e-06
2024-09-15,0.07839751000000042,1.422843280000306,0.10660756000000103,0.0018120400000000002,4.7179745800002495,0
2024-09-16,0.07005801000000013,0.8098984599999851,0.2543273700000037,0.0006658400000000001,5.348158349999656,0
2024-09-17,0.07904264999999974,0.8292920100002656,1.18869477,0.00302512,6.144509909999042,0
2024-09-18,0.08853482000000033,0.8756920500001839,0.22136956999999882,0.0037198400000000003,5.830258989999464,0
2024-09-19,0.10083090000000014,1.3955478099999898,0.09835144999999931,0.00154636,8.343642810000626,0
2024-09-20,0.09338213000000059,0.8920080299999249,0.16550065999999883,0.0042115799999999995,8.358159380000293,0
2024-09-21,0.07927672000000027,0.8688912700000528,0.13682600999999914,0.00066349,4.991674730000141,0
2024-09-22,0.14930665999999632,1.0837695199999275,0.10717572999999739,0.00630845,3.9450270200000577,0
2024-09-23,0.12189700999999725,1.4245486000000027,0.15644841999999895,0.00098316,6.033367989999466,0
2024-09-24,0.08308190000000018,0.7142912000000172,0.18965475999999812,0.005674869999999999,5.9801690099998,0
2024-09-25,0.08751066000000045,0.7055906300000478,0.13580629999999877,0.005114239999999999,5.714888019999827,0
2024-09-26,0.07574063000000004,1.3815174100000576,0.14668243000000067,0.0036151399999999998,6.923280049999901,0
2024-09-27,0.08285708000000015,1.4713579700000383,0.5305042299999996,0.01770119,8.968982540000312,0
2024-09-28,0.08133272000000051,2.7485923600000395,0.5554955499999984,0.010290730000000001,6.661897350000089,0
2024-09-29,0.07410721999999989,2.144695940000113,0.08545072999999943,0.007600920000000001,5.2208553099998944,0
2024-09-30,0.07127819000000002,1.033471249999922,0.10486164999999975,0.00211481,6.118155720000544,0
2024-10-01,0.06417259999999982,1.3802407499997567,0.07158716999999996,0.00124958,6.388881900000922,0
2024-10-02,0.05825516999999996,1.0907988299999751,0.07081716,0.00352307,5.643259390000164,0
2024-10-03,0.06344934000000005,1.0873225000000064,0.10775268999999975,0.00585477,6.374499670001046,0
2024-10-04,0.0625849200000001,0.979794770000101,0.21409675999999891,0.00173934,5.896440319999915,0
2024-10-05,0.07611907000000047,5.820231419999868,0.04077135000000097,0.007448150000000001,6.147188160000344,0
2024-10-06,0.40389029000002324,3.7037126500000728,0.10801782999999505,0.005007889999999999,5.538157819999929,0
2024-10-07,0.41903199,4.788315070000233,0.0823191800000031,0.005341930000000001,7.403035490000065,0
2024-10-08,0.10420254999999994,4.80984937999977,0.09311461000000049,0.009000479999999998,11.786638420000676,0
2024-10-09,0.06550983999999997,5.45016078,0.1600036100000001,0.007346530000000001,9.544225600000205,0
2024-10-10,0.07267209000000002,10.050813809999847,0.13825017999999983,0.0037711600000000004,14.985700700000782,0
2024-10-11,0.08699704000000003,18.945595870001068,0.05474318,0.01327391,25.550399949996137,0
2024-10-12,0.11359310999999993,22.102364500000657,0.05928466999999998,0.01126561,22.519346980000787,0
2024-10-13,0.10557552999999903,9.649621869999569,0.11477764000000013,0.0064583,14.842962859999941,0
2024-10-14,0.07264474999999995,8.676258279999736,0.10781804999999985,0.01481528,16.762603660000792,0
2024-10-15,0.08021100000000009,9.191974370000269,0.17413804000000027,0.007989970000000002,16.353964519999682,0
2024-10-16,0.05753013000000004,28.744430689999806,0.07121670000000002,0.00847466,22.008998529997545,0
2024-10-17,0.11425228000000003,21.37958081000341,1.3259931999999965,0.0191785,38.56647832999652,0
2024-10-18,0.08919694000000061,2.8736802299999895,0.12886795999999823,0.01003393,21.997565979999713,0
2024-10-19,0.07298330999999977,4.802433449999637,0.6940112400000005,0.006005250000000001,10.024390170000427,3.819e-05
2024-10-20,0.08208589999999988,5.314733340000056,0.20740030999999925,0.00476459,7.92535717999949,0
2024-10-21,0.05540431000000001,7.507802159999561,0.10055651,0.01150743,9.842257620000035,0
2024-10-22,0.8119840699999803,9.376306539999126,0.47879707999999876,0.020184650000000002,14.999202870001655,0
2024-10-23,0.06962704000000011,8.5118057800016,0.40212743999999956,0.0044313799999999995,14.842223589998175,0
2024-10-24,0.05988180000000003,24.579375459999454,0.1253979200000001,0.00190796,22.751642840001644,0
2024-10-25,0.1003818900000001,11.929962409999577,1.1113096299999985,0.00436768,23.534494289998086,0
2024-10-26,0.10337388999999962,1.3236008000000983,0.2268837399999984,0.012013490000000002,8.87058625999939,0
2024-10-27,0.12595111999999703,1.2841498500000543,0.26422369999999523,0.00814126,6.55632199999955,0
2024-10-28,0.10072911999999908,1.3381149900000116,0.2651348699999932,0.00560652,5.890391579999989,0
2024-10-29,0.07802221000000024,2.1184337600000354,0.369960069999997,0.004738,8.912251130000193,0
2024-10-30,0.07238487000000032,1.821175840000007,0.2727895799999984,0.0037914,7.211997649999801,0
2024-10-31,0.10436042999999816,49.580569020012014,0.28417702999999694,0.029936120000000004,15.692644429998415,0
2024-11-01,0.10129500999999823,1.1846594900001504,0.30878435999999776,0.00192964,6.714374149999653,0
2024-11-02,0.08683347000000023,1.4843177299999841,0.4520897500000042,0.00248911,5.087185209999925,0
2024-11-03,0.07228000000000089,0.6670988199999717,0.16766773999999834,0.00094735,4.4387160300000525,0
2024-11-04,0.07547225000000075,0.5552304000000609,0.2138123699999969,0.0025806099999999997,5.4453655399998615,0
2024-11-05,0.058385020000000114,0.43888135000003586,0.2175282799999936,0.00024050000000000002,5.783938469999867,0
2024-11-06,0.08326886999999751,0.8497596699999977,0.08598785999999924,0.00190852,7.26011617999954,0
2024-11-07,0.10847204000000035,0.7567332100000148,0.0995160799999993,0.013913250000000002,5.665885119999921,0
2024-11-08,0.125434479999998,1.1490760900000019,0.10174653000000024,0.00117415,6.579384959999932,0
2024-11-09,0.16746347999999925,5.44174612999977,0.040198799999997606,0.003930739999999999,7.544481470000174,0
2024-11-10,0.5973362600000013,1.6498512499999929,0.13325101999999397,0.0025231799999999994,8.450972030000482,0
2024-11-11,0.12982389000000205,1.514319910000015,0.09270693000000069,0.00265473,13.477498820000303,0
2024-11-12,0.24481147000000172,2.466519300000025,0.1312598299999993,0.00088157,17.144553070000345,3.504e-05
2024-11-13,0.3143498099999986,4.335512209999871,0.066725780000002,0.00273859,18.215171460000057,0
2024-11-14,0.3824513099999982,5.1788839399998094,0.04200576000000064,0.00070275,19.092484430001257,0
2024-11-15,0.5282597600000014,13.582768249997589,0.10622943000000677,0.012416849999999998,27.19152519000035,0
2024-11-16,0.5961787399999936,3.0633085599999763,0.14613583999999522,0.01370076,14.42048351000001,0
2024-11-17,0.4232491999999968,1.732277800000017,0.1974743099999985,0.00512552,7.110606510000095,0
2024-11-18,0.19078239000000208,4.726542110000356,0.09527020999999693,0.00178663,12.508861060000058,0
2024-11-19,0.17839185999999804,8.494535140000416,0.12866476000000143,0.008780409999999999,15.616204150000584,0
2024-11-20,0.1412853699999995,6.800946940000131,0.06008301000000023,0.00708203,14.25425104000054,0
2024-11-21,0.15734049000000006,4.147087449999958,0.1197140799999995,0.012036409999999999,18.4647963400006,0
2024-11-22,0.24677306999999765,3.5207645799998257,0.12050729000000204,0.00562424,14.924986950000205,0
2024-11-23,0.15957774999999877,1.2716350300000925,0.15647218000000315,0.0071389,12.203924589999517,0
2024-11-24,0.2803437400000026,1.195229769999997,0.13330129000000188,0.00792542,7.776619370000058,0
2024-11-25,0.47699954999998767,1.3131717900000601,0.10049453999998781,0.00138462,9.559986810000304,0
2024-11-26,0.43114767000000853,3.9864078499998596,0.05824777999999581,0.00157151,12.730871600000523,0
2024-11-27,1.0539540200000108,0.36278733000000446,0.08642047000000438,0.00495103,8.495292390000127,0
2024-11-28,3.2805264099999953,0.25232655000000004,0.029731019999989977,0.03136437,10.159897210000835,0
2024-11-29,0.763375129999996,0.579343890000028,0.05263645000000004,0.0053509099999999995,11.663268840000343,2.325e-05
2024-11-30,0.8502260500000314,1.7038072600000413,0.14797762000000722,0.020599540000000003,7.399920189999778,0
2024-12-01,0.4746715500000194,9.588427689995681,0.10232695000001073,0.00150425,10.020501620000667,0
2024-12-02,0.23958042000000002,0.43839231000000234,0.05240086000000002,0.004357369999999999,18.454603790000554,0
2024-12-03,1.790334009999966,0.3577328800000061,0.05693082999999603,0.00522277,13.258532020000711,0
2024-12-04,0.6240266200000116,1.5656724000000695,0.041760389999996324,0.01213679,9.603755930000146,0
2024-12-05,1.036887149999995,1.1598140399999912,0.09808735000000038,0.0143788,11.976069600000283,0
2024-12-06,0.7345646900000307,1.6883433900000424,0.10048077000000671,0.00358279,11.678183660000126,0
2024-12-07,0.5214693599999602,4.241383249999809,0.04890994999999607,0.00259433,14.250224570000588,0
2024-12-08,2.8718015799999304,0.46910711000000604,0.025289509999998155,0.00402484,11.848208140000798,0
2024-12-09,1.3078615299999363,0.46573528999999725,0.5574294900000284,0.0021761499999999995,13.637117670000505,0
2024-12-10,1.4769877899999775,0.47857429000000073,0.20574730999999385,0.013985159999999998,13.70370475000025,0
2024-12-11,2.037742209999978,1.1597776599999505,0.29826366999999376,0.0006842199999999999,15.437820710001116,0
2024-12-12,2.76189001000004,0.2556518299999993,0.1290378399999802,0.00255229,16.5394653200006,0
2024-12-13,1.9214538699999415,0.2660129400000002,0.1404311900000114,0.0022853599999999997,12.097583420000362,0
2024-12-14,1.329236339999999,1.0591472400000048,0.12983856999999377,0.00403303,9.471091080000068,0
2024-12-15,0.7625206399999892,0.4705189099999992,0.054335989999996184,0.00163317,8.277009520000227,0
2024-12-16,1.177100989999964,0.2924872100000016,0.14240833999999933,0.004289150000000001,10.711278490000405,1.29e-05
2024-12-17,0.7990593199999853,0.5739971300000124,0.31348925999997757,0.00110666,11.049689880000209,0.0002759099999999999
2024-12-18,0.8003686699999438,0.39873925999999976,0.34765548999998486,0.005968800000000001,11.56048516000062,0.00018211000000000003
2024-12-19,0.6361653399999878,0.7264038100000009,0.4770085999999962,9.532999999999992e-05,21.032630040000523,0.00039846
2024-12-20,0.4493431900000066,0.2078271099999999,0.3415708299999924,0.0020369200000000002,14.184931760000293,0.00027393
2024-12-21,0.35438646000000384,0.27747938999999616,0.6779661199999996,0.004325729999999999,9.382344500000281,0.00022816000000000015
2024-12-22,0.13913233999999935,0.5068148099999595,0.5189634999999976,0.0003865199999999999,7.119559290000196,0.00014628000000000004
2024-12-23,0.12947130000000054,0.1252017200000001,0.4930123000000005,0.00067299,10.087093780000158,0
2024-12-24,0.24431858999999703,0.14376868000000073,0.35670123000000287,0.0039253099999999996,8.82275180000007,0.00023680999999999992
2024-12-25,0.5001071800000046,0.3242810699999976,0.39935567000001626,0.00255989,6.467530169999889,0
2024-12-26,0.1479019799999985,0.22632725000000226,0.26205059000000064,0.00102809,7.086438230000081,0
2024-12-27,0.12788035000000117,0.24760841999999186,0.13922618999999486,0.0008368000000000002,6.382339840000094,0
2024-12-28,0.1028717700000008,0.1568727199999991,0.2736808299999962,0.00439288,5.122502120000049,0
2024-12-29,0.20374412000000125,0.7946084099999784,0.1797477100000002,0.00292179,5.284118859999775,0
2024-12-30,0.09814782000000004,0.558473050000021,0.26768522999999755,0.0007716,6.148329930000058,0
2024-12-31,0.3088532899999482,0.17415178999999997,0.21749525999999672,0.00279957,5.218078700000186,0
2025-01-01,0.19504280000000193,0.1193762299999996,0.24163219000000505,0.0025445200000000006,4.200753959999984,0.00031175999999999974
2025-01-02,0.4422536200000193,0.13361448000000142,0.19507005999998786,0.0006559199999999991,4.778992429999914,0.0004827700000000004
2025-01-03,0.6012660299999779,0.10025689000000028,0.14335024999999904,0.00188489,5.2853329100002195,7.54e-06
2025-01-04,0.6295860700000129,0.11200205000000038,0.692985180000003,0.00045442000000000003,4.495798170000162,0
2025-01-05,0.7577728900000466,0.13423534000000137,0.23859041999999617,0.00272502,4.775953460000186,0
2025-01-06,0.2839471899999938,0.14342346000000103,0.171432680000003,0.00011455,6.017667080000062,0
2025-01-07,0.36247211999998746,0.1639857199999994,0.20287083000000078,0.00012632,6.532267130000086,0
2025-01-08,0.6510221499999899,0.13708633000000017,0.279496100000001,0.00219159,6.506871480000193,0
2025-01-09,1.2635555000000036,0.18211955999999974,0.1618739699999972,0.014461660000000001,5.683162150000489,0
2025-01-10,0.5949824899999989,0.1514403599999996,0.26554858000001597,0.00022679,5.885443770000149,0
2025-01-11,0.4269821499999824,0.12782414000000009,0.2221751599999931,0.00024701,4.674015840000305,0
2025-01-12,0.3771371499999862,0.11013792000000015,0.3302808100000333,0.00048627999999999996,4.076376190000096,0
2025-01-13,0.504296560000032,0.12135252000000012,0.1807293000000156,0.00013524,6.969513550000337,0.0015666500000000028
2025-01-14,0.20767496000000343,0.11634862000000133,0.2516224300000007,0.00042863,5.969021920000071,0
2025-01-15,0.5311551199999667,0.10122896000000015,0.2044979000000103,0.00018506000000000002,6.675427450000136,0
2025-01-16,0.5828471100000023,0.12645267999999973,0.10427913000000019,0.00274727,6.531889870000138,0
2025-01-17,0.5988922899999878,0.10751050000000029,0.1907817799999976,0.0014999499999999997,8.097233520000357,0
2025-01-18,0.08377587999999765,0.5052098300000034,0.16390242000000133,0.00172548,5.417756490000122,0
2025-01-19,0.4452069299999969,0.16088341999999994,0.14177979000000185,0.00098301,5.734012360000143,0
2025-01-20,0.3788258200000031,0.23453492000000015,2.5456810900000146,0.00102559,9.211172190000168,0
2025-01-21,0.25383087999999626,0.16017012000000025,0.8360138100000167,0.0013166,8.975849330000107,0
2025-01-22,0.7252647000000128,0.15845217000000011,0.23279754000000677,0.00421877,6.545184590000054,0
2025-01-23,0.13832436999999953,0.09680354000000012,0.1102624799999988,0.00078785,6.454470200000043,0
2025-01-24,0.5963624399999844,0.1058020199999997,0.09841797000000001,0.00238159,5.663228590000165,0
2025-01-25,0.3642908399999956,0.10828821000000059,0.18984895000001195,0.0015840800000000003,4.769926460000027,0
2025-01-26,0.2478910700000052,0.08997862000000015,0.08059240000000323,0.00127674,3.778135750000049,0
2025-01-27,0.2182645100000006,0.09949435999999999,0.2088181500000014,0.0012102,5.608959320000007,0
2025-01-28,0.09310694999999783,0.07209319000000039,0.19890282999999964,0.0007507400000000001,4.359574230000176,0
2025-01-29,0.1621411199999987,0.10896693999999921,0.13292925999999833,0.00021726999999999998,4.4206108499999015,0
2025-01-30,0.0752656999999999,0.11373246999999842,0.16185894000000178,9.92e-06,4.620100469999928,0
2025-01-31,0.1129964299999996,0.10890793999999604,0.11662527000000061,0.0011574800000000002,4.603759419999981,0
2025-02-01,0.23989948999999033,0.07256865000000003,0.12004785000000674,0.00118149,4.34002126999986,0
2025-02-02,0.3532850599999986,0.07825382000000071,0.11227998000000197,0.00060194,4.019599120000153,0
2025-02-03,0.2724908599999937,0.09220770000000005,0.127455009999997,0.00018312,5.615655160000117,0
2025-02-04,0.21817005999999894,0.046890600000000074,0.1643322000000022,0.0032721200000000003,4.625325680000092,0
2025-02-05,0.38956751999999145,0.07084632999999878,0.2686214700000061,0.00037241000000000005,4.753636659999995,0
2025-02-06,0.4859098500000082,0.050721010000000004,0.10015762000000487,4.9479999999999994e-05,4.667347070000101,0
2025-02-07,0.7988868300000158,0.05979342999999698,0.19624434000001117,0.00045742,4.296509879999812,0
2025-02-08,0.9024401400000118,0.04719536000000029,0.0856417600000343,0.00013102,3.4847391899999787,0
2025-02-09,0.4058409700000071,0.05103850000000043,0.0998547200000007,2.8009999999999998e-05,2.936868290000031,0
2025-02-10,0.22912722999999421,0.08595497999999666,0.045904640000001946,0.00076686,4.219616119999948,0
2025-02-11,0.28503411000000245,0.057352870000000056,0.05628120000000074,0.00014082,4.859491990000035,0
2025-02-12,0.3029944400000108,0.1596619600000038,0.05017184000000394,0.00065423,4.122757929999966,0.0005572300000000014
2025-02-13,0.6734365600000087,0.06780368000000005,0.2724688400000001,0.0005211199999999999,4.656512139999957,0.005823319999999967
2025-02-14,0.2613333400000021,0.06835064000000002,0.05041574000000246,0.0021136599999999894,4.3503114900000535,0.011687509999999762
2025-02-15,0.23838139,0.054228279999999636,0.1766750800000073,0.00019280000000000002,3.3280763399999564,5.973999999999997e-05
2025-02-16,0.583434239999997,0.0655886199999996,0.036938620000000685,0.0001066499999999998,3.6261527399999425,0.006035799999999783
2025-02-17,0.3196258599999996,0.05811621000000019,0.06057558999999967,8.068999999999871e-05,5.728761320000151,0.00431569999999991
2025-02-18,0.3329235999999697,0.06514068999999925,0.05810878999999914,0.00026245999999995745,4.211025350000213,0.035545119999999514
2025-02-19,0.5462156499999857,0.11294360000000114,0.057397080000006026,0.0002705200000000102,4.32641743999989,0.0838683600000001
2025-02-20,0.7793648500000073,0.06727826999999945,0.04975701999999527,0.0030904899999987245,4.257221170000097,0.1898903199999951
2025-02-21,0.5784025800001131,0.06110843999999643,0.04176719999999917,0.00018500999999998546,4.718258490000116,0.25795403000000144
2025-02-22,1.3964811899998086,0.05320570000000646,0.056084010000006845,1.0199999999960241e-05,4.332614350000838,0.5335712199999958
2025-02-23,4.7256312599999575,0.06703348000000653,0.03589296999995473,8.503999999998069e-05,5.832930069998965,0.8423978200000062
2025-02-24,3.9771652300001032,0.0891533500000001,0.0602779499999927,0.00019215999999999678,9.591083560000893,0.15538020000000022
2025-02-25,1.1933918100001943,0.08390523000000577,0.04505638000001261,0.00024916999999996525,9.604522349999975,0.47038641000003034
2025-02-26,0.569469140000105,0.059328360000001856,0.04684534000001073,0.00014119000000001325,9.646014609999366,0.5824933299999667
2025-02-27,0.21254503000002986,0.05747659000000083,0.044651130000003925,0.00031194000000001054,7.980026979999919,0.09249505999999999
2025-02-28,0.22815642999997807,0.06826468999999974,0.05325238999998917,0.00018738000000000435,6.179527040000027,0.025158499999999934
2025-03-01,0.08445383999999918,0.06702406999999998,0.04880506999999876,0.0006320100000000023,5.5913786300000625,0.018691559999999826
2025-03-02,0.03907244999999984,0.07263932000000041,0.03744111000000059,0.0004502599999999992,5.381384730000111,0.012135990000000152
2025-03-03,0.07998215000000133,0.06464907000000017,0.04400424000000566,0.0001605399999999868,5.739050560000121,0.13611761000000405
2025-03-04,0.055198069999998246,0.055123439999998865,0.05946707999999873,0.000842919999999997,5.046674410000079,0.02998025000000034
2025-03-05,0.06530820000000043,0.04753435000000033,0.08665052999999986,0.0004481000000000068,4.622670880000025,0.01740497999999991
2025-03-06,0.1808858099999925,0.06240767999999912,0.03492047000000029,0.000745340000000011,4.821834650000178,0.07511449000000305
2025-03-07,0.11681167999999922,0.06425473000000162,0.027787289999999975,7.576999999999237e-05,5.44544223000012,0.022602230000000032
2025-03-08,0.16370752000000077,0.04895978999999875,0.016639880000001217,0.00044359999999998845,4.074685860000085,0.04608442000000037
2025-03-09,0.17455177000000605,0.05323773000000265,0.030357780000001347,0.0018914399999999248,4.07813095000009,0.07285175999999711
2025-03-10,0.27144495000002344,0.05820596000000133,0.008407220000001325,4.759999999937037e-06,4.766255650000019,0.21541490000000119
2025-03-11,0.233347709999998,0.05381114999999917,0.032130299999999085,0.0009586600000001388,5.5735591600002525,0.13941077000000557
2025-03-12,0.17893774999998252,0.05079295999998973,0.17989660000001445,0.00043101999999983764,4.516620980000561,0.26616142999998615
2025-03-13,0.32348769000004585,0.047111749999981356,0.03971517000000724,0.00012097999999993725,4.643836920000343,0.5053958799999216
2025-03-14,0.4036611100000297,0.05397559999999618,0.022771199999995273,0.0005223199999997985,4.624817160000128,0.34179426999998674
2025-03-15,0.2445925500000724,0.04172647000001983,0.017585049999996438,4.38699999999459e-05,4.081993449999607,0.5466583299999378
2025-03-16,0.12433989000002976,0.04551178000000988,0.023137999999990222,0.0020606299999995636,3.4031120600002165,0.5221149699998906
2025-03-17,0.0899836800000039,0.060548120000010086,0.047962620000003287,7.52800000000109e-05,4.277056890000195,0.20930266999999392
2025-03-18,0.08635659000000173,0.0943240900000051,0.03104108000000874,0.0008206199999997166,4.131242159999963,0.1630535899999875
2025-03-19,0.3555983300000036,0.04462798000000273,0.036971319999989705,0.00010840000000000849,4.595455739999992,0.2556739700000207
2025-03-20,0.15353081000000507,0.053589340000002386,0.02750877999999915,0.0007255900000000259,5.129462329999871,0.10631660000000216
2025-03-21,0.13448643000000277,0.044362480000001384,0.038048639999999925,0.00019370000000000498,4.776207219999946,0.05391569000000197
2025-03-22,3.008007630000292,0.14519590999999177,0.12655000999999821,0.001884260000000082,6.070171999999768,0.4570456900000017
2025-03-23,0.6251685600000979,0.06692957999999449,0.0926230200000111,0.0008632399999999318,4.477656610000327,0.7152100799999682
2025-03-24,0.18250842000005674,0.0602084600000099,0.026565270000009633,0.00022673000000006382,5.391661720000107,0.5095693200000097
2025-03-25,0.2735458499999944,4.3463613799998475,0.037121219999999344,0.00031471000000021787,8.040012860000395,0.4073052000000142
2025-03-26,0.26489565000002896,0.20623519999998924,0.0295079999999992,7.83000000004197e-06,8.748653470000349,0.43057135999999524
2025-03-27,0.13098588000001266,0.0699991300000154,0.038502859999999306,0.0011599900000000551,4.741428320000223,0.3055010399999856
2025-03-28,0.2947095299999843,0.06409504999999505,0.02162027999999966,0.00041104999999969083,5.457170519999977,0.2770610299999933
2025-03-29,0.07967275999999839,0.04624723999999845,0.025103400000000074,3.9920000000005784e-05,4.003435009999988,0.0490089800000018
2025-03-30,0.05889588999999591,0.07150026000000956,0.034390359999996886,0.0010725500000001026,2.886232179999866,0.09634277999999989
2025-03-31,0.06084117999999644,0.08826646999999643,0.10317201999999881,0.0002662899999999399,4.615470850000008,0.03836077000000063
2025-04-01,0.06940114999999417,0.09834137999999713,0.0661181099999963,0.0002077599999999874,4.050359239999942,0.06949331000000186
2025-04-02,0.2104977399999745,0.11921281000000139,0.05742737999999416,0.00013886000000000454,3.94994201999995,0.09633011999999742
2025-04-03,0.08993381000000392,0.04259600999999433,0.08649579999998372,0.0005037099999997963,5.37243594999988,0.18945584999997897
2025-04-04,0.051092680000004415,0.04519249999999983,0.07464629000000128,0.00021629000000000786,5.166142159999765,0.2176352899999542
2025-04-05,0.08367604999999553,0.025518729999999983,0.03286112999999986,0.00020194999999999935,4.130673689999989,0.04250432000000057
2025-04-06,0.057362849999997974,0.033690609999999344,0.10560903999999194,0.0004385099999999961,4.084242390000077,0.03519274000000001
2025-04-07,0.06560005000000002,0.03983071999999936,0.06677629999999843,0.0004770699999999996,6.397389509999979,0.022898250000000255
2025-04-08,0.12261511000000824,0.03750139000000098,0.022615239999999828,0.0008316699999999649,7.586112269999835,0.11059706999999794
2025-04-09,0.045511239999999425,0.03339370000000065,0.021467269999998678,0.0005961599999999012,5.497189810000003,0.022519370000000084
2025-04-10,0.07325626999999954,0.03155177999999993,0.07664843999999796,0.0002320599999999992,5.034800310000054,0.024253979999999717
2025-04-11,0.1393367900000007,0.05405750000000305,0.032386279999999185,0.0007095099999999965,7.338187940000151,0.11291462999999945
2025-04-12,0.275032669999998,0.08748029999999987,0.03420753999999737,0.0005181599999999342,4.849268709999978,0.1755839599999988
2025-04-13,0.2617195300000107,0.07021671999999765,0.056714910000006,0.0002891799999999445,3.608812250000073,0.24431712999999713
2025-04-14,0.2558534600000085,0.08781341999999703,0.01976660000000069,7.006999999997765e-05,5.761119949999965,0.2085549699999863
2025-04-15,0.1747113799999999,0.22180008000000065,0.030222270000002494,0.00025268999999999986,5.098713159999956,0.15547769999999897
2025-04-16,0.32646774000000234,0.44966366000001806,0.0518918300000025,0.00042844000000000215,4.864818179999942,0.17539514000000236
2025-04-17,0.5682932199999939,0.13280897000001235,0.02810534999999975,0.00018700999999993195,4.881105640000269,0.4014100999999995
2025-04-18,0.5175037499999954,0.23844016999999523,0.038559469999995766,0.00014708000000002164,4.164258710000139,0.33459436
2025-04-19,0.2355772399999984,1.3063409199999692,0.04183307999999952,3.648000000011642e-05,4.445621630000153,0.34921793000001294
2025-04-20,0.4255610100000411,0.6046704100001442,0.05463916000000324,0.0045221899999999815,3.7934797600000345,0.5977169499999995
2025-04-21,0.889026870000013,0.30622611000000655,0.026940870000002892,0.00032026000000007215,4.999290030000049,0.3384798699999918
2025-04-22,0.2469280299999936,0.45590473000001536,0.06640320999999946,0.00022322999999993542,5.324542240000153,0.18267883000000198
2025-04-23,0.0908953700000006,2.448867480000068,0.02588920999999967,0.0014910400000003252,8.684201930000096,0.040104749999999675
2025-04-24,0.25733533999998554,0.4567619799999494,0.05020284999999086,0.001106720000000061,7.857771729999946,0.3486318200000201
2025-04-25,0.1848098799999996,0.09902614000000051,0.03281459999999703,0.0009549800000000497,5.683503850000065,0.10951913000000052
2025-04-26,0.27128277000000145,0.09352606000000055,0.15048328000000247,0.0003540199999999827,3.783787179999946,0.11181258999999968
2025-04-27,0.4691177299999984,0.27059562000000276,0.03972480999999972,0.00020727999999992086,4.098772490000062,0.3038496599999921
2025-04-28,0.4242010800000092,0.08019179999999376,0.039717599999996134,0.0008803899999999532,5.7909398599999955,0.2918690199999978
2025-04-29,0.4370925599999831,0.12478375000000341,0.03504931000000744,0.0008316499999999616,5.257572010000099,0.31938453999999794
2025-04-30,0.24524691000000137,0.06310966000000007,0.06074594000000047,0.0002721300000000648,6.091044920000045,0.13191980999999942
2025-05-01,0.1403120299999962,0.0443061599999995,0.08474717000000193,0,5.155037610000106,0.08788338999999955
2025-05-02,0.17691678000000202,0.05843886999999834,0.06923428000000154,0.0004254800000000336,5.1452302400000125,0.12955728999999813
2025-05-03,0.11845721999999986,0.0897609900000011,0.13594455999999816,0,3.4479046599999372,0.1733256999999952
2025-05-04,0.18812553999999432,0.07349982000001709,0.19141584999999756,0.001396139999999546,2.809020909999952,0.13895926000000003
2025-05-05,0.5286077500000164,0.05042455000000434,0.13803812999999832,0.0002505999999999897,4.10530667000005,0.28662076000000913
2025-05-06,0.11845959000000011,0.038028660000001824,0.11063792999999741,0.002917580000000003,4.874559100000086,0.08455683999999847
2025-05-07,0.10324746999999859,0.04813921000000043,0.05949534000000046,-6.938893903907228e-18,6.378320020000048,0.05952007000000121
2025-05-08,0.11561061000000146,0.06499441000000057,0.081759219999996,0,6.199716360000075,0.07946411000000016
2025-05-09,0.06259885999999984,0.09668166000000016,0.03260522000000014,1.0760000000000283e-05,6.662866720000066,0.012327840000000187
2025-05-10,0.11599437999999845,0.07397838999999672,0.18963162999999833,-1.3877787807814457e-17,3.954876820000067,0.10310812000000122
2025-05-11,0.04472689999999796,0.05687333999999833,0.08289466999999777,0,3.211760599999946,0.0326300500000002
2025-05-12,0.0781150399999968,2.3092001099999546,0.12414385999999747,1.3877787807814457e-17,10.386911820000522,0.04787423000000025
2025-05-13,0.04320147000000014,0.10801991000000008,0.08448531999999917,0,6.030711300000071,0.005346769999999996
2025-05-14,0.07328509999999981,0.13873334999999848,0.12470302000000066,0,6.81778500000002,0.055184300000000644
2025-05-15,0.15826820000000782,0.08050068000000027,0.11499202999999661,-2.7755575615628914e-17,4.94745112000006,0.12868185999999485
2025-05-16,0.04791476999999818,0.10732715999999501,0.0704140700000011,-6.938893903907228e-18,11.964847840000157,0.0347690800000002
2025-05-17,0.05813030999999974,0.07921209999999934,0.07972384999999893,6.1100000000105514e-06,6.922147200000074,0.05649751999999965
2025-05-18,0.13506155000000789,1.4196203200000237,0.09672488000000112,0.00027787999999998036,4.19425741000043,0.07769198000000294
2025-05-19,0.051415889999999825,1.1327223700000795,0.005781279999999982,0.0003832999999999996,5.683953490000267,0.004981690000000007
2025-05-20,0.07884099000000001,1.450375850000109,0.022524079999999853,-8.673617379884035e-19,5.864978309999961,0.0050943300000000176
2025-05-21,0.2866792800000085,0.11477705999999818,0.06162529999999941,0.00013298000000003252,7.250468220000089,0.18562492999999658
2025-05-22,0.14092883000000295,0.2868430999999965,0.031008090000002708,0.02945911999999995,7.261013639999945,0.18472105999999605
2025-05-23,0.1985008599999928,0.22247868000000082,0.1767412899999943,2.7755575615628914e-17,5.332107150000142,0.15207498999999972
2025-05-24,0.1345417099999982,0.11235633000000515,0.5619193099999784,0.0018569999999999837,4.293060270000119,0.12193051999999394
2025-05-25,0.19261996999998882,0.10388577999999973,0.11690908999999747,0.0025638900000004294,3.5100728000001253,0.1529676699999979
2025-05-26,0.06296682999999853,0.17978868000000228,0.044706699999998704,1.773999999999526e-05,4.816609929999928,0.036481529999999505
2025-05-27,0.03481156999999969,0.7465418699999942,0.04827833999999989,0.0003606700000000013,4.843359829999976,0.005895849999999979
2025-05-28,0.04440235999999968,1.2064898299999463,0.08962558000000057,5.4059999999999005e-05,6.691596310000319,0.004857630000000004
2025-05-29,0.028330409999999976,0.4250390700000013,0.07866442999999976,0.00030958000000000005,4.740893980000018,0.0017375100000000014
2025-05-30,0.02742633999999951,0.6976432099999965,0.030150649999999758,0.0005429500000000002,5.164784590000023,0.000825080000000001
2025-05-31,0.14154616999999597,0.13104511000000055,0.011158950000000507,0.000259239999999987,3.687796449999972,0.05900197000000111
2025-06-01,0.03811433000000017,0.10512758999999888,0.012683669999999075,3.469446951953614e-18,3.295422049999961,0.026857690000000153
2025-06-02,0.07657489999999909,0.23263758000003248,0.013641430000000003,1.9319999999996285e-05,4.416282309999763,0.03610339000000029
2025-06-03,0.09672266999999607,0.07998436999999735,0.17145584999999952,2.8640000000010324e-05,4.361788419999982,0.09952733999999874
2025-06-04,0.05410514000000089,0.0881025400000015,0.07925849999999982,1.6389999999998073e-05,4.471788610000035,0.024932769999999695
2025-06-05,0.02862087999999819,0.17976384999999767,0.023784469999999752,0.00012831000000000647,4.589660480000068,0.054101770000003206
2025-06-06,0.026744410000000007,0.13092706999999482,0.10414641999999938,6.85000000000002e-05,4.1695666400000295,0.0011798400000000004
2025-06-07,0.03258546000000233,0.12758638000000028,0.025356599999998862,3.115000000000062e-05,3.0458753199999347,0.051943500000000364
2025-06-08,0.05519470000000218,0.10154761000000012,0.11005468000000262,0,2.7883716600000494,0.11201658999999373
2025-06-09,0.03883052999999873,0.9343745899999333,0.04220698000000013,0,3.957458349999956,0.03134615000000009
2025-06-10,0.037773929999997256,0.6104618599999964,0.03829879999999817,0.0002157500000000076,4.623048910000014,0.037943910000001295
2025-06-11,0.12959922999999943,0.1571932699999949,0.027063959999998076,1.3500000000006562e-05,4.397239639999996,0.05346309999999856
2025-06-12,0.03807580999999892,0.5835428900000149,0.014966409999999639,7.57500000000133e-05,4.189636639999877,0.03586766000000059
2025-06-13,0.02714842999999983,0.7687745500000133,0.021372689999999653,0.0001364400000000007,5.707741080000186,0.0028911000000000258
2025-06-14,0.023531260000000085,0.1709100400000021,0.011701689999999583,0.00033766999999999977,2.8514328599999974,0.00107855
2025-06-15,0.04018988999999966,0.15359109000000087,0.021330049999997824,2.240000000000575e-06,2.388245439999956,0.02603071999999963
2025-06-16,0.05787303999999968,0.7618083899999886,0.009386779999999345,0.00017928999999999862,4.051490599999987,0.03438324999999762
2025-06-17,0.04452209999999993,0.7309095199999988,0.008455430000000057,0.00013266999999999977,5.474232350000143,0.0006144500000000011
2025-06-18,0.03304924000000002,0.7558815899999399,0.041105289999999774,0.0005634399999999993,6.115193200000638,0.0059666799999999924
2025-06-19,0.06627160999999997,0.16789689000000174,0.04212844000000368,0.0001891500000000268,4.722030090000035,0.07843115000000152
2025-06-20,0.06696024000000118,0.10895009999999902,0.023551860000002908,0.00015262000000000608,4.972976709999997,0.09578631999999836
2025-06-21,0.08712800999999859,0.08088166000000205,0.045494830000002644,6.938893903907228e-18,3.2443975100001454,0.06015893999999808
2025-06-22,0.02847291999999902,0.06640261000000253,0.01394407000000104,2.790000000000778e-05,2.6474479099999466,0.02430264999999998
2025-06-23,0.03858915000000035,0.09972013000000111,0.013598600000000724,0.00026198999999992034,4.665896739999915,0.07422081999999924
2025-06-24,0.038117780000000184,0.15112574000000056,0.01566813000000052,0.0003681700000000114,5.935334450000103,0.018764379999999945
2025-06-25,0.05493741000000485,0.08022868000000297,0.010374890000001441,0.00035877000000006376,4.48319894000023,0.18707910999998947
2025-06-26,0.05234884000000328,1.6426886299998893,0.008959159999998467,0.00034476999999999425,5.561557429999856,0.30873073000000356
2025-06-27,0.038769639999998495,0.12418043999999737,0.014756889999999911,8.708000000001714e-05,4.140790380000003,0.12631045999999688
2025-06-28,0.10020769999999363,0.057888109999992776,0.02850479000000239,0.0001344600000000029,3.395875669999542,0.2693626400000002
2025-06-29,0.09578985999999676,0.05954586999999806,0.06043043999999906,2.016000000001905e-05,2.4329893900000394,0.20762714000000368
2025-06-30,0.07374669000000166,0.055550990000000494,0.019589240000000438,0.0003851299999999974,3.988638940000015,0.09106162000000088
2025-07-01,0.053074040000003826,0.06865928000000111,0.023698079999998962,0.0005040200000000286,3.9822846600000243,0.060354069999999656
2025-07-02,0.04925726999999826,0.09556678000000121,0.022865810000001194,0.0005040500000000614,4.246517779999963,0.06551611999999996
2025-07-03,0.06603318999999844,0.06266732000000089,0.02779670999999931,0.000536529999999813,4.012351410000065,0.0812277000000034
2025-07-04,0.08222853000000553,0.07330437000000033,0.020415110000000236,9.831000000010137e-05,3.0866759199999003,0.10831677999999666
2025-07-05,0.055554740000015146,0.06274141000001898,0.008340690000003537,0.0005238200000000082,2.5506503999998866,0.39413970000001936
2025-07-06,0.07120480999999101,0.07741616000000107,0.009147080000006858,0.00032587000000028343,3.0638591000000934,0.7925315999999483
2025-07-07,0.026048919999999885,0.6298318099999944,0.009149589999999541,0.00011492000000000446,3.3560429400000262,0.021440589999999808
2025-07-08,0.061321170000001674,0.22841917000000206,0.01506711999999992,0.0007869499999999946,4.174535130000001,0.06599799999999845
2025-07-09,0.16765895999998714,0.08204340999999155,0.023598050000001647,0.0003745200000000448,4.440382880000238,0.23362396000000768
2025-07-10,0.08723611999999864,0.14278475000000243,0.03704448999999818,0.0004251499999999575,4.562505939999971,0.14607057999999845
2025-07-11,0.16049343000000246,0.07373516000000144,0.006018360000000306,0.000414159999999969,5.140886220000066,0.13560499000000062
2025-07-12,0.14810852000000224,0.056380480000002786,0.011501589999999395,0.001160530000000215,3.521011279999936,0.2598369900000045
2025-07-13,0.09198276999998697,0.15615937000000057,0.006515700000000707,0.0009529800000001309,3.6290175100000086,0.2444485900000057
2025-07-14,0.15936494999999207,0.1249434799999995,0.0109276699999995,0.0004347500000001503,5.222267100000198,0.2286938300000001
2025-07-15,0.07997786000000462,0.04601904000000148,0.035875429999996905,0.000950119999999971,3.850617890000008,0.1607755900000052
2025-07-16,0.07733011000000584,0.055526649999994765,0.008248489999999886,0.0003520699999999821,4.21430546000005,0.18356542000000003
2025-07-17,0.06305697999999652,0.15385301999999917,0.011691439999999304,0.00013323000000026175,5.954137809999958,0.1463100300000123
2025-07-18,0.08287320000000328,0.13703229000001552,0.007573780000000696,0.00022557000000000826,4.2050317500000585,0.18269734000000362
2025-07-19,0.1169018600000023,0.05382579000000112,0.022448429999996883,2.399999999985747e-06,3.957654200000058,0.19759528999999576
2025-07-20,0.05775064000000091,0.205713799999999,0.011798959999999276,7.028000000003365e-05,2.724442939999891,0.1599125600000033
2025-07-21,0.06775372000000099,0.061049959999998196,0.22155583000000015,8.023999999999532e-05,3.8320747699999416,0.08171321000000406
2025-07-22,0.024664350000001722,0.06776991000000021,0.0219741700000001,0.000163980000000008,4.100497289999989,0.12575500999998082
2025-07-23,0.030742559999995978,0.06570017999999658,0.023860040000002018,0.0006855499999996809,4.018615510000148,0.0530032899999994
2025-07-24,0.04422042000000367,0.07957606000000632,1.4924078600000072,0.01978955000000005,8.125701440000055,0.059473369999996036
2025-07-25,0.030805299999999453,0.06120732000000065,0.06115554999999798,0.0002187300000000003,5.044240169999912,0.10728024000000164
2025-07-26,0.07424108000003066,0.09627017000004678,0.38584305000003033,0.017989719999998544,3.2744214900000665,0.37690886999996354
2025-07-27,0.02890804000000685,0.056739430000006336,0.24336941999999354,0.004088070000000221,3.5851917899998558,0.20140954000000086
2025-07-28,0.03951025000000655,0.05887945000000899,0.07928166999999989,0.00033421999999996843,3.8044597600001664,0.22545504000001174
2025-07-29,0.06020394000000042,0.07072944000000173,0.032241499999998154,0.0002938699999999947,4.858095430000045,0.05097083999999975
2025-07-30,0.028287310000002355,0.07733480000000077,0.0231593400000025,0.00027327999999998687,3.9470916600000674,0.11708254999999625
2025-07-31,0.027384759999997538,0.09403201999998098,0.023136590000000373,0.00488735000000004,3.652196599999792,0.16833156999999438
2025-08-01,0.03619966,0.06804565999999909,0.04324289999999936,0.0007245699999999244,5.257029239999927,0.045729679999998794
2025-08-02,0.03216275999999978,0.038935200000000336,0.2934201799999987,0.000626729999999999,3.715516099999936,0.021766330000000077
2025-08-03,0.02432795000000014,0.04200155000000025,0.242329650000001,0.0006643999999999851,2.606550039999816,0.02452180999999897
2025-08-04,0.03334670000000353,0.05963648000000846,0.037636580000004444,0.0001321700000000703,3.0805240599995614,0.12156532000001799
2025-08-05,0.04730093000000142,0.05979606000000126,0.03309785000000205,0.0005969899999999223,3.4463339400000694,0.0869071400000044
2025-08-06,0.03467225999999958,0.05810666000000041,0.020257320000002688,0.0013003199999998133,5.6948328300007836,0.06995471000001488
2025-08-07,0.05016032000000528,0.0671903300000039,0.018476460000002942,0.000840390000000274,4.926271360000252,0.1354304899999985
2025-08-08,0.026944100000006056,0.07672983000000612,0.034679440000005134,0.0004883800000000174,5.491888860000098,0.030435479999999022
2025-08-09,0.03703339999999991,0.0541751000000002,0.030975590000002773,0.0021873499999999976,4.3488529500002135,0.02139980000000029
2025-08-10,0.0340574099999985,0.04290492999999923,0.11754471999999384,0.0004680100000001297,2.824085219999972,0.057454640000003276
2025-08-11,0.23110852000002713,0.044012319999988975,0.04470190999999715,0.0007239300000000115,3.941366739999994,0.15361230000000797
2025-08-12,0.023009389999998943,0.043354390000000916,0.021678760000001254,0.00047414999999990937,4.102112389999929,0.05591296999999731
2025-08-13,0.03749095000000657,0.09057122000000689,0.2855466099999859,0.00045810000000005846,3.9059969700001336,0.07741936999999836
2025-08-14,0.06819948000000237,0.08589218000000567,0.1304032299999956,0.0009895499999999224,3.9898907200001386,0.058902109999996816
2025-08-15,0.022558659999994485,0.07271678999999656,0.0279169900000103,0.00014058000000001514,3.401247019999798,0.07521926000000136
2025-08-16,0.026806880000003933,0.09608361000000727,0.05921328000000961,6.001999999999397e-05,2.7152388699996806,0.09250975000001584
2025-08-17,0.02217143000000056,0.08496053999999467,0.044370539999997946,0.0008576500000002513,2.2978225899998224,0.09017534000000789
2025-08-18,0.08887937000000842,0.09189044999998791,0.033484000000007785,0.001036089999999823,3.0468163899999094,0.13044035000000417
2025-08-19,0.020558880000000605,0.08999006999999823,0.028245019999997983,9.592000000001322e-05,3.077834099999904,0.05401619000000062
2025-08-20,0.0247098899999999,0.07691371999999606,0.06132508999999599,0.00039083999999998953,3.176072270000002,0.07415313000000096
2025-08-21,0.02262821000000153,0.10486269999999162,0.05449738000000179,0.00014571000000000722,2.8583104699998567,0.04925993999999891
2025-08-22,0.03837328000000026,0.09413623999998454,0.01528897999999955,-1.3877787807814457e-17,3.237209210000065,0.09325431999999981
2025-08-23,0.02541003000000397,0.10380088999998408,0.01826869000000325,0.0010384000000002447,2.47407225000005,0.10829810999999415
2025-08-24,0.017288599999999724,0.17585851000000585,0.021263580000001107,0.0010518600000001335,1.9993904299996563,0.05846477000000004
2025-08-25,0.01518406000000045,0.1446750900000202,0.010942230000000545,0.0020516700000005952,2.6323865799997566,0.042188240000000744
2025-08-26,0.015333380000000417,0.12968510000001252,0.02546120999999922,0.0028926900000004682,2.9802814799998303,0.03277335999999993
2025-08-27,0.018376040000002022,0.16212285000002064,0.014557550000001397,0.004705330000000216,3.4055951999997243,0.04382737000000069
2025-08-28,0.019415659999997517,0.12579687000000692,0.021749100000002033,0.0010197100000002846,3.062343099999442,0.07369775000001388
2025-08-29,0.015714570000001076,0.13110842000000353,0.052051490000000214,0.0004687600000000229,3.284330349999864,0.011759589999999931
2025-08-30,0.01106271000000053,0.15939946000001912,0.007809650000000286,0.0007729200000000484,3.0377500399995756,0.01615433999999884
2025-08-31,0.01013636000000023,0.12830359000000477,0.009134480000000604,4.864000000000257e-05,2.8266668099995336,0.008811579999999937
2025-09-01,2.734916330000385,0.13868705999999653,0.09006329000003924,0.006985359999999906,6.427497310000162,0.04280762000000012
2025-09-02,0.07730709999999674,0.1580610799999826,0.0726750599999984,0.00026853000000003416,4.635497870000194,0.022825319999999993
2025-09-03,0.04535260999999986,0.13755820999998858,0.11778543000000007,0.0004950000000000154,5.967611970000192,0.006822919999999768
2025-09-04,0.021702550000000223,0.10850907999998674,0.08734533999999906,0.0010420100000000047,4.632495430000196,0.005496900000000039
2025-09-05,0.019714180000000726,0.09838716999997944,0.050783559999995516,0.0024011100000000327,5.657758450000013,0.016749200000000596
2025-09-06,0.036260540000000466,0.09550134999997703,0.055230289999999654,0.0007356100000000011,3.2417737299999554,0.029755450000000263
2025-09-07,0.018342339999998396,0.14150132999997977,0.08099396999999803,0.0009863799999999985,2.9694444599991785,0.022142799999999026
2025-09-08,0.013808730000000054,0.1469921099999684,0.07729417999999899,6.638e-05,3.7516009199999796,0.0007997699999999918
2025-09-09,0.01776427999999941,0.17285093999997456,0.1292398600000009,0.004652189999999775,4.275370460000086,0.01655971999999859
2025-09-10,0.012308100000000046,0.19368267999999647,0.07278827999999998,0.0008328199999999997,3.7522817199998815,0.004410150000000045
2025-09-11,0.029036009999999942,0.15352858999999341,0.017552449999998488,0.0003653599999999986,3.7348212500001936,0.02876621999999995
2025-09-12,0.014343970000000116,0.09237965000000542,0.02824239999999973,0.00010030000000000022,4.6969641500000465,0.0029859000000000174
2025-09-13,0.015680690000000035,0.139788130000008,0.019366409999998876,0.0005457599999999577,4.071795360000081,0.014148080000000295
2025-09-14,0.011470819999999732,0.12584496999999234,0.14933229999999742,8.169000000000232e-05,2.830612370000193,0.012583569999999836
2025-09-15,0.00972882999999912,0.11979345999997693,0.025788869999998902,0.00017129999999999923,4.229470410000319,0.026702899999997358
2025-09-16,0.02567553999999922,0.11727421999997711,0.044297679999999486,0.0004487399999999822,3.9790117800004525,0.009380840000000045
2025-09-17,0.023138519999997966,0.06830621999999871,0.024470419999999674,0.00014424999999999855,4.370151170000121,0.021283540000000826
2025-09-18,0.029374799999992186,0.08261668000000078,0.018231479999996497,0.0004102699999999626,3.4956904700000586,0.060988019999999234
2025-09-19,0.060690379999984,0.0857846299999967,0.05238898000000594,0.002718130000000374,3.3476745200000364,0.12493084000000171
2025-09-20,0.01767171999999868,0.11911292999999895,0.03133955999999523,0.006614749999999763,3.0842164400000645,0.03046800000000154
2025-09-21,0.025294919999998392,0.12148178999997802,0.008503909999999646,0.0005744900000000074,2.8187379200003417,0.029436810000000365
2025-09-22,0.012893020000000064,0.16268058999999307,0.04128669999999852,9.240000000000637e-06,3.1531861900003966,0.014176299999999819
2025-09-23,0.01145995000000006,0.14413525999995555,0.024324919999999806,0.0001158000000000001,2.6119211100000914,0.0013589499999999944
2025-09-24,0.009128570000000023,0.16225012999995825,0.0169206199999998,0.0001336800000000004,2.688721810000026,0.0011454000000000002
2025-09-25,0.01260581000000007,0.10600488999999137,0.020629939999999944,9.969999999999998e-05,3.1386744699998763,0.0006947199999999989
2025-09-26,0.016984550000000084,0.10202045999999092,0.011320059999999991,9.262000000000007e-05,3.922843490000046,0.0009134000000000034
2025-09-27,0.016030090000000018,0.14359549999999088,0.006631689999999932,5.762999999999992e-05,2.3987223399998903,0.0009476299999999981
2025-09-28,0.018044710000000005,0.18375310999996003,0.007930129999999919,0.00013999999999999993,1.984666420000077,0.0007729799999999998
2025-09-29,0.01244509999999997,0.13764411999997236,0.00818815000000007,0.0005105500000000211,3.167228990000119,0.0011323999999999952
2025-09-30,0.013014659999999956,0.14239771999997983,0.00804024000000017,0.00025116999999999935,2.990939439999409,0.003816409999999954
2025-10-01,0.01046568000000004,0.13174475999998694,0.006980049999999601,0.0007101899999999873,3.4754838599998266,0.00919784000000002
2025-10-02,0.016278320000000086,0.10651014000000371,0.009178609999999986,0.0006227300000000019,4.006376500000005,0.001862019999999996
2025-10-03,0.03912712000000024,0.11097749999999477,0.014024079999999994,0.0004901600000000029,4.964810700000084,0.002767170000000008
2025-10-04,0.015968720000000065,0.11395250999998698,0.01216635999999989,0.0014931599999999955,3.8244647700000973,0.0007454900000000019
2025-10-05,0.020807070000000302,0.1329800899999689,0.021594550000000205,0.0009409000000000023,2.5120528800005135,0.004984980000000126
2025-10-06,0.00808231000000002,0.11612308999997915,0.013623940000000011,0.00013713000000000006,4.274135380000263,0.0017892700000000606
2025-10-07,0.009703070000000029,0.09919291999998914,0.02695455999999982,0.00028681,3.90679459999985,0.00104994999999999
2025-10-08,0.01976243999999895,0.07954055999999805,0.014517000000000793,0.0004169600000000079,3.215699989999869,0.049193919999997116
2025-10-09,0.0591322499999984,0.12274695000000224,0.0089598299999998,0.0001257899999999243,3.56806240999996,0.037579589999999594
2025-10-10,0.0366974499999978,0.09217029999999767,0.014023049999999329,0.0010241500000000014,3.86104368000018,0.024825050000000657
2025-10-11,0.03213474000000197,0.08946198999999876,0.04051461999999898,0.00037701999999999875,3.4158748999999564,0.0212461999999995
2025-10-12,0.02133132000000164,0.08209726999998937,0.012936380000001253,0.0006205299999999733,2.281072020000038,0.040468709999999186
2025-10-13,0.014980519999998686,0.0733896599999931,0.02043880999999962,0.0008788200000000301,2.714689399999671,0.04624192000000227
2025-10-14,0.015552369999999108,0.07372484000000884,0.010850059999996067,9.965000000006219e-05,2.5552469500001025,0.07335442000001027
2025-10-15,0.012679490000001445,0.09120857999999912,0.011942410000000202,0.0005891500000005587,2.831479409999936,0.019985729999998862
2025-10-16,0.013009939999999783,0.07198611999999804,0.008918299999998984,0.000152689999999997,3.0310875999996925,0.042894039999999425
2025-10-17,0.014602810000004324,0.05042605000001418,0.02245828000000219,0.00015868999999994748,3.489616610000103,0.09787175000001254
2025-10-18,0.024491809999997116,0.02977720000000189,0.021918370000000298,1.4000000000014001e-05,2.067250129999934,0.4111054700000562
2025-10-19,0.01743436999999856,0.03721439999999568,0.012142740000000235,0.00024193000000002907,1.963073309999861,0.2017532100000358
2025-10-20,0.015132050000000258,0.06658936000000663,0.01203050999999996,0.0001451700000000035,2.82634920999966,0.010606419999999905
2025-10-21,0.01746349999999969,0.060662470000002626,0.011671110000000557,0.00014021999999999993,2.8315195500000137,0.030793149999998787
2025-10-22,0.013033300000002107,0.06437957999999644,0.010808839999997481,2.2799999999996434e-05,2.7723436800000196,0.03514014999999955
2025-10-23,0.018461929999999585,0.041566719999998204,0.016784619999998425,5.097999999999908e-05,2.559658839999985,0.04567823999999976
2025-10-24,0.014000700000000463,0.06343808000001172,0.0117759599999991,0.00014302000000000759,2.737832180000061,0.07818260999999928
2025-10-25,0.02322416000000157,0.0777774800000072,0.024033080000001664,0.0001339400000000962,1.9948252599997622,0.05009937000000191
2025-10-26,0.011195070000001063,0.0828595700000096,0.014012000000002398,4.580000000000556e-05,1.8922947799998755,0.036612070000001884
2025-10-27,0.016265459999999825,0.08085347999999817,0.02139024000000003,0.0002821899999999912,2.682071999999609,0.02071296000000149
2025-10-28,0.014057310000000461,0.06372390000000236,0.021090690000002695,0.00011977000000001209,2.7854206999998175,0.051466350000003824
2025-10-29,0.015145610000000325,0.0557076000000042,0.008739300000000083,7.545000000000641e-05,2.514022949999898,0.014712340000000388
2025-10-30,0.014215720000000442,0.08831537000000066,0.008252649999999959,5.8119999999987904e-05,2.7269976699995917,0.029658070000002642
2025-10-31,0.016722589999998677,0.050374319999997336,0.011213280000000839,6.820000000000437e-05,3.313159230000001,0.0814370200000024
2025-11-01,0.017127299999999776,0.033037570000000974,0.01676106000000538,1.7979999999986895e-05,2.2991477299999126,0.10299514000000631
2025-11-02,0.017888200000000326,0.06291240000000015,0.0166404500000017,3.8240000000001884e-05,1.9596316400000555,0.03190471000000093
2025-11-03,0.016277210000000777,0.0446700600000034,0.00789064000000049,0.0005052799999999968,2.9904654499998857,0.06535819000000755
2025-11-04,0.01953651999999993,0.055990850000000494,0.008037220000000352,3.0620000000002034e-05,3.8619016700000848,0.00996274999999944
2025-11-05,0.017321390000000315,0.057514590000007165,0.021513980000000613,7.220999999999964e-05,4.080103770000009,0.007013899999999962
2025-11-06,0.016699130000000856,0.05140986000001191,0.007877760000000459,0.0001869500000000017,3.236260519999907,0.01607665999999944
2025-11-07,0.015346270000000273,0.06144820999999925,0.006854889999999517,0.000245419999999906,3.2582901799998036,0.03150131000000042
2025-11-08,0.01714039999999719,0.040132709999997705,0.005184049999998795,0.00016432999999999726,2.5226800399998,0.02490418000000097
2025-11-09,0.014385779999993215,0.04769371999999794,0.008265129999999551,0.00021138999999942287,2.153351620000023,0.07081741000000727
2025-11-10,0.014700899999999191,0.04706836999999778,0.008086019999998785,8.773000000001502e-05,3.7325070700000618,0.05745192000000219
2025-11-11,0.02293609999999896,0.04620927000000791,0.00884189000000049,8.054999999995704e-05,2.44439589999999,0.16743043999998866
2025-11-12,0.01661526999999763,0.042584790000002384,0.00977637999999946,3.777000000000641e-05,2.4549885399999836,0.08391670000000118
2025-11-13,0.013964290000001559,0.03880967000000175,0.010336310000002652,3.741999999995471e-05,2.7771904899998257,0.12271794000001922
2025-11-14,0.01931040000000117,0.034395379999997755,0.007459229999999095,3.223000000002196e-05,3.256219069999814,0.11844834000000112
2025-11-15,0.013303999999995458,0.025093589999998583,0.008455409999996888,0,2.3341417099998254,0.1859588500000175
2025-11-16,0.020149489999998438,0.025402359999987023,0.008583209999997787,3.249999999954678e-06,2.058540449999666,0.49481586000003497
2025-11-17,0.019084670000001303,0.03167364000000095,0.009336909999999587,7.237000000004379e-05,4.096900600000133,0.318574489999995
2025-11-18,0.015183920000000116,0.04043643999999894,0.016500319999999728,0.0001835700000000014,3.651987159999943,0.0014949200000000085
2025-11-19,0.01700583000000048,0.05825013999999878,0.03086489999999862,0.00020684999999999974,3.210794409999993,0.012356929999999794
2025-11-20,0.017130210000000236,0.047212670000000415,0.037343619999993055,0.00014995999999999413,3.055486709999926,0.016141989999999197
2025-11-21,0.019608830000001107,0.04273826000000205,0.016180320000000834,0.0013781400000004128,3.5331114699999326,0.02551966000000212
2025-11-22,0.01657091000000105,0.024433039999996076,0.007418869999999855,1.0699999999974619e-05,2.6860494000002313,0.21301657000001772
2025-11-23,0.014897689999999684,0.036642990000004136,0.020792750000000478,3.721000000000106e-05,2.239970859999882,0.00827121999999997
2025-11-24,0.01433355000000082,0.04044092000000506,0.01571549000000022,0.0001306700000000341,2.489707559999977,0.023229979999999616
2025-11-25,0.011430150000000153,0.047152830000001617,0.010372079999999789,0.00025562999999999975,3.0668313099999054,0.0036395600000000876
2025-11-26,0.012873509999999233,0.0759925700000001,0.0192090200000005,9.601000000000921e-05,2.7771999399995235,0.011835940000000182
2025-11-27,0.016662839999999724,0.050780400000005804,0.011735499999999842,6.227000000000142e-05,2.831781649999755,0.011019539999999599
2025-11-28,0.013750030000000829,0.030200149999998455,0.010362559999999604,0.0001263200000000131,2.69850607000011,0.11676778000000282
2025-11-29,0.01606129999999951,0.04275486999999954,0.009006809999998588,5.559000000001507e-05,2.1399987799998867,0.02312510000000011
2025-11-30,0.012381689999998217,0.06547006999999289,0.019424559999998064,0.0002619200000000127,2.013661750000104,0.0219353300000004
2025-12-01,0.011807349999999939,0.046018800000002254,0.006333570000000495,0.00010981999999999138,4.027382610000354,0.008856909999999316
2025-12-02,0.014164720000000016,0.04996549999999618,0.014861109999999868,0.0004797599999999966,3.815189490000062,0.005962299999999706
2025-12-03,0.014118089999999237,0.05291406999999971,0.010626850000000347,0.00020674999999999947,3.4814942500000123,0.005265069999999886
2025-12-04,0.01768953999999792,0.04113324000000294,0.010273649999999638,0.0019021800000000415,3.1411542699998076,0.015047519999999048
2025-12-05,0.016977979999999608,0.036903939999999344,0.016955240000000014,6.036999999999709e-05,3.4933472300000057,0.008366370000000308
2025-12-06,0.017035069999996807,0.06555525000002109,0.006227419999999324,0.0003988199999999595,2.279760529999583,0.03679089999999532
2025-12-07,0.019242309999998736,0.0821056900000196,0.011674970000000028,0.00015400999999991283,1.8614680299992872,0.01638446000000003
2025-12-08,0.009521090000000579,0.07197439000002415,0.008988410000000495,0.0002645999999999725,2.5032649500005117,0.016453489999999116
2025-12-09,0.01180577000000008,0.049473910000000725,0.04040931000000535,5.689999999999862e-05,2.8725229900002387,0.006112400000000102
2025-12-10,0.012491710000000603,0.062054110000005935,0.028004310000001652,0.00034740000000001506,2.5637508899998585,0.0227552300000009
2025-12-11,0.0104270499999983,0.043708829999998346,0.062381070000004445,0.0017553599999996575,2.483766589999851,0.04540770999999892
2025-12-12,0.012473239999999733,0.03566609999999924,0.052015330000005425,0.0006187000000000241,2.7090859599999684,0.02760109999999666
2025-12-13,0.011172559999999682,0.06812177000000459,0.012808780000000007,2.122999999999882e-05,2.0817976100001707,0.012703549999999002
2025-12-14,0.009091189999999295,0.048247600000001556,0.005825209999999251,0.0005182799999999994,1.8443991900001153,0.02237968999999863
2025-12-15,0.01247684000000062,0.044047680000000984,0.012515610000003813,9.847999999991475e-05,2.6706735400001103,0.03886791999999573
2025-12-16,0.01891572999999956,0.04543311999999115,0.019447809999999455,0.00042010999999995274,2.6133557200001154,0.023834140000000455
2025-12-17,0.014160839999998377,0.0438614000000027,0.006882740000000782,0.0006984899999989413,2.7032291000000814,0.04414543999999804
2025-12-18,0.012076169999998762,0.0343176799999982,0.0064528599999984365,9.282999999979391e-05,2.619747219999945,0.06899098999999592
2025-12-19,0.019090969999998035,0.051606600000002306,0.00656298999999954,7.468000000000058e-05,3.1632128999999782,0.040532970000001854
2025-12-20,0.02206547999999988,0.04508807000000509,0.008284349999999184,3.042000000001016e-05,2.066956759999967,0.04624180000000153
2025-12-21,0.013804659999997235,0.04718860999999425,0.007853760000000029,6.057000000000978e-05,1.764539260000178,0.045869879999997004
2025-12-22,0.011344349999998185,0.03434625000000177,0.0047108399999998,1.2139999999986884e-05,2.449069249999988,0.05058193999999903
2025-12-23,0.012823589999999878,0.04062567999999912,0.004635730000000081,1.7630000000011525e-05,2.4399291699998344,0.05381133000000051
2025-12-24,0.05517967999999831,0.058874749999991566,0.009206709999999611,3.8530000000001896e-05,2.5988003899999623,0.014637899999999017
2025-12-25,0.04854395000000157,0.05055247999999818,0.011830210000001212,0.00013949000000000947,1.9569749499996965,0.019708649999997645
2025-12-26,0.04941098000000056,0.03228697000000316,0.010363779999999892,0.00020040000000033642,2.178508269999762,0.09509432000001512
2025-12-27,0.03294556000000946,0.023436130000004468,0.011387400000005446,4.5699999999676555e-06,1.955674469999646,0.09518405000002904
2025-12-28,0.05293361999997953,0.02468188999999668,0.008629999999995558,0.0005200799999999783,1.855636039999602,0.19440625000003406
2025-12-29,0.05240208999998111,0.02598922999999112,0.008866019999999863,0.0006586099999997264,2.4977701100000327,0.1591313599999996
2025-12-30,0.034523610000001176,0.023047310000000598,0.027271899999999558,3.794999999999493e-05,2.8382644799999706,0.04959988000000133
2025-12-31,0.029423140000001992,0.02598021000000056,0.015019100000000153,6.938893903907228e-18,3.027483880000067,0.05738076000000323
2026-01-01,0.06666821000000372,0.02544197000000123,0.010918189999998468,6.0300000000179654e-06,2.0289953099997953,0.10257708000001692
2026-01-02,0.049983330000004295,0.025096370000004073,0.004795149999999623,7.679999999996023e-06,2.527803509999757,0.07856041000001598
2026-01-03,0.14094992999998757,0.02761715999999756,0.00595011999999967,0.00031068000000011864,2.281736219999708,0.163707380000016
2026-01-04,0.05000867999998174,0.02725422999999183,0.008644349999997941,0.0012421499999991092,2.2020444100000525,0.10697402000001516
2026-01-05,0.05719166999999125,0.02801722000000373,0.006034929999999113,5.640000000004669e-05,2.634913209999929,0.06124994000000549
2026-01-06,0.033801060000001375,0.028972630000003753,0.012287610000003057,0.0007280700000007051,2.6293252199999153,0.05926627000000711
2026-01-07,0.03866061000000381,0.04632103999999869,0.0439624300000021,0.000671000000000109,2.417286099999639,0.05200355000000858
2026-01-08,0.04022865999999776,0.040136769999996144,0.05424882000000049,0.0008269199999999984,2.36981253999998,0.022176260000000517
2026-01-09,0.0283872299999999,0.039352149999993036,0.05446327000000048,8.000999999999842e-05,2.4846537199999563,0.0040820100000000005
2026-01-10,0.009578830000001329,0.02919733000000188,0.023665270000010605,0.000711200000000009,1.847855859999901,0.1247502700000002
2026-01-11,0.011091840000000063,0.04193569000000161,0.02086371999999973,6.06099999999987e-05,1.8446307199999759,0.0013445200000000033
2026-01-12,0.010611659999998697,0.03177939000000563,0.02491502000000044,0.0006981900000000013,2.252318919999871,0.05323523000000221
2026-01-13,0.008154859999999937,0.03428720999999699,0.02301678000000675,0.00010779000000000691,2.8676623799998975,0.018143220000001903
2026-01-14,0.010666020000000321,0.028446790000000673,0.0232804099999995,0.00027921999999998975,3.0039417399999375,0.006268659999999919
2026-01-15,0.009325289999999958,0.030427889999998407,0.035698549999998344,0.0001058999999999817,3.1526881500000177,0.024036059999998492
2026-01-16,0.009575049999999995,0.07437916999999836,0.008100310000000773,6.968999999999725e-05,3.2057695799998154,0.019735940000000427
2026-01-17,0.010319759999999886,0.04018770999999979,0.009266860000000491,7.542999999999786e-05,2.2545045699998822,0.024849799999999256
2026-01-18,0.00899432999999858,0.05403714000000032,0.009383029999999407,0.0004051899999999477,1.769643449999918,0.02177850999999898
2026-01-19,0.012087469999999998,0.03682659000000091,0.03542713999999956,0.0006712000000000991,2.186337259999852,0.01132992999999993
2026-01-20,0.00784663000000136,0.045481470000000426,0.010664480000001045,0.0039344199999999975,2.6586662399997865,0.015491270000001372
2026-01-21,0.006846460000000016,0.0466386899999902,0.023535800000000953,0.0003302600000000093,2.603508209999951,0.004653110000000092
2026-01-22,0.007330660000001814,0.03612221999999708,0.02108282000000435,3.335000000001184e-05,2.194440769999642,0.027610930000003857
2026-01-23,0.008391440000000892,0.032254079999997534,0.01989533000000248,2.131000000000355e-05,2.434080229999905,0.019084130000000785
2026-01-24,0.006043600000000053,0.023565709999998484,0.011107569999999883,0.0004138500000000012,1.9714996399998825,0.002837990000000027
2026-01-25,0.006183220000000333,0.02211363999999789,0.01928288999999946,0.00011684999999999864,1.8767059100002115,0.003502720000000055
2026-01-26,0.006403220000000279,0.030080800000000577,0.017349650000000046,1.353000000000118e-05,2.314678189999751,0.008506039999999958
2026-01-27,0.008321690000000201,0.02386452000000047,0.019207190000000197,0.00013252999999998488,2.2374885599999574,0.015100850000000814
2026-01-28,0.0104393700000019,0.021831680000000728,0.012808009999999828,3.919999999999618e-05,2.8172203900000183,0.008569429999999606
2026-01-29,0.010809609999999782,0.03729624000000062,0.006470590000000522,1.299999999995749e-06,2.6648720400000303,0.02032698000000335
2026-01-30,0.011156519999999526,0.03310714999999978,0.02080391999999924,0.00045548999999978253,3.2765575600000814,0.00853896000000034
2026-01-31,0.013305059999998748,0.027505429999999453,0.013988169999999515,0.00022416000000000103,2.9593649699999913,0.02628000999999928
2026-02-01,0.011195129999999356,0.02248190000000031,0.01004227000000021,5.092000000000638e-05,2.4492107999999777,0.02860901999999683
2026-02-02,0.014406920000000961,0.02151689000000149,0.006303369999999996,0.00010086000000000123,3.3362691899998467,0.039245159999999724
2026-02-03,0.01809840000000007,0.02069266999999808,0.011232339999996913,5.894999999993267e-05,3.177841699999988,0.06718073000000471
2026-02-04,0.010185209999998592,0.028290740000004568,0.025033000000005967,0.0011834199999999767,3.102018800000008,0.05088904999999196
2026-02-05,0.010401399999997264,0.027397089999997085,0.007519769999999794,0.000475719999999992,5.526420589999915,0.02062033000000029
2026-02-06,0.016397499999999458,0.03822230999999955,0.017180269999999852,0.0015034400000000364,6.148930770000262,0.018611209999999438
2026-02-07,0.015221639999996789,0.028143990000000396,0.013493649999996193,0.00012269999999993397,2.619679159999866,0.09122771999999389
2026-02-08,0.014162050000001203,0.026090679999999436,0.013774999999999621,0.00024185000000022383,2.082089459999963,0.09575807000001098
2026-02-09,0.014430970000000626,0.03048850000000479,0.0174935800000022,0.0006581700000000967,2.790238289999924,0.07018610000000214
2026-02-10,0.012025209999999578,0.01946599999999981,0.07815192999999623,0.00040989000000000303,2.4419564199999093,0.04394885000000115
2026-02-11,0.016230040000000417,0.027011110000001864,0.029651080000004618,0.00013458000000002301,2.80007363999998,0.06264809000000017
2026-02-12,0.011890849999998614,0.032830520000002306,0.026028480000002206,4.741999999999247e-05,2.436456659999854,0.04449920999999421
2026-02-13,0.008911759999999817,0.04061745999999783,0.0143133799999989,2.1389999999999604e-05,2.6733211400000765,0.0273263099999992
2026-02-14,0.011066550000001216,0.047436810000026024,0.023381980000000586,0.0001891200000000634,2.061595810000284,0.03946005999999959
2026-02-15,0.00642827000000077,0.0739471200000401,0.017822390000000687,7.10800000000289e-05,1.7167349799999931,0.036439240000005646
2026-02-16,0.012179170000000565,0.03263831000000115,0.016924309999999443,0.00014821999999999752,2.1097063799995635,0.044720090000003584
2026-02-17,0.006362610000000893,0.056039630000001395,0.007462159999999371,7.658999999999444e-05,2.182824769999759,0.037474100000003056
2026-02-18,0.028303930000007638,0.03386468000000615,0.010008509999999742,0.00032661999999993724,2.172799589999691,0.06108045000000051
2026-02-19,0.017257570000003233,0.030976180000003357,0.02797367000000022,3.130999999999967e-05,2.226422880000009,0.05520319000000111
2026-02-20,0.008019999999998612,0.015438369999998779,0.007466689999998756,0.00016170000000000767,2.5173619400001077,0.04228404999999573
2026-02-21,0.007177239999999831,0.01617400999999817,0.027301179999999658,3.089999999993792e-06,2.0830579199999906,0.025931929999999746
2026-02-22,0.005896840000000472,0.042401880000004014,0.009425559999999493,3.2599999999986806e-05,1.7869746599995553,0.034369590000005674
2026-02-23,0.009990040000002046,0.025182080000002383,0.026561699999999064,2.1500000000063135e-06,2.508734629999762,0.034416419999998296
2026-02-24,0.013301330000002297,0.03666154000000606,0.009795460000005467,3.870000000003038e-05,2.6023102699996543,0.03349714000000126
2026-02-25,0.015486260000001764,0.024945990000000758,0.005728680000000479,0.00010721000000004505,2.81984453999978,0.0483284700000049
2026-02-26,0.01288865999999992,0.020732940000000977,0.006544870000000168,3.2709999999998296e-05,3.358251879999952,0.03241060000000357
2026-02-27,0.013563239999999567,0.02003103999999914,0.02866348999999186,9.649999999999936e-06,2.91357714999983,0.03973973000000065
2026-02-28,0.013737440000002172,0.029387090000004334,0.02123823000000036,3.223999999999935e-05,2.4386596199998114,0.02448241000000134
2026-03-01,0.01695152000000008,0.026202090000002926,0.014216290000001214,0.0008977500000005995,2.41669298999992,0.07783983000000225
2026-03-02,0.011114540000000065,0.02784973999999903,0.015064059999999088,2.3750000000002935e-05,2.5739486499999362,0.030805630000002884
2026-03-03,0.012011459999999557,0.029668390000000128,0.02091319000000042,5.2589999999994724e-05,2.625120859999985,0.01727353999999996
2026-03-04,0.009279859999999817,0.025684080000002208,0.008770050000000057,1.5729999999998523e-05,2.9627485799998983,0.024143219999998727
2026-03-05,0.012828739999998527,0.032059269999996254,0.08549625999999921,3.0549999999997246e-05,2.5840386699999374,0.039750519999998464
2026-03-06,0.012935129999999968,0.03345737999999991,0.006707289999999463,9.819999999993723e-06,2.8382807399999757,0.035579319999999304
2026-03-07,0.012622269999997743,0.022942440000002444,0.011546110000000366,0.00011805999999996847,2.1115888699998693,0.053050929999995666
2026-03-08,0.01249699999999803,0.028361589999998667,0.011888040000000488,5.7200000000007245e-06,1.8638939099999448,0.04752505999999152
2026-03-09,0.009471109999999807,0.023936859999998214,0.026828200000002186,3.68100000000017e-05,2.4266126899998683,0.029768130000004406
2026-03-10,0.010667910000000204,0.01887047999999978,0.013926470000000128,0.0008492699999999992,2.630410840000071,0.022513660000000678
2026-03-11,0.00947123000000017,0.03132176000000213,0.013067019999999561,0.0006740899999999328,2.719924219999903,0.024383760000000095
2026-03-12,0.011063489999999808,0.03725786000001005,0.012610800000000016,2.887999999999849e-05,2.614505590000131,0.01678715000000014
2026-03-13,0.007689219999999896,0.029527760000002595,0.010078689999999928,9.449999999997655e-06,3.28740668000009,0.011819429999999968
2026-03-14,0.007988550000000122,0.02548473000000307,0.005651819999999613,0.00011480000000003293,1.9796639200001052,0.03519825000000238
2026-03-15,0.009696000000000322,0.019698700000000874,0.0036528899999989997,5.70999999999211e-06,1.8868260600000022,0.04888056000000919
2026-03-16,0.008129179999998945,0.02126330000000612,0.00583764000000031,3.865999999998898e-05,2.4763404000000495,0.031197909999999898
2026-03-17,0.010233109999996645,0.025881170000005737,0.007710319999999066,6.599999999999315e-05,3.011933780000245,0.023075989999999713
2026-03-18,0.01167908999999899,0.02598290999999843,0.006601550000000185,0.00023656999999994988,2.5413472799999157,0.0317465300000018
2026-03-19,0.011328830000000185,0.02007252000000341,0.006860510000000097,0.00016805999999999766,2.871102080000018,0.03998744000000628
2026-03-20,0.008903240000001113,0.0357741599999951,0.006443940000000318,9.84099999999967e-05,2.6561876000001425,0.015609120000000441
2026-03-21,0.007375730000000294,0.04604891000000066,0.0058946800000000705,2.3060000000000528e-05,2.6212176199998742,0.003253189999999908
2026-03-22,0.00880527000000016,0.07158021000002172,0.00838023000000001,3.470999999999943e-05,1.9811362500002003,0.0043299200000000305
2026-03-23,0.007688620000000368,0.03920544999999645,0.013977360000000213,2.0630000000004117e-05,2.3627508899998833,0.02683687000000036
2026-03-24,0.006856039999999026,0.02495174000000297,0.010770700000001526,3.837999999998891e-05,2.4458088999998098,0.011591859999999444
2026-03-25,0.007426510000000004,0.034699060000000295,0.008283850000003402,1.7560000000003267e-05,2.582402619999755,0.019494830000002027
2026-03-26,0.008199220000003248,0.05474569000001603,0.005668280000001434,4.360000000001862e-06,2.2663172799997544,0.03322274000000392
2026-03-27,0.007742330000000295,0.06921023000000003,0.004734559999999876,-1.734723475976807e-18,2.581390289999386,0.010306289999999387
2026-03-28,0.007151840000000185,0.090084000000019,0.0045992900000001655,3.2279999999999115e-05,1.7472153699995512,0.015546380000000313
2026-03-29,0.008428810000000331,0.06960772000000844,0.004020210000000149,4.417999999999783e-05,1.53525582999941,0.016912480000002807
2026-03-30,0.007441900000000012,0.05158576000000561,0.008554980000000646,0.00012020000000001127,2.422402259999251,0.009670829999999807
2026-03-31,0.007440670000000024,0.0488385200000006,0.01385966000000051,0.0002697800000001603,2.3880193899993594,0.013721310000001676
2026-04-01,0.008619970000000268,0.06805749999999179,0.013495359999999504,0.0005397300000000767,2.4482963499989894,0.012969930000000091
2026-04-02,0.006598310000000192,0.051717469999993486,0.016906860000000336,2.9249999999998028e-05,2.4621888899996307,0.009561009999999941
2026-04-03,0.00822980000000039,0.04511891999999225,0.05808504000000042,0.0001321700000000009,2.4980227500001457,0.004975810000000202
2026-04-04,0.00644941999999998,0.04398266999998684,0.01667353000000025,0.00010047000000000007,1.9801742899995813,0.002067869999999986
2026-04-05,0.006468929999999609,0.08606687000000635,0.005108689999999805,4.9130000000001395e-05,1.5036880999994462,0.011000220000000092
2026-04-06,0.007499030000000066,0.04594472999998233,0.016654860000000018,7.479999999998946e-06,2.1032711699995303,0.0022905800000000017
2026-04-07,0.008257980000000147,0.05011033999998602,0.008328810000000521,0.0034361599999998497,2.2802354099997086,0.01052762999999951
2026-04-08,0.008159019999999913,0.05735633999998956,0.017979570000000444,0.0015983599999999636,2.3524667500000715,0.00583213999999991
2026-04-09,0.008117130000000064,0.06572304999998947,0.014049550000000147,2.1090000000000518e-05,2.3091282600001177,0.002769219999999991
2026-04-10,0.008636319999999916,0.04482286999999276,0.014970589999999978,0.00013974000000000018,2.599695680000025,0.004327699999999996
2026-04-11,0.008591519999999773,0.05104498999998647,0.017814169999999713,4.920000000000271e-06,1.8985637400000275,0.004017749999999982
2026-04-12,0.007356380000000112,0.10427389000003164,0.018832429999999838,0.0001629600000000002,1.6288126599998365,0.003508559999999954
2026-04-13,0.008276620000000168,0.08453136000002262,0.013792319999999737,0.00017788000000002087,2.203100820000238,0.00472902000000003
2026-04-14,0.014186520000000213,0.08036385999999891,0.04284820000000169,5.8179999999995353e-05,2.3837249000001983,0.003477659999999989
2026-04-15,0.009345059999999773,0.05658641999999478,0.009136440000000063,2.2700000000003967e-06,2.627194470000037,0.005111280000000128
2026-04-16,0.026620079999999914,0.08663106000000084,0.0364368200000048,1.4499999999999756e-05,2.436299479999851,0.005694850000000027
2026-04-17,0.018661970000000968,0.058874920000012,0.02709019000000009,2.3320000000000285e-05,3.363839130000104,0.02508992000000256
2026-04-18,0.012052810000000119,0.10653061000006539,0.003953090000000226,8.450999999989797e-05,1.9763906899999952,0.007080369999999337
2026-04-19,0.01003241999999982,0.11592063000005376,0.004559010000000064,8.091999999999908e-05,1.6257524700002168,0.004632959999999974
2026-04-20,0.009961160000000201,0.07177833000001861,0.009951349999999956,2.7200000000003263e-06,2.537044440000286,0.003408230000000092
2026-04-21,0.010662830000000033,0.06928956000001547,0.01603019999999984,7.286999999999962e-05,2.3594111900001167,0.0031306800000000237
2026-04-22,0.012452369999999793,0.06859076000001883,0.009776700000000062,2.2279999999998655e-05,3.2034657500002126,0.005525039999999954
2026-04-23,0.020942459999999018,0.04973254000000041,0.008048040000000057,2.31599999999995e-05,2.679270810000005,0.00393088999999997
2026-04-24,0.014938029999998917,0.07943129000002319,0.00653890999999996,2.8149999999994152e-05,2.3530920999997575,0.014523760000000012
2026-04-25,0.012555239999999834,0.09399792000004958,0.011572730000000229,0,1.8470905599998273,0.009323860000000154
2026-04-26,0.01648495999999976,0.12804948000006733,0.010604589999999102,-8.673617379884035e-19,1.5955718299998267,0.0067242599999998475
2026-04-27,0.012041639999999968,0.13064708999999894,0.017291809999999984,0.00044224,2.1345829600000354,0.001174850000000032
2026-04-28,0.011064019999999963,0.12468108999998623,0.010681740000000068,9.400000000000012e-07,2.5031191099998447,0.0002937199999999999
2026-04-29,0.01097053000000005,0.05902797999999481,0.10970082999999939,0,2.7052080199999344,0.00013744
2026-04-30,0.00855093000000002,0.08007724000000808,0.2612952999999995,8.110000000000029e-06,3.6215910399999944,0.00030303999999999997
2026-05-01,0.01093501000000003,0.185494870000007,0.03267219999999977,0.0008085799999999993,3.0959327099995364,8.066000000000002e-05
2026-05-02,0.009862000000000017,0.1338699399999868,0.006799110000000029,5.7199999999999656e-06,2.2600446000002115,0.00026077000000000045
2026-05-03,0.01150461,0.1596940099999477,0.010491060000000047,3.446999999999999e-05,1.8126929800000788,0.0001049
2026-05-04,0.013098280000000042,0.1279870999999635,0.014770679999999908,1.2060000000000003e-05,2.3738674400001023,9.301999999999999e-05
2026-05-05,0.012174129999999965,0.1242634399999713,0.016780880000000026,5.3559999999999806e-05,2.708097589999434,0.0006637200000000011
2026-05-06,0.014118430000000046,0.13563026999998784,0.007523129999999971,0.00028258000000000005,2.633602539999707,0.0005374399999999986
2026-05-07,0.012526880000000039,0.15047831999998937,0.006057430000000009,0.00019663000000000005,2.904005700000064,0.0006073600000000006
2026-05-08,0.015644660000000015,0.17218290000001774,0.011279719999999898,0.0005711800000000001,2.720751890000027,0.0013568699999999974
2026-05-09,0.016613650000000004,0.15854558999998236,0.007476560000000067,5.5169999999999894e-05,6.989521700000559,0.0006212799999999998
2026-05-10,0.010967309999999987,0.2697008600000096,0.006015750000000035,6.920000000000103e-06,1.8919569800000204,0.0011937799999999989
2026-05-11,0.008715070000000024,0.28606405000002555,0.004582129999999971,4.3020000000000005e-05,2.163430250000063,0.00038581999999999993
2026-05-12,0.010763740000000008,0.22230591000000344,0.004195580000000014,5.2340000000000004e-05,2.579013939999911,0.0006337899999999999
2026-05-13,0.01852420999999999,0.24348775000002715,0.008562390000000074,0.00017049000000000035,2.3243669899996102,0.001263399999999997
2026-05-14,0.01793853000000001,0.2633948200000217,0.005748650000000058,0.0002798699999999992,2.3310274199998933,0.00039577999999999787
2026-05-15,0.020715779999999986,0.2567585100000234,0.004816310000000022,0.00013044999999999984,2.877545369999847,0.001248480000000011
2026-05-16,0.019096090000000038,0.3239283700000399,0.010177360000000031,0.0008613300000000001,1.961196389999834,0.00042491
2026-05-17,0.023931400000000123,0.26271330000000315,0.00558633999999996,0.00012370999999999986,1.767999159999918,0.00030241
2026-05-18,0.01966151000000012,0.24541773999999855,0.012229589999999948,0.00041720000000000006,2.2373190100000064,0.00021358
2026-05-19,0.01540180000000002,0.2620033599999923,0.006488420000000017,0.00015131000000000004,2.2601665100002695,0.00034069
2026-05-20,0.012384489999999998,0.29349140000003376,0.007599120000000091,0.00014230000000000004,2.126182419999814,0.0002698599999999993
2026-05-21,0.012580400000000021,0.258399139999981,0.004685500000000036,0.0012208000000000002,2.4570238800001327,0.00022679999999999998
2026-05-22,0.011503839999999987,0.37036074999998,0.005800140000000029,0.0005561900000000001,2.18704758000009,0.00024511999999999993
2026-05-23,0.011050170000000017,0.44956531000004457,0.007971420000000022,0.00203982,1.858979159999976,0.00019419999999999998
2026-05-24,0.016335470000000032,0.42308750000005707,0.0034126800000000334,0.0025473499999999994,1.6914564699999213,0.00011887000000000002
2026-05-25,0.013854739999999977,0.5762883300000116,0.004982520000000038,0.00242457,2.1779843100001264,0.0006366399999999996
2026-05-26,0.011794280000000046,0.48165652000006925,0.005016759999999996,0.0034279199999999997,2.9264320500000554,0.00016899
2026-05-27,0.014495060000000047,0.5012849999999841,0.0026904100000000155,0.0017141999999999997,2.477210969999843,9.196999999999999e-05
2026-05-28,0.01619954000000004,0.6493448000000024,0.004651650000000017,0.00020259000000000002,2.8196119499998535,6.655999999999999e-05
2026-05-29,0.01157662000000006,0.5742183799999653,0.014022599999999781,0.00021365000000000002,3.286149700000319,0.00011513999999999996
2026-05-30,0.01109813000000004,0.5186229099999836,0.005374190000000055,0.00019214000000000001,2.4624505900000746,0.00018350999999999998
2026-05-31,0.009077530000000025,0.5411274399999894,0.006445810000000031,9.601000000000002e-05,2.16152387000008,0.00016875999999999998
2026-06-01,0.011635530000000047,0.46166198000001596,0.004922070000000023,0.00051678,3.1032059799999794,0.0005067500000000004
2026-06-02,0.008592960000000004,0.3662825499999901,0.0032987900000000466,7.703e-05,3.6074532599998377,5.551e-05
2026-06-03,0.011040900000000058,0.3455990699999991,0.006953259999999953,0.00025235,3.9943290800000386,6.172999999999998e-05
2026-06-04,0.013084370000000053,0.48504857999996265,0.006246050000000004,0.00046344999999999996,3.6594816399999064,0.00036557999999999995
2026-06-05,0.00851494000000001,0.4738727899999792,0.010827460000000016,0.00018357000000000003,3.438395449999805,0.00018302
2026-06-06,0.009322730000000026,0.45240394999995465,0.022890629999999836,0.0032909399999999996,2.4312546199998626,0.00021486000000000012
2026-06-07,0.012521790000000055,0.4557927199999524,0.00973873000000011,0.0004488,1.8757922999996575,0.00024783000000000004
2026-06-08,0.011601470000000075,0.510152519999998,0.004500040000000034,0.0005585900000000001,2.3964827699997406,0.00018757
2026-06-09,0.012043040000000052,0.5020721000000207,0.00890937000000006,0.0004884500000000001,2.5817841199993605,0.00016278999999999998
2026-06-10,0.009719520000000039,0.5050704300000088,0.015333680000000013,6.947e-05,2.484318149999651,5.607999999999999e-05
2026-06-11,0.012130890000000037,0.561825879999953,0.00987797999999985,0.00127382,2.9659107199995716,0.00026209
2026-06-12,0.013203350000000016,0.595837660000017,0.00808448000000004,0.0008431800000000001,3.165779499999817,0.00011991000000000001
2026-06-13,0.014637020000000077,0.834808589999938,0.00457836999999999,3.4490000000000004e-05,2.55754323999963,0.00015066
2026-06-14,0.015115130000000122,0.6836397099998469,0.011827210000000017,3.9269999999999995e-05,1.9459609300002276,6.115999999999999e-05
2026-06-15,0.017977979999999873,0.7071657900000073,0.007219320000000005,0.00033288999999999834,2.984790200000476,0.0004935400000000009
2026-06-16,0.009854840000000042,0.8047625200000114,0.006091610000000018,0.00021855,2.495312860000577,0.00017405
2026-06-17,0.01119580000000004,0.6379936500000287,0.0039914700000000716,0.00067244,2.686492710000034,0.00011993999999999998
2026-06-18,0.009919290000000034,0.865934900000016,0.014032500000000038,0.00071014,2.56765259999956,9.875999999999998e-05
2026-06-19,0.007550210000000018,0.7906316399999497,0.0076565200000000225,0.0024890599999999995,2.45014805999975,0.00014474999999999975
2026-06-20,0.01055780000000005,0.804787470000016,0.012123990000000046,0.0005234700000000001,1.8515491400001014,6.932999999999999e-05
2026-06-21,0.01012504000000004,0.6485269700000429,0.009572000000000037,0.00042906,1.7744799799996334,0.00010758
2026-06-22,0.015327340000000172,0.7295789900000359,0.011257390000000006,0.0007775699999999999,2.305966719999627,0.00035020999999999935
2026-06-23,0.009797410000000025,0.815667060000014,0.018133979999999942,0.0006377200000000003,2.3850602199996422,0.0008411700000000002
2026-06-24,0.011330820000000043,0.7179000199999637,0.011925290000000066,0.0003734999999999999,2.654529639999828,7.955999999999999e-05
2026-06-25,0.00940408,0.744311590000002,0.007164620000000061,0.00052198,2.60398005999983,0.0002764800000000001
2026-06-26,0.008730670000000003,0.6775393600000214,0.010047220000000065,0.00075379,2.738755649999881,1.095e-05
2026-06-27,0.00854005000000001,0.6803236300000102,0.04382612999999999,0.00041762000000000006,2.0331772900000207,5.950999999999999e-05
2026-06-28,0.010513830000000042,0.476211150000024,0.012024870000000047,0.00022472000000000003,1.7841720000000152,0.00026221
2026-06-29,0.011620690000000022,0.420817700000017,0.008326079999999925,8.997000000000001e-05,2.943104809999949,5.702e-05
2026-06-30,0.013197420000000014,0.497408860000055,0.014189509999999924,0.0042172500000000005,3.526184150000035,6.637999999999998e-05
2026-07-01,0.011237740000000006,0.4769377200000178,0.014407130000000042,0.0004566,3.0931518200000867,0.00010294
2026-07-02,0.020344690000000016,0.3803004300000142,0.020590099999999955,0.00023745000000000003,3.6571830300001213,0.00016674
2026-07-03,0.017071600000000044,0.44844702999992897,0.021837329999999947,0.0005744699999999988,2.878235240000229,0.0003284399999999993
2026-07-04,0.011856560000000025,0.479580090000021,0.026128849999999856,0.00039570999999999996,1.923941909999923,8.193000000000001e-05
2026-07-05,0.011115740000000039,0.40123423999996743,0.1546485700000003,0.00090998,1.6914183400002072,0.00010919
2026-07-06,0.01681335000000011,0.33935334999996236,0.010153709999999785,0.0005327000000000001,3.283695760000084,0.00013324
2026-07-07,0.016001800000000108,0.39926456999997356,0.016182940000000024,0.00069597,3.2095186700001794,0.00012026999999999999
2026-07-08,0.020584470000000056,0.33732140999994537,0.011307299999999992,0.00050811,2.1666325900000536,0.00021251
2026-07-09,0.008384780000000024,0.3119343799999603,0.013820069999999926,8.942e-05,2.4406576800000295,0.00028895000000000006
2026-07-10,0.015888030000000008,0.3350016699999632,0.016943920000000064,0.00038195,2.761183620000008,0.00010782999999999999
2026-07-11,0.010014610000000026,0.3923491599999671,0.010469370000000054,0.00022593000000000005,1.8399148400001357,0.00017263
2026-07-12,0.015759200000000157,0.4582907399999723,0.011113909999999975,0.00044829999999999995,1.6226465200001012,0.0003628499999999998
2026-07-13,0.012868980000000077,0.4074971799999803,0.014915909999999704,0.00118032,2.2451507900001566,0.00017909
2026-07-14,0.013973830000000052,0.4512624999999505,0.010517059999999918,0.0005007199999999999,2.368194550000155,0.0013338000000000195
2026-07-15,0.018941950000000107,0.3659945099999892,0.012060040000000037,0.0017727999999999997,3.2727646500001266,5.509e-05
2026-07-16,0.020850350000000052,0.33264035999997277,0.01414732999999994,0.00022073999999999998,2.8568221700002105,0.00020340000000000007
2026-07-17,0.015985210000000066,0.35898419999999653,0.018144029999999894,0.0011578200000000002,3.067046810000172,7.058e-05
2026-07-18,0.014320240000000033,0.5447898300000142,0.0188693100000001,0.0006435099999999999,2.0190554100003135,0.00019179
2026-07-19,0.013472710000000011,0.5326182000000653,0.011876730000000058,0.00067092,1.7531724900001833,0.00015210999999999998
2026-07-20,0.01299111000000006,0.4447614899999336,0.008531189999999899,0.0003834,2.4458017100005014,0.00030659000000000025
2026-07-21,0.014027960000000022,0.41054482999996095,0.027134849999999957,0.0003096199999999999,2.5857065300002873,0.00016414
2026-07-22,0.013478610000000096,0.3195583799999625,0.015216970000000017,0.00101574,2.4116246500001206,5.381999999999999e-05
2026-07-23,0.01544419000000009,0.3893416399999679,0.019558560000000027,0.00021595999999999996,2.4356912700000635,8.122e-05
2026-07-24,0.010856450000000021,0.48922527999994964,0.02039399000000002,0.00028138,2.6530196700003392,0.00015335999999999998
2026-07-25,0.011717930000000024,0.4134866299999742,0.006487590000000061,0.00041396,1.836102430000396,0.00012419999999999998
2026-07-26,0.010229360000000019,0.47940408999997414,0.0223959899999999,0.00016302000000000016,1.7842034000000917,0.00035316000000000026
2026-07-27,0.012215490000000018,0.43824138999994794,0.005511689999999995,0.00018244999999999996,2.482392790000248,0.0001623
2026-07-28,0.010324710000000006,0.35293781999997015,0.004814640000000015,0.00017498999999999998,2.600396579999968,0.00024527
2026-07-29,0.013567340000000046,0.44951911999994276,0.025986499999999725,0.0018006999999999997,2.8979422000002537,0.00014366000000000002
2026-07-30,0.00901594000000001,0.46725405999993447,0.01783007999999998,0.0008527200000000002,2.681069130000422,0.00027936
2026-07-31,0.04130173000000008,0.41885374999998254,0.0074110099999999,0.0004414000000000001,5.2666040300003765,0.00011364999999999997
2026-08-01,0.02132901999999998,0.4821805199999581,0.04075724999999977,0.0004290799999999999,3.1772797200003478,0.00014149000000000003
2026-08-02,0.012817760000000034,0.45225733999993084,0.022884739999999647,0.00071512,2.43668172000031,0.00014602999999999998
2026-08-03,0.011694690000000021,0.4623528999999409,0.0105928,0.00238768,3.4065795600004356,8.016999999999999e-05
2026-08-04,0.012965390000000007,0.4253080299999453,0.02315932999999996,0.0004904,2.827761660000191,0.00016166999999999996
2026-08-05,0.01293351999999998,0.39088936999997775,0.021134570000000026,0.0002973499999999999,3.254617410000143,0.00025225000000000003
2026-08-06,0.014112850000000015,0.38146494999998376,0.02950386999999995,0.00019065999999999994,3.2373380900002036,0.00055072
2026-08-07,0.010452410000000014,0.4757179699999177,0.01750819999999997,0.00061523,3.464866249999782,0.00015688
2026-08-08,0.010687030000000024,0.42435940999996735,0.024117599999999923,0.0005105500000000002,2.1343611899999972,0.0005930800000000002
2026-08-09,0.009501350000000016,0.44643999999992096,0.01871089999999994,0.00063905,1.7268118100002003,1.077e-05
2026-08-10,0.008960870000000011,0.38111047999994685,0.025036059999999912,0.002156339999999996,2.6278471900002853,9.714999999999999e-05
2026-08-11,0.011245310000000045,0.36293389999996073,0.019292950000000017,0.0005392099999999994,2.4487579700000968,0.00031949000000000013
2026-08-12,0.009706270000000013,0.40135317999995945,0.06101235999999972,0.00106541,4.56916168000046,0.00016722000000000002
2026-08-13,0.01019366999999999,0.41763310999996006,0.028452700000000088,0.00050669,2.7310004800002567,0.0002753099999999997
2026-08-14,0.00868558000000002,0.4171849699999646,0.022966369999999996,0.00041406999999999984,2.7011047000002835,0.00015509999999999965
2026-08-15,0.00841275,0.42913424000001515,0.01988045000000007,0.0016492000000000006,1.8706415499999711,2.9429999999999998e-05
2026-08-16,0.0071950600000000075,0.49334833999989014,0.024275019999999918,0.00024857000000000004,1.667473999999828,6.537e-05
2026-08-17,0.0094114,0.455143389999969,0.01323195000000005,0.00023296000000000005,2.2874562599998334,0.0007391499999999995
2026-08-18,0.010614980000000013,0.4246697400000251,0.01436815999999995,0.0008479100000000003,2.4575007199993895,4.733999999999998e-05
2026-08-19,0.00906889000000003,0.3256098799999667,0.007224060000000004,0.00012151999999999991,2.8801850899994332,0.00045033999999999976
2026-08-20,0.010035120000000003,0.3146200799999812,0.018006080000000035,0.0005919000000000001,3.8005878999997873,9.413999999999991e-05
2026-08-21,0.013080380000000016,0.3427766599999781,0.012437310000000057,0.00154403,4.488963369999844,4.8e-06
2026-08-22,0.00935336000000001,0.43372228000001534,0.008407420000000054,9.166000000000001e-05,2.626483779999639,6.547e-05
2026-08-23,0.009497360000000033,0.4060965500000097,0.003828319999999997,0.00020527999999999953,1.9096487399996185,0.002203320000000002
2026-08-24,0.009300770000000031,0.37620588999999904,0.02023119999999995,0.0003803200000000006,2.713220299999794,0.0007655999999999991
