date,Ethereum,Solana,Polygon,Optimism,Avalanche C-Chain,BNB Chain,Arbitrum,Aptos,Tempo
2024-03-20,40000000.0,0.0,0.0,0.0,0.0,0.0,0.0,0.0,0.0
2024-03-21,50000000.0,0.0,0.0,0.0,0.0,0.0,0.0,0.0,0.0
2024-03-22,100499706.87,0.0,0.0,0.0,0.0,0.0,0.0,0.0,0.0
2024-03-23,100499706.87,0.0,0.0,0.0,0.0,0.0,0.0,0.0,0.0
2024-03-24,100499706.87,0.0,0.0,0.0,0.0,0.0,0.0,0.0,0.0
2024-03-25,110499706.87,0.0,0.0,0.0,0.0,0.0,0.0,0.0,0.0
2024-03-26,160499706.87,0.0,0.0,0.0,0.0,0.0,0.0,0.0,0.0
2024-03-27,244807252.87,0.0,0.0,0.0,0.0,0.0,0.0,0.0,0.0
2024-03-28,274807252.87,0.0,0.0,0.0,0.0,0.0,0.0,0.0,0.0
2024-03-29,274807252.87,0.0,0.0,0.0,0.0,0.0,0.0,0.0,0.0
2024-03-30,274807252.87,0.0,0.0,0.0,0.0,0.0,0.0,0.0,0.0
2024-03-31,274807252.87,0.0,0.0,0.0,0.0,0.0,0.0,0.0,0.0
2024-04-01,280072651.52,0.0,0.0,0.0,0.0,0.0,0.0,0.0,0.0
2024-04-02,279822651.52,0.0,0.0,0.0,0.0,0.0,0.0,0.0,0.0
2024-04-03,280655751.52,0.0,0.0,0.0,0.0,0.0,0.0,0.0,0.0
2024-04-04,280655751.52,0.0,0.0,0.0,0.0,0.0,0.0,0.0,0.0
2024-04-05,280655751.52,0.0,0.0,0.0,0.0,0.0,0.0,0.0,0.0
2024-04-06,280655751.52,0.0,0.0,0.0,0.0,0.0,0.0,0.0,0.0
2024-04-07,280655751.52,0.0,0.0,0.0,0.0,0.0,0.0,0.0,0.0
2024-04-08,286346989.52,0.0,0.0,0.0,0.0,0.0,0.0,0.0,0.0
2024-04-09,285964232.52,0.0,0.0,0.0,0.0,0.0,0.0,0.0,0.0
2024-04-10,288064382.52,0.0,0.0,0.0,0.0,0.0,0.0,0.0,0.0
2024-04-11,288464382.52,0.0,0.0,0.0,0.0,0.0,0.0,0.0,0.0
2024-04-12,293464382.52,0.0,0.0,0.0,0.0,0.0,0.0,0.0,0.0
2024-04-13,293464382.52,0.0,0.0,0.0,0.0,0.0,0.0,0.0,0.0
2024-04-14,293464382.52,0.0,0.0,0.0,0.0,0.0,0.0,0.0,0.0
2024-04-15,293464382.52,0.0,0.0,0.0,0.0,0.0,0.0,0.0,0.0
2024-04-16,293864382.52,0.0,0.0,0.0,0.0,0.0,0.0,0.0,0.0
2024-04-17,293864382.52,0.0,0.0,0.0,0.0,0.0,0.0,0.0,0.0
2024-04-18,297364382.52,0.0,0.0,0.0,0.0,0.0,0.0,0.0,0.0
2024-04-19,298364382.52,0.0,0.0,0.0,0.0,0.0,0.0,0.0,0.0
2024-04-20,298364382.52,0.0,0.0,0.0,0.0,0.0,0.0,0.0,0.0
2024-04-21,298364382.52,0.0,0.0,0.0,0.0,0.0,0.0,0.0,0.0
2024-04-22,304614382.52,0.0,0.0,0.0,0.0,0.0,0.0,0.0,0.0
2024-04-23,304614382.52,0.0,0.0,0.0,0.0,0.0,0.0,0.0,0.0
2024-04-24,304614382.52,0.0,0.0,0.0,0.0,0.0,0.0,0.0,0.0
2024-04-25,349430246.52,0.0,0.0,0.0,0.0,0.0,0.0,0.0,0.0
2024-04-26,349430246.52,0.0,0.0,0.0,0.0,0.0,0.0,0.0,0.0
2024-04-27,349430246.52,0.0,0.0,0.0,0.0,0.0,0.0,0.0,0.0
2024-04-28,349430246.52,0.0,0.0,0.0,0.0,0.0,0.0,0.0,0.0
2024-04-29,375057329.74,0.0,0.0,0.0,0.0,0.0,0.0,0.0,0.0
2024-04-30,375057329.74,0.0,0.0,0.0,0.0,0.0,0.0,0.0,0.0
2024-05-01,384768811.56,0.0,0.0,0.0,0.0,0.0,0.0,0.0,0.0
2024-05-02,384768811.56,0.0,0.0,0.0,0.0,0.0,0.0,0.0,0.0
2024-05-03,381768811.56,0.0,0.0,0.0,0.0,0.0,0.0,0.0,0.0
2024-05-04,381768811.56,0.0,0.0,0.0,0.0,0.0,0.0,0.0,0.0
2024-05-05,381768811.56,0.0,0.0,0.0,0.0,0.0,0.0,0.0,0.0
2024-05-06,381768811.56,0.0,0.0,0.0,0.0,0.0,0.0,0.0,0.0
2024-05-07,382766347.21,0.0,0.0,0.0,0.0,0.0,0.0,0.0,0.0
2024-05-08,382766347.21,0.0,0.0,0.0,0.0,0.0,0.0,0.0,0.0
2024-05-09,382766347.21,0.0,0.0,0.0,0.0,0.0,0.0,0.0,0.0
2024-05-10,382766347.21,0.0,0.0,0.0,0.0,0.0,0.0,0.0,0.0
2024-05-11,382766347.21,0.0,0.0,0.0,0.0,0.0,0.0,0.0,0.0
2024-05-12,382766347.21,0.0,0.0,0.0,0.0,0.0,0.0,0.0,0.0
2024-05-13,381066347.21,0.0,0.0,0.0,0.0,0.0,0.0,0.0,0.0
2024-05-14,381066347.21,0.0,0.0,0.0,0.0,0.0,0.0,0.0,0.0
2024-05-15,381066347.21,0.0,0.0,0.0,0.0,0.0,0.0,0.0,0.0
2024-05-16,427016347.21,0.0,0.0,0.0,0.0,0.0,0.0,0.0,0.0
2024-05-17,427016347.21,0.0,0.0,0.0,0.0,0.0,0.0,0.0,0.0
2024-05-18,427016347.21,0.0,0.0,0.0,0.0,0.0,0.0,0.0,0.0
2024-05-19,427016347.21,0.0,0.0,0.0,0.0,0.0,0.0,0.0,0.0
2024-05-20,427016347.21,0.0,0.0,0.0,0.0,0.0,0.0,0.0,0.0
2024-05-21,442282474.88,0.0,0.0,0.0,0.0,0.0,0.0,0.0,0.0
2024-05-22,448504972.88,0.0,0.0,0.0,0.0,0.0,0.0,0.0,0.0
2024-05-23,451080648.88,0.0,0.0,0.0,0.0,0.0,0.0,0.0,0.0
2024-05-24,453512032.88,0.0,0.0,0.0,0.0,0.0,0.0,0.0,0.0
2024-05-25,453512032.88,0.0,0.0,0.0,0.0,0.0,0.0,0.0,0.0
2024-05-26,453512032.88,0.0,0.0,0.0,0.0,0.0,0.0,0.0,0.0
2024-05-27,453512032.88,0.0,0.0,0.0,0.0,0.0,0.0,0.0,0.0
2024-05-28,473090665.25,0.0,0.0,0.0,0.0,0.0,0.0,0.0,0.0
2024-05-29,454090665.25,0.0,0.0,0.0,0.0,0.0,0.0,0.0,0.0
2024-05-30,454090665.25,0.0,0.0,0.0,0.0,0.0,0.0,0.0,0.0
2024-05-31,456255765.25,0.0,0.0,0.0,0.0,0.0,0.0,0.0,0.0
2024-06-01,456255765.25,0.0,0.0,0.0,0.0,0.0,0.0,0.0,0.0
2024-06-02,456255765.25,0.0,0.0,0.0,0.0,0.0,0.0,0.0,0.0
2024-06-03,462542901.22,0.0,0.0,0.0,0.0,0.0,0.0,0.0,0.0
2024-06-04,462870228.56,0.0,0.0,0.0,0.0,0.0,0.0,0.0,0.0
2024-06-05,462870228.56,0.0,0.0,0.0,0.0,0.0,0.0,0.0,0.0
2024-06-06,462870228.56,0.0,0.0,0.0,0.0,0.0,0.0,0.0,0.0
2024-06-07,463270228.56,0.0,0.0,0.0,0.0,0.0,0.0,0.0,0.0
2024-06-08,463270228.56,0.0,0.0,0.0,0.0,0.0,0.0,0.0,0.0
2024-06-09,463270228.56,0.0,0.0,0.0,0.0,0.0,0.0,0.0,0.0
2024-06-10,462270228.56,0.0,0.0,0.0,0.0,0.0,0.0,0.0,0.0
2024-06-11,462270228.56,0.0,0.0,0.0,0.0,0.0,0.0,0.0,0.0
2024-06-12,462270228.56,0.0,0.0,0.0,0.0,0.0,0.0,0.0,0.0
2024-06-13,467270228.56,0.0,0.0,0.0,0.0,0.0,0.0,0.0,0.0
2024-06-14,462722165.23,0.0,0.0,0.0,0.0,0.0,0.0,0.0,0.0
2024-06-15,462722165.23,0.0,0.0,0.0,0.0,0.0,0.0,0.0,0.0
2024-06-16,462722165.23,0.0,0.0,0.0,0.0,0.0,0.0,0.0,0.0
2024-06-17,462722165.23,0.0,0.0,0.0,0.0,0.0,0.0,0.0,0.0
2024-06-18,462722165.23,0.0,0.0,0.0,0.0,0.0,0.0,0.0,0.0
2024-06-19,462722165.23,0.0,0.0,0.0,0.0,0.0,0.0,0.0,0.0
2024-06-20,481422165.23,0.0,0.0,0.0,0.0,0.0,0.0,0.0,0.0
2024-06-21,481422165.23,0.0,0.0,0.0,0.0,0.0,0.0,0.0,0.0
2024-06-22,481422165.23,0.0,0.0,0.0,0.0,0.0,0.0,0.0,0.0
2024-06-23,481422165.23,0.0,0.0,0.0,0.0,0.0,0.0,0.0,0.0
2024-06-24,481422165.23,0.0,0.0,0.0,0.0,0.0,0.0,0.0,0.0
2024-06-25,479455787.55,0.0,0.0,0.0,0.0,0.0,0.0,0.0,0.0
2024-06-26,481811326.32,0.0,0.0,0.0,0.0,0.0,0.0,0.0,0.0
2024-06-27,481811326.32,0.0,0.0,0.0,0.0,0.0,0.0,0.0,0.0
2024-06-28,483311326.32,0.0,0.0,0.0,0.0,0.0,0.0,0.0,0.0
2024-06-29,483311326.32,0.0,0.0,0.0,0.0,0.0,0.0,0.0,0.0
2024-06-30,483311326.32,0.0,0.0,0.0,0.0,0.0,0.0,0.0,0.0
2024-07-01,486460738.98,0.0,0.0,0.0,0.0,0.0,0.0,0.0,0.0
2024-07-02,486460738.98,0.0,0.0,0.0,0.0,0.0,0.0,0.0,0.0
2024-07-03,486460738.98,0.0,0.0,0.0,0.0,0.0,0.0,0.0,0.0
2024-07-04,486460738.98,0.0,0.0,0.0,0.0,0.0,0.0,0.0,0.0
2024-07-05,491830738.98,0.0,0.0,0.0,0.0,0.0,0.0,0.0,0.0
2024-07-06,491830738.98,0.0,0.0,0.0,0.0,0.0,0.0,0.0,0.0
2024-07-07,491830738.98,0.0,0.0,0.0,0.0,0.0,0.0,0.0,0.0
2024-07-08,502811704.63,0.0,0.0,0.0,0.0,0.0,0.0,0.0,0.0
2024-07-09,502811704.63,0.0,0.0,0.0,0.0,0.0,0.0,0.0,0.0
2024-07-10,503667778.13,0.0,0.0,0.0,0.0,0.0,0.0,0.0,0.0
2024-07-11,523667778.13,0.0,0.0,0.0,0.0,0.0,0.0,0.0,0.0
2024-07-12,524867778.13,0.0,0.0,0.0,0.0,0.0,0.0,0.0,0.0
2024-07-13,524867778.13,0.0,0.0,0.0,0.0,0.0,0.0,0.0,0.0
2024-07-14,524867778.13,0.0,0.0,0.0,0.0,0.0,0.0,0.0,0.0
2024-07-15,528867778.13,0.0,0.0,0.0,0.0,0.0,0.0,0.0,0.0
2024-07-16,517867778.13,0.0,0.0,0.0,0.0,0.0,0.0,0.0,0.0
2024-07-17,519309780.49,0.0,0.0,0.0,0.0,0.0,0.0,0.0,0.0
2024-07-18,519309780.49,0.0,0.0,0.0,0.0,0.0,0.0,0.0,0.0
2024-07-19,526832780.49,0.0,0.0,0.0,0.0,0.0,0.0,0.0,0.0
2024-07-20,526832780.49,0.0,0.0,0.0,0.0,0.0,0.0,0.0,0.0
2024-07-21,526832780.49,0.0,0.0,0.0,0.0,0.0,0.0,0.0,0.0
2024-07-22,527644665.88,0.0,0.0,0.0,0.0,0.0,0.0,0.0,0.0
2024-07-23,527644665.88,0.0,0.0,0.0,0.0,0.0,0.0,0.0,0.0
2024-07-24,527644665.88,0.0,0.0,0.0,0.0,0.0,0.0,0.0,0.0
2024-07-25,508470519.33,0.0,0.0,0.0,0.0,0.0,0.0,0.0,0.0
2024-07-26,508470519.33,0.0,0.0,0.0,0.0,0.0,0.0,0.0,0.0
2024-07-27,508470519.33,0.0,0.0,0.0,0.0,0.0,0.0,0.0,0.0
2024-07-28,508470519.33,0.0,0.0,0.0,0.0,0.0,0.0,0.0,0.0
2024-07-29,519026248.12,0.0,0.0,0.0,0.0,0.0,0.0,0.0,0.0
2024-07-30,519026248.12,0.0,0.0,0.0,0.0,0.0,0.0,0.0,0.0
2024-07-31,521016248.15,0.0,0.0,0.0,0.0,0.0,0.0,0.0,0.0
2024-08-01,522809276.95,0.0,0.0,0.0,0.0,0.0,0.0,0.0,0.0
2024-08-02,522809276.95,0.0,0.0,0.0,0.0,0.0,0.0,0.0,0.0
2024-08-03,522809276.95,0.0,0.0,0.0,0.0,0.0,0.0,0.0,0.0
2024-08-04,522809276.95,0.0,0.0,0.0,0.0,0.0,0.0,0.0,0.0
2024-08-05,508336845.03,0.0,0.0,0.0,0.0,0.0,0.0,0.0,0.0
2024-08-06,510335845.03,0.0,0.0,0.0,0.0,0.0,0.0,0.0,0.0
2024-08-07,510335845.03,0.0,0.0,0.0,0.0,0.0,0.0,0.0,0.0
2024-08-08,513385845.03,0.0,0.0,0.0,0.0,0.0,0.0,0.0,0.0
2024-08-09,513385845.03,0.0,0.0,0.0,0.0,0.0,0.0,0.0,0.0
2024-08-10,513385845.03,0.0,0.0,0.0,0.0,0.0,0.0,0.0,0.0
2024-08-11,513385845.03,0.0,0.0,0.0,0.0,0.0,0.0,0.0,0.0
2024-08-12,517669169.96999997,0.0,0.0,0.0,0.0,0.0,0.0,0.0,0.0
2024-08-13,517669169.96999997,0.0,0.0,0.0,0.0,0.0,0.0,0.0,0.0
2024-08-14,517669169.96999997,0.0,0.0,0.0,0.0,0.0,0.0,0.0,0.0
2024-08-15,502669169.96999997,0.0,0.0,0.0,0.0,0.0,0.0,0.0,0.0
2024-08-16,502669169.96999997,0.0,0.0,0.0,0.0,0.0,0.0,0.0,0.0
2024-08-17,502669169.96999997,0.0,0.0,0.0,0.0,0.0,0.0,0.0,0.0
2024-08-18,502669169.96999997,0.0,0.0,0.0,0.0,0.0,0.0,0.0,0.0
2024-08-19,502669169.96999997,0.0,0.0,0.0,0.0,0.0,0.0,0.0,0.0
2024-08-20,502669169.96999997,0.0,0.0,0.0,0.0,0.0,0.0,0.0,0.0
2024-08-21,502669169.96999997,0.0,0.0,0.0,0.0,0.0,0.0,0.0,0.0
2024-08-22,502669169.96999997,0.0,0.0,0.0,0.0,0.0,0.0,0.0,0.0
2024-08-23,502669169.96999997,0.0,0.0,0.0,0.0,0.0,0.0,0.0,0.0
2024-08-24,502669169.96999997,0.0,0.0,0.0,0.0,0.0,0.0,0.0,0.0
2024-08-25,502669169.96999997,0.0,0.0,0.0,0.0,0.0,0.0,0.0,0.0
2024-08-26,509545708.96999997,0.0,0.0,0.0,0.0,0.0,0.0,0.0,0.0
2024-08-27,509545708.96999997,0.0,0.0,0.0,0.0,0.0,0.0,0.0,0.0
2024-08-28,502545708.96999997,0.0,0.0,0.0,0.0,0.0,0.0,0.0,0.0
2024-08-29,502545708.96999997,0.0,0.0,0.0,0.0,0.0,0.0,0.0,0.0
2024-08-30,502545708.96999997,0.0,0.0,0.0,0.0,0.0,0.0,0.0,0.0
2024-08-31,502545708.96999997,0.0,0.0,0.0,0.0,0.0,0.0,0.0,0.0
2024-09-01,502545708.96999997,0.0,0.0,0.0,0.0,0.0,0.0,0.0,0.0
2024-09-02,502545708.96999997,0.0,0.0,0.0,0.0,0.0,0.0,0.0,0.0
2024-09-03,517200069.46,0.0,0.0,0.0,0.0,0.0,0.0,0.0,0.0
2024-09-04,517200069.46,0.0,0.0,0.0,0.0,0.0,0.0,0.0,0.0
2024-09-05,514517741.62,0.0,0.0,0.0,0.0,0.0,0.0,0.0,0.0
2024-09-06,514517741.62,0.0,0.0,0.0,0.0,0.0,0.0,0.0,0.0
2024-09-07,514517741.62,0.0,0.0,0.0,0.0,0.0,0.0,0.0,0.0
2024-09-08,514517741.62,0.0,0.0,0.0,0.0,0.0,0.0,0.0,0.0
2024-09-09,514796548.32,0.0,0.0,0.0,0.0,0.0,0.0,0.0,0.0
2024-09-10,514796548.32,0.0,0.0,0.0,0.0,0.0,0.0,0.0,0.0
2024-09-11,514796548.32,0.0,0.0,0.0,0.0,0.0,0.0,0.0,0.0
2024-09-12,519796548.32,0.0,0.0,0.0,0.0,0.0,0.0,0.0,0.0
2024-09-13,520059548.32,0.0,0.0,0.0,0.0,0.0,0.0,0.0,0.0
2024-09-14,520059548.32,0.0,0.0,0.0,0.0,0.0,0.0,0.0,0.0
2024-09-15,520059548.32,0.0,0.0,0.0,0.0,0.0,0.0,0.0,0.0
2024-09-16,520059548.32,0.0,0.0,0.0,0.0,0.0,0.0,0.0,0.0
2024-09-17,521667163.95,0.0,0.0,0.0,0.0,0.0,0.0,0.0,0.0
2024-09-18,521917184.83,0.0,0.0,0.0,0.0,0.0,0.0,0.0,0.0
2024-09-19,521917184.83,0.0,0.0,0.0,0.0,0.0,0.0,0.0,0.0
2024-09-20,521917184.83,0.0,0.0,0.0,0.0,0.0,0.0,0.0,0.0
2024-09-21,521917184.83,0.0,0.0,0.0,0.0,0.0,0.0,0.0,0.0
2024-09-22,521917184.83,0.0,0.0,0.0,0.0,0.0,0.0,0.0,0.0
2024-09-23,522264246.9,0.0,0.0,0.0,0.0,0.0,0.0,0.0,0.0
2024-09-24,522264246.9,0.0,0.0,0.0,0.0,0.0,0.0,0.0,0.0
2024-09-25,513264246.9,0.0,0.0,0.0,0.0,0.0,0.0,0.0,0.0
2024-09-26,513264246.9,0.0,0.0,0.0,0.0,0.0,0.0,0.0,0.0
2024-09-27,513264246.9,0.0,0.0,0.0,0.0,0.0,0.0,0.0,0.0
2024-09-28,513264246.9,0.0,0.0,0.0,0.0,0.0,0.0,0.0,0.0
2024-09-29,513264246.9,0.0,0.0,0.0,0.0,0.0,0.0,0.0,0.0
2024-09-30,518264246.9,0.0,0.0,0.0,0.0,0.0,0.0,0.0,0.0
2024-10-01,519712380.88,0.0,0.0,0.0,0.0,0.0,0.0,0.0,0.0
2024-10-02,512416388.95,0.0,0.0,0.0,0.0,0.0,0.0,0.0,0.0
2024-10-03,523616388.95,0.0,0.0,0.0,0.0,0.0,0.0,0.0,0.0
2024-10-04,537116388.95,0.0,0.0,0.0,0.0,0.0,0.0,0.0,0.0
2024-10-05,537116388.95,0.0,0.0,0.0,0.0,0.0,0.0,0.0,0.0
2024-10-06,537116388.95,0.0,0.0,0.0,0.0,0.0,0.0,0.0,0.0
2024-10-07,522366388.95000005,0.0,0.0,0.0,0.0,0.0,0.0,0.0,0.0
2024-10-08,522366388.95000005,0.0,0.0,0.0,0.0,0.0,0.0,0.0,0.0
2024-10-09,522366388.95000005,0.0,0.0,0.0,0.0,0.0,0.0,0.0,0.0
2024-10-10,531889426.95000005,0.0,0.0,0.0,0.0,0.0,0.0,0.0,0.0
2024-10-11,550564426.95,0.0,0.0,0.0,0.0,0.0,0.0,0.0,0.0
2024-10-12,550564426.95,0.0,0.0,0.0,0.0,0.0,0.0,0.0,0.0
2024-10-13,550564426.95,0.0,0.0,0.0,0.0,0.0,0.0,0.0,0.0
2024-10-14,550564426.95,0.0,0.0,0.0,0.0,0.0,0.0,0.0,0.0
2024-10-15,557767034.4000001,0.0,0.0,0.0,0.0,0.0,0.0,0.0,0.0
2024-10-16,547767034.4000001,0.0,0.0,0.0,0.0,0.0,0.0,0.0,0.0
2024-10-17,547767034.4000001,0.0,0.0,0.0,0.0,0.0,0.0,0.0,0.0
2024-10-18,550987034.4000001,0.0,0.0,0.0,0.0,0.0,0.0,0.0,0.0
2024-10-19,550987034.4000001,0.0,0.0,0.0,0.0,0.0,0.0,0.0,0.0
2024-10-20,550987034.4000001,0.0,0.0,0.0,0.0,0.0,0.0,0.0,0.0
2024-10-21,550987034.4000001,0.0,0.0,0.0,0.0,0.0,0.0,0.0,0.0
2024-10-22,550987034.4000001,0.0,0.0,0.0,0.0,0.0,0.0,0.0,0.0
2024-10-23,539987034.4000001,0.0,0.0,0.0,0.0,0.0,0.0,0.0,0.0
2024-10-24,529737034.4000001,0.0,0.0,0.0,0.0,0.0,0.0,0.0,0.0
2024-10-25,529737034.4000001,0.0,0.0,0.0,0.0,0.0,0.0,0.0,0.0
2024-10-26,529737034.4000001,0.0,0.0,0.0,0.0,0.0,0.0,0.0,0.0
2024-10-27,529737034.4000001,0.0,0.0,0.0,0.0,0.0,0.0,0.0,0.0
2024-10-28,534737034.4000001,0.0,0.0,0.0,0.0,0.0,0.0,0.0,0.0
2024-10-29,533537034.4000001,0.0,0.0,0.0,0.0,0.0,0.0,0.0,0.0
2024-10-30,523537034.4000001,0.0,0.0,0.0,0.0,0.0,0.0,0.0,0.0
2024-10-31,523537034.4000001,0.0,0.0,0.0,0.0,0.0,0.0,0.0,0.0
2024-11-01,533502032.1300001,0.0,0.0,0.0,0.0,0.0,0.0,0.0,0.0
2024-11-02,533502032.1300001,0.0,0.0,0.0,0.0,0.0,0.0,0.0,0.0
2024-11-03,533502032.1300001,0.0,0.0,0.0,0.0,0.0,0.0,0.0,0.0
2024-11-04,529502032.1300001,0.0,1000000.0,1000000.0,1000000.0,0.0,1000000.0,0.0,0.0
2024-11-05,511502032.1300001,0.0,1000000.0,1000000.0,1000000.0,0.0,1000000.0,0.0,0.0
2024-11-06,511501032.1300001,0.0,1000000.0,1000000.0,1001000.0,0.0,1000000.0,0.0,0.0
2024-11-07,510998032.1300001,0.0,1001000.0,1001000.0,1001000.0,0.0,1001000.0,0.0,0.0
2024-11-08,509999032.1300001,0.0,1401000.0,1100000.0,1401000.0,0.0,1101000.0,0.0,0.0
2024-11-09,509999032.1300001,0.0,1401000.0,1100000.0,1401000.0,0.0,1101000.0,0.0,0.0
2024-11-10,509999032.1300001,0.0,1401000.0,1100000.0,1401000.0,0.0,1101000.0,0.0,0.0
2024-11-11,509999032.1300001,0.0,1401000.0,1100000.0,1401000.0,0.0,1101000.0,0.0,0.0
2024-11-12,516527922.7200001,0.0,1401000.0,1100000.0,1401000.0,0.0,1101000.0,0.0,0.0
2024-11-13,513467922.7200001,0.0,1401000.0,26100000.0,1401000.0,0.0,1101000.0,1000000.0,0.0
2024-11-14,485877788.4500001,0.0,1401000.0,26100000.0,27015613.13,0.0,1101000.0,1000000.0,0.0
2024-11-15,454309005.3900001,0.0,32269803.68,26100000.0,27015613.13,0.0,1101000.0,1000000.0,0.0
2024-11-16,454309005.3900001,0.0,32269803.68,26100000.0,27015613.13,0.0,1101000.0,1000000.0,0.0
2024-11-17,454309005.3900001,0.0,32269803.68,26100000.0,27015613.13,0.0,1101000.0,1000000.0,0.0
2024-11-18,454309005.3900001,0.0,32269803.68,26100000.0,27015613.13,0.0,1101000.0,1000000.0,0.0
2024-11-19,448809005.3900001,0.0,32269803.68,26100000.0,27015613.13,0.0,1101000.0,1000000.0,0.0
2024-11-20,443809005.3900001,0.0,32269803.68,26100000.0,32015613.13,0.0,1101000.0,1000000.0,0.0
2024-11-21,443909005.3900001,0.0,32269803.68,26100000.0,32015613.13,0.0,1101000.0,1000000.0,0.0
2024-11-22,443909005.3900001,0.0,32269803.68,26100000.0,32015613.13,0.0,1101000.0,1000000.0,0.0
2024-11-23,443809005.3900001,0.0,32269803.68,26100000.0,32015613.13,0.0,1101000.0,1000000.0,0.0
2024-11-24,443809005.3900001,0.0,32269803.68,26100000.0,32015613.13,0.0,1101000.0,1000000.0,0.0
2024-11-25,437808895.3900001,0.0,32269903.68,26100000.0,32015623.13,0.0,1101000.0,1000000.0,0.0
2024-11-26,437808895.3900001,0.0,32269903.68,26100000.0,32015623.13,0.0,1101000.0,1000000.0,0.0
2024-11-27,440808895.3900001,0.0,32269903.68,26100000.0,32015623.13,0.0,1101000.0,1000000.0,0.0
2024-11-28,440808895.3900001,0.0,32269903.68,26100000.0,32015623.13,0.0,1101000.0,1000000.0,0.0
2024-11-29,440808895.3900001,0.0,32269903.68,26100000.0,32015623.13,0.0,1101000.0,1000000.0,0.0
2024-11-30,440808895.3900001,0.0,32269903.68,26100000.0,32015623.13,0.0,1101000.0,1000000.0,0.0
2024-12-01,440808895.3900001,0.0,32269903.68,26100000.0,32015623.13,0.0,1101000.0,1000000.0,0.0
2024-12-02,447313391.7700001,0.0,32334606.74,26154612.51,32079907.38,0.0,1104362.29,1002197.77,0.0
2024-12-03,458263391.7700001,0.0,32334606.74,26154612.51,32079907.38,0.0,1104362.29,1002197.77,0.0
2024-12-04,458263391.7700001,0.0,32334606.74,26154612.51,32079907.38,0.0,1104362.29,1002197.77,0.0
2024-12-05,433263391.7700001,0.0,32334606.74,26154612.51,32079907.38,0.0,1104362.29,1002197.77,0.0
2024-12-06,433263391.7700001,0.0,32334606.74,26154612.51,32079907.38,0.0,1104362.29,1002197.77,0.0
2024-12-07,433263391.7700001,0.0,32334606.74,26154612.51,32079907.38,0.0,1104362.29,1002197.77,0.0
2024-12-08,433263391.7700001,0.0,32334606.74,26154612.51,32079907.38,0.0,1104362.29,1002197.77,0.0
2024-12-09,433263391.7700001,0.0,32334606.74,26154612.51,32079907.38,0.0,1104362.29,1002197.77,0.0
2024-12-10,433263391.7700001,0.0,32334606.74,26154612.51,57079907.379999995,0.0,1104362.29,1002197.77,0.0
2024-12-11,443863391.7700001,0.0,32334606.74,26154612.51,57079907.379999995,0.0,1104362.29,1002197.77,0.0
2024-12-12,443863391.7700001,0.0,32334606.74,26154612.51,57079907.379999995,0.0,1104362.29,1002197.77,0.0
2024-12-13,443863391.7700001,0.0,32334606.74,26154612.51,57079907.379999995,0.0,1104362.29,1002197.77,0.0
2024-12-14,443863391.7700001,0.0,32334606.74,26154612.51,57079907.379999995,0.0,1104362.29,1002197.77,0.0
2024-12-15,443863391.7700001,0.0,32334606.74,26154612.51,57079907.379999995,0.0,1104362.29,1002197.77,0.0
2024-12-16,426863391.7700001,0.0,32334606.74,26154612.51,57079907.379999995,0.0,1104362.29,1002197.77,0.0
2024-12-17,426863391.7700001,0.0,32334606.74,26154612.51,57079907.379999995,0.0,1104362.29,1002197.77,0.0
2024-12-18,426863391.7700001,0.0,32334606.74,26154612.51,57079907.379999995,0.0,1104362.29,1002197.77,0.0
2024-12-19,432088391.7700001,0.0,32334606.74,26154612.51,57079907.379999995,0.0,1104362.29,1002197.77,0.0
2024-12-20,432193391.7700001,0.0,32334606.74,26154612.51,57079907.379999995,0.0,1104362.29,1002197.77,0.0
2024-12-21,432193391.7700001,0.0,32334606.74,26154612.51,57079907.379999995,0.0,1104362.29,1002197.77,0.0
2024-12-22,432193391.7700001,0.0,32334606.74,26154612.51,57079907.379999995,0.0,1104362.29,1002197.77,0.0
2024-12-23,437694641.97000015,0.0,32334606.74,26154612.51,57079907.379999995,0.0,1104362.29,1002197.77,0.0
2024-12-24,451334744.43000007,0.0,32334606.74,26154612.51,57079907.379999995,0.0,1104362.29,52641253.29000001,0.0
2024-12-25,451334744.43000007,0.0,32334606.74,26154612.51,57079907.379999995,0.0,1104362.29,52641253.29000001,0.0
2024-12-26,452483984.2600001,0.0,32334606.74,26154612.51,57079907.379999995,0.0,1104362.29,52641253.29000001,0.0
2024-12-27,452483984.2600001,0.0,32334606.74,26154612.51,57079907.379999995,0.0,1104362.29,52641253.29000001,0.0
2024-12-28,452483984.2600001,0.0,32334606.74,26154612.51,57079907.379999995,0.0,1104362.29,52641253.29000001,0.0
2024-12-29,452483984.2600001,0.0,32334606.74,26154612.51,57079907.379999995,0.0,1104362.29,52641253.29000001,0.0
2024-12-30,452483984.2600001,0.0,32334606.74,26154612.51,57079907.379999995,0.0,1104362.29,52641253.29000001,0.0
2024-12-31,479235381.7900001,0.0,32334606.74,26154612.51,57079907.379999995,0.0,1104362.29,52641253.29000001,0.0
2025-01-01,479235381.7900001,0.0,32334606.74,26154612.51,57079907.379999995,0.0,1104362.29,52641253.29000001,0.0
2025-01-02,481580506.87000006,0.0,32454255.52,26244748.42,57263921.349999994,0.0,1108168.11,52693637.800000004,0.0
2025-01-03,481581630.95000005,0.0,32454255.52,26244748.42,57263921.349999994,0.0,1108168.11,52693637.800000004,0.0
2025-01-04,481581630.95000005,0.0,32454255.52,26244748.42,57263921.349999994,0.0,1108168.11,52693637.800000004,0.0
2025-01-05,481581630.95000005,0.0,32454255.52,26244748.42,57263921.349999994,0.0,1108168.11,52693637.800000004,0.0
2025-01-06,477726630.95000005,0.0,32454255.52,26244748.42,57263921.349999994,0.0,1108168.11,52693637.800000004,0.0
2025-01-07,482726630.95000005,0.0,32454255.52,26244748.42,57263921.349999994,0.0,1108168.11,52693637.800000004,0.0
2025-01-08,482984921.83000004,0.0,32454255.52,26244748.42,57263921.349999994,0.0,1108168.11,52693637.800000004,0.0
2025-01-09,470984921.83000004,0.0,32454255.52,26244748.42,57263921.349999994,0.0,1108168.11,52693637.800000004,0.0
2025-01-10,470984921.83000004,0.0,32454255.52,26244748.42,57263921.349999994,0.0,1108168.11,52693637.800000004,0.0
2025-01-11,470984921.83000004,0.0,32454255.52,26244748.42,57263921.349999994,0.0,1108168.11,52693637.800000004,0.0
2025-01-12,470984921.83000004,0.0,32454255.52,26244748.42,57263921.349999994,0.0,1108168.11,52693637.800000004,0.0
2025-01-13,471985021.93000007,0.0,32454255.52,26244748.42,57263921.349999994,0.0,1108168.11,52693637.800000004,0.0
2025-01-14,464682947.93000007,0.0,32454255.52,26244748.42,57263921.349999994,0.0,1108168.11,52693637.800000004,0.0
2025-01-15,465013947.93000007,0.0,32454255.52,26244748.42,57263921.349999994,0.0,1108168.11,52693637.800000004,0.0
2025-01-16,465013947.93000007,0.0,32454255.52,26244748.42,57263921.349999994,0.0,1108168.11,52693637.800000004,0.0
2025-01-17,465113947.93000007,0.0,32454255.52,26244748.42,57263921.349999994,0.0,1108168.11,52693637.800000004,0.0
2025-01-18,465113947.93000007,0.0,32454255.52,26244748.42,57263921.349999994,0.0,1108168.11,52693637.800000004,0.0
2025-01-19,465113947.93000007,0.0,32454255.52,26244748.42,57263921.349999994,0.0,1108168.11,52693637.800000004,0.0
2025-01-20,465113947.93000007,0.0,32454255.52,26244748.42,57263921.349999994,0.0,1108168.11,52693637.800000004,0.0
2025-01-21,466013447.93000007,0.0,32454255.52,26244748.42,57263921.349999994,0.0,1108168.11,52693637.800000004,0.0
2025-01-22,465914447.93000007,0.0,32454255.52,26244748.42,57263921.349999994,0.0,1108168.11,52693637.800000004,0.0
2025-01-23,471998697.69000006,0.0,32535726.73,26305887.94,57407675.66,0.0,1110849.7100000002,52825932.28,0.0
2025-01-24,471297703.5900001,0.0,32539448.78,26308681.12,57414242.98,0.0,1110967.6600000001,52831975.46,0.0
2025-01-25,471297703.5900001,0.0,32539448.78,26308681.12,57414242.98,0.0,1110967.6600000001,52831975.46,0.0
2025-01-26,471297703.5900001,0.0,32539448.78,26308681.12,57414242.98,0.0,1110967.6600000001,52831975.46,0.0
2025-01-27,471893068.2300001,0.0,32550602.450000003,26317050.43,57433922.919999994,0.0,1111321.07,52850084.72,0.0
2025-01-28,458943663.26000005,0.0,33554315.130000003,27319835.86,54440473.779999994,0.0,2111438.7,52856112.69,0.0
2025-01-29,454482369.81000006,0.0,33558139.650000006,27322725.259999998,54446678.89999999,0.0,2111662.02,52862137.18,0.0
2025-01-30,454531007.7300001,0.0,33561958.830000006,27325610.24,54452875.30999999,0.0,2111884.99,52868153.27,0.0
2025-01-31,467374386.22,0.0,33565784.720000006,27328500.66,54459082.66999999,0.0,2112108.39,52874179.980000004,0.0
2025-02-01,467374386.22,0.0,33565784.720000006,27328500.66,54459082.66999999,0.0,2112108.39,52874179.980000004,0.0
2025-02-02,467374386.22,0.0,33565784.720000006,27328500.66,54459082.66999999,0.0,2112108.39,52874179.980000004,0.0
2025-02-03,467511041.03000003,0.0,33577247.720000006,27337159.8,54477680.89999998,0.0,2112777.6300000004,52892236.77,0.0
2025-02-04,448761055.96000004,0.0,33581069.04000001,27340046.3,54483880.82999998,0.0,2113000.72,52898256.220000006,0.0
2025-02-05,465970898.43000007,0.0,33584884.18000001,27342927.69,54490070.68999998,0.0,2113223.4000000004,52904265.93000001,0.0
2025-02-06,466020639.52000004,0.0,33588698.440000005,27345808.35,54496259.18999998,0.0,2113446.0400000005,52910274.27000001,0.0
2025-02-07,466070589.57000005,0.0,33592527.82000001,27348701.26,54502472.19999998,0.0,2113669.6300000004,52916306.41000001,0.0
2025-02-08,466070589.57000005,0.0,33592527.82000001,27348701.26,54502472.19999998,0.0,2113669.6300000004,52916306.41000001,0.0
2025-02-09,466070589.57000005,0.0,33592527.82000001,27348701.26,54502472.19999998,0.0,2113669.6300000004,52916306.41000001,0.0
2025-02-10,466220318.6500001,0.0,33604007.35000001,27357372.790000003,54521097.12999998,0.0,2114339.7900000005,52934389.360000014,0.0
2025-02-11,466270220.19000006,0.0,33607833.400000006,27360262.800000004,54527304.73999998,0.0,2114563.1500000004,52940416.31000002,0.0
2025-02-12,471605032.88000005,0.0,33611653.120000005,27363147.610000003,54533502.09999998,0.0,2114786.1000000006,52946433.250000015,0.0
2025-02-13,479699797.48,0.0,33615468.14000001,27366028.540000003,54539691.80999998,0.0,2115008.7500000005,52952442.83000001,0.0
2025-02-14,479751006.6700001,0.0,33369287.360000007,27368912.810000002,54545888.27999998,0.0,2115231.6600000006,52958458.97000001,0.0
2025-02-15,479751006.6700001,0.0,33369287.360000007,27368912.810000002,54545888.27999998,0.0,2115231.6600000006,52958458.97000001,0.0
2025-02-16,479751006.6700001,0.0,33369287.360000007,27368912.810000002,54545888.27999998,0.0,2115231.6600000006,52958458.97000001,0.0
2025-02-17,479751006.6700001,0.0,33369287.360000007,27368912.810000002,54545888.27999998,0.0,2115231.6600000006,52958458.97000001,0.0
2025-02-18,479955602.36,0.0,33384434.05000001,27380436.180000003,54570647.259999976,0.0,2116122.2300000004,52982497.250000015,0.0
2025-02-19,482006930.54,0.0,33388233.360000007,27383327.200000003,54576857.66999997,0.0,2116345.6700000004,52988526.92000002,0.0
2025-02-20,471265904.71000004,0.0,33392028.500000007,27386214.750000004,54583061.24999997,0.0,2116568.8300000005,52994549.92000002,0.0
2025-02-21,471316085.06,0.0,33395812.380000006,27389092.990000002,54589246.37999997,0.0,2116791.2800000007,53000555.05000002,0.0
2025-02-22,471316085.06,0.0,33395812.380000006,27389092.990000002,54589246.37999997,0.0,2116791.2800000007,53000555.05000002,0.0
2025-02-23,471316085.06,0.0,33395812.380000006,27389092.990000002,54589246.37999997,0.0,2116791.2800000007,53000555.05000002,0.0
2025-02-24,471857613.55,0.0,33407177.040000007,27397738.3,54142675.689999975,0.0,2117459.440000001,53018591.08000002,0.0
2025-02-25,467287952.76,0.0,33410969.150000006,27400623.12,54148821.52999998,0.0,2117682.400000001,53024609.28000002,0.0
2025-02-26,450837615.37,0.0,33414747.960000005,27403496.95,54154945.74999998,0.0,2117904.5100000007,53030606.36000002,0.0
2025-02-27,455885686.56000006,0.0,33418537.120000005,27406379.22,54161086.74999998,0.0,11838122.89,53036619.880000025,0.0
2025-02-28,444774510.25,0.0,33422342.920000006,27409275.09,54167254.77999998,0.0,11839373.74,53042659.80000003,0.0
2025-03-01,444774510.25,0.0,33422342.920000006,27409275.09,54167254.77999998,0.0,11839373.74,53042659.80000003,0.0
2025-03-02,444774510.25,0.0,33422342.920000006,27409275.09,54167254.77999998,0.0,11839373.74,53042659.80000003,0.0
2025-03-03,476917800.90999997,0.0,33433787.350000005,27417984.75,54185802.579999976,0.0,11843135.86,53060822.490000024,0.0
2025-03-04,480970973.03000003,0.0,33437579.500000004,27420869.23,53591948.439999975,0.0,11844381.809999999,53066840.71000002,0.0
2025-03-05,483982574.57,0.0,33441378.340000004,27423759.17,53598037.01999997,0.0,11845630.12,53072869.630000025,0.0
2025-03-06,488974487.44,0.0,33445182.860000003,27426653.720000003,53604134.70999997,0.0,11846880.42,53078907.520000026,0.0
2025-03-07,489027263.6,0.0,33448991.970000003,27429551.94,53610239.67999997,0.0,11848132.31,53084952.68000002,0.0
2025-03-08,489027263.6,0.0,33448991.970000003,27429551.94,53610239.67999997,0.0,11848132.31,53084952.68000002,0.0
2025-03-09,489027263.6,0.0,33448991.970000003,27429551.94,53610239.67999997,0.0,11848132.31,53084952.68000002,0.0
2025-03-10,489185388.91999996,0.0,33460405.470000003,27438235.200000003,53628532.53999997,0.0,11851883.020000001,53103066.170000024,0.0
2025-03-11,539278034.17,0.0,33464205.8,27441126.03,53634623.449999966,0.0,11853131.72,53109097.40000002,0.0
2025-03-12,619336276.56,0.0,33468003.88,27444015.0,53640710.809999965,0.0,11854379.610000001,53115125.13000002,0.0
2025-03-13,825403610.8399999,0.0,33471799.18,27446901.62,53146793.71999996,0.0,11855626.490000002,53121148.38000002,0.0
2025-03-14,1065494297.9399999,0.0,33475589.65,27449784.26,53152812.21999996,0.0,11856871.640000002,53127163.98000002,0.0
2025-03-15,1065494297.9399999,0.0,33475589.65,27449784.26,53152812.21999996,0.0,11856871.640000002,53127163.98000002,0.0
2025-03-16,1065494297.9399999,0.0,33475589.65,27449784.26,53152812.21999996,0.0,11856871.640000002,53127163.98000002,0.0
2025-03-17,1065848441.67,0.0,33486959.95,27458431.1,53170866.099999964,0.0,11860606.640000002,53145208.98000002,0.0
2025-03-18,1055966783.6099999,0.0,32990759.38,27461320.85,53176898.79999997,0.0,11861854.880000003,53151238.73000002,0.0
2025-03-19,1106083542.87,0.0,32994485.52,27464196.790000003,53182904.85999997,0.0,11863097.130000003,53157241.85000002,0.0
2025-03-20,1106205021.82,0.0,32998182.78,27467048.640000004,53188864.36999997,0.0,11864328.980000002,53163198.44000002,0.0
2025-03-21,1268826898.1599998,0.0,33001906.26,27069922.240000006,53194866.099999964,0.0,32366050.14,53169197.21000002,0.0
2025-03-22,1268826898.1599998,0.0,33001906.26,27069922.240000006,53194866.099999964,0.0,32366050.14,53169197.21000002,0.0
2025-03-23,1268826898.1599998,0.0,33001906.26,27069922.240000006,53194866.099999964,0.0,32366050.14,53169197.21000002,0.0
2025-03-24,1503282988.2399998,20000000.0,33013098.180000003,27078435.040000007,53212906.029999964,0.0,32376228.330000002,53187228.44000002,0.0
2025-03-25,1731766155.6799996,20002261.58,33016831.300000004,27081274.540000007,52618923.33999997,0.0,32379623.37,53193242.80000002,0.0
2025-03-26,1736960708.6799994,20004527.939999998,33020572.300000004,27084120.46000001,52624885.36999997,0.0,32383026.080000002,53199269.92000002,0.0
2025-03-27,1741164438.2399995,20006802.65,33024327.130000003,27086977.67000001,52630869.39999997,0.0,32386442.26,53205319.26000002,0.0
2025-03-28,1716360366.5599995,20009073.939999998,33028076.310000002,27089830.17000001,52636844.42999997,0.0,32389852.85,53211359.45000002,0.0
2025-03-29,1716360366.5599995,20009073.939999998,33028076.310000002,27089830.17000001,52636844.42999997,0.0,32389852.85,53211359.45000002,0.0
2025-03-30,1716360366.5599995,20009073.939999998,33028076.310000002,27089830.17000001,52636844.42999997,0.0,32389852.85,53211359.45000002,0.0
2025-03-31,1709939511.0399995,20015879.169999998,33039309.51,27098375.820000008,52654746.74999997,0.0,32400070.43,53229457.110000014,0.0
2025-04-01,1717882558.6399996,20018156.18,33043068.12,27101235.890000008,52660736.85999997,0.0,32403490.06,53235512.55000001,0.0
2025-04-02,1726031143.8799996,20020432.88,33046826.240000002,27104095.480000008,52666726.11999997,0.0,32406909.139999997,53241567.180000015,0.0
2025-04-03,1746177471.4999995,20022705.04,33050576.860000003,27106948.83000001,52672703.419999965,0.0,32410320.769999996,53247609.67000002,0.0
2025-04-04,1751375027.4099996,20024990.63,33054349.640000004,27109820.35000001,52678716.059999965,0.0,32413754.099999994,53253687.88000002,0.0
2025-04-05,1751375027.4099996,20024990.63,33054349.640000004,27109820.35000001,52678716.059999965,0.0,32413754.099999994,53253687.88000002,0.0
2025-04-06,1751375027.4099996,20024990.63,33054349.640000004,27109820.35000001,52678716.059999965,0.0,32413754.099999994,53253687.88000002,0.0
2025-04-07,1757178337.1899996,20031810.49,33065607.020000003,27118384.81000001,52696656.95999996,0.0,32423994.209999993,53271824.44000002,0.0
2025-04-08,1786325232.87,20034077.11,33069348.460000005,27121230.45000001,52702619.68999996,0.0,32427396.589999992,53277852.20000002,0.0
2025-04-09,1947539943.5699997,20036368.97,33073131.590000004,27124110.210000012,52708648.81999996,0.0,32430839.799999993,53283947.13000002,0.0
2025-04-10,2097642139.6899996,20038669.95,33076929.730000004,27127002.260000013,52714701.92999996,0.0,32434297.709999993,53290066.26000002,0.0
2025-04-11,2226745458.99,20040959.39,33080708.830000006,27129878.650000013,52720724.67999996,0.0,32437736.849999994,53296154.71000002,0.0
2025-04-12,2226745458.99,20040959.39,33080708.830000006,27129878.650000013,52720724.67999996,0.0,32437736.849999994,53296154.71000002,0.0
2025-04-13,2226745458.99,20040959.39,33080708.830000006,27129878.650000013,52720724.67999996,0.0,32437736.849999994,53296154.71000002,0.0
2025-04-14,2227501870.83,20047799.37,33091999.390000004,27138469.270000014,52738718.40999996,0.0,32448008.249999993,53314344.76000002,0.0
2025-04-15,2240022914.0599995,20050081.03,33095765.680000003,27141334.930000015,52744720.69999996,0.0,32451434.599999994,53320412.57000002,0.0
2025-04-16,2251140435.2699995,20052372.490000002,33099548.120000005,27144213.820000015,52750748.78999996,0.0,32454876.719999995,53326506.40000002,0.0
2025-04-17,2252229087.0599995,20054645.35,33103299.880000006,27147067.490000017,52756727.97999996,0.0,32458288.699999996,53332550.80000002,0.0
2025-04-18,2252229087.0599995,20054645.35,33103299.880000006,27147067.490000017,52756727.97999996,0.0,32458288.699999996,53332550.80000002,0.0
2025-04-19,2252229087.0599995,20054645.35,33103299.880000006,27147067.490000017,52756727.97999996,0.0,32458288.699999996,53332550.80000002,0.0
2025-04-20,2252229087.0599995,20054645.35,33103299.880000006,27147067.490000017,52756727.97999996,0.0,32458288.699999996,53332550.80000002,0.0
2025-04-21,2233247028.21,20063758.93,33118343.480000008,27158511.93000002,52780702.91999996,0.0,32471972.219999995,53356787.24000002,0.0
2025-04-22,2256999601.12,20066039.08,33122107.28000001,27161375.220000017,52786701.23999996,0.0,32475395.709999993,53362851.030000016,0.0
2025-04-23,2304252374.9799995,20068311.58,33125858.45000001,27164228.09000002,52792679.429999955,0.0,32478806.729999993,53368894.48000002,0.0
2025-04-24,2315311857.2,20070576.889999997,33129597.76000001,26167071.18000002,52798638.76999996,0.0,32482206.089999992,53374918.81000002,0.0
2025-04-25,2338511389.79,20072844.83,33133341.40000001,26169813.02000002,52804605.00999996,0.0,32485609.639999993,53380950.13000002,0.0
2025-04-26,2338511389.79,20072844.83,33133341.40000001,26169813.02000002,52804605.00999996,0.0,32485609.639999993,53380950.13000002,0.0
2025-04-27,2326511389.79,20072844.83,33133341.40000001,26169813.02000002,52804605.00999996,0.0,32485609.639999993,53380950.13000002,0.0
2025-04-28,2329325204.7,20079688.31,33144637.72000001,26178090.05000002,52822607.94999996,0.0,32495884.249999993,53399149.52000002,0.0
2025-04-29,2329900597.5699997,20081982.15,38398424.16000001,26180865.48000002,52828642.34999996,0.0,32499329.499999993,53405249.73000002,0.0
2025-04-30,2502977754.4399996,20084274.09,38402806.56000001,26183638.35000002,52834671.68999996,0.0,32502771.569999993,53411344.87000002,0.0
2025-05-01,2644910456.0899997,20086572.49,38407201.33000001,26186419.60000002,52840718.029999964,0.0,32506224.03999999,53417457.16000002,0.0
2025-05-02,2655210765.0599995,20088864.63,38411584.16000001,26189192.64000002,52846747.89999996,0.0,32509666.359999992,53423552.83000002,0.0
2025-05-03,2655210765.0599995,20088864.63,38411584.16000001,26189192.64000002,52846747.89999996,0.0,32509666.359999992,53423552.83000002,0.0
2025-05-04,2655210765.0599995,20088864.63,38411584.16000001,26189192.64000002,52846747.89999996,0.0,32509666.359999992,53423552.83000002,0.0
2025-05-05,2656113744.3699994,20095732.68,38424716.57000001,26197500.69000002,52864815.489999965,0.0,32519979.57999999,53441817.58000002,0.0
2025-05-06,2641413581.359999,20098013.3,38429077.35000001,26200258.53000002,52870815.06999996,0.0,32523402.98999999,53447882.59000002,0.0
2025-05-07,2641714435.6399994,20100293.64,38428437.63000001,26203015.98000002,52876813.949999966,0.0,31026825.90999999,53453946.90000002,0.0
2025-05-08,2651332317.3799996,20102567.490000002,38432784.92000001,26205764.91000002,52882795.739999965,0.0,31030080.90999999,53459993.94000002,0.0
2025-05-09,2694610986.7599993,20104840.330000002,38437130.24000001,26208512.450000018,52888774.82999997,0.0,31033334.289999988,53466038.28000002,0.0
2025-05-10,2694610986.7599993,20104840.330000002,38437130.24000001,26208512.450000018,52888774.82999997,0.0,31033334.289999988,53466038.28000002,0.0
2025-05-11,2694610986.7599993,20104840.330000002,38437130.24000001,26208512.450000018,52888774.82999997,0.0,31033334.289999988,53466038.28000002,0.0
2025-05-12,2691311837.0738535,20111648.220000003,38450146.01000001,26216741.150000017,52906684.28999997,0.0,31043077.83999999,53484143.04000002,0.0
2025-05-13,2695334240.7638535,20113918.200000003,38454485.91000001,26219484.810000017,52912655.91999997,0.0,31046326.58999999,53490179.80000002,0.0
2025-05-14,2672965946.1038537,20116193.650000002,23458836.220000014,26222235.52000002,52918641.87999997,0.0,31049583.719999988,53496231.09000002,0.0
2025-05-15,2670566191.0138535,20118466.160000004,23461486.410000015,26224982.380000018,52924620.149999976,0.0,31052836.259999987,53502274.56000002,0.0
2025-05-16,2681716390.8838534,20120743.810000002,23464142.600000016,26227735.880000018,52930611.94999997,0.0,31056096.719999988,53508331.710000016,0.0
2025-05-17,2681716390.8838534,20120743.810000002,23464142.600000016,26227735.880000018,52930611.94999997,0.0,31056096.719999988,53508331.710000016,0.0
2025-05-18,2681716390.8838534,20120743.810000002,23464142.600000016,26227735.880000018,52930611.94999997,0.0,31056096.719999988,53508331.710000016,0.0
2025-05-19,2693129623.4938536,20127569.26,23472102.410000015,26235986.420000017,52948567.589999974,0.0,31065866.24999999,53526483.24000002,0.0
2025-05-20,2694731314.403854,20129840.03,23474750.570000015,26238730.780000016,52954541.28999998,0.0,31069115.86999999,53532522.15000001,0.0
2025-05-21,2700115110.8538537,20132108.44,23477395.980000015,26241472.020000014,52960498.78999998,0.0,31072361.77999999,53538554.73000001,0.0
2025-05-22,2700417440.4738536,20134376.990000002,23480041.520000014,26244213.360000014,52966466.59999998,0.0,31075607.77999999,53544587.62000001,0.0
2025-05-23,2714510865.613854,20136644.85,23947110.250000015,26246953.750000015,52972432.579999976,0.0,31078852.68999999,53550618.72000001,0.0
2025-05-24,2714510865.613854,20136644.85,23947110.250000015,26246953.750000015,52972432.579999976,0.0,31078852.68999999,53550618.72000001,0.0
2025-05-25,2714510865.613854,20136644.85,23947110.250000015,26246953.750000015,52972432.579999976,0.0,31078852.68999999,53550618.72000001,0.0
2025-05-26,2714510865.613854,20136644.85,23947110.250000015,26246953.750000015,52972432.579999976,0.0,31078852.68999999,53550618.72000001,0.0
2025-05-27,2715725732.8538537,20145718.490000002,23958049.650000013,26257918.060000014,52996302.37999997,0.0,31091835.56999999,53574749.040000014,0.0
2025-05-28,2711853850.1038537,20148000.270000003,23960763.310000014,26260676.400000013,53002305.05999997,0.0,31095101.70999999,53580817.180000015,0.0
2025-05-29,2712159811.253854,20150288.360000003,23963484.430000015,26263442.89000001,53008324.259999976,0.0,31098377.47999999,53586902.030000016,0.0
2025-05-30,2712465790.703854,20152576.550000004,23966205.690000016,26266209.48000001,53014343.76999997,0.0,31101653.38999999,53592987.19000001,0.0
2025-05-31,2712465790.703854,20152576.550000004,23966205.690000016,26266209.48000001,53014343.76999997,0.0,31101653.38999999,53592987.19000001,0.0
2025-06-01,2712465790.703854,20152576.550000004,23966205.690000016,26266209.48000001,53014343.76999997,0.0,31101653.38999999,53592987.19000001,0.0
2025-06-02,2710886241.3738537,20159459.840000004,23974391.730000015,26274533.490000013,53032451.48999997,0.0,31111509.82999999,53611292.500000015,0.0
2025-06-03,2703992033.6138544,20161748.620000005,23977113.680000015,26277300.650000013,53038472.52999997,0.0,31114786.429999992,53617379.250000015,0.0
2025-06-04,2704184167.4238544,20164029.320000004,23979826.010000013,26280057.220000014,53044472.299999975,0.0,31118050.48999999,53623444.500000015,0.0
2025-06-05,2704075565.7738543,20166304.290000003,23982531.560000014,26282806.290000014,53050457.03999998,0.0,31121305.64999999,53629494.51000001,0.0
2025-06-06,2704128668.303854,20168579.090000004,23985236.900000013,26285555.080000013,53056441.34999998,0.0,31124560.50999999,53635544.070000015,0.0
2025-06-07,2704128668.303854,20168579.090000004,23985236.900000013,26285555.080000013,53056441.34999998,0.0,31124560.50999999,53635544.070000015,0.0
2025-06-08,2704128668.303854,20168579.090000004,23985236.900000013,26285555.080000013,53056441.34999998,0.0,31124560.50999999,53635544.070000015,0.0
2025-06-09,2686788034.123854,20175403.880000003,23993353.370000012,26293801.840000015,53074395.149999976,0.0,31134325.44999999,53653693.680000015,0.0
2025-06-10,2690998348.603854,20177679.790000003,23996060.010000013,26296551.880000014,53080382.31999998,0.0,31137581.749999993,53659746.19000001,0.0
2025-06-11,2691300124.5538545,20279956.090000004,23998767.16000001,26299302.420000013,53086370.58999998,0.0,31140838.64999999,53665799.76000001,0.0
2025-06-12,2687600727.4838543,20282244.290000003,24001475.010000013,26302053.73000001,53092360.429999985,0.0,31144096.44999999,53671854.98000001,0.0
2025-06-13,2687902552.803854,20284532.250000004,24004182.57000001,26304804.670000013,53098349.66999999,0.0,31147353.80999999,53677909.540000014,0.0
2025-06-14,2687902552.803854,20284532.250000004,24004182.57000001,26304804.670000013,53098349.66999999,0.0,31147353.80999999,53677909.540000014,0.0
2025-06-15,2687902552.803854,20284532.250000004,24004182.57000001,26304804.670000013,53098349.66999999,0.0,31147353.80999999,53677909.540000014,0.0
2025-06-16,2696306825.163854,20291396.500000004,24012305.73000001,26313057.790000014,52795433.89999998,0.0,31157126.28999999,53696074.15000001,0.0
2025-06-17,2691710405.563854,20293694.920000006,24015025.70000001,26315822.110000014,52801414.19999998,0.0,31160399.499999993,53702156.41000001,0.0
2025-06-18,2687001644.403854,20295990.020000007,24017741.68000001,26318582.040000014,52807385.77999998,0.0,31163667.509999994,53708229.80000001,0.0
2025-06-19,2687001644.403854,20295990.020000007,24017741.68000001,26318582.040000014,52807385.77999998,0.0,31163667.509999994,53708229.80000001,0.0
2025-06-20,2688254523.9138536,20300566.600000005,19023157.60000001,26324084.200000014,52819293.61999998,0.0,31170182.589999992,53720340.70000001,0.0
2025-06-21,2688254523.9138536,20300566.600000005,19023157.60000001,26324084.200000014,52819293.61999998,0.0,31170182.589999992,53720340.70000001,0.0
2025-06-22,2688254523.9138536,20300566.600000005,19023157.60000001,26324084.200000014,52819293.61999998,0.0,31170182.589999992,53720340.70000001,0.0
2025-06-23,2684137870.343854,20307432.340000004,19029591.49000001,26332338.310000014,52837157.719999984,0.0,31179956.229999993,53736818.290000014,0.0
2025-06-24,2678617843.6238537,20309710.400000002,19764414.77000001,26227412.510000013,53663664.179999985,0.0,31558565.579999994,53742312.59000001,0.0
2025-06-25,2679068573.933854,20311991.950000003,19337416.67000001,26230157.940000013,53669722.52999999,0.0,31561869.069999993,53747815.360000014,0.0
2025-06-26,2673371585.383854,20214234.19,17339615.90000001,29232925.48000001,53675826.26999999,0.0,30565199.159999993,53753359.35000002,0.0
2025-06-27,2668798708.663854,20216552.220000003,17341833.67000001,29235718.13000001,53681981.43999999,0.0,30568559.46999999,53758832.37000002,0.0
2025-06-28,2668798708.663854,20216552.220000003,17341833.67000001,29235718.13000001,53681981.43999999,0.0,30568559.46999999,53758832.37000002,0.0
2025-06-29,2668798708.663854,20216552.220000003,17341833.67000001,29235718.13000001,53681981.43999999,0.0,30568559.46999999,53758832.37000002,0.0
2025-06-30,2664701091.1538544,20223495.51,17427789.87000001,25620038.44000001,53620418.62999999,0.0,33703304.669999994,47749025.74000002,0.0
2025-07-01,2660178730.643854,20225816.46,17429790.000000007,28758453.72000001,53626572.41999999,0.0,30571210.169999994,47754505.66000002,0.0
2025-07-02,2647477906.4638543,20228139.54,17431791.980000008,28761520.52000001,53637594.90999999,0.0,30574470.309999995,47759990.65000002,0.0
2025-07-03,2630521834.9238544,25230455.759999998,17433788.08000001,28764577.550000012,53643736.71999999,0.0,30577720.039999995,47765459.46000002,0.0
2025-07-04,2630521834.9238544,25230455.759999998,17433788.08000001,28764577.550000012,53643736.71999999,0.0,30577720.039999995,47765459.46000002,0.0
2025-07-05,2630521834.9238544,25230455.759999998,17433788.08000001,28764577.550000012,53643736.71999999,0.0,30577720.039999995,47765459.46000002,0.0
2025-07-06,2630521834.9238544,25230455.759999998,17433788.08000001,28764577.550000012,53643736.71999999,0.0,30577720.039999995,47765459.46000002,0.0
2025-07-07,2631713973.443855,25241938.159999996,12441722.45000001,25638915.600000013,56805957.78999999,0.0,30590631.039999995,47787197.700000025,0.0
2025-07-08,2632011732.3338547,25244806.099999998,12443136.11000001,25641617.990000013,53675103.26999999,0.0,33731164.169999994,47792627.23000003,0.0
2025-07-09,2632310388.2338543,25247682.669999998,12444554.03000001,28781971.290000014,53681219.43999999,0.0,30597088.359999996,47798073.060000025,0.0
2025-07-10,2632608457.2538543,25250554.569999997,12446069.64000001,25646110.100000013,53687325.71999999,0.0,33739215.989999995,47803510.090000026,0.0
2025-07-11,2632906315.1738544,25253423.49,12447483.80000001,28788043.150000013,53693425.669999994,0.0,30603542.269999996,42808941.48000003,0.0
2025-07-12,2632906315.1738544,25253423.49,12447483.80000001,28788043.150000013,53693425.669999994,0.0,30603542.269999996,42808941.48000003,0.0
2025-07-13,2632906315.1738544,25253423.49,12447483.80000001,28788043.150000013,53693425.669999994,0.0,30603542.269999996,42808941.48000003,0.0
2025-07-14,2632795137.1038547,25262041.229999997,13457627.31000001,28797157.39000001,53711748.70999999,0.0,30613231.399999995,42823550.160000026,0.0
2025-07-15,2578194384.7838545,25264924.479999997,68359163.34,28800207.530000012,53717879.13999999,0.0,30616473.889999993,42828437.87000003,0.0
2025-07-16,2573438010.0538545,25267831.689999998,68419279.25,25663992.690000013,56863352.64999999,0.0,30619745.319999993,42833366.14000003,0.0
2025-07-17,2556925665.893854,25270725.08,68432934.36,28806230.760000013,53730353.86999999,0.0,30622999.979999993,42838270.99000003,0.0
2025-07-18,2362216858.2038546,25273618.02,68440768.49,25669447.510000013,53736504.91999999,0.0,33766098.269999996,42843175.07000003,0.0
2025-07-19,2362216858.2038546,25273618.02,68440768.49,25669447.510000013,53736504.91999999,0.0,33766098.269999996,42843175.07000003,0.0
2025-07-20,2362216858.2038546,25273618.02,68440768.49,25669447.510000013,53736504.91999999,0.0,33766098.269999996,42843175.07000003,0.0
2025-07-21,2169017449.7038546,25282239.09,68464121.28999999,25677570.860000014,53754835.249999985,0.0,33776783.91,42857789.39000003,0.0
2025-07-22,2169260210.6038547,25285012.55,68471873.74999999,25680267.440000013,53760922.11999998,0.0,33780331.04,42862642.35000003,0.0
2025-07-23,2163232456.7738543,24887882.580000002,68479618.79999998,25682961.200000014,53767003.23999998,0.0,33783874.47,42867490.71000003,0.0
2025-07-24,2163474515.7538548,24890699.560000002,68487369.86999997,25685657.170000013,53773089.07999998,0.0,33787420.76,42872342.84000003,0.0
2025-07-25,2163717846.2938547,24893531.21,68495161.19999997,25688368.190000013,53779206.51999998,0.0,33790986.919999994,42877220.17000003,0.0
2025-07-26,2163717846.2938547,24893531.21,68495161.19999997,25688368.190000013,53779206.51999998,0.0,33790986.919999994,42877220.17000003,0.0
2025-07-27,2163717846.2938547,24893531.21,68495161.19999997,25688368.190000013,53779206.51999998,0.0,33790986.919999994,42877220.17000003,0.0
2025-07-28,2164704838.233855,24902106.71,68518756.85999997,25696584.23000001,53797732.89999998,0.0,33801794.51,42891990.940000035,0.0
2025-07-29,2164950411.3338547,24904963.85,68526618.42999996,25699321.400000013,53803905.429999985,0.0,33805395.04,42896912.20000003,0.0
2025-07-30,2165195789.8538547,24907818.78,68534473.82999997,25702056.220000014,53810073.18999998,0.0,33808992.47,42901829.64000003,0.0
2025-07-31,2165439825.1438546,24910658.27,68279430.51999997,25704775.060000014,53816207.59999998,0.0,30666732.0,42906720.45000003,0.0
2025-08-01,2165685841.2038546,24913520.53,68287275.96999997,25707517.370000012,53822391.23999998,0.0,30670003.68,42911650.56000003,0.0
2025-08-02,2165685841.2038546,24913520.53,68287275.96999997,25707517.370000012,53822391.23999998,0.0,30670003.68,42911650.56000003,0.0
2025-08-03,2165685841.2038546,24913520.53,68287275.96999997,25707517.370000012,53822391.23999998,0.0,30670003.68,42911650.56000003,0.0
2025-08-04,2066419998.5638547,24922062.64,68310689.79999997,25715698.040000014,53840845.49999998,0.0,30679763.55,42926363.82000003,0.0
2025-08-05,2066652625.7238545,24924902.95,48178475.099999964,25718417.520000014,53846981.73999998,0.0,30683008.03,42931256.14000003,0.0
2025-08-06,2066887973.4738545,24927751.99,48183982.129999965,25719145.930000015,53853136.76999998,0.0,30686263.16,42936163.44000003,0.0
2025-08-07,2066872796.5938547,24930597.02,41563931.40999997,25721869.950000014,53859283.13999998,0.0,30689513.27,42941063.79000003,0.0
2025-08-08,2067107621.9838548,24933442.25,41568674.96999997,25724594.130000014,53865429.939999975,0.0,30692763.599999998,42945964.520000026,0.0
2025-08-09,2067107621.9838548,24933442.25,41568674.96999997,25724594.130000014,53865429.939999975,0.0,30692763.599999998,42945964.520000026,0.0
2025-08-10,2067107621.9838548,24933442.25,41568674.96999997,25724594.130000014,53865429.939999975,0.0,30692763.599999998,42945964.520000026,0.0
2025-08-11,2167812171.9538546,24941978.84,41582907.14999997,25732767.480000015,53883872.28999998,0.0,30702515.52,42960668.270000026,0.0
2025-08-12,2157976990.5838547,24944823.62,41587649.95999997,25735491.010000017,53890018.12999998,0.0,30705765.05,42965568.23000003,0.0
2025-08-13,2158221713.0638547,24947673.240000002,41592400.839999974,25738219.510000017,53896174.45999998,0.0,30709020.51,42970476.53000002,0.0
2025-08-14,2168465690.303855,24950514.250000004,41597137.339999974,25740939.060000017,53902312.15999998,0.0,30712265.290000003,42975369.96000002,0.0
2025-08-15,2168710714.9138546,24953355.140000004,41601873.66999997,25743658.460000016,53908449.63999998,0.0,30715509.890000004,42980263.26000002,0.0
2025-08-16,2168710714.9138546,24953355.140000004,41601873.66999997,25743658.460000016,53908449.63999998,0.0,30715509.890000004,42980263.26000002,0.0
2025-08-17,2168710714.9138546,24953355.140000004,41601873.66999997,25743658.460000016,53908449.63999998,0.0,30715509.890000004,42980263.26000002,0.0
2025-08-18,2169447623.2738547,24961899.010000005,41616118.049999975,25751838.380000018,53926907.829999976,0.0,30725269.610000003,42994979.52000002,0.0
2025-08-19,2169693037.053855,24964744.420000006,41620861.91999997,25754562.23000002,53933055.05999997,0.0,30728519.550000004,42999880.56000002,0.0
2025-08-20,2169937588.6038547,24967579.900000006,41625589.259999976,25757275.810000017,53939180.829999976,0.0,30731757.200000003,43004764.49000002,0.0
2025-08-21,2170181831.8138547,24970411.850000005,41630310.67999998,25759985.68000002,53945298.98999997,0.0,30734990.460000005,43009642.35000002,0.0
2025-08-22,2170426402.053855,24973247.560000006,41635038.37999998,25762699.39000002,53951425.229999974,0.0,30738228.270000003,43014526.70000002,0.0
2025-08-23,2170426402.053855,24973247.560000006,41635038.37999998,25762699.39000002,53951425.229999974,0.0,30738228.270000003,43014526.70000002,0.0
2025-08-24,2170426402.053855,24973247.560000006,41635038.37999998,25762699.39000002,53951425.229999974,0.0,30738228.270000003,43014526.70000002,0.0
2025-08-25,2171163834.0338545,24981797.470000006,41649292.90999998,25770884.59000002,53969896.52999997,0.0,30747994.290000003,43029253.45000002,0.0
2025-08-26,2171509899.8438544,24984650.390000008,46654049.30999998,25773615.89000002,53976059.99999997,0.0,30751253.090000004,43034167.48000002,0.0
2025-08-27,2171756495.3238544,24987509.31000001,46659387.83999998,25776353.33000002,53982236.36999997,0.0,30754519.220000003,43039091.79000002,0.0
2025-08-28,2172002439.073855,24990360.73000001,46664712.37999998,25779082.97000002,53988396.54999997,0.0,30757776.070000004,43044003.20000002,0.0
2025-08-29,2172247637.093855,24993203.56000001,46670020.90999998,25781803.72000002,53994538.21999997,0.0,30761022.280000005,43048899.80000002,0.0
2025-08-30,2172247637.093855,24993203.56000001,46670020.90999998,25781803.72000002,53994538.21999997,0.0,30761022.280000005,43048899.80000002,0.0
2025-08-31,2172247637.093855,24993203.56000001,46670020.90999998,25781803.72000002,53994538.21999997,0.0,30761022.280000005,43048899.80000002,0.0
2025-09-01,2172247637.093855,24993203.56000001,46670020.90999998,25781803.72000002,53994538.21999997,0.0,30761022.280000005,43048899.80000002,0.0
2025-09-02,2123228366.093855,25004574.28000001,46691253.66999998,25792685.80000002,54019103.379999965,0.0,30774006.130000006,43068485.12000002,0.0
2025-09-03,2023468961.303855,25007430.38000001,44676231.18999998,25795419.98000002,54025273.65999997,0.0,30777268.390000008,43073404.57000002,0.0
2025-09-04,2023697959.943855,25010285.32000001,44681331.639999986,25798152.93000002,54031441.449999966,0.0,30780529.180000007,43078322.05000002,0.0
2025-09-05,2023926698.743855,25013137.07000001,44686426.32999998,25800882.53000002,54037602.33999997,0.0,30783785.950000007,43083233.97000002,0.0
2025-09-06,2023926698.743855,25013137.07000001,44686426.32999998,25800882.53000002,54037602.33999997,0.0,30783785.950000007,43083233.97000002,0.0
2025-09-07,2023926698.743855,25013137.07000001,44686426.32999998,25800882.53000002,54037602.33999997,0.0,30783785.950000007,43083233.97000002,0.0
2025-09-08,2024614589.803855,25021713.02000001,44701747.459999986,25809092.54000002,54056129.739999965,0.0,30793581.580000006,43098005.44000002,0.0
2025-09-09,2024943663.553855,25024568.92000001,44706849.62999999,25811826.26000002,54062299.64999996,0.0,30796843.270000007,43102924.56000002,0.0
2025-09-10,1985172481.833855,25027421.52000001,44711945.93999999,25814556.53000002,54068462.419999965,0.0,30800100.840000007,43107838.030000016,0.0
2025-09-11,1985396584.443855,25030269.29000001,44717033.57999999,25817381.75000002,54074614.71999996,0.0,30803352.410000008,43112743.140000015,0.0
2025-09-12,1985619825.6738553,25033104.94000001,44722099.56999999,25820094.46000002,54080740.82999996,0.0,30806589.020000007,43117627.38000002,0.0
2025-09-13,1985619825.6738553,25033104.94000001,44722099.56999999,25820094.46000002,54080740.82999996,0.0,30806589.020000007,43117627.38000002,0.0
2025-09-14,1985619825.6738553,25033104.94000001,44722099.56999999,25820094.46000002,54080740.82999996,0.0,30806589.020000007,43117627.38000002,0.0
2025-09-15,1986191000.1038554,25041631.87000001,44737333.20999999,25828252.96000002,54099162.32999996,0.0,30816323.240000006,43132314.48000002,0.0
2025-09-16,1936417374.3038552,25044507.15000001,44742469.989999995,25831006.35000002,54105374.099999964,0.0,30819608.390000004,43137267.02000002,0.0
2025-09-17,1938602413.3338552,25047325.91000001,40728265.489999995,25833701.38000002,54111463.71999996,0.0,30822823.920000006,43142122.16000002,0.0
2025-09-18,1738818551.0638552,175050140.95,40732842.92999999,25836392.53000002,54117545.309999965,0.0,30826034.790000007,43146970.90000002,0.0
2025-09-19,1739007431.3538551,175069210.91,38730118.99999999,25838994.87000002,54123440.989999965,0.0,30829139.71000001,43151671.37000002,0.0
2025-09-20,1739007431.3538551,175069210.91,38730118.99999999,25838994.87000002,54123440.989999965,0.0,30829139.71000001,43151671.37000002,0.0
2025-09-21,1739007431.3538551,175069210.91,38730118.99999999,25838994.87000002,54123440.989999965,0.0,30829139.71000001,43151671.37000002,0.0
2025-09-22,1739574362.683855,175126450.64,34379532.22999999,25846806.09000002,54141137.08999997,0.0,30838459.540000007,43165780.16000002,0.0
2025-09-23,1739763356.2238553,175145532.23999998,34383278.21999999,25849409.950000018,54147036.309999965,0.0,30841566.30000001,43170483.50000002,0.0
2025-09-24,1740051867.3338554,175164565.29999998,34387014.68999999,25852006.600000016,54152920.529999964,0.0,30844664.42000001,43175174.880000025,0.0
2025-09-25,1738622341.8038554,175183659.64,34390763.20999999,25854612.27000002,54158823.739999965,0.0,30847773.31000001,43179881.36000002,0.0
2025-09-26,1779514908.8438554,175202864.85,34394533.46999999,25857234.240000017,54164761.17999996,0.0,30850901.640000008,43184615.170000024,0.0
2025-09-27,1779514908.8438554,175202864.85,34394533.46999999,25857234.240000017,54164761.17999996,0.0,30850901.640000008,43184615.170000024,0.0
2025-09-28,1779514908.8438554,175202864.85,34394533.46999999,25857234.240000017,54164761.17999996,0.0,30850901.640000008,43184615.170000024,0.0
2025-09-29,2130445293.9138556,175260263.91,34405801.76999999,25865068.050000016,54182506.53999996,0.0,30860248.410000008,43198763.23000003,0.0
2025-09-30,2285236846.8738556,175279360.45,34409550.68999999,25867673.800000016,54188410.36999996,0.0,30863357.390000008,43203470.25000003,0.0
2025-10-01,2335467756.673856,175298663.79,34413340.19999999,25870310.050000016,54194378.13999996,0.0,30866502.76000001,43208228.25000003,0.0
2025-10-02,2435632347.9138556,175317860.75,34417108.84999999,25872930.530000016,54200313.019999966,0.0,30869629.35000001,43212960.03000003,0.0
2025-10-03,2465835208.9238553,175337055.08,34420876.969999984,25875550.580000017,54206247.07999997,0.0,30872755.42000001,43217691.16000003,0.0
2025-10-04,2465835208.9238553,175337055.08,34420876.969999984,25875550.580000017,54206247.07999997,0.0,30872755.42000001,43217691.16000003,0.0
2025-10-05,2465835208.9238553,175337055.08,34420876.969999984,25875550.580000017,54206247.07999997,0.0,30872755.42000001,43217691.16000003,0.0
2025-10-06,2471638047.593856,175394564.42000002,34432166.83999998,25883399.75000002,54224026.489999965,0.0,30882120.49000001,43231866.400000036,0.0
2025-10-07,2465106531.3738556,175413644.72000003,34435912.59999998,25886002.790000018,54229925.309999965,0.0,30885226.27000001,43236569.42000004,0.0
2025-10-08,2465373692.193856,175432679.56000003,33439649.43999998,25888599.080000017,54235810.07999997,0.0,30888323.99000001,43241261.24000004,0.0
2025-10-09,2465389693.4338555,175451631.90000004,33443262.00999998,25891183.150000017,54241669.33999997,0.0,30891407.140000008,43245932.720000036,0.0
2025-10-10,2465654953.8538556,175470533.30000004,33446864.87999998,25893759.66000002,54247512.83999997,0.0,30894481.230000008,43250591.650000036,0.0
2025-10-11,2465654953.8538556,175470533.30000004,33446864.87999998,25893759.66000002,54247512.83999997,0.0,30894481.230000008,43250591.650000036,0.0
2025-10-12,2465654953.8538556,175470533.30000004,33446864.87999998,25893759.66000002,54247512.83999997,0.0,30894481.230000008,43250591.650000036,0.0
2025-10-13,2465654953.8538556,175470533.30000004,33446864.87999998,25893759.66000002,54247512.83999997,0.0,30894481.230000008,43250591.650000036,0.0
2025-10-14,2488851113.4538555,175546390.62000003,33461324.43999998,25904102.66000002,54270964.71999997,0.0,30906821.80000001,43269289.41000003,0.0
2025-10-15,2489120939.3038554,175565444.78000003,30764956.41999998,25906701.490000017,54276855.45999997,0.0,30909922.520000007,43273985.95000003,0.0
2025-10-16,2489144251.8238554,175584744.69000003,30768338.479999978,25909336.560000017,54282822.20999997,0.0,30913066.490000006,43528743.10000003,0.0
2025-10-17,2489416292.2338552,175603956.82000002,30771705.14999998,25911958.610000018,54288761.77999997,0.0,30916194.950000007,43533505.97000003,0.0
2025-10-18,2489416292.2338552,175603956.82000002,30771705.14999998,25911958.610000018,54288761.77999997,0.0,30916194.950000007,43533505.97000003,0.0
2025-10-19,2489416292.2338552,175603956.82000002,30771705.14999998,25911958.610000018,54288761.77999997,0.0,30916194.950000007,43533505.97000003,0.0
2025-10-20,1990222218.8338554,175660874.08,30781679.09999998,25919718.59000002,54306358.339999974,0.0,30925453.580000006,543547616.39,0.0
2025-10-21,1990435678.4438555,175679778.52,30784991.84999998,25922295.09000002,54312202.84999997,0.0,30928527.660000004,543606112.4399999,0.0
2025-10-22,1990651107.6138554,175698856.99,30788335.089999977,25924897.200000018,54318101.089999974,0.0,30931632.320000004,543665147.52,0.0
2025-10-23,990865747.9038554,175717865.85000002,530541666.14,25927488.990000017,554323977.8199999,0.0,30934724.640000004,543723967.1899999,0.0
2025-10-24,990971637.9138554,175736918.76000002,530599192.24,25930087.260000017,554384082.6199999,0.0,30937824.700000003,543782923.18,0.0
2025-10-25,990971637.9138554,175736918.76000002,530599192.24,25930087.260000017,554384082.6199999,0.0,30937824.700000003,543782923.18,0.0
2025-10-26,990971637.9138554,175736918.76000002,530599192.24,25930087.260000017,554384082.6199999,0.0,30937824.700000003,543782923.18,0.0
2025-10-27,991289244.6738555,175794067.35000002,530771743.09000003,25937880.360000018,554564366.6599998,0.0,30947122.900000002,543959759.77,0.0
2025-10-28,991395597.6038555,175813202.89000002,530829519.70000005,25940490.62000002,554624732.6499999,0.0,30950237.290000003,544018971.42,0.0
2025-10-29,991501979.0838555,175832343.50000003,530887311.63000005,25943101.58000002,554685114.6399999,0.0,30953352.520000003,544078198.77,0.0
2025-10-30,991608010.0838556,175851422.19000003,530944916.08000004,25945703.36000002,554745301.3099998,0.0,30956456.770000003,544137233.97,0.0
2025-10-31,888690922.2012551,253889656.39000005,530500718.39000005,25948217.030000024,554553604.4699998,0.0,30959455.860000003,544194422.25,0.0
2025-11-01,888690922.2012551,253889656.39000005,530500718.39000005,25948217.030000024,554553604.4699998,0.0,30959455.860000003,544194422.25,0.0
2025-11-02,888690922.2012551,253889656.39000005,530500718.39000005,25948217.030000024,554553604.4699998,0.0,30959455.860000003,544194422.25,0.0
2025-11-03,888973882.62045,253971154.21000004,530671010.72,25955906.710000023,553133651.8099998,100000.0,30968630.580000002,544369108.68,0.0
2025-11-04,890167688.9104501,253998155.16000003,530727430.06,25958452.930000022,552942458.7699999,100010.69,30971668.57,544426983.8199999,0.0
2025-11-05,883856930.6504501,254024783.82000002,530131039.0,25960961.06000002,553000428.7099999,100021.24,30974661.080000002,544484060.4599999,0.0
2025-11-06,883947891.5504501,254051116.53000003,530185993.98,25963438.90000002,553057754.3899999,100031.66,30977617.450000003,544540503.31,0.0
2025-11-07,884038778.8804501,254077428.11000004,530240905.35,25965914.54000002,553115034.5899999,100042.08,30980571.230000004,544596900.8199999,0.0
2025-11-08,884038778.8804501,254077428.11000004,530240905.35,25965914.54000002,553115034.5899999,100042.08,30980571.230000004,544596900.8199999,0.0
2025-11-09,884038778.8804501,254077428.11000004,530240905.35,25965914.54000002,553115034.5899999,100042.08,30980571.230000004,544596900.8199999,0.0
2025-11-10,584311616.9404501,254156413.67000005,530405744.5,25973346.53000002,553036984.2099999,100073.35,30989438.510000005,544766202.4,0.0
2025-11-11,584311616.9404501,254156413.67000005,530405744.5,25973346.53000002,553036984.2099999,100073.35,30989438.510000005,544766202.4,0.0
2025-11-12,583431393.08045,254209302.09000003,530516120.86,25978324.63000002,552902068.9899999,1100094.3,30995378.010000005,544879566.06,0.0
2025-11-13,583491243.4304501,254235775.70000005,530571370.41,25980816.570000023,552959649.3199999,1100209.46,30998351.240000006,544936310.91,0.0
2025-11-14,583551209.0204501,254262299.61000004,530626724.92,25983313.61000002,553017339.5999999,1100324.8399999999,31001330.550000004,544993163.5699999,0.0
2025-11-15,583551209.0204501,254262299.61000004,530626724.92,25983313.61000002,553017339.5999999,1100324.8399999999,31001330.550000004,544993163.5699999,0.0
2025-11-16,583551209.0204501,254262299.61000004,530626724.92,25983313.61000002,553017339.5999999,1100324.8399999999,31001330.550000004,544993163.5699999,0.0
2025-11-17,583730117.6504501,254341441.80000004,464091890.43,25990760.69000002,486489474.5599999,1100669.1199999999,31010215.860000003,478462799.2299999,0.0
2025-11-18,583488017.6804501,254367923.07000005,464140211.67,25993253.23000002,486540127.3599999,1100784.3199999998,31013189.770000003,478512616.2999999,0.0
2025-11-19,583547537.6004502,254394253.20000005,461161297.14000005,25995730.26000002,486590491.0699999,1100898.8599999999,31016145.200000003,478562149.0499999,0.0
2025-11-20,580606853.4004501,254420506.94000006,455208890.83000004,25998199.44000002,486640708.6699999,1101013.0799999998,31019091.270000003,478611538.0999999,0.0
2025-11-21,595665994.1504501,254446684.51000005,453979131.65000004,26000660.79000002,486690780.5899999,1101126.9699999997,31022027.970000003,478660783.3899999,0.0
2025-11-22,595665994.1504501,254446684.51000005,453979131.65000004,26000660.79000002,486690780.5899999,1101126.9699999997,31022027.970000003,478660783.3899999,0.0
2025-11-23,595665994.1504501,254446684.51000005,453979131.65000004,26000660.79000002,486690780.5899999,1101126.9699999997,31022027.970000003,478660783.3899999,0.0
2025-11-24,595847547.1604501,254525526.85000005,450118828.45000005,26008076.37000002,486841587.0499999,1101469.9599999997,31030875.660000004,478809101.67999995,0.0
2025-11-25,572710475.3804501,254551888.06000006,291165448.15000004,26010556.29000002,328089786.8799999,501101584.64,31033834.540000003,319858692.41999996,0.0
2025-11-26,572768998.96045,254578355.85000005,298245724.12000006,26013047.090000022,313123901.9799999,501153961.78999996,31036806.37,319891951.33,0.0
2025-11-27,572768998.96045,254578355.85000005,298245724.12000006,26013047.090000022,313123901.9799999,501153961.78999996,31036806.37,319891951.33,0.0
2025-11-28,572886631.6804501,254631551.51000005,298308045.5400001,26018055.17000002,313189332.3399999,501259229.18999994,31042781.69,319958795.31,0.0
2025-11-29,572886631.6804501,254631551.51000005,298308045.5400001,26018055.17000002,313189332.3399999,501259229.18999994,31042781.69,319958795.31,0.0
2025-11-30,572886631.6804501,254631551.51000005,298308045.5400001,26018055.17000002,313189332.3399999,501259229.18999994,31042781.69,319958795.31,0.0
2025-12-01,573841797.5204501,254711841.41000006,298402110.12000006,26025617.78000002,313288088.43999994,501418107.80999994,31051804.880000003,320059685.97,0.0
2025-12-02,573801016.16045,254738581.31000006,298433437.25000006,26028136.12000002,313320978.03999996,501471020.9599999,31054809.570000004,320093286.48,0.0
2025-12-03,573859521.88045,254765008.92000008,22250569.24000007,26030622.51000002,313353483.84,501523319.86999995,31057776.140000004,306311670.74,0.0
2025-12-04,573917622.85045,254791256.86000007,21244613.050000068,26033090.50000002,313385768.64,501575265.1499999,31060720.790000003,306343230.03000003,0.0
2025-12-05,573975314.59045,254817323.28000006,21246786.520000067,26035539.900000017,313417830.2,501626853.1699999,31063643.26,306374571.09000003,0.0
2025-12-06,573975314.59045,254817323.28000006,21246786.520000067,26035539.900000017,313417830.2,501626853.1699999,31063643.26,306374571.09000003,0.0
2025-12-07,573975314.59045,254817323.28000006,21246786.520000067,26035539.900000017,313417830.2,501626853.1699999,31063643.26,306374571.09000003,0.0
2025-12-08,574249037.90045,254895811.08000007,21253331.020000067,26042917.470000017,313514368.84999996,501782183.9299999,31072445.59,306468940.29,0.0
2025-12-09,574567162.38045,254922070.1900001,21255520.560000066,26045386.39000002,113546667.40999997,501834150.9999999,31075391.32,306500512.73,0.0
2025-12-10,574625042.9804502,254948205.82000008,21257699.810000066,26047842.65000002,113558309.91999997,501885875.5499999,31078321.95,306531936.69,0.0
2025-12-11,574682694.9704502,254974240.11000007,21259870.610000066,26050288.520000022,113569906.26999997,501937400.6599999,31081240.169999998,306563238.81,0.0
2025-12-12,572237880.6404501,254999224.77000007,21004590.880000066,26052627.08000002,113581034.97999996,501986859.0599999,31084030.389999997,306593278.94,0.0
2025-12-13,572237880.6404501,254999224.77000007,21004590.880000066,26052627.08000002,113581034.97999996,501986859.0599999,31084030.389999997,306593278.94,0.0
2025-12-14,572237880.6404501,254999224.77000007,21004590.880000066,26052627.08000002,113581034.97999996,501986859.0599999,31084030.389999997,306593278.94,0.0
2025-12-15,584903866.5404501,255074536.47000006,21010794.550000068,26059679.24000002,113614580.43999995,502135939.1299999,31092444.519999996,306683829.44,0.0
2025-12-16,499961047.88045007,255099956.94000006,20758928.51000007,26062062.19000002,113625903.25999995,502186255.65999985,31095287.669999994,306714393.55,0.0
2025-12-17,495008789.3004501,255124918.22000006,20760959.800000068,26064398.16000002,113637021.54999995,502235668.26999986,31098074.799999993,306744405.55,0.0
2025-12-18,490042072.9304501,255149959.50000006,20762997.60000007,26066742.26000002,113648175.58999996,502285238.9399999,31100871.639999993,306774513.74,0.0
2025-12-19,489989134.38045007,255174801.41000006,20765019.20000007,26069065.98000002,113659240.82999995,502334417.1899999,31103644.12999999,306804382.22,0.0
2025-12-20,489989134.38045007,255174801.41000006,20765019.20000007,26069065.98000002,113659240.82999995,502334417.1899999,31103644.12999999,306804382.22,0.0
2025-12-21,489989134.38045007,255174801.41000006,20765019.20000007,26069065.98000002,113659240.82999995,502334417.1899999,31103644.12999999,306804382.22,0.0
2025-12-22,490128453.32045007,255249341.30000004,19020136.11000007,26076038.46000002,113692442.48999995,502481978.4299999,31111963.159999993,306894004.70000005,0.0
2025-12-23,490175335.33045006,255274327.40000004,19021998.05000007,26078376.73000002,113703571.95999995,502531440.7399999,31114753.029999994,306834046.5500001,0.0
2025-12-24,490371742.5604501,255299066.55000004,19023841.59000007,26080689.75000002,113714591.30999994,502580416.44999987,31117512.749999993,295863782.76000005,0.0
2025-12-25,490371742.5604501,255299066.55000004,19023841.59000007,26080689.75000002,113714591.30999994,502580416.44999987,31117512.749999993,295863782.76000005,0.0
2025-12-26,490464621.52045006,255348564.45000005,18773119.09000007,26085317.69000002,113736638.96999994,502678407.5699999,31123034.48999999,295921146.02000004,0.0
2025-12-27,490464621.52045006,255348564.45000005,18773119.09000007,26085317.69000002,113736638.96999994,502678407.5699999,31123034.48999999,295921146.02000004,0.0
2025-12-28,490464621.52045006,255348564.45000005,18773119.09000007,26085317.69000002,113736638.96999994,502678407.5699999,31123034.48999999,295921146.02000004,0.0
2025-12-29,493105991.00045,255423879.78000006,18778656.43000007,26092368.53000002,113770186.37999994,502827497.96999985,31131447.02999999,296008429.13000005,0.0
2025-12-30,496053446.23045003,255449040.57000005,18780506.32000007,26094724.38000002,113781393.65999994,502877304.53999984,31134257.85999999,296037588.33000004,0.0
2025-12-31,496100430.22045004,255473823.98000005,18782328.45000007,26097041.640000023,113792432.84999993,502926368.2599999,31137022.63999999,296066310.19000006,0.0
2026-01-01,496100430.22045004,255473823.98000005,18782328.45000007,26097041.640000023,113792432.84999993,502926368.2599999,31137022.63999999,296066310.19000006,0.0
2026-01-02,496196875.76045,255524666.86000004,18786066.49000007,26101806.38000002,116644650.79999994,503027006.83999985,31142707.63999999,296125232.13000005,0.0
2026-01-03,496196875.76045,255524666.86000004,18786066.49000007,26101806.38000002,116644650.79999994,503027006.83999985,31142707.63999999,296125232.13000005,0.0
2026-01-04,496196875.76045,255524666.86000004,18786066.49000007,26101806.38000002,116644650.79999994,503027006.83999985,31142707.63999999,296125232.13000005,0.0
2026-01-05,496338495.68045,238214480.00000006,18791575.230000068,26108816.570000023,116678854.03999993,503175331.39999986,31151071.699999988,296212063.77000004,0.0
2026-01-06,496385262.07045007,238237473.89000005,18793389.15000007,26111122.190000024,116690116.69999993,503224176.13999987,31153822.58999999,296240656.23,0.0
2026-01-07,496431591.0504501,238260257.97000006,18795186.52000007,26113404.800000023,116701276.57999992,503272577.7499999,31156546.02999999,296268987.8,0.0
2026-01-08,496477127.60045004,238282662.06000006,18796953.91000007,26115645.70000002,116712250.34999992,503320176.2599999,31159219.69999999,296296846.86,0.0
2026-01-09,496523197.59045005,238305322.27000007,18798741.49000007,26117914.60000002,121723349.55999991,503368315.8199999,31161926.80999999,296325024.39,0.0
2026-01-10,496523197.59045005,238305322.27000007,18798741.49000007,26117914.60000002,121723349.55999991,503368315.8199999,31161926.80999999,296325024.39,0.0
2026-01-11,496523197.59045005,238305322.27000007,18798741.49000007,26117914.60000002,121723349.55999991,503368315.8199999,31161926.80999999,296325024.39,0.0
2026-01-12,496661347.47045004,238373274.31000006,18804102.00000007,26124718.15000002,121758058.95999992,503512674.3199999,31170044.29999999,296409521.49,0.0
2026-01-13,496707522.47045004,238395985.08000007,18805893.59000007,26126992.49000002,124269659.45999992,503560921.40999985,31172757.86999999,296437761.91,0.0
2026-01-14,498851432.41045004,238418724.96000007,18807687.48000007,26129269.98000002,133281513.28999992,503609229.51999986,31175475.199999988,296466038.52000004,0.0
2026-01-15,498997722.83045006,205441404.07000005,18809476.56000007,26131540.77000002,133294191.42999992,503657409.3099999,31178184.509999987,296494239.55,0.0
2026-01-16,499044165.9304501,205461003.80000004,18811271.07000007,26133819.05000002,138106908.0899999,503705734.7399999,31180902.779999986,296522525.99,0.0
2026-01-17,499044165.9304501,205461003.80000004,18811271.07000007,26133819.05000002,138106908.0899999,503705734.7399999,31180902.779999986,296522525.99,0.0
2026-01-18,499044165.9304501,205461003.80000004,18811271.07000007,26133819.05000002,138106908.0899999,503705734.7399999,31180902.779999986,296522525.99,0.0
2026-01-19,499044165.9304501,205461003.80000004,18811271.07000007,26133819.05000002,138106908.0899999,503705734.7399999,31180902.779999986,296522525.99,0.0
2026-01-20,499229489.32045007,175449257.28000003,18818435.82000007,26142913.41000002,138159508.0099999,503898679.7199999,31191753.619999986,291635461.95,0.0
2026-01-21,499276198.6804501,175466081.99000004,18820240.41000007,26145205.490000017,138172756.5399999,503947275.1999999,31194488.359999985,291663428.03999996,0.0
2026-01-22,499322837.39045,175482916.91000003,18822046.14000007,26147499.080000017,138186013.2499999,503995900.56999993,31197224.899999984,291691411.4,0.0
2026-01-23,499269730.4304501,175499780.82000002,18573486.990000073,26149796.950000018,138199292.92999992,504044609.75999993,31199966.569999985,291719443.22999996,0.0
2026-01-24,499269730.4304501,175499780.82000002,18573486.990000073,26149796.950000018,138199292.92999992,504044609.75999993,31199966.569999985,291719443.22999996,0.0
2026-01-25,499269730.4304501,175499780.82000002,18573486.990000073,26149796.950000018,138199292.92999992,504044609.75999993,31199966.569999985,291719443.22999996,0.0
2026-01-26,494023245.23045003,175650560.11,18578861.190000072,26156718.37000002,143626735.06999993,504191274.6599999,31208224.789999984,291803849.60999995,0.0
2026-01-27,494069838.80045,175667524.27,18580655.560000073,26159029.58000002,143640606.25999993,504240244.2399999,31210982.379999984,291832031.72999996,0.0
2026-01-28,497316384.88045,175684471.79000002,18582448.160000075,26161338.270000022,143654463.84999993,504289165.6299999,31213736.939999983,291860186.21999997,0.0
2026-01-29,497363003.39045,175701345.23000002,18584232.910000075,26163635.890000023,149168260.85999992,504337874.40999985,31216478.289999984,291888217.64,0.0
2026-01-30,487259570.07044995,177718200.44000003,18486015.750000075,26165930.780000024,149182570.56999993,504386530.90999985,31219216.379999984,291916218.77,0.0
2026-01-31,487259570.07044995,177718200.44000003,18486015.750000075,26165930.780000024,149182570.56999993,504386530.90999985,31219216.379999984,291916218.77,0.0
2026-02-01,487259570.07044995,177718200.44000003,18486015.750000075,26165930.780000024,149182570.56999993,504386530.90999985,31219216.379999984,291916218.77,0.0
2026-02-02,487397525.34045,177769777.82000002,18491380.950000074,26172879.560000025,169225866.04999992,504533740.15999985,31227507.149999984,292000939.58,0.0
2026-02-03,487443506.42045,177786969.05,18493169.230000075,26175195.520000026,194242230.69999993,504582806.5699999,31230270.379999984,292029177.53,0.0
2026-02-04,487089460.46045,175804150.56,18494956.480000075,26177509.980000027,199261001.88999993,504631844.95999986,31233031.849999983,292057399.52,0.0
2026-02-05,537114184.44045,175818903.0,18496508.500000075,26179491.510000028,199277722.2799999,504674466.16999984,31235396.06999998,292081907.51,0.0
2026-02-06,587149082.54045,175935599.82,18498265.060000073,26181762.500000026,193288646.2799999,504722668.1299998,31238105.64999998,272109645.36,0.0
2026-02-07,587149082.54045,175935599.82,18498265.060000073,26181762.500000026,193288646.2799999,504722668.1299998,31238105.64999998,272109645.36,0.0
2026-02-08,587149082.54045,175935599.82,18498265.060000073,26181762.500000026,193288646.2799999,504722668.1299998,31238105.64999998,272109645.36,0.0
2026-02-09,587313263.7204499,175985556.22,18503538.700000074,26188580.930000026,193343748.0299999,504867381.7099998,31246240.89999998,265187219.48000002,0.0
2026-02-10,588341059.27045,552487134.4699999,18242327.430000074,26190851.320000026,82196094.3199999,504915575.3399998,31248949.75999998,36790397.51000002,0.0
2026-02-11,588395963.65045,552539710.2499999,18244063.510000072,26193128.560000025,82203916.8399999,504963901.8199998,31251666.78999998,36793900.40000002,0.0
2026-02-12,588450844.95045,552342266.7199999,18245798.880000073,26195404.720000025,82211735.7399999,505012208.6799998,31254382.55999998,36797400.16000002,0.0
2026-02-13,588505796.12045,552296865.17,18247536.430000074,26197683.980000027,82219564.4299999,505060575.7099998,31257101.99999998,36800904.34000002,0.0
2026-02-14,588505796.12045,552296865.17,18247536.430000074,26197683.980000027,82219564.4299999,505060575.7099998,31257101.99999998,36800904.34000002,0.0
2026-02-15,588505796.12045,552296865.17,18247536.430000074,26197683.980000027,82219564.4299999,505060575.7099998,31257101.99999998,36800904.34000002,0.0
2026-02-16,588505796.12045,552296865.17,18247536.430000074,26197683.980000027,82219564.4299999,505060575.7099998,31257101.99999998,36800904.34000002,0.0
2026-02-17,638712016.64045,552508551.7299999,18254530.530000076,26206863.860000025,82251076.9099999,505255258.3899998,30767574.85999998,36815009.70000002,0.0
2026-02-18,688757229.06045,552561584.81,18256282.740000077,26209163.980000027,82258971.69999991,505304031.6999998,30005976.779999983,36818543.460000016,0.0
2026-02-19,688822937.77045,552615106.4699999,18258051.100000076,26211487.210000027,82266939.14999992,505353251.3499998,30008636.599999983,36822109.780000016,0.0
2026-02-20,688887585.94045,552417776.3299999,18259791.370000076,26213770.050000027,82274780.01999992,505401693.49999976,30011250.199999984,36825619.41000002,0.0
2026-02-21,688887585.94045,552417776.3299999,18259791.370000076,26213770.050000027,82274780.01999992,505401693.49999976,30011250.199999984,36825619.41000002,0.0
2026-02-22,688887585.94045,552417776.3299999,18259791.370000076,26213770.050000027,82274780.01999992,505401693.49999976,30011250.199999984,36825619.41000002,0.0
2026-02-23,689081420.7104499,552575629.6999999,18265009.210000075,26220614.280000027,82298289.54999992,505546939.87999976,30019086.019999985,36836142.45000002,0.0
2026-02-24,687646049.14045,552628261.43,18266748.950000074,26222896.260000028,82306128.11999992,505595368.24999976,30021698.579999983,36839651.06000002,0.0
2026-02-25,687816429.44045,552687927.8599999,17858254.340000074,26225496.510000028,82314522.99999991,505649933.27999973,30024691.089999985,36843692.890000015,0.0
2026-02-26,687381107.54045,532345583.2699999,7759959.470000075,26227784.95000003,82322382.14999992,505698487.8099997,30027311.069999985,36847210.73000002,0.0
2026-02-27,737430787.13045,532396441.43999994,7760700.920000075,26230075.080000028,82330246.65999992,505747075.8299997,30029932.999999985,36850731.00000002,0.0
2026-02-28,737430787.13045,532396441.43999994,7760700.920000075,26230075.080000028,82330246.65999992,505747075.8299997,30029932.999999985,36850731.00000002,0.0
2026-03-01,737430787.13045,532396441.43999994,7760700.920000075,26230075.080000028,82330246.65999992,505747075.8299997,30029932.999999985,36850731.00000002,0.0
2026-03-02,787624717.38045,532549343.54999995,7762929.810000075,26236961.580000028,82353891.09999992,505893152.78999966,30037817.119999986,36861314.490000024,0.0
2026-03-03,787799682.63045,532600645.62999994,7453677.680000075,26239273.420000028,82361824.24999993,505942162.6999997,30040463.869999986,36864865.490000024,0.0
2026-03-04,787774335.0604501,532651723.0899999,7454392.520000075,26241574.160000026,82369722.74999993,505990959.8099997,30043097.939999986,36868400.94000003,0.0
2026-03-05,787898680.7904501,532702641.93999994,7455105.130000075,26243867.040000025,82377596.72999993,506039605.77999973,27045723.01999999,36871925.410000026,0.0
2026-03-06,787972768.84045,532753347.7799999,7455814.780000076,26246149.390000027,82385437.75999993,506088049.95999974,27048075.15999999,36875435.14000002,0.0
2026-03-07,787972768.84045,532753347.7799999,7455814.780000076,26246149.390000027,82385437.75999993,506088049.95999974,27048075.15999999,36875435.14000002,0.0
2026-03-08,787972768.84045,532753347.7799999,7455814.780000076,26246149.390000027,82385437.75999993,506088049.95999974,27048075.15999999,36875435.14000002,0.0
2026-03-09,788194621.9304501,532905188.9099999,7457939.770000076,26252982.760000028,82408917.92999993,506233118.55999976,27055117.41999999,36885945.19000002,0.0
2026-03-10,788468711.0604501,532955896.4399999,7458649.440000076,26255265.04000003,82416759.13999993,506281564.05999976,27057469.45999999,28889455.00000002,0.0
2026-03-11,784526497.7604501,533006483.0099999,5450235.410000076,26257541.32000003,82424581.63999993,506329894.70999974,27059815.31999999,28892197.19000002,0.0
2026-03-12,784900062.73045,533057059.45999986,5950752.590000075,26259817.06000003,82432402.65999992,506378216.30999976,27062160.649999987,28894938.77000002,0.0
2026-03-13,785173900.8204501,533107804.35999984,5951319.0800000755,26262101.06000003,82440249.64999992,506426697.4699998,27064514.459999986,28897689.48000002,0.0
2026-03-14,785173900.8204501,533107804.35999984,5951319.0800000755,26262101.06000003,82440249.64999992,506426697.4699998,27064514.459999986,28897689.48000002,0.0
2026-03-15,785173900.8204501,533107804.35999984,5951319.0800000755,26262101.06000003,82440249.64999992,506426697.4699998,27064514.459999986,28897689.48000002,0.0
2026-03-16,785395472.1304501,533260042.3899998,5953018.630000075,26268953.18000003,87863791.39999992,506572145.74999976,27071576.039999984,28905941.790000018,0.0
2026-03-17,785469909.1804501,533311182.0299998,5953589.560000075,26271256.47000003,98675303.20999992,506621002.5999998,27073949.759999983,28908713.900000017,0.0
2026-03-18,785543652.59045,533361851.3899998,5954155.220000075,26273536.550000027,98684677.95999992,506669412.2599998,27076299.559999984,28911460.52000002,0.0
2026-03-19,785617108.5304501,533412325.54999983,5954718.680000075,26275806.980000027,98694016.58999991,506717636.54999983,27078639.409999985,28914196.560000017,0.0
2026-03-20,785690616.7704501,533462835.41999984,5955282.5400000755,26278079.130000025,98703361.81999992,506765894.8099998,27080981.009999987,28916934.530000016,0.0
2026-03-21,785690616.7704501,533462835.41999984,5955282.5400000755,26278079.130000025,98703361.81999992,506765894.8099998,27080981.009999987,28916934.530000016,0.0
2026-03-22,785690616.7704501,533462835.41999984,5955282.5400000755,26278079.130000025,98703361.81999992,506765894.8099998,27080981.009999987,28916934.530000016,0.0
2026-03-23,835661152.65045,533614371.38999987,5956974.220000075,26284895.850000024,98731398.67999992,506910677.29999983,27088006.079999987,28925148.800000016,0.0
2026-03-24,860739008.6504501,533664623.45999986,5957535.210000075,26287155.140000023,98740696.20999992,506958690.85999984,26340334.459999986,28927872.770000014,0.0
2026-03-25,885557274.4904501,533715161.48999983,5958099.380000075,26289428.510000024,98750046.64999992,507006976.64999986,26342612.449999984,28930612.270000014,0.0
2026-03-26,910640763.2504501,530044913.48999983,5958666.460000075,26291714.640000023,98759445.28999992,507055509.38999987,25844903.259999983,28933365.860000014,0.0
2026-03-27,935726457.99045,530095244.96999985,10959232.300000075,26293995.160000023,104168822.88999991,507103934.71999985,25847145.06999998,28936113.310000014,0.0
2026-03-28,935726457.99045,530095244.96999985,10959232.300000075,26293995.160000023,104168822.88999991,507103934.71999985,25847145.06999998,28936113.310000014,0.0
2026-03-29,935726457.99045,530095244.96999985,10959232.300000075,26293995.160000023,104168822.88999991,507103934.71999985,25847145.06999998,28936113.310000014,0.0
2026-03-30,985990830.5604501,530246299.82999986,10962355.200000076,26300839.54000002,111248383.69999991,507249268.66999984,25853873.259999983,28944358.960000012,0.0
2026-03-31,1011083786.68045,525296674.82999986,10963396.690000076,26303122.06000002,111258952.29999991,507297735.82999986,25856117.039999984,28947108.79000001,0.0
2026-04-01,1036179904.61045,525346973.5699999,10964446.490000077,26305424.480000023,111269605.3499999,507346588.08999985,25858380.379999984,23949880.59000001,0.0
2026-04-02,1067277741.19045,525396919.8799999,10965488.930000076,26307709.210000023,111280183.6499999,507395099.54999983,25860626.339999985,23952157.65000001,0.0
2026-04-03,1067277741.19045,525396919.8799999,10965488.930000076,26307709.210000023,111280183.6499999,507395099.54999983,25860626.339999985,23952157.65000001,0.0
2026-04-04,1067277741.19045,525396919.8799999,10965488.930000076,26307709.210000023,111280183.6499999,507395099.54999983,25860626.339999985,23952157.65000001,0.0
2026-04-05,1067277741.19045,525396919.8799999,10965488.930000076,26307709.210000023,111280183.6499999,507395099.54999983,25860626.339999985,23952157.65000001,0.0
2026-04-06,1117681400.0704498,525597020.4399999,9969665.250000076,26066863.770000022,111322563.93999991,507589450.14999986,25869625.509999987,23961280.03000001,0.0
2026-04-07,1167787152.5304499,525647063.57999986,9970614.510000076,26069131.430000022,111333162.8499999,507638055.89999986,25871876.039999988,23963561.46000001,0.0
2026-04-08,1167485681.39045,525696922.2499999,9971560.260000076,26071389.88000002,111178722.68999991,507686483.5599999,25874117.449999988,18965834.480000008,0.0
2026-04-09,1167595404.39045,525746505.9699999,9972500.790000075,26073634.680000022,111189208.7399999,507734645.2399999,25876345.289999988,18967623.380000006,0.0
2026-04-10,1217704381.27045,525795753.6999999,9973434.940000076,26075862.750000022,111199623.7299999,507782482.4799999,25878556.529999986,18969400.130000006,0.0
2026-04-11,1217704381.27045,525795753.6999999,9973434.940000076,26075862.750000022,111199623.7299999,507782482.4799999,25878556.529999986,18969400.130000006,0.0
2026-04-12,1217704381.27045,525795753.6999999,9973434.940000076,26075862.750000022,111199623.7299999,507782482.4799999,25878556.529999986,18969400.130000006,0.0
2026-04-13,1268048635.62045,525944857.80999994,9976263.260000076,26082614.430000022,111231156.4899999,507927310.1799999,25885257.209999986,18974779.510000005,0.0
2026-04-14,1268168696.5404499,525994784.7099999,9977210.320000077,26084876.050000023,111241715.10999991,507975804.0299999,25887501.749999985,18976580.770000007,0.0
2026-04-15,1268289458.71045,527041432.75999993,9978162.900000077,26087152.030000024,111252335.24999991,508024578.8499999,25889760.589999985,18978392.520000007,0.0
2026-04-16,1268411714.8904498,527092366.5799999,9979127.230000077,26089458.710000023,111263086.44999991,508073951.7299999,25892049.869999986,18980226.630000006,0.0
2026-04-17,1268532596.59045,527142729.2099999,9115080.740000077,26091737.100000024,111273717.07999991,508122774.5899999,25894311.069999985,18982040.170000006,0.0
2026-04-18,1268532596.59045,527142729.2099999,9115080.740000077,26091737.100000024,111273717.07999991,508122774.5899999,25894311.069999985,18982040.170000006,0.0
2026-04-19,1268532596.59045,527142729.2099999,9115080.740000077,26091737.100000024,111273717.07999991,508122774.5899999,25894311.069999985,18982040.170000006,0.0
2026-04-20,1268893479.73045,527293085.06999993,9117680.720000077,26098535.880000025,111305454.46999991,508268536.2199999,25901058.549999986,18987454.450000007,0.0
2026-04-21,1267013295.87045,527343005.49999994,9118543.920000076,26100792.200000025,111315991.63999991,508316932.5299999,25903297.849999987,18989252.05000001,0.0
2026-04-22,1267133215.1204498,531391524.98999995,14119409.140000075,26103054.150000025,111326552.97999991,508365439.1799999,25905542.709999986,18991053.790000007,0.0
2026-04-23,1267353390.41045,231442046.50999993,14120751.550000075,26105321.360000025,111337136.90999992,508414049.07999986,25907792.789999984,18992859.360000007,0.0
2026-04-24,1267473881.86045,231464106.86999995,14122097.390000075,26107594.870000027,171047747.89999992,508462782.59999985,25910049.149999984,18994669.570000008,0.0
2026-04-25,1267473881.86045,231464106.86999995,14122097.390000075,26107594.870000027,171047747.89999992,508462782.59999985,25910049.149999984,18994669.570000008,0.0
2026-04-26,1267473881.86045,231464106.86999995,14122097.390000075,26107594.870000027,171047747.89999992,508462782.59999985,25910049.149999984,18994669.570000008,0.0
2026-04-27,1267836818.05045,231530549.12999994,14126151.140000075,26114445.370000027,177066844.9399999,508609569.20999986,25916847.919999983,19000122.040000007,0.0
2026-04-28,1267957830.03045,231552702.66999993,14127502.760000074,26116729.420000028,189023786.3399999,508658511.1799999,25466114.739999983,19001940.030000005,0.0
2026-04-29,1268078101.66045,231574721.00999993,14128846.120000074,26118998.18000003,189041759.66999993,508707156.2299999,25468327.029999983,19003746.920000006,0.0
2026-04-30,1268198127.42045,231596694.43999994,14130186.740000073,26121261.84000003,189059696.51999992,508755703.1699999,25470534.369999982,19005550.130000006,0.0
2026-05-01,1268318922.80045,231618808.44999993,14131535.940000072,26123541.31000003,189077747.94999993,508804558.4699999,25472757.10999998,19007364.870000005,0.0
2026-05-02,1268318922.80045,231618808.44999993,14131535.940000072,26123541.31000003,189077747.94999993,508804558.4699999,25472757.10999998,19007364.870000005,0.0
2026-05-03,1268318922.80045,231618808.44999993,14131535.940000072,26123541.31000003,189077747.94999993,508804558.4699999,25472757.10999998,19007364.870000005,0.0
2026-05-04,1268680590.59045,231685019.22999993,14135575.520000072,26130364.870000027,189131795.64999992,508950837.7499999,25479410.799999982,19012798.320000004,0.0
2026-05-05,1268800663.29045,279707001.2699999,14136916.670000073,26132629.300000027,238899739.3399999,508999403.8699999,25481618.869999982,19014602.240000006,0.0
2026-05-06,1268920484.59045,279821542.55999994,14138255.020000072,26134888.550000027,238922355.26999992,509047869.2599999,25483821.85999998,19016402.390000004,0.0
2026-05-07,1269040328.78045,279848036.34999996,14139593.610000072,26137148.230000027,278544975.7199999,509096343.8599999,25486025.26999998,16018202.880000005,0.0
2026-05-08,1269159663.84045,279874417.9,14140926.540000072,26139397.360000025,303446233.0299999,509144613.8299999,25488218.41999998,16019712.930000005,0.0
2026-05-09,1269159663.84045,279874417.9,14140926.540000072,26139397.360000025,303446233.0299999,509144613.8299999,25488218.41999998,16019712.930000005,0.0
2026-05-10,1269159663.84045,279874417.9,14140926.540000072,26139397.360000025,303446233.0299999,509144613.8299999,25488218.41999998,16019712.930000005,0.0
2026-05-11,1244517550.79045,184953536.45,14144924.010000072,26146142.260000024,303532010.5899999,509289377.8999999,25494795.37999998,16024241.580000006,0.0
2026-05-12,1249334480.2804499,258518629.49,14146256.600000072,26148390.620000023,303560605.4299999,509337636.62999994,25496987.80999998,16025751.260000005,0.0
2026-05-13,1224451842.2804499,279706481.02,14147589.530000072,26150639.540000025,203589207.19999987,509385907.06999993,25499180.77999998,16027261.300000004,0.0
2026-05-14,1207561571.0504498,459841095.86999995,14148919.910000073,26152883.760000024,188608351.89999986,509434086.8299999,25501369.16999998,16028768.490000004,0.0
2026-05-15,1182674078.83045,719884113.54,14150243.570000073,26155115.490000024,188625996.38999987,509482023.55999994,25503545.37999998,16030268.030000003,0.0
2026-05-16,1182674078.83045,719884113.54,14150243.570000073,26155115.490000024,188625996.38999987,509482023.55999994,25503545.37999998,16030268.030000003,0.0
2026-05-17,1182674078.83045,719884113.54,14150243.570000073,26155115.490000024,188625996.38999987,509482023.55999994,25503545.37999998,16030268.030000003,0.0
2026-05-18,1180535288.82045,720104851.65,14154582.640000073,26162490.990000024,129683836.47999987,509639086.66999996,25510737.30999998,16035183.700000003,0.0
2026-05-19,1145894941.13045,602757464.76,36155409.54000007,26164716.320000023,624695932.9999999,110101947.19999999,25512907.22999998,16036679.410000004,0.0
2026-05-20,1096001261.57045,602813647.78,14157222.400000073,26166940.190000024,624754160.2799999,110112272.22999999,25515075.74999998,38039731.45,0.0
2026-05-21,1091102746.7104502,602869756.4599999,14158540.310000073,26169160.850000024,624812314.8899999,110122581.93999998,25517241.10999998,38043272.18,0.0
2026-05-22,1066203704.3904501,602925933.67,14159859.700000074,26171384.420000024,624870539.8899999,110132904.05999999,25519409.33999998,41794817.39,0.0
2026-05-23,1066203704.3904501,602925933.67,14159859.700000074,26171384.420000024,624870539.8899999,110132904.05999999,25519409.33999998,41794817.39,0.0
2026-05-24,1066203704.3904501,602925933.67,14159859.700000074,26171384.420000024,624870539.8899999,110132904.05999999,25519409.33999998,41794817.39,0.0
2026-05-25,1066203704.3904501,602925933.67,14159859.700000074,26171384.420000024,624870539.8899999,110132904.05999999,25519409.33999998,41794817.39,0.0
2026-05-26,1041598339.0704501,603094551.55,14165139.940000074,26180283.540000025,625103559.0899999,110174213.57999998,25528086.94999998,41810403.03,0.0
2026-05-27,1016696013.2604501,603094551.55,14166478.580000075,26182542.510000024,603161633.8699999,110184685.52999999,25530289.68999998,41814354.28,0.0
2026-05-28,1016791416.2604501,603209141.2099999,14167818.800000075,26184804.340000022,386208696.5799999,110195169.60999998,25532495.19999998,241818310.17,0.0
2026-05-29,1016886810.7904501,603267514.0199999,14169158.890000075,26187065.90000002,386245228.8299999,110205652.80999999,25534700.43999998,241841181.82999998,0.0
2026-05-30,1016886810.7904501,603267514.0199999,14169158.890000075,26187065.90000002,386245228.8299999,110205652.80999999,25534700.43999998,241841181.82999998,0.0
2026-05-31,1016886810.7904501,603267514.0199999,14169158.890000075,26187065.90000002,386245228.8299999,110205652.80999999,25534700.43999998,241841181.82999998,0.0
2026-06-01,1017173528.1404501,603442958.2199999,14173186.660000075,26193864.20000002,376355024.8399999,110237160.60999998,25541329.55999998,241909928.80999997,0.0
2026-06-02,1017269405.4504502,557531624.8,14174533.490000075,26196138.04000002,414390789.0999999,110247696.30999999,25543546.82999998,241932917.01999998,0.0
2026-06-03,1017364952.8904501,557585738.49,14175875.730000075,26198403.35000002,409730029.4299999,110258196.18999998,25545755.75999998,241955826.85999998,0.0
2026-06-04,1017460297.7204502,557639738.42,14177215.170000074,26200663.41000002,409768743.5999999,110268674.23999998,25547959.589999977,241978688.54,0.0
2026-06-05,1007555649.4604502,557693742.31,14178554.690000074,26202923.64000002,409807460.6099999,110279153.06999998,25550163.559999976,242001551.9,0.0
2026-06-06,1007555649.4604502,557693742.31,14178554.690000074,26202923.64000002,409807460.6099999,110279153.06999998,25550163.559999976,242001551.9,0.0
2026-06-07,1007555649.4604502,557693742.31,14178554.690000074,26202923.64000002,409807460.6099999,110279153.06999998,25550163.559999976,242001551.9,0.0
2026-06-08,1007839404.3704501,557856071.1099999,14182581.050000073,26209718.67000002,474923837.7499999,110310650.45999998,25556789.449999977,242070275.51000002,0.0
2026-06-09,1010434080.5204501,557910232.6699998,14183924.480000073,26211985.97000002,443968824.44999987,110321159.74999999,25559000.289999977,242093205.62000003,0.0
2026-06-10,1010528716.0904502,557964248.9599998,14185264.290000074,26214246.54000002,444010762.63999987,110331640.92999999,25561204.599999975,258116074.23000002,0.0
2026-06-11,1010622948.2304502,559425488.9999998,13906598.450000074,26216496.640000023,444052523.6299999,110342078.19,25563398.669999976,278540350.82,0.0
2026-06-12,1010717490.34045,559479584.7699997,13907910.530000074,26218754.72000002,444094420.4299999,110352549.22,25565600.549999975,178566631.38,0.0
2026-06-13,1010717490.34045,559479584.7699997,13907910.530000074,26218754.72000002,444094420.4299999,110352549.22,25565600.549999975,178566631.38,0.0
2026-06-14,1010717490.34045,559479584.7699997,13907910.530000074,26218754.72000002,444094420.4299999,110352549.22,25565600.549999975,178566631.38,0.0
2026-06-15,1011003144.4304501,559643024.4699998,13911874.730000073,26225581.46000002,444221003.3599999,110384183.74,25572257.369999975,178617531.45,0.0
2026-06-16,1011098865.63045,559698790.0799998,13913203.060000073,26227870.01000002,444263418.9199999,110394783.72,25574488.929999974,178634586.38,0.0
2026-06-17,1011193806.19045,559753112.9799998,13914520.660000073,26230138.25000002,444305491.5599999,110405298.5,25576700.709999975,178651503.43,0.0
2026-06-18,1011288639.25045,559807374.4799998,13915836.790000074,26232403.67000002,444347516.63999987,110415801.47,25578909.739999976,178668401.36,0.0
2026-06-19,1011288639.25045,559807374.4799998,13915836.790000074,26232403.67000002,444347516.63999987,110415801.47,25578909.739999976,178668401.36,0.0
2026-06-20,1011288639.25045,559807374.4799998,13915836.790000074,26232403.67000002,444347516.63999987,110415801.47,25578909.739999976,178668401.36,0.0
2026-06-21,1011288639.25045,559807374.4799998,13915836.790000074,26232403.67000002,444347516.63999987,110415801.47,25578909.739999976,178668401.36,0.0
2026-06-22,1011667740.69045,560273291.7999998,13921098.040000074,26241459.19000002,428515517.3199999,110457788.19,25587739.959999975,178735953.04000002,0.0
2026-06-23,1011762376.65045,558917581.8399998,13922411.450000074,26243719.32000002,428555946.89999986,110468269.75999999,25589943.829999976,178752816.24,0.0
2026-06-24,1017857179.31045,601971717.3499998,13923727.160000075,26245983.76000002,428596447.15999985,110478769.55,25592151.879999977,178769709.09,0.0
2026-06-25,1017952632.75045,602029995.9099997,13925044.690000074,26248251.57000002,428637003.09999985,110489283.82,25594363.249999978,178786625.17000002,0.0
2026-06-26,1018048413.7204499,622088472.7899997,13926366.710000074,26250527.790000018,402177697.04999983,110499833.66999999,25596582.819999978,16094299.460000008,0.0
2026-06-27,1018048413.7204499,622088472.7899997,13926366.710000074,26250527.790000018,402177697.04999983,110499833.66999999,25596582.819999978,16094299.460000008,0.0
2026-06-28,1018048413.7204499,622088472.7899997,13926366.710000074,26250527.790000018,402177697.04999983,110499833.66999999,25596582.819999978,16094299.460000008,0.0
2026-06-29,1017984394.15045,622267549.6599997,13930314.110000074,26257321.25000002,402291695.1299998,110531335.73999998,25203207.179999977,16098865.100000009,0.0
2026-06-30,1017729770.5204499,622327691.9699997,13931631.000000075,26259587.68000002,402329725.7799998,110541845.05999997,25205382.669999976,16100387.01000001,0.0
2026-07-01,1017825959.1404499,615688160.4499997,13932959.430000074,26261875.810000017,402368089.5299998,110552445.91999997,25207578.989999976,16101922.25000001,0.0
2026-07-02,1017825959.1404499,615748027.1199996,13934284.240000075,26264157.100000016,402406349.0999998,110563018.15999997,25209768.749999978,16103453.32000001,0.0
2026-07-03,1017825959.1404499,615748027.1199996,13934284.240000075,26264157.100000016,402406349.0999998,110563018.15999997,25209768.749999978,16103453.32000001,0.0
2026-07-04,1017825959.1404499,615748027.1199996,13934284.240000075,26264157.100000016,402406349.0999998,110563018.15999997,25209768.749999978,16103453.32000001,0.0
2026-07-05,1017825959.1404499,615748027.1199996,13934284.240000075,26264157.100000016,402406349.0999998,110563018.15999997,25209768.749999978,16103453.32000001,0.0
2026-07-06,1022759103.6604499,616237153.7999996,13939575.970000075,26273267.820000015,402559168.5399998,110605247.07999997,25218513.909999978,16109568.84000001,0.0
2026-07-07,1022855096.7204498,616296843.8999996,13940896.350000076,26275540.560000014,402597300.1599998,110615784.21999997,25220695.45999998,16111094.790000008,0.0
2026-07-08,1022950929.0104499,616356435.0399996,13942214.550000075,26277809.110000014,402635368.55999976,110626303.99999997,25222872.98999998,16112618.210000008,0.0
2026-07-09,1023046044.7404499,616415584.2899996,13943522.960000075,26280059.230000015,402673154.6699998,245636746.23999998,24475032.79999998,16114130.330000008,0.0
2026-07-10,1023139811.5304499,616587944.4299996,13944811.640000075,26282272.120000016,902710370.9299998,245659481.85999998,24477093.749999978,16115619.660000008,0.0
2026-07-11,1023139811.5304499,616587944.4299996,13944811.640000075,26282272.120000016,902710370.9299998,245659481.85999998,24477093.749999978,16115619.660000008,0.0
2026-07-12,1023139811.5304499,616587944.4299996,13944811.640000075,26282272.120000016,902710370.9299998,245659481.85999998,24477093.749999978,16115619.660000008,0.0
2026-07-13,1018421374.7904499,616763092.8099996,13948685.330000075,26288925.040000018,902961124.9099998,245728125.48999998,24483289.859999977,16120096.440000007,0.0
2026-07-14,1018516286.2904499,621919778.2299995,13949997.450000074,26291181.920000017,903046066.4699998,245751374.80999997,24485391.77999998,16121612.830000008,0.0
2026-07-15,1153777522.4004498,346980198.60999954,13951323.040000074,26293464.150000017,903131879.3399998,110596601.89999998,24487517.30999998,16123144.790000008,0.0
2026-07-16,1153886417.0304499,346980198.60999954,13952649.210000074,26295747.420000017,907217729.2399998,110607175.70999998,24489643.77999998,16124677.410000008,0.0
2026-07-17,1157994699.96045,533266302.03999954,13688967.960000074,26298016.690000016,736051500.1199998,110617690.35999998,24491757.23999998,16126201.480000008,0.0
2026-07-18,1157994699.96045,533266302.03999954,13688967.960000074,26298016.690000016,736051500.1199998,110617690.35999998,24491757.23999998,16126201.480000008,0.0
2026-07-19,1157994699.96045,533266302.03999954,13688967.960000074,26298016.690000016,736051500.1199998,110617690.35999998,24491757.23999998,16126201.480000008,0.0
2026-07-20,1158318085.5304499,533578703.51999956,13692819.530000074,26304767.650000017,636258607.3399998,110648995.71999998,24498044.66999998,16130738.880000008,0.0
2026-07-21,1158425373.37045,536529812.39999956,13694097.410000075,26307006.34000002,636317988.0699998,110659382.44999999,24500129.64999998,16132244.300000008,0.0
2026-07-22,1157533786.8004498,538631726.9199996,13695388.600000074,26309270.560000017,636377986.4999998,110669876.71999998,24502238.42999998,16133765.390000008,0.0
2026-07-23,1157642670.7104497,624684100.5099996,13446686.390000073,26311547.420000017,630438290.9499998,110680424.32999998,24504358.94999998,16135294.260000007,0.0
2026-07-24,1157752149.5504498,624684100.5099996,13447967.380000073,26313837.740000017,634198349.9199998,110691028.72999999,24506492.00999998,16136831.390000008,0.0
2026-07-25,1157752149.5504498,624684100.5099996,13447967.380000073,26313837.740000017,634198349.9199998,110691028.72999999,24506492.00999998,16136831.390000008,0.0
2026-07-26,1157752149.5504498,624684100.5099996,13447967.380000073,26313837.740000017,634198349.9199998,110691028.72999999,24506492.00999998,16136831.390000008,0.0
2026-07-27,1158080610.25045,624980970.8799996,13451810.710000074,26320709.18000002,632879600.6799998,110722844.43999998,24512891.66999998,16141443.150000008,0.0
2026-07-28,1158190098.1304498,625293135.5999997,13453091.830000073,26322999.560000017,633925875.5099999,110733449.80999999,24515024.80999998,16142980.430000007,0.0
2026-07-29,1188300174.3804498,624355786.6299996,13454379.790000074,26325303.27000002,633986566.3099998,110744111.44999999,24517170.33999998,16144525.910000008,0.0
2026-07-30,1188412881.7804499,624743761.2999996,13455667.810000073,26327607.100000016,634047260.3799999,110754773.77999999,24519315.97999998,16146071.470000008,17000000.0
2026-07-31,1188525301.0604498,645804982.2099996,13456952.680000072,26329904.710000016,630907816.1899998,110765410.10999998,24521455.829999983,16147613.260000007,17001623.19
2026-08-01,1188525301.0604498,645804982.2099996,13456952.680000072,26329904.710000016,630907816.1899998,110765410.10999998,24521455.829999983,16147613.260000007,17001623.19
2026-08-02,1188525301.0604498,645804982.2099996,13456952.680000072,26329904.710000016,630907816.1899998,110765410.10999998,24521455.829999983,16147613.260000007,17001623.19
2026-08-03,1188863498.1704497,646503177.0799996,13460817.560000073,26336817.580000017,631089018.5999998,110797403.90999998,24527894.039999984,16152250.970000008,17006505.8
2026-08-04,1188875965.3804498,646503177.0799996,13462102.870000074,26339115.920000017,631149279.3899997,110808044.00999998,24530034.559999984,16153793.280000009,17008129.55
2026-08-05,1188988738.8904498,655517849.9999995,13463391.760000074,26341421.170000017,631209707.5299997,110818713.37999998,24282181.549999982,16155339.880000008,17009757.810000002
2026-08-06,1189101523.1304498,667103469.9199995,13464680.760000074,26343726.650000017,631270141.4399997,110829383.88999999,24284306.849999983,16156886.620000008,17011386.240000002
2026-08-07,1189213763.8204496,667103469.9199995,13465964.740000075,26346022.240000017,631330339.9999996,110840112.97999999,8536423.059999984,16158427.34000001,17013008.330000002
2026-08-08,1189213763.8204496,667103469.9199995,13465964.740000075,26346022.240000017,631330339.9999996,110840112.97999999,8536423.059999984,16158427.34000001,17013008.330000002
2026-08-09,1189213763.8204496,667103469.9199995,13465964.740000075,26346022.240000017,631330339.9999996,110840112.97999999,8536423.059999984,16158427.34000001,17013008.330000002
2026-08-10,1189549322.7904496,667738331.3999995,13469800.100000074,26352876.580000017,631510159.3099996,110871864.24,8538644.419999983,16163029.64000001,17017853.66
2026-08-11,1189561472.6904497,683050163.1999995,13471080.800000073,26355165.59000002,631570203.2999996,110982366.36,8539386.099999983,16164566.40000001,17019471.580000002
2026-08-12,1189674249.3004496,695504012.6399995,13472369.840000072,26357470.880000018,631630638.8899996,110993046.74,8540133.049999982,16166113.190000009,17021100.05
2026-08-13,1189786307.3204498,695774326.7099996,13473650.750000073,26359760.210000016,634090693.0699996,111003660.11,8540874.839999981,16167650.220000008,17022718.25
2026-08-14,1189898541.3104496,695844865.7399995,13474933.640000073,26362053.400000017,634151068.6599996,111014289.92999999,8541617.87999998,16169189.620000008,17024338.95
2026-08-15,1189898541.3104496,695844865.7399995,13474933.640000073,26362053.400000017,634151068.6599996,111014289.92999999,8541617.87999998,16169189.620000008,17024338.95
2026-08-16,1189898541.3104496,695844865.7399995,13474933.640000073,26362053.400000017,634151068.6599996,111014289.92999999,8541617.87999998,16169189.620000008,17024338.95
2026-08-17,1190235267.8204496,695844865.7399995,13478782.610000074,26368933.420000017,634332208.8399996,111046181.78999999,8543847.13999998,16173808.190000009,17029201.45
2026-08-18,1190348527.4204497,695844865.7399995,13480077.120000074,26371249.190000016,634393132.0099995,111056907.50999999,8544597.49999998,16175361.550000008,17030836.87
2026-08-19,1185461393.0504496,694915815.8599995,8481367.170000073,26373556.200000018,634453845.3399996,116067596.39999999,8545345.019999979,16176909.550000008,17032466.62
2026-08-20,1170573172.6804495,695095482.2499995,8482174.490000073,26375849.75000002,634514235.8199996,116078707.44,8546088.17999998,16178449.330000008,17034087.720000003
2026-08-21,1070683672.6604495,731565986.6399995,8482981.990000073,26378143.84000002,564574639.6699996,116089820.92999999,8546831.50999998,16179989.450000007,17035709.180000003
2026-08-22,1070683672.6604495,731565986.6399995,8482981.990000073,26378143.84000002,564574639.6699996,116089820.92999999,8546831.50999998,16179989.450000007,17035709.180000003
2026-08-23,1070683672.6604495,731565986.6399995,8482981.990000073,26378143.84000002,564574639.6699996,116089820.92999999,8546831.50999998,16179989.450000007,17035709.180000003
2026-08-24,1070988451.5404496,783179298.1499995,8485420.950000074,26385077.200000018,564736959.3799996,116123386.91,8549078.049999978,16184641.220000006,17040606.600000005
2026-08-25,1021090097.1904496,830808741.0299995,8486234.370000074,26387389.510000017,564791093.9299996,116134581.42999999,8549827.289999979,161186192.63,17042239.940000005
2026-08-26,1022686897.4004496,840792723.9699996,8487047.680000074,26389701.440000016,563745221.2399995,116145774.58999999,8550576.399999978,161186192.63,17043873.060000006
2026-08-27,1022783572.2804496,840877434.0999995,7887858.870000074,26392006.740000017,563799102.3199996,116156938.74999999,8551323.369999979,161186192.63,17045501.930000007
2026-08-28,1002880293.1404496,840962184.2299995,7888613.080000074,26394313.190000016,563853008.8399996,136168108.06,8552070.699999979,161186192.63,17047131.570000008
2026-08-29,1002880293.1404496,840962184.2299995,7888613.080000074,26394313.190000016,563853008.8399996,136168108.06,8552070.699999979,161186192.63,17047131.570000008
2026-08-30,1002880293.1404496,840962184.2299995,7888613.080000074,26394313.190000016,563853008.8399996,136168108.06,8552070.699999979,161186192.63,17047131.570000008
2026-08-31,1013164196.9304496,840962184.2299995,4890879.850000074,26401246.370000016,564015024.6799996,136207456.29,8554317.17999998,161232520.22,17052029.390000008
2026-09-01,963261844.7204496,841047726.9099995,4891351.650000074,26403575.910000015,564069427.8699996,136220668.54,8555071.99999998,161248076.52,17053674.020000007
2026-09-02,963352986.7204496,844732678.2199994,4891810.150000074,26405887.810000014,564123464.4299996,136233789.98999998,8555821.08999998,161263525.13000003,17055307.28000001
2026-09-03,938444132.7904496,891852738.9999994,4892278.680000074,26408199.780000012,564177493.3499995,136246912.02999997,8556570.199999979,161278974.42000002,17056940.63000001
2026-09-04,935533146.7704495,931942826.1599994,4892748.690000074,26410519.690000013,564231692.7499995,136260075.11999997,8557321.889999978,161294472.45000002,17058579.12000001
2026-09-05,935533146.7704495,931942826.1599994,4892748.690000074,26410519.690000013,564231692.7499995,136260075.11999997,8557321.889999978,161294472.45000002,17058579.12000001
2026-09-06,935533146.7704495,931942826.1599994,4892748.690000074,26410519.690000013,564231692.7499995,136260075.11999997,8557321.889999978,161294472.45000002,17058579.12000001
2026-09-07,935533146.7704495,931942826.1599994,4892748.690000074,26410519.690000013,564231692.7499995,136260075.11999997,8557321.889999978,161294472.45000002,17058579.12000001
2026-09-08,910887568.5704496,941618047.2199993,4894626.260000074,26419785.740000013,564448204.2699995,136312658.95999998,8560324.269999979,161356382.77,17065124.450000007
2026-09-09,885973817.1304495,946212811.1899993,4525095.140000074,26422103.89000001,564502370.4099995,136325814.23,8561075.389999978,161371871.3,17066761.930000007
2026-09-10,861057469.2004496,946549442.7099993,4525528.4600000745,26424416.72000001,564556423.7599995,136338942.26999998,8561824.789999979,161387327.57000002,17068396.000000007
2026-09-11,861057469.2004496,946549442.7099993,4525528.4600000745,26424416.72000001,564556423.7599995,136338942.26999998,8561824.789999979,161387327.57000002,17068396.000000007
2026-09-12,861057469.2004496,946549442.7099993,4525528.4600000745,26424416.72000001,564556423.7599995,136338942.26999998,8561824.789999979,161387327.57000002,17068396.000000007
2026-09-13,861057469.2004496,946549442.7099993,4525528.4600000745,26424416.72000001,564556423.7599995,136338942.26999998,8561824.789999979,161387327.57000002,17068396.000000007
2026-09-14,836292844.9404496,946833204.2199993,4527680.080000075,26431320.35000001,564217844.1299995,136378147.82999998,8564061.689999979,161433484.88000003,17073275.92000001
2026-09-15,811368944.6704496,947041831.2299993,4528397.730000075,26433622.88000001,564271634.4599996,136391223.79999998,8564807.74999998,161448879.56000003,17074903.480000008
2026-09-16,761443216.4404497,947137210.1299993,4529120.890000075,26435944.72000001,564325837.3499995,136404399.64,8565560.05999998,161464392.32000002,17076543.53000001
2026-09-17,501517352.1604497,947232058.8799993,4529840.030000075,26438252.41000001,564379738.9899995,146412502.67999998,8566307.78999998,161479818.86,17078174.480000008
2026-09-18,499563866.94044966,947130077.2599993,4530598.970000075,26440699.800000012,493436624.28999954,146427339.54,8567100.79999998,161496099.33,17079895.700000007
2026-09-19,499563866.94044966,947130077.2599993,4530598.970000075,26440699.800000012,493436624.28999954,146427339.54,8567100.79999998,161496099.33,17079895.700000007
2026-09-20,499563866.94044966,947130077.2599993,4530598.970000075,26440699.800000012,493436624.28999954,146427339.54,8567100.79999998,161496099.33,17079895.700000007
