date,close_usd
2010-07-18,0.1
2010-07-19,0.1
2010-07-20,0.1
2010-07-21,0.1
2010-07-22,0.1
2010-07-23,0.1
2010-07-24,0.1
2010-07-25,0.1
2010-07-26,0.1
2010-07-27,0.1
2010-07-28,0.1
2010-07-29,0.1
2010-07-30,0.1
2010-07-31,0.1
2010-08-01,0.1
2010-08-02,0.1
2010-08-03,0.1
2010-08-04,0.1
2010-08-05,0.1
2010-08-06,0.1
2010-08-07,0.1
2010-08-08,0.1
2010-08-09,0.1
2010-08-10,0.1
2010-08-11,0.1
2010-08-12,0.1
2010-08-13,0.1
2010-08-14,0.1
2010-08-15,0.1
2010-08-16,0.1
2010-08-17,0.1
2010-08-18,0.1
2010-08-19,0.1
2010-08-20,0.1
2010-08-21,0.1
2010-08-22,0.1
2010-08-23,0.1
2010-08-24,0.1
2010-08-25,0.1
2010-08-26,0.1
2010-08-27,0.1
2010-08-28,0.1
2010-08-29,0.1
2010-08-30,0.1
2010-08-31,0.1
2010-09-01,0.1
2010-09-02,0.1
2010-09-03,0.1
2010-09-04,0.1
2010-09-05,0.1
2010-09-06,0.1
2010-09-07,0.1
2010-09-08,0.1
2010-09-09,0.1
2010-09-10,0.1
2010-09-11,0.1
2010-09-12,0.1
2010-09-13,0.1
2010-09-14,0.1
2010-09-15,0.1
2010-09-16,0.1
2010-09-17,0.1
2010-09-18,0.1
2010-09-19,0.1
2010-09-20,0.1
2010-09-21,0.1
2010-09-22,0.1
2010-09-23,0.1
2010-09-24,0.1
2010-09-25,0.1
2010-09-26,0.1
2010-09-27,0.1
2010-09-28,0.1
2010-09-29,0.1
2010-09-30,0.1
2010-10-01,0.1
2010-10-02,0.1
2010-10-03,0.1
2010-10-04,0.1
2010-10-05,0.1
2010-10-06,0.1
2010-10-07,0.1
2010-10-08,0.1
2010-10-09,0.1
2010-10-10,0.1
2010-10-11,0.1
2010-10-12,0.1
2010-10-13,0.1
2010-10-14,0.1
2010-10-15,0.1
2010-10-16,0.1
2010-10-17,0.1
2010-10-18,0.1
2010-10-19,0.1
2010-10-20,0.1
2010-10-21,0.1
2010-10-22,0.1
2010-10-23,0.1
2010-10-24,0.1
2010-10-25,0.1
2010-10-26,0.2
2010-10-27,0.2
2010-10-28,0.2
2010-10-29,0.2
2010-10-30,0.2
2010-10-31,0.2
2010-11-01,0.2
2010-11-02,0.2
2010-11-03,0.2
2010-11-04,0.2
2010-11-05,0.3
2010-11-06,0.4
2010-11-07,0.3
2010-11-08,0.2
2010-11-09,0.2
2010-11-10,0.2
2010-11-11,0.2
2010-11-12,0.3
2010-11-13,0.3
2010-11-14,0.3
2010-11-15,0.3
2010-11-16,0.2
2010-11-17,0.2
2010-11-18,0.3
2010-11-19,0.3
2010-11-20,0.3
2010-11-21,0.3
2010-11-22,0.3
2010-11-23,0.3
2010-11-24,0.3
2010-11-25,0.3
2010-11-26,0.3
2010-11-27,0.3
2010-11-28,0.3
2010-11-29,0.2
2010-11-30,0.2
2010-12-01,0.2
2010-12-02,0.3
2010-12-03,0.3
2010-12-04,0.2
2010-12-05,0.2
2010-12-06,0.2
2010-12-07,0.2
2010-12-08,0.2
2010-12-09,0.2
2010-12-10,0.2
2010-12-11,0.2
2010-12-12,0.2
2010-12-13,0.2
2010-12-14,0.2
2010-12-15,0.2
2010-12-16,0.3
2010-12-17,0.2
2010-12-18,0.2
2010-12-19,0.2
2010-12-20,0.3
2010-12-21,0.2
2010-12-22,0.3
2010-12-23,0.3
2010-12-24,0.2
2010-12-25,0.2
2010-12-26,0.3
2010-12-27,0.3
2010-12-28,0.3
2010-12-29,0.3
2010-12-30,0.3
2010-12-31,0.3
2011-01-01,0.3
2011-01-02,0.3
2011-01-03,0.3
2011-01-04,0.3
2011-01-05,0.3
2011-01-06,0.3
2011-01-07,0.3
2011-01-08,0.3
2011-01-09,0.3
2011-01-10,0.3
2011-01-11,0.3
2011-01-12,0.3
2011-01-13,0.3
2011-01-14,0.4
2011-01-15,0.4
2011-01-16,0.4
2011-01-17,0.3
2011-01-18,0.3
2011-01-19,0.3
2011-01-20,0.4
2011-01-21,0.4
2011-01-22,0.4
2011-01-23,0.4
2011-01-24,0.4
2011-01-25,0.4
2011-01-26,0.4
2011-01-27,0.4
2011-01-28,0.4
2011-01-29,0.4
2011-01-30,0.5
2011-01-31,0.5
2011-02-01,0.7
2011-02-02,0.7
2011-02-03,0.7
2011-02-04,0.8
2011-02-05,0.9
2011-02-06,0.9
2011-02-07,0.9
2011-02-08,0.9
2011-02-09,1.1
2011-02-10,1
2011-02-11,1.1
2011-02-12,1.1
2011-02-13,1
2011-02-14,1.1
2011-02-15,1
2011-02-16,1
2011-02-17,1
2011-02-18,0.9
2011-02-19,0.9
2011-02-20,0.9
2011-02-21,0.8
2011-02-22,0.9
2011-02-23,0.9
2011-02-24,1
2011-02-25,0.9
2011-02-26,1
2011-02-27,0.9
2011-02-28,0.9
2011-03-01,0.9
2011-03-02,0.9
2011-03-03,0.9
2011-03-04,0.9
2011-03-05,0.9
2011-03-06,0.9
2011-03-07,0.9
2011-03-08,0.9
2011-03-09,0.9
2011-03-10,0.9
2011-03-11,0.9
2011-03-12,0.9
2011-03-13,0.9
2011-03-14,0.9
2011-03-15,0.9
2011-03-16,0.9
2011-03-17,0.8
2011-03-18,0.8
2011-03-19,0.8
2011-03-20,0.7
2011-03-21,0.8
2011-03-22,0.8
2011-03-23,0.8
2011-03-24,0.9
2011-03-25,0.9
2011-03-26,0.9
2011-03-27,0.8
2011-03-28,0.8
2011-03-29,0.8
2011-03-30,0.8
2011-03-31,0.8
2011-04-01,0.8
2011-04-02,0.8
2011-04-03,0.8
2011-04-04,0.7
2011-04-05,0.7
2011-04-06,0.7
2011-04-07,0.8
2011-04-08,0.8
2011-04-09,0.7
2011-04-10,0.7
2011-04-11,0.8
2011-04-12,0.9
2011-04-13,0.9
2011-04-14,1
2011-04-15,1
2011-04-16,1
2011-04-17,1.1
2011-04-18,1.2
2011-04-19,1.2
2011-04-20,1.1
2011-04-21,1.2
2011-04-22,1.4
2011-04-23,1.7
2011-04-24,1.6
2011-04-25,1.6
2011-04-26,1.8
2011-04-27,1.9
2011-04-28,2.2
2011-04-29,2.9
2011-04-30,3.5
2011-05-01,3
2011-05-02,3.2
2011-05-03,3.4
2011-05-04,3.4
2011-05-05,3.3
2011-05-06,3.5
2011-05-07,3.6
2011-05-08,3.9
2011-05-09,3.8
2011-05-10,5.8
2011-05-11,5.5
2011-05-12,6.3
2011-05-13,8.2
2011-05-14,7.2
2011-05-15,7
2011-05-16,8
2011-05-17,7.2
2011-05-18,6.9
2011-05-19,6.8
2011-05-20,5.6
2011-05-21,6.1
2011-05-22,6.7
2011-05-23,7.2
2011-05-24,7.4
2011-05-25,8.4
2011-05-26,8.8
2011-05-27,8.5
2011-05-28,8.3
2011-05-29,8.4
2011-05-30,8.8
2011-05-31,8.7
2011-06-01,9.6
2011-06-02,10.6
2011-06-03,14.3
2011-06-04,18.9
2011-06-05,16.7
2011-06-06,18.5
2011-06-07,23.9
2011-06-08,29.6
2011-06-09,28.9
2011-06-10,24
2011-06-11,14.6
2011-06-12,18.5
2011-06-13,19.8
2011-06-14,19.3
2011-06-15,19.5
2011-06-16,17
2011-06-17,15.7
2011-06-18,16.9
2011-06-19,17.5
2011-06-20,17.5
2011-06-21,17.5
2011-06-22,17.5
2011-06-23,17.5
2011-06-24,17.5
2011-06-25,17.5
2011-06-26,16.5
2011-06-27,16.8
2011-06-28,17
2011-06-29,16.9
2011-06-30,16.1
2011-07-01,15.4
2011-07-02,15.4
2011-07-03,15.4
2011-07-04,13.9
2011-07-05,12.9
2011-07-06,14.8
2011-07-07,14.8
2011-07-08,14.3
2011-07-09,14.4
2011-07-10,14.9
2011-07-11,14.2
2011-07-12,14
2011-07-13,13.9
2011-07-14,14
2011-07-15,13.8
2011-07-16,13.7
2011-07-17,13.2
2011-07-18,13.5
2011-07-19,13.9
2011-07-20,13.7
2011-07-21,13.6
2011-07-22,13.7
2011-07-23,13.7
2011-07-24,14
2011-07-25,14.1
2011-07-26,13.9
2011-07-27,13.9
2011-07-28,13.5
2011-07-29,13.5
2011-07-30,13.5
2011-07-31,13.4
2011-08-01,13.1
2011-08-02,12.1
2011-08-03,9.3
2011-08-04,10.8
2011-08-05,9.8
2011-08-06,6.6
2011-08-07,7.9
2011-08-08,7.8
2011-08-09,10
2011-08-10,10
2011-08-11,9.5
2011-08-12,9.5
2011-08-13,10.1
2011-08-14,10.8
2011-08-15,11.1
2011-08-16,11
2011-08-17,10.9
2011-08-18,10.8
2011-08-19,11.6
2011-08-20,11.4
2011-08-21,11.3
2011-08-22,10.9
2011-08-23,10.9
2011-08-24,10.9
2011-08-25,9.7
2011-08-26,8.2
2011-08-27,8.6
2011-08-28,9.1
2011-08-29,9
2011-08-30,8.8
2011-08-31,8.2
2011-09-01,8.2
2011-09-02,8.6
2011-09-03,8.5
2011-09-04,8.2
2011-09-05,7.6
2011-09-06,6.9
2011-09-07,7.2
2011-09-08,6.5
2011-09-09,5
2011-09-10,4.8
2011-09-11,5.9
2011-09-12,6.1
2011-09-13,5.8
2011-09-14,5.6
2011-09-15,4.8
2011-09-16,4.8
2011-09-17,4.8
2011-09-18,5.2
2011-09-19,5.5
2011-09-20,6.1
2011-09-21,5.6
2011-09-22,5.4
2011-09-23,5.6
2011-09-24,5.5
2011-09-25,5.3
2011-09-26,4.9
2011-09-27,4.9
2011-09-28,4.8
2011-09-29,4.8
2011-09-30,5.1
2011-10-01,5
2011-10-02,5
2011-10-03,5
2011-10-04,5
2011-10-05,4.9
2011-10-06,4.7
2011-10-07,4.3
2011-10-08,4
2011-10-09,4.1
2011-10-10,4.1
2011-10-11,3.9
2011-10-12,4.2
2011-10-13,4.1
2011-10-14,4
2011-10-15,3.8
2011-10-16,3.6
2011-10-17,2.6
2011-10-18,2.4
2011-10-19,2.3
2011-10-20,2.3
2011-10-21,2.6
2011-10-22,3.2
2011-10-23,3.2
2011-10-24,2.5
2011-10-25,2.8
2011-10-26,2.8
2011-10-27,3
2011-10-28,3.2
2011-10-29,3.6
2011-10-30,3.3
2011-10-31,3.3
2011-11-01,3.2
2011-11-02,3.3
2011-11-03,3.2
2011-11-04,3.1
2011-11-05,3
2011-11-06,3
2011-11-07,3
2011-11-08,3
2011-11-09,3
2011-11-10,2.8
2011-11-11,3.1
2011-11-12,3
2011-11-13,3
2011-11-14,2.2
2011-11-15,2.3
2011-11-16,2.6
2011-11-17,2.3
2011-11-18,2
2011-11-19,2.2
2011-11-20,2.2
2011-11-21,2.3
2011-11-22,2.3
2011-11-23,2.3
2011-11-24,2.4
2011-11-25,2.5
2011-11-26,2.5
2011-11-27,2.5
2011-11-28,2.5
2011-11-29,2.8
2011-11-30,3
2011-12-01,3.1
2011-12-02,3.1
2011-12-03,2.8
2011-12-04,2.8
2011-12-05,2.9
2011-12-06,3
2011-12-07,3
2011-12-08,3
2011-12-09,3
2011-12-10,3
2011-12-11,3.3
2011-12-12,3.1
2011-12-13,3.3
2011-12-14,3.2
2011-12-15,3.2
2011-12-16,3.2
2011-12-17,3.2
2011-12-18,3.2
2011-12-19,3.5
2011-12-20,4
2011-12-21,3.9
2011-12-22,3.9
2011-12-23,4
2011-12-24,3.9
2011-12-25,4.2
2011-12-26,4
2011-12-27,4.1
2011-12-28,4.2
2011-12-29,4.2
2011-12-30,4.3
2011-12-31,4.7
2012-01-01,5.3
2012-01-02,5.2
2012-01-03,4.9
2012-01-04,5.6
2012-01-05,6.9
2012-01-06,6.7
2012-01-07,6.8
2012-01-08,7.1
2012-01-09,6.3
2012-01-10,6.4
2012-01-11,6.9
2012-01-12,6.8
2012-01-13,6.4
2012-01-14,6.8
2012-01-15,7
2012-01-16,6.7
2012-01-17,5.6
2012-01-18,5.9
2012-01-19,6.4
2012-01-20,6.5
2012-01-21,6.2
2012-01-22,6.3
2012-01-23,6.4
2012-01-24,6.3
2012-01-25,5.8
2012-01-26,5.3
2012-01-27,5.3
2012-01-28,5.6
2012-01-29,5.4
2012-01-30,5.5
2012-01-31,5.5
2012-02-01,6.1
2012-02-02,6.1
2012-02-03,6
2012-02-04,5.9
2012-02-05,5.7
2012-02-06,5.4
2012-02-07,5.7
2012-02-08,5.6
2012-02-09,5.8
2012-02-10,5.9
2012-02-11,5.6
2012-02-12,5.5
2012-02-13,5.3
2012-02-14,4.5
2012-02-15,4.3
2012-02-16,4.3
2012-02-17,4.4
2012-02-18,4.2
2012-02-19,4.4
2012-02-20,4.4
2012-02-21,4.3
2012-02-22,4.4
2012-02-23,5
2012-02-24,5
2012-02-25,4.8
2012-02-26,4.9
2012-02-27,5
2012-02-28,4.9
2012-02-29,4.9
2012-03-01,4.9
2012-03-02,4.7
2012-03-03,4.6
2012-03-04,4.8
2012-03-05,5
2012-03-06,5
2012-03-07,4.9
2012-03-08,4.9
2012-03-09,4.9
2012-03-10,4.8
2012-03-11,4.9
2012-03-12,4.9
2012-03-13,5.3
2012-03-14,5.4
2012-03-15,5.3
2012-03-16,5.3
2012-03-17,5.2
2012-03-18,5.3
2012-03-19,4.7
2012-03-20,4.8
2012-03-21,4.8
2012-03-22,4.7
2012-03-23,4.7
2012-03-24,4.7
2012-03-25,4.6
2012-03-26,4.6
2012-03-27,4.8
2012-03-28,4.8
2012-03-29,4.8
2012-03-30,4.9
2012-03-31,4.9
2012-04-01,4.8
2012-04-02,5
2012-04-03,4.9
2012-04-04,4.9
2012-04-05,4.9
2012-04-06,4.9
2012-04-07,4.7
2012-04-08,4.8
2012-04-09,4.9
2012-04-10,4.8
2012-04-11,4.9
2012-04-12,4.9
2012-04-13,4.9
2012-04-14,5
2012-04-15,5
2012-04-16,4.9
2012-04-17,5
2012-04-18,5.1
2012-04-19,5.1
2012-04-20,5.3
2012-04-21,5.3
2012-04-22,5.2
2012-04-23,5
2012-04-24,5.1
2012-04-25,5.1
2012-04-26,5.1
2012-04-27,5.1
2012-04-28,5
2012-04-29,4.9
2012-04-30,4.9
2012-05-01,5
2012-05-02,5.1
2012-05-03,5.1
2012-05-04,5.1
2012-05-05,5.1
2012-05-06,5.1
2012-05-07,5.1
2012-05-08,5.1
2012-05-09,5
2012-05-10,4.8
2012-05-11,5
2012-05-12,4.9
2012-05-13,4.9
2012-05-14,5
2012-05-15,5
2012-05-16,5.1
2012-05-17,5.1
2012-05-18,5.1
2012-05-19,5.1
2012-05-20,5.1
2012-05-21,5.1
2012-05-22,5.1
2012-05-23,5.1
2012-05-24,5.1
2012-05-25,5.2
2012-05-26,5.1
2012-05-27,5.1
2012-05-28,5.1
2012-05-29,5.2
2012-05-30,5.1
2012-05-31,5.2
2012-06-01,5.3
2012-06-02,5.3
2012-06-03,5.2
2012-06-04,5.3
2012-06-05,5.4
2012-06-06,5.5
2012-06-07,5.6
2012-06-08,5.6
2012-06-09,5.6
2012-06-10,5.5
2012-06-11,5.6
2012-06-12,5.7
2012-06-13,5.9
2012-06-14,5.9
2012-06-15,6.5
2012-06-16,6.4
2012-06-17,6.2
2012-06-18,6.3
2012-06-19,6.5
2012-06-20,6.7
2012-06-21,6.7
2012-06-22,6.6
2012-06-23,6.4
2012-06-24,6.3
2012-06-25,6.3
2012-06-26,6.4
2012-06-27,6.7
2012-06-28,6.6
2012-06-29,6.7
2012-06-30,6.7
2012-07-01,6.6
2012-07-02,6.8
2012-07-03,6.4
2012-07-04,6.5
2012-07-05,6.7
2012-07-06,6.7
2012-07-07,6.8
2012-07-08,6.8
2012-07-09,7
2012-07-10,7.2
2012-07-11,7.2
2012-07-12,7.8
2012-07-13,7.7
2012-07-14,7.5
2012-07-15,7.6
2012-07-16,8.5
2012-07-17,8.8
2012-07-18,9.1
2012-07-19,8.9
2012-07-20,8.5
2012-07-21,8.9
2012-07-22,8.4
2012-07-23,8.4
2012-07-24,8.6
2012-07-25,8.8
2012-07-26,8.9
2012-07-27,8.9
2012-07-28,8.9
2012-07-29,8.7
2012-07-30,9.1
2012-07-31,9.4
2012-08-01,9.6
2012-08-02,10.5
2012-08-03,11
2012-08-04,11
2012-08-05,10.9
2012-08-06,10.9
2012-08-07,11.1
2012-08-08,11.1
2012-08-09,11.1
2012-08-10,11.4
2012-08-11,11.5
2012-08-12,11.6
2012-08-13,12
2012-08-14,12.2
2012-08-15,13.3
2012-08-16,13.5
2012-08-17,11.6
2012-08-18,11.6
2012-08-19,8
2012-08-20,10.1
2012-08-21,9.9
2012-08-22,9.8
2012-08-23,10.1
2012-08-24,10.6
2012-08-25,10.5
2012-08-26,10.6
2012-08-27,10.9
2012-08-28,10.9
2012-08-29,10.9
2012-08-30,10.8
2012-08-31,10.2
2012-09-01,10
2012-09-02,10.2
2012-09-03,10.5
2012-09-04,10.4
2012-09-05,11
2012-09-06,11.2
2012-09-07,11
2012-09-08,11
2012-09-09,11
2012-09-10,11.2
2012-09-11,11.3
2012-09-12,11.4
2012-09-13,11.4
2012-09-14,11.7
2012-09-15,11.8
2012-09-16,11.9
2012-09-17,11.9
2012-09-18,12.3
2012-09-19,12.6
2012-09-20,12.3
2012-09-21,12.4
2012-09-22,12.2
2012-09-23,12.2
2012-09-24,12.1
2012-09-25,12.2
2012-09-26,12.3
2012-09-27,12.3
2012-09-28,12.4
2012-09-29,12.4
2012-09-30,12.4
2012-10-01,12.4
2012-10-02,12.8
2012-10-03,12.9
2012-10-04,12.9
2012-10-05,12.7
2012-10-06,12.5
2012-10-07,11.8
2012-10-08,11.8
2012-10-09,11.9
2012-10-10,12.1
2012-10-11,12
2012-10-12,12
2012-10-13,11.9
2012-10-14,11.7
2012-10-15,11.8
2012-10-16,11.9
2012-10-17,11.8
2012-10-18,11.9
2012-10-19,11.7
2012-10-20,11.7
2012-10-21,11.6
2012-10-22,11.7
2012-10-23,11.6
2012-10-24,11.6
2012-10-25,10.9
2012-10-26,10.2
2012-10-27,10.3
2012-10-28,10.7
2012-10-29,10.6
2012-10-30,10.9
2012-10-31,11.2
2012-11-01,10.6
2012-11-02,10.5
2012-11-03,10.6
2012-11-04,10.8
2012-11-05,10.8
2012-11-06,10.9
2012-11-07,10.9
2012-11-08,10.9
2012-11-09,10.8
2012-11-10,10.9
2012-11-11,10.9
2012-11-12,11
2012-11-13,10.9
2012-11-14,10.9
2012-11-15,11.2
2012-11-16,11.8
2012-11-17,11.8
2012-11-18,11.6
2012-11-19,11.8
2012-11-20,11.7
2012-11-21,11.8
2012-11-22,12.4
2012-11-23,12.4
2012-11-24,12.4
2012-11-25,12.5
2012-11-26,12.3
2012-11-27,12.2
2012-11-28,12.4
2012-11-29,12.4
2012-11-30,12.6
2012-12-01,12.6
2012-12-02,12.5
2012-12-03,12.7
2012-12-04,13.4
2012-12-05,13.4
2012-12-06,13.3
2012-12-07,13.5
2012-12-08,13.4
2012-12-09,13.4
2012-12-10,13.4
2012-12-11,13.6
2012-12-12,13.7
2012-12-13,13.7
2012-12-14,13.6
2012-12-15,13.5
2012-12-16,13.3
2012-12-17,13.3
2012-12-18,13.3
2012-12-19,13.6
2012-12-20,13.5
2012-12-21,13.5
2012-12-22,13.4
2012-12-23,13.3
2012-12-24,13.4
2012-12-25,13.4
2012-12-26,13.5
2012-12-27,13.4
2012-12-28,13.4
2012-12-29,13.4
2012-12-30,13.4
2012-12-31,13.5
2013-01-01,13.3
2013-01-02,13.3
2013-01-03,13.4
2013-01-04,13.5
2013-01-05,13.4
2013-01-06,13.4
2013-01-07,13.6
2013-01-08,13.7
2013-01-09,13.8
2013-01-10,14.1
2013-01-11,14.1
2013-01-12,14.2
2013-01-13,14.1
2013-01-14,14.3
2013-01-15,14.3
2013-01-16,14.7
2013-01-17,15.5
2013-01-18,15.7
2013-01-19,15.6
2013-01-20,15.7
2013-01-21,16.8
2013-01-22,17.3
2013-01-23,17.5
2013-01-24,16.9
2013-01-25,17.4
2013-01-26,17.9
2013-01-27,17.8
2013-01-28,18.7
2013-01-29,19.5
2013-01-30,19.7
2013-01-31,20.4
2013-02-01,20.5
2013-02-02,19.6
2013-02-03,20.6
2013-02-04,20.4
2013-02-05,20.6
2013-02-06,21.2
2013-02-07,22.1
2013-02-08,22.7
2013-02-09,23.6
2013-02-10,24
2013-02-11,24.6
2013-02-12,25.2
2013-02-13,24.2
2013-02-14,27.2
2013-02-15,27.1
2013-02-16,27.2
2013-02-17,26.8
2013-02-18,27
2013-02-19,29.4
2013-02-20,29.6
2013-02-21,29.8
2013-02-22,30.3
2013-02-23,29.8
2013-02-24,29.9
2013-02-25,30.4
2013-02-26,31.1
2013-02-27,30.9
2013-02-28,33.4
2013-03-01,34.5
2013-03-02,34.3
2013-03-03,34.5
2013-03-04,36.2
2013-03-05,40.3
2013-03-06,41
2013-03-07,42
2013-03-08,44.2
2013-03-09,46.8
2013-03-10,46
2013-03-11,48.4
2013-03-12,44.3
2013-03-13,46.9
2013-03-14,47.2
2013-03-15,47
2013-03-16,47
2013-03-17,47.4
2013-03-18,51.6
2013-03-19,59.1
2013-03-20,64.5
2013-03-21,70.8
2013-03-22,69.9
2013-03-23,64.3
2013-03-24,71.5
2013-03-25,73.6
2013-03-26,78.5
2013-03-27,88.9
2013-03-28,86.2
2013-03-29,90.5
2013-03-30,92.2
2013-03-31,93
2013-04-01,104
2013-04-02,118
2013-04-03,135
2013-04-04,132.1
2013-04-05,142.3
2013-04-06,142.6
2013-04-07,162.3
2013-04-08,187.5
2013-04-09,230
2013-04-10,165
2013-04-11,124.9
2013-04-12,117
2013-04-13,93
2013-04-14,90
2013-04-15,82.4
2013-04-16,68.4
2013-04-17,93.1
2013-04-18,109
2013-04-19,118.5
2013-04-20,126.6
2013-04-21,119.2
2013-04-22,127.4
2013-04-23,143.5
2013-04-24,154.2
2013-04-25,141.7
2013-04-26,136.9
2013-04-27,128
2013-04-28,134.4
2013-04-29,144
2013-04-30,139.2
2013-05-01,116.4
2013-05-02,106.3
2013-05-03,98.1
2013-05-04,112.9
2013-05-05,116
2013-05-06,112.3
2013-05-07,109.6
2013-05-08,113.2
2013-05-09,112.8
2013-05-10,117.7
2013-05-11,115.6
2013-05-12,114.8
2013-05-13,118
2013-05-14,111.4
2013-05-15,114.2
2013-05-16,118.2
2013-05-17,123.5
2013-05-18,123.2
2013-05-19,122.5
2013-05-20,122
2013-05-21,122.9
2013-05-22,123.8
2013-05-23,126.3
2013-05-24,133.1
2013-05-25,132
2013-05-26,133.5
2013-05-27,129.8
2013-05-28,129
2013-05-29,132.3
2013-05-30,128.8
2013-05-31,128.8
2013-06-01,129.3
2013-06-02,122.5
2013-06-03,120.7
2013-06-04,121.4
2013-06-05,121.9
2013-06-06,119
2013-06-07,111
2013-06-08,107.9
2013-06-09,100.4
2013-06-10,106.3
2013-06-11,109
2013-06-12,108.8
2013-06-13,103.9
2013-06-14,100
2013-06-15,99.8
2013-06-16,99.9
2013-06-17,101.9
2013-06-18,107.3
2013-06-19,108.3
2013-06-20,111.3
2013-06-21,109.5
2013-06-22,108.2
2013-06-23,107.9
2013-06-24,102.1
2013-06-25,103.3
2013-06-26,104
2013-06-27,101.7
2013-06-28,94.7
2013-06-29,95
2013-06-30,97.5
2013-07-01,88.1
2013-07-02,90.4
2013-07-03,78.9
2013-07-04,80
2013-07-05,68.5
2013-07-06,69.7
2013-07-07,76.5
2013-07-08,76
2013-07-09,76.7
2013-07-10,88
2013-07-11,89
2013-07-12,94
2013-07-13,98.3
2013-07-14,94.4
2013-07-15,98.9
2013-07-16,97.1
2013-07-17,98.5
2013-07-18,90.1
2013-07-19,92
2013-07-20,89.8
2013-07-21,92
2013-07-22,91.6
2013-07-23,95.6
2013-07-24,95.1
2013-07-25,96.9
2013-07-26,96
2013-07-27,94.4
2013-07-28,98.8
2013-07-29,101.5
2013-07-30,108
2013-07-31,106.2
2013-08-01,104
2013-08-02,104.5
2013-08-03,104.9
2013-08-04,105.1
2013-08-05,106.7
2013-08-06,106.6
2013-08-07,106
2013-08-08,103.1
2013-08-09,102.8
2013-08-10,103
2013-08-11,105
2013-08-12,106.8
2013-08-13,109.6
2013-08-14,112.6
2013-08-15,110
2013-08-16,109
2013-08-17,112.8
2013-08-18,113.4
2013-08-19,118.5
2013-08-20,121.2
2013-08-21,123.3
2013-08-22,122
2013-08-23,118.5
2013-08-24,119.6
2013-08-25,122.1
2013-08-26,120.1
2013-08-27,131.3
2013-08-28,128.8
2013-08-29,129.3
2013-08-30,138
2013-08-31,141
2013-09-01,146
2013-09-02,144
2013-09-03,144
2013-09-04,132.5
2013-09-05,130.2
2013-09-06,121.9
2013-09-07,129
2013-09-08,126.3
2013-09-09,133.1
2013-09-10,132.6
2013-09-11,142.1
2013-09-12,139.4
2013-09-13,140.7
2013-09-14,136.7
2013-09-15,138.3
2013-09-16,139.4
2013-09-17,139.1
2013-09-18,140.4
2013-09-19,135.1
2013-09-20,133.8
2013-09-21,134.4
2013-09-22,134
2013-09-23,133.4
2013-09-24,134.8
2013-09-25,135
2013-09-26,137.1
2013-09-27,138.9
2013-09-28,142.5
2013-09-29,143.9
2013-09-30,141.9
2013-10-01,140.3
2013-10-02,123
2013-10-03,131
2013-10-04,136.8
2013-10-05,136.7
2013-10-06,137.8
2013-10-07,135.8
2013-10-08,136.5
2013-10-09,139.5
2013-10-10,140.4
2013-10-11,140.1
2013-10-12,142.9
2013-10-13,147.5
2013-10-14,151.4
2013-10-15,158.1
2013-10-16,152.8
2013-10-17,157.6
2013-10-18,168.3
2013-10-19,183.1
2013-10-20,186.1
2013-10-21,192.8
2013-10-22,203
2013-10-23,228
2013-10-24,207
2013-10-25,197.9
2013-10-26,188.6
2013-10-27,206.9
2013-10-28,206.9
2013-10-29,216
2013-10-30,208
2013-10-31,211.2
2013-11-01,213.4
2013-11-02,211.7
2013-11-03,224
2013-11-04,238.2
2013-11-05,251.3
2013-11-06,264.1
2013-11-07,309.6
2013-11-08,355
2013-11-09,367.8
2013-11-10,336.3
2013-11-11,363
2013-11-12,380
2013-11-13,434.9
2013-11-14,433.4
2013-11-15,433.9
2013-11-16,462
2013-11-17,528.3
2013-11-18,785.4
2013-11-19,645.7
2013-11-20,638
2013-11-21,764.9
2013-11-22,802
2013-11-23,832.5
2013-11-24,795
2013-11-25,830
2013-11-26,970
2013-11-27,1079.9
2013-11-28,1101.4
2013-11-29,1206.9
2013-11-30,1205.7
2013-12-01,1004.4
2013-12-02,1096.6
2013-12-03,1154.9
2013-12-04,1237.6
2013-12-05,1106.3
2013-12-06,845
2013-12-07,697
2013-12-08,804
2013-12-09,919
2013-12-10,1033.7
2013-12-11,919.9
2013-12-12,900
2013-12-13,936.8
2013-12-14,908.9
2013-12-15,919.9
2013-12-16,759.9
2013-12-17,715
2013-12-18,541
2013-12-19,732
2013-12-20,650
2013-12-21,640.5
2013-12-22,639.5
2013-12-23,713.2
2013-12-24,702.8
2013-12-25,707.3
2013-12-26,802
2013-12-27,803
2013-12-28,762
2013-12-29,785
2013-12-30,804.8
2013-12-31,805.9
2014-01-01,815.9
2014-01-02,856.9
2014-01-03,884.3
2014-01-04,924.7
2014-01-05,1014.7
2014-01-06,1012.7
2014-01-07,879.9
2014-01-08,938.8
2014-01-09,937
2014-01-10,957.8
2014-01-11,1005.3
2014-01-12,939.8
2014-01-13,922.9
2014-01-14,919.3
2014-01-15,941.2
2014-01-16,913.5
2014-01-17,894.2
2014-01-18,905.7
2014-01-19,954.8
2014-01-20,956
2014-01-21,962.2
2014-01-22,951
2014-01-23,944.2
2014-01-24,916.5
2014-01-25,961
2014-01-26,1007
2014-01-27,943.5
2014-01-28,932.7
2014-01-29,925.7
2014-01-30,941.4
2014-01-31,938.8
2014-02-01,940.4
2014-02-02,953.3
2014-02-03,931.7
2014-02-04,926.6
2014-02-05,904.5
2014-02-06,828.9
2014-02-07,695.7
2014-02-08,648.8
2014-02-09,659.6
2014-02-10,582.6
2014-02-11,579
2014-02-12,531.1
2014-02-13,451.4
2014-02-14,427.7
2014-02-15,371.1
2014-02-16,299.8
2014-02-17,272.3
2014-02-18,294
2014-02-19,261.5
2014-02-20,111.9
2014-02-21,111.6
2014-02-22,255.6
2014-02-23,310.2
2014-02-24,174
2014-02-25,135.8
2014-02-26,593.1
2014-02-27,596.5
2014-02-28,573.9
2014-03-01,557.4
2014-03-02,544.6
2014-03-03,662.2
2014-03-04,661.8
2014-03-05,658.3
2014-03-06,648.3
2014-03-07,616.7
2014-03-08,609.2
2014-03-09,627
2014-03-10,613
2014-03-11,608.7
2014-03-12,619.4
2014-03-13,625
2014-03-14,614
2014-03-15,624
2014-03-16,619.1
2014-03-17,606.4
2014-03-18,598.9
2014-03-19,595
2014-03-20,566
2014-03-21,549.6
2014-03-22,564.3
2014-03-23,551.2
2014-03-24,567.6
2014-03-25,562.9
2014-03-26,562.5
2014-03-27,460.5
2014-03-28,482.6
2014-03-29,477.1
2014-03-30,446.9
2014-03-31,444.7
2014-04-01,463.5
2014-04-02,424.4
2014-04-03,436.3
2014-04-04,444.4
2014-04-05,456.6
2014-04-06,455.7
2014-04-07,462.4
2014-04-08,466.6
2014-04-09,457.3
2014-04-10,384.6
2014-04-11,435.1
2014-04-12,437.6
2014-04-13,427.6
2014-04-14,478.4
2014-04-15,526.4
2014-04-16,537
2014-04-17,502
2014-04-18,485.5
2014-04-19,506
2014-04-20,498.5
2014-04-21,495.2
2014-04-22,487.9
2014-04-23,487.3
2014-04-24,500.3
2014-04-25,464.5
2014-04-26,457.9
2014-04-27,443.2
2014-04-28,441.9
2014-04-29,446.1
2014-04-30,445.6
2014-05-01,460.1
2014-05-02,453.7
2014-05-03,438.6
2014-05-04,436
2014-05-05,430.9
2014-05-06,432.2
2014-05-07,446.5
2014-05-08,441.1
2014-05-09,445.5
2014-05-10,451.9
2014-05-11,433.2
2014-05-12,438.2
2014-05-13,433.9
2014-05-14,442.6
2014-05-15,448.1
2014-05-16,453.6
2014-05-17,452.8
2014-05-18,450.1
2014-05-19,443.9
2014-05-20,484.6
2014-05-21,488.8
2014-05-22,515.4
2014-05-23,518.1
2014-05-24,520.5
2014-05-25,570.4
2014-05-26,582
2014-05-27,570.1
2014-05-28,570.8
2014-05-29,564.4
2014-05-30,612.3
2014-05-31,627.9
2014-06-01,649.8
2014-06-02,655.5
2014-06-03,669.4
2014-06-04,638.9
2014-06-05,660.2
2014-06-06,650.4
2014-06-07,651.7
2014-06-08,651
2014-06-09,644.3
2014-06-10,655.6
2014-06-11,643
2014-06-12,597.1
2014-06-13,610.3
2014-06-14,583.4
2014-06-15,582.3
2014-06-16,599.1
2014-06-17,605.1
2014-06-18,606.2
2014-06-19,600.2
2014-06-20,590.8
2014-06-21,597
2014-06-22,603.6
2014-06-23,591.2
2014-06-24,588.8
2014-06-25,568.5
2014-06-26,582.7
2014-06-27,602.2
2014-06-28,597.6
2014-06-29,601.1
2014-06-30,635.1
2014-07-01,643.2
2014-07-02,645.7
2014-07-03,638
2014-07-04,624
2014-07-05,623
2014-07-06,626.7
2014-07-07,613.6
2014-07-08,615.3
2014-07-09,623
2014-07-10,618.4
2014-07-11,632.9
2014-07-12,635.9
2014-07-13,628
2014-07-14,618.3
2014-07-15,619.6
2014-07-16,614.8
2014-07-17,626.6
2014-07-18,627.5
2014-07-19,627
2014-07-20,621
2014-07-21,625.1
2014-07-22,622.5
2014-07-23,621.7
2014-07-24,601.9
2014-07-25,600.5
2014-07-26,596
2014-07-27,595
2014-07-28,587.9
2014-07-29,585.8
2014-07-30,564.6
2014-07-31,589.5
2014-08-01,598.8
2014-08-02,591.7
2014-08-03,588.9
2014-08-04,592.8
2014-08-05,588.8
2014-08-06,589.8
2014-08-07,592.8
2014-08-08,595.8
2014-08-09,589.5
2014-08-10,592.1
2014-08-11,575.9
2014-08-12,567.7
2014-08-13,542.1
2014-08-14,504.8
2014-08-15,496.5
2014-08-16,522
2014-08-17,485.5
2014-08-18,462.2
2014-08-19,485.1
2014-08-20,516.8
2014-08-21,517.9
2014-08-22,516.1
2014-08-23,497.7
2014-08-24,509.7
2014-08-25,502.9
2014-08-26,512.6
2014-08-27,515.2
2014-08-28,510.8
2014-08-29,512.6
2014-08-30,506
2014-08-31,481.8
2014-09-01,477.2
2014-09-02,478.9
2014-09-03,480
2014-09-04,491
2014-09-05,483.6
2014-09-06,484.5
2014-09-07,485.8
2014-09-08,475.7
2014-09-09,474.9
2014-09-10,479.7
2014-09-11,478.5
2014-09-12,477.7
2014-09-13,478.2
2014-09-14,477.7
2014-09-15,477.7
2014-09-16,466.8
2014-09-17,461.1
2014-09-18,424.3
2014-09-19,397.7
2014-09-20,411.5
2014-09-21,401.6
2014-09-22,404.1
2014-09-23,436.9
2014-09-24,423.8
2014-09-25,412.3
2014-09-26,404.5
2014-09-27,399
2014-09-28,379.1
2014-09-29,376.8
2014-09-30,388.2
2014-10-01,382.8
2014-10-02,375.1
2014-10-03,363.5
2014-10-04,335.3
2014-10-05,322.9
2014-10-06,331.5
2014-10-07,331.6
2014-10-08,350.9
2014-10-09,360.9
2014-10-10,361.7
2014-10-11,361.2
2014-10-12,373.2
2014-10-13,387.3
2014-10-14,397.1
2014-10-15,393.2
2014-10-16,379.8
2014-10-17,380.5
2014-10-18,390.9
2014-10-19,387.3
2014-10-20,380.4
2014-10-21,382.4
2014-10-22,378.9
2014-10-23,355.8
2014-10-24,355.1
2014-10-25,346.7
2014-10-26,348.7
2014-10-27,350.1
2014-10-28,351.1
2014-10-29,335.1
2014-10-30,344.9
2014-10-31,337.9
2014-11-01,325.4
2014-11-02,322.5
2014-11-03,324.2
2014-11-04,328
2014-11-05,338
2014-11-06,347.7
2014-11-07,341.9
2014-11-08,343.5
2014-11-09,362
2014-11-10,367.1
2014-11-11,365.4
2014-11-12,432
2014-11-13,428.7
2014-11-14,396.5
2014-11-15,374.9
2014-11-16,385.6
2014-11-17,384.7
2014-11-18,379.2
2014-11-19,381.4
2014-11-20,357.3
2014-11-21,351.8
2014-11-22,352
2014-11-23,365.9
2014-11-24,378.9
2014-11-25,376.4
2014-11-26,365.4
2014-11-27,368.8
2014-11-28,377.6
2014-11-29,376.3
2014-11-30,374.9
2014-12-01,378.6
2014-12-02,380.6
2014-12-03,377
2014-12-04,369.8
2014-12-05,377.6
2014-12-06,376.3
2014-12-07,376.5
2014-12-08,365
2014-12-09,352.2
2014-12-10,347.9
2014-12-11,347.7
2014-12-12,353.4
2014-12-13,348.2
2014-12-14,349.4
2014-12-15,345.4
2014-12-16,330.2
2014-12-17,320
2014-12-18,310.3
2014-12-19,317.8
2014-12-20,330.4
2014-12-21,322.6
2014-12-22,330.8
2014-12-23,335.3
2014-12-24,322.4
2014-12-25,319
2014-12-26,330
2014-12-27,315.3
2014-12-28,316.5
2014-12-29,314.1
2014-12-30,311.3
2014-12-31,318.2
2015-01-01,314.9
2015-01-02,315.2
2015-01-03,287.1
2015-01-04,264.7
2015-01-05,274.8
2015-01-06,282.3
2015-01-07,291.3
2015-01-08,282.7
2015-01-09,288
2015-01-10,273.4
2015-01-11,264.8
2015-01-12,269.3
2015-01-13,221.3
2015-01-14,164.9
2015-01-15,209.8
2015-01-16,206.9
2015-01-17,199.6
2015-01-18,210.6
2015-01-19,215.9
2015-01-20,210.6
2015-01-21,228.2
2015-01-22,232.7
2015-01-23,232.2
2015-01-24,248.2
2015-01-25,252.1
2015-01-26,269.2
2015-01-27,263.3
2015-01-28,236.2
2015-01-29,234
2015-01-30,231.8
2015-01-31,218.5
2015-02-01,225.3
2015-02-02,238.9
2015-02-03,227.4
2015-02-04,226.6
2015-02-05,216.5
2015-02-06,223
2015-02-07,227.7
2015-02-08,223.7
2015-02-09,220.3
2015-02-10,219.7
2015-02-11,218.8
2015-02-12,221.8
2015-02-13,236.2
2015-02-14,258.6
2015-02-15,233.3
2015-02-16,235.8
2015-02-17,243.2
2015-02-18,235.2
2015-02-19,241.9
2015-02-20,244.5
2015-02-21,244.4
2015-02-22,235.7
2015-02-23,238.8
2015-02-24,238.9
2015-02-25,237.3
2015-02-26,236.5
2015-02-27,253.5
2015-02-28,254.1
2015-03-01,257.9
2015-03-02,273.8
2015-03-03,280.6
2015-03-04,271.9
2015-03-05,275.2
2015-03-06,272.6
2015-03-07,274.9
2015-03-08,274.5
2015-03-09,290
2015-03-10,291.4
2015-03-11,295.6
2015-03-12,293.9
2015-03-13,287.2
2015-03-14,281.6
2015-03-15,284.9
2015-03-16,290.4
2015-03-17,285.4
2015-03-18,255.9
2015-03-19,260.9
2015-03-20,261.8
2015-03-21,259.7
2015-03-22,268.6
2015-03-23,265.5
2015-03-24,246.7
2015-03-25,246.4
2015-03-26,248
2015-03-27,247.2
2015-03-28,252
2015-03-29,242.1
2015-03-30,246.8
2015-03-31,244.1
2015-04-01,246.2
2015-04-02,252.6
2015-04-03,254.5
2015-04-04,252.9
2015-04-05,259.6
2015-04-06,255
2015-04-07,253
2015-04-08,244.6
2015-04-09,243.3
2015-04-10,234.7
2015-04-11,236.5
2015-04-12,235.9
2015-04-13,223.6
2015-04-14,218
2015-04-15,223
2015-04-16,228
2015-04-17,222.6
2015-04-18,223.4
2015-04-19,223
2015-04-20,224.2
2015-04-21,233.7
2015-04-22,233.8
2015-04-23,235.4
2015-04-24,231.1
2015-04-25,226.1
2015-04-26,218.7
2015-04-27,229
2015-04-28,225.8
2015-04-29,225.4
2015-04-30,235.8
2015-05-01,233.2
2015-05-02,235.3
2015-05-03,240
2015-05-04,239
2015-05-05,235.8
2015-05-06,230
2015-05-07,237.7
2015-05-08,243.7
2015-05-09,241.4
2015-05-10,240
2015-05-11,241.8
2015-05-12,241.6
2015-05-13,236.4
2015-05-14,236.9
2015-05-15,237.2
2015-05-16,236.2
2015-05-17,236.3
2015-05-18,232.6
2015-05-19,232
2015-05-20,234
2015-05-21,235.4
2015-05-22,240.4
2015-05-23,238.9
2015-05-24,241
2015-05-25,237.4
2015-05-26,237.8
2015-05-27,237.3
2015-05-28,237.3
2015-05-29,237
2015-05-30,233.2
2015-05-31,229.8
2015-06-01,223.1
2015-06-02,225.7
2015-06-03,225.6
2015-06-04,224.2
2015-06-05,225.3
2015-06-06,224.7
2015-06-07,223.5
2015-06-08,228.6
2015-06-09,229.6
2015-06-10,228.8
2015-06-11,229.9
2015-06-12,230.5
2015-06-13,232.5
2015-06-14,233.8
2015-06-15,237
2015-06-16,249.8
2015-06-17,247.4
2015-06-18,248.4
2015-06-19,244.1
2015-06-20,245
2015-06-21,244.1
2015-06-22,247.5
2015-06-23,243.8
2015-06-24,240.6
2015-06-25,242.6
2015-06-26,242.9
2015-06-27,250.7
2015-06-28,248.9
2015-06-29,257
2015-06-30,264.1
2015-07-01,257.6
2015-07-02,254.9
2015-07-03,255.4
2015-07-04,260.5
2015-07-05,270.1
2015-07-06,269.1
2015-07-07,266.2
2015-07-08,268.6
2015-07-09,269.1
2015-07-10,283.6
2015-07-11,292
2015-07-12,310.4
2015-07-13,290.4
2015-07-14,287
2015-07-15,283.4
2015-07-16,276.6
2015-07-17,279.6
2015-07-18,274
2015-07-19,273.2
2015-07-20,277.7
2015-07-21,275.1
2015-07-22,276.5
2015-07-23,275.5
2015-07-24,288.4
2015-07-25,288.7
2015-07-26,291.8
2015-07-27,293
2015-07-28,293.7
2015-07-29,288.4
2015-07-30,287
2015-07-31,283.7
2015-08-01,280.5
2015-08-02,281.4
2015-08-03,281.6
2015-08-04,284.3
2015-08-05,281.7
2015-08-06,278
2015-08-07,277.9
2015-08-08,258.6
2015-08-09,263.9
2015-08-10,263.3
2015-08-11,269
2015-08-12,267.7
2015-08-13,263.4
2015-08-14,265
2015-08-15,260.5
2015-08-16,257.1
2015-08-17,257.1
2015-08-18,246.7
2015-08-19,226
2015-08-20,234.7
2015-08-21,232.4
2015-08-22,229.5
2015-08-23,226.8
2015-08-24,211.4
2015-08-25,220.5
2015-08-26,225
2015-08-27,222.7
2015-08-28,231.6
2015-08-29,228.5
2015-08-30,228.4
2015-08-31,229.5
2015-09-01,227.2
2015-09-02,228.6
2015-09-03,226.2
2015-09-04,230.3
2015-09-05,233.7
2015-09-06,239.9
2015-09-07,239.6
2015-09-08,243.2
2015-09-09,237.4
2015-09-10,238.1
2015-09-11,239.9
2015-09-12,235.6
2015-09-13,230.2
2015-09-14,229.9
2015-09-15,229.5
2015-09-16,228.6
2015-09-17,232.7
2015-09-18,232.2
2015-09-19,231.1
2015-09-20,231.1
2015-09-21,226.3
2015-09-22,230
2015-09-23,229.9
2015-09-24,233.8
2015-09-25,235
2015-09-26,234.3
2015-09-27,232.5
2015-09-28,238.9
2015-09-29,236.7
2015-09-30,235.9
2015-10-01,237.1
2015-10-02,236.7
2015-10-03,238.6
2015-10-04,238.3
2015-10-05,240.1
2015-10-06,246.1
2015-10-07,243
2015-10-08,242.6
2015-10-09,244
2015-10-10,245.4
2015-10-11,247.6
2015-10-12,245.4
2015-10-13,248.8
2015-10-14,252.3
2015-10-15,254.4
2015-10-16,262.9
2015-10-17,269.6
2015-10-18,261.7
2015-10-19,263.8
2015-10-20,269.8
2015-10-21,267.1
2015-10-22,274.4
2015-10-23,276.9
2015-10-24,282.6
2015-10-25,287.9
2015-10-26,285.1
2015-10-27,294.7
2015-10-28,303.5
2015-10-29,313.6
2015-10-30,327.1
2015-10-31,311.2
2015-11-01,323
2015-11-02,359.3
2015-11-03,396.5
2015-11-04,400.9
2015-11-05,382.7
2015-11-06,369.8
2015-11-07,385.1
2015-11-08,371.6
2015-11-09,380.2
2015-11-10,336.7
2015-11-11,304.7
2015-11-12,333.9
2015-11-13,333.8
2015-11-14,331.8
2015-11-15,317.5
2015-11-16,330.2
2015-11-17,333.9
2015-11-18,335.9
2015-11-19,325
2015-11-20,321.1
2015-11-21,324.7
2015-11-22,322.8
2015-11-23,322.1
2015-11-24,318.4
2015-11-25,327.5
2015-11-26,353.7
2015-11-27,359.5
2015-11-28,355.8
2015-11-29,370.8
2015-11-30,378
2015-12-01,361.8
2015-12-02,360
2015-12-03,360.3
2015-12-04,361.7
2015-12-05,386.7
2015-12-06,393.4
2015-12-07,394.3
2015-12-08,410.7
2015-12-09,416
2015-12-10,415.5
2015-12-11,449.8
2015-12-12,432.3
2015-12-13,434.7
2015-12-14,442
2015-12-15,462.6
2015-12-16,454
2015-12-17,455.5
2015-12-18,463.2
2015-12-19,461.2
2015-12-20,441.8
2015-12-21,437.6
2015-12-22,437
2015-12-23,442.4
2015-12-24,453
2015-12-25,454
2015-12-26,415.4
2015-12-27,422.4
2015-12-28,421.8
2015-12-29,431.9
2015-12-30,427.1
2015-12-31,430
2016-01-01,434
2016-01-02,433.7
2016-01-03,430.7
2016-01-04,433.3
2016-01-05,431.2
2016-01-06,430.8
2016-01-07,457
2016-01-08,452.9
2016-01-09,448.3
2016-01-10,446.2
2016-01-11,447.7
2016-01-12,445
2016-01-13,432.2
2016-01-14,429.1
2016-01-15,372.3
2016-01-16,385
2016-01-17,382.5
2016-01-18,384.4
2016-01-19,379.5
2016-01-20,414.6
2016-01-21,410.2
2016-01-22,382.6
2016-01-23,388.6
2016-01-24,402.1
2016-01-25,392.8
2016-01-26,389.8
2016-01-27,395
2016-01-28,379.7
2016-01-29,380.3
2016-01-30,377.8
2016-01-31,369.8
2016-02-01,372.2
2016-02-02,373.9
2016-02-03,368
2016-02-04,390.6
2016-02-05,386.5
2016-02-06,376.7
2016-02-07,377.9
2016-02-08,372.6
2016-02-09,375.3
2016-02-10,381.9
2016-02-11,379.5
2016-02-12,384
2016-02-13,390.1
2016-02-14,405.5
2016-02-15,401.1
2016-02-16,406.4
2016-02-17,417.1
2016-02-18,421.4
2016-02-19,420
2016-02-20,440.1
2016-02-21,437.9
2016-02-22,437.8
2016-02-23,419.9
2016-02-24,422.7
2016-02-25,423.5
2016-02-26,427.3
2016-02-27,431.3
2016-02-28,432.5
2016-02-29,436.2
2016-03-01,434
2016-03-02,425.4
2016-03-03,419.6
2016-03-04,409.5
2016-03-05,399
2016-03-06,406
2016-03-07,414.9
2016-03-08,411.9
2016-03-09,412.8
2016-03-10,415.8
2016-03-11,419.1
2016-03-12,410.4
2016-03-13,412.4
2016-03-14,414.3
2016-03-15,415.1
2016-03-16,415.9
2016-03-17,418.2
2016-03-18,408.2
2016-03-19,408.7
2016-03-20,411.5
2016-03-21,411.1
2016-03-22,416.2
2016-03-23,417
2016-03-24,414.7
2016-03-25,415.7
2016-03-26,416.5
2016-03-27,424.6
2016-03-28,422.2
2016-03-29,415
2016-03-30,412.4
2016-03-31,415.7
2016-04-01,415.6
2016-04-02,418.5
2016-04-03,419.1
2016-04-04,419.3
2016-04-05,422.1
2016-04-06,421.3
2016-04-07,420.1
2016-04-08,417.7
2016-04-09,418
2016-04-10,420.3
2016-04-11,421.4
2016-04-12,424.7
2016-04-13,423.5
2016-04-14,424
2016-04-15,428.7
2016-04-16,430
2016-04-17,426.3
2016-04-18,427.7
2016-04-19,434.9
2016-04-20,441.2
2016-04-21,449.3
2016-04-22,445.3
2016-04-23,450.1
2016-04-24,457.6
2016-04-25,461.7
2016-04-26,466
2016-04-27,447
2016-04-28,448.5
2016-04-29,455
2016-04-30,448.5
2016-05-01,452.2
2016-05-02,444.2
2016-05-03,450.3
2016-05-04,445.8
2016-05-05,448.1
2016-05-06,459.6
2016-05-07,458.5
2016-05-08,457.9
2016-05-09,460.4
2016-05-10,449.4
2016-05-11,452.5
2016-05-12,454.4
2016-05-13,455.4
2016-05-14,456.4
2016-05-15,458.1
2016-05-16,454.9
2016-05-17,453.3
2016-05-18,454.2
2016-05-19,442.7
2016-05-20,442.1
2016-05-21,443.6
2016-05-22,439.6
2016-05-23,443.7
2016-05-24,446.1
2016-05-25,449.8
2016-05-26,453.3
2016-05-27,474
2016-05-28,524.2
2016-05-29,516
2016-05-30,532.3
2016-05-31,528.9
2016-06-01,537.4
2016-06-02,537.1
2016-06-03,567
2016-06-04,572
2016-06-05,574.9
2016-06-06,583.6
2016-06-07,575.6
2016-06-08,580.5
2016-06-09,574.7
2016-06-10,577.9
2016-06-11,591.6
2016-06-12,666.5
2016-06-13,700.1
2016-06-14,685.1
2016-06-15,690.8
2016-06-16,761.2
2016-06-17,743.9
2016-06-18,753.8
2016-06-19,761
2016-06-20,734
2016-06-21,667.4
2016-06-22,590.6
2016-06-23,620.8
2016-06-24,656.9
2016-06-25,663.5
2016-06-26,625.4
2016-06-27,644.7
2016-06-28,644.9
2016-06-29,636.5
2016-06-30,670
2016-07-01,674.6
2016-07-02,698.1
2016-07-03,661.6
2016-07-04,675.2
2016-07-05,663.7
2016-07-06,672.7
2016-07-07,635.3
2016-07-08,662.8
2016-07-09,651.8
2016-07-10,647.1
2016-07-11,646.7
2016-07-12,670.6
2016-07-13,661.2
2016-07-14,657.3
2016-07-15,664.2
2016-07-16,660.7
2016-07-17,676.3
2016-07-18,670.4
2016-07-19,671.1
2016-07-20,664.4
2016-07-21,664.6
2016-07-22,651.1
2016-07-23,655.2
2016-07-24,659.3
2016-07-25,654
2016-07-26,654.4
2016-07-27,654.5
2016-07-28,654.1
2016-07-29,655.4
2016-07-30,654.7
2016-07-31,621.9
2016-08-01,607
2016-08-02,513.4
2016-08-03,566.4
2016-08-04,576.2
2016-08-05,574.7
2016-08-06,586.5
2016-08-07,590.8
2016-08-08,589.2
2016-08-09,585.3
2016-08-10,590.9
2016-08-11,587.8
2016-08-12,587.1
2016-08-13,584.6
2016-08-14,569.1
2016-08-15,567
2016-08-16,580.2
2016-08-17,572.3
2016-08-18,573.4
2016-08-19,574.6
2016-08-20,582.6
2016-08-21,580.7
2016-08-22,587.5
2016-08-23,583.6
2016-08-24,579.7
2016-08-25,578
2016-08-26,579.4
2016-08-27,570.3
2016-08-28,575
2016-08-29,574.2
2016-08-30,577.3
2016-08-31,573.9
2016-09-01,572
2016-09-02,575.3
2016-09-03,598.8
2016-09-04,609.5
2016-09-05,605.8
2016-09-06,610.4
2016-09-07,613.2
2016-09-08,625.6
2016-09-09,623.2
2016-09-10,624.5
2016-09-11,605.6
2016-09-12,608
2016-09-13,608.6
2016-09-14,609.5
2016-09-15,608.1
2016-09-16,607.8
2016-09-17,607.1
2016-09-18,610.7
2016-09-19,609.8
2016-09-20,609.2
2016-09-21,597.2
2016-09-22,595.6
2016-09-23,602.9
2016-09-24,602.6
2016-09-25,601.5
2016-09-26,606.5
2016-09-27,605.5
2016-09-28,604.7
2016-09-29,604.7
2016-09-30,608.1
2016-10-01,613.4
2016-10-02,610.7
2016-10-03,611.6
2016-10-04,609
2016-10-05,611.8
2016-10-06,611
2016-10-07,616
2016-10-08,617.7
2016-10-09,615.8
2016-10-10,617.3
2016-10-11,640.5
2016-10-12,636
2016-10-13,635.6
2016-10-14,637.9
2016-10-15,637
2016-10-16,640.1
2016-10-17,637.4
2016-10-18,635.3
2016-10-19,629.1
2016-10-20,628.3
2016-10-21,630.5
2016-10-22,655.5
2016-10-23,653
2016-10-24,650.5
2016-10-25,651
2016-10-26,674.7
2016-10-27,682.3
2016-10-28,686.2
2016-10-29,715
2016-10-30,697.3
2016-10-31,698.7
2016-11-01,726.8
2016-11-02,733.5
2016-11-03,684.9
2016-11-04,702.1
2016-11-05,702.1
2016-11-06,709.9
2016-11-07,705.4
2016-11-08,710.9
2016-11-09,721.4
2016-11-10,714.6
2016-11-11,715
2016-11-12,704.3
2016-11-13,702
2016-11-14,704.6
2016-11-15,711.1
2016-11-16,740.3
2016-11-17,737.5
2016-11-18,747
2016-11-19,747.9
2016-11-20,728.5
2016-11-21,736.2
2016-11-22,749.3
2016-11-23,741.1
2016-11-24,735.3
2016-11-25,740.4
2016-11-26,734.1
2016-11-27,729.4
2016-11-28,733.3
2016-11-29,732.6
2016-11-30,742.5
2016-12-01,752.6
2016-12-02,770.9
2016-12-03,764.2
2016-12-04,766.4
2016-12-05,754.3
2016-12-06,758.2
2016-12-07,765.6
2016-12-08,768.5
2016-12-09,770.5
2016-12-10,774
2016-12-11,767.9
2016-12-12,778.5
2016-12-13,778.7
2016-12-14,776.5
2016-12-15,775.2
2016-12-16,782
2016-12-17,787.2
2016-12-18,789
2016-12-19,789.8
2016-12-20,799.1
2016-12-21,829.2
2016-12-22,860.2
2016-12-23,917.2
2016-12-24,891.1
2016-12-25,891.1
2016-12-26,898.4
2016-12-27,925.8
2016-12-28,972.2
2016-12-29,971.1
2016-12-30,959
2016-12-31,963.4
2017-01-01,995.4
2017-01-02,1017
2017-01-03,1033.3
2017-01-04,1135.4
2017-01-05,989.3
2017-01-06,886.2
2017-01-07,888.9
2017-01-08,900.9
2017-01-09,899.8
2017-01-10,904.4
2017-01-11,785.4
2017-01-12,810.1
2017-01-13,824.8
2017-01-14,819.6
2017-01-15,821.2
2017-01-16,827.3
2017-01-17,899.7
2017-01-18,872
2017-01-19,895.2
2017-01-20,892.9
2017-01-21,919.8
2017-01-22,918.8
2017-01-23,921.5
2017-01-24,893.8
2017-01-25,894.4
2017-01-26,915.6
2017-01-27,918
2017-01-28,918.5
2017-01-29,914.5
2017-01-30,920.7
2017-01-31,965.5
2017-02-01,982.4
2017-02-02,1004
2017-02-03,1013
2017-02-04,1031.8
2017-02-05,1016.1
2017-02-06,1024.7
2017-02-07,1049.6
2017-02-08,1055.5
2017-02-09,979
2017-02-10,997.6
2017-02-11,1008.3
2017-02-12,996.5
2017-02-13,995.4
2017-02-14,1008.3
2017-02-15,1008.2
2017-02-16,1031.9
2017-02-17,1049.4
2017-02-18,1052.3
2017-02-19,1048.9
2017-02-20,1077.6
2017-02-21,1119
2017-02-22,1120.5
2017-02-23,1171.9
2017-02-24,1176.5
2017-02-25,1149.1
2017-02-26,1171.6
2017-02-27,1188.8
2017-02-28,1189.3
2017-03-01,1222.7
2017-03-02,1255.5
2017-03-03,1283.3
2017-03-04,1264.3
2017-03-05,1271.2
2017-03-06,1277
2017-03-07,1232.7
2017-03-08,1147
2017-03-09,1191.3
2017-03-10,1112.4
2017-03-11,1179.2
2017-03-12,1225.1
2017-03-13,1238.2
2017-03-14,1243.1
2017-03-15,1253.4
2017-03-16,1172.9
2017-03-17,1071.7
2017-03-18,971.4
2017-03-19,1022.6
2017-03-20,1047.5
2017-03-21,1121.3
2017-03-22,1044.7
2017-03-23,1035
2017-03-24,939.7
2017-03-25,966.3
2017-03-26,969.4
2017-03-27,1045.1
2017-03-28,1044.4
2017-03-29,1041.9
2017-03-30,1037.9
2017-03-31,1079.1
2017-04-01,1086.1
2017-04-02,1097.4
2017-04-03,1147.6
2017-04-04,1141.8
2017-04-05,1129.9
2017-04-06,1188.7
2017-04-07,1190.5
2017-04-08,1180.8
2017-04-09,1204.3
2017-04-10,1206.7
2017-04-11,1220.7
2017-04-12,1212.5
2017-04-13,1176.2
2017-04-14,1177.3
2017-04-15,1177
2017-04-16,1176.8
2017-04-17,1194
2017-04-18,1206.1
2017-04-19,1215.2
2017-04-20,1238.1
2017-04-21,1249.6
2017-04-22,1240.9
2017-04-23,1249.1
2017-04-24,1248.2
2017-04-25,1264.3
2017-04-26,1286.6
2017-04-27,1332.9
2017-04-28,1329.6
2017-04-29,1336.3
2017-04-30,1351.9
2017-05-01,1415.8
2017-05-02,1445.9
2017-05-03,1485.6
2017-05-04,1516.8
2017-05-05,1507.8
2017-05-06,1545.3
2017-05-07,1554.4
2017-05-08,1664.5
2017-05-09,1697.5
2017-05-10,1752.3
2017-05-11,1819.3
2017-05-12,1686.4
2017-05-13,1763.7
2017-05-14,1772.6
2017-05-15,1708.9
2017-05-16,1729.3
2017-05-17,1801.3
2017-05-18,1881
2017-05-19,1962
2017-05-20,2040.2
2017-05-21,2044.2
2017-05-22,2124.4
2017-05-23,2272.6
2017-05-24,2445.3
2017-05-25,2307.2
2017-05-26,2244.9
2017-05-27,2052.4
2017-05-28,2189
2017-05-29,2278.2
2017-05-30,2192.6
2017-05-31,2303.3
2017-06-01,2412.6
2017-06-02,2492.6
2017-06-03,2545.4
2017-06-04,2524.1
2017-06-05,2705
2017-06-06,2870.5
2017-06-07,2691.5
2017-06-08,2798.8
2017-06-09,2811.4
2017-06-10,2900.3
2017-06-11,2973.4
2017-06-12,2656.8
2017-06-13,2713
2017-06-14,2467.3
2017-06-15,2442.5
2017-06-16,2508.6
2017-06-17,2655.1
2017-06-18,2539.6
2017-06-19,2616.8
2017-06-20,2754.4
2017-06-21,2677.6
2017-06-22,2722.8
2017-06-23,2710.4
2017-06-24,2590.1
2017-06-25,2541.6
2017-06-26,2446.1
2017-06-27,2583.8
2017-06-28,2577.7
2017-06-29,2558.4
2017-06-30,2480.6
2017-07-01,2424.6
2017-07-02,2536.5
2017-07-03,2572.5
2017-07-04,2617.3
2017-07-05,2627.9
2017-07-06,2614.2
2017-07-07,2513.9
2017-07-08,2564.9
2017-07-09,2511.4
2017-07-10,2344
2017-07-11,2324.3
2017-07-12,2403.1
2017-07-13,2362.4
2017-07-14,2234.2
2017-07-15,1975.1
2017-07-16,1914.1
2017-07-17,2233.4
2017-07-18,2320.2
2017-07-19,2282.6
2017-07-20,2866
2017-07-21,2675.1
2017-07-22,2836.5
2017-07-23,2756.6
2017-07-24,2763.4
2017-07-25,2582.6
2017-07-26,2559.2
2017-07-27,2691.9
2017-07-28,2806.8
2017-07-29,2733.5
2017-07-30,2766.5
2017-07-31,2883.3
2017-08-01,2747
2017-08-02,2720.5
2017-08-03,2810
2017-08-04,2878.5
2017-08-05,3262.8
2017-08-06,3232
2017-08-07,3401.9
2017-08-08,3429.4
2017-08-09,3348.8
2017-08-10,3425.7
2017-08-11,3654.4
2017-08-12,3871.6
2017-08-13,4062.6
2017-08-14,4327.9
2017-08-15,4161.7
2017-08-16,4387.4
2017-08-17,4285.08
2017-08-18,4108.37
2017-08-19,4139.98
2017-08-20,4086.29
2017-08-21,4016
2017-08-22,4040
2017-08-23,4114.01
2017-08-24,4316.01
2017-08-25,4280.68
2017-08-26,4337.44
2017-08-27,4310.01
2017-08-28,4386.69
2017-08-29,4587.48
2017-08-30,4555.14
2017-08-31,4724.89
2017-09-01,4834.91
2017-09-02,4472.14
2017-09-03,4509.08
2017-09-04,4100.11
2017-09-05,4366.47
2017-09-06,4619.77
2017-09-07,4691.61
2017-09-08,4282.8
2017-09-09,4258.81
2017-09-10,4130.37
2017-09-11,4208.47
2017-09-12,4163.72
2017-09-13,3944.69
2017-09-14,3189.02
2017-09-15,3700
2017-09-16,3714.95
2017-09-17,3699.99
2017-09-18,4035.01
2017-09-19,3910.04
2017-09-20,3900
2017-09-21,3609.99
2017-09-22,3595.87
2017-09-23,3780
2017-09-24,3660.02
2017-09-25,3920.75
2017-09-26,3882.35
2017-09-27,4193
2017-09-28,4174.5
2017-09-29,4174.69
2017-09-30,4378.51
2017-10-01,4378.48
2017-10-02,4380
2017-10-03,4310
2017-10-04,4208.59
2017-10-05,4292.43
2017-10-06,4369
2017-10-07,4423
2017-10-08,4640
2017-10-09,4786.95
2017-10-10,4783.06
2017-10-11,4821.43
2017-10-12,5430
2017-10-13,5649.98
2017-10-14,5869.99
2017-10-15,5709.99
2017-10-16,5760.02
2017-10-17,5595
2017-10-18,5512.06
2017-10-19,5683.9
2017-10-20,6010.01
2017-10-21,6024.97
2017-10-22,5950.02
2017-10-23,5915.93
2017-10-24,5477.03
2017-10-25,5689.99
2017-10-26,5861.77
2017-10-27,5768.83
2017-10-28,5719.64
2017-10-29,6169.98
2017-10-30,6120.5
2017-10-31,6463
2017-11-01,6753.98
2017-11-02,7019.98
2017-11-03,7115.04
2017-11-04,7357.09
2017-11-05,7345.01
2017-11-06,6960.12
2017-11-07,7064.04
2017-11-08,7303
2017-11-09,7079.99
2017-11-10,6506.98
2017-11-11,6245.05
2017-11-12,5811.03
2017-11-13,6465.99
2017-11-14,6574.99
2017-11-15,7240.06
2017-11-16,7864.5
2017-11-17,7699.19
2017-11-18,7761.94
2017-11-19,8038
2017-11-20,8212
2017-11-21,8119.51
2017-11-22,8205.92
2017-11-23,8019.99
2017-11-24,8138
2017-11-25,8700.01
2017-11-26,9128.02
2017-11-27,9650
2017-11-28,9896.8
2017-11-29,9687.88
2017-11-30,9838.96
2017-12-01,10782.99
2017-12-02,10890.01
2017-12-03,11165.41
2017-12-04,11579
2017-12-05,11699.99
2017-12-06,13550.05
2017-12-07,16599
2017-12-08,15880
2017-12-09,14656.07
2017-12-10,14899.98
2017-12-11,16587.97
2017-12-12,16349.99
2017-12-13,16033.29
2017-12-14,16334.98
2017-12-15,17539.83
2017-12-16,19102.66
2017-12-17,18860.02
2017-12-18,18856.25
2017-12-19,17295.2
2017-12-20,16488.98
2017-12-21,15492.64
2017-12-22,13326.61
2017-12-23,13300
2017-12-24,13500
2017-12-25,13699.34
2017-12-26,15689.01
2017-12-27,15459.99
2017-12-28,14182.11
2017-12-29,14378.9
2017-12-30,12440.01
2017-12-31,13716.36
2018-01-01,13380
2018-01-02,14675.11
2018-01-03,14919.51
2018-01-04,15059.54
2018-01-05,16960.39
2018-01-06,17069.79
2018-01-07,16150.03
2018-01-08,14902.54
2018-01-09,14400
2018-01-10,14907.09
2018-01-11,13238.78
2018-01-12,13740.01
2018-01-13,14210
2018-01-14,13474.99
2018-01-15,13539.93
2018-01-16,10900
2018-01-17,10988.79
2018-01-18,10961.97
2018-01-19,11474.98
2018-01-20,12799.94
2018-01-21,11530
2018-01-22,10760.05
2018-01-23,10799.18
2018-01-24,11349.99
2018-01-25,11175.27
2018-01-26,11089
2018-01-27,11491
2018-01-28,11879.95
2018-01-29,11251
2018-01-30,10237.51
2018-01-31,10285.1
2018-02-01,9224.52
2018-02-02,8873.03
2018-02-03,9199.96
2018-02-04,8184.81
2018-02-05,6939.99
2018-02-06,7652.14
2018-02-07,7599
2018-02-08,7784.02
2018-02-09,8657.89
2018-02-10,8533.98
2018-02-11,8063.88
2018-02-12,8903
2018-02-13,8539.9
2018-02-14,9449.99
2018-02-15,10000.09
2018-02-16,10159.98
2018-02-17,11039.55
2018-02-18,10383.43
2018-02-19,11153
2018-02-20,11200.99
2018-02-21,10437.6
2018-02-22,9811.04
2018-02-23,10131.04
2018-02-24,9694.51
2018-02-25,9590
2018-02-26,10324
2018-02-27,10569.04
2018-02-28,10326.76
2018-03-01,10920
2018-03-02,11039
2018-03-03,11464.48
2018-03-04,11515
2018-03-05,11454
2018-03-06,10716.48
2018-03-07,9910
2018-03-08,9271.64
2018-03-09,9227
2018-03-10,8770.22
2018-03-11,9533.57
2018-03-12,9131.34
2018-03-13,9150
2018-03-14,8170
2018-03-15,8240.98
2018-03-16,8260
2018-03-17,7824.8
2018-03-18,8189.99
2018-03-19,8600
2018-03-20,8909.98
2018-03-21,8885
2018-03-22,8722.9
2018-03-23,8898.03
2018-03-24,8546.86
2018-03-25,8470.15
2018-03-26,8134.23
2018-03-27,7795.51
2018-03-28,7949.3
2018-03-29,7090.14
2018-03-30,6840.23
2018-03-31,6923.91
2018-04-01,6813.01
2018-04-02,7056
2018-04-03,7405.21
2018-04-04,6796.1
2018-04-05,6770.76
2018-04-06,6601.39
2018-04-07,6895.8
2018-04-08,7018
2018-04-09,6782.72
2018-04-10,6843.9
2018-04-11,6953.79
2018-04-12,7923
2018-04-13,7877.41
2018-04-14,7999.01
2018-04-15,8355
2018-04-16,8064.92
2018-04-17,7885.02
2018-04-18,8173
2018-04-19,8278
2018-04-20,8856.98
2018-04-21,8915.31
2018-04-22,8787.02
2018-04-23,8934.01
2018-04-24,9619.99
2018-04-25,8869.99
2018-04-26,9266
2018-04-27,8915.35
2018-04-28,9348
2018-04-29,9419
2018-04-30,9246.01
2018-05-01,9071.48
2018-05-02,9247.84
2018-05-03,9750
2018-05-04,9713.99
2018-05-05,9864
2018-05-06,9659.01
2018-05-07,9365
2018-05-08,9187.56
2018-05-09,9310
2018-05-10,9002.2
2018-05-11,8400
2018-05-12,8465.94
2018-05-13,8679.71
2018-05-14,8663.34
2018-05-15,8462
2018-05-16,8330
2018-05-17,8041.46
2018-05-18,8239.81
2018-05-19,8233.49
2018-05-20,8526.98
2018-05-21,8381.24
2018-05-22,7977.11
2018-05-23,7501.95
2018-05-24,7575.01
2018-05-25,7457
2018-05-26,7333.96
2018-05-27,7338.99
2018-05-28,7099
2018-05-29,7461.29
2018-05-30,7375.96
2018-05-31,7485.01
2018-06-01,7521.01
2018-06-02,7640.03
2018-06-03,7714.26
2018-06-04,7487
2018-06-05,7625
2018-06-06,7658.84
2018-06-07,7691.08
2018-06-08,7603.44
2018-06-09,7491.73
2018-06-10,6764.99
2018-06-11,6872
2018-06-12,6530
2018-06-13,6292.78
2018-06-14,6635.98
2018-06-15,6388.9
2018-06-16,6483.98
2018-06-17,6449.61
2018-06-18,6712.46
2018-06-19,6741.21
2018-06-20,6761.51
2018-06-21,6718.84
2018-06-22,6045
2018-06-23,6149.98
2018-06-24,6136.97
2018-06-25,6252
2018-06-26,6070.78
2018-06-27,6133.73
2018-06-28,5853.98
2018-06-29,6197.92
2018-06-30,6390.07
2018-07-01,6356.81
2018-07-02,6615.29
2018-07-03,6513.86
2018-07-04,6586.98
2018-07-05,6529.2
2018-07-06,6609.78
2018-07-07,6756.98
2018-07-08,6712.1
2018-07-09,6662.12
2018-07-10,6296.91
2018-07-11,6378.07
2018-07-12,6250.57
2018-07-13,6214.57
2018-07-14,6251.99
2018-07-15,6353.01
2018-07-16,6723.35
2018-07-17,7317.44
2018-07-18,7381.9
2018-07-19,7466.21
2018-07-20,7337.53
2018-07-21,7398.78
2018-07-22,7394.79
2018-07-23,7721.01
2018-07-24,8397.24
2018-07-25,8175.64
2018-07-26,7920
2018-07-27,8188.57
2018-07-28,8225.04
2018-07-29,8211
2018-07-30,8173.92
2018-07-31,7730.93
2018-08-01,7604.58
2018-08-02,7525.71
2018-08-03,7418.78
2018-08-04,7009.84
2018-08-05,7024.19
2018-08-06,6934.82
2018-08-07,6720.06
2018-08-08,6285
2018-08-09,6529.79
2018-08-10,6144.01
2018-08-11,6232.35
2018-08-12,6308.33
2018-08-13,6246.35
2018-08-14,6188.08
2018-08-15,6267.16
2018-08-16,6311.75
2018-08-17,6584.49
2018-08-18,6387.96
2018-08-19,6477.53
2018-08-20,6254.84
2018-08-21,6480
2018-08-22,6360.89
2018-08-23,6525.01
2018-08-24,6681.64
2018-08-25,6733.64
2018-08-26,6700
2018-08-27,6908.64
2018-08-28,7076.11
2018-08-29,7031.22
2018-08-30,6984.84
2018-08-31,7011.21
2018-09-01,7200.01
2018-09-02,7302.01
2018-09-03,7263.02
2018-09-04,7359.06
2018-09-05,6700
2018-09-06,6516.01
2018-09-07,6395.54
2018-09-08,6185.05
2018-09-09,6250.81
2018-09-10,6312
2018-09-11,6294.91
2018-09-12,6338.62
2018-09-13,6487.38
2018-09-14,6476.63
2018-09-15,6514.96
2018-09-16,6505
2018-09-17,6248.69
2018-09-18,6336.45
2018-09-19,6391.89
2018-09-20,6492
2018-09-21,6759.02
2018-09-22,6723.05
2018-09-23,6708
2018-09-24,6581.39
2018-09-25,6447.54
2018-09-26,6465.12
2018-09-27,6689.13
2018-09-28,6634.58
2018-09-29,6596.38
2018-09-30,6626.57
2018-10-01,6611.61
2018-10-02,6525.79
2018-10-03,6510
2018-10-04,6593.79
2018-10-05,6635.65
2018-10-06,6594.27
2018-10-07,6615.26
2018-10-08,6673.01
2018-10-09,6656.61
2018-10-10,6631
2018-10-11,6252.68
2018-10-12,6298.01
2018-10-13,6332.93
2018-10-14,6339.34
2018-10-15,6752.5
2018-10-16,6759.27
2018-10-17,6740.89
2018-10-18,6618.96
2018-10-19,6528.88
2018-10-20,6588.4
2018-10-21,6590.11
2018-10-22,6581.2
2018-10-23,6553.51
2018-10-24,6565.5
2018-10-25,6528.09
2018-10-26,6538.63
2018-10-27,6505.6
2018-10-28,6489.93
2018-10-29,6344.5
2018-10-30,6330.87
2018-10-31,6371.93
2018-11-01,6410
2018-11-02,6433.98
2018-11-03,6387.09
2018-11-04,6485.85
2018-11-05,6468.99
2018-11-06,6519.11
2018-11-07,6578.46
2018-11-08,6479.84
2018-11-09,6419.99
2018-11-10,6433.05
2018-11-11,6449.81
2018-11-12,6453.07
2018-11-13,6457.66
2018-11-14,5922.41
2018-11-15,5753.4
2018-11-16,5655.94
2018-11-17,5628.29
2018-11-18,5662
2018-11-19,4910.03
2018-11-20,4558.86
2018-11-21,4661.07
2018-11-22,4370
2018-11-23,4420.61
2018-11-24,3932.44
2018-11-25,4085.78
2018-11-26,3862.2
2018-11-27,3875.21
2018-11-28,4264.85
2018-11-29,4295.84
2018-11-30,4041.32
2018-12-01,4190.02
2018-12-02,4161.01
2018-12-03,3884.01
2018-12-04,3951.64
2018-12-05,3769.84
2018-12-06,3508.75
2018-12-07,3403.55
2018-12-08,3410.93
2018-12-09,3545.37
2018-12-10,3432.88
2018-12-11,3380.39
2018-12-12,3445
2018-12-13,3302.06
2018-12-14,3224.17
2018-12-15,3211.72
2018-12-16,3228.67
2018-12-17,3509.08
2018-12-18,3652.98
2018-12-19,3662.22
2018-12-20,4049.62
2018-12-21,3838.66
2018-12-22,3948.91
2018-12-23,3929.71
2018-12-24,4008.01
2018-12-25,3745.79
2018-12-26,3777.74
2018-12-27,3567.91
2018-12-28,3839.26
2018-12-29,3695.32
2018-12-30,3801.91
2018-12-31,3702.9
2019-01-01,3797.14
2019-01-02,3858.56
2019-01-03,3766.78
2019-01-04,3792.01
2019-01-05,3770.96
2019-01-06,3987.6
2019-01-07,3975.45
2019-01-08,3955.13
2019-01-09,3966.65
2019-01-10,3585.88
2019-01-11,3601.31
2019-01-12,3583.13
2019-01-13,3476.81
2019-01-14,3626.09
2019-01-15,3553.06
2019-01-16,3591.84
2019-01-17,3616.21
2019-01-18,3594.87
2019-01-19,3665.3
2019-01-20,3539.28
2019-01-21,3526.9
2019-01-22,3570.93
2019-01-23,3552.82
2019-01-24,3569.62
2019-01-25,3565.29
2019-01-26,3565.25
2019-01-27,3550.84
2019-01-28,3434.15
2019-01-29,3411.04
2019-01-30,3458.18
2019-01-31,3434.1
2019-02-01,3462.07
2019-02-02,3504.77
2019-02-03,3458.11
2019-02-04,3463.22
2019-02-05,3471.59
2019-02-06,3405.37
2019-02-07,3398.4
2019-02-08,3659.04
2019-02-09,3665.18
2019-02-10,3680.06
2019-02-11,3631.05
2019-02-12,3631.46
2019-02-13,3609.4
2019-02-14,3590.56
2019-02-15,3602.47
2019-02-16,3618.41
2019-02-17,3667.58
2019-02-18,3898.6
2019-02-19,3907.79
2019-02-20,3969.74
2019-02-21,3937.31
2019-02-22,3962
2019-02-23,4117.76
2019-02-24,3743.56
2019-02-25,3827.92
2019-02-26,3809.23
2019-02-27,3818.07
2019-02-28,3813.69
2019-03-01,3823
2019-03-02,3819.93
2019-03-03,3807.75
2019-03-04,3715.3
2019-03-05,3857.73
2019-03-06,3861.84
2019-03-07,3873.64
2019-03-08,3864.89
2019-03-09,3943.04
2019-03-10,3916.82
2019-03-11,3871.61
2019-03-12,3882.73
2019-03-13,3866
2019-03-14,3877.12
2019-03-15,3923.76
2019-03-16,4005.98
2019-03-17,3981.14
2019-03-18,3987.81
2019-03-19,4015.53
2019-03-20,4043.04
2019-03-21,3980.64
2019-03-22,3986.93
2019-03-23,4006.01
2019-03-24,3992.18
2019-03-25,3936.12
2019-03-26,3948.55
2019-03-27,4038.05
2019-03-28,4027.81
2019-03-29,4103.25
2019-03-30,4106.97
2019-03-31,4103.95
2019-04-01,4144.56
2019-04-02,4857.29
2019-04-03,4932.6
2019-04-04,4898.66
2019-04-05,5004.95
2019-04-06,5043.89
2019-04-07,5170.27
2019-04-08,5236.9
2019-04-09,5150
2019-04-10,5308.25
2019-04-11,5017.37
2019-04-12,5048.01
2019-04-13,5045.22
2019-04-14,5131.3
2019-04-15,5024.95
2019-04-16,5173.72
2019-04-17,5202.82
2019-04-18,5258.44
2019-04-19,5258.68
2019-04-20,5291.73
2019-04-21,5256.14
2019-04-22,5357.14
2019-04-23,5493.31
2019-04-24,5415
2019-04-25,5219.9
2019-04-26,5314.1
2019-04-27,5295.69
2019-04-28,5307.52
2019-04-29,5238.14
2019-04-30,5320.81
2019-05-01,5383.2
2019-05-02,5492.87
2019-05-03,5772.69
2019-05-04,5829.45
2019-05-05,5775.62
2019-05-06,5747.79
2019-05-07,5846.34
2019-05-08,5987.29
2019-05-09,6209.18
2019-05-10,6373.33
2019-05-11,7076.22
2019-05-12,6967.31
2019-05-13,7790.71
2019-05-14,7947.56
2019-05-15,8169.87
2019-05-16,7866.59
2019-05-17,7355.26
2019-05-18,7257.45
2019-05-19,8148.48
2019-05-20,7938.15
2019-05-21,7904.87
2019-05-22,7628.43
2019-05-23,7851.51
2019-05-24,7964.87
2019-05-25,8025.41
2019-05-26,8614.43
2019-05-27,8756.32
2019-05-28,8715.64
2019-05-29,8645.68
2019-05-30,8269.54
2019-05-31,8555
2019-06-01,8544.07
2019-06-02,8725.98
2019-06-03,8115.82
2019-06-04,7687.03
2019-06-05,7776.5
2019-06-06,7786.7
2019-06-07,7980.53
2019-06-08,7893.62
2019-06-09,7628.13
2019-06-10,7982.75
2019-06-11,7884.9
2019-06-12,8127.64
2019-06-13,8218.54
2019-06-14,8650
2019-06-15,8808.7
2019-06-16,8953.33
2019-06-17,9313.96
2019-06-18,9081.55
2019-06-19,9255.49
2019-06-20,9517.12
2019-06-21,10159.86
2019-06-22,10729.5
2019-06-23,10906.07
2019-06-24,11056.59
2019-06-25,11820.86
2019-06-26,13093.8
2019-06-27,11329.99
2019-06-28,12400.63
2019-06-29,11903.13
2019-06-30,10854.1
2019-07-01,10624.93
2019-07-02,10842.85
2019-07-03,11940
2019-07-04,11145.67
2019-07-05,10970.73
2019-07-06,11256.49
2019-07-07,11406.24
2019-07-08,12238.6
2019-07-09,12543.41
2019-07-10,12108.37
2019-07-11,11342.89
2019-07-12,11757.22
2019-07-13,11355.76
2019-07-14,10174.18
2019-07-15,10838.72
2019-07-16,9439.59
2019-07-17,9667.92
2019-07-18,10627.16
2019-07-19,10504.29
2019-07-20,10740.23
2019-07-21,10589.45
2019-07-22,10340.31
2019-07-23,9864.91
2019-07-24,9763.28
2019-07-25,9879.87
2019-07-26,9824
2019-07-27,9476.52
2019-07-28,9541.54
2019-07-29,9507.64
2019-07-30,9574.21
2019-07-31,10080.53
2019-08-01,10374.99
2019-08-02,10523.75
2019-08-03,10816.86
2019-08-04,10929.23
2019-08-05,11828.8
2019-08-06,11481.69
2019-08-07,11975.03
2019-08-08,11999.77
2019-08-09,11879.99
2019-08-10,11309.31
2019-08-11,11549.97
2019-08-12,11396.08
2019-08-13,10892.71
2019-08-14,10050.37
2019-08-15,10293.93
2019-08-16,10331.54
2019-08-17,10216.02
2019-08-18,10306.78
2019-08-19,10915.54
2019-08-20,10760.51
2019-08-21,10142.57
2019-08-22,10099.88
2019-08-23,10389.55
2019-08-24,10134.35
2019-08-25,10142.69
2019-08-26,10372.25
2019-08-27,10185.05
2019-08-28,9721
2019-08-29,9498.44
2019-08-30,9584.54
2019-08-31,9587.47
2019-09-01,9724.98
2019-09-02,10340
2019-09-03,10615.28
2019-09-04,10567.02
2019-09-05,10564.49
2019-09-06,10298.73
2019-09-07,10455.88
2019-09-08,10381.18
2019-09-09,10303.12
2019-09-10,10098.15
2019-09-11,10158.33
2019-09-12,10415.01
2019-09-13,10342.06
2019-09-14,10335.02
2019-09-15,10302.01
2019-09-16,10251.31
2019-09-17,10187.82
2019-09-18,10156.99
2019-09-19,10244.29
2019-09-20,10168.59
2019-09-21,9986.39
2019-09-22,10028.87
2019-09-23,9702.25
2019-09-24,8493.14
2019-09-25,8430.05
2019-09-26,8063.73
2019-09-27,8177.91
2019-09-28,8198.81
2019-09-29,8043.82
2019-09-30,8289.34
2019-10-01,8292.44
2019-10-02,8359.94
2019-10-03,8223.96
2019-10-04,8137.13
2019-10-05,8126.19
2019-10-06,7854.25
2019-10-07,8190.09
2019-10-08,8168.39
2019-10-09,8560.74
2019-10-10,8558.03
2019-10-11,8258.5
2019-10-12,8300.09
2019-10-13,8275.01
2019-10-14,8348.2
2019-10-15,8159.29
2019-10-16,7991.74
2019-10-17,8070.58
2019-10-18,7947.01
2019-10-19,7948.01
2019-10-20,8223.35
2019-10-21,8197.27
2019-10-22,8020
2019-10-23,7466.62
2019-10-24,7412.41
2019-10-25,8655.02
2019-10-26,9230
2019-10-27,9529.93
2019-10-28,9205.14
2019-10-29,9407.62
2019-10-30,9154.72
2019-10-31,9140.85
2019-11-01,9231.61
2019-11-02,9289.52
2019-11-03,9194.71
2019-11-04,9393.35
2019-11-05,9308.66
2019-11-06,9339.05
2019-11-07,9216.2
2019-11-08,8773.73
2019-11-09,8809.41
2019-11-10,9039.47
2019-11-11,8733.27
2019-11-12,8821.94
2019-11-13,8777.12
2019-11-14,8646.68
2019-11-15,8471.73
2019-11-16,8491.02
2019-11-17,8502.4
2019-11-18,8187.17
2019-11-19,8133.64
2019-11-20,8098.01
2019-11-21,7627.74
2019-11-22,7268.23
2019-11-23,7311.57
2019-11-24,6903.28
2019-11-25,7109.57
2019-11-26,7156.14
2019-11-27,7508.52
2019-11-28,7419.49
2019-11-29,7739.68
2019-11-30,7541.89
2019-12-01,7390.89
2019-12-02,7294.28
2019-12-03,7292.71
2019-12-04,7194.32
2019-12-05,7389
2019-12-06,7527.47
2019-12-07,7488.21
2019-12-08,7510.11
2019-12-09,7338.64
2019-12-10,7224.13
2019-12-11,7210
2019-12-12,7198.08
2019-12-13,7258.48
2019-12-14,7064.05
2019-12-15,7118.59
2019-12-16,6891.72
2019-12-17,6623.82
2019-12-18,7277.83
2019-12-19,7150.3
2019-12-20,7187.83
2019-12-21,7132.75
2019-12-22,7501.44
2019-12-23,7317.09
2019-12-24,7255.77
2019-12-25,7204.63
2019-12-26,7202
2019-12-27,7254.74
2019-12-28,7316.14
2019-12-29,7388.24
2019-12-30,7246
2019-12-31,7195.23
2020-01-01,7200.85
2020-01-02,6965.71
2020-01-03,7344.96
2020-01-04,7354.11
2020-01-05,7358.75
2020-01-06,7758
2020-01-07,8145.28
2020-01-08,8055.98
2020-01-09,7817.76
2020-01-10,8197.02
2020-01-11,8020.01
2020-01-12,8184.98
2020-01-13,8110.34
2020-01-14,8810.01
2020-01-15,8821.41
2020-01-16,8720.01
2020-01-17,8913.28
2020-01-18,8915.96
2020-01-19,8701.7
2020-01-20,8642.35
2020-01-21,8736.03
2020-01-22,8682.36
2020-01-23,8404.52
2020-01-24,8439
2020-01-25,8340.58
2020-01-26,8615
2020-01-27,8907.57
2020-01-28,9374.21
2020-01-29,9301.53
2020-01-30,9513.21
2020-01-31,9352.89
2020-02-01,9384.61
2020-02-02,9331.51
2020-02-03,9292.24
2020-02-04,9197.02
2020-02-05,9612.04
2020-02-06,9772
2020-02-07,9813.73
2020-02-08,9895.05
2020-02-09,10151.75
2020-02-10,9851.83
2020-02-11,10223.08
2020-02-12,10326.46
2020-02-13,10229.63
2020-02-14,10344.36
2020-02-15,9904.72
2020-02-16,9917.27
2020-02-17,9706
2020-02-18,10164.71
2020-02-19,9593.79
2020-02-20,9596.42
2020-02-21,9677.05
2020-02-22,9650.86
2020-02-23,9936.4
2020-02-24,9656.13
2020-02-25,9315.84
2020-02-26,8785.25
2020-02-27,8823.21
2020-02-28,8692.91
2020-02-29,8523.61
2020-03-01,8531.88
2020-03-02,8915.24
2020-03-03,8760.07
2020-03-04,8750.87
2020-03-05,9054.68
2020-03-06,9131.88
2020-03-07,8886.66
2020-03-08,8033.31
2020-03-09,7929.87
2020-03-10,7894.56
2020-03-11,7934.52
2020-03-12,4800
2020-03-13,5578.6
2020-03-14,5172.06
2020-03-15,5361.3
2020-03-16,5028.97
2020-03-17,5312.64
2020-03-18,5393.04
2020-03-19,6162.37
2020-03-20,6208.36
2020-03-21,6186.98
2020-03-22,5816.19
2020-03-23,6467.31
2020-03-24,6744.72
2020-03-25,6677.43
2020-03-26,6737.36
2020-03-27,6359.11
2020-03-28,6236.65
2020-03-29,5881.42
2020-03-30,6394.38
2020-03-31,6410.44
2020-04-01,6642.92
2020-04-02,6794.09
2020-04-03,6734.1
2020-04-04,6856.99
2020-04-05,6772.78
2020-04-06,7329.9
2020-04-07,7197.32
2020-04-08,7361.28
2020-04-09,7283.54
2020-04-10,6858.92
2020-04-11,6876.83
2020-04-12,6903.79
2020-04-13,6837.91
2020-04-14,6868.7
2020-04-15,6621.24
2020-04-16,7101.94
2020-04-17,7027.55
2020-04-18,7248.6
2020-04-19,7120.74
2020-04-20,6826.83
2020-04-21,6841.37
2020-04-22,7125.14
2020-04-23,7482.39
2020-04-24,7505
2020-04-25,7538.67
2020-04-26,7693.1
2020-04-27,7774.62
2020-04-28,7738.98
2020-04-29,8778.57
2020-04-30,8620
2020-05-01,8826.96
2020-05-02,8972.05
2020-05-03,8894.16
2020-05-04,8871.96
2020-05-05,9021.83
2020-05-06,9142.92
2020-05-07,9986.4
2020-05-08,9800.01
2020-05-09,9539.4
2020-05-10,8722.77
2020-05-11,8561.52
2020-05-12,8810.79
2020-05-13,9309.37
2020-05-14,9791.98
2020-05-15,9316.42
2020-05-16,9381.27
2020-05-17,9680.04
2020-05-18,9733.93
2020-05-19,9775.53
2020-05-20,9511.43
2020-05-21,9068.65
2020-05-22,9170
2020-05-23,9179.15
2020-05-24,8720.34
2020-05-25,8900.35
2020-05-26,8841.18
2020-05-27,9204.07
2020-05-28,9575.89
2020-05-29,9427.07
2020-05-30,9697.72
2020-05-31,9448.27
2020-06-01,10200.77
2020-06-02,9518.04
2020-06-03,9666.24
2020-06-04,9789.06
2020-06-05,9621.16
2020-06-06,9666.3
2020-06-07,9746.99
2020-06-08,9782.01
2020-06-09,9772.43
2020-06-10,9885
2020-06-11,9280.4
2020-06-12,9465.13
2020-06-13,9473.34
2020-06-14,9342.1
2020-06-15,9426.02
2020-06-16,9525.59
2020-06-17,9465.14
2020-06-18,9386.32
2020-06-19,9310.23
2020-06-20,9358.95
2020-06-21,9294.69
2020-06-22,9685.69
2020-06-23,9624.89
2020-06-24,9296.49
2020-06-25,9249.49
2020-06-26,9162.21
2020-06-27,9012
2020-06-28,9116.35
2020-06-29,9192.56
2020-06-30,9138.55
2020-07-01,9232
2020-07-02,9086.54
2020-07-03,9058.26
2020-07-04,9135.46
2020-07-05,9069.41
2020-07-06,9344.2
2020-07-07,9257.39
2020-07-08,9436.06
2020-07-09,9232.43
2020-07-10,9288.34
2020-07-11,9234.03
2020-07-12,9302.75
2020-07-13,9242.62
2020-07-14,9255.85
2020-07-15,9197.6
2020-07-16,9133.72
2020-07-17,9154.32
2020-07-18,9170.28
2020-07-19,9208.99
2020-07-20,9160.78
2020-07-21,9390
2020-07-22,9518.16
2020-07-23,9603.27
2020-07-24,9537.8
2020-07-25,9700.42
2020-07-26,9931.54
2020-07-27,11029.96
2020-07-28,10906.27
2020-07-29,11100.53
2020-07-30,11099.61
2020-07-31,11335.46
2020-08-01,11801.17
2020-08-02,11071.35
2020-08-03,11219.81
2020-08-04,11191.97
2020-08-05,11744.91
2020-08-06,11762.46
2020-08-07,11594.23
2020-08-08,11761.41
2020-08-09,11681.68
2020-08-10,11892.92
2020-08-11,11392.08
2020-08-12,11564.33
2020-08-13,11780
2020-08-14,11760.54
2020-08-15,11852.4
2020-08-16,11911
2020-08-17,12281.13
2020-08-18,11945.01
2020-08-19,11754.59
2020-08-20,11853.55
2020-08-21,11531.34
2020-08-22,11662.96
2020-08-23,11648.13
2020-08-24,11748.2
2020-08-25,11318.42
2020-08-26,11461.43
2020-08-27,11330.38
2020-08-28,11526.91
2020-08-29,11465.84
2020-08-30,11711.16
2020-08-31,11649.51
2020-09-01,11921.97
2020-09-02,11388.54
2020-09-03,10140.85
2020-09-04,10446.25
2020-09-05,10166.69
2020-09-06,10256.2
2020-09-07,10373.44
2020-09-08,10126.65
2020-09-09,10219.2
2020-09-10,10336.87
2020-09-11,10387.89
2020-09-12,10440.92
2020-09-13,10332.83
2020-09-14,10671.77
2020-09-15,10785.31
2020-09-16,10954.01
2020-09-17,10939.99
2020-09-18,10933.39
2020-09-19,11080.65
2020-09-20,10920.28
2020-09-21,10417.22
2020-09-22,10529.61
2020-09-23,10241.46
2020-09-24,10736.32
2020-09-25,10686.67
2020-09-26,10728.6
2020-09-27,10774.25
2020-09-28,10696.12
2020-09-29,10840.48
2020-09-30,10776.59
2020-10-01,10619.13
2020-10-02,10570.4
2020-10-03,10542.06
2020-10-04,10666.63
2020-10-05,10792.21
2020-10-06,10599.66
2020-10-07,10666.39
2020-10-08,10925.57
2020-10-09,11050.64
2020-10-10,11293.22
2020-10-11,11369.02
2020-10-12,11528.25
2020-10-13,11420.56
2020-10-14,11417.89
2020-10-15,11505.12
2020-10-16,11319.32
2020-10-17,11360.2
2020-10-18,11503.14
2020-10-19,11751.47
2020-10-20,11909.99
2020-10-21,12780.96
2020-10-22,12968.52
2020-10-23,12923.07
2020-10-24,13111.73
2020-10-25,13028.83
2020-10-26,13052.19
2020-10-27,13636.17
2020-10-28,13266.4
2020-10-29,13455.7
2020-10-30,13560.1
2020-10-31,13791
2020-11-01,13761.5
2020-11-02,13549.37
2020-11-03,14023.53
2020-11-04,14144.01
2020-11-05,15590.02
2020-11-06,15579.92
2020-11-07,14818.3
2020-11-08,15475.1
2020-11-09,15328.41
2020-11-10,15297.21
2020-11-11,15684.24
2020-11-12,16291.86
2020-11-13,16320.7
2020-11-14,16070.45
2020-11-15,15957
2020-11-16,16713.57
2020-11-17,17659.38
2020-11-18,17776.12
2020-11-19,17802.82
2020-11-20,18655.67
2020-11-21,18703.8
2020-11-22,18414.43
2020-11-23,18368
2020-11-24,19160.01
2020-11-25,18719.11
2020-11-26,17149.47
2020-11-27,17139.52
2020-11-28,17719.85
2020-11-29,18184.99
2020-11-30,19695.87
2020-12-01,18764.96
2020-12-02,19204.09
2020-12-03,19421.9
2020-12-04,18650.52
2020-12-05,19147.66
2020-12-06,19359.4
2020-12-07,19166.9
2020-12-08,18324.11
2020-12-09,18541.28
2020-12-10,18254.63
2020-12-11,18036.53
2020-12-12,18808.69
2020-12-13,19174.99
2020-12-14,19273.14
2020-12-15,19426.43
2020-12-16,21335.52
2020-12-17,22797.16
2020-12-18,23107.39
2020-12-19,23821.61
2020-12-20,23455.52
2020-12-21,22719.71
2020-12-22,23810.79
2020-12-23,23232.76
2020-12-24,23729.2
2020-12-25,24712.47
2020-12-26,26493.39
2020-12-27,26281.66
2020-12-28,27079.41
2020-12-29,27385
2020-12-30,28875.54
2020-12-31,28923.63
2021-01-01,29331.69
2021-01-02,32178.33
2021-01-03,33000.05
2021-01-04,31988.71
2021-01-05,33949.53
2021-01-06,36769.36
2021-01-07,39432.28
2021-01-08,40582.81
2021-01-09,40088.22
2021-01-10,38150.02
2021-01-11,35404.47
2021-01-12,34051.24
2021-01-13,37371.38
2021-01-14,39144.5
2021-01-15,36742.22
2021-01-16,35994.98
2021-01-17,35828.61
2021-01-18,36631.27
2021-01-19,35891.49
2021-01-20,35468.23
2021-01-21,30850.13
2021-01-22,32945.17
2021-01-23,32078
2021-01-24,32259.9
2021-01-25,32254.2
2021-01-26,32467.77
2021-01-27,30366.15
2021-01-28,33364.86
2021-01-29,34252.2
2021-01-30,34262.88
2021-01-31,33092.98
2021-02-01,33526.37
2021-02-02,35466.24
2021-02-03,37618.87
2021-02-04,36936.66
2021-02-05,38290.24
2021-02-06,39186.94
2021-02-07,38795.69
2021-02-08,46374.87
2021-02-09,46420.42
2021-02-10,44807.58
2021-02-11,47969.51
2021-02-12,47287.6
2021-02-13,47153.69
2021-02-14,48577.79
2021-02-15,47911.1
2021-02-16,49133.45
2021-02-17,52119.71
2021-02-18,51552.6
2021-02-19,55906
2021-02-20,55841.19
2021-02-21,57408.57
2021-02-22,54087.67
2021-02-23,48891
2021-02-24,49676.2
2021-02-25,47073.73
2021-02-26,46276.87
2021-02-27,46106.43
2021-02-28,45135.66
2021-03-01,49587.03
2021-03-02,48440.65
2021-03-03,50349.37
2021-03-04,48374.09
2021-03-05,48751.71
2021-03-06,48882.2
2021-03-07,50971.75
2021-03-08,52375.17
2021-03-09,54884.5
2021-03-10,55851.59
2021-03-11,57773.16
2021-03-12,57221.72
2021-03-13,61188.39
2021-03-14,58968.31
2021-03-15,55605.2
2021-03-16,56900.75
2021-03-17,58912.97
2021-03-18,57648.16
2021-03-19,58030.01
2021-03-20,58102.28
2021-03-21,57351.56
2021-03-22,54083.25
2021-03-23,54340.89
2021-03-24,52303.65
2021-03-25,51293.78
2021-03-26,55025.59
2021-03-27,55817.14
2021-03-28,55777.63
2021-03-29,57635.47
2021-03-30,58746.57
2021-03-31,58740.55
2021-04-01,58720.44
2021-04-02,58950.01
2021-04-03,57051.94
2021-04-04,58202.01
2021-04-05,59129.99
2021-04-06,57991.15
2021-04-07,55953.45
2021-04-08,58077.52
2021-04-09,58142.54
2021-04-10,59769.13
2021-04-11,60002.43
2021-04-12,59860
2021-04-13,63575
2021-04-14,62959.53
2021-04-15,63159.98
2021-04-16,61334.8
2021-04-17,60006.66
2021-04-18,56150.01
2021-04-19,55633.14
2021-04-20,56425
2021-04-21,53787.63
2021-04-22,51690.96
2021-04-23,51125.14
2021-04-24,50047.84
2021-04-25,49066.77
2021-04-26,54001.39
2021-04-27,55011.97
2021-04-28,54846.22
2021-04-29,53555
2021-04-30,57694.27
2021-05-01,57800.37
2021-05-02,56578.21
2021-05-03,57169.39
2021-05-04,53200.01
2021-05-05,57436.11
2021-05-06,56393.68
2021-05-07,57314.75
2021-05-08,58862.05
2021-05-09,58240.84
2021-05-10,55816.14
2021-05-11,56670.02
2021-05-12,49631.32
2021-05-13,49670.97
2021-05-14,49841.45
2021-05-15,46762.99
2021-05-16,46431.5
2021-05-17,43538.04
2021-05-18,42849.78
2021-05-19,36690.09
2021-05-20,40526.64
2021-05-21,37252.01
2021-05-22,37449.73
2021-05-23,34655.25
2021-05-24,38796.29
2021-05-25,38324.72
2021-05-26,39241.91
2021-05-27,38529.98
2021-05-28,35663.49
2021-05-29,34605.15
2021-05-30,35641.27
2021-05-31,37253.81
2021-06-01,36693.09
2021-06-02,37568.68
2021-06-03,39246.79
2021-06-04,36829
2021-06-05,35513.2
2021-06-06,35796.31
2021-06-07,33552.79
2021-06-08,33380.81
2021-06-09,37388.05
2021-06-10,36675.72
2021-06-11,37331.98
2021-06-12,35546.11
2021-06-13,39020.57
2021-06-14,40516.29
2021-06-15,40144.04
2021-06-16,38349.01
2021-06-17,38092.97
2021-06-18,35819.84
2021-06-19,35483.72
2021-06-20,35600.16
2021-06-21,31608.93
2021-06-22,32509.56
2021-06-23,33678.07
2021-06-24,34663.09
2021-06-25,31584.45
2021-06-26,32283.65
2021-06-27,34700.34
2021-06-28,34494.89
2021-06-29,35911.73
2021-06-30,35045
2021-07-01,33504.69
2021-07-02,33786.55
2021-07-03,34669.13
2021-07-04,35286.51
2021-07-05,33690.14
2021-07-06,34220.01
2021-07-07,33862.12
2021-07-08,32875.71
2021-07-09,33815.81
2021-07-10,33502.87
2021-07-11,34258.99
2021-07-12,33086.63
2021-07-13,32729.77
2021-07-14,32820.02
2021-07-15,31880
2021-07-16,31383.87
2021-07-17,31520.07
2021-07-18,31778.56
2021-07-19,30839.65
2021-07-20,29790.35
2021-07-21,32144.51
2021-07-22,32287.83
2021-07-23,33634.09
2021-07-24,34258.14
2021-07-25,35381.02
2021-07-26,37237.6
2021-07-27,39457.87
2021-07-28,40019.56
2021-07-29,40016.48
2021-07-30,42206.37
2021-07-31,41461.83
2021-08-01,39845.44
2021-08-02,39147.82
2021-08-03,38207.05
2021-08-04,39723.18
2021-08-05,40862.46
2021-08-06,42836.87
2021-08-07,44572.54
2021-08-08,43794.37
2021-08-09,46253.4
2021-08-10,45584.99
2021-08-11,45511
2021-08-12,44399
2021-08-13,47800
2021-08-14,47068.51
2021-08-15,46973.82
2021-08-16,45901.29
2021-08-17,44695.95
2021-08-18,44705.29
2021-08-19,46760.62
2021-08-20,49322.47
2021-08-21,48821.87
2021-08-22,49239.22
2021-08-23,49488.85
2021-08-24,47674.01
2021-08-25,48973.32
2021-08-26,46843.87
2021-08-27,49069.9
2021-08-28,48895.35
2021-08-29,48767.83
2021-08-30,46982.91
2021-08-31,47100.89
2021-09-01,48810.52
2021-09-02,49246.64
2021-09-03,49999.14
2021-09-04,49915.64
2021-09-05,51756.88
2021-09-06,52663.9
2021-09-07,46863.73
2021-09-08,46048.31
2021-09-09,46395.14
2021-09-10,44850.91
2021-09-11,45173.69
2021-09-12,46025.24
2021-09-13,44940.73
2021-09-14,47111.52
2021-09-15,48121.41
2021-09-16,47737.82
2021-09-17,47299.98
2021-09-18,48292.74
2021-09-19,47241.75
2021-09-20,43015.62
2021-09-21,40734.38
2021-09-22,43543.61
2021-09-23,44865.26
2021-09-24,42810.57
2021-09-25,42670.64
2021-09-26,43160.9
2021-09-27,42147.35
2021-09-28,41026.54
2021-09-29,41524.28
2021-09-30,43824.1
2021-10-01,48141.61
2021-10-02,47634.9
2021-10-03,48200.01
2021-10-04,49224.94
2021-10-05,51471.99
2021-10-06,55315
2021-10-07,53785.22
2021-10-08,53951.43
2021-10-09,54949.72
2021-10-10,54659
2021-10-11,57471.35
2021-10-12,55996.93
2021-10-13,57367
2021-10-14,57347.94
2021-10-15,61672.42
2021-10-16,60875.57
2021-10-17,61528.33
2021-10-18,62009.84
2021-10-19,64280.59
2021-10-20,66001.41
2021-10-21,62193.15
2021-10-22,60688.22
2021-10-23,61286.75
2021-10-24,60852.22
2021-10-25,63078.78
2021-10-26,60328.81
2021-10-27,58413.44
2021-10-28,60575.89
2021-10-29,62253.71
2021-10-30,61859.19
2021-10-31,61299.8
2021-11-01,60911.11
2021-11-02,63219.99
2021-11-03,62896.48
2021-11-04,61395.01
2021-11-05,60937.12
2021-11-06,61470.61
2021-11-07,63273.59
2021-11-08,67525.83
2021-11-09,66947.66
2021-11-10,64882.43
2021-11-11,64774.26
2021-11-12,64122.23
2021-11-13,64380
2021-11-14,65519.1
2021-11-15,63606.74
2021-11-16,60058.87
2021-11-17,60344.87
2021-11-18,56891.62
2021-11-19,58052.24
2021-11-20,59707.51
2021-11-21,58622.02
2021-11-22,56247.18
2021-11-23,57541.27
2021-11-24,57138.29
2021-11-25,58960.36
2021-11-26,53603.21
2021-11-27,54777.83
2021-11-28,57274.88
2021-11-29,57781.84
2021-11-30,56950.56
2021-12-01,57138.63
2021-12-02,56410.82
2021-12-03,53474.98
2021-12-04,49197.37
2021-12-05,49300.64
2021-12-06,50504
2021-12-07,50651.36
2021-12-08,50496.47
2021-12-09,47545.59
2021-12-10,47065.34
2021-12-11,49341.2
2021-12-12,50058.97
2021-12-13,46704.96
2021-12-14,48381.65
2021-12-15,48889.88
2021-12-16,47638.63
2021-12-17,46312.36
2021-12-18,46817.5
2021-12-19,46675.12
2021-12-20,46957.22
2021-12-21,48978.57
2021-12-22,48603.5
2021-12-23,50750.01
2021-12-24,50750.61
2021-12-25,50570
2021-12-26,50790.81
2021-12-27,50708.79
2021-12-28,47602.4
2021-12-29,46473.71
2021-12-30,47136.98
2021-12-31,46250
2022-01-01,47739.99
2022-01-02,47331.64
2022-01-03,46433.58
2022-01-04,45872.19
2022-01-05,43536.47
2022-01-06,43140.69
2022-01-07,41550.03
2022-01-08,41714.06
2022-01-09,41874.49
2022-01-10,41834.72
2022-01-11,42732.2
2022-01-12,43888.86
2022-01-13,42532.2
2022-01-14,43063.51
2022-01-15,43114.6
2022-01-16,43068.73
2022-01-17,42226.68
2022-01-18,42370.32
2022-01-19,41703.35
2022-01-20,40683.28
2022-01-21,36505.55
2022-01-22,35042.45
2022-01-23,36258.09
2022-01-24,36663.58
2022-01-25,36888.22
2022-01-26,36800
2022-01-27,37202.5
2022-01-28,37787.02
2022-01-29,38126.53
2022-01-30,37903.33
2022-01-31,38487.74
2022-02-01,38739.8
2022-02-02,36877.68
2022-02-03,37053.52
2022-02-04,41614.15
2022-02-05,41398
2022-02-06,42369.53
2022-02-07,43839.99
2022-02-08,44087.5
2022-02-09,44272.97
2022-02-10,43501.09
2022-02-11,42395.93
2022-02-12,42247.38
2022-02-13,42200
2022-02-14,42547.78
2022-02-15,44592.18
2022-02-16,43910.58
2022-02-17,40498.3
2022-02-18,39984.41
2022-02-19,40109.42
2022-02-20,38444.69
2022-02-21,37021.98
2022-02-22,38277.72
2022-02-23,37287.75
2022-02-24,38324.67
2022-02-25,39225.32
2022-02-26,39122.42
2022-02-27,37719.24
2022-02-28,43198.94
2022-03-01,44412.21
2022-03-02,43912.08
2022-03-03,42453.61
2022-03-04,39149.16
2022-03-05,39392.67
2022-03-06,38421.58
2022-03-07,38025.2
2022-03-08,38747.79
2022-03-09,41917.07
2022-03-10,39424.21
2022-03-11,38729.01
2022-03-12,38802.62
2022-03-13,37826.95
2022-03-14,39664.61
2022-03-15,39290.82
2022-03-16,41114
2022-03-17,40910.02
2022-03-18,41750.47
2022-03-19,42201.35
2022-03-20,41213
2022-03-21,41040.99
2022-03-22,42362
2022-03-23,42886.9
2022-03-24,43986.68
2022-03-25,44313.53
2022-03-26,44511.27
2022-03-27,46827.76
2022-03-28,47101.77
2022-03-29,47439
2022-03-30,47048.14
2022-03-31,45514.45
2022-04-01,46289.27
2022-04-02,45793.51
2022-04-03,46402.52
2022-04-04,46600.98
2022-04-05,45482.59
2022-04-06,43169.99
2022-04-07,43462.85
2022-04-08,42277.82
2022-04-09,42753.81
2022-04-10,42133.8
2022-04-11,39499.98
2022-04-12,40065.63
2022-04-13,41131.8
2022-04-14,39933.88
2022-04-15,40565.28
2022-04-16,40374.37
2022-04-17,39678.12
2022-04-18,40794.33
2022-04-19,41490.05
2022-04-20,41353.72
2022-04-21,40482.54
2022-04-22,39715.15
2022-04-23,39426.84
2022-04-24,39462.03
2022-04-25,40424.51
2022-04-26,38115.31
2022-04-27,39235.72
2022-04-28,39742.07
2022-04-29,38601.15
2022-04-30,37651.31
2022-05-01,38444.95
2022-05-02,38518.85
2022-05-03,37735.65
2022-05-04,39701.03
2022-05-05,36566.13
2022-05-06,36013.77
2022-05-07,35468.23
2022-05-08,34088.2
2022-05-09,30155.01
2022-05-10,31017.1
2022-05-11,29103.94
2022-05-12,29029.75
2022-05-13,29289.81
2022-05-14,30097.35
2022-05-15,31312.41
2022-05-16,29835.94
2022-05-17,30438.63
2022-05-18,28666.94
2022-05-19,30323.2
2022-05-20,29201.76
2022-05-21,29455.38
2022-05-22,30291.94
2022-05-23,29118.15
2022-05-24,29641.97
2022-05-25,29554.05
2022-05-26,29200.47
2022-05-27,28608.56
2022-05-28,29039.19
2022-05-29,29470.58
2022-05-30,31747.19
2022-05-31,31797.26
2022-06-01,29789.29
2022-06-02,30460.97
2022-06-03,29730.57
2022-06-04,29852.43
2022-06-05,29912.3
2022-06-06,31373.14
2022-06-07,31140
2022-06-08,30199.71
2022-06-09,30103.63
2022-06-10,29087.2
2022-06-11,28372.87
2022-06-12,26753.58
2022-06-13,22484.47
2022-06-14,22200.01
2022-06-15,22567.6
2022-06-16,20404.08
2022-06-17,20458.22
2022-06-18,19025.41
2022-06-19,20592.98
2022-06-20,20613.41
2022-06-21,20709.89
2022-06-22,19974.79
2022-06-23,21114.45
2022-06-24,21223.18
2022-06-25,21491.19
2022-06-26,21050.97
2022-06-27,20742.56
2022-06-28,20281.29
2022-06-29,20123.01
2022-06-30,19942.21
2022-07-01,19255.28
2022-07-02,19254.71
2022-07-03,19310.11
2022-07-04,20253.57
2022-07-05,20197.28
2022-07-06,20562.69
2022-07-07,21645.91
2022-07-08,21803.52
2022-07-09,21605.38
2022-07-10,20867.29
2022-07-11,19971.4
2022-07-12,19318.45
2022-07-13,20185.95
2022-07-14,20569.48
2022-07-15,20853.71
2022-07-16,21187.01
2022-07-17,20784
2022-07-18,22426.93
2022-07-19,23376.6
2022-07-20,23223.3
2022-07-21,23188.13
2022-07-22,22701.3
2022-07-23,22458.17
2022-07-24,22590.95
2022-07-25,21316.23
2022-07-26,21229.89
2022-07-27,22932.62
2022-07-28,23856.41
2022-07-29,23786.24
2022-07-30,23638.74
2022-07-31,23310.48
2022-08-01,23314.2
2022-08-02,22966.43
2022-08-03,22826.59
2022-08-04,22612.64
2022-08-05,23305.74
2022-08-06,22952.17
2022-08-07,23173.94
2022-08-08,23796.28
2022-08-09,23144.45
2022-08-10,23950.33
2022-08-11,23937.83
2022-08-12,24401.75
2022-08-13,24450.76
2022-08-14,24308.78
2022-08-15,24088
2022-08-16,23871.84
2022-08-17,23333.88
2022-08-18,23205.22
2022-08-19,20836.37
2022-08-20,21154.62
2022-08-21,21524.97
2022-08-22,21418.86
2022-08-23,21526.24
2022-08-24,21379.47
2022-08-25,21595.78
2022-08-26,20233.33
2022-08-27,20026.88
2022-08-28,19560
2022-08-29,20300.34
2022-08-30,19785.98
2022-08-31,20051.47
2022-09-01,20125.99
2022-09-02,19978.26
2022-09-03,19838.92
2022-09-04,20000.3
2022-09-05,19805.33
2022-09-06,18810.7
2022-09-07,19284.48
2022-09-08,19323.58
2022-09-09,21365.91
2022-09-10,21683.66
2022-09-11,21776.46
2022-09-12,22383.04
2022-09-13,20172.93
2022-09-14,20245.33
2022-09-15,19679.46
2022-09-16,19784.7
2022-09-17,20120.95
2022-09-18,19391.97
2022-09-19,19548.48
2022-09-20,18903.64
2022-09-21,18514.74
2022-09-22,19426.24
2022-09-23,19270.37
2022-09-24,18942.42
2022-09-25,18803.49
2022-09-26,19234.59
2022-09-27,19100.22
2022-09-28,19408.14
2022-09-29,19607.72
2022-09-30,19438.92
2022-10-01,19305.56
2022-10-02,19037.86
2022-10-03,19621.77
2022-10-04,20328.38
2022-10-05,20167.7
2022-10-06,19947.45
2022-10-07,19543.63
2022-10-08,19407.59
2022-10-09,19448.92
2022-10-10,19132.75
2022-10-11,19046.2
2022-10-12,19154.99
2022-10-13,19378.53
2022-10-14,19186.57
2022-10-15,19058.59
2022-10-16,19271.14
2022-10-17,19543.27
2022-10-18,19322.18
2022-10-19,19131.35
2022-10-20,19043.79
2022-10-21,19164.37
2022-10-22,19203.8
2022-10-23,19551.84
2022-10-24,19337.53
2022-10-25,20095.69
2022-10-26,20761.45
2022-10-27,20284.82
2022-10-28,20593.61
2022-10-29,20809.79
2022-10-30,20635.64
2022-10-31,20498.13
2022-11-01,20486.36
2022-11-02,20154.11
2022-11-03,20204.64
2022-11-04,21153.16
2022-11-05,21286.91
2022-11-06,20909.28
2022-11-07,20599.81
2022-11-08,18537.25
2022-11-09,15900.42
2022-11-10,17601.15
2022-11-11,17045.49
2022-11-12,16799.55
2022-11-13,16332.85
2022-11-14,16615.44
2022-11-15,16894.31
2022-11-16,16674.25
2022-11-17,16695.19
2022-11-18,16706.54
2022-11-19,16704.33
2022-11-20,16289.9
2022-11-21,15781.8
2022-11-22,16203.71
2022-11-23,16624.44
2022-11-24,16613.53
2022-11-25,16514.79
2022-11-26,16457.3
2022-11-27,16422.86
2022-11-28,16210.86
2022-11-29,16436.01
2022-11-30,17180.48
2022-12-01,16977.37
2022-12-02,17088.47
2022-12-03,16889
2022-12-04,17121.74
2022-12-05,16953.22
2022-12-06,17089.55
2022-12-07,16828.81
2022-12-08,17219.38
2022-12-09,17125.23
2022-12-10,17129.38
2022-12-11,17088.64
2022-12-12,17203.22
2022-12-13,17778.86
2022-12-14,17794.51
2022-12-15,17356.41
2022-12-16,16633.16
2022-12-17,16778.62
2022-12-18,16740
2022-12-19,16441.64
2022-12-20,16902.97
2022-12-21,16819.77
2022-12-22,16821.18
2022-12-23,16779.75
2022-12-24,16836.44
2022-12-25,16832.66
2022-12-26,16917.55
2022-12-27,16706.52
2022-12-28,16547.07
2022-12-29,16637.36
2022-12-30,16608.47
2022-12-31,16538.07
2023-01-01,16618.85
2023-01-02,16673.98
2023-01-03,16673.98
2023-01-04,16852.18
2023-01-05,16831.08
2023-01-06,16951.11
2023-01-07,16945.29
2023-01-08,17081.84
2023-01-09,17192.07
2023-01-10,17441.62
2023-01-11,17936.8
2023-01-12,18849.13
2023-01-13,19926.55
2023-01-14,20952.84
2023-01-15,20877.87
2023-01-16,21184.85
2023-01-17,21138.6
2023-01-18,20678.66
2023-01-19,21077.09
2023-01-20,22684.28
2023-01-21,22773.96
2023-01-22,22703.72
2023-01-23,22918.9
2023-01-24,22638.01
2023-01-25,23034.82
2023-01-26,23017.73
2023-01-27,23071.27
2023-01-28,23024.8
2023-01-29,23753.18
2023-01-30,22828.28
2023-01-31,23125.03
2023-02-01,23719.55
2023-02-02,23425.77
2023-02-03,23430.94
2023-02-04,23329.6
2023-02-05,22934.51
2023-02-06,22760.15
2023-02-07,23251.77
2023-02-08,22964.28
2023-02-09,21793.73
2023-02-10,21633.31
2023-02-11,21862.44
2023-02-12,21785.1
2023-02-13,21772.24
2023-02-14,22200.15
2023-02-15,24328.28
2023-02-16,23519.06
2023-02-17,24574.39
2023-02-18,24632
2023-02-19,24283.18
2023-02-20,24841.36
2023-02-21,24453.14
2023-02-22,24184.09
2023-02-23,23936.45
2023-02-24,23185.38
2023-02-25,23159.66
2023-02-26,23556.57
2023-02-27,23488.56
2023-02-28,23132.45
2023-03-01,23630.99
2023-03-02,23461.71
2023-03-03,22340.45
2023-03-04,22343.15
2023-03-05,22435.67
2023-03-06,22408.78
2023-03-07,22200.53
2023-03-08,21696.52
2023-03-09,20355.22
2023-03-10,20144.91
2023-03-11,20458.09
2023-03-12,22016.26
2023-03-13,24046.76
2023-03-14,24686.87
2023-03-15,24265.35
2023-03-16,24997.29
2023-03-17,27305.75
2023-03-18,26883.35
2023-03-19,27920.37
2023-03-20,27700.05
2023-03-21,28129.46
2023-03-22,27262.17
2023-03-23,28313.01
2023-03-24,27462.66
2023-03-25,27468.76
2023-03-26,27968.68
2023-03-27,27131.93
2023-03-28,27263.48
2023-03-29,28348.51
2023-03-30,28029.31
2023-03-31,28471.01
2023-04-01,28451.39
2023-04-02,28197.83
2023-04-03,27795.66
2023-04-04,28160
2023-04-05,28174.07
2023-04-06,28020.72
2023-04-07,27906.9
2023-04-08,27938.39
2023-04-09,28323.75
2023-04-10,29641.71
2023-04-11,30206.4
2023-04-12,29880.42
2023-04-13,30363.43
2023-04-14,30458.32
2023-04-15,30290.65
2023-04-16,30304.65
2023-04-17,29431.19
2023-04-18,30384.02
2023-04-19,28801.63
2023-04-20,28232.22
2023-04-21,27275.29
2023-04-22,27812.92
2023-04-23,27590.6
2023-04-24,27521.85
2023-04-25,28304.86
2023-04-26,28414.9
2023-04-27,29480
2023-04-28,29316.03
2023-04-29,29230.46
2023-04-30,29255.37
2023-05-01,28077.68
2023-05-02,28670.61
2023-05-03,28998.47
2023-05-04,28838.16
2023-05-05,29504.52
2023-05-06,28848.2
2023-05-07,28407.99
2023-05-08,27664.57
2023-05-09,27634.6
2023-05-10,27593.98
2023-05-11,26984.2
2023-05-12,26787.96
2023-05-13,26767.79
2023-05-14,26916.56
2023-05-15,27188.17
2023-05-16,27033.85
2023-05-17,27396.48
2023-05-18,26830
2023-05-19,26880.26
2023-05-20,27115.14
2023-05-21,26749.84
2023-05-22,26845.15
2023-05-23,27219.61
2023-05-24,26329.99
2023-05-25,26473.65
2023-05-26,26708.83
2023-05-27,26854.27
2023-05-28,28079.13
2023-05-29,27748.96
2023-05-30,27685.02
2023-05-31,27218.87
2023-06-01,26805.35
2023-06-02,27238.38
2023-06-03,27061.49
2023-06-04,27100.23
2023-06-05,25750.1
2023-06-06,27236.52
2023-06-07,26348.19
2023-06-08,26495.75
2023-06-09,26477.76
2023-06-10,25837.58
2023-06-11,25917.19
2023-06-12,25899.41
2023-06-13,25926.65
2023-06-14,25123.6
2023-06-15,25603.51
2023-06-16,26345.56
2023-06-17,26522.34
2023-06-18,26337.96
2023-06-19,26826.35
2023-06-20,28325
2023-06-21,30051.05
2023-06-22,29907.35
2023-06-23,30674.05
2023-06-24,30542.3
2023-06-25,30454.49
2023-06-26,30270
2023-06-27,30676.2
2023-06-28,30095
2023-06-29,30455.25
2023-06-30,30480.99
2023-07-01,30589.03
2023-07-02,30633.52
2023-07-03,31154
2023-07-04,30764
2023-07-05,30518.81
2023-07-06,29895.43
2023-07-07,30344.7
2023-07-08,30284.63
2023-07-09,30164.5
2023-07-10,30418
2023-07-11,30620
2023-07-12,30392
2023-07-13,31479.81
2023-07-14,30311.38
2023-07-15,30284.65
2023-07-16,30219.2
2023-07-17,30138
2023-07-18,29857.19
2023-07-19,29915.57
2023-07-20,29796.73
2023-07-21,29900.83
2023-07-22,29771.99
2023-07-23,30073.99
2023-07-24,29178.56
2023-07-25,29235.76
2023-07-26,29348.12
2023-07-27,29224.99
2023-07-28,29314.15
2023-07-29,29354
2023-07-30,29281.09
2023-07-31,29232.32
2023-08-01,29688.96
2023-08-02,29158.94
2023-08-03,29195.09
2023-08-04,29113.42
2023-08-05,29073.26
2023-08-06,29086.09
2023-08-07,29213.4
2023-08-08,29770
2023-08-09,29594.99
2023-08-10,29455.75
2023-08-11,29426.03
2023-08-12,29430.02
2023-08-13,29303.85
2023-08-14,29430.93
2023-08-15,29200.01
2023-08-16,28743.9
2023-08-17,26608.01
2023-08-18,26058.26
2023-08-19,26100.01
2023-08-20,26179.99
2023-08-21,26117.99
2023-08-22,26048.2
2023-08-23,26410.08
2023-08-24,26145.76
2023-08-25,26059.19
2023-08-26,26021.04
2023-08-27,26097.19
2023-08-28,26127.87
2023-08-29,27712.54
2023-08-30,27296.93
2023-08-31,25923.69
2023-09-01,25816.58
2023-09-02,25856.94
2023-09-03,25971.21
2023-09-04,25826.02
2023-09-05,25792.1
2023-09-06,25759.95
2023-09-07,26255
2023-09-08,25910.49
2023-09-09,25901.61
2023-09-10,25846.58
2023-09-11,25170.2
2023-09-12,25853.1
2023-09-13,26222
2023-09-14,26528.09
2023-09-15,26625.89
2023-09-16,26553.13
2023-09-17,26519.55
2023-09-18,26739.99
2023-09-19,27217.48
2023-09-20,27123.52
2023-09-21,26569.05
2023-09-22,26580.14
2023-09-23,26575.96
2023-09-24,26248.38
2023-09-25,26304.81
2023-09-26,26218.86
2023-09-27,26366.38
2023-09-28,27020.84
2023-09-29,26909.57
2023-09-30,26964.78
2023-10-01,27966.33
2023-10-02,27540.1
2023-10-03,27424.99
2023-10-04,27778.55
2023-10-05,27417.23
2023-10-06,27941.64
2023-10-07,27953.39
2023-10-08,27921.71
2023-10-09,27590
2023-10-10,27389.18
2023-10-11,26875.52
2023-10-12,26762.09
2023-10-13,26854.45
2023-10-14,26858.67
2023-10-15,27145.8
2023-10-16,28500.01
2023-10-17,28406.24
2023-10-18,28320
2023-10-19,28703.56
2023-10-20,29662.61
2023-10-21,29894.13
2023-10-22,29968.42
2023-10-23,32964.33
2023-10-24,33872.49
2023-10-25,34496.05
2023-10-26,34151.66
2023-10-27,33892.02
2023-10-28,34081
2023-10-29,34523.24
2023-10-30,34474.74
2023-10-31,34642.95
2023-11-01,35421.44
2023-11-02,34938.79
2023-11-03,34716.79
2023-11-04,35058.92
2023-11-05,35014.76
2023-11-06,35043.2
2023-11-07,35400.33
2023-11-08,35623.84
2023-11-09,36690.59
2023-11-10,37291.1
2023-11-11,37130
2023-11-12,37064.13
2023-11-13,36462.93
2023-11-14,35528.73
2023-11-15,37841.17
2023-11-16,36144
2023-11-17,36586
2023-11-18,36563.03
2023-11-19,37367.98
2023-11-20,37452.26
2023-11-21,35784.58
2023-11-22,37418.01
2023-11-23,37285.25
2023-11-24,37709.09
2023-11-25,37780.66
2023-11-26,37472.77
2023-11-27,37255.99
2023-11-28,37816.65
2023-11-29,37853.36
2023-11-30,37705.46
2023-12-01,38681.26
2023-12-02,39463.99
2023-12-03,39968
2023-12-04,41982.21
2023-12-05,44057.13
2023-12-06,43743.93
2023-12-07,43281.01
2023-12-08,44156.89
2023-12-09,43713.6
2023-12-10,43776.24
2023-12-11,41264.39
2023-12-12,41459.32
2023-12-13,42876.35
2023-12-14,43015.86
2023-12-15,41923.91
2023-12-16,42278.02
2023-12-17,41364.65
2023-12-18,42634.56
2023-12-19,42261.11
2023-12-20,43651.92
2023-12-21,43861.8
2023-12-22,43956.72
2023-12-23,43701.11
2023-12-24,42983.99
2023-12-25,43572.9
2023-12-26,42509.82
2023-12-27,43431.09
2023-12-28,42573.34
2023-12-29,42082.29
2023-12-30,42136.98
2023-12-31,42281.1
2024-01-01,44156.09
2024-01-02,44933.03
2024-01-03,42815.63
2024-01-04,44166.69
2024-01-05,44121.1
2024-01-06,43953.94
2024-01-07,43892.1
2024-01-08,46904.4
2024-01-09,46091.99
2024-01-10,46612
2024-01-11,46404
2024-01-12,42863.87
2024-01-13,42840.02
2024-01-14,41809
2024-01-15,42584
2024-01-16,43120.88
2024-01-17,42762.01
2024-01-18,41277.01
2024-01-19,41645.17
2024-01-20,41680.61
2024-01-21,41564.32
2024-01-22,39504.79
2024-01-23,39868.79
2024-01-24,40104.64
2024-01-25,39944.99
2024-01-26,41888.27
2024-01-27,42110.62
2024-01-28,42025.2
2024-01-29,43271.09
2024-01-30,42932.91
2024-01-31,42617.8
2024-02-01,43066.19
2024-02-02,43186.39
2024-02-03,42997.68
2024-02-04,42593.31
2024-02-05,42708.66
2024-02-06,43083.47
2024-02-07,44317.64
2024-02-08,45300.01
2024-02-09,47131.1
2024-02-10,47754.84
2024-02-11,48263.63
2024-02-12,50001.09
2024-02-13,49689.83
2024-02-14,51774.01
2024-02-15,51872.84
2024-02-16,52124.1
2024-02-17,51653.68
2024-02-18,52083.07
2024-02-19,51783.97
2024-02-20,52258.83
2024-02-21,51849.38
2024-02-22,51297.41
2024-02-23,50741.1
2024-02-24,51568.22
2024-02-25,51721.11
2024-02-26,54484.64
2024-02-27,57070.15
2024-02-28,62434.01
2024-02-29,61214.21
2024-03-01,62404.01
2024-03-02,61983.26
2024-03-03,63143.09
2024-03-04,68260.06
2024-03-05,63670.01
2024-03-06,66075.51
2024-03-07,66827.98
2024-03-08,68134.39
2024-03-09,68349.24
2024-03-10,68960.76
2024-03-11,72115.41
2024-03-12,71458.51
2024-03-13,73037.89
2024-03-14,71413.19
2024-03-15,69389.65
2024-03-16,65355.47
2024-03-17,68440
2024-03-18,67546.69
2024-03-19,61923.94
2024-03-20,67900
2024-03-21,65502.06
2024-03-22,63588.31
2024-03-23,63990.02
2024-03-24,67244.04
2024-03-25,69955.33
2024-03-26,70018.59
2024-03-27,69508.99
2024-03-28,70741.2
2024-03-29,69850.54
2024-03-30,69614.99
2024-03-31,71306
2024-04-01,69659.87
2024-04-02,65453.67
2024-04-03,65958.68
2024-04-04,68488
2024-04-05,67818.61
2024-04-06,68889.82
2024-04-07,69360.38
2024-04-08,71637.23
2024-04-09,69142.8
2024-04-10,70620.92
2024-04-11,70010.87
2024-04-12,67133.33
2024-04-13,63887.6
2024-04-14,65686.68
2024-04-15,63399.99
2024-04-16,63793.39
2024-04-17,61280.03
2024-04-18,63470.09
2024-04-19,63779.25
2024-04-20,64962
2024-04-21,64936.31
2024-04-22,66822.2
2024-04-23,66414
2024-04-24,64300.01
2024-04-25,64498.33
2024-04-26,63770.01
2024-04-27,63461.99
2024-04-28,63119.17
2024-04-29,63852
2024-04-30,60662
2024-05-01,58400
2024-05-02,59118.67
2024-05-03,62865
2024-05-04,63896.75
2024-05-05,64006.03
2024-05-06,63158
2024-05-07,62327.77
2024-05-08,61217.42
2024-05-09,63074.01
2024-05-10,60788
2024-05-11,60826
2024-05-12,61484
2024-05-13,62936.6
2024-05-14,61577.5
2024-05-15,66218
2024-05-16,65234.33
2024-05-17,67034.77
2024-05-18,66915.2
2024-05-19,66282.84
2024-05-20,71414.41
2024-05-21,70138.08
2024-05-22,69166.61
2024-05-23,67964.62
2024-05-24,68535.25
2024-05-25,69293.99
2024-05-26,68508.01
2024-05-27,69440.02
2024-05-28,68387.99
2024-05-29,67654.6
2024-05-30,68352.17
2024-05-31,67548
2024-06-01,67768.55
2024-06-02,67779.9
2024-06-03,68812.59
2024-06-04,70548
2024-06-05,71089.2
2024-06-06,70799.07
2024-06-07,69355.6
2024-06-08,69310.97
2024-06-09,69653.73
2024-06-10,69549.69
2024-06-11,67330.01
2024-06-12,68263.98
2024-06-13,66778.74
2024-06-14,66043.99
2024-06-15,66228.24
2024-06-16,66682.93
2024-06-17,66505.49
2024-06-18,65151.23
2024-06-19,64986.59
2024-06-20,64848.7
2024-06-21,64131.12
2024-06-22,64262
2024-06-23,63208.32
2024-06-24,60301
2024-06-25,61824
2024-06-26,60859.99
2024-06-27,61706.47
2024-06-28,60427.83
2024-06-29,60986.68
2024-06-30,62770.58
2024-07-01,62920.54
2024-07-02,62128
2024-07-03,60230.01
2024-07-04,57012.01
2024-07-05,56640.5
2024-07-06,58276.74
2024-07-07,55858.01
2024-07-08,56726.46
2024-07-09,58035.03
2024-07-10,57768.06
2024-07-11,57342.89
2024-07-12,57878.29
2024-07-13,59206
2024-07-14,60776.01
2024-07-15,64800
2024-07-16,65126.82
2024-07-17,64109.01
2024-07-18,63965.97
2024-07-19,66659.99
2024-07-20,67164
2024-07-21,68116.01
2024-07-22,67568
2024-07-23,65923.99
2024-07-24,65380
2024-07-25,65799.94
2024-07-26,67894
2024-07-27,67790.02
2024-07-28,68268.01
2024-07-29,66836
2024-07-30,66200.01
2024-07-31,64644.91
2024-08-01,65414
2024-08-02,61501.99
2024-08-03,60715.35
2024-08-04,58135.31
2024-08-05,53970.01
2024-08-06,55991.99
2024-08-07,55026.23
2024-08-08,61668
2024-08-09,60835.88
2024-08-10,60933.34
2024-08-11,58715.99
2024-08-12,59345.92
2024-08-13,60587.15
2024-08-14,58729.43
2024-08-15,57533
2024-08-16,58870.78
2024-08-17,59458.37
2024-08-18,58444.08
2024-08-19,59463.15
2024-08-20,59006.09
2024-08-21,61152.01
2024-08-22,60369.99
2024-08-23,64032.4
2024-08-24,64157
2024-08-25,64239.86
2024-08-26,62847.99
2024-08-27,59437.99
2024-08-28,59012.93
2024-08-29,59366
2024-08-30,59140
2024-08-31,58974
2024-09-01,57339.76
2024-09-02,59119
2024-09-03,57478
2024-09-04,57972.75
2024-09-05,56174
2024-09-06,53969.99
2024-09-07,54148.5
2024-09-08,54828
2024-09-09,57008.01
2024-09-10,57643.71
2024-09-11,57332.01
2024-09-12,58116
2024-09-13,60518.01
2024-09-14,59993.03
2024-09-15,59192.8
2024-09-16,58193.27
2024-09-17,60302.55
2024-09-18,61608
2024-09-19,62919.99
2024-09-20,63181.99
2024-09-21,63374.35
2024-09-22,63641.32
2024-09-23,63323.01
2024-09-24,64312.01
2024-09-25,63164.08
2024-09-26,65174
2024-09-27,65775.99
2024-09-28,65885.99
2024-09-29,65622.42
2024-09-30,63348.02
2024-10-01,60853.5
2024-10-02,60649.99
2024-10-03,60777.54
2024-10-04,62040.01
2024-10-05,62099.99
2024-10-06,62832.57
2024-10-07,62241.99
2024-10-08,62173.99
2024-10-09,60636.02
2024-10-10,60326.4
2024-10-11,62410.62
2024-10-12,63215.99
2024-10-13,62871.93
2024-10-14,66068
2024-10-15,66960
2024-10-16,67639.15
2024-10-17,67354.84
2024-10-18,68440.13
2024-10-19,68380.68
2024-10-20,69005.35
2024-10-21,67420.06
2024-10-22,67388.92
2024-10-23,66734
2024-10-24,68201.36
2024-10-25,66744
2024-10-26,67119.99
2024-10-27,68029.24
2024-10-28,69960
2024-10-29,72746.49
2024-10-30,72361.65
2024-10-31,70318.01
2024-11-01,69532
2024-11-02,69302
2024-11-03,68746
2024-11-04,67792.34
2024-11-05,69376.01
2024-11-06,75569.34
2024-11-07,75890.01
2024-11-08,76500
2024-11-09,76725.24
2024-11-10,80381.98
2024-11-11,88463.99
2024-11-12,87982.3
2024-11-13,90379.57
2024-11-14,87128.03
2024-11-15,91048.35
2024-11-16,90534.16
2024-11-17,89804.94
2024-11-18,90528.02
2024-11-19,92199.99
2024-11-20,94243.8
2024-11-21,98402.98
2024-11-22,98898.41
2024-11-23,97674.47
2024-11-24,97760.87
2024-11-25,93169.58
2024-11-26,92045.06
2024-11-27,95869.73
2024-11-28,95668.63
2024-11-29,97401.79
2024-11-30,96407.36
2024-12-01,97214.28
2024-12-02,95830.23
2024-12-03,95933.88
2024-12-04,98672.75
2024-12-05,96950.49
2024-12-06,99829.37
2024-12-07,99788.88
2024-12-08,101209.5
2024-12-09,97431.79
2024-12-10,96719.99
2024-12-11,101147.6
2024-12-12,100027.63
2024-12-13,101480.01
2024-12-14,101391.54
2024-12-15,104385.46
2024-12-16,106035.48
2024-12-17,106159.3
2024-12-18,100256.74
2024-12-19,97644
2024-12-20,97768.72
2024-12-21,97313.25
2024-12-22,95169.08
2024-12-23,94817.24
2024-12-24,98738.98
2024-12-25,99524.44
2024-12-26,95838.58
2024-12-27,94302.01
2024-12-28,95374.12
2024-12-29,93786.8
2024-12-30,92884.84
2024-12-31,93636.38
2025-01-01,94654.3
2025-01-02,96967.01
2025-01-03,98114.9
2025-01-04,98265.52
2025-01-05,98374.92
2025-01-06,102182.85
2025-01-07,96934.04
2025-01-08,95060.6
2025-01-09,92440.63
2025-01-10,94703.46
2025-01-11,94563.24
2025-01-12,94540
2025-01-13,94589.6
2025-01-14,96588.01
2025-01-15,100362
2025-01-16,100060.26
2025-01-17,104126.01
2025-01-18,104477.78
2025-01-19,101092
2025-01-20,102190.06
2025-01-21,106183.97
2025-01-22,103684.89
2025-01-23,104040.75
2025-01-24,104843.42
2025-01-25,104733.04
2025-01-26,102633.31
2025-01-27,102088.21
2025-01-28,101379.86
2025-01-29,103747
2025-01-30,104756.27
2025-01-31,102439.31
2025-02-01,100649.24
2025-02-02,97731.68
2025-02-03,101294.32
2025-02-04,97840
2025-02-05,96638.87
2025-02-06,96600.01
2025-02-07,96500
2025-02-08,96471.69
2025-02-09,96490.44
2025-02-10,97411
2025-02-11,95750.82
2025-02-12,97875.76
2025-02-13,96622.13
2025-02-14,97498.97
2025-02-15,97547.8
2025-02-16,96201.82
2025-02-17,95760.16
2025-02-18,95560
2025-02-19,96611.48
2025-02-20,98294.24
2025-02-21,96178.45
2025-02-22,96551
2025-02-23,96265.27
2025-02-24,91395.5
2025-02-25,88795.44
2025-02-26,84151.39
2025-02-27,84829.43
2025-02-28,84475.98
2025-03-01,86026.99
2025-03-02,94158.54
2025-03-03,86117.15
2025-03-04,87302.01
2025-03-05,90629.99
2025-03-06,90037.45
2025-03-07,86741.69
2025-03-08,86159.9
2025-03-09,80706.68
2025-03-10,78851.21
2025-03-11,82813.71
2025-03-12,83834.56
2025-03-13,81131.17
2025-03-14,83968.48
2025-03-15,84367.56
2025-03-16,82616.72
2025-03-17,84066.53
2025-03-18,82789.58
2025-03-19,86775.58
2025-03-20,84247.75
2025-03-21,84080.39
2025-03-22,83840.06
2025-03-23,85970.91
2025-03-24,87471.3
2025-03-25,87449.53
2025-03-26,86889.28
2025-03-27,87197.68
2025-03-28,84388.01
2025-03-29,82632.92
2025-03-30,82295.47
2025-03-31,82566.42
2025-04-01,85164.18
2025-04-02,82576.01
2025-04-03,83143.56
2025-04-04,83873.12
2025-04-05,83509.99
2025-04-06,78168
2025-04-07,79160
2025-04-08,76334.82
2025-04-09,82530.43
2025-04-10,79604.62
2025-04-11,83460
2025-04-12,85288
2025-04-13,83733.99
2025-04-14,84563.9
2025-04-15,83619.53
2025-04-16,84035.35
2025-04-17,84896.44
2025-04-18,84473.85
2025-04-19,85100.01
2025-04-20,85168.56
2025-04-21,87529.6
2025-04-22,93441.91
2025-04-23,93664.13
2025-04-24,93840
2025-04-25,94698.26
2025-04-26,94635.27
2025-04-27,93775.31
2025-04-28,94952.39
2025-04-29,94260.87
2025-04-30,94188.16
2025-05-01,96485.02
2025-05-02,96887.13
2025-05-03,95871.8
2025-05-04,94264.83
2025-05-05,94770.02
2025-05-06,96809.12
2025-05-07,97004.98
2025-05-08,103227.99
2025-05-09,102971.99
2025-05-10,104778.3
2025-05-11,104091.41
2025-05-12,102840.22
2025-05-13,104238.09
2025-05-14,103608.73
2025-05-15,103738.21
2025-05-16,103447.64
2025-05-17,103147.86
2025-05-18,106457.6
2025-05-19,105604.62
2025-05-20,106721.17
2025-05-21,109681.99
2025-05-22,111681.45
2025-05-23,107078.51
2025-05-24,107806.99
2025-05-25,108863.42
2025-05-26,109401.24
2025-05-27,108975.68
2025-05-28,107795.59
2025-05-29,105619.04
2025-05-30,104047.61
2025-05-31,104615.67
2025-06-01,105605.78
2025-06-02,105861.63
2025-06-03,105384.02
2025-06-04,104708.09
2025-06-05,101585.83
2025-06-06,104302.33
2025-06-07,105619.1
2025-06-08,105615.79
2025-06-09,110232.83
2025-06-10,110263.57
2025-06-11,108645.27
2025-06-12,105882.59
2025-06-13,106014.7
2025-06-14,105430.01
2025-06-15,105505.2
2025-06-16,106883.73
2025-06-17,104636.77
2025-06-18,104714.58
2025-06-19,104683.25
2025-06-20,103283.68
2025-06-21,101721.38
2025-06-22,100849.99
2025-06-23,105466.16
2025-06-24,105954.21
2025-06-25,107224.14
2025-06-26,106942.89
2025-06-27,107038.43
2025-06-28,107304.32
2025-06-29,108371
2025-06-30,107093.35
2025-07-01,105594.34
2025-07-02,108847.43
2025-07-03,109579.99
2025-07-04,108025.08
2025-07-05,108198.12
2025-07-06,109240
2025-07-07,108299.99
2025-07-08,108947.24
2025-07-09,111279.84
2025-07-10,116010
2025-07-11,117499
2025-07-12,117399.98
2025-07-13,119183.86
2025-07-14,119846.53
2025-07-15,117730.35
2025-07-16,118649.89
2025-07-17,119292
2025-07-18,117909.69
2025-07-19,117863.03
2025-07-20,117181.64
2025-07-21,117464.56
2025-07-22,119859.99
2025-07-23,118526.49
2025-07-24,118294.68
2025-07-25,117539.13
2025-07-26,117893
2025-07-27,119417.91
2025-07-28,117882.13
2025-07-29,117920
2025-07-30,117800
2025-07-31,115573.46
2025-08-01,113348.91
2025-08-02,112578.43
2025-08-03,114176.01
2025-08-04,115121.76
2025-08-05,114153.7
2025-08-06,114980.77
2025-08-07,117456.02
2025-08-08,116674.75
2025-08-09,116496.72
2025-08-10,119267.13
2025-08-11,118774.76
2025-08-12,120211.99
2025-08-13,123373.6
2025-08-14,118374.02
2025-08-15,117245.86
2025-08-16,117426.36
2025-08-17,117410
2025-08-18,116233.66
2025-08-19,112812.02
2025-08-20,114244.29
2025-08-21,112430.39
2025-08-22,116873.58
2025-08-23,115435.06
2025-08-24,113414.87
2025-08-25,110170.18
2025-08-26,111848.39
2025-08-27,111205.95
2025-08-28,112554.99
2025-08-29,108469.52
2025-08-30,108770.2
2025-08-31,108228.99
2025-09-01,109147.99
2025-09-02,111201.43
2025-09-03,111657.65
2025-09-04,110729.01
2025-09-05,110659.26
2025-09-06,110200.01
2025-09-07,111123.8
2025-09-08,112071.56
2025-09-09,111551.99
2025-09-10,113946.71
2025-09-11,115471.11
2025-09-12,116049.49
2025-09-13,115916.57
2025-09-14,115347.14
2025-09-15,115387
2025-09-16,116735.73
2025-09-17,116460.58
2025-09-18,117102.42
2025-09-19,115613.44
2025-09-20,115679.16
2025-09-21,115272.93
2025-09-22,112628.08
2025-09-23,112011.2
2025-09-24,113288.2
2025-09-25,108908.92
2025-09-26,109659.98
2025-09-27,109610.73
2025-09-28,112120
2025-09-29,114258.53
2025-09-30,114032.99
2025-10-01,118389.59
2025-10-02,120576.24
2025-10-03,122182.66
2025-10-04,122347.56
2025-10-05,123468.01
2025-10-06,124740
2025-10-07,121466.15
2025-10-08,123346.8
2025-10-09,121647.85
2025-10-10,112900.01
2025-10-11,110674.41
2025-10-12,115139.39
2025-10-13,115150.1
2025-10-14,113127.12
2025-10-15,110706.51
2025-10-16,108130.79
2025-10-17,106415.62
2025-10-18,107157.48
2025-10-19,108589.11
2025-10-20,110559.16
2025-10-21,108436.01
2025-10-22,107612.81
2025-10-23,110067.17
2025-10-24,110974.34
2025-10-25,111670.97
2025-10-26,114500.02
2025-10-27,114120
2025-10-28,112883.73
2025-10-29,110092.06
2025-10-30,108302.41
2025-10-31,109610.81
2025-11-01,110057.56
2025-11-02,110645.38
2025-11-03,106615.12
2025-11-04,101676.65
2025-11-05,103898.14
2025-11-06,101316.59
2025-11-07,103389.83
2025-11-08,102297.6
2025-11-09,104712.75
2025-11-10,106016.41
2025-11-11,103067.68
2025-11-12,101603.97
2025-11-13,99853.99
2025-11-14,94515.42
2025-11-15,95565.09
2025-11-16,94331.99
2025-11-17,92186.37
2025-11-18,92900
2025-11-19,91541.41
2025-11-20,86808.14
2025-11-21,85090.48
2025-11-22,84722.5
2025-11-23,86792.58
2025-11-24,88274
2025-11-25,87328.9
2025-11-26,90504.84
2025-11-27,91314.82
2025-11-28,90913.78
2025-11-29,90830.44
2025-11-30,90417.26
2025-12-01,86308.61
2025-12-02,91338.33
2025-12-03,93598.92
2025-12-04,92147.72
2025-12-05,89367.94
2025-12-06,89249.99
2025-12-07,90304.6
2025-12-08,90585.48
2025-12-09,92694.54
2025-12-10,92051.97
2025-12-11,92570.79
2025-12-12,90252.82
2025-12-13,90272.32
2025-12-14,88155.18
2025-12-15,86446.87
2025-12-16,87861.45
2025-12-17,86123.67
2025-12-18,85522.17
2025-12-19,88133.89
2025-12-20,88372.25
2025-12-21,88626.32
2025-12-22,88552
2025-12-23,87462
2025-12-24,87665.04
2025-12-25,87281.5
2025-12-26,87372.98
2025-12-27,87876.32
2025-12-28,87908.07
2025-12-29,87257.15
2025-12-30,88528.6
2025-12-31,87655.3
2026-01-01,88840.38
2026-01-02,89955.09
2026-01-03,90628.01
2026-01-04,91418.33
2026-01-05,93916.5
2026-01-06,93729.78
2026-01-07,91386.6
2026-01-08,91080.83
2026-01-09,90604.59
2026-01-10,90493.84
2026-01-11,90960.25
2026-01-12,91264
2026-01-13,95449.98
2026-01-14,97015.15
2026-01-15,95594.24
2026-01-16,95577.89
2026-01-17,95149.74
2026-01-18,93616.13
2026-01-19,92631.01
2026-01-20,88488.13
2026-01-21,89476.86
2026-01-22,89551.05
2026-01-23,89591.99
2026-01-24,89289.83
2026-01-25,86638.64
2026-01-26,88402.01
2026-01-27,89241.92
2026-01-28,89341.19
2026-01-29,84703.21
2026-01-30,84256.01
2026-01-31,78762.1
2026-02-01,76993.27
2026-02-02,78732.62
2026-02-03,75704.18
2026-02-04,73209.9
2026-02-05,63066.3
2026-02-06,70613.11
2026-02-07,69295.04
2026-02-08,70371.73
2026-02-09,70113.01
2026-02-10,68841.24
2026-02-11,67023.93
2026-02-12,66284.23
2026-02-13,68908.89
2026-02-14,69801.55
2026-02-15,68790.32
2026-02-16,68849.96
2026-02-17,67545.99
2026-02-18,66472.75
2026-02-19,66964.7
2026-02-20,68030.71
2026-02-21,68017
2026-02-22,67654.78
2026-02-23,64581.63
2026-02-24,64070.63
2026-02-25,67958.23
2026-02-26,67485.34
2026-02-27,65874.36
2026-02-28,66956.82
2026-03-01,65690.43
2026-03-02,68797.05
2026-03-03,68287.2
2026-03-04,72667.99
2026-03-05,70820.29
2026-03-06,68105.72
2026-03-07,67260.42
2026-03-08,66057.43
2026-03-09,68399.1
2026-03-10,69899.06
2026-03-11,70201.5
2026-03-12,70497.41
2026-03-13,70937.71
2026-03-14,71213.72
2026-03-15,72781.27
2026-03-16,74849.87
2026-03-17,73939.48
2026-03-18,71290.98
2026-03-19,69975.22
2026-03-20,70518.48
2026-03-21,68849.47
2026-03-22,67864.81
2026-03-23,70919.68
2026-03-24,70559.19
2026-03-25,71379.16
2026-03-26,68818.61
2026-03-27,66370.41
2026-03-28,66393.24
2026-03-29,66024.27
2026-03-30,66762.85
2026-03-31,68276.28
2026-04-01,68084.92
2026-04-02,66902.87
2026-04-03,66942.02
2026-04-04,67300.01
2026-04-05,69006.16
2026-04-06,68888.11
2026-04-07,71932.7
2026-04-08,71111.81
2026-04-09,71784
2026-04-10,72965.76
2026-04-11,73055.96
2026-04-12,70790.02
2026-04-13,74551.52
2026-04-14,74109.99
2026-04-15,74792
2026-04-16,75088.7
2026-04-17,77111.15
2026-04-18,75713.36
2026-04-19,73850.73
2026-04-20,75847.52
2026-04-21,76332.13
2026-04-22,78215.4
2026-04-23,78240.54
2026-04-24,77434.63
2026-04-25,77604
2026-04-26,78659.6
2026-04-27,77399.01
2026-04-28,76341.02
2026-04-29,75816.65
2026-04-30,76361.87
2026-05-01,78192.68
2026-05-02,78664.66
2026-05-03,78552.37
2026-05-04,79849.34
2026-05-05,80928.36
2026-05-06,81440.71
2026-05-07,80039.96
2026-05-08,80197.99
2026-05-09,80701.63
2026-05-10,82092.51
2026-05-11,81757.98
2026-05-12,80483.54
2026-05-13,79313.62
2026-05-14,81085.56
2026-05-15,79125.6
2026-05-16,78180.97
2026-05-17,77471.06
2026-05-18,76991.74
2026-05-19,76838.95
2026-05-20,77548.43
2026-05-21,77603.88
2026-05-22,75579.02
2026-05-23,76789.3
2026-05-24,77073.97
2026-05-25,77342.87
2026-05-26,75918.47
2026-05-27,74441.66
2026-05-28,73612.52
2026-05-29,73483.2
2026-05-30,73856.75
2026-05-31,73696.97
2026-06-01,71372.31
2026-06-02,66850.01
2026-06-03,64157.77
2026-06-04,63823.72
2026-06-05,60932.54
2026-06-06,60902.01
2026-06-07,63210.99
2026-06-08,63072
2026-06-09,61701.93
2026-06-10,61527.99
2026-06-11,63622.48
2026-06-12,63570
2026-06-13,64433.88
2026-06-14,65739.51
2026-06-15,66359.99
2026-06-16,65631.73
2026-06-17,64448
2026-06-18,62958.55
2026-06-19,63555.48
2026-06-20,64299.61
2026-06-21,63329.6
2026-06-22,64036.49
2026-06-23,62743.99
2026-06-24,61090.55
2026-06-25,59770
2026-06-26,60079.85
2026-06-27,60034.3
2026-06-28,59655.21
2026-06-29,60221.11
2026-06-30,58648.49
2026-07-01,60058.58
2026-07-02,61582
2026-07-03,62600.58
2026-07-04,63166.19
2026-07-05,63577.89
2026-07-06,64041.54
2026-07-07,63364.8
2026-07-08,62318.24
2026-07-09,63279.74
2026-07-10,64156
2026-07-11,63895.99
2026-07-12,63782
2026-07-13,62293.12
2026-07-14,64999.99
2026-07-15,64787.22
2026-07-16,63833.22
2026-07-17,63959.99
2026-07-18,64823.67
2026-07-19,64700
2026-07-20,65246.01
2026-07-21,66562.95
2026-07-22,66076.91
2026-07-23,65056.79
2026-07-24,64149.99
2026-07-25,64363
2026-07-26,65362
2026-07-27,63761.99
2026-07-28,63918.44
2026-07-29,63996.68
2026-07-30,64784
2026-07-31,62873.25
2026-08-01,62823.64
2026-08-02,63531.58
2026-08-03,63517.56
2026-08-04,64089.67
2026-08-05,64641.06
2026-08-06,64330
2026-08-07,64917.69
2026-08-08,64965.29
2026-08-09,64867.82
2026-08-10,63975.61
2026-08-11,63612.12
2026-08-12,63425.21
2026-08-13,63462.59
2026-08-14,63040.32
2026-08-15,63086
2026-08-16,62892.67
2026-08-17,64521.6
2026-08-18,64728.03
2026-08-19,69280.58
2026-08-20,73019.34
2026-08-21,78282.19
2026-08-22,77096.54
2026-08-23,77700
2026-08-24,78877.4
2026-08-25,78548
2026-08-26,79114
2026-08-27,80260.15
2026-08-28,77796.73
2026-08-29,78242.57
2026-08-30,77682.96
2026-08-31,78556.54
2026-09-01,77435.15
2026-09-02,77301.14
2026-09-03,81282
2026-09-04,81042.11
