metric,date,value
pump.fun Revenue,2024-03-01,1944.0
pump.fun Revenue,2024-03-02,346.0
pump.fun Revenue,2024-03-03,377.0
pump.fun Revenue,2024-03-04,1110.0
pump.fun Revenue,2024-03-05,1236.0
pump.fun Revenue,2024-03-06,311.0
pump.fun Revenue,2024-03-07,1694.0
pump.fun Revenue,2024-03-08,953.0
pump.fun Revenue,2024-03-09,682.0
pump.fun Revenue,2024-03-10,6166.0
pump.fun Revenue,2024-03-11,2017.0
pump.fun Revenue,2024-03-12,22309.0
pump.fun Revenue,2024-03-13,41842.0
pump.fun Revenue,2024-03-14,68223.0
pump.fun Revenue,2024-03-15,90144.0
pump.fun Revenue,2024-03-16,118340.0
pump.fun Revenue,2024-03-17,63878.0
pump.fun Revenue,2024-03-18,68278.0
pump.fun Revenue,2024-03-19,45372.0
pump.fun Revenue,2024-03-20,57440.0
pump.fun Revenue,2024-03-21,48155.0
pump.fun Revenue,2024-03-22,71638.0
pump.fun Revenue,2024-03-23,108779.0
pump.fun Revenue,2024-03-24,102333.0
pump.fun Revenue,2024-03-25,162024.0
pump.fun Revenue,2024-03-26,151504.0
pump.fun Revenue,2024-03-27,209275.0
pump.fun Revenue,2024-03-28,211930.0
pump.fun Revenue,2024-03-29,257271.0
pump.fun Revenue,2024-03-30,221841.0
pump.fun Revenue,2024-03-31,309728.0
pump.fun Revenue,2024-04-01,316385.0
pump.fun Revenue,2024-04-02,404912.0
pump.fun Revenue,2024-04-03,443975.0
pump.fun Revenue,2024-04-04,412080.0
pump.fun Revenue,2024-04-05,405446.0
pump.fun Revenue,2024-04-06,202533.0
pump.fun Revenue,2024-04-07,386320.0
pump.fun Revenue,2024-04-08,298928.0
pump.fun Revenue,2024-04-09,359122.0
pump.fun Revenue,2024-04-10,448912.0
pump.fun Revenue,2024-04-11,414572.0
pump.fun Revenue,2024-04-12,548913.0
pump.fun Revenue,2024-04-13,363364.0
pump.fun Revenue,2024-04-14,347160.0
pump.fun Revenue,2024-04-15,382984.0
pump.fun Revenue,2024-04-16,523266.0
pump.fun Revenue,2024-04-17,353431.0
pump.fun Revenue,2024-04-18,309450.0
pump.fun Revenue,2024-04-19,254256.0
pump.fun Revenue,2024-04-20,270389.0
pump.fun Revenue,2024-04-21,291978.0
pump.fun Revenue,2024-04-22,272011.0
pump.fun Revenue,2024-04-23,304262.0
pump.fun Revenue,2024-04-24,520230.0
pump.fun Revenue,2024-04-25,293300.0
pump.fun Revenue,2024-04-26,292687.0
pump.fun Revenue,2024-04-27,235556.0
pump.fun Revenue,2024-04-28,274538.0
pump.fun Revenue,2024-04-29,264142.0
pump.fun Revenue,2024-04-30,287935.0
pump.fun Revenue,2024-05-01,255711.0
pump.fun Revenue,2024-05-02,260874.0
pump.fun Revenue,2024-05-03,580717.0
pump.fun Revenue,2024-05-04,401892.0
pump.fun Revenue,2024-05-05,444017.0
pump.fun Revenue,2024-05-06,445474.0
pump.fun Revenue,2024-05-07,752718.0
pump.fun Revenue,2024-05-08,491899.0
pump.fun Revenue,2024-05-09,490506.0
pump.fun Revenue,2024-05-10,564913.0
pump.fun Revenue,2024-05-11,550272.0
pump.fun Revenue,2024-05-12,558465.0
pump.fun Revenue,2024-05-13,671545.0
pump.fun Revenue,2024-05-14,1229303.0
pump.fun Revenue,2024-05-15,669151.0
pump.fun Revenue,2024-05-16,807053.0
pump.fun Revenue,2024-05-17,761783.0
pump.fun Revenue,2024-05-18,0.0
pump.fun Revenue,2024-05-19,0.0
pump.fun Revenue,2024-05-20,8484.0
pump.fun Revenue,2024-05-21,180004.0
pump.fun Revenue,2024-05-22,403122.0
pump.fun Revenue,2024-05-23,392860.0
pump.fun Revenue,2024-05-24,359715.0
pump.fun Revenue,2024-05-25,397752.0
pump.fun Revenue,2024-05-26,554005.0
pump.fun Revenue,2024-05-27,589150.0
pump.fun Revenue,2024-05-28,743966.0
pump.fun Revenue,2024-05-29,802169.0
pump.fun Revenue,2024-05-30,1479121.0
pump.fun Revenue,2024-05-31,744178.0
pump.fun Revenue,2024-06-01,683697.0
pump.fun Revenue,2024-06-02,641985.0
pump.fun Revenue,2024-06-03,1010157.0
pump.fun Revenue,2024-06-04,651998.0
pump.fun Revenue,2024-06-05,622052.0
pump.fun Revenue,2024-06-06,701555.0
pump.fun Revenue,2024-06-07,717584.0
pump.fun Revenue,2024-06-08,1148250.0
pump.fun Revenue,2024-06-09,694656.0
pump.fun Revenue,2024-06-10,686494.0
pump.fun Revenue,2024-06-11,816155.0
pump.fun Revenue,2024-06-12,727837.0
pump.fun Revenue,2024-06-13,806182.0
pump.fun Revenue,2024-06-14,1312414.0
pump.fun Revenue,2024-06-15,590800.0
pump.fun Revenue,2024-06-16,526884.0
pump.fun Revenue,2024-06-17,557321.0
pump.fun Revenue,2024-06-18,664736.0
pump.fun Revenue,2024-06-19,601487.0
pump.fun Revenue,2024-06-20,690884.0
pump.fun Revenue,2024-06-21,675421.0
pump.fun Revenue,2024-06-22,641434.0
pump.fun Revenue,2024-06-23,570144.0
pump.fun Revenue,2024-06-24,486460.0
pump.fun Revenue,2024-06-25,455848.0
pump.fun Revenue,2024-06-26,553554.0
pump.fun Revenue,2024-06-27,551773.0
pump.fun Revenue,2024-06-28,787604.0
pump.fun Revenue,2024-06-29,649646.0
pump.fun Revenue,2024-06-30,598474.0
pump.fun Revenue,2024-07-01,1994649.0
pump.fun Revenue,2024-07-02,695249.0
pump.fun Revenue,2024-07-03,1217445.0
pump.fun Revenue,2024-07-04,648009.0
pump.fun Revenue,2024-07-05,519321.0
pump.fun Revenue,2024-07-06,537764.0
pump.fun Revenue,2024-07-07,597710.0
pump.fun Revenue,2024-07-08,487637.0
pump.fun Revenue,2024-07-09,608977.0
pump.fun Revenue,2024-07-10,649252.0
pump.fun Revenue,2024-07-11,620516.0
pump.fun Revenue,2024-07-12,651728.0
pump.fun Revenue,2024-07-13,710697.0
pump.fun Revenue,2024-07-14,741972.0
pump.fun Revenue,2024-07-15,1708696.0
pump.fun Revenue,2024-07-16,1085238.0
pump.fun Revenue,2024-07-17,1006689.0
pump.fun Revenue,2024-07-18,898933.0
pump.fun Revenue,2024-07-19,816624.0
pump.fun Revenue,2024-07-20,903856.0
pump.fun Revenue,2024-07-21,746898.0
pump.fun Revenue,2024-07-22,971984.0
pump.fun Revenue,2024-07-23,1030942.0
pump.fun Revenue,2024-07-24,914563.0
pump.fun Revenue,2024-07-25,936357.0
pump.fun Revenue,2024-07-26,777798.0
pump.fun Revenue,2024-07-27,924238.0
pump.fun Revenue,2024-07-28,864525.0
pump.fun Revenue,2024-07-29,867429.0
pump.fun Revenue,2024-07-30,2311704.0
pump.fun Revenue,2024-07-31,1188671.0
pump.fun Revenue,2024-08-01,1124702.0
pump.fun Revenue,2024-08-02,875231.0
pump.fun Revenue,2024-08-03,823492.0
pump.fun Revenue,2024-08-04,593473.0
pump.fun Revenue,2024-08-05,535513.0
pump.fun Revenue,2024-08-06,719043.0
pump.fun Revenue,2024-08-07,985757.0
pump.fun Revenue,2024-08-08,999720.0
pump.fun Revenue,2024-08-09,1036384.0
pump.fun Revenue,2024-08-10,922583.0
pump.fun Revenue,2024-08-11,850158.0
pump.fun Revenue,2024-08-12,660104.0
pump.fun Revenue,2024-08-13,860132.0
pump.fun Revenue,2024-08-14,930277.0
pump.fun Revenue,2024-08-15,787504.0
pump.fun Revenue,2024-08-16,677809.0
pump.fun Revenue,2024-08-17,528386.0
pump.fun Revenue,2024-08-18,516698.0
pump.fun Revenue,2024-08-19,604894.0
pump.fun Revenue,2024-08-20,632975.0
pump.fun Revenue,2024-08-21,409339.0
pump.fun Revenue,2024-08-22,364670.0
pump.fun Revenue,2024-08-23,428300.0
pump.fun Revenue,2024-08-24,554165.0
pump.fun Revenue,2024-08-25,455111.0
pump.fun Revenue,2024-08-26,391110.0
pump.fun Revenue,2024-08-27,481418.0
pump.fun Revenue,2024-08-28,453821.0
pump.fun Revenue,2024-08-29,447142.0
pump.fun Revenue,2024-08-30,460312.0
pump.fun Revenue,2024-08-31,375574.0
pump.fun Revenue,2024-09-01,340554.0
pump.fun Revenue,2024-09-02,359968.0
pump.fun Revenue,2024-09-03,442793.0
pump.fun Revenue,2024-09-04,442975.0
pump.fun Revenue,2024-09-05,427730.0
pump.fun Revenue,2024-09-06,409133.0
pump.fun Revenue,2024-09-07,319059.0
pump.fun Revenue,2024-09-08,263844.0
pump.fun Revenue,2024-09-09,281016.0
pump.fun Revenue,2024-09-10,411753.0
pump.fun Revenue,2024-09-11,425043.0
pump.fun Revenue,2024-09-12,396321.0
pump.fun Revenue,2024-09-13,387259.0
pump.fun Revenue,2024-09-14,313538.0
pump.fun Revenue,2024-09-15,278513.0
pump.fun Revenue,2024-09-16,278040.0
pump.fun Revenue,2024-09-17,309016.0
pump.fun Revenue,2024-09-18,363341.0
pump.fun Revenue,2024-09-19,414753.0
pump.fun Revenue,2024-09-20,435832.0
pump.fun Revenue,2024-09-21,404809.0
pump.fun Revenue,2024-09-22,362739.0
pump.fun Revenue,2024-09-23,422179.0
pump.fun Revenue,2024-09-24,504619.0
pump.fun Revenue,2024-09-25,593219.0
pump.fun Revenue,2024-09-26,634793.0
pump.fun Revenue,2024-09-27,953367.0
pump.fun Revenue,2024-09-28,1078634.0
pump.fun Revenue,2024-09-29,1061927.0
pump.fun Revenue,2024-09-30,1092958.0
pump.fun Revenue,2024-10-01,1088006.0
pump.fun Revenue,2024-10-02,887350.0
pump.fun Revenue,2024-10-03,949968.0
pump.fun Revenue,2024-10-04,972323.0
pump.fun Revenue,2024-10-05,950964.0
pump.fun Revenue,2024-10-06,1008041.0
pump.fun Revenue,2024-10-07,969794.0
pump.fun Revenue,2024-10-08,955023.0
pump.fun Revenue,2024-10-09,824164.0
pump.fun Revenue,2024-10-10,866486.0
pump.fun Revenue,2024-10-11,882027.0
pump.fun Revenue,2024-10-12,928447.0
pump.fun Revenue,2024-10-13,975873.0
pump.fun Revenue,2024-10-14,1141843.0
pump.fun Revenue,2024-10-15,1812033.0
pump.fun Revenue,2024-10-16,741137.0
pump.fun Revenue,2024-10-17,825040.0
pump.fun Revenue,2024-10-18,760696.0
pump.fun Revenue,2024-10-19,848122.0
pump.fun Revenue,2024-10-20,1013096.0
pump.fun Revenue,2024-10-21,869328.0
pump.fun Revenue,2024-10-22,998619.0
pump.fun Revenue,2024-10-23,1113304.0
pump.fun Revenue,2024-10-24,1108933.0
pump.fun Revenue,2024-10-25,1177583.0
pump.fun Revenue,2024-10-26,877157.0
pump.fun Revenue,2024-10-27,751620.0
pump.fun Revenue,2024-10-28,916457.0
pump.fun Revenue,2024-10-29,1061576.0
pump.fun Revenue,2024-10-30,1208649.0
pump.fun Revenue,2024-10-31,1015989.0
pump.fun Revenue,2024-11-01,923124.0
pump.fun Revenue,2024-11-02,821721.0
pump.fun Revenue,2024-11-03,708519.0
pump.fun Revenue,2024-11-04,1510912.0
pump.fun Revenue,2024-11-05,1686889.0
pump.fun Revenue,2024-11-06,1751808.0
pump.fun Revenue,2024-11-07,2431901.0
pump.fun Revenue,2024-11-08,2422902.0
pump.fun Revenue,2024-11-09,2414216.0
pump.fun Revenue,2024-11-10,1886355.0
pump.fun Revenue,2024-11-11,2345632.0
pump.fun Revenue,2024-11-12,2867614.0
pump.fun Revenue,2024-11-13,2739627.0
pump.fun Revenue,2024-11-14,2959995.0
pump.fun Revenue,2024-11-15,3248146.0
pump.fun Revenue,2024-11-16,3778788.0
pump.fun Revenue,2024-11-17,3145243.0
pump.fun Revenue,2024-11-18,4221653.0
pump.fun Revenue,2024-11-19,4671901.0
pump.fun Revenue,2024-11-20,4321755.0
pump.fun Revenue,2024-11-21,5226639.0
pump.fun Revenue,2024-11-22,5207989.0
pump.fun Revenue,2024-11-23,4868182.0
pump.fun Revenue,2024-11-24,5310275.0
pump.fun Revenue,2024-11-25,3763956.0
pump.fun Revenue,2024-11-26,3972302.0
pump.fun Revenue,2024-11-27,3572585.0
pump.fun Revenue,2024-11-28,3986665.0
pump.fun Revenue,2024-11-29,3569603.0
pump.fun Revenue,2024-11-30,3539624.0
pump.fun Revenue,2024-12-01,3035244.0
pump.fun Revenue,2024-12-02,2996194.0
pump.fun Revenue,2024-12-03,3054991.0
pump.fun Revenue,2024-12-04,3288663.0
pump.fun Revenue,2024-12-05,2634760.0
pump.fun Revenue,2024-12-06,2962572.0
pump.fun Revenue,2024-12-07,2528499.0
pump.fun Revenue,2024-12-08,2199146.0
pump.fun Revenue,2024-12-09,2337328.0
pump.fun Revenue,2024-12-10,2641125.0
pump.fun Revenue,2024-12-11,2924731.0
pump.fun Revenue,2024-12-12,3314024.0
pump.fun Revenue,2024-12-13,3383026.0
pump.fun Revenue,2024-12-14,3195138.0
pump.fun Revenue,2024-12-15,2637971.0
pump.fun Revenue,2024-12-16,2538357.0
pump.fun Revenue,2024-12-17,2920210.0
pump.fun Revenue,2024-12-18,2626060.0
pump.fun Revenue,2024-12-19,2647772.0
pump.fun Revenue,2024-12-20,2621727.0
pump.fun Revenue,2024-12-21,2615977.0
pump.fun Revenue,2024-12-22,2293338.0
pump.fun Revenue,2024-12-23,2381740.0
pump.fun Revenue,2024-12-24,2492932.0
pump.fun Revenue,2024-12-25,2342510.0
pump.fun Revenue,2024-12-26,1964787.0
pump.fun Revenue,2024-12-27,2576408.0
pump.fun Revenue,2024-12-28,2589006.0
pump.fun Revenue,2024-12-29,2403724.0
pump.fun Revenue,2024-12-30,2296421.0
pump.fun Revenue,2024-12-31,2497259.0
pump.fun Revenue,2025-01-01,14080686.0
pump.fun Revenue,2025-01-02,3201442.0
pump.fun Revenue,2025-01-03,3833077.0
pump.fun Revenue,2025-01-04,3373347.0
pump.fun Revenue,2025-01-05,3202046.0
pump.fun Revenue,2025-01-06,3589115.0
pump.fun Revenue,2025-01-07,6436955.0
pump.fun Revenue,2025-01-08,3105692.0
pump.fun Revenue,2025-01-09,2980323.0
pump.fun Revenue,2025-01-10,3227149.0
pump.fun Revenue,2025-01-11,2937406.0
pump.fun Revenue,2025-01-12,3040220.0
pump.fun Revenue,2025-01-13,5938799.0
pump.fun Revenue,2025-01-14,3321525.0
pump.fun Revenue,2025-01-15,3347040.0
pump.fun Revenue,2025-01-16,3563981.0
pump.fun Revenue,2025-01-17,3157201.0
pump.fun Revenue,2025-01-18,3841066.0
pump.fun Revenue,2025-01-19,4072697.0
pump.fun Revenue,2025-01-20,4694092.0
pump.fun Revenue,2025-01-21,4529463.0
pump.fun Revenue,2025-01-22,4639881.0
pump.fun Revenue,2025-01-23,5531349.0
pump.fun Revenue,2025-01-24,15455966.0
pump.fun Revenue,2025-01-25,4409987.0
pump.fun Revenue,2025-01-26,4177229.0
pump.fun Revenue,2025-01-27,4266689.0
pump.fun Revenue,2025-01-28,9236945.0
pump.fun Revenue,2025-01-29,3734282.0
pump.fun Revenue,2025-01-30,4610211.0
pump.fun Revenue,2025-01-31,4264307.0
pump.fun Revenue,2025-02-01,3225918.0
pump.fun Revenue,2025-02-02,2588511.0
pump.fun Revenue,2025-02-03,7065289.0
pump.fun Revenue,2025-02-04,2996821.0
pump.fun Revenue,2025-02-05,2859829.0
pump.fun Revenue,2025-02-06,2559022.0
pump.fun Revenue,2025-02-07,2743759.0
pump.fun Revenue,2025-02-08,2382132.0
pump.fun Revenue,2025-02-09,2726011.0
pump.fun Revenue,2025-02-10,3235696.0
pump.fun Revenue,2025-02-11,3193017.0
pump.fun Revenue,2025-02-12,7580824.0
pump.fun Revenue,2025-02-13,2715309.0
pump.fun Revenue,2025-02-14,2414818.0
pump.fun Revenue,2025-02-15,2183785.0
pump.fun Revenue,2025-02-16,2106418.0
pump.fun Revenue,2025-02-17,2023891.0
pump.fun Revenue,2025-02-18,3905054.0
pump.fun Revenue,2025-02-19,1690650.0
pump.fun Revenue,2025-02-20,1872169.0
pump.fun Revenue,2025-02-21,1715429.0
pump.fun Revenue,2025-02-22,1495619.0
pump.fun Revenue,2025-02-23,1415496.0
pump.fun Revenue,2025-02-24,2445579.0
pump.fun Revenue,2025-02-25,1146497.0
pump.fun Revenue,2025-02-26,1043848.0
pump.fun Revenue,2025-02-27,1179182.0
pump.fun Revenue,2025-02-28,1103124.0
pump.fun Revenue,2025-03-01,925448.0
pump.fun Revenue,2025-03-02,1588782.0
pump.fun Revenue,2025-03-03,1157977.0
pump.fun Revenue,2025-03-04,1106915.0
pump.fun Revenue,2025-03-05,1368876.0
pump.fun Revenue,2025-03-06,1367572.0
pump.fun Revenue,2025-03-07,1370770.0
pump.fun Revenue,2025-03-08,1076652.0
pump.fun Revenue,2025-03-09,1013822.0
pump.fun Revenue,2025-03-10,1089969.0
pump.fun Revenue,2025-03-11,2969287.0
pump.fun Revenue,2025-03-12,1300321.0
pump.fun Revenue,2025-03-13,1223206.0
pump.fun Revenue,2025-03-14,1362189.0
pump.fun Revenue,2025-03-15,1190982.0
pump.fun Revenue,2025-03-16,1035170.0
pump.fun Revenue,2025-03-17,2184869.0
pump.fun Revenue,2025-03-18,1070880.0
pump.fun Revenue,2025-03-19,1236996.0
pump.fun Revenue,2025-03-20,1083513.0
pump.fun Revenue,2025-03-21,694838.0
pump.fun Revenue,2025-03-22,742409.0
pump.fun Revenue,2025-03-23,946108.0
pump.fun Revenue,2025-03-24,1729420.0
pump.fun Revenue,2025-03-25,1579238.0
pump.fun Revenue,2025-03-26,1472540.0
pump.fun Revenue,2025-03-27,1459352.0
pump.fun Revenue,2025-03-28,1452086.0
pump.fun Revenue,2025-03-29,1155556.0
pump.fun Revenue,2025-03-30,1118188.0
pump.fun Revenue,2025-03-31,1328605.0
pump.fun Revenue,2025-04-01,1568551.0
pump.fun Revenue,2025-04-02,1358574.0
pump.fun Revenue,2025-04-03,1130625.0
pump.fun Revenue,2025-04-04,1192787.0
pump.fun Revenue,2025-04-05,1110875.0
pump.fun Revenue,2025-04-06,893560.0
pump.fun Revenue,2025-04-07,1144211.0
pump.fun Revenue,2025-04-08,1336994.0
pump.fun Revenue,2025-04-09,1781764.0
pump.fun Revenue,2025-04-10,1504822.0
pump.fun Revenue,2025-04-11,1605409.0
pump.fun Revenue,2025-04-12,1766002.0
pump.fun Revenue,2025-04-13,1631875.0
pump.fun Revenue,2025-04-14,1943877.0
pump.fun Revenue,2025-04-15,2034268.0
pump.fun Revenue,2025-04-16,2096458.0
pump.fun Revenue,2025-04-17,2075541.0
pump.fun Revenue,2025-04-18,1772531.0
pump.fun Revenue,2025-04-19,1609075.0
pump.fun Revenue,2025-04-20,1402039.0
pump.fun Revenue,2025-04-21,1952187.0
pump.fun Revenue,2025-04-22,2263544.0
pump.fun Revenue,2025-04-23,2241041.0
pump.fun Revenue,2025-04-24,1913398.0
pump.fun Revenue,2025-04-25,1868519.0
pump.fun Revenue,2025-04-26,1592803.0
pump.fun Revenue,2025-04-27,1394983.0
pump.fun Revenue,2025-04-28,1676189.0
pump.fun Revenue,2025-04-29,1805938.0
pump.fun Revenue,2025-04-30,1897103.0
pump.fun Revenue,2025-05-01,1728255.0
pump.fun Revenue,2025-05-02,1931954.0
pump.fun Revenue,2025-05-03,1681320.0
pump.fun Revenue,2025-05-04,1595500.0
pump.fun Revenue,2025-05-05,1861365.0
pump.fun Revenue,2025-05-06,1893020.0
pump.fun Revenue,2025-05-07,2133188.0
pump.fun Revenue,2025-05-08,2546798.0
pump.fun Revenue,2025-05-09,2444461.0
pump.fun Revenue,2025-05-10,1842129.0
pump.fun Revenue,2025-05-11,1645605.0
pump.fun Revenue,2025-05-12,1394390.0
pump.fun Revenue,2025-05-13,1319905.0
pump.fun Revenue,2025-05-14,1232579.0
pump.fun Revenue,2025-05-15,1101073.0
pump.fun Revenue,2025-05-16,1303635.0
pump.fun Revenue,2025-05-17,1433802.0
pump.fun Revenue,2025-05-18,1582001.0
pump.fun Revenue,2025-05-19,1718177.0
pump.fun Revenue,2025-05-20,1808539.0
pump.fun Revenue,2025-05-21,1810413.0
pump.fun Revenue,2025-05-22,1972502.0
pump.fun Revenue,2025-05-23,1743479.0
pump.fun Revenue,2025-05-24,1372216.0
pump.fun Revenue,2025-05-25,1475957.0
pump.fun Revenue,2025-05-26,1797044.0
pump.fun Revenue,2025-05-27,1817242.0
pump.fun Revenue,2025-05-28,1653395.0
pump.fun Revenue,2025-05-29,1541971.0
pump.fun Revenue,2025-05-30,1397528.0
pump.fun Revenue,2025-05-31,1249075.0
pump.fun Revenue,2025-06-01,1417225.0
pump.fun Revenue,2025-06-02,1757894.0
pump.fun Revenue,2025-06-03,1699768.0
pump.fun Revenue,2025-06-04,1551498.0
pump.fun Revenue,2025-06-05,1719210.0
pump.fun Revenue,2025-06-06,1517286.0
pump.fun Revenue,2025-06-07,1297924.0
pump.fun Revenue,2025-06-08,1251995.0
pump.fun Revenue,2025-06-09,1617660.0
pump.fun Revenue,2025-06-10,1673898.0
pump.fun Revenue,2025-06-11,1562512.0
pump.fun Revenue,2025-06-12,1311589.0
pump.fun Revenue,2025-06-13,1288198.0
pump.fun Revenue,2025-06-14,1140594.0
pump.fun Revenue,2025-06-15,1141970.0
pump.fun Revenue,2025-06-16,1690597.0
pump.fun Revenue,2025-06-17,1463221.0
pump.fun Revenue,2025-06-18,1359822.0
pump.fun Revenue,2025-06-19,1299224.0
pump.fun Revenue,2025-06-20,1145577.0
pump.fun Revenue,2025-06-21,1007812.0
pump.fun Revenue,2025-06-22,1081353.0
pump.fun Revenue,2025-06-23,1291220.0
pump.fun Revenue,2025-06-24,1377206.0
pump.fun Revenue,2025-06-25,1423440.0
pump.fun Revenue,2025-06-26,1379912.0
pump.fun Revenue,2025-06-27,1103298.0
pump.fun Revenue,2025-06-28,947027.0
pump.fun Revenue,2025-06-29,1133833.0
pump.fun Revenue,2025-06-30,1543545.0
pump.fun Revenue,2025-07-01,1537843.0
pump.fun Revenue,2025-07-02,1465183.0
pump.fun Revenue,2025-07-03,1279607.0
pump.fun Revenue,2025-07-04,971201.0
pump.fun Revenue,2025-07-05,658205.0
pump.fun Revenue,2025-07-06,454332.0
pump.fun Revenue,2025-07-07,464732.0
pump.fun Revenue,2025-07-08,409248.0
pump.fun Revenue,2025-07-09,613887.0
pump.fun Revenue,2025-07-10,558748.0
pump.fun Revenue,2025-07-11,517830.0
pump.fun Revenue,2025-07-12,655879.0
pump.fun Revenue,2025-07-13,459757.0
pump.fun Revenue,2025-07-14,645361.0
pump.fun Revenue,2025-07-15,727134.0
pump.fun Revenue,2025-07-16,715125.0
pump.fun Revenue,2025-07-17,580853.0
pump.fun Revenue,2025-07-18,494542.0
pump.fun Revenue,2025-07-19,454334.0
pump.fun Revenue,2025-07-20,420367.0
pump.fun Revenue,2025-07-21,467307.0
pump.fun Revenue,2025-07-22,525095.0
pump.fun Revenue,2025-07-23,382232.0
pump.fun Revenue,2025-07-24,299446.0
pump.fun Revenue,2025-07-25,249263.0
pump.fun Revenue,2025-07-26,237385.0
pump.fun Revenue,2025-07-27,194654.0
pump.fun Revenue,2025-07-28,191442.0
pump.fun Revenue,2025-07-29,224768.0
pump.fun Revenue,2025-07-30,204571.0
pump.fun Revenue,2025-07-31,241957.0
pump.fun Revenue,2025-08-01,156603.0
pump.fun Revenue,2025-08-02,175463.0
pump.fun Revenue,2025-08-03,164376.0
pump.fun Revenue,2025-08-04,265798.0
pump.fun Revenue,2025-08-05,696562.0
pump.fun Revenue,2025-08-06,1453032.0
pump.fun Revenue,2025-08-07,1263614.0
pump.fun Revenue,2025-08-08,1295918.0
pump.fun Revenue,2025-08-09,1223532.0
pump.fun Revenue,2025-08-10,1261631.0
pump.fun Revenue,2025-08-11,1788436.0
pump.fun Revenue,2025-08-12,1818427.0
pump.fun Revenue,2025-08-13,2265373.0
pump.fun Revenue,2025-08-14,1833621.0
pump.fun Revenue,2025-08-15,1500315.0
pump.fun Revenue,2025-08-16,1383897.0
pump.fun Revenue,2025-08-17,1323614.0
pump.fun Revenue,2025-08-18,1645757.0
pump.fun Revenue,2025-08-19,1221197.0
pump.fun Revenue,2025-08-20,1337369.0
pump.fun Revenue,2025-08-21,1313758.0
pump.fun Revenue,2025-08-22,1394861.0
pump.fun Revenue,2025-08-23,1349502.0
pump.fun Revenue,2025-08-24,1228122.0
pump.fun Revenue,2025-08-25,1557976.0
pump.fun Revenue,2025-08-26,1713272.0
pump.fun Revenue,2025-08-27,2066583.0
pump.fun Revenue,2025-08-28,2013791.0
pump.fun Revenue,2025-08-29,1513647.0
pump.fun Revenue,2025-08-30,1168376.0
pump.fun Revenue,2025-08-31,1195355.0
pump.fun Revenue,2025-09-01,1316115.0
pump.fun Revenue,2025-09-02,1494291.0
pump.fun Revenue,2025-09-03,1861725.0
pump.fun Revenue,2025-09-04,1600190.0
pump.fun Revenue,2025-09-05,1490904.0
pump.fun Revenue,2025-09-06,1204859.0
pump.fun Revenue,2025-09-07,1206703.0
pump.fun Revenue,2025-09-08,1639133.0
pump.fun Revenue,2025-09-09,1556409.0
pump.fun Revenue,2025-09-10,1801301.0
pump.fun Revenue,2025-09-11,1598094.0
pump.fun Revenue,2025-09-12,1733744.0
pump.fun Revenue,2025-09-13,1479664.0
pump.fun Revenue,2025-09-14,2253900.0
pump.fun Revenue,2025-09-15,2416789.0
pump.fun Revenue,2025-09-16,2229317.0
pump.fun Revenue,2025-09-17,1768632.0
pump.fun Revenue,2025-09-18,1424006.0
pump.fun Revenue,2025-09-19,1590260.0
pump.fun Revenue,2025-09-20,1138912.0
pump.fun Revenue,2025-09-21,1005244.0
pump.fun Revenue,2025-09-22,1074051.0
pump.fun Revenue,2025-09-23,1016669.0
pump.fun Revenue,2025-09-24,944997.0
pump.fun Revenue,2025-09-25,897457.0
pump.fun Revenue,2025-09-26,892925.0
pump.fun Revenue,2025-09-27,771735.0
pump.fun Revenue,2025-09-28,753473.0
pump.fun Revenue,2025-09-29,1295994.0
pump.fun Revenue,2025-09-30,1326271.0
pump.fun Revenue,2025-10-01,1418732.0
pump.fun Revenue,2025-10-02,1326991.0
pump.fun Revenue,2025-10-03,1253678.0
pump.fun Revenue,2025-10-04,901888.0
pump.fun Revenue,2025-10-05,1003705.0
pump.fun Revenue,2025-10-06,1348637.0
pump.fun Revenue,2025-10-07,885442.0
pump.fun Revenue,2025-10-08,576984.0
pump.fun Revenue,2025-10-09,774757.0
pump.fun Revenue,2025-10-10,702000.0
pump.fun Revenue,2025-10-11,594505.0
pump.fun Revenue,2025-10-12,545023.0
pump.fun Revenue,2025-10-13,698047.0
pump.fun Revenue,2025-10-14,895487.0
pump.fun Revenue,2025-10-15,859731.0
pump.fun Revenue,2025-10-16,933625.0
pump.fun Revenue,2025-10-17,774012.0
pump.fun Revenue,2025-10-18,786226.0
pump.fun Revenue,2025-10-19,854085.0
pump.fun Revenue,2025-10-20,994780.0
pump.fun Revenue,2025-10-21,1002400.0
pump.fun Revenue,2025-10-22,882673.0
pump.fun Revenue,2025-10-23,820489.0
pump.fun Revenue,2025-10-24,859531.0
pump.fun Revenue,2025-10-25,741733.0
pump.fun Revenue,2025-10-26,779494.0
pump.fun Revenue,2025-10-27,1007986.0
pump.fun Revenue,2025-10-28,1045256.0
pump.fun Revenue,2025-10-29,1051827.0
pump.fun Revenue,2025-10-30,1112068.0
pump.fun Revenue,2025-10-31,1030554.0
pump.fun Revenue,2025-11-01,1012808.0
pump.fun Revenue,2025-11-02,953989.0
pump.fun Revenue,2025-11-03,1033809.0
pump.fun Revenue,2025-11-04,955556.0
pump.fun Revenue,2025-11-05,923001.0
pump.fun Revenue,2025-11-06,932625.0
pump.fun Revenue,2025-11-07,953584.0
pump.fun Revenue,2025-11-08,844004.0
pump.fun Revenue,2025-11-09,783695.0
pump.fun Revenue,2025-11-10,1090701.0
pump.fun Revenue,2025-11-11,971669.0
pump.fun Revenue,2025-11-12,1026561.0
pump.fun Revenue,2025-11-13,840462.0
pump.fun Revenue,2025-11-14,808402.0
pump.fun Revenue,2025-11-15,704117.0
pump.fun Revenue,2025-11-16,685439.0
pump.fun Revenue,2025-11-17,737783.0
pump.fun Revenue,2025-11-18,771924.0
pump.fun Revenue,2025-11-19,835554.0
pump.fun Revenue,2025-11-20,760332.0
pump.fun Revenue,2025-11-21,648679.0
pump.fun Revenue,2025-11-22,619067.0
pump.fun Revenue,2025-11-23,522059.0
pump.fun Revenue,2025-11-24,595101.0
pump.fun Revenue,2025-11-25,707839.0
pump.fun Revenue,2025-11-26,868745.0
pump.fun Revenue,2025-11-27,782862.0
pump.fun Revenue,2025-11-28,873171.0
pump.fun Revenue,2025-11-29,805524.0
pump.fun Revenue,2025-11-30,754754.0
pump.fun Revenue,2025-12-01,801605.0
pump.fun Revenue,2025-12-02,975082.0
pump.fun Revenue,2025-12-03,942694.0
pump.fun Revenue,2025-12-04,993814.0
pump.fun Revenue,2025-12-05,873855.0
pump.fun Revenue,2025-12-06,764085.0
pump.fun Revenue,2025-12-07,604509.0
pump.fun Revenue,2025-12-08,886003.0
pump.fun Revenue,2025-12-09,828430.0
pump.fun Revenue,2025-12-10,816082.0
pump.fun Revenue,2025-12-11,846736.0
pump.fun Revenue,2025-12-12,783318.0
pump.fun Revenue,2025-12-13,609069.0
pump.fun Revenue,2025-12-14,633954.0
pump.fun Revenue,2025-12-15,659518.0
pump.fun Revenue,2025-12-16,684684.0
pump.fun Revenue,2025-12-17,656124.0
pump.fun Revenue,2025-12-18,633396.0
pump.fun Revenue,2025-12-19,642588.0
pump.fun Revenue,2025-12-20,626750.0
pump.fun Revenue,2025-12-21,641420.0
pump.fun Revenue,2025-12-22,870963.0
pump.fun Revenue,2025-12-23,794576.0
pump.fun Revenue,2025-12-24,700245.0
pump.fun Revenue,2025-12-25,652303.0
pump.fun Revenue,2025-12-26,706302.0
pump.fun Revenue,2025-12-27,726554.0
pump.fun Revenue,2025-12-28,779134.0
pump.fun Revenue,2025-12-29,841761.0
pump.fun Revenue,2025-12-30,847371.0
pump.fun Revenue,2025-12-31,724561.0
pump.fun Revenue,2026-01-01,699649.0
pump.fun Revenue,2026-01-02,756120.0
pump.fun Revenue,2026-01-03,566836.0
pump.fun Revenue,2026-01-04,614319.0
pump.fun Revenue,2026-01-05,881401.0
pump.fun Revenue,2026-01-06,1097352.0
pump.fun Revenue,2026-01-07,1004090.0
pump.fun Revenue,2026-01-08,996608.0
pump.fun Revenue,2026-01-09,1039151.0
pump.fun Revenue,2026-01-10,976003.0
pump.fun Revenue,2026-01-11,982893.0
pump.fun Revenue,2026-01-12,1154723.0
pump.fun Revenue,2026-01-13,1199156.0
pump.fun Revenue,2026-01-14,1230455.0
pump.fun Revenue,2026-01-15,1336136.0
pump.fun Revenue,2026-01-16,757905.0
pump.fun Revenue,2026-01-17,799816.0
pump.fun Revenue,2026-01-18,860962.0
pump.fun Revenue,2026-01-19,873327.0
pump.fun Revenue,2026-01-20,816512.0
pump.fun Revenue,2026-01-21,763452.0
pump.fun Revenue,2026-01-22,780124.0
pump.fun Revenue,2026-01-23,853637.0
pump.fun Revenue,2026-01-24,1157373.0
pump.fun Revenue,2026-01-25,1302588.0
pump.fun Revenue,2026-01-26,1539510.0
pump.fun Revenue,2026-01-27,1489549.0
pump.fun Revenue,2026-01-28,1428265.0
pump.fun Revenue,2026-01-29,1327416.0
pump.fun Revenue,2026-01-30,1471429.0
pump.fun Revenue,2026-01-31,1094616.0
pump.fun Revenue,2026-02-01,944399.0
pump.fun Revenue,2026-02-02,1023247.0
pump.fun Revenue,2026-02-03,1089170.0
pump.fun Revenue,2026-02-04,1003353.0
pump.fun Revenue,2026-02-05,919519.0
pump.fun Revenue,2026-02-06,875522.0
pump.fun Revenue,2026-02-07,886009.0
pump.fun Revenue,2026-02-08,823693.0
pump.fun Revenue,2026-02-09,881900.0
pump.fun Revenue,2026-02-10,946335.0
pump.fun Revenue,2026-02-11,877556.0
pump.fun Revenue,2026-02-12,860665.0
pump.fun Revenue,2026-02-13,930555.0
pump.fun Revenue,2026-02-14,770407.0
pump.fun Revenue,2026-02-15,817675.0
pump.fun Revenue,2026-02-16,921293.0
pump.fun Revenue,2026-02-17,1091056.0
pump.fun Revenue,2026-02-18,1040389.0
pump.fun Revenue,2026-02-19,883573.0
pump.fun Revenue,2026-02-20,959497.0
pump.fun Revenue,2026-02-21,871783.0
pump.fun Revenue,2026-02-22,869789.0
pump.fun Revenue,2026-02-23,899545.0
pump.fun Revenue,2026-02-24,898284.0
pump.fun Revenue,2026-02-25,984439.0
pump.fun Revenue,2026-02-26,813463.0
pump.fun Revenue,2026-02-27,918281.0
pump.fun Revenue,2026-02-28,842902.0
pump.fun Revenue,2026-03-01,849256.0
pump.fun Revenue,2026-03-02,1001177.0
pump.fun Revenue,2026-03-03,905701.0
pump.fun Revenue,2026-03-04,968178.0
pump.fun Revenue,2026-03-05,866809.0
pump.fun Revenue,2026-03-06,1025436.0
pump.fun Revenue,2026-03-07,807093.0
pump.fun Revenue,2026-03-08,720654.0
pump.fun Revenue,2026-03-09,869938.0
pump.fun Revenue,2026-03-10,869050.0
pump.fun Revenue,2026-03-11,875948.0
pump.fun Revenue,2026-03-12,951701.0
pump.fun Revenue,2026-03-13,878246.0
pump.fun Revenue,2026-03-14,761806.0
pump.fun Revenue,2026-03-15,778674.0
pump.fun Revenue,2026-03-16,1047435.0
pump.fun Revenue,2026-03-17,879270.0
pump.fun Revenue,2026-03-18,799463.0
pump.fun Revenue,2026-03-19,748830.0
pump.fun Revenue,2026-03-20,671460.0
pump.fun Revenue,2026-03-21,378785.0
pump.fun Revenue,2026-03-22,441395.0
pump.fun Revenue,2026-03-23,700943.0
pump.fun Revenue,2026-03-24,733066.0
pump.fun Revenue,2026-03-25,792908.0
pump.fun Revenue,2026-03-26,722125.0
pump.fun Revenue,2026-03-27,707407.0
pump.fun Revenue,2026-03-28,678266.0
pump.fun Revenue,2026-03-29,623437.0
pump.fun Revenue,2026-03-30,1131412.0
pump.fun Revenue,2026-03-31,765982.0
pump.fun Revenue,2026-04-01,771104.0
pump.fun Revenue,2026-04-02,720141.0
pump.fun Revenue,2026-04-03,739454.0
pump.fun Revenue,2026-04-04,712310.0
pump.fun Revenue,2026-04-05,590463.0
pump.fun Revenue,2026-04-06,764939.0
pump.fun Revenue,2026-04-07,814276.0
pump.fun Revenue,2026-04-08,835705.0
pump.fun Revenue,2026-04-09,938645.0
pump.fun Revenue,2026-04-10,733892.0
pump.fun Revenue,2026-04-11,595327.0
pump.fun Revenue,2026-04-12,539906.0
pump.fun Revenue,2026-04-13,707197.0
pump.fun Revenue,2026-04-14,715280.0
pump.fun Revenue,2026-04-15,699060.0
pump.fun Revenue,2026-04-16,754932.0
pump.fun Revenue,2026-04-17,705817.0
pump.fun Revenue,2026-04-18,566605.0
pump.fun Revenue,2026-04-19,547129.0
pump.fun Revenue,2026-04-20,697523.0
pump.fun Revenue,2026-04-21,678365.0
pump.fun Revenue,2026-04-22,604523.0
pump.fun Revenue,2026-04-23,583370.0
pump.fun Revenue,2026-04-24,635644.0
pump.fun Revenue,2026-04-25,608075.0
pump.fun Revenue,2026-04-26,640168.0
pump.fun Revenue,2026-04-27,805553.0
pump.fun Revenue,2026-04-28,896194.0
pump.fun Revenue,2026-04-29,910190.0
pump.fun Revenue,2026-04-30,842543.0
pump.fun Revenue,2026-05-01,868587.0
pump.fun Revenue,2026-05-02,715221.0
pump.fun Revenue,2026-05-03,731291.0
pump.fun Revenue,2026-05-04,829491.0
pump.fun Revenue,2026-05-05,762541.0
pump.fun Revenue,2026-05-06,834532.0
pump.fun Revenue,2026-05-07,875847.0
pump.fun Revenue,2026-05-08,926690.0
pump.fun Revenue,2026-05-09,777275.0
pump.fun Revenue,2026-05-10,706517.0
pump.fun Revenue,2026-05-11,983091.0
pump.fun Revenue,2026-05-12,953251.0
pump.fun Revenue,2026-05-13,848796.0
pump.fun Revenue,2026-05-14,882921.0
pump.fun Revenue,2026-05-15,775842.0
pump.fun Revenue,2026-05-16,747601.0
pump.fun Revenue,2026-05-17,691401.0
pump.fun Revenue,2026-05-18,791185.0
pump.fun Revenue,2026-05-19,743714.0
pump.fun Revenue,2026-05-20,760993.0
pump.fun Revenue,2026-05-21,649750.0
pump.fun Revenue,2026-05-22,670000.0
pump.fun Revenue,2026-05-23,622222.0
pump.fun Revenue,2026-05-24,638179.0
pump.fun Revenue,2026-05-25,752148.0
pump.fun Revenue,2026-05-26,697630.0
pump.fun Revenue,2026-05-27,700381.0
pump.fun Revenue,2026-05-28,723366.0
pump.fun Revenue,2026-05-29,722619.0
pump.fun Revenue,2026-05-30,639313.0
pump.fun Revenue,2026-05-31,652510.0
pump.fun Revenue,2026-06-01,795748.0
pump.fun Revenue,2026-06-02,710744.0
pump.fun Revenue,2026-06-03,591063.0
pump.fun Revenue,2026-06-04,563583.0
pump.fun Revenue,2026-06-05,530053.0
pump.fun Revenue,2026-06-06,446501.0
pump.fun Revenue,2026-06-07,486790.0
pump.fun Revenue,2026-06-08,591372.0
pump.fun Revenue,2026-06-09,668529.0
pump.fun Revenue,2026-06-10,630198.0
pump.fun Revenue,2026-06-11,660396.0
pump.fun Revenue,2026-06-12,636511.0
pump.fun Revenue,2026-06-13,541370.0
pump.fun Revenue,2026-06-14,543776.0
pump.fun Revenue,2026-06-15,670278.0
pump.fun Revenue,2026-06-16,758145.0
pump.fun Revenue,2026-06-17,611754.0
pump.fun Revenue,2026-06-18,577558.0
pump.fun Revenue,2026-06-19,565316.0
pump.fun Revenue,2026-06-20,503713.0
pump.fun Revenue,2026-06-21,466893.0
pump.fun Revenue,2026-06-22,623752.0
pump.fun Revenue,2026-06-23,595873.0
pump.fun Revenue,2026-06-24,558018.0
pump.fun Revenue,2026-06-25,584843.0
pump.fun Revenue,2026-06-26,647467.0
pump.fun Revenue,2026-06-27,516393.0
pump.fun Revenue,2026-06-28,661584.0
pump.fun Revenue,2026-06-29,659493.0
pump.fun Revenue,2026-06-30,691279.0
pump.fun Revenue,2026-07-01,797972.0
pump.fun Revenue,2026-07-02,816328.0
pump.fun Revenue,2026-07-03,852707.0
pump.fun Revenue,2026-07-04,691778.0
pump.fun Revenue,2026-07-05,602594.0
pump.fun Revenue,2026-07-06,727254.0
pump.fun Revenue,2026-07-07,800862.0
pump.fun Revenue,2026-07-08,613277.0
pump.fun Revenue,2026-07-09,683559.0
pump.fun Revenue,2026-07-10,511902.0
pump.fun Revenue,2026-07-11,445291.0
pump.fun Revenue,2026-07-12,428782.0
pump.fun Revenue,2026-07-13,531623.0
pump.fun Revenue,2026-07-14,615718.0
pump.fun Revenue,2026-07-15,602407.0
pump.fun Revenue,2026-07-16,595167.0
pump.fun Revenue,2026-07-17,579797.0
pump.fun Revenue,2026-07-18,598274.0
pump.fun Revenue,2026-07-19,546339.0
pump.fun Revenue,2026-07-20,680735.0
pump.fun Revenue,2026-07-21,690163.0
pump.fun Revenue,2026-07-22,764802.0
pump.fun Revenue,2026-07-23,718934.0
pump.fun Revenue,2026-07-24,761890.0
pump.fun Revenue,2026-07-25,718800.0
pump.fun Revenue,2026-07-26,761825.0
pump.fun Revenue,2026-07-27,913186.0
pump.fun Revenue,2026-07-28,920380.0
pump.fun Revenue,2026-07-29,926435.0
pump.fun Revenue,2026-07-30,969446.0
pump.fun Revenue,2026-07-31,889507.0
pump.fun Revenue,2026-08-01,770557.0
pump.fun Revenue,2026-08-02,753947.0
pump.fun Revenue,2026-08-03,961285.0
pump.fun Revenue,2026-08-04,1039961.0
pump.fun Revenue,2026-08-05,976624.0
pump.fun Revenue,2026-08-06,895010.0
pump.fun Revenue,2026-08-07,912791.0
pump.fun Revenue,2026-08-08,946591.0
pump.fun Revenue,2026-08-09,1122323.0
pump.fun Revenue,2026-08-10,1094387.0
pump.fun Revenue,2026-08-11,1097061.0
pump.fun Revenue,2026-08-12,1172532.0
pump.fun Revenue,2026-08-13,1131236.0
pump.fun Revenue,2026-08-14,1035429.0
pump.fun Revenue,2026-08-15,946223.0
pump.fun Revenue,2026-08-16,882411.0
pump.fun Revenue,2026-08-17,1082404.0
pump.fun Revenue,2026-08-18,1155883.0
pump.fun Revenue,2026-08-19,1524633.0
pump.fun Revenue,2026-08-20,1341331.0
fomo Revenue,2025-01-31,355.0
fomo Revenue,2025-02-01,18.0
fomo Revenue,2025-02-02,204.0
fomo Revenue,2025-02-03,121.0
fomo Revenue,2025-02-04,157.0
fomo Revenue,2025-02-05,18.0
fomo Revenue,2025-02-06,0.0
fomo Revenue,2025-02-07,2.0
fomo Revenue,2025-02-08,3.0
fomo Revenue,2025-02-09,16.0
fomo Revenue,2025-02-10,83.0
fomo Revenue,2025-02-11,26.0
fomo Revenue,2025-02-12,74.0
fomo Revenue,2025-02-13,47.0
fomo Revenue,2025-02-14,0.0
fomo Revenue,2025-02-15,0.0
fomo Revenue,2025-02-16,0.0
fomo Revenue,2025-02-17,0.0
fomo Revenue,2025-02-18,0.0
fomo Revenue,2025-02-19,30.0
fomo Revenue,2025-02-20,9.0
fomo Revenue,2025-02-21,9.0
fomo Revenue,2025-02-22,4.0
fomo Revenue,2025-02-23,0.0
fomo Revenue,2025-02-24,0.0
fomo Revenue,2025-02-25,0.0
fomo Revenue,2025-02-26,4.0
fomo Revenue,2025-02-27,5.0
fomo Revenue,2025-02-28,12.0
fomo Revenue,2025-03-01,8.0
fomo Revenue,2025-03-02,2.0
fomo Revenue,2025-03-03,0.0
fomo Revenue,2025-03-04,28.0
fomo Revenue,2025-03-05,39.0
fomo Revenue,2025-03-06,0.0
fomo Revenue,2025-03-07,13.0
fomo Revenue,2025-03-08,16.0
fomo Revenue,2025-03-09,17.0
fomo Revenue,2025-03-10,0.0
fomo Revenue,2025-03-11,13.0
fomo Revenue,2025-03-12,28.0
fomo Revenue,2025-03-13,0.0
fomo Revenue,2025-03-14,41.0
fomo Revenue,2025-03-15,7.0
fomo Revenue,2025-03-16,0.0
fomo Revenue,2025-03-17,3.0
fomo Revenue,2025-03-18,0.0
fomo Revenue,2025-03-19,8.0
fomo Revenue,2025-03-20,0.0
fomo Revenue,2025-03-21,6.0
fomo Revenue,2025-03-22,0.0
fomo Revenue,2025-03-23,50.0
fomo Revenue,2025-03-24,17.0
fomo Revenue,2025-03-25,37.0
fomo Revenue,2025-03-26,69.0
fomo Revenue,2025-03-27,34.0
fomo Revenue,2025-03-28,21.0
fomo Revenue,2025-03-29,15.0
fomo Revenue,2025-03-30,172.0
fomo Revenue,2025-03-31,37.0
fomo Revenue,2025-04-01,142.0
fomo Revenue,2025-04-02,96.0
fomo Revenue,2025-04-03,13.0
fomo Revenue,2025-04-04,149.0
fomo Revenue,2025-04-05,23.0
fomo Revenue,2025-04-06,1.0
fomo Revenue,2025-04-07,116.0
fomo Revenue,2025-04-08,120.0
fomo Revenue,2025-04-09,101.0
fomo Revenue,2025-04-10,226.0
fomo Revenue,2025-04-11,54.0
fomo Revenue,2025-04-12,31.0
fomo Revenue,2025-04-13,71.0
fomo Revenue,2025-04-14,129.0
fomo Revenue,2025-04-15,129.0
fomo Revenue,2025-04-16,150.0
fomo Revenue,2025-04-17,48.0
fomo Revenue,2025-04-18,152.0
fomo Revenue,2025-04-19,327.0
fomo Revenue,2025-04-20,409.0
fomo Revenue,2025-04-21,310.0
fomo Revenue,2025-04-22,235.0
fomo Revenue,2025-04-23,214.0
fomo Revenue,2025-04-24,239.0
fomo Revenue,2025-04-25,430.0
fomo Revenue,2025-04-26,437.0
fomo Revenue,2025-04-27,348.0
fomo Revenue,2025-04-28,330.0
fomo Revenue,2025-04-29,248.0
fomo Revenue,2025-04-30,468.0
fomo Revenue,2025-05-01,808.0
fomo Revenue,2025-05-02,279.0
fomo Revenue,2025-05-03,461.0
fomo Revenue,2025-05-04,258.0
fomo Revenue,2025-05-05,253.0
fomo Revenue,2025-05-06,1004.0
fomo Revenue,2025-05-07,1360.0
fomo Revenue,2025-05-08,1101.0
fomo Revenue,2025-05-09,848.0
fomo Revenue,2025-05-10,905.0
fomo Revenue,2025-05-11,1400.0
fomo Revenue,2025-05-12,1841.0
fomo Revenue,2025-05-13,4182.0
fomo Revenue,2025-05-14,3964.0
fomo Revenue,2025-05-15,3178.0
fomo Revenue,2025-05-16,1763.0
fomo Revenue,2025-05-17,1650.0
fomo Revenue,2025-05-18,1515.0
fomo Revenue,2025-05-19,1117.0
fomo Revenue,2025-05-20,1598.0
fomo Revenue,2025-05-21,1314.0
fomo Revenue,2025-05-22,2333.0
fomo Revenue,2025-05-23,1908.0
fomo Revenue,2025-05-24,852.0
fomo Revenue,2025-05-25,1173.0
fomo Revenue,2025-05-26,1953.0
fomo Revenue,2025-05-27,2042.0
fomo Revenue,2025-05-28,1675.0
fomo Revenue,2025-05-29,2114.0
fomo Revenue,2025-05-30,1640.0
fomo Revenue,2025-05-31,1614.0
fomo Revenue,2025-06-01,1032.0
fomo Revenue,2025-06-02,780.0
fomo Revenue,2025-06-03,1044.0
fomo Revenue,2025-06-04,1117.0
fomo Revenue,2025-06-05,1100.0
fomo Revenue,2025-06-06,1163.0
fomo Revenue,2025-06-07,1204.0
fomo Revenue,2025-06-08,1671.0
fomo Revenue,2025-06-09,2985.0
fomo Revenue,2025-06-10,1833.0
fomo Revenue,2025-06-11,1571.0
fomo Revenue,2025-06-12,1260.0
fomo Revenue,2025-06-13,1377.0
fomo Revenue,2025-06-14,1328.0
fomo Revenue,2025-06-15,1389.0
fomo Revenue,2025-06-16,1442.0
fomo Revenue,2025-06-17,1741.0
fomo Revenue,2025-06-18,843.0
fomo Revenue,2025-06-19,1490.0
fomo Revenue,2025-06-20,2002.0
fomo Revenue,2025-06-21,2124.0
fomo Revenue,2025-06-22,1347.0
fomo Revenue,2025-06-23,1398.0
fomo Revenue,2025-06-24,1027.0
fomo Revenue,2025-06-25,1400.0
fomo Revenue,2025-06-26,1156.0
fomo Revenue,2025-06-27,2167.0
fomo Revenue,2025-06-28,1917.0
fomo Revenue,2025-06-29,1447.0
fomo Revenue,2025-06-30,1661.0
fomo Revenue,2025-07-01,1105.0
fomo Revenue,2025-07-02,1950.0
fomo Revenue,2025-07-03,1907.0
fomo Revenue,2025-07-04,1597.0
fomo Revenue,2025-07-05,2093.0
fomo Revenue,2025-07-06,1796.0
fomo Revenue,2025-07-07,2723.0
fomo Revenue,2025-07-08,5011.0
fomo Revenue,2025-07-09,4828.0
fomo Revenue,2025-07-10,6451.0
fomo Revenue,2025-07-11,6839.0
fomo Revenue,2025-07-12,7703.0
fomo Revenue,2025-07-13,6287.0
fomo Revenue,2025-07-14,7332.0
fomo Revenue,2025-07-15,8216.0
fomo Revenue,2025-07-16,7908.0
fomo Revenue,2025-07-17,10191.0
fomo Revenue,2025-07-18,12252.0
fomo Revenue,2025-07-19,9604.0
fomo Revenue,2025-07-20,10252.0
fomo Revenue,2025-07-21,8461.0
fomo Revenue,2025-07-22,10289.0
fomo Revenue,2025-07-23,9704.0
fomo Revenue,2025-07-24,9201.0
fomo Revenue,2025-07-25,8416.0
fomo Revenue,2025-07-26,7633.0
fomo Revenue,2025-07-27,8056.0
fomo Revenue,2025-07-28,11507.0
fomo Revenue,2025-07-29,12147.0
fomo Revenue,2025-07-30,11456.0
fomo Revenue,2025-07-31,12167.0
fomo Revenue,2025-08-01,9541.0
fomo Revenue,2025-08-02,7950.0
fomo Revenue,2025-08-03,8275.0
fomo Revenue,2025-08-04,8933.0
fomo Revenue,2025-08-05,11763.0
fomo Revenue,2025-08-06,9833.0
fomo Revenue,2025-08-07,28049.0
fomo Revenue,2025-08-08,31432.0
fomo Revenue,2025-08-09,29891.0
fomo Revenue,2025-08-10,29823.0
fomo Revenue,2025-08-11,44726.0
fomo Revenue,2025-08-12,39729.0
fomo Revenue,2025-08-13,37192.0
fomo Revenue,2025-08-14,30437.0
fomo Revenue,2025-08-15,25599.0
fomo Revenue,2025-08-16,30808.0
fomo Revenue,2025-08-17,25565.0
fomo Revenue,2025-08-18,36029.0
fomo Revenue,2025-08-19,34930.0
fomo Revenue,2025-08-20,32660.0
fomo Revenue,2025-08-21,60374.0
fomo Revenue,2025-08-22,36536.0
fomo Revenue,2025-08-23,35641.0
fomo Revenue,2025-08-24,47680.0
fomo Revenue,2025-08-25,34986.0
fomo Revenue,2025-08-26,50726.0
fomo Revenue,2025-08-27,44225.0
fomo Revenue,2025-08-28,46471.0
fomo Revenue,2025-08-29,58151.0
fomo Revenue,2025-08-30,46016.0
fomo Revenue,2025-08-31,15951.0
fomo Revenue,2025-09-01,14434.0
fomo Revenue,2025-09-02,19651.0
fomo Revenue,2025-09-03,23185.0
fomo Revenue,2025-09-04,19557.0
fomo Revenue,2025-09-05,18258.0
fomo Revenue,2025-09-06,12745.0
fomo Revenue,2025-09-07,12501.0
fomo Revenue,2025-09-08,15752.0
fomo Revenue,2025-09-09,14135.0
fomo Revenue,2025-09-10,22722.0
fomo Revenue,2025-09-11,17800.0
fomo Revenue,2025-09-12,15024.0
fomo Revenue,2025-09-13,16561.0
fomo Revenue,2025-09-14,23619.0
fomo Revenue,2025-09-15,20413.0
fomo Revenue,2025-09-16,12930.0
fomo Revenue,2025-09-17,9760.0
fomo Revenue,2025-09-18,13865.0
fomo Revenue,2025-09-19,12006.0
fomo Revenue,2025-09-20,6971.0
fomo Revenue,2025-09-21,5690.0
fomo Revenue,2025-09-22,6458.0
fomo Revenue,2025-09-23,8053.0
fomo Revenue,2025-09-24,9532.0
fomo Revenue,2025-09-25,12223.0
fomo Revenue,2025-09-26,8913.0
fomo Revenue,2025-09-27,7932.0
fomo Revenue,2025-09-28,7855.0
fomo Revenue,2025-09-29,11793.0
fomo Revenue,2025-09-30,12103.0
fomo Revenue,2025-10-01,17637.0
fomo Revenue,2025-10-02,14521.0
fomo Revenue,2025-10-03,18443.0
fomo Revenue,2025-10-04,14854.0
fomo Revenue,2025-10-05,16799.0
fomo Revenue,2025-10-06,24298.0
fomo Revenue,2025-10-07,13762.0
fomo Revenue,2025-10-08,10607.0
fomo Revenue,2025-10-09,10486.0
fomo Revenue,2025-10-10,12821.0
fomo Revenue,2025-10-11,7486.0
fomo Revenue,2025-10-12,10187.0
fomo Revenue,2025-10-13,10038.0
fomo Revenue,2025-10-14,14009.0
fomo Revenue,2025-10-15,11203.0
fomo Revenue,2025-10-16,10422.0
fomo Revenue,2025-10-17,8457.0
fomo Revenue,2025-10-18,16475.0
fomo Revenue,2025-10-19,12592.0
fomo Revenue,2025-10-20,13526.0
fomo Revenue,2025-10-21,16417.0
fomo Revenue,2025-10-22,18850.0
fomo Revenue,2025-10-23,19095.0
fomo Revenue,2025-10-24,21530.0
fomo Revenue,2025-10-25,39152.0
fomo Revenue,2025-10-26,44735.0
fomo Revenue,2025-10-27,60065.0
fomo Revenue,2025-10-28,81452.0
fomo Revenue,2025-10-29,60336.0
fomo Revenue,2025-10-30,49430.0
fomo Revenue,2025-10-31,49488.0
fomo Revenue,2025-11-01,44667.0
fomo Revenue,2025-11-02,40814.0
fomo Revenue,2025-11-03,33453.0
fomo Revenue,2025-11-04,31847.0
fomo Revenue,2025-11-05,38386.0
fomo Revenue,2025-11-06,41304.0
fomo Revenue,2025-11-07,23436.0
fomo Revenue,2025-11-08,38984.0
fomo Revenue,2025-11-09,45991.0
fomo Revenue,2025-11-10,55109.0
fomo Revenue,2025-11-11,63781.0
fomo Revenue,2025-11-12,60178.0
fomo Revenue,2025-11-13,38115.0
fomo Revenue,2025-11-14,35969.0
fomo Revenue,2025-11-15,27503.0
fomo Revenue,2025-11-16,25410.0
fomo Revenue,2025-11-17,20693.0
fomo Revenue,2025-11-18,31606.0
fomo Revenue,2025-11-19,26492.0
fomo Revenue,2025-11-20,15789.0
fomo Revenue,2025-11-21,17763.0
fomo Revenue,2025-11-22,17939.0
fomo Revenue,2025-11-23,8203.0
fomo Revenue,2025-11-24,18772.0
fomo Revenue,2025-11-25,17660.0
fomo Revenue,2025-11-26,30587.0
fomo Revenue,2025-11-27,26521.0
fomo Revenue,2025-11-28,31134.0
fomo Revenue,2025-11-29,25671.0
fomo Revenue,2025-11-30,26962.0
fomo Revenue,2025-12-01,29618.0
fomo Revenue,2025-12-02,30194.0
fomo Revenue,2025-12-03,26689.0
fomo Revenue,2025-12-04,31286.0
fomo Revenue,2025-12-05,28091.0
fomo Revenue,2025-12-06,37998.0
fomo Revenue,2025-12-07,36056.0
fomo Revenue,2025-12-08,34418.0
fomo Revenue,2025-12-09,32692.0
fomo Revenue,2025-12-10,36469.0
fomo Revenue,2025-12-11,33736.0
fomo Revenue,2025-12-12,27720.0
fomo Revenue,2025-12-13,17645.0
fomo Revenue,2025-12-14,16846.0
fomo Revenue,2025-12-15,20384.0
fomo Revenue,2025-12-16,18081.0
fomo Revenue,2025-12-17,13905.0
fomo Revenue,2025-12-18,21265.0
fomo Revenue,2025-12-19,19215.0
fomo Revenue,2025-12-20,17660.0
fomo Revenue,2025-12-21,17217.0
fomo Revenue,2025-12-22,23558.0
fomo Revenue,2025-12-23,18071.0
fomo Revenue,2025-12-24,18663.0
fomo Revenue,2025-12-25,22432.0
fomo Revenue,2025-12-26,17355.0
fomo Revenue,2025-12-27,21552.0
fomo Revenue,2025-12-28,30258.0
fomo Revenue,2025-12-29,33007.0
fomo Revenue,2025-12-30,23568.0
fomo Revenue,2025-12-31,25438.0
fomo Revenue,2026-01-01,21581.0
fomo Revenue,2026-01-02,39412.0
fomo Revenue,2026-01-03,48108.0
fomo Revenue,2026-01-04,43924.0
fomo Revenue,2026-01-05,49576.0
fomo Revenue,2026-01-06,56176.0
fomo Revenue,2026-01-07,48593.0
fomo Revenue,2026-01-08,50903.0
fomo Revenue,2026-01-09,56020.0
fomo Revenue,2026-01-10,54374.0
fomo Revenue,2026-01-11,57645.0
fomo Revenue,2026-01-12,71733.0
fomo Revenue,2026-01-13,89798.0
fomo Revenue,2026-01-14,85381.0
fomo Revenue,2026-01-15,79015.0
fomo Revenue,2026-01-16,160088.0
fomo Revenue,2026-01-17,98579.0
fomo Revenue,2026-01-18,89494.0
fomo Revenue,2026-01-19,88846.0
fomo Revenue,2026-01-20,73685.0
fomo Revenue,2026-01-21,68220.0
fomo Revenue,2026-01-22,81882.0
fomo Revenue,2026-01-23,82167.0
fomo Revenue,2026-01-24,114755.0
fomo Revenue,2026-01-25,135026.0
fomo Revenue,2026-01-26,135456.0
fomo Revenue,2026-01-27,153028.0
fomo Revenue,2026-01-28,172208.0
fomo Revenue,2026-01-29,127434.0
fomo Revenue,2026-01-30,286241.0
fomo Revenue,2026-01-31,309347.0
fomo Revenue,2026-02-01,276876.0
fomo Revenue,2026-02-02,214100.0
fomo Revenue,2026-02-03,202511.0
fomo Revenue,2026-02-04,204606.0
fomo Revenue,2026-02-05,129885.0
fomo Revenue,2026-02-06,127259.0
fomo Revenue,2026-02-07,125418.0
fomo Revenue,2026-02-08,119695.0
fomo Revenue,2026-02-09,103448.0
fomo Revenue,2026-02-10,130691.0
fomo Revenue,2026-02-11,102432.0
fomo Revenue,2026-02-12,104221.0
fomo Revenue,2026-02-13,125237.0
fomo Revenue,2026-02-14,120090.0
fomo Revenue,2026-02-15,106358.0
fomo Revenue,2026-02-16,106788.0
fomo Revenue,2026-02-17,178277.0
fomo Revenue,2026-02-18,136649.0
fomo Revenue,2026-02-19,134818.0
fomo Revenue,2026-02-20,140429.0
fomo Revenue,2026-02-21,141796.0
fomo Revenue,2026-02-22,126977.0
fomo Revenue,2026-02-23,137697.0
fomo Revenue,2026-02-24,126212.0
fomo Revenue,2026-02-25,142658.0
fomo Revenue,2026-02-26,93617.0
fomo Revenue,2026-02-27,96820.0
fomo Revenue,2026-02-28,75906.0
fomo Revenue,2026-03-01,56403.0
fomo Revenue,2026-03-02,78354.0
fomo Revenue,2026-03-03,64574.0
fomo Revenue,2026-03-04,72044.0
fomo Revenue,2026-03-05,75635.0
fomo Revenue,2026-03-06,85749.0
fomo Revenue,2026-03-07,69784.0
fomo Revenue,2026-03-08,62808.0
fomo Revenue,2026-03-09,65139.0
fomo Revenue,2026-03-10,85145.0
fomo Revenue,2026-03-11,75487.0
fomo Revenue,2026-03-12,74196.0
fomo Revenue,2026-03-13,77201.0
fomo Revenue,2026-03-14,57833.0
fomo Revenue,2026-03-15,47146.0
fomo Revenue,2026-03-16,62399.0
fomo Revenue,2026-03-17,59794.0
fomo Revenue,2026-03-18,49335.0
fomo Revenue,2026-03-19,55457.0
fomo Revenue,2026-03-20,53218.0
fomo Revenue,2026-03-21,45809.0
fomo Revenue,2026-03-22,43889.0
fomo Revenue,2026-03-23,62795.0
fomo Revenue,2026-03-24,60376.0
fomo Revenue,2026-03-25,83214.0
fomo Revenue,2026-03-26,61129.0
fomo Revenue,2026-03-27,60192.0
fomo Revenue,2026-03-28,41740.0
fomo Revenue,2026-03-29,42224.0
fomo Revenue,2026-03-30,56796.0
fomo Revenue,2026-03-31,59868.0
fomo Revenue,2026-04-01,56342.0
fomo Revenue,2026-04-02,51069.0
fomo Revenue,2026-04-03,44245.0
fomo Revenue,2026-04-04,45083.0
fomo Revenue,2026-04-05,43370.0
fomo Revenue,2026-04-06,47925.0
fomo Revenue,2026-04-07,44134.0
fomo Revenue,2026-04-08,42252.0
fomo Revenue,2026-04-09,43948.0
fomo Revenue,2026-04-10,52318.0
fomo Revenue,2026-04-11,42675.0
fomo Revenue,2026-04-12,40057.0
fomo Revenue,2026-04-13,84343.0
fomo Revenue,2026-04-14,69025.0
fomo Revenue,2026-04-15,63946.0
fomo Revenue,2026-04-16,81986.0
fomo Revenue,2026-04-17,108293.0
fomo Revenue,2026-04-18,73545.0
fomo Revenue,2026-04-19,45739.0
fomo Revenue,2026-04-20,54185.0
fomo Revenue,2026-04-21,63202.0
fomo Revenue,2026-04-22,67008.0
fomo Revenue,2026-04-23,63651.0
fomo Revenue,2026-04-24,59310.0
fomo Revenue,2026-04-25,53798.0
fomo Revenue,2026-04-26,64020.0
fomo Revenue,2026-04-27,83554.0
fomo Revenue,2026-04-28,97338.0
fomo Revenue,2026-04-29,90551.0
fomo Revenue,2026-04-30,81791.0
fomo Revenue,2026-05-01,70916.0
fomo Revenue,2026-05-02,65843.0
fomo Revenue,2026-05-03,52267.0
fomo Revenue,2026-05-04,61884.0
fomo Revenue,2026-05-05,73341.0
fomo Revenue,2026-05-06,83084.0
fomo Revenue,2026-05-07,96236.0
fomo Revenue,2026-05-08,114727.0
fomo Revenue,2026-05-09,84371.0
fomo Revenue,2026-05-10,76246.0
fomo Revenue,2026-05-11,110870.0
fomo Revenue,2026-05-12,127405.0
fomo Revenue,2026-05-13,111807.0
fomo Revenue,2026-05-14,107435.0
fomo Revenue,2026-05-15,90252.0
fomo Revenue,2026-05-16,89921.0
fomo Revenue,2026-05-17,84604.0
fomo Revenue,2026-05-18,92413.0
fomo Revenue,2026-05-19,118235.0
fomo Revenue,2026-05-20,111288.0
fomo Revenue,2026-05-21,116021.0
fomo Revenue,2026-05-22,121160.0
fomo Revenue,2026-05-23,79607.0
fomo Revenue,2026-05-24,88822.0
fomo Revenue,2026-05-25,83846.0
fomo Revenue,2026-05-26,94183.0
fomo Revenue,2026-05-27,84068.0
fomo Revenue,2026-05-28,73175.0
fomo Revenue,2026-05-29,70017.0
fomo Revenue,2026-05-30,60502.0
fomo Revenue,2026-05-31,67519.0
fomo Revenue,2026-06-01,97728.0
fomo Revenue,2026-06-02,83640.0
fomo Revenue,2026-06-03,75902.0
fomo Revenue,2026-06-04,98024.0
fomo Revenue,2026-06-05,73255.0
fomo Revenue,2026-06-06,52509.0
fomo Revenue,2026-06-07,51294.0
fomo Revenue,2026-06-08,61044.0
fomo Revenue,2026-06-09,89449.0
fomo Revenue,2026-06-10,77846.0
fomo Revenue,2026-06-11,67881.0
fomo Revenue,2026-06-12,77432.0
fomo Revenue,2026-06-13,61694.0
fomo Revenue,2026-06-14,61670.0
fomo Revenue,2026-06-15,79129.0
fomo Revenue,2026-06-16,82419.0
fomo Revenue,2026-06-17,84547.0
fomo Revenue,2026-06-18,91382.0
fomo Revenue,2026-06-19,72074.0
fomo Revenue,2026-06-20,68016.0
fomo Revenue,2026-06-21,60747.0
fomo Revenue,2026-06-22,68526.0
fomo Revenue,2026-06-23,79004.0
fomo Revenue,2026-06-24,74871.0
fomo Revenue,2026-06-25,76886.0
fomo Revenue,2026-06-26,76644.0
fomo Revenue,2026-06-27,71377.0
fomo Revenue,2026-06-28,154408.0
fomo Revenue,2026-06-29,112708.0
fomo Revenue,2026-06-30,161474.0
fomo Revenue,2026-07-01,119090.0
fomo Revenue,2026-07-02,128281.0
fomo Revenue,2026-07-03,126776.0
fomo Revenue,2026-07-04,170289.0
fomo Revenue,2026-07-05,193580.0
fomo Revenue,2026-07-06,220563.0
fomo Revenue,2026-07-07,200349.0
fomo Revenue,2026-07-08,168021.0
fomo Revenue,2026-07-09,157031.0
fomo Revenue,2026-07-10,231816.0
fomo Revenue,2026-07-11,212771.0
fomo Revenue,2026-07-12,187346.0
fomo Revenue,2026-07-13,195434.0
fomo Revenue,2026-07-14,277287.0
fomo Revenue,2026-07-15,279477.0
fomo Revenue,2026-07-16,240143.0
fomo Revenue,2026-07-17,293468.0
fomo Revenue,2026-07-18,212099.0
fomo Revenue,2026-07-19,170353.0
fomo Revenue,2026-07-20,216388.0
fomo Revenue,2026-07-21,243114.0
fomo Revenue,2026-07-22,221453.0
fomo Revenue,2026-07-23,334368.0
fomo Revenue,2026-07-24,267485.0
fomo Revenue,2026-07-25,220698.0
fomo Revenue,2026-07-26,282461.0
fomo Revenue,2026-07-27,305034.0
fomo Revenue,2026-07-28,282756.0
fomo Revenue,2026-07-29,274371.0
fomo Revenue,2026-07-30,306919.0
fomo Revenue,2026-07-31,273748.0
fomo Revenue,2026-08-01,151179.0
fomo Revenue,2026-08-02,263375.0
fomo Revenue,2026-08-03,416675.0
fomo Revenue,2026-08-04,451843.0
fomo Revenue,2026-08-05,411036.0
fomo Revenue,2026-08-06,550466.0
fomo Revenue,2026-08-07,398753.0
fomo Revenue,2026-08-08,422926.0
fomo Revenue,2026-08-09,425091.0
fomo Revenue,2026-08-10,389286.0
fomo Revenue,2026-08-11,443539.0
fomo Revenue,2026-08-12,379853.0
fomo Revenue,2026-08-13,366297.0
fomo Revenue,2026-08-14,334343.0
fomo Revenue,2026-08-15,306788.0
fomo Revenue,2026-08-16,387451.0
fomo Revenue,2026-08-17,456750.0
fomo Revenue,2026-08-18,426166.0
fomo Revenue,2026-08-19,502288.0
fomo Revenue,2026-08-20,29344.0
Polymarket Volume,2020-10-01,20.0
Polymarket Volume,2020-10-02,165.0
Polymarket Volume,2020-10-04,10.0
Polymarket Volume,2020-10-05,82.0
Polymarket Volume,2020-10-06,86.0
Polymarket Volume,2020-10-07,129.0
Polymarket Volume,2020-10-08,64.0
Polymarket Volume,2020-10-09,0.0
Polymarket Volume,2020-10-12,16497.0
Polymarket Volume,2020-10-13,2263.0
Polymarket Volume,2020-10-14,120888.0
Polymarket Volume,2020-10-15,22530.0
Polymarket Volume,2020-10-16,5685.0
Polymarket Volume,2020-10-17,2042.0
Polymarket Volume,2020-10-18,25875.0
Polymarket Volume,2020-10-19,16433.0
Polymarket Volume,2020-10-20,58059.0
Polymarket Volume,2020-10-21,35971.0
Polymarket Volume,2020-10-22,179306.0
Polymarket Volume,2020-10-23,75202.0
Polymarket Volume,2020-10-24,42043.0
Polymarket Volume,2020-10-25,33989.0
Polymarket Volume,2020-10-26,112507.0
Polymarket Volume,2020-10-27,294039.0
Polymarket Volume,2020-10-28,257668.0
Polymarket Volume,2020-10-29,291131.0
Polymarket Volume,2020-10-30,448533.0
Polymarket Volume,2020-10-31,223596.0
Polymarket Volume,2020-11-01,244428.0
Polymarket Volume,2020-11-02,424832.0
Polymarket Volume,2020-11-03,726328.0
Polymarket Volume,2020-11-04,3293654.0
Polymarket Volume,2020-11-05,1262573.0
Polymarket Volume,2020-11-06,910747.0
Polymarket Volume,2020-11-07,551459.0
Polymarket Volume,2020-11-08,305701.0
Polymarket Volume,2020-11-09,427946.0
Polymarket Volume,2020-11-10,388251.0
Polymarket Volume,2020-11-11,375000.0
Polymarket Volume,2020-11-12,378001.0
Polymarket Volume,2020-11-13,399054.0
Polymarket Volume,2020-11-14,279614.0
Polymarket Volume,2020-11-15,312517.0
Polymarket Volume,2020-11-16,368119.0
Polymarket Volume,2020-11-17,316302.0
Polymarket Volume,2020-11-18,447813.0
Polymarket Volume,2020-11-19,472796.0
Polymarket Volume,2020-11-20,608977.0
Polymarket Volume,2020-11-21,435108.0
Polymarket Volume,2020-11-22,237545.0
Polymarket Volume,2020-11-23,565985.0
Polymarket Volume,2020-11-24,933483.0
Polymarket Volume,2020-11-25,768380.0
Polymarket Volume,2020-11-26,351783.0
Polymarket Volume,2020-11-27,302450.0
Polymarket Volume,2020-11-28,391261.0
Polymarket Volume,2020-11-29,402013.0
Polymarket Volume,2020-11-30,784510.0
Polymarket Volume,2020-12-01,1010625.0
Polymarket Volume,2020-12-02,602127.0
Polymarket Volume,2020-12-03,461735.0
Polymarket Volume,2020-12-04,289945.0
Polymarket Volume,2020-12-05,204061.0
Polymarket Volume,2020-12-06,477120.0
Polymarket Volume,2020-12-07,408130.0
Polymarket Volume,2020-12-08,927187.0
Polymarket Volume,2020-12-09,642697.0
Polymarket Volume,2020-12-10,713138.0
Polymarket Volume,2020-12-11,645152.0
Polymarket Volume,2020-12-12,370587.0
Polymarket Volume,2020-12-13,198688.0
Polymarket Volume,2020-12-14,541704.0
Polymarket Volume,2020-12-15,1135253.0
Polymarket Volume,2020-12-16,756373.0
Polymarket Volume,2020-12-17,532912.0
Polymarket Volume,2020-12-18,499510.0
Polymarket Volume,2020-12-19,234407.0
Polymarket Volume,2020-12-20,106997.0
Polymarket Volume,2020-12-21,336215.0
Polymarket Volume,2020-12-22,318008.0
Polymarket Volume,2020-12-23,452627.0
Polymarket Volume,2020-12-24,444210.0
Polymarket Volume,2020-12-25,684293.0
Polymarket Volume,2020-12-26,405005.0
Polymarket Volume,2020-12-27,334847.0
Polymarket Volume,2020-12-28,536716.0
Polymarket Volume,2020-12-29,318387.0
Polymarket Volume,2020-12-30,534887.0
Polymarket Volume,2020-12-31,304087.0
Polymarket Volume,2021-01-01,893104.0
Polymarket Volume,2021-01-02,357977.0
Polymarket Volume,2021-01-03,414550.0
Polymarket Volume,2021-01-04,705912.0
Polymarket Volume,2021-01-05,634457.0
Polymarket Volume,2021-01-06,2143851.0
Polymarket Volume,2021-01-07,985112.0
Polymarket Volume,2021-01-08,571782.0
Polymarket Volume,2021-01-09,529353.0
Polymarket Volume,2021-01-10,570702.0
Polymarket Volume,2021-01-11,494885.0
Polymarket Volume,2021-01-12,306683.0
Polymarket Volume,2021-01-13,587694.0
Polymarket Volume,2021-01-14,721872.0
Polymarket Volume,2021-01-15,1343620.0
Polymarket Volume,2021-01-16,674931.0
Polymarket Volume,2021-01-17,609852.0
Polymarket Volume,2021-01-18,838875.0
Polymarket Volume,2021-01-19,1424012.0
Polymarket Volume,2021-01-20,1563032.0
Polymarket Volume,2021-01-21,972394.0
Polymarket Volume,2021-01-22,847638.0
Polymarket Volume,2021-01-23,442590.0
Polymarket Volume,2021-01-24,565417.0
Polymarket Volume,2021-01-25,920210.0
Polymarket Volume,2021-01-26,293322.0
Polymarket Volume,2021-01-27,514489.0
Polymarket Volume,2021-01-28,383090.0
Polymarket Volume,2021-01-29,448228.0
Polymarket Volume,2021-01-30,447157.0
Polymarket Volume,2021-01-31,335881.0
Polymarket Volume,2021-02-01,276427.0
Polymarket Volume,2021-02-02,439691.0
Polymarket Volume,2021-02-03,518186.0
Polymarket Volume,2021-02-04,286984.0
Polymarket Volume,2021-02-05,163473.0
Polymarket Volume,2021-02-06,146547.0
Polymarket Volume,2021-02-07,182383.0
Polymarket Volume,2021-02-08,1060237.0
Polymarket Volume,2021-02-09,313789.0
Polymarket Volume,2021-02-10,422018.0
Polymarket Volume,2021-02-11,335069.0
Polymarket Volume,2021-02-12,289412.0
Polymarket Volume,2021-02-13,375432.0
Polymarket Volume,2021-02-14,193623.0
Polymarket Volume,2021-02-15,179349.0
Polymarket Volume,2021-02-16,342947.0
Polymarket Volume,2021-02-17,326076.0
Polymarket Volume,2021-02-18,225354.0
Polymarket Volume,2021-02-19,248050.0
Polymarket Volume,2021-02-20,183552.0
Polymarket Volume,2021-02-21,154818.0
Polymarket Volume,2021-02-22,407915.0
Polymarket Volume,2021-02-23,238443.0
Polymarket Volume,2021-02-24,174405.0
Polymarket Volume,2021-02-25,244779.0
Polymarket Volume,2021-02-26,151000.0
Polymarket Volume,2021-02-27,146866.0
Polymarket Volume,2021-02-28,214714.0
Polymarket Volume,2021-03-01,397523.0
Polymarket Volume,2021-03-02,262332.0
Polymarket Volume,2021-03-03,129515.0
Polymarket Volume,2021-03-04,196431.0
Polymarket Volume,2021-03-05,220078.0
Polymarket Volume,2021-03-06,309363.0
Polymarket Volume,2021-03-07,296581.0
Polymarket Volume,2021-03-08,257571.0
Polymarket Volume,2021-03-09,197393.0
Polymarket Volume,2021-03-10,202712.0
Polymarket Volume,2021-03-11,227204.0
Polymarket Volume,2021-03-12,610471.0
Polymarket Volume,2021-03-13,282519.0
Polymarket Volume,2021-03-14,222020.0
Polymarket Volume,2021-03-15,429470.0
Polymarket Volume,2021-03-16,202768.0
Polymarket Volume,2021-03-17,230849.0
Polymarket Volume,2021-03-18,243588.0
Polymarket Volume,2021-03-19,270658.0
Polymarket Volume,2021-03-20,312149.0
Polymarket Volume,2021-03-21,332407.0
Polymarket Volume,2021-03-22,336208.0
Polymarket Volume,2021-03-23,314651.0
Polymarket Volume,2021-03-24,431445.0
Polymarket Volume,2021-03-25,340950.0
Polymarket Volume,2021-03-26,382057.0
Polymarket Volume,2021-03-27,246236.0
Polymarket Volume,2021-03-28,227921.0
Polymarket Volume,2021-03-29,591731.0
Polymarket Volume,2021-03-30,148538.0
Polymarket Volume,2021-03-31,221903.0
Polymarket Volume,2021-04-01,298626.0
Polymarket Volume,2021-04-02,170363.0
Polymarket Volume,2021-04-03,97958.0
Polymarket Volume,2021-04-04,135983.0
Polymarket Volume,2021-04-05,181275.0
Polymarket Volume,2021-04-06,121278.0
Polymarket Volume,2021-04-07,126491.0
Polymarket Volume,2021-04-08,192014.0
Polymarket Volume,2021-04-09,104105.0
Polymarket Volume,2021-04-10,56452.0
Polymarket Volume,2021-04-11,92474.0
Polymarket Volume,2021-04-12,58532.0
Polymarket Volume,2021-04-13,308133.0
Polymarket Volume,2021-04-14,197202.0
Polymarket Volume,2021-04-15,155295.0
Polymarket Volume,2021-04-16,179617.0
Polymarket Volume,2021-04-17,135116.0
Polymarket Volume,2021-04-18,146232.0
Polymarket Volume,2021-04-19,168736.0
Polymarket Volume,2021-04-20,194226.0
Polymarket Volume,2021-04-21,130645.0
Polymarket Volume,2021-04-22,101714.0
Polymarket Volume,2021-04-23,103606.0
Polymarket Volume,2021-04-24,42258.0
Polymarket Volume,2021-04-25,84267.0
Polymarket Volume,2021-04-26,72154.0
Polymarket Volume,2021-04-27,62999.0
Polymarket Volume,2021-04-28,60743.0
Polymarket Volume,2021-04-29,179430.0
Polymarket Volume,2021-04-30,95218.0
Polymarket Volume,2021-05-01,20659.0
Polymarket Volume,2021-05-02,33067.0
Polymarket Volume,2021-05-03,103935.0
Polymarket Volume,2021-05-04,136952.0
Polymarket Volume,2021-05-05,137118.0
Polymarket Volume,2021-05-06,73386.0
Polymarket Volume,2021-05-07,169008.0
Polymarket Volume,2021-05-08,151509.0
Polymarket Volume,2021-05-09,177157.0
Polymarket Volume,2021-05-10,195254.0
Polymarket Volume,2021-05-11,106691.0
Polymarket Volume,2021-05-12,411302.0
Polymarket Volume,2021-05-13,282181.0
Polymarket Volume,2021-05-14,169963.0
Polymarket Volume,2021-05-15,69274.0
Polymarket Volume,2021-05-16,90723.0
Polymarket Volume,2021-05-17,168006.0
Polymarket Volume,2021-05-18,226910.0
Polymarket Volume,2021-05-19,198673.0
Polymarket Volume,2021-05-20,195328.0
Polymarket Volume,2021-05-21,142733.0
Polymarket Volume,2021-05-22,266879.0
Polymarket Volume,2021-05-23,87632.0
Polymarket Volume,2021-05-24,168207.0
Polymarket Volume,2021-05-25,159184.0
Polymarket Volume,2021-05-26,180195.0
Polymarket Volume,2021-05-27,128573.0
Polymarket Volume,2021-05-28,99002.0
Polymarket Volume,2021-05-29,142039.0
Polymarket Volume,2021-05-30,115698.0
Polymarket Volume,2021-05-31,57804.0
Polymarket Volume,2021-06-01,128245.0
Polymarket Volume,2021-06-02,181891.0
Polymarket Volume,2021-06-03,123758.0
Polymarket Volume,2021-06-04,207399.0
Polymarket Volume,2021-06-05,268365.0
Polymarket Volume,2021-06-06,338379.0
Polymarket Volume,2021-06-07,418733.0
Polymarket Volume,2021-06-08,280903.0
Polymarket Volume,2021-06-09,142263.0
Polymarket Volume,2021-06-10,123193.0
Polymarket Volume,2021-06-11,207262.0
Polymarket Volume,2021-06-12,298984.0
Polymarket Volume,2021-06-13,261599.0
Polymarket Volume,2021-06-14,285717.0
Polymarket Volume,2021-06-15,450623.0
Polymarket Volume,2021-06-16,341967.0
Polymarket Volume,2021-06-17,262579.0
Polymarket Volume,2021-06-18,230039.0
Polymarket Volume,2021-06-19,155979.0
Polymarket Volume,2021-06-20,333951.0
Polymarket Volume,2021-06-21,502914.0
Polymarket Volume,2021-06-22,426913.0
Polymarket Volume,2021-06-23,329425.0
Polymarket Volume,2021-06-24,182014.0
Polymarket Volume,2021-06-25,191863.0
Polymarket Volume,2021-06-26,100492.0
Polymarket Volume,2021-06-27,89370.0
Polymarket Volume,2021-06-28,261891.0
Polymarket Volume,2021-06-29,453706.0
Polymarket Volume,2021-06-30,205830.0
Polymarket Volume,2021-07-01,114629.0
Polymarket Volume,2021-07-02,127139.0
Polymarket Volume,2021-07-03,86971.0
Polymarket Volume,2021-07-04,112402.0
Polymarket Volume,2021-07-05,47643.0
Polymarket Volume,2021-07-06,109508.0
Polymarket Volume,2021-07-07,96534.0
Polymarket Volume,2021-07-08,65223.0
Polymarket Volume,2021-07-09,157461.0
Polymarket Volume,2021-07-10,125884.0
Polymarket Volume,2021-07-11,248365.0
Polymarket Volume,2021-07-12,62085.0
Polymarket Volume,2021-07-13,177064.0
Polymarket Volume,2021-07-14,234346.0
Polymarket Volume,2021-07-15,237663.0
Polymarket Volume,2021-07-16,203311.0
Polymarket Volume,2021-07-17,120710.0
Polymarket Volume,2021-07-18,125318.0
Polymarket Volume,2021-07-19,81645.0
Polymarket Volume,2021-07-20,89752.0
Polymarket Volume,2021-07-21,99868.0
Polymarket Volume,2021-07-22,213633.0
Polymarket Volume,2021-07-23,266107.0
Polymarket Volume,2021-07-24,265099.0
Polymarket Volume,2021-07-25,158533.0
Polymarket Volume,2021-07-26,124192.0
Polymarket Volume,2021-07-27,137228.0
Polymarket Volume,2021-07-28,122420.0
Polymarket Volume,2021-07-29,109541.0
Polymarket Volume,2021-07-30,117120.0
Polymarket Volume,2021-07-31,135007.0
Polymarket Volume,2021-08-01,65616.0
Polymarket Volume,2021-08-02,66043.0
Polymarket Volume,2021-08-03,163758.0
Polymarket Volume,2021-08-04,83393.0
Polymarket Volume,2021-08-05,105642.0
Polymarket Volume,2021-08-06,143830.0
Polymarket Volume,2021-08-07,81556.0
Polymarket Volume,2021-08-08,59762.0
Polymarket Volume,2021-08-09,56766.0
Polymarket Volume,2021-08-10,96072.0
Polymarket Volume,2021-08-11,93393.0
Polymarket Volume,2021-08-12,198908.0
Polymarket Volume,2021-08-13,146014.0
Polymarket Volume,2021-08-14,85044.0
Polymarket Volume,2021-08-15,61573.0
Polymarket Volume,2021-08-16,65192.0
Polymarket Volume,2021-08-17,115084.0
Polymarket Volume,2021-08-18,82560.0
Polymarket Volume,2021-08-19,76292.0
Polymarket Volume,2021-08-20,104380.0
Polymarket Volume,2021-08-21,73712.0
Polymarket Volume,2021-08-22,81843.0
Polymarket Volume,2021-08-23,62686.0
Polymarket Volume,2021-08-24,63313.0
Polymarket Volume,2021-08-25,127948.0
Polymarket Volume,2021-08-26,87741.0
Polymarket Volume,2021-08-27,83765.0
Polymarket Volume,2021-08-28,122480.0
Polymarket Volume,2021-08-29,134368.0
Polymarket Volume,2021-08-30,138487.0
Polymarket Volume,2021-08-31,64041.0
Polymarket Volume,2021-09-01,76870.0
Polymarket Volume,2021-09-02,107354.0
Polymarket Volume,2021-09-03,71683.0
Polymarket Volume,2021-09-04,78864.0
Polymarket Volume,2021-09-05,52987.0
Polymarket Volume,2021-09-06,33664.0
Polymarket Volume,2021-09-07,91762.0
Polymarket Volume,2021-09-08,140172.0
Polymarket Volume,2021-09-09,127179.0
Polymarket Volume,2021-09-10,96092.0
Polymarket Volume,2021-09-11,53892.0
Polymarket Volume,2021-09-12,134085.0
Polymarket Volume,2021-09-13,100549.0
Polymarket Volume,2021-09-14,90457.0
Polymarket Volume,2021-09-15,74764.0
Polymarket Volume,2021-09-16,132787.0
Polymarket Volume,2021-09-17,51522.0
Polymarket Volume,2021-09-18,50348.0
Polymarket Volume,2021-09-19,49159.0
Polymarket Volume,2021-09-20,76446.0
Polymarket Volume,2021-09-21,129937.0
Polymarket Volume,2021-09-22,190543.0
Polymarket Volume,2021-09-23,212245.0
Polymarket Volume,2021-09-24,409791.0
Polymarket Volume,2021-09-25,222168.0
Polymarket Volume,2021-09-26,260653.0
Polymarket Volume,2021-09-27,225574.0
Polymarket Volume,2021-09-28,383871.0
Polymarket Volume,2021-09-29,125948.0
Polymarket Volume,2021-09-30,91234.0
Polymarket Volume,2021-10-01,202617.0
Polymarket Volume,2021-10-02,77482.0
Polymarket Volume,2021-10-03,231148.0
Polymarket Volume,2021-10-04,138421.0
Polymarket Volume,2021-10-05,129995.0
Polymarket Volume,2021-10-06,122169.0
Polymarket Volume,2021-10-07,110345.0
Polymarket Volume,2021-10-08,134185.0
Polymarket Volume,2021-10-09,50744.0
Polymarket Volume,2021-10-10,215431.0
Polymarket Volume,2021-10-11,123284.0
Polymarket Volume,2021-10-12,153653.0
Polymarket Volume,2021-10-13,94221.0
Polymarket Volume,2021-10-14,196523.0
Polymarket Volume,2021-10-15,243466.0
Polymarket Volume,2021-10-16,78193.0
Polymarket Volume,2021-10-17,216811.0
Polymarket Volume,2021-10-18,146858.0
Polymarket Volume,2021-10-19,229665.0
Polymarket Volume,2021-10-20,265112.0
Polymarket Volume,2021-10-21,310470.0
Polymarket Volume,2021-10-22,220652.0
Polymarket Volume,2021-10-23,142358.0
Polymarket Volume,2021-10-24,246933.0
Polymarket Volume,2021-10-25,188930.0
Polymarket Volume,2021-10-26,128588.0
Polymarket Volume,2021-10-27,181994.0
Polymarket Volume,2021-10-28,196702.0
Polymarket Volume,2021-10-29,387864.0
Polymarket Volume,2021-10-30,184538.0
Polymarket Volume,2021-10-31,236854.0
Polymarket Volume,2021-11-01,234198.0
Polymarket Volume,2021-11-02,290331.0
Polymarket Volume,2021-11-03,253144.0
Polymarket Volume,2021-11-04,174305.0
Polymarket Volume,2021-11-05,144578.0
Polymarket Volume,2021-11-06,191397.0
Polymarket Volume,2021-11-07,155537.0
Polymarket Volume,2021-11-08,182292.0
Polymarket Volume,2021-11-09,204511.0
Polymarket Volume,2021-11-10,155085.0
Polymarket Volume,2021-11-11,127847.0
Polymarket Volume,2021-11-12,98124.0
Polymarket Volume,2021-11-13,93786.0
Polymarket Volume,2021-11-14,107997.0
Polymarket Volume,2021-11-15,138167.0
Polymarket Volume,2021-11-16,137643.0
Polymarket Volume,2021-11-17,107165.0
Polymarket Volume,2021-11-18,116310.0
Polymarket Volume,2021-11-19,94182.0
Polymarket Volume,2021-11-20,76079.0
Polymarket Volume,2021-11-21,132243.0
Polymarket Volume,2021-11-22,87205.0
Polymarket Volume,2021-11-23,136601.0
Polymarket Volume,2021-11-24,72902.0
Polymarket Volume,2021-11-25,131215.0
Polymarket Volume,2021-11-26,77017.0
Polymarket Volume,2021-11-27,89559.0
Polymarket Volume,2021-11-28,102076.0
Polymarket Volume,2021-11-29,214118.0
Polymarket Volume,2021-11-30,83585.0
Polymarket Volume,2021-12-01,85355.0
Polymarket Volume,2021-12-02,72973.0
Polymarket Volume,2021-12-03,97020.0
Polymarket Volume,2021-12-04,68557.0
Polymarket Volume,2021-12-05,60761.0
Polymarket Volume,2021-12-06,76793.0
Polymarket Volume,2021-12-07,131770.0
Polymarket Volume,2021-12-08,204612.0
Polymarket Volume,2021-12-09,217819.0
Polymarket Volume,2021-12-10,99360.0
Polymarket Volume,2021-12-11,101717.0
Polymarket Volume,2021-12-12,143280.0
Polymarket Volume,2021-12-13,110979.0
Polymarket Volume,2021-12-14,169876.0
Polymarket Volume,2021-12-15,130006.0
Polymarket Volume,2021-12-16,112194.0
Polymarket Volume,2021-12-17,231865.0
Polymarket Volume,2021-12-18,151527.0
Polymarket Volume,2021-12-19,97120.0
Polymarket Volume,2021-12-20,125520.0
Polymarket Volume,2021-12-21,161903.0
Polymarket Volume,2021-12-22,152563.0
Polymarket Volume,2021-12-23,139418.0
Polymarket Volume,2021-12-24,126309.0
Polymarket Volume,2021-12-25,63304.0
Polymarket Volume,2021-12-26,94389.0
Polymarket Volume,2021-12-27,91002.0
Polymarket Volume,2021-12-28,186734.0
Polymarket Volume,2021-12-29,89602.0
Polymarket Volume,2021-12-30,99848.0
Polymarket Volume,2021-12-31,47031.0
Polymarket Volume,2022-01-01,72388.0
Polymarket Volume,2022-01-02,74678.0
Polymarket Volume,2022-01-03,84595.0
Polymarket Volume,2022-01-04,59735.0
Polymarket Volume,2022-01-05,39421.0
Polymarket Volume,2022-01-06,63915.0
Polymarket Volume,2022-01-07,28381.0
Polymarket Volume,2022-01-08,20138.0
Polymarket Volume,2022-01-09,21050.0
Polymarket Volume,2022-01-10,30917.0
Polymarket Volume,2022-01-11,19718.0
Polymarket Volume,2022-01-12,69312.0
Polymarket Volume,2022-01-13,98793.0
Polymarket Volume,2022-01-14,119288.0
Polymarket Volume,2022-01-15,44912.0
Polymarket Volume,2022-01-16,56273.0
Polymarket Volume,2022-01-17,63727.0
Polymarket Volume,2022-01-18,43299.0
Polymarket Volume,2022-01-19,41535.0
Polymarket Volume,2022-01-20,98301.0
Polymarket Volume,2022-01-21,54259.0
Polymarket Volume,2022-01-22,90783.0
Polymarket Volume,2022-01-23,237365.0
Polymarket Volume,2022-01-24,253326.0
Polymarket Volume,2022-01-25,106913.0
Polymarket Volume,2022-01-26,115982.0
Polymarket Volume,2022-01-27,92252.0
Polymarket Volume,2022-01-28,95454.0
Polymarket Volume,2022-01-29,166726.0
Polymarket Volume,2022-01-30,257157.0
Polymarket Volume,2022-01-31,243391.0
Polymarket Volume,2022-02-01,104674.0
Polymarket Volume,2022-02-02,75288.0
Polymarket Volume,2022-02-03,103833.0
Polymarket Volume,2022-02-04,91580.0
Polymarket Volume,2022-02-05,85119.0
Polymarket Volume,2022-02-06,73496.0
Polymarket Volume,2022-02-07,94574.0
Polymarket Volume,2022-02-08,115217.0
Polymarket Volume,2022-02-09,88612.0
Polymarket Volume,2022-02-10,102651.0
Polymarket Volume,2022-02-11,78564.0
Polymarket Volume,2022-02-12,63281.0
Polymarket Volume,2022-02-13,147282.0
Polymarket Volume,2022-02-14,556021.0
Polymarket Volume,2022-02-15,44791.0
Polymarket Volume,2022-02-16,33243.0
Polymarket Volume,2022-02-17,47514.0
Polymarket Volume,2022-02-18,122459.0
Polymarket Volume,2022-02-19,56437.0
Polymarket Volume,2022-02-20,158761.0
Polymarket Volume,2022-02-21,97211.0
Polymarket Volume,2022-02-22,106659.0
Polymarket Volume,2022-02-23,201661.0
Polymarket Volume,2022-02-24,166889.0
Polymarket Volume,2022-02-25,128351.0
Polymarket Volume,2022-02-26,225583.0
Polymarket Volume,2022-02-27,125935.0
Polymarket Volume,2022-02-28,113409.0
Polymarket Volume,2022-03-01,143527.0
Polymarket Volume,2022-03-02,247771.0
Polymarket Volume,2022-03-03,205083.0
Polymarket Volume,2022-03-04,232718.0
Polymarket Volume,2022-03-05,362181.0
Polymarket Volume,2022-03-06,229109.0
Polymarket Volume,2022-03-07,191132.0
Polymarket Volume,2022-03-08,403137.0
Polymarket Volume,2022-03-09,312303.0
Polymarket Volume,2022-03-10,113473.0
Polymarket Volume,2022-03-11,82589.0
Polymarket Volume,2022-03-12,169547.0
Polymarket Volume,2022-03-13,196065.0
Polymarket Volume,2022-03-14,246922.0
Polymarket Volume,2022-03-15,318812.0
Polymarket Volume,2022-03-16,506074.0
Polymarket Volume,2022-03-17,298703.0
Polymarket Volume,2022-03-18,216656.0
Polymarket Volume,2022-03-19,133545.0
Polymarket Volume,2022-03-20,179586.0
Polymarket Volume,2022-03-21,180616.0
Polymarket Volume,2022-03-22,197799.0
Polymarket Volume,2022-03-23,150233.0
Polymarket Volume,2022-03-24,130400.0
Polymarket Volume,2022-03-25,218757.0
Polymarket Volume,2022-03-26,132291.0
Polymarket Volume,2022-03-27,219356.0
Polymarket Volume,2022-03-28,156870.0
Polymarket Volume,2022-03-29,145953.0
Polymarket Volume,2022-03-30,231361.0
Polymarket Volume,2022-03-31,445332.0
Polymarket Volume,2022-04-01,122980.0
Polymarket Volume,2022-04-02,134646.0
Polymarket Volume,2022-04-03,184007.0
Polymarket Volume,2022-04-04,218745.0
Polymarket Volume,2022-04-05,279868.0
Polymarket Volume,2022-04-06,343079.0
Polymarket Volume,2022-04-07,140325.0
Polymarket Volume,2022-04-08,217193.0
Polymarket Volume,2022-04-09,251081.0
Polymarket Volume,2022-04-10,279706.0
Polymarket Volume,2022-04-11,216275.0
Polymarket Volume,2022-04-12,121837.0
Polymarket Volume,2022-04-13,133786.0
Polymarket Volume,2022-04-14,285392.0
Polymarket Volume,2022-04-15,231432.0
Polymarket Volume,2022-04-16,212408.0
Polymarket Volume,2022-04-17,229661.0
Polymarket Volume,2022-04-18,257152.0
Polymarket Volume,2022-04-19,223849.0
Polymarket Volume,2022-04-20,211769.0
Polymarket Volume,2022-04-21,192577.0
Polymarket Volume,2022-04-22,173703.0
Polymarket Volume,2022-04-23,189178.0
Polymarket Volume,2022-04-24,217404.0
Polymarket Volume,2022-04-25,194263.0
Polymarket Volume,2022-04-26,283224.0
Polymarket Volume,2022-04-27,196246.0
Polymarket Volume,2022-04-28,212934.0
Polymarket Volume,2022-04-29,147472.0
Polymarket Volume,2022-04-30,119389.0
Polymarket Volume,2022-05-01,166490.0
Polymarket Volume,2022-05-02,157064.0
Polymarket Volume,2022-05-03,249470.0
Polymarket Volume,2022-05-04,207704.0
Polymarket Volume,2022-05-05,232028.0
Polymarket Volume,2022-05-06,209105.0
Polymarket Volume,2022-05-07,162014.0
Polymarket Volume,2022-05-08,147834.0
Polymarket Volume,2022-05-09,223001.0
Polymarket Volume,2022-05-10,191014.0
Polymarket Volume,2022-05-11,174126.0
Polymarket Volume,2022-05-12,154052.0
Polymarket Volume,2022-05-13,123362.0
Polymarket Volume,2022-05-14,52290.0
Polymarket Volume,2022-05-15,69876.0
Polymarket Volume,2022-05-16,100231.0
Polymarket Volume,2022-05-17,95684.0
Polymarket Volume,2022-05-18,123808.0
Polymarket Volume,2022-05-19,114004.0
Polymarket Volume,2022-05-20,109612.0
Polymarket Volume,2022-05-21,150309.0
Polymarket Volume,2022-05-22,268989.0
Polymarket Volume,2022-05-23,272996.0
Polymarket Volume,2022-05-24,313240.0
Polymarket Volume,2022-05-25,344141.0
Polymarket Volume,2022-05-26,191459.0
Polymarket Volume,2022-05-27,204738.0
Polymarket Volume,2022-05-28,208844.0
Polymarket Volume,2022-05-29,230484.0
Polymarket Volume,2022-05-30,196273.0
Polymarket Volume,2022-05-31,174681.0
Polymarket Volume,2022-06-01,182917.0
Polymarket Volume,2022-06-02,141815.0
Polymarket Volume,2022-06-03,205670.0
Polymarket Volume,2022-06-04,113150.0
Polymarket Volume,2022-06-05,157117.0
Polymarket Volume,2022-06-06,210860.0
Polymarket Volume,2022-06-07,277808.0
Polymarket Volume,2022-06-08,279145.0
Polymarket Volume,2022-06-09,223408.0
Polymarket Volume,2022-06-10,185683.0
Polymarket Volume,2022-06-11,140259.0
Polymarket Volume,2022-06-12,103738.0
Polymarket Volume,2022-06-13,123856.0
Polymarket Volume,2022-06-14,145340.0
Polymarket Volume,2022-06-15,131490.0
Polymarket Volume,2022-06-16,109480.0
Polymarket Volume,2022-06-17,192802.0
Polymarket Volume,2022-06-18,117130.0
Polymarket Volume,2022-06-19,73792.0
Polymarket Volume,2022-06-20,156661.0
Polymarket Volume,2022-06-21,179792.0
Polymarket Volume,2022-06-22,191229.0
Polymarket Volume,2022-06-23,192474.0
Polymarket Volume,2022-06-24,166737.0
Polymarket Volume,2022-06-25,98464.0
Polymarket Volume,2022-06-26,197969.0
Polymarket Volume,2022-06-27,219485.0
Polymarket Volume,2022-06-28,229614.0
Polymarket Volume,2022-06-29,204866.0
Polymarket Volume,2022-06-30,126013.0
Polymarket Volume,2022-07-01,131546.0
Polymarket Volume,2022-07-02,104394.0
Polymarket Volume,2022-07-03,160242.0
Polymarket Volume,2022-07-04,177437.0
Polymarket Volume,2022-07-05,193133.0
Polymarket Volume,2022-07-06,188218.0
Polymarket Volume,2022-07-07,188672.0
Polymarket Volume,2022-07-08,144855.0
Polymarket Volume,2022-07-09,77569.0
Polymarket Volume,2022-07-10,139560.0
Polymarket Volume,2022-07-11,117285.0
Polymarket Volume,2022-07-12,130730.0
Polymarket Volume,2022-07-13,149405.0
Polymarket Volume,2022-07-14,223585.0
Polymarket Volume,2022-07-15,201915.0
Polymarket Volume,2022-07-16,100555.0
Polymarket Volume,2022-07-17,85023.0
Polymarket Volume,2022-07-18,88067.0
Polymarket Volume,2022-07-19,123243.0
Polymarket Volume,2022-07-20,64335.0
Polymarket Volume,2022-07-21,60417.0
Polymarket Volume,2022-07-22,66957.0
Polymarket Volume,2022-07-23,70000.0
Polymarket Volume,2022-07-24,74043.0
Polymarket Volume,2022-07-25,92469.0
Polymarket Volume,2022-07-26,149294.0
Polymarket Volume,2022-07-27,110554.0
Polymarket Volume,2022-07-28,124276.0
Polymarket Volume,2022-07-29,88352.0
Polymarket Volume,2022-07-30,75656.0
Polymarket Volume,2022-07-31,128001.0
Polymarket Volume,2022-08-01,179929.0
Polymarket Volume,2022-08-02,168756.0
Polymarket Volume,2022-08-03,98344.0
Polymarket Volume,2022-08-04,107098.0
Polymarket Volume,2022-08-05,101137.0
Polymarket Volume,2022-08-06,73137.0
Polymarket Volume,2022-08-07,45728.0
Polymarket Volume,2022-08-08,86322.0
Polymarket Volume,2022-08-09,103344.0
Polymarket Volume,2022-08-10,151238.0
Polymarket Volume,2022-08-11,109428.0
Polymarket Volume,2022-08-12,114893.0
Polymarket Volume,2022-08-13,110595.0
Polymarket Volume,2022-08-14,111284.0
Polymarket Volume,2022-08-15,103156.0
Polymarket Volume,2022-08-16,126694.0
Polymarket Volume,2022-08-17,152373.0
Polymarket Volume,2022-08-18,159658.0
Polymarket Volume,2022-08-19,111676.0
Polymarket Volume,2022-08-20,63723.0
Polymarket Volume,2022-08-21,29122.0
Polymarket Volume,2022-08-22,32174.0
Polymarket Volume,2022-08-23,24273.0
Polymarket Volume,2022-08-24,103080.0
Polymarket Volume,2022-08-25,128827.0
Polymarket Volume,2022-08-26,160258.0
Polymarket Volume,2022-08-27,54141.0
Polymarket Volume,2022-08-28,41378.0
Polymarket Volume,2022-08-29,97870.0
Polymarket Volume,2022-08-30,54882.0
Polymarket Volume,2022-08-31,47889.0
Polymarket Volume,2022-09-01,115757.0
Polymarket Volume,2022-09-02,122376.0
Polymarket Volume,2022-09-03,41749.0
Polymarket Volume,2022-09-04,44516.0
Polymarket Volume,2022-09-05,157578.0
Polymarket Volume,2022-09-06,72306.0
Polymarket Volume,2022-09-07,59765.0
Polymarket Volume,2022-09-08,57812.0
Polymarket Volume,2022-09-09,54731.0
Polymarket Volume,2022-09-10,51176.0
Polymarket Volume,2022-09-11,92148.0
Polymarket Volume,2022-09-12,63061.0
Polymarket Volume,2022-09-13,99570.0
Polymarket Volume,2022-09-14,70126.0
Polymarket Volume,2022-09-15,100786.0
Polymarket Volume,2022-09-16,58674.0
Polymarket Volume,2022-09-17,24918.0
Polymarket Volume,2022-09-18,48949.0
Polymarket Volume,2022-09-19,36354.0
Polymarket Volume,2022-09-20,49599.0
Polymarket Volume,2022-09-21,56386.0
Polymarket Volume,2022-09-22,47337.0
Polymarket Volume,2022-09-23,54314.0
Polymarket Volume,2022-09-24,42864.0
Polymarket Volume,2022-09-25,47068.0
Polymarket Volume,2022-09-26,45262.0
Polymarket Volume,2022-09-27,53244.0
Polymarket Volume,2022-09-28,49481.0
Polymarket Volume,2022-09-29,51351.0
Polymarket Volume,2022-09-30,72015.0
Polymarket Volume,2022-10-01,64388.0
Polymarket Volume,2022-10-02,51594.0
Polymarket Volume,2022-10-03,58109.0
Polymarket Volume,2022-10-04,63023.0
Polymarket Volume,2022-10-05,55995.0
Polymarket Volume,2022-10-06,59784.0
Polymarket Volume,2022-10-07,51899.0
Polymarket Volume,2022-10-08,25151.0
Polymarket Volume,2022-10-09,43340.0
Polymarket Volume,2022-10-10,51356.0
Polymarket Volume,2022-10-11,67093.0
Polymarket Volume,2022-10-12,42137.0
Polymarket Volume,2022-10-13,59708.0
Polymarket Volume,2022-10-14,65612.0
Polymarket Volume,2022-10-15,30740.0
Polymarket Volume,2022-10-16,45100.0
Polymarket Volume,2022-10-17,40803.0
Polymarket Volume,2022-10-18,50036.0
Polymarket Volume,2022-10-19,97603.0
Polymarket Volume,2022-10-20,91606.0
Polymarket Volume,2022-10-21,63883.0
Polymarket Volume,2022-10-22,50444.0
Polymarket Volume,2022-10-23,81022.0
Polymarket Volume,2022-10-24,109579.0
Polymarket Volume,2022-10-25,89531.0
Polymarket Volume,2022-10-26,96178.0
Polymarket Volume,2022-10-27,91674.0
Polymarket Volume,2022-10-28,107684.0
Polymarket Volume,2022-10-29,44422.0
Polymarket Volume,2022-10-30,68559.0
Polymarket Volume,2022-10-31,49851.0
Polymarket Volume,2022-11-01,104019.0
Polymarket Volume,2022-11-02,109877.0
Polymarket Volume,2022-11-03,159795.0
Polymarket Volume,2022-11-04,105932.0
Polymarket Volume,2022-11-05,190948.0
Polymarket Volume,2022-11-06,161480.0
Polymarket Volume,2022-11-07,270215.0
Polymarket Volume,2022-11-08,406783.0
Polymarket Volume,2022-11-09,335177.0
Polymarket Volume,2022-11-10,104677.0
Polymarket Volume,2022-11-11,87640.0
Polymarket Volume,2022-11-12,67635.0
Polymarket Volume,2022-11-13,69029.0
Polymarket Volume,2022-11-14,80699.0
Polymarket Volume,2022-11-15,106617.0
Polymarket Volume,2022-11-16,135784.0
Polymarket Volume,2022-11-17,61044.0
Polymarket Volume,2022-11-18,44168.0
Polymarket Volume,2022-11-19,57357.0
Polymarket Volume,2022-11-20,116849.0
Polymarket Volume,2022-11-21,65349.0
Polymarket Volume,2022-11-22,52448.0
Polymarket Volume,2022-11-23,45305.0
Polymarket Volume,2022-11-24,33220.0
Polymarket Volume,2022-11-25,41049.0
Polymarket Volume,2022-11-26,29054.0
Polymarket Volume,2022-11-27,34550.0
Polymarket Volume,2022-11-28,41197.0
Polymarket Volume,2022-11-29,31277.0
Polymarket Volume,2022-11-30,61002.0
Polymarket Volume,2022-12-01,38479.0
Polymarket Volume,2022-12-02,36462.0
Polymarket Volume,2022-12-03,39157.0
Polymarket Volume,2022-12-04,25440.0
Polymarket Volume,2022-12-05,35630.0
Polymarket Volume,2022-12-06,56318.0
Polymarket Volume,2022-12-07,174690.0
Polymarket Volume,2022-12-08,30018.0
Polymarket Volume,2022-12-09,34622.0
Polymarket Volume,2022-12-10,44563.0
Polymarket Volume,2022-12-11,20318.0
Polymarket Volume,2022-12-12,46262.0
Polymarket Volume,2022-12-13,70884.0
Polymarket Volume,2022-12-14,70226.0
Polymarket Volume,2022-12-15,26992.0
Polymarket Volume,2022-12-16,29243.0
Polymarket Volume,2022-12-17,24924.0
Polymarket Volume,2022-12-18,88192.0
Polymarket Volume,2022-12-19,14125.0
Polymarket Volume,2022-12-20,21089.0
Polymarket Volume,2022-12-21,15775.0
Polymarket Volume,2022-12-22,20292.0
Polymarket Volume,2022-12-23,34209.0
Polymarket Volume,2022-12-24,5559.0
Polymarket Volume,2022-12-25,2237.0
Polymarket Volume,2022-12-26,17224.0
Polymarket Volume,2022-12-27,5057.0
Polymarket Volume,2022-12-28,7719.0
Polymarket Volume,2022-12-29,4652.0
Polymarket Volume,2022-12-30,19690.0
Polymarket Volume,2022-12-31,9534.0
Polymarket Volume,2023-01-01,6341.0
Polymarket Volume,2023-01-02,10477.0
Polymarket Volume,2023-01-03,12857.0
Polymarket Volume,2023-01-04,18956.0
Polymarket Volume,2023-01-05,36026.0
Polymarket Volume,2023-01-06,17424.0
Polymarket Volume,2023-01-07,19448.0
Polymarket Volume,2023-01-08,13293.0
Polymarket Volume,2023-01-09,18707.0
Polymarket Volume,2023-01-10,8934.0
Polymarket Volume,2023-01-11,18328.0
Polymarket Volume,2023-01-12,32361.0
Polymarket Volume,2023-01-13,18787.0
Polymarket Volume,2023-01-14,18180.0
Polymarket Volume,2023-01-15,18701.0
Polymarket Volume,2023-01-16,43274.0
Polymarket Volume,2023-01-17,16517.0
Polymarket Volume,2023-01-18,41714.0
Polymarket Volume,2023-01-19,43345.0
Polymarket Volume,2023-01-20,41351.0
Polymarket Volume,2023-01-21,57322.0
Polymarket Volume,2023-01-22,34801.0
Polymarket Volume,2023-01-23,85738.0
Polymarket Volume,2023-01-24,66165.0
Polymarket Volume,2023-01-25,83275.0
Polymarket Volume,2023-01-26,57704.0
Polymarket Volume,2023-01-27,187207.0
Polymarket Volume,2023-01-28,65731.0
Polymarket Volume,2023-01-29,91615.0
Polymarket Volume,2023-01-30,72198.0
Polymarket Volume,2023-01-31,98012.0
Polymarket Volume,2023-02-01,157893.0
Polymarket Volume,2023-02-02,110798.0
Polymarket Volume,2023-02-03,80630.0
Polymarket Volume,2023-02-04,124321.0
Polymarket Volume,2023-02-05,151836.0
Polymarket Volume,2023-02-06,27745.0
Polymarket Volume,2023-02-07,142125.0
Polymarket Volume,2023-02-08,124287.0
Polymarket Volume,2023-02-09,83014.0
Polymarket Volume,2023-02-10,213791.0
Polymarket Volume,2023-02-11,117319.0
Polymarket Volume,2023-02-12,267666.0
Polymarket Volume,2023-02-13,180977.0
Polymarket Volume,2023-02-14,102757.0
Polymarket Volume,2023-02-15,38324.0
Polymarket Volume,2023-02-16,42682.0
Polymarket Volume,2023-02-17,91373.0
Polymarket Volume,2023-02-18,32189.0
Polymarket Volume,2023-02-19,30663.0
Polymarket Volume,2023-02-20,105301.0
Polymarket Volume,2023-02-21,88551.0
Polymarket Volume,2023-02-22,118358.0
Polymarket Volume,2023-02-23,45300.0
Polymarket Volume,2023-02-24,46061.0
Polymarket Volume,2023-02-25,93272.0
Polymarket Volume,2023-02-26,61494.0
Polymarket Volume,2023-02-27,46959.0
Polymarket Volume,2023-02-28,193551.0
Polymarket Volume,2023-03-01,50079.0
Polymarket Volume,2023-03-02,125026.0
Polymarket Volume,2023-03-03,123603.0
Polymarket Volume,2023-03-04,77945.0
Polymarket Volume,2023-03-05,71499.0
Polymarket Volume,2023-03-06,377211.0
Polymarket Volume,2023-03-07,323221.0
Polymarket Volume,2023-03-08,256223.0
Polymarket Volume,2023-03-09,244750.0
Polymarket Volume,2023-03-10,224755.0
Polymarket Volume,2023-03-11,144529.0
Polymarket Volume,2023-03-12,184681.0
Polymarket Volume,2023-03-13,205597.0
Polymarket Volume,2023-03-14,532360.0
Polymarket Volume,2023-03-15,457018.0
Polymarket Volume,2023-03-16,2730297.0
Polymarket Volume,2023-03-17,302479.0
Polymarket Volume,2023-03-18,361551.0
Polymarket Volume,2023-03-19,179875.0
Polymarket Volume,2023-03-20,764332.0
Polymarket Volume,2023-03-21,415038.0
Polymarket Volume,2023-03-22,286425.0
Polymarket Volume,2023-03-23,1014494.0
Polymarket Volume,2023-03-24,323844.0
Polymarket Volume,2023-03-25,251233.0
Polymarket Volume,2023-03-26,190441.0
Polymarket Volume,2023-03-27,177329.0
Polymarket Volume,2023-03-28,125971.0
Polymarket Volume,2023-03-29,131627.0
Polymarket Volume,2023-03-30,350446.0
Polymarket Volume,2023-03-31,450318.0
Polymarket Volume,2023-04-01,222561.0
Polymarket Volume,2023-04-02,183034.0
Polymarket Volume,2023-04-03,148405.0
Polymarket Volume,2023-04-04,241240.0
Polymarket Volume,2023-04-05,132618.0
Polymarket Volume,2023-04-06,65456.0
Polymarket Volume,2023-04-07,74313.0
Polymarket Volume,2023-04-08,106974.0
Polymarket Volume,2023-04-09,47186.0
Polymarket Volume,2023-04-10,69513.0
Polymarket Volume,2023-04-11,50359.0
Polymarket Volume,2023-04-12,104050.0
Polymarket Volume,2023-04-13,44305.0
Polymarket Volume,2023-04-14,75886.0
Polymarket Volume,2023-04-15,33003.0
Polymarket Volume,2023-04-16,41223.0
Polymarket Volume,2023-04-17,187287.0
Polymarket Volume,2023-04-18,56298.0
Polymarket Volume,2023-04-19,121931.0
Polymarket Volume,2023-04-20,160761.0
Polymarket Volume,2023-04-21,85226.0
Polymarket Volume,2023-04-22,76899.0
Polymarket Volume,2023-04-23,114672.0
Polymarket Volume,2023-04-24,62300.0
Polymarket Volume,2023-04-25,187642.0
Polymarket Volume,2023-04-26,72956.0
Polymarket Volume,2023-04-27,139294.0
Polymarket Volume,2023-04-28,66460.0
Polymarket Volume,2023-04-29,40133.0
Polymarket Volume,2023-04-30,44429.0
Polymarket Volume,2023-05-01,86728.0
Polymarket Volume,2023-05-02,108408.0
Polymarket Volume,2023-05-03,191436.0
Polymarket Volume,2023-05-04,117898.0
Polymarket Volume,2023-05-05,126199.0
Polymarket Volume,2023-05-06,146155.0
Polymarket Volume,2023-05-07,85140.0
Polymarket Volume,2023-05-08,168790.0
Polymarket Volume,2023-05-09,116155.0
Polymarket Volume,2023-05-10,97084.0
Polymarket Volume,2023-05-11,290195.0
Polymarket Volume,2023-05-12,103695.0
Polymarket Volume,2023-05-13,183733.0
Polymarket Volume,2023-05-14,768175.0
Polymarket Volume,2023-05-15,395779.0
Polymarket Volume,2023-05-16,267832.0
Polymarket Volume,2023-05-17,248581.0
Polymarket Volume,2023-05-18,253460.0
Polymarket Volume,2023-05-19,103699.0
Polymarket Volume,2023-05-20,82682.0
Polymarket Volume,2023-05-21,173172.0
Polymarket Volume,2023-05-22,429296.0
Polymarket Volume,2023-05-23,350912.0
Polymarket Volume,2023-05-24,269152.0
Polymarket Volume,2023-05-25,218126.0
Polymarket Volume,2023-05-26,400238.0
Polymarket Volume,2023-05-27,356774.0
Polymarket Volume,2023-05-28,1017870.0
Polymarket Volume,2023-05-29,193520.0
Polymarket Volume,2023-05-30,75052.0
Polymarket Volume,2023-05-31,57791.0
Polymarket Volume,2023-06-01,159823.0
Polymarket Volume,2023-06-02,216475.0
Polymarket Volume,2023-06-03,46976.0
Polymarket Volume,2023-06-04,56766.0
Polymarket Volume,2023-06-05,58343.0
Polymarket Volume,2023-06-06,112370.0
Polymarket Volume,2023-06-07,100948.0
Polymarket Volume,2023-06-08,169308.0
Polymarket Volume,2023-06-09,90523.0
Polymarket Volume,2023-06-10,319112.0
Polymarket Volume,2023-06-11,81572.0
Polymarket Volume,2023-06-12,100645.0
Polymarket Volume,2023-06-13,199297.0
Polymarket Volume,2023-06-14,91673.0
Polymarket Volume,2023-06-15,46611.0
Polymarket Volume,2023-06-16,59807.0
Polymarket Volume,2023-06-17,29357.0
Polymarket Volume,2023-06-18,43124.0
Polymarket Volume,2023-06-19,34814.0
Polymarket Volume,2023-06-20,530298.0
Polymarket Volume,2023-06-21,73349.0
Polymarket Volume,2023-06-22,930139.0
Polymarket Volume,2023-06-23,714641.0
Polymarket Volume,2023-06-24,1202818.0
Polymarket Volume,2023-06-25,522362.0
Polymarket Volume,2023-06-26,225646.0
Polymarket Volume,2023-06-27,213338.0
Polymarket Volume,2023-06-28,128264.0
Polymarket Volume,2023-06-29,118911.0
Polymarket Volume,2023-06-30,188279.0
Polymarket Volume,2023-07-01,114418.0
Polymarket Volume,2023-07-02,199674.0
Polymarket Volume,2023-07-03,227959.0
Polymarket Volume,2023-07-04,116885.0
Polymarket Volume,2023-07-05,68287.0
Polymarket Volume,2023-07-06,317676.0
Polymarket Volume,2023-07-07,277059.0
Polymarket Volume,2023-07-08,118546.0
Polymarket Volume,2023-07-09,71903.0
Polymarket Volume,2023-07-10,165480.0
Polymarket Volume,2023-07-11,202217.0
Polymarket Volume,2023-07-12,171840.0
Polymarket Volume,2023-07-13,262946.0
Polymarket Volume,2023-07-14,136982.0
Polymarket Volume,2023-07-15,116021.0
Polymarket Volume,2023-07-16,115700.0
Polymarket Volume,2023-07-17,138363.0
Polymarket Volume,2023-07-18,180433.0
Polymarket Volume,2023-07-19,200956.0
Polymarket Volume,2023-07-20,123868.0
Polymarket Volume,2023-07-21,229354.0
Polymarket Volume,2023-07-22,138259.0
Polymarket Volume,2023-07-23,280140.0
Polymarket Volume,2023-07-24,867159.0
Polymarket Volume,2023-07-25,177924.0
Polymarket Volume,2023-07-26,221920.0
Polymarket Volume,2023-07-27,278848.0
Polymarket Volume,2023-07-28,196580.0
Polymarket Volume,2023-07-29,106051.0
Polymarket Volume,2023-07-30,211723.0
Polymarket Volume,2023-07-31,163919.0
Polymarket Volume,2023-08-01,467116.0
Polymarket Volume,2023-08-02,478841.0
Polymarket Volume,2023-08-03,311423.0
Polymarket Volume,2023-08-04,405209.0
Polymarket Volume,2023-08-05,307336.0
Polymarket Volume,2023-08-06,345475.0
Polymarket Volume,2023-08-07,258723.0
Polymarket Volume,2023-08-08,545410.0
Polymarket Volume,2023-08-09,295457.0
Polymarket Volume,2023-08-10,231251.0
Polymarket Volume,2023-08-11,306133.0
Polymarket Volume,2023-08-12,235870.0
Polymarket Volume,2023-08-13,276772.0
Polymarket Volume,2023-08-14,169188.0
Polymarket Volume,2023-08-15,141144.0
Polymarket Volume,2023-08-16,166800.0
Polymarket Volume,2023-08-17,281933.0
Polymarket Volume,2023-08-18,169365.0
Polymarket Volume,2023-08-19,83602.0
Polymarket Volume,2023-08-20,261847.0
Polymarket Volume,2023-08-21,156093.0
Polymarket Volume,2023-08-22,199656.0
Polymarket Volume,2023-08-23,265705.0
Polymarket Volume,2023-08-24,291958.0
Polymarket Volume,2023-08-25,477531.0
Polymarket Volume,2023-08-26,157033.0
Polymarket Volume,2023-08-27,65384.0
Polymarket Volume,2023-08-28,116187.0
Polymarket Volume,2023-08-29,161317.0
Polymarket Volume,2023-08-30,86070.0
Polymarket Volume,2023-08-31,179202.0
Polymarket Volume,2023-09-01,327793.0
Polymarket Volume,2023-09-02,101904.0
Polymarket Volume,2023-09-03,121265.0
Polymarket Volume,2023-09-04,136654.0
Polymarket Volume,2023-09-05,160535.0
Polymarket Volume,2023-09-06,88021.0
Polymarket Volume,2023-09-07,64306.0
Polymarket Volume,2023-09-08,209936.0
Polymarket Volume,2023-09-09,67733.0
Polymarket Volume,2023-09-10,69033.0
Polymarket Volume,2023-09-11,59229.0
Polymarket Volume,2023-09-12,91891.0
Polymarket Volume,2023-09-13,81637.0
Polymarket Volume,2023-09-14,74097.0
Polymarket Volume,2023-09-15,123776.0
Polymarket Volume,2023-09-16,29485.0
Polymarket Volume,2023-09-17,126906.0
Polymarket Volume,2023-09-18,68121.0
Polymarket Volume,2023-09-19,77409.0
Polymarket Volume,2023-09-20,340450.0
Polymarket Volume,2023-09-21,79147.0
Polymarket Volume,2023-09-22,86549.0
Polymarket Volume,2023-09-23,88642.0
Polymarket Volume,2023-09-24,92438.0
Polymarket Volume,2023-09-25,50844.0
Polymarket Volume,2023-09-26,194293.0
Polymarket Volume,2023-09-27,81584.0
Polymarket Volume,2023-09-28,235124.0
Polymarket Volume,2023-09-29,223280.0
Polymarket Volume,2023-09-30,118292.0
Polymarket Volume,2023-10-01,312328.0
Polymarket Volume,2023-10-02,163382.0
Polymarket Volume,2023-10-03,231234.0
Polymarket Volume,2023-10-04,192332.0
Polymarket Volume,2023-10-05,157589.0
Polymarket Volume,2023-10-06,342710.0
Polymarket Volume,2023-10-07,635087.0
Polymarket Volume,2023-10-08,189055.0
Polymarket Volume,2023-10-09,239552.0
Polymarket Volume,2023-10-10,211172.0
Polymarket Volume,2023-10-11,344721.0
Polymarket Volume,2023-10-12,218428.0
Polymarket Volume,2023-10-13,283380.0
Polymarket Volume,2023-10-14,249186.0
Polymarket Volume,2023-10-15,287268.0
Polymarket Volume,2023-10-16,282181.0
Polymarket Volume,2023-10-17,227616.0
Polymarket Volume,2023-10-18,216244.0
Polymarket Volume,2023-10-19,256142.0
Polymarket Volume,2023-10-20,325317.0
Polymarket Volume,2023-10-21,267410.0
Polymarket Volume,2023-10-22,199092.0
Polymarket Volume,2023-10-23,609690.0
Polymarket Volume,2023-10-24,401677.0
Polymarket Volume,2023-10-25,314494.0
Polymarket Volume,2023-10-26,220321.0
Polymarket Volume,2023-10-27,285449.0
Polymarket Volume,2023-10-28,145728.0
Polymarket Volume,2023-10-29,239324.0
Polymarket Volume,2023-10-30,207042.0
Polymarket Volume,2023-10-31,595752.0
Polymarket Volume,2023-11-01,202195.0
Polymarket Volume,2023-11-02,260331.0
Polymarket Volume,2023-11-03,148338.0
Polymarket Volume,2023-11-04,219351.0
Polymarket Volume,2023-11-05,221573.0
Polymarket Volume,2023-11-06,193622.0
Polymarket Volume,2023-11-07,252053.0
Polymarket Volume,2023-11-08,389759.0
Polymarket Volume,2023-11-09,330195.0
Polymarket Volume,2023-11-10,156081.0
Polymarket Volume,2023-11-11,105241.0
Polymarket Volume,2023-11-12,181230.0
Polymarket Volume,2023-11-13,213260.0
Polymarket Volume,2023-11-14,182989.0
Polymarket Volume,2023-11-15,250716.0
Polymarket Volume,2023-11-16,231092.0
Polymarket Volume,2023-11-17,203863.0
Polymarket Volume,2023-11-18,305103.0
Polymarket Volume,2023-11-19,410584.0
Polymarket Volume,2023-11-20,385892.0
Polymarket Volume,2023-11-21,276057.0
Polymarket Volume,2023-11-22,380999.0
Polymarket Volume,2023-11-23,193347.0
Polymarket Volume,2023-11-24,208060.0
Polymarket Volume,2023-11-25,156337.0
Polymarket Volume,2023-11-26,165372.0
Polymarket Volume,2023-11-27,96446.0
Polymarket Volume,2023-11-28,106138.0
Polymarket Volume,2023-11-29,215543.0
Polymarket Volume,2023-11-30,209019.0
Polymarket Volume,2023-12-01,373085.0
Polymarket Volume,2023-12-02,138170.0
Polymarket Volume,2023-12-03,133264.0
Polymarket Volume,2023-12-04,316830.0
Polymarket Volume,2023-12-05,220579.0
Polymarket Volume,2023-12-06,330505.0
Polymarket Volume,2023-12-07,281583.0
Polymarket Volume,2023-12-08,202800.0
Polymarket Volume,2023-12-09,185599.0
Polymarket Volume,2023-12-10,157994.0
Polymarket Volume,2023-12-11,179658.0
Polymarket Volume,2023-12-12,300023.0
Polymarket Volume,2023-12-13,278759.0
Polymarket Volume,2023-12-14,299276.0
Polymarket Volume,2023-12-15,180492.0
Polymarket Volume,2023-12-16,133977.0
Polymarket Volume,2023-12-17,172944.0
Polymarket Volume,2023-12-18,161982.0
Polymarket Volume,2023-12-19,163526.0
Polymarket Volume,2023-12-20,181917.0
Polymarket Volume,2023-12-21,229044.0
Polymarket Volume,2023-12-22,185047.0
Polymarket Volume,2023-12-23,136503.0
Polymarket Volume,2023-12-24,168429.0
Polymarket Volume,2023-12-25,202769.0
Polymarket Volume,2023-12-26,220738.0
Polymarket Volume,2023-12-27,159886.0
Polymarket Volume,2023-12-28,174380.0
Polymarket Volume,2023-12-29,195994.0
Polymarket Volume,2023-12-30,165433.0
Polymarket Volume,2023-12-31,213527.0
Polymarket Volume,2024-01-01,196495.0
Polymarket Volume,2024-01-02,216628.0
Polymarket Volume,2024-01-03,369254.0
Polymarket Volume,2024-01-04,369473.0
Polymarket Volume,2024-01-05,625551.0
Polymarket Volume,2024-01-06,468494.0
Polymarket Volume,2024-01-07,1150137.0
Polymarket Volume,2024-01-08,724211.0
Polymarket Volume,2024-01-09,1700377.0
Polymarket Volume,2024-01-10,2865001.0
Polymarket Volume,2024-01-11,959900.0
Polymarket Volume,2024-01-12,1082576.0
Polymarket Volume,2024-01-13,997537.0
Polymarket Volume,2024-01-14,838934.0
Polymarket Volume,2024-01-15,898045.0
Polymarket Volume,2024-01-16,1348005.0
Polymarket Volume,2024-01-17,367036.0
Polymarket Volume,2024-01-18,489009.0
Polymarket Volume,2024-01-19,595891.0
Polymarket Volume,2024-01-20,477306.0
Polymarket Volume,2024-01-21,634499.0
Polymarket Volume,2024-01-22,1751292.0
Polymarket Volume,2024-01-23,1018383.0
Polymarket Volume,2024-01-24,1337129.0
Polymarket Volume,2024-01-25,574570.0
Polymarket Volume,2024-01-26,491449.0
Polymarket Volume,2024-01-27,740970.0
Polymarket Volume,2024-01-28,687483.0
Polymarket Volume,2024-01-29,506486.0
Polymarket Volume,2024-01-30,1061359.0
Polymarket Volume,2024-01-31,1540124.0
Polymarket Volume,2024-02-01,872776.0
Polymarket Volume,2024-02-02,979859.0
Polymarket Volume,2024-02-03,504484.0
Polymarket Volume,2024-02-04,661187.0
Polymarket Volume,2024-02-05,541895.0
Polymarket Volume,2024-02-06,454044.0
Polymarket Volume,2024-02-07,776809.0
Polymarket Volume,2024-02-08,1103861.0
Polymarket Volume,2024-02-09,1940215.0
Polymarket Volume,2024-02-10,667931.0
Polymarket Volume,2024-02-11,807702.0
Polymarket Volume,2024-02-12,1569907.0
Polymarket Volume,2024-02-13,879204.0
Polymarket Volume,2024-02-14,826817.0
Polymarket Volume,2024-02-15,427863.0
Polymarket Volume,2024-02-16,517563.0
Polymarket Volume,2024-02-17,680393.0
Polymarket Volume,2024-02-18,387059.0
Polymarket Volume,2024-02-19,411727.0
Polymarket Volume,2024-02-20,398121.0
Polymarket Volume,2024-02-21,349182.0
Polymarket Volume,2024-02-22,473704.0
Polymarket Volume,2024-02-23,633895.0
Polymarket Volume,2024-02-24,557268.0
Polymarket Volume,2024-02-25,929318.0
Polymarket Volume,2024-02-26,753169.0
Polymarket Volume,2024-02-27,528557.0
Polymarket Volume,2024-02-28,724966.0
Polymarket Volume,2024-02-29,462641.0
Polymarket Volume,2024-03-01,702695.0
Polymarket Volume,2024-03-02,973687.0
Polymarket Volume,2024-03-03,606203.0
Polymarket Volume,2024-03-04,1080017.0
Polymarket Volume,2024-03-05,1291629.0
Polymarket Volume,2024-03-06,1593798.0
Polymarket Volume,2024-03-07,617526.0
Polymarket Volume,2024-03-08,775036.0
Polymarket Volume,2024-03-09,652954.0
Polymarket Volume,2024-03-10,889384.0
Polymarket Volume,2024-03-11,594127.0
Polymarket Volume,2024-03-12,1052447.0
Polymarket Volume,2024-03-13,589338.0
Polymarket Volume,2024-03-14,431304.0
Polymarket Volume,2024-03-15,341602.0
Polymarket Volume,2024-03-16,424181.0
Polymarket Volume,2024-03-17,414217.0
Polymarket Volume,2024-03-18,495069.0
Polymarket Volume,2024-03-19,558551.0
Polymarket Volume,2024-03-20,464123.0
Polymarket Volume,2024-03-21,888917.0
Polymarket Volume,2024-03-22,356558.0
Polymarket Volume,2024-03-23,1069619.0
Polymarket Volume,2024-03-24,697512.0
Polymarket Volume,2024-03-25,440628.0
Polymarket Volume,2024-03-26,1541515.0
Polymarket Volume,2024-03-27,703482.0
Polymarket Volume,2024-03-28,905906.0
Polymarket Volume,2024-03-29,607878.0
Polymarket Volume,2024-03-30,774040.0
Polymarket Volume,2024-03-31,707560.0
Polymarket Volume,2024-04-01,986781.0
Polymarket Volume,2024-04-02,393423.0
Polymarket Volume,2024-04-03,926140.0
Polymarket Volume,2024-04-04,812470.0
Polymarket Volume,2024-04-05,579605.0
Polymarket Volume,2024-04-06,438188.0
Polymarket Volume,2024-04-07,656449.0
Polymarket Volume,2024-04-08,590198.0
Polymarket Volume,2024-04-09,685052.0
Polymarket Volume,2024-04-10,778314.0
Polymarket Volume,2024-04-11,366342.0
Polymarket Volume,2024-04-12,620028.0
Polymarket Volume,2024-04-13,473949.0
Polymarket Volume,2024-04-14,370973.0
Polymarket Volume,2024-04-15,353784.0
Polymarket Volume,2024-04-16,638485.0
Polymarket Volume,2024-04-17,536106.0
Polymarket Volume,2024-04-18,918439.0
Polymarket Volume,2024-04-19,823264.0
Polymarket Volume,2024-04-20,288536.0
Polymarket Volume,2024-04-21,419245.0
Polymarket Volume,2024-04-22,412887.0
Polymarket Volume,2024-04-23,365404.0
Polymarket Volume,2024-04-24,987471.0
Polymarket Volume,2024-04-25,719662.0
Polymarket Volume,2024-04-26,772428.0
Polymarket Volume,2024-04-27,483439.0
Polymarket Volume,2024-04-28,464819.0
Polymarket Volume,2024-04-29,855998.0
Polymarket Volume,2024-04-30,1756343.0
Polymarket Volume,2024-05-01,1789177.0
Polymarket Volume,2024-05-02,776574.0
Polymarket Volume,2024-05-03,736386.0
Polymarket Volume,2024-05-04,741050.0
Polymarket Volume,2024-05-05,1021145.0
Polymarket Volume,2024-05-06,592080.0
Polymarket Volume,2024-05-07,486737.0
Polymarket Volume,2024-05-08,1014866.0
Polymarket Volume,2024-05-09,914996.0
Polymarket Volume,2024-05-10,380626.0
Polymarket Volume,2024-05-11,512441.0
Polymarket Volume,2024-05-12,439060.0
Polymarket Volume,2024-05-13,1107523.0
Polymarket Volume,2024-05-14,559764.0
Polymarket Volume,2024-05-15,923231.0
Polymarket Volume,2024-05-16,1047266.0
Polymarket Volume,2024-05-17,945501.0
Polymarket Volume,2024-05-18,631963.0
Polymarket Volume,2024-05-19,642097.0
Polymarket Volume,2024-05-20,1626241.0
Polymarket Volume,2024-05-21,1613362.0
Polymarket Volume,2024-05-22,1076094.0
Polymarket Volume,2024-05-23,2394639.0
Polymarket Volume,2024-05-24,1120295.0
Polymarket Volume,2024-05-25,651451.0
Polymarket Volume,2024-05-26,608091.0
Polymarket Volume,2024-05-27,1730055.0
Polymarket Volume,2024-05-28,1955741.0
Polymarket Volume,2024-05-29,1025812.0
Polymarket Volume,2024-05-30,1233833.0
Polymarket Volume,2024-05-31,1227462.0
Polymarket Volume,2024-06-01,1070242.0
Polymarket Volume,2024-06-02,958557.0
Polymarket Volume,2024-06-03,975714.0
Polymarket Volume,2024-06-04,1150572.0
Polymarket Volume,2024-06-05,2185762.0
Polymarket Volume,2024-06-06,1970641.0
Polymarket Volume,2024-06-07,1344283.0
Polymarket Volume,2024-06-08,972448.0
Polymarket Volume,2024-06-09,832507.0
Polymarket Volume,2024-06-10,976322.0
Polymarket Volume,2024-06-11,1497135.0
Polymarket Volume,2024-06-12,1685170.0
Polymarket Volume,2024-06-13,1437112.0
Polymarket Volume,2024-06-14,1510744.0
Polymarket Volume,2024-06-15,1044895.0
Polymarket Volume,2024-06-16,1081081.0
Polymarket Volume,2024-06-17,1135459.0
Polymarket Volume,2024-06-18,2052306.0
Polymarket Volume,2024-06-19,2527470.0
Polymarket Volume,2024-06-20,2335445.0
Polymarket Volume,2024-06-21,1757711.0
Polymarket Volume,2024-06-22,2463659.0
Polymarket Volume,2024-06-23,1304969.0
Polymarket Volume,2024-06-24,1588889.0
Polymarket Volume,2024-06-25,2410291.0
Polymarket Volume,2024-06-26,3064228.0
Polymarket Volume,2024-06-27,2561973.0
Polymarket Volume,2024-06-28,5346062.0
Polymarket Volume,2024-06-29,2011770.0
Polymarket Volume,2024-06-30,4528783.0
Polymarket Volume,2024-07-01,3397547.0
Polymarket Volume,2024-07-02,3429034.0
Polymarket Volume,2024-07-03,5394703.0
Polymarket Volume,2024-07-04,2844190.0
Polymarket Volume,2024-07-05,3362830.0
Polymarket Volume,2024-07-06,2576951.0
Polymarket Volume,2024-07-07,2479119.0
Polymarket Volume,2024-07-08,3379024.0
Polymarket Volume,2024-07-09,3038627.0
Polymarket Volume,2024-07-10,3136422.0
Polymarket Volume,2024-07-11,4375292.0
Polymarket Volume,2024-07-12,2955581.0
Polymarket Volume,2024-07-13,3703863.0
Polymarket Volume,2024-07-14,4999462.0
Polymarket Volume,2024-07-15,6181521.0
Polymarket Volume,2024-07-16,3479261.0
Polymarket Volume,2024-07-17,5237393.0
Polymarket Volume,2024-07-18,9759807.0
Polymarket Volume,2024-07-19,7716890.0
Polymarket Volume,2024-07-20,4313877.0
Polymarket Volume,2024-07-21,12093266.0
Polymarket Volume,2024-07-22,13600618.0
Polymarket Volume,2024-07-23,13662240.0
Polymarket Volume,2024-07-24,11240585.0
Polymarket Volume,2024-07-25,7870089.0
Polymarket Volume,2024-07-26,8329579.0
Polymarket Volume,2024-07-27,7384300.0
Polymarket Volume,2024-07-28,6353094.0
Polymarket Volume,2024-07-29,8298318.0
Polymarket Volume,2024-07-30,8691752.0
Polymarket Volume,2024-07-31,10236688.0
Polymarket Volume,2024-08-01,11569357.0
Polymarket Volume,2024-08-02,9476963.0
Polymarket Volume,2024-08-03,4901099.0
Polymarket Volume,2024-08-04,6757494.0
Polymarket Volume,2024-08-05,10121785.0
Polymarket Volume,2024-08-06,14900006.0
Polymarket Volume,2024-08-07,8071628.0
Polymarket Volume,2024-08-08,8297718.0
Polymarket Volume,2024-08-09,5275622.0
Polymarket Volume,2024-08-10,5877880.0
Polymarket Volume,2024-08-11,5485914.0
Polymarket Volume,2024-08-12,6812451.0
Polymarket Volume,2024-08-13,7839727.0
Polymarket Volume,2024-08-14,5767370.0
Polymarket Volume,2024-08-15,5621822.0
Polymarket Volume,2024-08-16,5913873.0
Polymarket Volume,2024-08-17,7552580.0
Polymarket Volume,2024-08-18,7638057.0
Polymarket Volume,2024-08-19,7958656.0
Polymarket Volume,2024-08-20,7420142.0
Polymarket Volume,2024-08-21,7959957.0
Polymarket Volume,2024-08-22,7869783.0
Polymarket Volume,2024-08-23,10447850.0
Polymarket Volume,2024-08-24,6983070.0
Polymarket Volume,2024-08-25,7651478.0
Polymarket Volume,2024-08-26,10026824.0
Polymarket Volume,2024-08-27,5794908.0
Polymarket Volume,2024-08-28,6552562.0
Polymarket Volume,2024-08-29,7528466.0
Polymarket Volume,2024-08-30,6980494.0
Polymarket Volume,2024-08-31,5389558.0
Polymarket Volume,2024-09-01,5314153.0
Polymarket Volume,2024-09-02,5638151.0
Polymarket Volume,2024-09-03,8251022.0
Polymarket Volume,2024-09-04,8321747.0
Polymarket Volume,2024-09-05,7009236.0
Polymarket Volume,2024-09-06,17134686.0
Polymarket Volume,2024-09-07,6596205.0
Polymarket Volume,2024-09-08,7369124.0
Polymarket Volume,2024-09-09,6281412.0
Polymarket Volume,2024-09-10,7377592.0
Polymarket Volume,2024-09-11,18641115.0
Polymarket Volume,2024-09-12,12752778.0
Polymarket Volume,2024-09-13,9358221.0
Polymarket Volume,2024-09-14,5935631.0
Polymarket Volume,2024-09-15,9502603.0
Polymarket Volume,2024-09-16,7840236.0
Polymarket Volume,2024-09-17,9909028.0
Polymarket Volume,2024-09-18,13753740.0
Polymarket Volume,2024-09-19,9206480.0
Polymarket Volume,2024-09-20,6008555.0
Polymarket Volume,2024-09-21,5505665.0
Polymarket Volume,2024-09-22,4822751.0
Polymarket Volume,2024-09-23,7594881.0
Polymarket Volume,2024-09-24,10244802.0
Polymarket Volume,2024-09-25,10197614.0
Polymarket Volume,2024-09-26,9272224.0
Polymarket Volume,2024-09-27,8789396.0
Polymarket Volume,2024-09-28,7542893.0
Polymarket Volume,2024-09-29,8071669.0
Polymarket Volume,2024-09-30,12526310.0
Polymarket Volume,2024-10-01,16061212.0
Polymarket Volume,2024-10-02,19722623.0
Polymarket Volume,2024-10-03,46250946.0
Polymarket Volume,2024-10-04,38781689.0
Polymarket Volume,2024-10-05,35188815.0
Polymarket Volume,2024-10-06,48504684.0
Polymarket Volume,2024-10-07,51558038.0
Polymarket Volume,2024-10-08,40058161.0
Polymarket Volume,2024-10-09,48381802.0
Polymarket Volume,2024-10-10,36590264.0
Polymarket Volume,2024-10-11,32909883.0
Polymarket Volume,2024-10-12,24888989.0
Polymarket Volume,2024-10-13,21562530.0
Polymarket Volume,2024-10-14,37223450.0
Polymarket Volume,2024-10-15,33576838.0
Polymarket Volume,2024-10-16,34930651.0
Polymarket Volume,2024-10-17,48645582.0
Polymarket Volume,2024-10-18,23104647.0
Polymarket Volume,2024-10-19,18036251.0
Polymarket Volume,2024-10-20,27498004.0
Polymarket Volume,2024-10-21,34467962.0
Polymarket Volume,2024-10-22,43822725.0
Polymarket Volume,2024-10-23,49793899.0
Polymarket Volume,2024-10-24,55603112.0
Polymarket Volume,2024-10-25,44566606.0
Polymarket Volume,2024-10-26,40657878.0
Polymarket Volume,2024-10-27,29593087.0
Polymarket Volume,2024-10-28,59475899.0
Polymarket Volume,2024-10-29,63610218.0
Polymarket Volume,2024-10-30,66085761.0
Polymarket Volume,2024-10-31,76628101.0
Polymarket Volume,2024-11-01,80439136.0
Polymarket Volume,2024-11-02,61786097.0
Polymarket Volume,2024-11-03,69294603.0
Polymarket Volume,2024-11-04,80612889.0
Polymarket Volume,2024-11-05,119786346.0
Polymarket Volume,2024-11-06,185601761.0
Polymarket Volume,2024-11-07,27251217.0
Polymarket Volume,2024-11-08,31714753.0
Polymarket Volume,2024-11-09,31093482.0
Polymarket Volume,2024-11-10,36989519.0
Polymarket Volume,2024-11-11,38847219.0
Polymarket Volume,2024-11-12,34046506.0
Polymarket Volume,2024-11-13,41474786.0
Polymarket Volume,2024-11-14,43021262.0
Polymarket Volume,2024-11-15,43988746.0
Polymarket Volume,2024-11-16,37808364.0
Polymarket Volume,2024-11-17,16886012.0
Polymarket Volume,2024-11-18,29223389.0
Polymarket Volume,2024-11-19,28551733.0
Polymarket Volume,2024-11-20,18948901.0
Polymarket Volume,2024-11-21,29858486.0
Polymarket Volume,2024-11-22,28294346.0
Polymarket Volume,2024-11-23,17144139.0
Polymarket Volume,2024-11-24,20019887.0
Polymarket Volume,2024-11-25,31736088.0
Polymarket Volume,2024-11-26,20185127.0
Polymarket Volume,2024-11-27,21680547.0
Polymarket Volume,2024-11-28,31836791.0
Polymarket Volume,2024-11-29,35610173.0
Polymarket Volume,2024-11-30,20041259.0
Polymarket Volume,2024-12-01,21648413.0
Polymarket Volume,2024-12-02,26979721.0
Polymarket Volume,2024-12-03,29641466.0
Polymarket Volume,2024-12-04,34723929.0
Polymarket Volume,2024-12-05,34675694.0
Polymarket Volume,2024-12-06,37892262.0
Polymarket Volume,2024-12-07,18481887.0
Polymarket Volume,2024-12-08,18431559.0
Polymarket Volume,2024-12-09,23625031.0
Polymarket Volume,2024-12-10,21663786.0
Polymarket Volume,2024-12-11,28647980.0
Polymarket Volume,2024-12-12,22795306.0
Polymarket Volume,2024-12-13,31147996.0
Polymarket Volume,2024-12-14,15199810.0
Polymarket Volume,2024-12-15,20160824.0
Polymarket Volume,2024-12-16,25794898.0
Polymarket Volume,2024-12-17,28727814.0
Polymarket Volume,2024-12-18,39131514.0
Polymarket Volume,2024-12-19,41027594.0
Polymarket Volume,2024-12-20,36781196.0
Polymarket Volume,2024-12-21,37866850.0
Polymarket Volume,2024-12-22,31548857.0
Polymarket Volume,2024-12-23,41073840.0
Polymarket Volume,2024-12-24,42716011.0
Polymarket Volume,2024-12-25,33100346.0
Polymarket Volume,2024-12-26,38329603.0
Polymarket Volume,2024-12-27,42846876.0
Polymarket Volume,2024-12-28,33385653.0
Polymarket Volume,2024-12-29,40118926.0
Polymarket Volume,2024-12-30,33844849.0
Polymarket Volume,2024-12-31,31127807.0
Polymarket Volume,2025-01-01,25783076.0
Polymarket Volume,2025-01-02,27019769.0
Polymarket Volume,2025-01-03,23495264.0
Polymarket Volume,2025-01-04,16749738.0
Polymarket Volume,2025-01-05,19778389.0
Polymarket Volume,2025-01-06,17827424.0
Polymarket Volume,2025-01-07,17978891.0
Polymarket Volume,2025-01-08,16929623.0
Polymarket Volume,2025-01-09,18388838.0
Polymarket Volume,2025-01-10,20646619.0
Polymarket Volume,2025-01-11,16903732.0
Polymarket Volume,2025-01-12,17773751.0
Polymarket Volume,2025-01-13,18501528.0
Polymarket Volume,2025-01-14,17603204.0
Polymarket Volume,2025-01-15,19893919.0
Polymarket Volume,2025-01-16,18060705.0
Polymarket Volume,2025-01-17,19190830.0
Polymarket Volume,2025-01-18,26311099.0
Polymarket Volume,2025-01-19,36355434.0
Polymarket Volume,2025-01-20,49424085.0
Polymarket Volume,2025-01-21,37898352.0
Polymarket Volume,2025-01-22,15274084.0
Polymarket Volume,2025-01-23,15685648.0
Polymarket Volume,2025-01-24,16323864.0
Polymarket Volume,2025-01-25,13464150.0
Polymarket Volume,2025-01-26,16167701.0
Polymarket Volume,2025-01-27,11990344.0
Polymarket Volume,2025-01-28,10112805.0
Polymarket Volume,2025-01-29,18823346.0
Polymarket Volume,2025-01-30,11678439.0
Polymarket Volume,2025-01-31,16078009.0
Polymarket Volume,2025-02-01,11218375.0
Polymarket Volume,2025-02-02,11953631.0
Polymarket Volume,2025-02-03,11380461.0
Polymarket Volume,2025-02-04,11012757.0
Polymarket Volume,2025-02-05,11568453.0
Polymarket Volume,2025-02-06,10589536.0
Polymarket Volume,2025-02-07,14456488.0
Polymarket Volume,2025-02-08,13071759.0
Polymarket Volume,2025-02-09,14263475.0
Polymarket Volume,2025-02-10,16888551.0
Polymarket Volume,2025-02-11,13812909.0
Polymarket Volume,2025-02-12,16224248.0
Polymarket Volume,2025-02-13,16587041.0
Polymarket Volume,2025-02-14,16603811.0
Polymarket Volume,2025-02-15,11910928.0
Polymarket Volume,2025-02-16,13662005.0
Polymarket Volume,2025-02-17,10968289.0
Polymarket Volume,2025-02-18,16165101.0
Polymarket Volume,2025-02-19,15886352.0
Polymarket Volume,2025-02-20,20413079.0
Polymarket Volume,2025-02-21,23276266.0
Polymarket Volume,2025-02-22,15442332.0
Polymarket Volume,2025-02-23,18871283.0
Polymarket Volume,2025-02-24,18997032.0
Polymarket Volume,2025-02-25,15377312.0
Polymarket Volume,2025-02-26,16326821.0
Polymarket Volume,2025-02-27,13949988.0
Polymarket Volume,2025-02-28,16684583.0
Polymarket Volume,2025-03-01,14278562.0
Polymarket Volume,2025-03-02,16087190.0
Polymarket Volume,2025-03-03,13031271.0
Polymarket Volume,2025-03-04,15689967.0
Polymarket Volume,2025-03-05,14328000.0
Polymarket Volume,2025-03-06,14288477.0
Polymarket Volume,2025-03-07,18417889.0
Polymarket Volume,2025-03-08,13409223.0
Polymarket Volume,2025-03-09,15219961.0
Polymarket Volume,2025-03-10,13284712.0
Polymarket Volume,2025-03-11,15697467.0
Polymarket Volume,2025-03-12,14586422.0
Polymarket Volume,2025-03-13,14597100.0
Polymarket Volume,2025-03-14,13272214.0
Polymarket Volume,2025-03-15,13072550.0
Polymarket Volume,2025-03-16,14677323.0
Polymarket Volume,2025-03-17,13295938.0
Polymarket Volume,2025-03-18,16099183.0
Polymarket Volume,2025-03-19,17205019.0
Polymarket Volume,2025-03-20,14618107.0
Polymarket Volume,2025-03-21,14723629.0
Polymarket Volume,2025-03-22,11415764.0
Polymarket Volume,2025-03-23,11819992.0
Polymarket Volume,2025-03-24,11336865.0
Polymarket Volume,2025-03-25,10932922.0
Polymarket Volume,2025-03-26,10477661.0
Polymarket Volume,2025-03-27,13350371.0
Polymarket Volume,2025-03-28,17310031.0
Polymarket Volume,2025-03-29,11761340.0
Polymarket Volume,2025-03-30,11798036.0
Polymarket Volume,2025-03-31,10342690.0
Polymarket Volume,2025-04-01,18939886.0
Polymarket Volume,2025-04-02,16574959.0
Polymarket Volume,2025-04-03,15186374.0
Polymarket Volume,2025-04-04,24543667.0
Polymarket Volume,2025-04-05,11001245.0
Polymarket Volume,2025-04-06,13837458.0
Polymarket Volume,2025-04-07,13733132.0
Polymarket Volume,2025-04-08,13764243.0
Polymarket Volume,2025-04-09,15207366.0
Polymarket Volume,2025-04-10,13139836.0
Polymarket Volume,2025-04-11,13624993.0
Polymarket Volume,2025-04-12,11266735.0
Polymarket Volume,2025-04-13,12886329.0
Polymarket Volume,2025-04-14,8715304.0
Polymarket Volume,2025-04-15,11811704.0
Polymarket Volume,2025-04-16,12998126.0
Polymarket Volume,2025-04-17,12267274.0
Polymarket Volume,2025-04-18,9961107.0
Polymarket Volume,2025-04-19,14231563.0
Polymarket Volume,2025-04-20,14402223.0
Polymarket Volume,2025-04-21,12582255.0
Polymarket Volume,2025-04-22,13440131.0
Polymarket Volume,2025-04-23,13285436.0
Polymarket Volume,2025-04-24,13108959.0
Polymarket Volume,2025-04-25,13925834.0
Polymarket Volume,2025-04-26,13024418.0
Polymarket Volume,2025-04-27,13723310.0
Polymarket Volume,2025-04-28,18000358.0
Polymarket Volume,2025-04-29,37718664.0
Polymarket Volume,2025-04-30,22878723.0
Polymarket Volume,2025-05-01,17144046.0
Polymarket Volume,2025-05-02,17972377.0
Polymarket Volume,2025-05-03,20569957.0
Polymarket Volume,2025-05-04,19625383.0
Polymarket Volume,2025-05-05,15818634.0
Polymarket Volume,2025-05-06,19663255.0
Polymarket Volume,2025-05-07,23294942.0
Polymarket Volume,2025-05-08,21307317.0
Polymarket Volume,2025-05-09,24997390.0
Polymarket Volume,2025-05-10,19522767.0
Polymarket Volume,2025-05-11,16852135.0
Polymarket Volume,2025-05-12,17270311.0
Polymarket Volume,2025-05-13,17200743.0
Polymarket Volume,2025-05-14,16827219.0
Polymarket Volume,2025-05-15,16707247.0
Polymarket Volume,2025-05-16,19020559.0
Polymarket Volume,2025-05-17,15412033.0
Polymarket Volume,2025-05-18,39655292.0
Polymarket Volume,2025-05-19,15317393.0
Polymarket Volume,2025-05-20,13904673.0
Polymarket Volume,2025-05-21,16555832.0
Polymarket Volume,2025-05-22,12579552.0
Polymarket Volume,2025-05-23,15230948.0
Polymarket Volume,2025-05-24,13846548.0
Polymarket Volume,2025-05-25,14961320.0
Polymarket Volume,2025-05-26,12483522.0
Polymarket Volume,2025-05-27,14356669.0
Polymarket Volume,2025-05-28,15313323.0
Polymarket Volume,2025-05-29,18764433.0
Polymarket Volume,2025-05-30,18190944.0
Polymarket Volume,2025-05-31,16287070.0
Polymarket Volume,2025-06-01,31299053.0
Polymarket Volume,2025-06-02,25703480.0
Polymarket Volume,2025-06-03,49804039.0
Polymarket Volume,2025-06-04,13684937.0
Polymarket Volume,2025-06-05,16016003.0
Polymarket Volume,2025-06-06,17721037.0
Polymarket Volume,2025-06-07,11373169.0
Polymarket Volume,2025-06-08,15823832.0
Polymarket Volume,2025-06-09,12731541.0
Polymarket Volume,2025-06-10,12388125.0
Polymarket Volume,2025-06-11,12733071.0
Polymarket Volume,2025-06-12,15137501.0
Polymarket Volume,2025-06-13,19654768.0
Polymarket Volume,2025-06-14,12484566.0
Polymarket Volume,2025-06-15,11265438.0
Polymarket Volume,2025-06-16,13293172.0
Polymarket Volume,2025-06-17,20217247.0
Polymarket Volume,2025-06-18,19757354.0
Polymarket Volume,2025-06-19,16465881.0
Polymarket Volume,2025-06-20,24672557.0
Polymarket Volume,2025-06-21,18282638.0
Polymarket Volume,2025-06-22,24231380.0
Polymarket Volume,2025-06-23,23261918.0
Polymarket Volume,2025-06-24,27056977.0
Polymarket Volume,2025-06-25,23155088.0
Polymarket Volume,2025-06-26,18793982.0
Polymarket Volume,2025-06-27,17898091.0
Polymarket Volume,2025-06-28,18393446.0
Polymarket Volume,2025-06-29,17762809.0
Polymarket Volume,2025-06-30,21483911.0
Polymarket Volume,2025-07-01,28118490.0
Polymarket Volume,2025-07-02,23607324.0
Polymarket Volume,2025-07-03,23779225.0
Polymarket Volume,2025-07-04,24695790.0
Polymarket Volume,2025-07-05,17977618.0
Polymarket Volume,2025-07-06,18036373.0
Polymarket Volume,2025-07-07,23132162.0
Polymarket Volume,2025-07-08,28827902.0
Polymarket Volume,2025-07-09,20443685.0
Polymarket Volume,2025-07-10,13304675.0
Polymarket Volume,2025-07-11,12654462.0
Polymarket Volume,2025-07-12,14884758.0
Polymarket Volume,2025-07-13,14852330.0
Polymarket Volume,2025-07-14,11111714.0
Polymarket Volume,2025-07-15,11326768.0
Polymarket Volume,2025-07-16,12370446.0
Polymarket Volume,2025-07-17,10849901.0
Polymarket Volume,2025-07-18,16663141.0
Polymarket Volume,2025-07-19,14870490.0
Polymarket Volume,2025-07-20,15932376.0
Polymarket Volume,2025-07-21,13608203.0
Polymarket Volume,2025-07-22,15231856.0
Polymarket Volume,2025-07-23,15032938.0
Polymarket Volume,2025-07-24,12659074.0
Polymarket Volume,2025-07-25,15977345.0
Polymarket Volume,2025-07-26,15362870.0
Polymarket Volume,2025-07-27,14348813.0
Polymarket Volume,2025-07-28,17959217.0
Polymarket Volume,2025-07-29,18487068.0
Polymarket Volume,2025-07-30,22036095.0
Polymarket Volume,2025-07-31,14504783.0
Polymarket Volume,2025-08-01,16581998.0
Polymarket Volume,2025-08-02,12969563.0
Polymarket Volume,2025-08-03,14911004.0
Polymarket Volume,2025-08-04,10821084.0
Polymarket Volume,2025-08-05,12075681.0
Polymarket Volume,2025-08-06,16035775.0
Polymarket Volume,2025-08-07,14346471.0
Polymarket Volume,2025-08-08,14600996.0
Polymarket Volume,2025-08-09,13781773.0
Polymarket Volume,2025-08-10,14022248.0
Polymarket Volume,2025-08-11,11610068.0
Polymarket Volume,2025-08-12,15090305.0
Polymarket Volume,2025-08-13,19081451.0
Polymarket Volume,2025-08-14,19058439.0
Polymarket Volume,2025-08-15,19260673.0
Polymarket Volume,2025-08-16,16525467.0
Polymarket Volume,2025-08-17,17870497.0
Polymarket Volume,2025-08-18,16567344.0
Polymarket Volume,2025-08-19,18113488.0
Polymarket Volume,2025-08-20,16543703.0
Polymarket Volume,2025-08-21,15844361.0
Polymarket Volume,2025-08-22,21284482.0
Polymarket Volume,2025-08-23,15245778.0
Polymarket Volume,2025-08-24,17432740.0
Polymarket Volume,2025-08-25,16986734.0
Polymarket Volume,2025-08-26,15161117.0
Polymarket Volume,2025-08-27,20825228.0
Polymarket Volume,2025-08-28,16516747.0
Polymarket Volume,2025-08-29,17096855.0
Polymarket Volume,2025-08-30,19233961.0
Polymarket Volume,2025-08-31,18476752.0
Polymarket Volume,2025-09-01,17343314.0
Polymarket Volume,2025-09-02,22461065.0
Polymarket Volume,2025-09-03,19121099.0
Polymarket Volume,2025-09-04,17069242.0
Polymarket Volume,2025-09-05,26363699.0
Polymarket Volume,2025-09-06,19810295.0
Polymarket Volume,2025-09-07,25407667.0
Polymarket Volume,2025-09-08,18835078.0
Polymarket Volume,2025-09-09,21029817.0
Polymarket Volume,2025-09-10,19632257.0
Polymarket Volume,2025-09-11,20247585.0
Polymarket Volume,2025-09-12,21385837.0
Polymarket Volume,2025-09-13,22628060.0
Polymarket Volume,2025-09-14,29232039.0
Polymarket Volume,2025-09-15,17826370.0
Polymarket Volume,2025-09-16,29874126.0
Polymarket Volume,2025-09-17,36901276.0
Polymarket Volume,2025-09-18,23495780.0
Polymarket Volume,2025-09-19,22270905.0
Polymarket Volume,2025-09-20,26798837.0
Polymarket Volume,2025-09-21,33365790.0
Polymarket Volume,2025-09-22,24024420.0
Polymarket Volume,2025-09-23,23587389.0
Polymarket Volume,2025-09-24,22540526.0
Polymarket Volume,2025-09-25,25425646.0
Polymarket Volume,2025-09-26,20648321.0
Polymarket Volume,2025-09-27,24593974.0
Polymarket Volume,2025-09-28,36976410.0
Polymarket Volume,2025-09-29,22261877.0
Polymarket Volume,2025-09-30,27326928.0
Polymarket Volume,2025-10-01,27515390.0
Polymarket Volume,2025-10-02,23357075.0
Polymarket Volume,2025-10-03,21378916.0
Polymarket Volume,2025-10-04,26717925.0
Polymarket Volume,2025-10-05,42215730.0
Polymarket Volume,2025-10-06,22368965.0
Polymarket Volume,2025-10-07,32583856.0
Polymarket Volume,2025-10-08,36227025.0
Polymarket Volume,2025-10-09,47492601.0
Polymarket Volume,2025-10-10,57529035.0
Polymarket Volume,2025-10-11,47207902.0
Polymarket Volume,2025-10-12,49720775.0
Polymarket Volume,2025-10-13,42817921.0
Polymarket Volume,2025-10-14,42536008.0
Polymarket Volume,2025-10-15,39412723.0
Polymarket Volume,2025-10-16,49502849.0
Polymarket Volume,2025-10-17,48209524.0
Polymarket Volume,2025-10-18,59445690.0
Polymarket Volume,2025-10-19,63469535.0
Polymarket Volume,2025-10-20,47965387.0
Polymarket Volume,2025-10-21,56106161.0
Polymarket Volume,2025-10-22,54999040.0
Polymarket Volume,2025-10-23,51756276.0
Polymarket Volume,2025-10-24,50988368.0
Polymarket Volume,2025-10-25,67116835.0
Polymarket Volume,2025-10-26,62717658.0
Polymarket Volume,2025-10-27,55732399.0
Polymarket Volume,2025-10-28,67822032.0
Polymarket Volume,2025-10-29,75101902.0
Polymarket Volume,2025-10-30,80804195.0
Polymarket Volume,2025-10-31,57403061.0
Polymarket Volume,2025-11-01,73726132.0
Polymarket Volume,2025-11-02,70412843.0
Polymarket Volume,2025-11-03,60044116.0
Polymarket Volume,2025-11-04,66761140.0
Polymarket Volume,2025-11-05,72752904.0
Polymarket Volume,2025-11-06,51450676.0
Polymarket Volume,2025-11-07,49728228.0
Polymarket Volume,2025-11-08,60910301.0
Polymarket Volume,2025-11-09,85071860.0
Polymarket Volume,2025-11-10,49121177.0
Polymarket Volume,2025-11-11,48393758.0
Polymarket Volume,2025-11-12,56559887.0
Polymarket Volume,2025-11-13,73639593.0
Polymarket Volume,2025-11-14,60594935.0
Polymarket Volume,2025-11-15,56420866.0
Polymarket Volume,2025-11-16,69773593.0
Polymarket Volume,2025-11-17,57904738.0
Polymarket Volume,2025-11-18,60964317.0
Polymarket Volume,2025-11-19,52623149.0
Polymarket Volume,2025-11-20,54474237.0
Polymarket Volume,2025-11-21,57054284.0
Polymarket Volume,2025-11-22,67098475.0
Polymarket Volume,2025-11-23,70604769.0
Polymarket Volume,2025-11-24,59712396.0
Polymarket Volume,2025-11-25,70911822.0
Polymarket Volume,2025-11-26,61037338.0
Polymarket Volume,2025-11-27,62891250.0
Polymarket Volume,2025-11-28,62627739.0
Polymarket Volume,2025-11-29,65871547.0
Polymarket Volume,2025-11-30,69626833.0
Polymarket Volume,2025-12-01,64264602.0
Polymarket Volume,2025-12-02,70694279.0
Polymarket Volume,2025-12-03,69067810.0
Polymarket Volume,2025-12-04,82437475.0
Polymarket Volume,2025-12-05,75294787.0
Polymarket Volume,2025-12-06,72985721.0
Polymarket Volume,2025-12-07,85838132.0
Polymarket Volume,2025-12-08,62741090.0
Polymarket Volume,2025-12-09,79775042.0
Polymarket Volume,2025-12-10,80863521.0
Polymarket Volume,2025-12-11,59818869.0
Polymarket Volume,2025-12-12,57710111.0
Polymarket Volume,2025-12-13,52338151.0
Polymarket Volume,2025-12-14,79000481.0
Polymarket Volume,2025-12-15,59731217.0
Polymarket Volume,2025-12-16,55484159.0
Polymarket Volume,2025-12-17,53802155.0
Polymarket Volume,2025-12-18,67106750.0
Polymarket Volume,2025-12-19,91727068.0
Polymarket Volume,2025-12-20,92728587.0
Polymarket Volume,2025-12-21,85624521.0
Polymarket Volume,2025-12-22,74070638.0
Polymarket Volume,2025-12-23,73302683.0
Polymarket Volume,2025-12-24,71292827.0
Polymarket Volume,2025-12-25,72141737.0
Polymarket Volume,2025-12-26,69371172.0
Polymarket Volume,2025-12-27,72766289.0
Polymarket Volume,2025-12-28,72962529.0
Polymarket Volume,2025-12-29,87564085.0
Polymarket Volume,2025-12-30,96815080.0
Polymarket Volume,2025-12-31,86287361.0
Polymarket Volume,2026-01-01,85056597.0
Polymarket Volume,2026-01-02,83639156.0
Polymarket Volume,2026-01-03,117218225.0
Polymarket Volume,2026-01-04,93818429.0
Polymarket Volume,2026-01-05,79225538.0
Polymarket Volume,2026-01-06,84309736.0
Polymarket Volume,2026-01-07,89972122.0
Polymarket Volume,2026-01-08,87137791.0
Polymarket Volume,2026-01-09,95321539.0
Polymarket Volume,2026-01-10,111897718.0
Polymarket Volume,2026-01-11,114689193.0
Polymarket Volume,2026-01-12,100147108.0
Polymarket Volume,2026-01-13,109356577.0
Polymarket Volume,2026-01-14,115472853.0
Polymarket Volume,2026-01-15,108848923.0
Polymarket Volume,2026-01-16,107642388.0
Polymarket Volume,2026-01-17,122031032.0
Polymarket Volume,2026-01-18,127500348.0
Polymarket Volume,2026-01-19,96030546.0
Polymarket Volume,2026-01-20,108363427.0
Polymarket Volume,2026-01-21,115487617.0
Polymarket Volume,2026-01-22,111624246.0
Polymarket Volume,2026-01-23,102869130.0
Polymarket Volume,2026-01-24,120013237.0
Polymarket Volume,2026-01-25,129787190.0
Polymarket Volume,2026-01-26,112400192.0
Polymarket Volume,2026-01-27,104441044.0
Polymarket Volume,2026-01-28,139373451.0
Polymarket Volume,2026-01-29,110007313.0
Polymarket Volume,2026-01-30,147194149.0
Polymarket Volume,2026-01-31,163434769.0
Polymarket Volume,2026-02-01,141116995.0
Polymarket Volume,2026-02-02,129979991.0
Polymarket Volume,2026-02-03,139558498.0
Polymarket Volume,2026-02-04,113148274.0
Polymarket Volume,2026-02-05,115483793.0
Polymarket Volume,2026-02-06,115341947.0
Polymarket Volume,2026-02-07,127257747.0
Polymarket Volume,2026-02-08,146618798.0
Polymarket Volume,2026-02-09,116788356.0
Polymarket Volume,2026-02-10,122189412.0
Polymarket Volume,2026-02-11,124276536.0
Polymarket Volume,2026-02-12,118460311.0
Polymarket Volume,2026-02-13,114934265.0
Polymarket Volume,2026-02-14,112914271.0
Polymarket Volume,2026-02-15,122808359.0
Polymarket Volume,2026-02-16,97016315.0
Polymarket Volume,2026-02-17,116156713.0
Polymarket Volume,2026-02-18,117671752.0
Polymarket Volume,2026-02-19,116601183.0
Polymarket Volume,2026-02-20,121358110.0
Polymarket Volume,2026-02-21,133096152.0
Polymarket Volume,2026-02-22,135334225.0
Polymarket Volume,2026-02-23,107905039.0
Polymarket Volume,2026-02-24,125131346.0
Polymarket Volume,2026-02-25,135916586.0
Polymarket Volume,2026-02-26,132626169.0
Polymarket Volume,2026-02-27,139958361.0
Polymarket Volume,2026-02-28,212286343.0
Polymarket Volume,2026-03-01,173365604.0
Polymarket Volume,2026-03-02,140088012.0
Polymarket Volume,2026-03-03,156165046.0
Polymarket Volume,2026-03-04,177590194.0
Polymarket Volume,2026-03-05,138012500.0
Polymarket Volume,2026-03-06,147764410.0
Polymarket Volume,2026-03-07,159202455.0
Polymarket Volume,2026-03-08,167188161.0
Polymarket Volume,2026-03-09,134556080.0
Polymarket Volume,2026-03-10,159030123.0
Polymarket Volume,2026-03-11,158981040.0
Polymarket Volume,2026-03-12,155397536.0
Polymarket Volume,2026-03-13,152037791.0
Polymarket Volume,2026-03-14,151148581.0
Polymarket Volume,2026-03-15,150532708.0
Polymarket Volume,2026-03-16,145149449.0
Polymarket Volume,2026-03-17,159382444.0
Polymarket Volume,2026-03-18,167508286.0
Polymarket Volume,2026-03-19,175180225.0
Polymarket Volume,2026-03-20,160113133.0
Polymarket Volume,2026-03-21,176260758.0
Polymarket Volume,2026-03-22,173302168.0
Polymarket Volume,2026-03-23,147350882.0
Polymarket Volume,2026-03-24,142845138.0
Polymarket Volume,2026-03-25,152191780.0
Polymarket Volume,2026-03-26,145965294.0
Polymarket Volume,2026-03-27,149869573.0
Polymarket Volume,2026-03-28,157959868.0
Polymarket Volume,2026-03-29,154710015.0
Polymarket Volume,2026-03-30,122797533.0
Polymarket Volume,2026-03-31,137313336.0
Polymarket Volume,2026-04-01,145416310.0
Polymarket Volume,2026-04-02,127312787.0
Polymarket Volume,2026-04-03,119979632.0
Polymarket Volume,2026-04-04,130338095.0
Polymarket Volume,2026-04-05,152139488.0
Polymarket Volume,2026-04-06,137615887.0
Polymarket Volume,2026-04-07,176977412.0
Polymarket Volume,2026-04-08,210484627.0
Polymarket Volume,2026-04-09,157458505.0
Polymarket Volume,2026-04-10,139461301.0
Polymarket Volume,2026-04-11,146612138.0
Polymarket Volume,2026-04-12,161301093.0
Polymarket Volume,2026-04-13,133664454.0
Polymarket Volume,2026-04-14,141171383.0
Polymarket Volume,2026-04-15,141127137.0
Polymarket Volume,2026-04-16,125204247.0
Polymarket Volume,2026-04-17,133530670.0
Polymarket Volume,2026-04-18,141781334.0
Polymarket Volume,2026-04-19,144007824.0
Polymarket Volume,2026-04-20,107974170.0
Polymarket Volume,2026-04-21,138147027.0
Polymarket Volume,2026-04-22,129819050.0
Polymarket Volume,2026-04-23,120399128.0
Polymarket Volume,2026-04-24,134472767.0
Polymarket Volume,2026-04-25,142791254.0
Polymarket Volume,2026-04-26,132720100.0
Polymarket Volume,2026-04-27,105981249.0
Polymarket Volume,2026-04-28,117002186.0
Polymarket Volume,2026-04-29,120833840.0
Polymarket Volume,2026-04-30,131485567.0
Polymarket Volume,2026-05-01,93605743.0
Polymarket Volume,2026-05-02,96157328.0
Polymarket Volume,2026-05-03,100156668.0
Polymarket Volume,2026-05-04,90793234.0
Polymarket Volume,2026-05-05,83842780.0
Polymarket Volume,2026-05-06,90735702.0
Polymarket Volume,2026-05-07,92751537.0
Polymarket Volume,2026-05-08,90119944.0
Polymarket Volume,2026-05-09,187273336.0
Polymarket Volume,2026-05-10,125047589.0
Polymarket Volume,2026-05-11,96211528.0
Polymarket Volume,2026-05-12,105094510.0
Polymarket Volume,2026-05-13,105811736.0
Polymarket Volume,2026-05-14,91581326.0
Polymarket Volume,2026-05-15,92524703.0
Polymarket Volume,2026-05-16,112245565.0
Polymarket Volume,2026-05-17,131721212.0
Polymarket Volume,2026-05-18,83272362.0
Polymarket Volume,2026-05-19,98526002.0
Polymarket Volume,2026-05-20,97340010.0
Polymarket Volume,2026-05-21,108340668.0
Polymarket Volume,2026-05-22,93791832.0
Polymarket Volume,2026-05-23,117159709.0
Polymarket Volume,2026-05-24,128458575.0
Polymarket Volume,2026-05-25,94319745.0
Polymarket Volume,2026-05-26,97928598.0
Polymarket Volume,2026-05-27,102149382.0
Polymarket Volume,2026-05-28,96417906.0
Polymarket Volume,2026-05-29,103258595.0
Polymarket Volume,2026-05-30,129468034.0
Polymarket Volume,2026-05-31,92136159.0
Polymarket Volume,2026-06-01,109615994.0
Polymarket Volume,2026-06-02,130738623.0
Polymarket Volume,2026-06-03,134540453.0
Polymarket Volume,2026-06-04,100748173.0
Polymarket Volume,2026-06-05,88136565.0
Polymarket Volume,2026-06-06,103693973.0
Polymarket Volume,2026-06-07,103971066.0
Polymarket Volume,2026-06-08,90380677.0
Polymarket Volume,2026-06-09,91075372.0
Polymarket Volume,2026-06-10,87245799.0
Polymarket Volume,2026-06-11,117241755.0
Polymarket Volume,2026-06-12,126027887.0
Polymarket Volume,2026-06-13,149476461.0
Polymarket Volume,2026-06-14,199584186.0
Polymarket Volume,2026-06-15,190424932.0
Polymarket Volume,2026-06-16,156305723.0
Polymarket Volume,2026-06-17,226018164.0
Polymarket Volume,2026-06-18,163351201.0
Polymarket Volume,2026-06-19,137351521.0
Polymarket Volume,2026-06-20,173891848.0
Polymarket Volume,2026-06-21,167034298.0
Polymarket Volume,2026-06-22,149223353.0
Polymarket Volume,2026-06-23,165866827.0
Polymarket Volume,2026-06-24,171542407.0
Polymarket Volume,2026-06-25,172392033.0
Polymarket Volume,2026-06-26,162491491.0
Polymarket Volume,2026-06-27,153561542.0
Polymarket Volume,2026-06-28,137546483.0
Polymarket Volume,2026-06-29,155651407.0
Polymarket Volume,2026-06-30,177335348.0
Polymarket Volume,2026-07-01,199942886.0
Polymarket Volume,2026-07-02,146076858.0
Polymarket Volume,2026-07-03,189698884.0
Polymarket Volume,2026-07-04,206173384.0
Polymarket Volume,2026-07-05,146277265.0
Polymarket Volume,2026-07-06,172839646.0
Polymarket Volume,2026-07-07,218385493.0
Polymarket Volume,2026-07-08,113197269.0
Polymarket Volume,2026-07-09,150592864.0
Polymarket Volume,2026-07-10,137971763.0
Polymarket Volume,2026-07-11,146504514.0
Polymarket Volume,2026-07-12,118889575.0
Polymarket Volume,2026-07-13,62340886.0
Polymarket Volume,2026-07-14,145374199.0
Polymarket Volume,2026-07-15,146186770.0
Polymarket Volume,2026-07-16,86415910.0
Polymarket Volume,2026-07-17,91197672.0
Polymarket Volume,2026-07-18,137645542.0
Polymarket Volume,2026-07-19,185145101.0
Polymarket Volume,2026-07-20,64134191.0
Polymarket Volume,2026-07-21,75248397.0
Polymarket Volume,2026-07-22,76171272.0
Polymarket Volume,2026-07-23,77329086.0
Polymarket Volume,2026-07-24,68929663.0
Polymarket Volume,2026-07-25,75706769.0
Polymarket Volume,2026-07-26,69854861.0
Polymarket Volume,2026-07-27,56222728.0
Polymarket Volume,2026-07-28,66318548.0
Polymarket Volume,2026-07-29,89567164.0
Polymarket Volume,2026-07-30,85276011.0
Polymarket Volume,2026-07-31,75458165.0
Polymarket Volume,2026-08-01,85766224.0
Polymarket Volume,2026-08-02,80892377.0
Polymarket Volume,2026-08-03,59281707.0
Polymarket Volume,2026-08-04,65755080.0
Polymarket Volume,2026-08-05,77011196.0
Polymarket Volume,2026-08-06,67849951.0
Polymarket Volume,2026-08-07,67414072.0
Polymarket Volume,2026-08-08,67485932.0
Polymarket Volume,2026-08-09,67108649.0
Polymarket Volume,2026-08-10,52665834.0
Polymarket Volume,2026-08-11,57958725.0
Polymarket Volume,2026-08-12,79869210.0
Polymarket Volume,2026-08-13,80541243.0
Polymarket Volume,2026-08-14,82840187.0
Polymarket Volume,2026-08-15,89093377.0
Polymarket Volume,2026-08-16,92854456.0
Polymarket Volume,2026-08-17,53843528.0
Polymarket Volume,2026-08-18,56774813.0
Polymarket Volume,2026-08-19,70476620.0
Polymarket Volume,2026-08-20,100862492.0
Polymarket Volume,2026-08-21,680629.0
Polymarket OI,2023-11-15,8651274.0
Polymarket OI,2023-11-16,8709417.0
Polymarket OI,2023-11-17,8768376.0
Polymarket OI,2023-11-18,8862757.0
Polymarket OI,2023-11-19,8883863.0
Polymarket OI,2023-11-20,8740101.0
Polymarket OI,2023-11-21,8836634.0
Polymarket OI,2023-11-22,8795204.0
Polymarket OI,2023-11-23,8783450.0
Polymarket OI,2023-11-24,8773538.0
Polymarket OI,2023-11-25,8753516.0
Polymarket OI,2023-11-26,8729997.0
Polymarket OI,2023-11-27,8760873.0
Polymarket OI,2023-11-28,8737401.0
Polymarket OI,2023-11-29,8808242.0
Polymarket OI,2023-11-30,8846216.0
Polymarket OI,2023-12-01,8340263.0
Polymarket OI,2023-12-02,8346060.0
Polymarket OI,2023-12-03,8385620.0
Polymarket OI,2023-12-04,8327135.0
Polymarket OI,2023-12-05,8303184.0
Polymarket OI,2023-12-06,8214547.0
Polymarket OI,2023-12-07,8259901.0
Polymarket OI,2023-12-08,8284861.0
Polymarket OI,2023-12-09,8368111.0
Polymarket OI,2023-12-10,8446930.0
Polymarket OI,2023-12-11,8531720.0
Polymarket OI,2023-12-12,8582718.0
Polymarket OI,2023-12-13,8596127.0
Polymarket OI,2023-12-14,8725872.0
Polymarket OI,2023-12-15,8788294.0
Polymarket OI,2023-12-16,8841017.0
Polymarket OI,2023-12-17,8860169.0
Polymarket OI,2023-12-18,8894105.0
Polymarket OI,2023-12-19,8919639.0
Polymarket OI,2023-12-20,8986832.0
Polymarket OI,2023-12-21,9076268.0
Polymarket OI,2023-12-22,9095824.0
Polymarket OI,2023-12-23,9164010.0
Polymarket OI,2023-12-24,9232316.0
Polymarket OI,2023-12-25,9363181.0
Polymarket OI,2023-12-26,9419130.0
Polymarket OI,2023-12-27,9444308.0
Polymarket OI,2023-12-28,9467586.0
Polymarket OI,2023-12-29,9510060.0
Polymarket OI,2023-12-30,9510887.0
Polymarket OI,2023-12-31,9629578.0
Polymarket OI,2024-01-01,8421540.0
Polymarket OI,2024-01-02,8514905.0
Polymarket OI,2024-01-03,8838271.0
Polymarket OI,2024-01-04,9136256.0
Polymarket OI,2024-01-05,9749297.0
Polymarket OI,2024-01-06,10113735.0
Polymarket OI,2024-01-07,11316568.0
Polymarket OI,2024-01-08,11863689.0
Polymarket OI,2024-01-09,13692751.0
Polymarket OI,2024-01-10,16054937.0
Polymarket OI,2024-01-11,10647261.0
Polymarket OI,2024-01-12,10187015.0
Polymarket OI,2024-01-13,8499489.0
Polymarket OI,2024-01-14,9037504.0
Polymarket OI,2024-01-15,9901428.0
Polymarket OI,2024-01-16,9032133.0
Polymarket OI,2024-01-17,9118313.0
Polymarket OI,2024-01-18,9274277.0
Polymarket OI,2024-01-19,9640598.0
Polymarket OI,2024-01-20,9759465.0
Polymarket OI,2024-01-21,10036710.0
Polymarket OI,2024-01-22,11282209.0
Polymarket OI,2024-01-23,11912177.0
Polymarket OI,2024-01-24,11351274.0
Polymarket OI,2024-01-25,11434139.0
Polymarket OI,2024-01-26,11676578.0
Polymarket OI,2024-01-27,12220949.0
Polymarket OI,2024-01-28,12442982.0
Polymarket OI,2024-01-29,12384318.0
Polymarket OI,2024-01-30,12839801.0
Polymarket OI,2024-01-31,13689555.0
Polymarket OI,2024-02-01,12770018.0
Polymarket OI,2024-02-02,13127401.0
Polymarket OI,2024-02-03,13566035.0
Polymarket OI,2024-02-04,13952896.0
Polymarket OI,2024-02-05,14216056.0
Polymarket OI,2024-02-06,14084656.0
Polymarket OI,2024-02-07,14424196.0
Polymarket OI,2024-02-08,14861091.0
Polymarket OI,2024-02-09,15645922.0
Polymarket OI,2024-02-10,15994331.0
Polymarket OI,2024-02-11,16548020.0
Polymarket OI,2024-02-12,16285021.0
Polymarket OI,2024-02-13,16506140.0
Polymarket OI,2024-02-14,16677841.0
Polymarket OI,2024-02-15,16848874.0
Polymarket OI,2024-02-16,16904909.0
Polymarket OI,2024-02-17,16917630.0
Polymarket OI,2024-02-18,17053687.0
Polymarket OI,2024-02-19,17271171.0
Polymarket OI,2024-02-20,17265146.0
Polymarket OI,2024-02-21,17472548.0
Polymarket OI,2024-02-22,17524029.0
Polymarket OI,2024-02-23,17643408.0
Polymarket OI,2024-02-24,17864162.0
Polymarket OI,2024-02-25,17339597.0
Polymarket OI,2024-02-26,17416121.0
Polymarket OI,2024-02-27,17117614.0
Polymarket OI,2024-02-28,17143579.0
Polymarket OI,2024-02-29,17247085.0
Polymarket OI,2024-03-01,16785790.0
Polymarket OI,2024-03-02,17134396.0
Polymarket OI,2024-03-03,17317032.0
Polymarket OI,2024-03-04,17575542.0
Polymarket OI,2024-03-05,17133737.0
Polymarket OI,2024-03-06,17035636.0
Polymarket OI,2024-03-07,17163599.0
Polymarket OI,2024-03-08,17091107.0
Polymarket OI,2024-03-09,17265910.0
Polymarket OI,2024-03-10,17358966.0
Polymarket OI,2024-03-11,17323466.0
Polymarket OI,2024-03-12,16701393.0
Polymarket OI,2024-03-13,16643324.0
Polymarket OI,2024-03-14,16696831.0
Polymarket OI,2024-03-15,16605138.0
Polymarket OI,2024-03-16,16597489.0
Polymarket OI,2024-03-17,16651059.0
Polymarket OI,2024-03-18,16788846.0
Polymarket OI,2024-03-19,16884983.0
Polymarket OI,2024-03-20,16852731.0
Polymarket OI,2024-03-21,16538317.0
Polymarket OI,2024-03-22,16630388.0
Polymarket OI,2024-03-23,16676979.0
Polymarket OI,2024-03-24,16897683.0
Polymarket OI,2024-03-25,17108801.0
Polymarket OI,2024-03-26,17170174.0
Polymarket OI,2024-03-27,17325036.0
Polymarket OI,2024-03-28,17115504.0
Polymarket OI,2024-03-29,17038331.0
Polymarket OI,2024-03-30,16979982.0
Polymarket OI,2024-03-31,16941318.0
Polymarket OI,2024-04-01,16421735.0
Polymarket OI,2024-04-02,16277782.0
Polymarket OI,2024-04-03,16626081.0
Polymarket OI,2024-04-04,16956276.0
Polymarket OI,2024-04-05,17121958.0
Polymarket OI,2024-04-06,17366835.0
Polymarket OI,2024-04-07,17380618.0
Polymarket OI,2024-04-08,17587058.0
Polymarket OI,2024-04-09,17882118.0
Polymarket OI,2024-04-10,17858985.0
Polymarket OI,2024-04-11,17938003.0
Polymarket OI,2024-04-12,17971359.0
Polymarket OI,2024-04-13,17762344.0
Polymarket OI,2024-04-14,17934092.0
Polymarket OI,2024-04-15,18073361.0
Polymarket OI,2024-04-16,18070056.0
Polymarket OI,2024-04-17,18003861.0
Polymarket OI,2024-04-18,18037566.0
Polymarket OI,2024-04-19,18005306.0
Polymarket OI,2024-04-20,17966670.0
Polymarket OI,2024-04-21,18025049.0
Polymarket OI,2024-04-22,18212112.0
Polymarket OI,2024-04-23,18293781.0
Polymarket OI,2024-04-24,18620209.0
Polymarket OI,2024-04-25,18790029.0
Polymarket OI,2024-04-26,18933069.0
Polymarket OI,2024-04-27,18995573.0
Polymarket OI,2024-04-28,19163222.0
Polymarket OI,2024-04-29,19465435.0
Polymarket OI,2024-04-30,20038697.0
Polymarket OI,2024-05-01,19728526.0
Polymarket OI,2024-05-02,19321802.0
Polymarket OI,2024-05-03,19441163.0
Polymarket OI,2024-05-04,20101939.0
Polymarket OI,2024-05-05,20084458.0
Polymarket OI,2024-05-06,20229785.0
Polymarket OI,2024-05-07,20327473.0
Polymarket OI,2024-05-08,20996796.0
Polymarket OI,2024-05-09,20643963.0
Polymarket OI,2024-05-10,20673181.0
Polymarket OI,2024-05-11,20822664.0
Polymarket OI,2024-05-12,20878635.0
Polymarket OI,2024-05-13,21476614.0
Polymarket OI,2024-05-14,21578369.0
Polymarket OI,2024-05-15,21769935.0
Polymarket OI,2024-05-16,22054878.0
Polymarket OI,2024-05-17,22460671.0
Polymarket OI,2024-05-18,22761286.0
Polymarket OI,2024-05-19,22887461.0
Polymarket OI,2024-05-20,23497162.0
Polymarket OI,2024-05-21,24247428.0
Polymarket OI,2024-05-22,24683752.0
Polymarket OI,2024-05-23,25386680.0
Polymarket OI,2024-05-24,22047180.0
Polymarket OI,2024-05-25,22201508.0
Polymarket OI,2024-05-26,22434648.0
Polymarket OI,2024-05-27,23022529.0
Polymarket OI,2024-05-28,23304515.0
Polymarket OI,2024-05-29,23510055.0
Polymarket OI,2024-05-30,23822042.0
Polymarket OI,2024-05-31,23398456.0
Polymarket OI,2024-06-01,23482957.0
Polymarket OI,2024-06-02,23743798.0
Polymarket OI,2024-06-03,23578424.0
Polymarket OI,2024-06-04,24152962.0
Polymarket OI,2024-06-05,25548621.0
Polymarket OI,2024-06-06,27023589.0
Polymarket OI,2024-06-07,27382505.0
Polymarket OI,2024-06-08,27725794.0
Polymarket OI,2024-06-09,28065247.0
Polymarket OI,2024-06-10,28390924.0
Polymarket OI,2024-06-11,28838414.0
Polymarket OI,2024-06-12,28881342.0
Polymarket OI,2024-06-13,28925513.0
Polymarket OI,2024-06-14,29275552.0
Polymarket OI,2024-06-15,29654533.0
Polymarket OI,2024-06-16,30217781.0
Polymarket OI,2024-06-17,30496591.0
Polymarket OI,2024-06-18,31494497.0
Polymarket OI,2024-06-19,32824842.0
Polymarket OI,2024-06-20,33722507.0
Polymarket OI,2024-06-21,35285407.0
Polymarket OI,2024-06-22,36086387.0
Polymarket OI,2024-06-23,36396161.0
Polymarket OI,2024-06-24,35972986.0
Polymarket OI,2024-06-25,37126538.0
Polymarket OI,2024-06-26,36639624.0
Polymarket OI,2024-06-27,38069735.0
Polymarket OI,2024-06-28,39402000.0
Polymarket OI,2024-06-29,40233763.0
Polymarket OI,2024-06-30,42026996.0
Polymarket OI,2024-07-01,42691961.0
Polymarket OI,2024-07-02,43949427.0
Polymarket OI,2024-07-03,45270943.0
Polymarket OI,2024-07-04,46209144.0
Polymarket OI,2024-07-05,45304103.0
Polymarket OI,2024-07-06,45693347.0
Polymarket OI,2024-07-07,46314296.0
Polymarket OI,2024-07-08,46855011.0
Polymarket OI,2024-07-09,47675404.0
Polymarket OI,2024-07-10,48614850.0
Polymarket OI,2024-07-11,50156738.0
Polymarket OI,2024-07-12,50228894.0
Polymarket OI,2024-07-13,50785774.0
Polymarket OI,2024-07-14,52179824.0
Polymarket OI,2024-07-15,52447652.0
Polymarket OI,2024-07-16,48132243.0
Polymarket OI,2024-07-17,49913969.0
Polymarket OI,2024-07-18,51988779.0
Polymarket OI,2024-07-19,54186266.0
Polymarket OI,2024-07-20,55946892.0
Polymarket OI,2024-07-21,53642402.0
Polymarket OI,2024-07-22,58464758.0
Polymarket OI,2024-07-23,66390002.0
Polymarket OI,2024-07-24,73269664.0
Polymarket OI,2024-07-25,75271838.0
Polymarket OI,2024-07-26,76803577.0
Polymarket OI,2024-07-27,78671698.0
Polymarket OI,2024-07-28,80502101.0
Polymarket OI,2024-07-29,83329658.0
Polymarket OI,2024-07-30,85882163.0
Polymarket OI,2024-07-31,89331062.0
Polymarket OI,2024-08-01,87661527.0
Polymarket OI,2024-08-02,89094119.0
Polymarket OI,2024-08-03,90442829.0
Polymarket OI,2024-08-04,91942289.0
Polymarket OI,2024-08-05,91676559.0
Polymarket OI,2024-08-06,66049689.0
Polymarket OI,2024-08-07,67270627.0
Polymarket OI,2024-08-08,71840890.0
Polymarket OI,2024-08-09,70810865.0
Polymarket OI,2024-08-10,71952240.0
Polymarket OI,2024-08-11,71561749.0
Polymarket OI,2024-08-12,75344798.0
Polymarket OI,2024-08-13,75639807.0
Polymarket OI,2024-08-14,77877726.0
Polymarket OI,2024-08-15,81159102.0
Polymarket OI,2024-08-16,82117100.0
Polymarket OI,2024-08-17,86254653.0
Polymarket OI,2024-08-18,92241236.0
Polymarket OI,2024-08-19,97550035.0
Polymarket OI,2024-08-20,99393102.0
Polymarket OI,2024-08-21,102512772.0
Polymarket OI,2024-08-22,105565087.0
Polymarket OI,2024-08-23,98263886.0
Polymarket OI,2024-08-24,100939580.0
Polymarket OI,2024-08-25,102620915.0
Polymarket OI,2024-08-26,108159791.0
Polymarket OI,2024-08-27,102417055.0
Polymarket OI,2024-08-28,104622780.0
Polymarket OI,2024-08-29,106226672.0
Polymarket OI,2024-08-30,106308413.0
Polymarket OI,2024-08-31,108454256.0
Polymarket OI,2024-09-01,102981814.0
Polymarket OI,2024-09-02,102054372.0
Polymarket OI,2024-09-03,104004781.0
Polymarket OI,2024-09-04,106576076.0
Polymarket OI,2024-09-05,109227085.0
Polymarket OI,2024-09-06,117962279.0
Polymarket OI,2024-09-07,120021904.0
Polymarket OI,2024-09-08,120822693.0
Polymarket OI,2024-09-09,122168487.0
Polymarket OI,2024-09-10,123713292.0
Polymarket OI,2024-09-11,119810679.0
Polymarket OI,2024-09-12,121766304.0
Polymarket OI,2024-09-13,128733047.0
Polymarket OI,2024-09-14,128030101.0
Polymarket OI,2024-09-15,130632423.0
Polymarket OI,2024-09-16,135961449.0
Polymarket OI,2024-09-17,137750478.0
Polymarket OI,2024-09-18,125259960.0
Polymarket OI,2024-09-19,117918477.0
Polymarket OI,2024-09-20,118782230.0
Polymarket OI,2024-09-21,117889226.0
Polymarket OI,2024-09-22,119293511.0
Polymarket OI,2024-09-23,120704932.0
Polymarket OI,2024-09-24,121268090.0
Polymarket OI,2024-09-25,123695189.0
Polymarket OI,2024-09-26,126566889.0
Polymarket OI,2024-09-27,128248344.0
Polymarket OI,2024-09-28,128501324.0
Polymarket OI,2024-09-29,130746794.0
Polymarket OI,2024-09-30,132600138.0
Polymarket OI,2024-10-01,135425829.0
Polymarket OI,2024-10-02,136811365.0
Polymarket OI,2024-10-03,140186432.0
Polymarket OI,2024-10-04,142259558.0
Polymarket OI,2024-10-05,144505440.0
Polymarket OI,2024-10-06,146694890.0
Polymarket OI,2024-10-07,154078072.0
Polymarket OI,2024-10-08,157499954.0
Polymarket OI,2024-10-09,158237867.0
Polymarket OI,2024-10-10,162836039.0
Polymarket OI,2024-10-11,165239323.0
Polymarket OI,2024-10-12,168725214.0
Polymarket OI,2024-10-13,171093875.0
Polymarket OI,2024-10-14,175157028.0
Polymarket OI,2024-10-15,185807884.0
Polymarket OI,2024-10-16,205540351.0
Polymarket OI,2024-10-17,241096682.0
Polymarket OI,2024-10-18,208788666.0
Polymarket OI,2024-10-19,211057418.0
Polymarket OI,2024-10-20,219191366.0
Polymarket OI,2024-10-21,229726131.0
Polymarket OI,2024-10-22,253771321.0
Polymarket OI,2024-10-23,267962782.0
Polymarket OI,2024-10-24,287676099.0
Polymarket OI,2024-10-25,298880267.0
Polymarket OI,2024-10-26,302496662.0
Polymarket OI,2024-10-27,307821390.0
Polymarket OI,2024-10-28,324486951.0
Polymarket OI,2024-10-29,348546701.0
Polymarket OI,2024-10-30,349049406.0
Polymarket OI,2024-10-31,381517605.0
Polymarket OI,2024-11-01,392368144.0
Polymarket OI,2024-11-02,406164364.0
Polymarket OI,2024-11-03,429588145.0
Polymarket OI,2024-11-04,456150808.0
Polymarket OI,2024-11-05,512187560.0
Polymarket OI,2024-11-06,275269184.0
Polymarket OI,2024-11-07,185450572.0
Polymarket OI,2024-11-08,180330802.0
Polymarket OI,2024-11-09,180344817.0
Polymarket OI,2024-11-10,172305231.0
Polymarket OI,2024-11-11,170859599.0
Polymarket OI,2024-11-12,94982086.0
Polymarket OI,2024-11-13,96220002.0
Polymarket OI,2024-11-14,96328550.0
Polymarket OI,2024-11-15,105521981.0
Polymarket OI,2024-11-16,95814972.0
Polymarket OI,2024-11-17,97819387.0
Polymarket OI,2024-11-18,101465116.0
Polymarket OI,2024-11-19,99762274.0
Polymarket OI,2024-11-20,100922348.0
Polymarket OI,2024-11-21,102892047.0
Polymarket OI,2024-11-22,103668852.0
Polymarket OI,2024-11-23,104323806.0
Polymarket OI,2024-11-24,105364809.0
Polymarket OI,2024-11-25,105048681.0
Polymarket OI,2024-11-26,107574289.0
Polymarket OI,2024-11-27,108522444.0
Polymarket OI,2024-11-28,111990219.0
Polymarket OI,2024-11-29,112956463.0
Polymarket OI,2024-11-30,116513168.0
Polymarket OI,2024-12-01,109312261.0
Polymarket OI,2024-12-02,107043081.0
Polymarket OI,2024-12-03,109283991.0
Polymarket OI,2024-12-04,112292002.0
Polymarket OI,2024-12-05,99269386.0
Polymarket OI,2024-12-06,99410421.0
Polymarket OI,2024-12-07,100880672.0
Polymarket OI,2024-12-08,102557094.0
Polymarket OI,2024-12-09,103314827.0
Polymarket OI,2024-12-10,106501970.0
Polymarket OI,2024-12-11,107153204.0
Polymarket OI,2024-12-12,107229621.0
Polymarket OI,2024-12-13,106473312.0
Polymarket OI,2024-12-14,107839831.0
Polymarket OI,2024-12-15,110355594.0
Polymarket OI,2024-12-16,110587959.0
Polymarket OI,2024-12-17,111824175.0
Polymarket OI,2024-12-18,110511284.0
Polymarket OI,2024-12-19,110249269.0
Polymarket OI,2024-12-20,112747715.0
Polymarket OI,2024-12-21,117251517.0
Polymarket OI,2024-12-22,121641026.0
Polymarket OI,2024-12-23,123386311.0
Polymarket OI,2024-12-24,131520217.0
Polymarket OI,2024-12-25,116978030.0
Polymarket OI,2024-12-26,117308614.0
Polymarket OI,2024-12-27,118010786.0
Polymarket OI,2024-12-28,121138350.0
Polymarket OI,2024-12-29,123876200.0
Polymarket OI,2024-12-30,125024702.0
Polymarket OI,2024-12-31,127997169.0
Polymarket OI,2025-01-01,103371152.0
Polymarket OI,2025-01-02,103518771.0
Polymarket OI,2025-01-03,106658315.0
Polymarket OI,2025-01-04,103479377.0
Polymarket OI,2025-01-05,107391752.0
Polymarket OI,2025-01-06,105145817.0
Polymarket OI,2025-01-07,107762234.0
Polymarket OI,2025-01-08,110839561.0
Polymarket OI,2025-01-09,113871362.0
Polymarket OI,2025-01-10,114367523.0
Polymarket OI,2025-01-11,115335141.0
Polymarket OI,2025-01-12,118564070.0
Polymarket OI,2025-01-13,116756679.0
Polymarket OI,2025-01-14,118859795.0
Polymarket OI,2025-01-15,121979532.0
Polymarket OI,2025-01-16,125768495.0
Polymarket OI,2025-01-17,128628210.0
Polymarket OI,2025-01-18,135963905.0
Polymarket OI,2025-01-19,145312946.0
Polymarket OI,2025-01-20,132818381.0
Polymarket OI,2025-01-21,148938934.0
Polymarket OI,2025-01-22,88805175.0
Polymarket OI,2025-01-23,92241402.0
Polymarket OI,2025-01-24,93982728.0
Polymarket OI,2025-01-25,97351982.0
Polymarket OI,2025-01-26,102590213.0
Polymarket OI,2025-01-27,102041962.0
Polymarket OI,2025-01-28,104002718.0
Polymarket OI,2025-01-29,104610641.0
Polymarket OI,2025-01-30,98717202.0
Polymarket OI,2025-01-31,101458561.0
Polymarket OI,2025-02-01,95042575.0
Polymarket OI,2025-02-02,98404202.0
Polymarket OI,2025-02-03,100905830.0
Polymarket OI,2025-02-04,102672964.0
Polymarket OI,2025-02-05,100667696.0
Polymarket OI,2025-02-06,102592765.0
Polymarket OI,2025-02-07,99972086.0
Polymarket OI,2025-02-08,102897944.0
Polymarket OI,2025-02-09,108093557.0
Polymarket OI,2025-02-10,97431971.0
Polymarket OI,2025-02-11,96308495.0
Polymarket OI,2025-02-12,97713457.0
Polymarket OI,2025-02-13,96347214.0
Polymarket OI,2025-02-14,97566596.0
Polymarket OI,2025-02-15,101067999.0
Polymarket OI,2025-02-16,102507405.0
Polymarket OI,2025-02-17,100772673.0
Polymarket OI,2025-02-18,104963630.0
Polymarket OI,2025-02-19,107426558.0
Polymarket OI,2025-02-20,115451015.0
Polymarket OI,2025-02-21,110540185.0
Polymarket OI,2025-02-22,111204956.0
Polymarket OI,2025-02-23,115502243.0
Polymarket OI,2025-02-24,106960573.0
Polymarket OI,2025-02-25,108141143.0
Polymarket OI,2025-02-26,110200892.0
Polymarket OI,2025-02-27,111690478.0
Polymarket OI,2025-02-28,112513086.0
Polymarket OI,2025-03-01,107447284.0
Polymarket OI,2025-03-02,110195991.0
Polymarket OI,2025-03-03,105281862.0
Polymarket OI,2025-03-04,108444761.0
Polymarket OI,2025-03-05,109146216.0
Polymarket OI,2025-03-06,111475315.0
Polymarket OI,2025-03-07,108615960.0
Polymarket OI,2025-03-08,108337839.0
Polymarket OI,2025-03-09,106472394.0
Polymarket OI,2025-03-10,109305617.0
Polymarket OI,2025-03-11,109503381.0
Polymarket OI,2025-03-12,110897717.0
Polymarket OI,2025-03-13,113650271.0
Polymarket OI,2025-03-14,111038181.0
Polymarket OI,2025-03-15,112851103.0
Polymarket OI,2025-03-16,117991169.0
Polymarket OI,2025-03-17,119207344.0
Polymarket OI,2025-03-18,123458257.0
Polymarket OI,2025-03-19,118823273.0
Polymarket OI,2025-03-20,119238333.0
Polymarket OI,2025-03-21,117583661.0
Polymarket OI,2025-03-22,117717423.0
Polymarket OI,2025-03-23,118644328.0
Polymarket OI,2025-03-24,118762786.0
Polymarket OI,2025-03-25,119455975.0
Polymarket OI,2025-03-26,120930288.0
Polymarket OI,2025-03-27,124718185.0
Polymarket OI,2025-03-28,124707780.0
Polymarket OI,2025-03-29,125179141.0
Polymarket OI,2025-03-30,126135744.0
Polymarket OI,2025-03-31,125506584.0
Polymarket OI,2025-04-01,111927006.0
Polymarket OI,2025-04-02,113662566.0
Polymarket OI,2025-04-03,120111405.0
Polymarket OI,2025-04-04,111476744.0
Polymarket OI,2025-04-05,113432038.0
Polymarket OI,2025-04-06,114649611.0
Polymarket OI,2025-04-07,114477997.0
Polymarket OI,2025-04-08,107014256.0
Polymarket OI,2025-04-09,109625962.0
Polymarket OI,2025-04-10,109786913.0
Polymarket OI,2025-04-11,111747509.0
Polymarket OI,2025-04-12,112620509.0
Polymarket OI,2025-04-13,115457634.0
Polymarket OI,2025-04-14,114009245.0
Polymarket OI,2025-04-15,120441259.0
Polymarket OI,2025-04-16,118417364.0
Polymarket OI,2025-04-17,120465118.0
Polymarket OI,2025-04-18,120367964.0
Polymarket OI,2025-04-19,123304977.0
Polymarket OI,2025-04-20,127445953.0
Polymarket OI,2025-04-21,129198077.0
Polymarket OI,2025-04-22,131173335.0
Polymarket OI,2025-04-23,134906981.0
Polymarket OI,2025-04-24,131014872.0
Polymarket OI,2025-04-25,133444150.0
Polymarket OI,2025-04-26,136157221.0
Polymarket OI,2025-04-27,138053334.0
Polymarket OI,2025-04-28,142816577.0
Polymarket OI,2025-04-29,140416914.0
Polymarket OI,2025-04-30,113537038.0
Polymarket OI,2025-05-01,104316255.0
Polymarket OI,2025-05-02,105527551.0
Polymarket OI,2025-05-03,111001391.0
Polymarket OI,2025-05-04,111689267.0
Polymarket OI,2025-05-05,112284649.0
Polymarket OI,2025-05-06,116104517.0
Polymarket OI,2025-05-07,107145565.0
Polymarket OI,2025-05-08,107802238.0
Polymarket OI,2025-05-09,120123669.0
Polymarket OI,2025-05-10,113929234.0
Polymarket OI,2025-05-11,118401301.0
Polymarket OI,2025-05-12,117070352.0
Polymarket OI,2025-05-13,122478141.0
Polymarket OI,2025-05-14,125712603.0
Polymarket OI,2025-05-15,130174023.0
Polymarket OI,2025-05-16,132100841.0
Polymarket OI,2025-05-17,135402720.0
Polymarket OI,2025-05-18,134308712.0
Polymarket OI,2025-05-19,114159660.0
Polymarket OI,2025-05-20,115354609.0
Polymarket OI,2025-05-21,115957392.0
Polymarket OI,2025-05-22,114806125.0
Polymarket OI,2025-05-23,116045439.0
Polymarket OI,2025-05-24,118469871.0
Polymarket OI,2025-05-25,120891676.0
Polymarket OI,2025-05-26,122369209.0
Polymarket OI,2025-05-27,126209611.0
Polymarket OI,2025-05-28,127402989.0
Polymarket OI,2025-05-29,127358624.0
Polymarket OI,2025-05-30,132631630.0
Polymarket OI,2025-05-31,138222994.0
Polymarket OI,2025-06-01,125246747.0
Polymarket OI,2025-06-02,121095481.0
Polymarket OI,2025-06-03,105528943.0
Polymarket OI,2025-06-04,85519656.0
Polymarket OI,2025-06-05,89641793.0
Polymarket OI,2025-06-06,88853500.0
Polymarket OI,2025-06-07,91216089.0
Polymarket OI,2025-06-08,96227537.0
Polymarket OI,2025-06-09,94117562.0
Polymarket OI,2025-06-10,93192920.0
Polymarket OI,2025-06-11,96971226.0
Polymarket OI,2025-06-12,100302701.0
Polymarket OI,2025-06-13,98705417.0
Polymarket OI,2025-06-14,100078385.0
Polymarket OI,2025-06-15,102381679.0
Polymarket OI,2025-06-16,104166571.0
Polymarket OI,2025-06-17,111472051.0
Polymarket OI,2025-06-18,106064312.0
Polymarket OI,2025-06-19,106029040.0
Polymarket OI,2025-06-20,110145535.0
Polymarket OI,2025-06-21,113572120.0
Polymarket OI,2025-06-22,112281150.0
Polymarket OI,2025-06-23,105813433.0
Polymarket OI,2025-06-24,116710941.0
Polymarket OI,2025-06-25,112656151.0
Polymarket OI,2025-06-26,118628864.0
Polymarket OI,2025-06-27,121686350.0
Polymarket OI,2025-06-28,123766263.0
Polymarket OI,2025-06-29,128547589.0
Polymarket OI,2025-06-30,135375565.0
Polymarket OI,2025-07-01,120418394.0
Polymarket OI,2025-07-02,127742431.0
Polymarket OI,2025-07-03,121492274.0
Polymarket OI,2025-07-04,133595350.0
Polymarket OI,2025-07-05,131890313.0
Polymarket OI,2025-07-06,138630735.0
Polymarket OI,2025-07-07,150945848.0
Polymarket OI,2025-07-08,168404900.0
Polymarket OI,2025-07-09,92376230.0
Polymarket OI,2025-07-10,92709414.0
Polymarket OI,2025-07-11,93296217.0
Polymarket OI,2025-07-12,97873014.0
Polymarket OI,2025-07-13,98062366.0
Polymarket OI,2025-07-14,92154618.0
Polymarket OI,2025-07-15,92765400.0
Polymarket OI,2025-07-16,94997602.0
Polymarket OI,2025-07-17,96152061.0
Polymarket OI,2025-07-18,101761142.0
Polymarket OI,2025-07-19,104400219.0
Polymarket OI,2025-07-20,105599655.0
Polymarket OI,2025-07-21,109029802.0
Polymarket OI,2025-07-22,111968173.0
Polymarket OI,2025-07-23,112822079.0
Polymarket OI,2025-07-24,114559785.0
Polymarket OI,2025-07-25,117356039.0
Polymarket OI,2025-07-26,120095710.0
Polymarket OI,2025-07-27,122185941.0
Polymarket OI,2025-07-28,127345534.0
Polymarket OI,2025-07-29,131436856.0
Polymarket OI,2025-07-30,125508576.0
Polymarket OI,2025-07-31,116484326.0
Polymarket OI,2025-08-01,105083110.0
Polymarket OI,2025-08-02,108122268.0
Polymarket OI,2025-08-03,111953246.0
Polymarket OI,2025-08-04,111448021.0
Polymarket OI,2025-08-05,112925556.0
Polymarket OI,2025-08-06,115597585.0
Polymarket OI,2025-08-07,117276183.0
Polymarket OI,2025-08-08,119235132.0
Polymarket OI,2025-08-09,121200398.0
Polymarket OI,2025-08-10,123343054.0
Polymarket OI,2025-08-11,122235300.0
Polymarket OI,2025-08-12,125859472.0
Polymarket OI,2025-08-13,130418443.0
Polymarket OI,2025-08-14,133224459.0
Polymarket OI,2025-08-15,133557847.0
Polymarket OI,2025-08-16,133817269.0
Polymarket OI,2025-08-17,132092649.0
Polymarket OI,2025-08-18,132374065.0
Polymarket OI,2025-08-19,138510573.0
Polymarket OI,2025-08-20,138841068.0
Polymarket OI,2025-08-21,140766842.0
Polymarket OI,2025-08-22,140733821.0
Polymarket OI,2025-08-23,142073330.0
Polymarket OI,2025-08-24,140537290.0
Polymarket OI,2025-08-25,142261559.0
Polymarket OI,2025-08-26,145340568.0
Polymarket OI,2025-08-27,152881078.0
Polymarket OI,2025-08-28,145629029.0
Polymarket OI,2025-08-29,147573220.0
Polymarket OI,2025-08-30,150022802.0
Polymarket OI,2025-08-31,149897393.0
Polymarket OI,2025-09-01,136888213.0
Polymarket OI,2025-09-02,144697810.0
Polymarket OI,2025-09-03,146315453.0
Polymarket OI,2025-09-04,145699224.0
Polymarket OI,2025-09-05,152180335.0
Polymarket OI,2025-09-06,150786536.0
Polymarket OI,2025-09-07,157392676.0
Polymarket OI,2025-09-08,151199917.0
Polymarket OI,2025-09-09,155186544.0
Polymarket OI,2025-09-10,157667399.0
Polymarket OI,2025-09-11,156360395.0
Polymarket OI,2025-09-12,161267933.0
Polymarket OI,2025-09-13,166724914.0
Polymarket OI,2025-09-14,170993017.0
Polymarket OI,2025-09-15,162462310.0
Polymarket OI,2025-09-16,171097199.0
Polymarket OI,2025-09-17,160523274.0
Polymarket OI,2025-09-18,158540058.0
Polymarket OI,2025-09-19,158019335.0
Polymarket OI,2025-09-20,159903341.0
Polymarket OI,2025-09-21,162593485.0
Polymarket OI,2025-09-22,157590307.0
Polymarket OI,2025-09-23,160456512.0
Polymarket OI,2025-09-24,166600021.0
Polymarket OI,2025-09-25,166574673.0
Polymarket OI,2025-09-26,165084535.0
Polymarket OI,2025-09-27,171954847.0
Polymarket OI,2025-09-28,177361293.0
Polymarket OI,2025-09-29,166101345.0
Polymarket OI,2025-09-30,172736483.0
Polymarket OI,2025-10-01,154192004.0
Polymarket OI,2025-10-02,161485034.0
Polymarket OI,2025-10-03,163168670.0
Polymarket OI,2025-10-04,171756134.0
Polymarket OI,2025-10-05,171175814.0
Polymarket OI,2025-10-06,165847694.0
Polymarket OI,2025-10-07,169156309.0
Polymarket OI,2025-10-08,176017962.0
Polymarket OI,2025-10-09,186377730.0
Polymarket OI,2025-10-10,180261471.0
Polymarket OI,2025-10-11,185924671.0
Polymarket OI,2025-10-12,188142621.0
Polymarket OI,2025-10-13,184827226.0
Polymarket OI,2025-10-14,182480622.0
Polymarket OI,2025-10-15,186222019.0
Polymarket OI,2025-10-16,196885800.0
Polymarket OI,2025-10-17,198464053.0
Polymarket OI,2025-10-18,211487121.0
Polymarket OI,2025-10-19,214850292.0
Polymarket OI,2025-10-20,206970957.0
Polymarket OI,2025-10-21,213122708.0
Polymarket OI,2025-10-22,224192191.0
Polymarket OI,2025-10-23,221096697.0
Polymarket OI,2025-10-24,233078886.0
Polymarket OI,2025-10-25,239123999.0
Polymarket OI,2025-10-26,244011734.0
Polymarket OI,2025-10-27,246666158.0
Polymarket OI,2025-10-28,256167051.0
Polymarket OI,2025-10-29,255604379.0
Polymarket OI,2025-10-30,246213422.0
Polymarket OI,2025-10-31,248991925.0
Polymarket OI,2025-11-01,246203910.0
Polymarket OI,2025-11-02,240547902.0
Polymarket OI,2025-11-03,240564774.0
Polymarket OI,2025-11-04,241394329.0
Polymarket OI,2025-11-05,216031493.0
Polymarket OI,2025-11-06,217958180.0
Polymarket OI,2025-11-07,223682965.0
Polymarket OI,2025-11-08,238736599.0
Polymarket OI,2025-11-09,238220282.0
Polymarket OI,2025-11-10,228246954.0
Polymarket OI,2025-11-11,232360104.0
Polymarket OI,2025-11-12,240308098.0
Polymarket OI,2025-11-13,240726453.0
Polymarket OI,2025-11-14,248312451.0
Polymarket OI,2025-11-15,255411083.0
Polymarket OI,2025-11-16,250952098.0
Polymarket OI,2025-11-17,251756394.0
Polymarket OI,2025-11-18,250400833.0
Polymarket OI,2025-11-19,249934207.0
Polymarket OI,2025-11-20,259851598.0
Polymarket OI,2025-11-21,261131832.0
Polymarket OI,2025-11-22,273716380.0
Polymarket OI,2025-11-23,275908840.0
Polymarket OI,2025-11-24,265354614.0
Polymarket OI,2025-11-25,266705110.0
Polymarket OI,2025-11-26,276638402.0
Polymarket OI,2025-11-27,286207325.0
Polymarket OI,2025-11-28,286906903.0
Polymarket OI,2025-11-29,286204603.0
Polymarket OI,2025-11-30,292285172.0
Polymarket OI,2025-12-01,270855652.0
Polymarket OI,2025-12-02,279474027.0
Polymarket OI,2025-12-03,291995405.0
Polymarket OI,2025-12-04,298182482.0
Polymarket OI,2025-12-05,312104949.0
Polymarket OI,2025-12-06,301341593.0
Polymarket OI,2025-12-07,311448634.0
Polymarket OI,2025-12-08,294044406.0
Polymarket OI,2025-12-09,309635546.0
Polymarket OI,2025-12-10,295704799.0
Polymarket OI,2025-12-11,271834904.0
Polymarket OI,2025-12-12,272179436.0
Polymarket OI,2025-12-13,280442492.0
Polymarket OI,2025-12-14,296677380.0
Polymarket OI,2025-12-15,277780378.0
Polymarket OI,2025-12-16,275572065.0
Polymarket OI,2025-12-17,280644419.0
Polymarket OI,2025-12-18,302143746.0
Polymarket OI,2025-12-19,309616212.0
Polymarket OI,2025-12-20,313002754.0
Polymarket OI,2025-12-21,321264443.0
Polymarket OI,2025-12-22,325914795.0
Polymarket OI,2025-12-23,332771720.0
Polymarket OI,2025-12-24,309526592.0
Polymarket OI,2025-12-25,340306783.0
Polymarket OI,2025-12-26,323657841.0
Polymarket OI,2025-12-27,275734114.0
Polymarket OI,2025-12-28,332254623.0
Polymarket OI,2025-12-29,340077278.0
Polymarket OI,2025-12-30,338803171.0
Polymarket OI,2025-12-31,350291000.0
Polymarket OI,2026-01-01,258788117.0
Polymarket OI,2026-01-02,272568734.0
Polymarket OI,2026-01-03,276621969.0
Polymarket OI,2026-01-04,293415863.0
Polymarket OI,2026-01-05,232129674.0
Polymarket OI,2026-01-06,241529549.0
Polymarket OI,2026-01-07,253084723.0
Polymarket OI,2026-01-08,255915460.0
Polymarket OI,2026-01-09,268291885.0
Polymarket OI,2026-01-10,283894806.0
Polymarket OI,2026-01-11,289180943.0
Polymarket OI,2026-01-12,278747253.0
Polymarket OI,2026-01-13,286849833.0
Polymarket OI,2026-01-14,310669463.0
Polymarket OI,2026-01-15,310018577.0
Polymarket OI,2026-01-16,312016406.0
Polymarket OI,2026-01-17,338364075.0
Polymarket OI,2026-01-18,342616124.0
Polymarket OI,2026-01-19,334825952.0
Polymarket OI,2026-01-20,363872299.0
Polymarket OI,2026-01-21,357669963.0
Polymarket OI,2026-01-22,363041485.0
Polymarket OI,2026-01-23,356682550.0
Polymarket OI,2026-01-24,369981728.0
Polymarket OI,2026-01-25,372568149.0
Polymarket OI,2026-01-26,366924323.0
Polymarket OI,2026-01-27,368441113.0
Polymarket OI,2026-01-28,388755387.0
Polymarket OI,2026-01-29,365000615.0
Polymarket OI,2026-01-30,379590199.0
Polymarket OI,2026-01-31,404731298.0
Polymarket OI,2026-02-01,364964246.0
Polymarket OI,2026-02-02,376172008.0
Polymarket OI,2026-02-03,411290839.0
Polymarket OI,2026-02-04,338268547.0
Polymarket OI,2026-02-05,346004937.0
Polymarket OI,2026-02-06,346068097.0
Polymarket OI,2026-02-07,365855435.0
Polymarket OI,2026-02-08,386308915.0
Polymarket OI,2026-02-09,351972209.0
Polymarket OI,2026-02-10,344395389.0
Polymarket OI,2026-02-11,364076581.0
Polymarket OI,2026-02-12,358329579.0
Polymarket OI,2026-02-13,350995415.0
Polymarket OI,2026-02-14,363453789.0
Polymarket OI,2026-02-15,362723380.0
Polymarket OI,2026-02-16,351424284.0
Polymarket OI,2026-02-17,374737389.0
Polymarket OI,2026-02-18,373128661.0
Polymarket OI,2026-02-19,380670819.0
Polymarket OI,2026-02-20,389640575.0
Polymarket OI,2026-02-21,406028362.0
Polymarket OI,2026-02-22,407509297.0
Polymarket OI,2026-02-23,386557579.0
Polymarket OI,2026-02-24,406300311.0
Polymarket OI,2026-02-25,409667149.0
Polymarket OI,2026-02-26,412650452.0
Polymarket OI,2026-02-27,426438360.0
Polymarket OI,2026-02-28,410355547.0
Polymarket OI,2026-03-01,400183043.0
Polymarket OI,2026-03-02,398320590.0
Polymarket OI,2026-03-03,431195044.0
Polymarket OI,2026-03-04,375086823.0
Polymarket OI,2026-03-05,362799933.0
Polymarket OI,2026-03-06,378368476.0
Polymarket OI,2026-03-07,390409515.0
Polymarket OI,2026-03-08,393865425.0
Polymarket OI,2026-03-09,376740074.0
Polymarket OI,2026-03-10,403223855.0
Polymarket OI,2026-03-11,421793355.0
Polymarket OI,2026-03-12,429585428.0
Polymarket OI,2026-03-13,439277075.0
Polymarket OI,2026-03-14,447102175.0
Polymarket OI,2026-03-15,448614573.0
Polymarket OI,2026-03-16,451010828.0
Polymarket OI,2026-03-17,477916444.0
Polymarket OI,2026-03-18,459619469.0
Polymarket OI,2026-03-19,436987665.0
Polymarket OI,2026-03-20,434745614.0
Polymarket OI,2026-03-21,448718700.0
Polymarket OI,2026-03-22,453929755.0
Polymarket OI,2026-03-23,434520444.0
Polymarket OI,2026-03-24,437958101.0
Polymarket OI,2026-03-25,477193709.0
Polymarket OI,2026-03-26,448770247.0
Polymarket OI,2026-03-27,449507623.0
Polymarket OI,2026-03-28,464027915.0
Polymarket OI,2026-03-29,470426001.0
Polymarket OI,2026-03-30,466320095.0
Polymarket OI,2026-03-31,476786029.0
Polymarket OI,2026-04-01,412033886.0
Polymarket OI,2026-04-02,418744680.0
Polymarket OI,2026-04-03,424562689.0
Polymarket OI,2026-04-04,454096027.0
Polymarket OI,2026-04-05,422017216.0
Polymarket OI,2026-04-06,431672719.0
Polymarket OI,2026-04-07,460733796.0
Polymarket OI,2026-04-08,524107364.0
Polymarket OI,2026-04-09,447149296.0
Polymarket OI,2026-04-10,471864734.0
Polymarket OI,2026-04-11,450009406.0
Polymarket OI,2026-04-12,455781327.0
Polymarket OI,2026-04-13,441281171.0
Polymarket OI,2026-04-14,459640802.0
Polymarket OI,2026-04-15,453355470.0
Polymarket OI,2026-04-16,436651579.0
Polymarket OI,2026-04-17,450356791.0
Polymarket OI,2026-04-18,463161633.0
Polymarket OI,2026-04-19,485260018.0
Polymarket OI,2026-04-20,476679468.0
Polymarket OI,2026-04-21,449050079.0
Polymarket OI,2026-04-22,448865834.0
Polymarket OI,2026-04-23,452730265.0
Polymarket OI,2026-04-24,488586698.0
Polymarket OI,2026-04-25,477810267.0
Polymarket OI,2026-04-26,483987250.0
Polymarket OI,2026-04-27,495402534.0
Polymarket OI,2026-04-28,508520099.0
Polymarket OI,2026-04-29,532351039.0
Polymarket OI,2026-04-30,579235153.0
Polymarket OI,2026-05-01,449891804.0
Polymarket OI,2026-05-02,451982422.0
Polymarket OI,2026-05-03,460335070.0
Polymarket OI,2026-05-04,458583631.0
Polymarket OI,2026-05-05,461696362.0
Polymarket OI,2026-05-06,455133943.0
Polymarket OI,2026-05-07,462312927.0
Polymarket OI,2026-05-08,455143685.0
Polymarket OI,2026-05-09,457004729.0
Polymarket OI,2026-05-10,468337177.0
Polymarket OI,2026-05-11,451959585.0
Polymarket OI,2026-05-12,444248455.0
Polymarket OI,2026-05-13,462509493.0
Polymarket OI,2026-05-14,448363957.0
Polymarket OI,2026-05-15,452360216.0
Polymarket OI,2026-05-16,460320148.0
Polymarket OI,2026-05-17,488550635.0
Polymarket OI,2026-05-18,456298289.0
Polymarket OI,2026-05-19,456521742.0
Polymarket OI,2026-05-20,454318675.0
Polymarket OI,2026-05-21,449201899.0
Polymarket OI,2026-05-22,459388300.0
Polymarket OI,2026-05-23,466721120.0
Polymarket OI,2026-05-24,468350146.0
Polymarket OI,2026-05-25,466924260.0
Polymarket OI,2026-05-26,470332602.0
Polymarket OI,2026-05-27,466192686.0
Polymarket OI,2026-05-28,463092385.0
Polymarket OI,2026-05-29,468645768.0
Polymarket OI,2026-05-30,472440963.0
Polymarket OI,2026-05-31,475237965.0
Polymarket OI,2026-06-01,428914357.0
Polymarket OI,2026-06-02,483593991.0
Polymarket OI,2026-06-03,576227872.0
Polymarket OI,2026-06-04,414468453.0
Polymarket OI,2026-06-05,418216773.0
Polymarket OI,2026-06-06,419809323.0
Polymarket OI,2026-06-07,423568846.0
Polymarket OI,2026-06-08,424161689.0
Polymarket OI,2026-06-09,427973800.0
Polymarket OI,2026-06-10,442960517.0
Polymarket OI,2026-06-11,442547037.0
Polymarket OI,2026-06-12,453440912.0
Polymarket OI,2026-06-13,481131395.0
Polymarket OI,2026-06-14,472263136.0
Polymarket OI,2026-06-15,481987580.0
Polymarket OI,2026-06-16,480072814.0
Polymarket OI,2026-06-17,519797630.0
Polymarket OI,2026-06-18,458816380.0
Polymarket OI,2026-06-19,441576712.0
Polymarket OI,2026-06-20,428157660.0
Polymarket OI,2026-06-21,440092947.0
Polymarket OI,2026-06-22,469372218.0
Polymarket OI,2026-06-23,437919414.0
Polymarket OI,2026-06-24,483235594.0
Polymarket OI,2026-06-25,476120116.0
Polymarket OI,2026-06-26,457077648.0
Polymarket OI,2026-06-27,454682506.0
Polymarket OI,2026-06-28,424337230.0
Polymarket OI,2026-06-29,438920058.0
Polymarket OI,2026-06-30,435335355.0
Polymarket OI,2026-07-01,392076103.0
Polymarket OI,2026-07-02,406740593.0
Polymarket OI,2026-07-03,423127371.0
Polymarket OI,2026-07-04,381567389.0
Polymarket OI,2026-07-05,419088413.0
Polymarket OI,2026-07-06,408294869.0
Polymarket OI,2026-07-07,371862597.0
Polymarket OI,2026-07-08,412143412.0
Polymarket OI,2026-07-09,418226120.0
Polymarket OI,2026-07-10,398857298.0
Polymarket OI,2026-07-11,458292101.0
Polymarket OI,2026-07-12,369993005.0
Polymarket OI,2026-07-13,394329497.0
Polymarket OI,2026-07-14,376070046.0
Polymarket OI,2026-07-15,378165672.0
Polymarket OI,2026-07-16,388140980.0
Polymarket OI,2026-07-17,403912026.0
Polymarket OI,2026-07-18,405458836.0
Polymarket OI,2026-07-19,392611437.0
Polymarket OI,2026-07-20,338902629.0
Polymarket OI,2026-07-21,338257310.0
Polymarket OI,2026-07-22,345612940.0
Polymarket OI,2026-07-23,348704757.0
Polymarket OI,2026-07-24,342993330.0
Polymarket OI,2026-07-25,352834445.0
Polymarket OI,2026-07-26,351325605.0
Polymarket OI,2026-07-27,350069062.0
Polymarket OI,2026-07-28,353235820.0
Polymarket OI,2026-07-29,337787297.0
Polymarket OI,2026-07-30,346843002.0
Polymarket OI,2026-07-31,333910679.0
Polymarket OI,2026-08-01,326034519.0
Polymarket OI,2026-08-02,329886045.0
Polymarket OI,2026-08-03,328795807.0
Polymarket OI,2026-08-04,331044647.0
Polymarket OI,2026-08-05,331919214.0
Polymarket OI,2026-08-06,333279505.0
Polymarket OI,2026-08-07,339178237.0
Polymarket OI,2026-08-08,342533130.0
Polymarket OI,2026-08-09,342805375.0
Polymarket OI,2026-08-10,342993023.0
Polymarket OI,2026-08-11,352419455.0
Polymarket OI,2026-08-12,350936725.0
Polymarket OI,2026-08-13,345982570.0
Polymarket OI,2026-08-14,341942581.0
Polymarket OI,2026-08-15,350314257.0
Polymarket OI,2026-08-16,345072415.0
Polymarket OI,2026-08-17,347058932.0
Polymarket OI,2026-08-18,349956077.0
Polymarket OI,2026-08-19,349018329.0
Polymarket OI,2026-08-20,350574162.0
Kalshi Volume,2021-07-01,2529.0
Kalshi Volume,2021-07-02,1342.0
Kalshi Volume,2021-07-03,0.0
Kalshi Volume,2021-07-04,181.0
Kalshi Volume,2021-07-05,941.0
Kalshi Volume,2021-07-06,717.0
Kalshi Volume,2021-07-07,1402.0
Kalshi Volume,2021-07-08,14750.0
Kalshi Volume,2021-07-09,6510.0
Kalshi Volume,2021-07-10,5671.0
Kalshi Volume,2021-07-11,1602.0
Kalshi Volume,2021-07-12,3823.0
Kalshi Volume,2021-07-13,12325.0
Kalshi Volume,2021-07-14,3303.0
Kalshi Volume,2021-07-15,7496.0
Kalshi Volume,2021-07-16,6346.0
Kalshi Volume,2021-07-17,9361.0
Kalshi Volume,2021-07-18,7507.0
Kalshi Volume,2021-07-19,13332.0
Kalshi Volume,2021-07-20,24303.0
Kalshi Volume,2021-07-21,11003.0
Kalshi Volume,2021-07-22,21820.0
Kalshi Volume,2021-07-23,10619.0
Kalshi Volume,2021-07-24,29530.0
Kalshi Volume,2021-07-25,10396.0
Kalshi Volume,2021-07-26,21404.0
Kalshi Volume,2021-07-27,21242.0
Kalshi Volume,2021-07-28,12998.0
Kalshi Volume,2021-07-29,27129.0
Kalshi Volume,2021-07-30,30172.0
Kalshi Volume,2021-07-31,28025.0
Kalshi Volume,2021-08-01,33086.0
Kalshi Volume,2021-08-02,25664.0
Kalshi Volume,2021-08-03,48918.0
Kalshi Volume,2021-08-04,87876.0
Kalshi Volume,2021-08-05,80019.0
Kalshi Volume,2021-08-06,90554.0
Kalshi Volume,2021-08-07,50105.0
Kalshi Volume,2021-08-08,33774.0
Kalshi Volume,2021-08-09,86624.0
Kalshi Volume,2021-08-10,79820.0
Kalshi Volume,2021-08-11,87803.0
Kalshi Volume,2021-08-12,61470.0
Kalshi Volume,2021-08-13,91131.0
Kalshi Volume,2021-08-14,31871.0
Kalshi Volume,2021-08-15,67325.0
Kalshi Volume,2021-08-16,31181.0
Kalshi Volume,2021-08-17,79460.0
Kalshi Volume,2021-08-18,51525.0
Kalshi Volume,2021-08-19,60582.0
Kalshi Volume,2021-08-20,74500.0
Kalshi Volume,2021-08-21,60178.0
Kalshi Volume,2021-08-22,104766.0
Kalshi Volume,2021-08-23,42422.0
Kalshi Volume,2021-08-24,76878.0
Kalshi Volume,2021-08-25,72343.0
Kalshi Volume,2021-08-26,66374.0
Kalshi Volume,2021-08-27,102320.0
Kalshi Volume,2021-08-28,53494.0
Kalshi Volume,2021-08-29,73089.0
Kalshi Volume,2021-08-30,53405.0
Kalshi Volume,2021-08-31,65926.0
Kalshi Volume,2021-09-01,127954.0
Kalshi Volume,2021-09-02,29666.0
Kalshi Volume,2021-09-03,65368.0
Kalshi Volume,2021-09-04,61099.0
Kalshi Volume,2021-09-05,38107.0
Kalshi Volume,2021-09-06,35063.0
Kalshi Volume,2021-09-07,34211.0
Kalshi Volume,2021-09-08,54694.0
Kalshi Volume,2021-09-09,45528.0
Kalshi Volume,2021-09-10,53404.0
Kalshi Volume,2021-09-11,27444.0
Kalshi Volume,2021-09-12,27722.0
Kalshi Volume,2021-09-13,51982.0
Kalshi Volume,2021-09-14,68389.0
Kalshi Volume,2021-09-15,69756.0
Kalshi Volume,2021-09-16,8585.0
Kalshi Volume,2021-09-17,41810.0
Kalshi Volume,2021-09-18,6005.0
Kalshi Volume,2021-09-19,4608.0
Kalshi Volume,2021-09-20,6972.0
Kalshi Volume,2021-09-21,58298.0
Kalshi Volume,2021-09-22,48047.0
Kalshi Volume,2021-09-23,45841.0
Kalshi Volume,2021-09-24,58428.0
Kalshi Volume,2021-09-25,42734.0
Kalshi Volume,2021-09-26,33907.0
Kalshi Volume,2021-09-27,52048.0
Kalshi Volume,2021-09-28,111686.0
Kalshi Volume,2021-09-29,76867.0
Kalshi Volume,2021-09-30,100176.0
Kalshi Volume,2021-10-01,52851.0
Kalshi Volume,2021-10-02,30442.0
Kalshi Volume,2021-10-03,20849.0
Kalshi Volume,2021-10-04,53031.0
Kalshi Volume,2021-10-05,55383.0
Kalshi Volume,2021-10-06,95917.0
Kalshi Volume,2021-10-07,59074.0
Kalshi Volume,2021-10-08,54022.0
Kalshi Volume,2021-10-09,15109.0
Kalshi Volume,2021-10-10,17787.0
Kalshi Volume,2021-10-11,29645.0
Kalshi Volume,2021-10-12,45745.0
Kalshi Volume,2021-10-13,68811.0
Kalshi Volume,2021-10-14,50654.0
Kalshi Volume,2021-10-15,31330.0
Kalshi Volume,2021-10-16,20857.0
Kalshi Volume,2021-10-17,14908.0
Kalshi Volume,2021-10-18,34119.0
Kalshi Volume,2021-10-19,49869.0
Kalshi Volume,2021-10-20,79908.0
Kalshi Volume,2021-10-21,63806.0
Kalshi Volume,2021-10-22,41461.0
Kalshi Volume,2021-10-23,20566.0
Kalshi Volume,2021-10-24,18948.0
Kalshi Volume,2021-10-25,53338.0
Kalshi Volume,2021-10-26,58467.0
Kalshi Volume,2021-10-27,67767.0
Kalshi Volume,2021-10-28,95657.0
Kalshi Volume,2021-10-29,57114.0
Kalshi Volume,2021-10-30,45770.0
Kalshi Volume,2021-10-31,27240.0
Kalshi Volume,2021-11-01,74103.0
Kalshi Volume,2021-11-02,87079.0
Kalshi Volume,2021-11-03,160846.0
Kalshi Volume,2021-11-04,106359.0
Kalshi Volume,2021-11-05,207166.0
Kalshi Volume,2021-11-06,78642.0
Kalshi Volume,2021-11-07,38527.0
Kalshi Volume,2021-11-08,108273.0
Kalshi Volume,2021-11-09,71663.0
Kalshi Volume,2021-11-10,69621.0
Kalshi Volume,2021-11-11,57140.0
Kalshi Volume,2021-11-12,39870.0
Kalshi Volume,2021-11-13,30902.0
Kalshi Volume,2021-11-14,45029.0
Kalshi Volume,2021-11-15,55386.0
Kalshi Volume,2021-11-16,69894.0
Kalshi Volume,2021-11-17,73349.0
Kalshi Volume,2021-11-18,106026.0
Kalshi Volume,2021-11-19,70979.0
Kalshi Volume,2021-11-20,29439.0
Kalshi Volume,2021-11-21,22131.0
Kalshi Volume,2021-11-22,71977.0
Kalshi Volume,2021-11-23,75437.0
Kalshi Volume,2021-11-24,64683.0
Kalshi Volume,2021-11-25,44731.0
Kalshi Volume,2021-11-26,64710.0
Kalshi Volume,2021-11-27,40880.0
Kalshi Volume,2021-11-28,31863.0
Kalshi Volume,2021-11-29,80264.0
Kalshi Volume,2021-11-30,110298.0
Kalshi Volume,2021-12-01,90155.0
Kalshi Volume,2021-12-02,124916.0
Kalshi Volume,2021-12-03,71003.0
Kalshi Volume,2021-12-04,39035.0
Kalshi Volume,2021-12-05,37119.0
Kalshi Volume,2021-12-06,67318.0
Kalshi Volume,2021-12-07,100953.0
Kalshi Volume,2021-12-08,59577.0
Kalshi Volume,2021-12-09,111103.0
Kalshi Volume,2021-12-10,99448.0
Kalshi Volume,2021-12-11,46303.0
Kalshi Volume,2021-12-12,40849.0
Kalshi Volume,2021-12-13,97793.0
Kalshi Volume,2021-12-14,244595.0
Kalshi Volume,2021-12-15,153930.0
Kalshi Volume,2021-12-16,108344.0
Kalshi Volume,2021-12-17,104264.0
Kalshi Volume,2021-12-18,39194.0
Kalshi Volume,2021-12-19,57304.0
Kalshi Volume,2021-12-20,160962.0
Kalshi Volume,2021-12-21,125343.0
Kalshi Volume,2021-12-22,116197.0
Kalshi Volume,2021-12-23,70350.0
Kalshi Volume,2021-12-24,90499.0
Kalshi Volume,2021-12-25,36799.0
Kalshi Volume,2021-12-26,26915.0
Kalshi Volume,2021-12-27,58479.0
Kalshi Volume,2021-12-28,205326.0
Kalshi Volume,2021-12-29,135613.0
Kalshi Volume,2021-12-30,70391.0
Kalshi Volume,2021-12-31,41548.0
Kalshi Volume,2022-01-01,58974.0
Kalshi Volume,2022-01-02,29052.0
Kalshi Volume,2022-01-03,26342.0
Kalshi Volume,2022-01-04,63708.0
Kalshi Volume,2022-01-05,157423.0
Kalshi Volume,2022-01-06,83315.0
Kalshi Volume,2022-01-07,44069.0
Kalshi Volume,2022-01-08,103730.0
Kalshi Volume,2022-01-09,31825.0
Kalshi Volume,2022-01-10,23820.0
Kalshi Volume,2022-01-11,104919.0
Kalshi Volume,2022-01-12,124567.0
Kalshi Volume,2022-01-13,48326.0
Kalshi Volume,2022-01-14,80506.0
Kalshi Volume,2022-01-15,40765.0
Kalshi Volume,2022-01-16,21211.0
Kalshi Volume,2022-01-17,23017.0
Kalshi Volume,2022-01-18,34388.0
Kalshi Volume,2022-01-19,49857.0
Kalshi Volume,2022-01-20,29902.0
Kalshi Volume,2022-01-21,31354.0
Kalshi Volume,2022-01-22,18719.0
Kalshi Volume,2022-01-23,20677.0
Kalshi Volume,2022-01-24,16560.0
Kalshi Volume,2022-01-25,31007.0
Kalshi Volume,2022-01-26,30484.0
Kalshi Volume,2022-01-27,64233.0
Kalshi Volume,2022-01-28,40873.0
Kalshi Volume,2022-01-29,38021.0
Kalshi Volume,2022-01-30,29860.0
Kalshi Volume,2022-01-31,12399.0
Kalshi Volume,2022-02-01,22828.0
Kalshi Volume,2022-02-02,31544.0
Kalshi Volume,2022-02-03,33200.0
Kalshi Volume,2022-02-04,53125.0
Kalshi Volume,2022-02-05,53016.0
Kalshi Volume,2022-02-06,15784.0
Kalshi Volume,2022-02-07,20149.0
Kalshi Volume,2022-02-08,34105.0
Kalshi Volume,2022-02-09,74453.0
Kalshi Volume,2022-02-10,40597.0
Kalshi Volume,2022-02-11,79737.0
Kalshi Volume,2022-02-12,64148.0
Kalshi Volume,2022-02-13,23848.0
Kalshi Volume,2022-02-14,32887.0
Kalshi Volume,2022-02-15,41294.0
Kalshi Volume,2022-02-16,51162.0
Kalshi Volume,2022-02-17,45418.0
Kalshi Volume,2022-02-18,36480.0
Kalshi Volume,2022-02-19,31164.0
Kalshi Volume,2022-02-20,12411.0
Kalshi Volume,2022-02-21,19234.0
Kalshi Volume,2022-02-22,27539.0
Kalshi Volume,2022-02-23,44164.0
Kalshi Volume,2022-02-24,47954.0
Kalshi Volume,2022-02-25,59142.0
Kalshi Volume,2022-02-26,70974.0
Kalshi Volume,2022-02-27,11542.0
Kalshi Volume,2022-02-28,20835.0
Kalshi Volume,2022-03-01,31539.0
Kalshi Volume,2022-03-02,57461.0
Kalshi Volume,2022-03-03,60454.0
Kalshi Volume,2022-03-04,33396.0
Kalshi Volume,2022-03-05,23303.0
Kalshi Volume,2022-03-06,13427.0
Kalshi Volume,2022-03-07,15940.0
Kalshi Volume,2022-03-08,40056.0
Kalshi Volume,2022-03-09,63487.0
Kalshi Volume,2022-03-10,73546.0
Kalshi Volume,2022-03-11,76206.0
Kalshi Volume,2022-03-12,36281.0
Kalshi Volume,2022-03-13,11307.0
Kalshi Volume,2022-03-14,21422.0
Kalshi Volume,2022-03-15,44139.0
Kalshi Volume,2022-03-16,31579.0
Kalshi Volume,2022-03-17,63041.0
Kalshi Volume,2022-03-18,35031.0
Kalshi Volume,2022-03-19,33114.0
Kalshi Volume,2022-03-20,15816.0
Kalshi Volume,2022-03-21,33345.0
Kalshi Volume,2022-03-22,42616.0
Kalshi Volume,2022-03-23,44916.0
Kalshi Volume,2022-03-24,34453.0
Kalshi Volume,2022-03-25,24368.0
Kalshi Volume,2022-03-26,56798.0
Kalshi Volume,2022-03-27,13254.0
Kalshi Volume,2022-03-28,49668.0
Kalshi Volume,2022-03-29,40000.0
Kalshi Volume,2022-03-30,28422.0
Kalshi Volume,2022-03-31,25879.0
Kalshi Volume,2022-04-01,25954.0
Kalshi Volume,2022-04-02,40056.0
Kalshi Volume,2022-04-03,10633.0
Kalshi Volume,2022-04-04,37298.0
Kalshi Volume,2022-04-05,29446.0
Kalshi Volume,2022-04-06,44400.0
Kalshi Volume,2022-04-07,41937.0
Kalshi Volume,2022-04-08,22122.0
Kalshi Volume,2022-04-09,23089.0
Kalshi Volume,2022-04-10,11730.0
Kalshi Volume,2022-04-11,16716.0
Kalshi Volume,2022-04-12,46060.0
Kalshi Volume,2022-04-13,45903.0
Kalshi Volume,2022-04-14,72831.0
Kalshi Volume,2022-04-15,28374.0
Kalshi Volume,2022-04-16,20965.0
Kalshi Volume,2022-04-17,11790.0
Kalshi Volume,2022-04-18,10015.0
Kalshi Volume,2022-04-19,70571.0
Kalshi Volume,2022-04-20,40379.0
Kalshi Volume,2022-04-21,38098.0
Kalshi Volume,2022-04-22,39682.0
Kalshi Volume,2022-04-23,40984.0
Kalshi Volume,2022-04-24,24737.0
Kalshi Volume,2022-04-25,28712.0
Kalshi Volume,2022-04-26,73827.0
Kalshi Volume,2022-04-27,49731.0
Kalshi Volume,2022-04-28,81422.0
Kalshi Volume,2022-04-29,185746.0
Kalshi Volume,2022-04-30,145730.0
Kalshi Volume,2022-05-01,26450.0
Kalshi Volume,2022-05-02,22095.0
Kalshi Volume,2022-05-03,90750.0
Kalshi Volume,2022-05-04,129638.0
Kalshi Volume,2022-05-05,145468.0
Kalshi Volume,2022-05-06,103081.0
Kalshi Volume,2022-05-07,121657.0
Kalshi Volume,2022-05-08,23461.0
Kalshi Volume,2022-05-09,30599.0
Kalshi Volume,2022-05-10,81525.0
Kalshi Volume,2022-05-11,98485.0
Kalshi Volume,2022-05-12,108723.0
Kalshi Volume,2022-05-13,75890.0
Kalshi Volume,2022-05-14,69195.0
Kalshi Volume,2022-05-15,17235.0
Kalshi Volume,2022-05-16,24697.0
Kalshi Volume,2022-05-17,68190.0
Kalshi Volume,2022-05-18,73925.0
Kalshi Volume,2022-05-19,93950.0
Kalshi Volume,2022-05-20,88564.0
Kalshi Volume,2022-05-21,77711.0
Kalshi Volume,2022-05-22,29596.0
Kalshi Volume,2022-05-23,21318.0
Kalshi Volume,2022-05-24,59882.0
Kalshi Volume,2022-05-25,75205.0
Kalshi Volume,2022-05-26,71050.0
Kalshi Volume,2022-05-27,49694.0
Kalshi Volume,2022-05-28,63325.0
Kalshi Volume,2022-05-29,14984.0
Kalshi Volume,2022-05-30,12723.0
Kalshi Volume,2022-05-31,13086.0
Kalshi Volume,2022-06-01,64545.0
Kalshi Volume,2022-06-02,97288.0
Kalshi Volume,2022-06-03,88088.0
Kalshi Volume,2022-06-04,77017.0
Kalshi Volume,2022-06-05,14785.0
Kalshi Volume,2022-06-06,18598.0
Kalshi Volume,2022-06-07,69677.0
Kalshi Volume,2022-06-08,99743.0
Kalshi Volume,2022-06-09,90022.0
Kalshi Volume,2022-06-10,115700.0
Kalshi Volume,2022-06-11,158367.0
Kalshi Volume,2022-06-12,21207.0
Kalshi Volume,2022-06-13,36608.0
Kalshi Volume,2022-06-14,172502.0
Kalshi Volume,2022-06-15,177581.0
Kalshi Volume,2022-06-16,168982.0
Kalshi Volume,2022-06-17,100095.0
Kalshi Volume,2022-06-18,146128.0
Kalshi Volume,2022-06-19,28514.0
Kalshi Volume,2022-06-20,68120.0
Kalshi Volume,2022-06-21,35515.0
Kalshi Volume,2022-06-22,77397.0
Kalshi Volume,2022-06-23,109941.0
Kalshi Volume,2022-06-24,89519.0
Kalshi Volume,2022-06-25,63302.0
Kalshi Volume,2022-06-26,16136.0
Kalshi Volume,2022-06-27,24900.0
Kalshi Volume,2022-06-28,75271.0
Kalshi Volume,2022-06-29,82217.0
Kalshi Volume,2022-06-30,98271.0
Kalshi Volume,2022-07-01,152393.0
Kalshi Volume,2022-07-02,141467.0
Kalshi Volume,2022-07-03,35664.0
Kalshi Volume,2022-07-04,32918.0
Kalshi Volume,2022-07-05,18919.0
Kalshi Volume,2022-07-06,86760.0
Kalshi Volume,2022-07-07,87411.0
Kalshi Volume,2022-07-08,71309.0
Kalshi Volume,2022-07-09,101155.0
Kalshi Volume,2022-07-10,39177.0
Kalshi Volume,2022-07-11,21114.0
Kalshi Volume,2022-07-12,74616.0
Kalshi Volume,2022-07-13,127709.0
Kalshi Volume,2022-07-14,250930.0
Kalshi Volume,2022-07-15,143565.0
Kalshi Volume,2022-07-16,93204.0
Kalshi Volume,2022-07-17,23971.0
Kalshi Volume,2022-07-18,22475.0
Kalshi Volume,2022-07-19,75491.0
Kalshi Volume,2022-07-20,91290.0
Kalshi Volume,2022-07-21,87959.0
Kalshi Volume,2022-07-22,69259.0
Kalshi Volume,2022-07-23,113024.0
Kalshi Volume,2022-07-24,18148.0
Kalshi Volume,2022-07-25,26680.0
Kalshi Volume,2022-07-26,70541.0
Kalshi Volume,2022-07-27,92774.0
Kalshi Volume,2022-07-28,144842.0
Kalshi Volume,2022-07-29,140798.0
Kalshi Volume,2022-07-30,99822.0
Kalshi Volume,2022-07-31,17770.0
Kalshi Volume,2022-08-01,11438.0
Kalshi Volume,2022-08-02,66581.0
Kalshi Volume,2022-08-03,100532.0
Kalshi Volume,2022-08-04,97617.0
Kalshi Volume,2022-08-05,91173.0
Kalshi Volume,2022-08-06,105919.0
Kalshi Volume,2022-08-07,27312.0
Kalshi Volume,2022-08-08,33250.0
Kalshi Volume,2022-08-09,120658.0
Kalshi Volume,2022-08-10,115324.0
Kalshi Volume,2022-08-11,149460.0
Kalshi Volume,2022-08-12,122821.0
Kalshi Volume,2022-08-13,103360.0
Kalshi Volume,2022-08-14,19705.0
Kalshi Volume,2022-08-15,14613.0
Kalshi Volume,2022-08-16,124978.0
Kalshi Volume,2022-08-17,132191.0
Kalshi Volume,2022-08-18,105464.0
Kalshi Volume,2022-08-19,107885.0
Kalshi Volume,2022-08-20,79141.0
Kalshi Volume,2022-08-21,10118.0
Kalshi Volume,2022-08-22,22711.0
Kalshi Volume,2022-08-23,87736.0
Kalshi Volume,2022-08-24,139719.0
Kalshi Volume,2022-08-25,169629.0
Kalshi Volume,2022-08-26,112179.0
Kalshi Volume,2022-08-27,162111.0
Kalshi Volume,2022-08-28,19103.0
Kalshi Volume,2022-08-29,20219.0
Kalshi Volume,2022-08-30,119296.0
Kalshi Volume,2022-08-31,103943.0
Kalshi Volume,2022-09-01,89107.0
Kalshi Volume,2022-09-02,96677.0
Kalshi Volume,2022-09-03,112235.0
Kalshi Volume,2022-09-04,10279.0
Kalshi Volume,2022-09-05,12392.0
Kalshi Volume,2022-09-06,18610.0
Kalshi Volume,2022-09-07,135843.0
Kalshi Volume,2022-09-08,159776.0
Kalshi Volume,2022-09-09,108823.0
Kalshi Volume,2022-09-10,88680.0
Kalshi Volume,2022-09-11,28681.0
Kalshi Volume,2022-09-12,26482.0
Kalshi Volume,2022-09-13,103688.0
Kalshi Volume,2022-09-14,279541.0
Kalshi Volume,2022-09-15,100112.0
Kalshi Volume,2022-09-16,87701.0
Kalshi Volume,2022-09-17,96629.0
Kalshi Volume,2022-09-18,18636.0
Kalshi Volume,2022-09-19,18788.0
Kalshi Volume,2022-09-20,72614.0
Kalshi Volume,2022-09-21,133740.0
Kalshi Volume,2022-09-22,101493.0
Kalshi Volume,2022-09-23,104988.0
Kalshi Volume,2022-09-24,82829.0
Kalshi Volume,2022-09-25,22382.0
Kalshi Volume,2022-09-26,12972.0
Kalshi Volume,2022-09-27,80867.0
Kalshi Volume,2022-09-28,111016.0
Kalshi Volume,2022-09-29,109453.0
Kalshi Volume,2022-09-30,87915.0
Kalshi Volume,2022-10-01,82206.0
Kalshi Volume,2022-10-02,14031.0
Kalshi Volume,2022-10-03,20432.0
Kalshi Volume,2022-10-04,95898.0
Kalshi Volume,2022-10-05,98255.0
Kalshi Volume,2022-10-06,78048.0
Kalshi Volume,2022-10-07,90740.0
Kalshi Volume,2022-10-08,98138.0
Kalshi Volume,2022-10-09,19630.0
Kalshi Volume,2022-10-10,24446.0
Kalshi Volume,2022-10-11,88593.0
Kalshi Volume,2022-10-12,76172.0
Kalshi Volume,2022-10-13,94439.0
Kalshi Volume,2022-10-14,183796.0
Kalshi Volume,2022-10-15,82451.0
Kalshi Volume,2022-10-16,17375.0
Kalshi Volume,2022-10-17,16890.0
Kalshi Volume,2022-10-18,83169.0
Kalshi Volume,2022-10-19,88226.0
Kalshi Volume,2022-10-20,77806.0
Kalshi Volume,2022-10-21,90502.0
Kalshi Volume,2022-10-22,101286.0
Kalshi Volume,2022-10-23,13123.0
Kalshi Volume,2022-10-24,24623.0
Kalshi Volume,2022-10-25,78933.0
Kalshi Volume,2022-10-26,68132.0
Kalshi Volume,2022-10-27,101174.0
Kalshi Volume,2022-10-28,99495.0
Kalshi Volume,2022-10-29,60899.0
Kalshi Volume,2022-10-30,11613.0
Kalshi Volume,2022-10-31,18000.0
Kalshi Volume,2022-11-01,100174.0
Kalshi Volume,2022-11-02,107018.0
Kalshi Volume,2022-11-03,130532.0
Kalshi Volume,2022-11-04,76741.0
Kalshi Volume,2022-11-05,107852.0
Kalshi Volume,2022-11-06,43636.0
Kalshi Volume,2022-11-07,17546.0
Kalshi Volume,2022-11-08,98133.0
Kalshi Volume,2022-11-09,83241.0
Kalshi Volume,2022-11-10,78548.0
Kalshi Volume,2022-11-11,100172.0
Kalshi Volume,2022-11-12,77028.0
Kalshi Volume,2022-11-13,14678.0
Kalshi Volume,2022-11-14,17317.0
Kalshi Volume,2022-11-15,87186.0
Kalshi Volume,2022-11-16,113219.0
Kalshi Volume,2022-11-17,55784.0
Kalshi Volume,2022-11-18,73730.0
Kalshi Volume,2022-11-19,88715.0
Kalshi Volume,2022-11-20,11443.0
Kalshi Volume,2022-11-21,24574.0
Kalshi Volume,2022-11-22,82145.0
Kalshi Volume,2022-11-23,82929.0
Kalshi Volume,2022-11-24,81713.0
Kalshi Volume,2022-11-25,25541.0
Kalshi Volume,2022-11-26,60145.0
Kalshi Volume,2022-11-27,10012.0
Kalshi Volume,2022-11-28,16917.0
Kalshi Volume,2022-11-29,68801.0
Kalshi Volume,2022-11-30,83664.0
Kalshi Volume,2022-12-01,107458.0
Kalshi Volume,2022-12-02,48534.0
Kalshi Volume,2022-12-03,82533.0
Kalshi Volume,2022-12-04,19472.0
Kalshi Volume,2022-12-05,9958.0
Kalshi Volume,2022-12-06,64426.0
Kalshi Volume,2022-12-07,67938.0
Kalshi Volume,2022-12-08,77766.0
Kalshi Volume,2022-12-09,87891.0
Kalshi Volume,2022-12-10,80386.0
Kalshi Volume,2022-12-11,19163.0
Kalshi Volume,2022-12-12,24101.0
Kalshi Volume,2022-12-13,120226.0
Kalshi Volume,2022-12-14,157573.0
Kalshi Volume,2022-12-15,90224.0
Kalshi Volume,2022-12-16,107379.0
Kalshi Volume,2022-12-17,82820.0
Kalshi Volume,2022-12-18,9334.0
Kalshi Volume,2022-12-19,7059.0
Kalshi Volume,2022-12-20,70301.0
Kalshi Volume,2022-12-21,63353.0
Kalshi Volume,2022-12-22,61970.0
Kalshi Volume,2022-12-23,83947.0
Kalshi Volume,2022-12-24,88867.0
Kalshi Volume,2022-12-25,14504.0
Kalshi Volume,2022-12-26,7136.0
Kalshi Volume,2022-12-27,9890.0
Kalshi Volume,2022-12-28,46483.0
Kalshi Volume,2022-12-29,83628.0
Kalshi Volume,2022-12-30,67459.0
Kalshi Volume,2022-12-31,78830.0
Kalshi Volume,2023-01-01,7580.0
Kalshi Volume,2023-01-02,8768.0
Kalshi Volume,2023-01-03,13640.0
Kalshi Volume,2023-01-04,63460.0
Kalshi Volume,2023-01-05,58563.0
Kalshi Volume,2023-01-06,61950.0
Kalshi Volume,2023-01-07,85416.0
Kalshi Volume,2023-01-08,9707.0
Kalshi Volume,2023-01-09,13862.0
Kalshi Volume,2023-01-10,54548.0
Kalshi Volume,2023-01-11,57622.0
Kalshi Volume,2023-01-12,67198.0
Kalshi Volume,2023-01-13,84800.0
Kalshi Volume,2023-01-14,56049.0
Kalshi Volume,2023-01-15,5837.0
Kalshi Volume,2023-01-16,4895.0
Kalshi Volume,2023-01-17,15281.0
Kalshi Volume,2023-01-18,24124.0
Kalshi Volume,2023-01-19,60895.0
Kalshi Volume,2023-01-20,56277.0
Kalshi Volume,2023-01-21,49926.0
Kalshi Volume,2023-01-22,5194.0
Kalshi Volume,2023-01-23,9597.0
Kalshi Volume,2023-01-24,52089.0
Kalshi Volume,2023-01-25,54752.0
Kalshi Volume,2023-01-26,94060.0
Kalshi Volume,2023-01-27,71638.0
Kalshi Volume,2023-01-28,78508.0
Kalshi Volume,2023-01-29,10911.0
Kalshi Volume,2023-01-30,10656.0
Kalshi Volume,2023-01-31,68653.0
Kalshi Volume,2023-02-01,64618.0
Kalshi Volume,2023-02-02,66517.0
Kalshi Volume,2023-02-03,101514.0
Kalshi Volume,2023-02-04,98135.0
Kalshi Volume,2023-02-05,5821.0
Kalshi Volume,2023-02-06,17381.0
Kalshi Volume,2023-02-07,56733.0
Kalshi Volume,2023-02-08,63390.0
Kalshi Volume,2023-02-09,57057.0
Kalshi Volume,2023-02-10,48268.0
Kalshi Volume,2023-02-11,47712.0
Kalshi Volume,2023-02-12,14475.0
Kalshi Volume,2023-02-13,10677.0
Kalshi Volume,2023-02-14,65666.0
Kalshi Volume,2023-02-15,93579.0
Kalshi Volume,2023-02-16,68467.0
Kalshi Volume,2023-02-17,65745.0
Kalshi Volume,2023-02-18,39217.0
Kalshi Volume,2023-02-19,5808.0
Kalshi Volume,2023-02-20,9354.0
Kalshi Volume,2023-02-21,18320.0
Kalshi Volume,2023-02-22,48045.0
Kalshi Volume,2023-02-23,68231.0
Kalshi Volume,2023-02-24,54789.0
Kalshi Volume,2023-02-25,57274.0
Kalshi Volume,2023-02-26,6032.0
Kalshi Volume,2023-02-27,13616.0
Kalshi Volume,2023-02-28,89020.0
Kalshi Volume,2023-03-01,110598.0
Kalshi Volume,2023-03-02,160789.0
Kalshi Volume,2023-03-03,90146.0
Kalshi Volume,2023-03-04,63465.0
Kalshi Volume,2023-03-05,11084.0
Kalshi Volume,2023-03-06,11100.0
Kalshi Volume,2023-03-07,100210.0
Kalshi Volume,2023-03-08,133788.0
Kalshi Volume,2023-03-09,134698.0
Kalshi Volume,2023-03-10,221218.0
Kalshi Volume,2023-03-11,173037.0
Kalshi Volume,2023-03-12,25612.0
Kalshi Volume,2023-03-13,76009.0
Kalshi Volume,2023-03-14,220854.0
Kalshi Volume,2023-03-15,189022.0
Kalshi Volume,2023-03-16,220210.0
Kalshi Volume,2023-03-17,156607.0
Kalshi Volume,2023-03-18,139101.0
Kalshi Volume,2023-03-19,16544.0
Kalshi Volume,2023-03-20,36165.0
Kalshi Volume,2023-03-21,116429.0
Kalshi Volume,2023-03-22,141394.0
Kalshi Volume,2023-03-23,141974.0
Kalshi Volume,2023-03-24,129553.0
Kalshi Volume,2023-03-25,97956.0
Kalshi Volume,2023-03-26,7095.0
Kalshi Volume,2023-03-27,19489.0
Kalshi Volume,2023-03-28,127911.0
Kalshi Volume,2023-03-29,91368.0
Kalshi Volume,2023-03-30,113246.0
Kalshi Volume,2023-03-31,115265.0
Kalshi Volume,2023-04-01,101103.0
Kalshi Volume,2023-04-02,11538.0
Kalshi Volume,2023-04-03,8158.0
Kalshi Volume,2023-04-04,112167.0
Kalshi Volume,2023-04-05,156563.0
Kalshi Volume,2023-04-06,168826.0
Kalshi Volume,2023-04-07,161648.0
Kalshi Volume,2023-04-08,47012.0
Kalshi Volume,2023-04-09,17595.0
Kalshi Volume,2023-04-10,28748.0
Kalshi Volume,2023-04-11,156993.0
Kalshi Volume,2023-04-12,130719.0
Kalshi Volume,2023-04-13,169899.0
Kalshi Volume,2023-04-14,135878.0
Kalshi Volume,2023-04-15,136648.0
Kalshi Volume,2023-04-16,12991.0
Kalshi Volume,2023-04-17,27663.0
Kalshi Volume,2023-04-18,120624.0
Kalshi Volume,2023-04-19,111471.0
Kalshi Volume,2023-04-20,120105.0
Kalshi Volume,2023-04-21,124457.0
Kalshi Volume,2023-04-22,89683.0
Kalshi Volume,2023-04-23,23205.0
Kalshi Volume,2023-04-24,34462.0
Kalshi Volume,2023-04-25,160582.0
Kalshi Volume,2023-04-26,192889.0
Kalshi Volume,2023-04-27,148137.0
Kalshi Volume,2023-04-28,138060.0
Kalshi Volume,2023-04-29,124847.0
Kalshi Volume,2023-04-30,23859.0
Kalshi Volume,2023-05-01,22632.0
Kalshi Volume,2023-05-02,186062.0
Kalshi Volume,2023-05-03,302755.0
Kalshi Volume,2023-05-04,285823.0
Kalshi Volume,2023-05-05,207501.0
Kalshi Volume,2023-05-06,157288.0
Kalshi Volume,2023-05-07,11726.0
Kalshi Volume,2023-05-08,17982.0
Kalshi Volume,2023-05-09,128961.0
Kalshi Volume,2023-05-10,162579.0
Kalshi Volume,2023-05-11,145900.0
Kalshi Volume,2023-05-12,104704.0
Kalshi Volume,2023-05-13,100636.0
Kalshi Volume,2023-05-14,7584.0
Kalshi Volume,2023-05-15,15909.0
Kalshi Volume,2023-05-16,167307.0
Kalshi Volume,2023-05-17,194478.0
Kalshi Volume,2023-05-18,207224.0
Kalshi Volume,2023-05-19,202372.0
Kalshi Volume,2023-05-20,195734.0
Kalshi Volume,2023-05-21,49036.0
Kalshi Volume,2023-05-22,50318.0
Kalshi Volume,2023-05-23,169933.0
Kalshi Volume,2023-05-24,237463.0
Kalshi Volume,2023-05-25,294984.0
Kalshi Volume,2023-05-26,322110.0
Kalshi Volume,2023-05-27,199448.0
Kalshi Volume,2023-05-28,51582.0
Kalshi Volume,2023-05-29,34475.0
Kalshi Volume,2023-05-30,57593.0
Kalshi Volume,2023-05-31,194411.0
Kalshi Volume,2023-06-01,243892.0
Kalshi Volume,2023-06-02,279877.0
Kalshi Volume,2023-06-03,232389.0
Kalshi Volume,2023-06-04,13205.0
Kalshi Volume,2023-06-05,19809.0
Kalshi Volume,2023-06-06,182225.0
Kalshi Volume,2023-06-07,180640.0
Kalshi Volume,2023-06-08,195906.0
Kalshi Volume,2023-06-09,143233.0
Kalshi Volume,2023-06-10,146931.0
Kalshi Volume,2023-06-11,17618.0
Kalshi Volume,2023-06-12,26662.0
Kalshi Volume,2023-06-13,133328.0
Kalshi Volume,2023-06-14,231943.0
Kalshi Volume,2023-06-15,206629.0
Kalshi Volume,2023-06-16,160132.0
Kalshi Volume,2023-06-17,142735.0
Kalshi Volume,2023-06-18,19543.0
Kalshi Volume,2023-06-19,32482.0
Kalshi Volume,2023-06-20,30395.0
Kalshi Volume,2023-06-21,166208.0
Kalshi Volume,2023-06-22,240597.0
Kalshi Volume,2023-06-23,173118.0
Kalshi Volume,2023-06-24,183920.0
Kalshi Volume,2023-06-25,11163.0
Kalshi Volume,2023-06-26,14928.0
Kalshi Volume,2023-06-27,238014.0
Kalshi Volume,2023-06-28,227472.0
Kalshi Volume,2023-06-29,224141.0
Kalshi Volume,2023-06-30,252859.0
Kalshi Volume,2023-07-01,133329.0
Kalshi Volume,2023-07-02,20406.0
Kalshi Volume,2023-07-03,28046.0
Kalshi Volume,2023-07-04,210614.0
Kalshi Volume,2023-07-05,28337.0
Kalshi Volume,2023-07-06,196219.0
Kalshi Volume,2023-07-07,271971.0
Kalshi Volume,2023-07-08,242392.0
Kalshi Volume,2023-07-09,19465.0
Kalshi Volume,2023-07-10,20654.0
Kalshi Volume,2023-07-11,220111.0
Kalshi Volume,2023-07-12,184058.0
Kalshi Volume,2023-07-13,269232.0
Kalshi Volume,2023-07-14,194218.0
Kalshi Volume,2023-07-15,191256.0
Kalshi Volume,2023-07-16,48728.0
Kalshi Volume,2023-07-17,23272.0
Kalshi Volume,2023-07-18,169401.0
Kalshi Volume,2023-07-19,168637.0
Kalshi Volume,2023-07-20,194574.0
Kalshi Volume,2023-07-21,203050.0
Kalshi Volume,2023-07-22,155982.0
Kalshi Volume,2023-07-23,18217.0
Kalshi Volume,2023-07-24,20588.0
Kalshi Volume,2023-07-25,188828.0
Kalshi Volume,2023-07-26,189594.0
Kalshi Volume,2023-07-27,197068.0
Kalshi Volume,2023-07-28,235285.0
Kalshi Volume,2023-07-29,148397.0
Kalshi Volume,2023-07-30,14529.0
Kalshi Volume,2023-07-31,28970.0
Kalshi Volume,2023-08-01,126007.0
Kalshi Volume,2023-08-02,116731.0
Kalshi Volume,2023-08-03,186528.0
Kalshi Volume,2023-08-04,148252.0
Kalshi Volume,2023-08-05,260217.0
Kalshi Volume,2023-08-06,26157.0
Kalshi Volume,2023-08-07,20277.0
Kalshi Volume,2023-08-08,156590.0
Kalshi Volume,2023-08-09,167197.0
Kalshi Volume,2023-08-10,237166.0
Kalshi Volume,2023-08-11,206169.0
Kalshi Volume,2023-08-12,160980.0
Kalshi Volume,2023-08-13,28437.0
Kalshi Volume,2023-08-14,24205.0
Kalshi Volume,2023-08-15,115103.0
Kalshi Volume,2023-08-16,150387.0
Kalshi Volume,2023-08-17,208872.0
Kalshi Volume,2023-08-18,123036.0
Kalshi Volume,2023-08-19,124279.0
Kalshi Volume,2023-08-20,10907.0
Kalshi Volume,2023-08-21,18825.0
Kalshi Volume,2023-08-22,121376.0
Kalshi Volume,2023-08-23,138760.0
Kalshi Volume,2023-08-24,109135.0
Kalshi Volume,2023-08-25,160286.0
Kalshi Volume,2023-08-26,173954.0
Kalshi Volume,2023-08-27,15974.0
Kalshi Volume,2023-08-28,19621.0
Kalshi Volume,2023-08-29,87242.0
Kalshi Volume,2023-08-30,133435.0
Kalshi Volume,2023-08-31,164031.0
Kalshi Volume,2023-09-01,158371.0
Kalshi Volume,2023-09-02,121200.0
Kalshi Volume,2023-09-03,14050.0
Kalshi Volume,2023-09-04,18383.0
Kalshi Volume,2023-09-05,17615.0
Kalshi Volume,2023-09-06,88809.0
Kalshi Volume,2023-09-07,155756.0
Kalshi Volume,2023-09-08,134854.0
Kalshi Volume,2023-09-09,102938.0
Kalshi Volume,2023-09-10,17206.0
Kalshi Volume,2023-09-11,19063.0
Kalshi Volume,2023-09-12,103749.0
Kalshi Volume,2023-09-13,187859.0
Kalshi Volume,2023-09-14,230543.0
Kalshi Volume,2023-09-15,226537.0
Kalshi Volume,2023-09-16,157848.0
Kalshi Volume,2023-09-17,23126.0
Kalshi Volume,2023-09-18,43972.0
Kalshi Volume,2023-09-19,167423.0
Kalshi Volume,2023-09-20,134659.0
Kalshi Volume,2023-09-21,189302.0
Kalshi Volume,2023-09-22,159589.0
Kalshi Volume,2023-09-23,141734.0
Kalshi Volume,2023-09-24,27385.0
Kalshi Volume,2023-09-25,68647.0
Kalshi Volume,2023-09-26,201834.0
Kalshi Volume,2023-09-27,157223.0
Kalshi Volume,2023-09-28,194732.0
Kalshi Volume,2023-09-29,190308.0
Kalshi Volume,2023-09-30,215043.0
Kalshi Volume,2023-10-01,76115.0
Kalshi Volume,2023-10-02,51336.0
Kalshi Volume,2023-10-03,223813.0
Kalshi Volume,2023-10-04,176149.0
Kalshi Volume,2023-10-05,205977.0
Kalshi Volume,2023-10-06,164787.0
Kalshi Volume,2023-10-07,192261.0
Kalshi Volume,2023-10-08,33242.0
Kalshi Volume,2023-10-09,36199.0
Kalshi Volume,2023-10-10,170242.0
Kalshi Volume,2023-10-11,159750.0
Kalshi Volume,2023-10-12,212366.0
Kalshi Volume,2023-10-13,166265.0
Kalshi Volume,2023-10-14,212259.0
Kalshi Volume,2023-10-15,33289.0
Kalshi Volume,2023-10-16,26122.0
Kalshi Volume,2023-10-17,184720.0
Kalshi Volume,2023-10-18,264727.0
Kalshi Volume,2023-10-19,217170.0
Kalshi Volume,2023-10-20,231668.0
Kalshi Volume,2023-10-21,181683.0
Kalshi Volume,2023-10-22,51511.0
Kalshi Volume,2023-10-23,31854.0
Kalshi Volume,2023-10-24,155815.0
Kalshi Volume,2023-10-25,213796.0
Kalshi Volume,2023-10-26,201736.0
Kalshi Volume,2023-10-27,213283.0
Kalshi Volume,2023-10-28,195300.0
Kalshi Volume,2023-10-29,25283.0
Kalshi Volume,2023-10-30,19764.0
Kalshi Volume,2023-10-31,168679.0
Kalshi Volume,2023-11-01,198231.0
Kalshi Volume,2023-11-02,187380.0
Kalshi Volume,2023-11-03,202990.0
Kalshi Volume,2023-11-04,294040.0
Kalshi Volume,2023-11-05,62396.0
Kalshi Volume,2023-11-06,34884.0
Kalshi Volume,2023-11-07,235647.0
Kalshi Volume,2023-11-08,237567.0
Kalshi Volume,2023-11-09,217139.0
Kalshi Volume,2023-11-10,319363.0
Kalshi Volume,2023-11-11,215346.0
Kalshi Volume,2023-11-12,116394.0
Kalshi Volume,2023-11-13,57213.0
Kalshi Volume,2023-11-14,188106.0
Kalshi Volume,2023-11-15,257234.0
Kalshi Volume,2023-11-16,189140.0
Kalshi Volume,2023-11-17,220357.0
Kalshi Volume,2023-11-18,177373.0
Kalshi Volume,2023-11-19,40595.0
Kalshi Volume,2023-11-20,51696.0
Kalshi Volume,2023-11-21,188946.0
Kalshi Volume,2023-11-22,221387.0
Kalshi Volume,2023-11-23,242492.0
Kalshi Volume,2023-11-24,36558.0
Kalshi Volume,2023-11-25,46450.0
Kalshi Volume,2023-11-26,11697.0
Kalshi Volume,2023-11-27,24610.0
Kalshi Volume,2023-11-28,193428.0
Kalshi Volume,2023-11-29,212843.0
Kalshi Volume,2023-11-30,180130.0
Kalshi Volume,2023-12-01,173930.0
Kalshi Volume,2023-12-02,212776.0
Kalshi Volume,2023-12-03,10713.0
Kalshi Volume,2023-12-04,20047.0
Kalshi Volume,2023-12-05,184398.0
Kalshi Volume,2023-12-06,207922.0
Kalshi Volume,2023-12-07,255135.0
Kalshi Volume,2023-12-08,164556.0
Kalshi Volume,2023-12-09,279148.0
Kalshi Volume,2023-12-10,31252.0
Kalshi Volume,2023-12-11,33885.0
Kalshi Volume,2023-12-12,195622.0
Kalshi Volume,2023-12-13,200678.0
Kalshi Volume,2023-12-14,291954.0
Kalshi Volume,2023-12-15,252755.0
Kalshi Volume,2023-12-16,249760.0
Kalshi Volume,2023-12-17,51352.0
Kalshi Volume,2023-12-18,25679.0
Kalshi Volume,2023-12-19,159139.0
Kalshi Volume,2023-12-20,199675.0
Kalshi Volume,2023-12-21,265893.0
Kalshi Volume,2023-12-22,159929.0
Kalshi Volume,2023-12-23,140512.0
Kalshi Volume,2023-12-24,11989.0
Kalshi Volume,2023-12-25,16876.0
Kalshi Volume,2023-12-26,18482.0
Kalshi Volume,2023-12-27,96745.0
Kalshi Volume,2023-12-28,128026.0
Kalshi Volume,2023-12-29,91815.0
Kalshi Volume,2023-12-30,168662.0
Kalshi Volume,2023-12-31,22906.0
Kalshi Volume,2024-01-01,40766.0
Kalshi Volume,2024-01-02,101647.0
Kalshi Volume,2024-01-03,257813.0
Kalshi Volume,2024-01-04,357394.0
Kalshi Volume,2024-01-05,167321.0
Kalshi Volume,2024-01-06,318010.0
Kalshi Volume,2024-01-07,13749.0
Kalshi Volume,2024-01-08,31131.0
Kalshi Volume,2024-01-09,133360.0
Kalshi Volume,2024-01-10,249282.0
Kalshi Volume,2024-01-11,241899.0
Kalshi Volume,2024-01-12,354341.0
Kalshi Volume,2024-01-13,324378.0
Kalshi Volume,2024-01-14,17581.0
Kalshi Volume,2024-01-15,22513.0
Kalshi Volume,2024-01-16,56458.0
Kalshi Volume,2024-01-17,277380.0
Kalshi Volume,2024-01-18,185801.0
Kalshi Volume,2024-01-19,190108.0
Kalshi Volume,2024-01-20,150045.0
Kalshi Volume,2024-01-21,47030.0
Kalshi Volume,2024-01-22,14592.0
Kalshi Volume,2024-01-23,251260.0
Kalshi Volume,2024-01-24,149435.0
Kalshi Volume,2024-01-25,221515.0
Kalshi Volume,2024-01-26,243177.0
Kalshi Volume,2024-01-27,174425.0
Kalshi Volume,2024-01-28,44248.0
Kalshi Volume,2024-01-29,21371.0
Kalshi Volume,2024-01-30,233805.0
Kalshi Volume,2024-01-31,220980.0
Kalshi Volume,2024-02-01,454059.0
Kalshi Volume,2024-02-02,307734.0
Kalshi Volume,2024-02-03,357202.0
Kalshi Volume,2024-02-04,22394.0
Kalshi Volume,2024-02-05,70159.0
Kalshi Volume,2024-02-06,241470.0
Kalshi Volume,2024-02-07,272651.0
Kalshi Volume,2024-02-08,213553.0
Kalshi Volume,2024-02-09,214970.0
Kalshi Volume,2024-02-10,175433.0
Kalshi Volume,2024-02-11,64095.0
Kalshi Volume,2024-02-12,46290.0
Kalshi Volume,2024-02-13,274640.0
Kalshi Volume,2024-02-14,454995.0
Kalshi Volume,2024-02-15,271538.0
Kalshi Volume,2024-02-16,207170.0
Kalshi Volume,2024-02-17,324757.0
Kalshi Volume,2024-02-18,60468.0
Kalshi Volume,2024-02-19,33049.0
Kalshi Volume,2024-02-20,57685.0
Kalshi Volume,2024-02-21,251961.0
Kalshi Volume,2024-02-22,254272.0
Kalshi Volume,2024-02-23,289747.0
Kalshi Volume,2024-02-24,326390.0
Kalshi Volume,2024-02-25,65741.0
Kalshi Volume,2024-02-26,54760.0
Kalshi Volume,2024-02-27,232108.0
Kalshi Volume,2024-02-28,259145.0
Kalshi Volume,2024-02-29,287626.0
Kalshi Volume,2024-03-01,305920.0
Kalshi Volume,2024-03-02,247699.0
Kalshi Volume,2024-03-03,31093.0
Kalshi Volume,2024-03-04,35954.0
Kalshi Volume,2024-03-05,400196.0
Kalshi Volume,2024-03-06,392389.0
Kalshi Volume,2024-03-07,517844.0
Kalshi Volume,2024-03-08,350972.0
Kalshi Volume,2024-03-09,529480.0
Kalshi Volume,2024-03-10,90623.0
Kalshi Volume,2024-03-11,128347.0
Kalshi Volume,2024-03-12,352162.0
Kalshi Volume,2024-03-13,277291.0
Kalshi Volume,2024-03-14,312496.0
Kalshi Volume,2024-03-15,207566.0
Kalshi Volume,2024-03-16,358462.0
Kalshi Volume,2024-03-17,26225.0
Kalshi Volume,2024-03-18,65831.0
Kalshi Volume,2024-03-19,311201.0
Kalshi Volume,2024-03-20,508696.0
Kalshi Volume,2024-03-21,462795.0
Kalshi Volume,2024-03-22,522695.0
Kalshi Volume,2024-03-23,381902.0
Kalshi Volume,2024-03-24,56108.0
Kalshi Volume,2024-03-25,59300.0
Kalshi Volume,2024-03-26,292643.0
Kalshi Volume,2024-03-27,378255.0
Kalshi Volume,2024-03-28,429200.0
Kalshi Volume,2024-03-29,348825.0
Kalshi Volume,2024-03-30,65918.0
Kalshi Volume,2024-03-31,63412.0
Kalshi Volume,2024-04-01,73051.0
Kalshi Volume,2024-04-02,377824.0
Kalshi Volume,2024-04-03,278262.0
Kalshi Volume,2024-04-04,411157.0
Kalshi Volume,2024-04-05,852855.0
Kalshi Volume,2024-04-06,520332.0
Kalshi Volume,2024-04-07,70205.0
Kalshi Volume,2024-04-08,83586.0
Kalshi Volume,2024-04-09,268180.0
Kalshi Volume,2024-04-10,385643.0
Kalshi Volume,2024-04-11,505714.0
Kalshi Volume,2024-04-12,337633.0
Kalshi Volume,2024-04-13,238316.0
Kalshi Volume,2024-04-14,24431.0
Kalshi Volume,2024-04-15,47476.0
Kalshi Volume,2024-04-16,267775.0
Kalshi Volume,2024-04-17,274593.0
Kalshi Volume,2024-04-18,250455.0
Kalshi Volume,2024-04-19,274336.0
Kalshi Volume,2024-04-20,376730.0
Kalshi Volume,2024-04-21,63855.0
Kalshi Volume,2024-04-22,133958.0
Kalshi Volume,2024-04-23,623344.0
Kalshi Volume,2024-04-24,388627.0
Kalshi Volume,2024-04-25,290403.0
Kalshi Volume,2024-04-26,267080.0
Kalshi Volume,2024-04-27,294927.0
Kalshi Volume,2024-04-28,107803.0
Kalshi Volume,2024-04-29,48042.0
Kalshi Volume,2024-04-30,287560.0
Kalshi Volume,2024-05-01,294107.0
Kalshi Volume,2024-05-02,275035.0
Kalshi Volume,2024-05-03,357761.0
Kalshi Volume,2024-05-04,444963.0
Kalshi Volume,2024-05-05,50924.0
Kalshi Volume,2024-05-06,71438.0
Kalshi Volume,2024-05-07,267938.0
Kalshi Volume,2024-05-08,276129.0
Kalshi Volume,2024-05-09,289464.0
Kalshi Volume,2024-05-10,345620.0
Kalshi Volume,2024-05-11,365509.0
Kalshi Volume,2024-05-12,39186.0
Kalshi Volume,2024-05-13,34929.0
Kalshi Volume,2024-05-14,474163.0
Kalshi Volume,2024-05-15,532324.0
Kalshi Volume,2024-05-16,532583.0
Kalshi Volume,2024-05-17,398174.0
Kalshi Volume,2024-05-18,358420.0
Kalshi Volume,2024-05-19,49821.0
Kalshi Volume,2024-05-20,80920.0
Kalshi Volume,2024-05-21,327855.0
Kalshi Volume,2024-05-22,299460.0
Kalshi Volume,2024-05-23,367182.0
Kalshi Volume,2024-05-24,287856.0
Kalshi Volume,2024-05-25,266273.0
Kalshi Volume,2024-05-26,48251.0
Kalshi Volume,2024-05-27,64029.0
Kalshi Volume,2024-05-28,49674.0
Kalshi Volume,2024-05-29,300144.0
Kalshi Volume,2024-05-30,251441.0
Kalshi Volume,2024-05-31,384298.0
Kalshi Volume,2024-06-01,361347.0
Kalshi Volume,2024-06-02,41903.0
Kalshi Volume,2024-06-03,100763.0
Kalshi Volume,2024-06-04,285494.0
Kalshi Volume,2024-06-05,412650.0
Kalshi Volume,2024-06-06,548217.0
Kalshi Volume,2024-06-07,363005.0
Kalshi Volume,2024-06-08,395263.0
Kalshi Volume,2024-06-09,32345.0
Kalshi Volume,2024-06-10,100802.0
Kalshi Volume,2024-06-11,353250.0
Kalshi Volume,2024-06-12,297228.0
Kalshi Volume,2024-06-13,710400.0
Kalshi Volume,2024-06-14,482125.0
Kalshi Volume,2024-06-15,327799.0
Kalshi Volume,2024-06-16,56004.0
Kalshi Volume,2024-06-17,125534.0
Kalshi Volume,2024-06-18,314528.0
Kalshi Volume,2024-06-19,292269.0
Kalshi Volume,2024-06-20,67492.0
Kalshi Volume,2024-06-21,374570.0
Kalshi Volume,2024-06-22,205596.0
Kalshi Volume,2024-06-23,34565.0
Kalshi Volume,2024-06-24,85202.0
Kalshi Volume,2024-06-25,253293.0
Kalshi Volume,2024-06-26,182847.0
Kalshi Volume,2024-06-27,328033.0
Kalshi Volume,2024-06-28,697622.0
Kalshi Volume,2024-06-29,467555.0
Kalshi Volume,2024-06-30,98929.0
Kalshi Volume,2024-07-01,148282.0
Kalshi Volume,2024-07-02,465516.0
Kalshi Volume,2024-07-03,339148.0
Kalshi Volume,2024-07-04,294254.0
Kalshi Volume,2024-07-05,71677.0
Kalshi Volume,2024-07-06,425913.0
Kalshi Volume,2024-07-07,55527.0
Kalshi Volume,2024-07-08,133705.0
Kalshi Volume,2024-07-09,229817.0
Kalshi Volume,2024-07-10,312792.0
Kalshi Volume,2024-07-11,256331.0
Kalshi Volume,2024-07-12,568146.0
Kalshi Volume,2024-07-13,585025.0
Kalshi Volume,2024-07-14,51648.0
Kalshi Volume,2024-07-15,134420.0
Kalshi Volume,2024-07-16,520380.0
Kalshi Volume,2024-07-17,333110.0
Kalshi Volume,2024-07-18,407298.0
Kalshi Volume,2024-07-19,317984.0
Kalshi Volume,2024-07-20,260648.0
Kalshi Volume,2024-07-21,45700.0
Kalshi Volume,2024-07-22,103744.0
Kalshi Volume,2024-07-23,369477.0
Kalshi Volume,2024-07-24,342973.0
Kalshi Volume,2024-07-25,313160.0
Kalshi Volume,2024-07-26,548548.0
Kalshi Volume,2024-07-27,443279.0
Kalshi Volume,2024-07-28,38953.0
Kalshi Volume,2024-07-29,45734.0
Kalshi Volume,2024-07-30,268125.0
Kalshi Volume,2024-07-31,399444.0
Kalshi Volume,2024-08-01,521273.0
Kalshi Volume,2024-08-02,533503.0
Kalshi Volume,2024-08-03,583012.0
Kalshi Volume,2024-08-04,77099.0
Kalshi Volume,2024-08-05,67072.0
Kalshi Volume,2024-08-06,654524.0
Kalshi Volume,2024-08-07,465798.0
Kalshi Volume,2024-08-08,358795.0
Kalshi Volume,2024-08-09,430968.0
Kalshi Volume,2024-08-10,413675.0
Kalshi Volume,2024-08-11,38611.0
Kalshi Volume,2024-08-12,31361.0
Kalshi Volume,2024-08-13,404477.0
Kalshi Volume,2024-08-14,615734.0
Kalshi Volume,2024-08-15,688307.0
Kalshi Volume,2024-08-16,511663.0
Kalshi Volume,2024-08-17,365130.0
Kalshi Volume,2024-08-18,55456.0
Kalshi Volume,2024-08-19,38565.0
Kalshi Volume,2024-08-20,510422.0
Kalshi Volume,2024-08-21,280303.0
Kalshi Volume,2024-08-22,374148.0
Kalshi Volume,2024-08-23,324863.0
Kalshi Volume,2024-08-24,394089.0
Kalshi Volume,2024-08-25,65545.0
Kalshi Volume,2024-08-26,37343.0
Kalshi Volume,2024-08-27,235784.0
Kalshi Volume,2024-08-28,306368.0
Kalshi Volume,2024-08-29,309765.0
Kalshi Volume,2024-08-30,411814.0
Kalshi Volume,2024-08-31,279627.0
Kalshi Volume,2024-09-01,28963.0
Kalshi Volume,2024-09-02,32971.0
Kalshi Volume,2024-09-03,31907.0
Kalshi Volume,2024-09-04,287616.0
Kalshi Volume,2024-09-05,308481.0
Kalshi Volume,2024-09-06,268798.0
Kalshi Volume,2024-09-07,608356.0
Kalshi Volume,2024-09-08,30638.0
Kalshi Volume,2024-09-09,69416.0
Kalshi Volume,2024-09-10,230789.0
Kalshi Volume,2024-09-11,303576.0
Kalshi Volume,2024-09-12,450550.0
Kalshi Volume,2024-09-13,622140.0
Kalshi Volume,2024-09-14,500251.0
Kalshi Volume,2024-09-15,43194.0
Kalshi Volume,2024-09-16,46427.0
Kalshi Volume,2024-09-17,339764.0
Kalshi Volume,2024-09-18,375654.0
Kalshi Volume,2024-09-19,637512.0
Kalshi Volume,2024-09-20,303071.0
Kalshi Volume,2024-09-21,307439.0
Kalshi Volume,2024-09-22,70925.0
Kalshi Volume,2024-09-23,47277.0
Kalshi Volume,2024-09-24,171842.0
Kalshi Volume,2024-09-25,266512.0
Kalshi Volume,2024-09-26,338421.0
Kalshi Volume,2024-09-27,355687.0
Kalshi Volume,2024-09-28,470147.0
Kalshi Volume,2024-09-29,28574.0
Kalshi Volume,2024-09-30,27644.0
Kalshi Volume,2024-10-01,414562.0
Kalshi Volume,2024-10-02,248765.0
Kalshi Volume,2024-10-03,312984.0
Kalshi Volume,2024-10-04,242217.0
Kalshi Volume,2024-10-05,517150.0
Kalshi Volume,2024-10-06,67225.0
Kalshi Volume,2024-10-07,67925.0
Kalshi Volume,2024-10-08,645885.0
Kalshi Volume,2024-10-09,785411.0
Kalshi Volume,2024-10-10,1105984.0
Kalshi Volume,2024-10-11,1220224.0
Kalshi Volume,2024-10-12,1268465.0
Kalshi Volume,2024-10-13,352305.0
Kalshi Volume,2024-10-14,249951.0
Kalshi Volume,2024-10-15,737226.0
Kalshi Volume,2024-10-16,4245490.0
Kalshi Volume,2024-10-17,3310844.0
Kalshi Volume,2024-10-18,4664692.0
Kalshi Volume,2024-10-19,4646897.0
Kalshi Volume,2024-10-20,1283618.0
Kalshi Volume,2024-10-21,1124612.0
Kalshi Volume,2024-10-22,6786470.0
Kalshi Volume,2024-10-23,6327072.0
Kalshi Volume,2024-10-24,6060104.0
Kalshi Volume,2024-10-25,8335863.0
Kalshi Volume,2024-10-26,7100432.0
Kalshi Volume,2024-10-27,2068195.0
Kalshi Volume,2024-10-28,2703543.0
Kalshi Volume,2024-10-29,4217421.0
Kalshi Volume,2024-10-30,10432875.0
Kalshi Volume,2024-10-31,10160030.0
Kalshi Volume,2024-11-01,18331763.0
Kalshi Volume,2024-11-02,18443841.0
Kalshi Volume,2024-11-03,13415885.0
Kalshi Volume,2024-11-04,11887812.0
Kalshi Volume,2024-11-05,37297730.0
Kalshi Volume,2024-11-06,83576031.0
Kalshi Volume,2024-11-07,71624989.0
Kalshi Volume,2024-11-08,27829300.0
Kalshi Volume,2024-11-09,13908896.0
Kalshi Volume,2024-11-10,10268452.0
Kalshi Volume,2024-11-11,8259259.0
Kalshi Volume,2024-11-12,14092144.0
Kalshi Volume,2024-11-13,14516491.0
Kalshi Volume,2024-11-14,18370285.0
Kalshi Volume,2024-11-15,15365105.0
Kalshi Volume,2024-11-16,10645373.0
Kalshi Volume,2024-11-17,3554162.0
Kalshi Volume,2024-11-18,4890829.0
Kalshi Volume,2024-11-19,14279509.0
Kalshi Volume,2024-11-20,11875418.0
Kalshi Volume,2024-11-21,6973917.0
Kalshi Volume,2024-11-22,8963649.0
Kalshi Volume,2024-11-23,6606903.0
Kalshi Volume,2024-11-24,2670459.0
Kalshi Volume,2024-11-25,2175173.0
Kalshi Volume,2024-11-26,4684855.0
Kalshi Volume,2024-11-27,11612137.0
Kalshi Volume,2024-11-28,3696357.0
Kalshi Volume,2024-11-29,1710746.0
Kalshi Volume,2024-11-30,2670958.0
Kalshi Volume,2024-12-01,2842759.0
Kalshi Volume,2024-12-02,2362562.0
Kalshi Volume,2024-12-03,3579090.0
Kalshi Volume,2024-12-04,5306646.0
Kalshi Volume,2024-12-05,4792339.0
Kalshi Volume,2024-12-06,9020311.0
Kalshi Volume,2024-12-07,4120623.0
Kalshi Volume,2024-12-08,1582148.0
Kalshi Volume,2024-12-09,1904586.0
Kalshi Volume,2024-12-10,3872955.0
Kalshi Volume,2024-12-11,2777842.0
Kalshi Volume,2024-12-12,4205618.0
Kalshi Volume,2024-12-13,3107362.0
Kalshi Volume,2024-12-14,2761121.0
Kalshi Volume,2024-12-15,1838846.0
Kalshi Volume,2024-12-16,1678079.0
Kalshi Volume,2024-12-17,2497760.0
Kalshi Volume,2024-12-18,5289245.0
Kalshi Volume,2024-12-19,3442715.0
Kalshi Volume,2024-12-20,2709318.0
Kalshi Volume,2024-12-21,3444559.0
Kalshi Volume,2024-12-22,1528842.0
Kalshi Volume,2024-12-23,1349545.0
Kalshi Volume,2024-12-24,2751833.0
Kalshi Volume,2024-12-25,1267055.0
Kalshi Volume,2024-12-26,1470977.0
Kalshi Volume,2024-12-27,1421597.0
Kalshi Volume,2024-12-28,1484501.0
Kalshi Volume,2024-12-29,1046051.0
Kalshi Volume,2024-12-30,1428630.0
Kalshi Volume,2024-12-31,1829872.0
Kalshi Volume,2025-01-01,4840431.0
Kalshi Volume,2025-01-02,1422886.0
Kalshi Volume,2025-01-03,1862304.0
Kalshi Volume,2025-01-04,3158689.0
Kalshi Volume,2025-01-05,1247214.0
Kalshi Volume,2025-01-06,1974123.0
Kalshi Volume,2025-01-07,2839820.0
Kalshi Volume,2025-01-08,2011824.0
Kalshi Volume,2025-01-09,1736599.0
Kalshi Volume,2025-01-10,1640664.0
Kalshi Volume,2025-01-11,2212007.0
Kalshi Volume,2025-01-12,889251.0
Kalshi Volume,2025-01-13,991789.0
Kalshi Volume,2025-01-14,1927173.0
Kalshi Volume,2025-01-15,1980524.0
Kalshi Volume,2025-01-16,2214740.0
Kalshi Volume,2025-01-17,2280993.0
Kalshi Volume,2025-01-18,2732671.0
Kalshi Volume,2025-01-19,2848820.0
Kalshi Volume,2025-01-20,2307938.0
Kalshi Volume,2025-01-21,7822692.0
Kalshi Volume,2025-01-22,2865114.0
Kalshi Volume,2025-01-23,2475230.0
Kalshi Volume,2025-01-24,3175273.0
Kalshi Volume,2025-01-25,3147072.0
Kalshi Volume,2025-01-26,1555413.0
Kalshi Volume,2025-01-27,2834978.0
Kalshi Volume,2025-01-28,1941290.0
Kalshi Volume,2025-01-29,1787031.0
Kalshi Volume,2025-01-30,2436099.0
Kalshi Volume,2025-01-31,2447979.0
Kalshi Volume,2025-02-01,2104255.0
Kalshi Volume,2025-02-02,1642628.0
Kalshi Volume,2025-02-03,2265540.0
Kalshi Volume,2025-02-04,3576042.0
Kalshi Volume,2025-02-05,3863516.0
Kalshi Volume,2025-02-06,2133079.0
Kalshi Volume,2025-02-07,2293632.0
Kalshi Volume,2025-02-08,2469160.0
Kalshi Volume,2025-02-09,1905001.0
Kalshi Volume,2025-02-10,12965279.0
Kalshi Volume,2025-02-11,2676262.0
Kalshi Volume,2025-02-12,2268247.0
Kalshi Volume,2025-02-13,3015020.0
Kalshi Volume,2025-02-14,2960968.0
Kalshi Volume,2025-02-15,2276277.0
Kalshi Volume,2025-02-16,1556969.0
Kalshi Volume,2025-02-17,1776687.0
Kalshi Volume,2025-02-18,1886002.0
Kalshi Volume,2025-02-19,2549066.0
Kalshi Volume,2025-02-20,2391470.0
Kalshi Volume,2025-02-21,2971865.0
Kalshi Volume,2025-02-22,2283437.0
Kalshi Volume,2025-02-23,1282741.0
Kalshi Volume,2025-02-24,1524479.0
Kalshi Volume,2025-02-25,2116230.0
Kalshi Volume,2025-02-26,2237359.0
Kalshi Volume,2025-02-27,2425953.0
Kalshi Volume,2025-02-28,2780689.0
Kalshi Volume,2025-03-01,2044468.0
Kalshi Volume,2025-03-02,1219084.0
Kalshi Volume,2025-03-03,2343554.0
Kalshi Volume,2025-03-04,2569222.0
Kalshi Volume,2025-03-05,7484729.0
Kalshi Volume,2025-03-06,2749511.0
Kalshi Volume,2025-03-07,2197507.0
Kalshi Volume,2025-03-08,2135037.0
Kalshi Volume,2025-03-09,1121822.0
Kalshi Volume,2025-03-10,1118019.0
Kalshi Volume,2025-03-11,1895411.0
Kalshi Volume,2025-03-12,2337341.0
Kalshi Volume,2025-03-13,1646176.0
Kalshi Volume,2025-03-14,1691770.0
Kalshi Volume,2025-03-15,1744201.0
Kalshi Volume,2025-03-16,1234271.0
Kalshi Volume,2025-03-17,1184256.0
Kalshi Volume,2025-03-18,1665674.0
Kalshi Volume,2025-03-19,3112184.0
Kalshi Volume,2025-03-20,4970477.0
Kalshi Volume,2025-03-21,17628756.0
Kalshi Volume,2025-03-22,24989162.0
Kalshi Volume,2025-03-23,26631201.0
Kalshi Volume,2025-03-24,29472482.0
Kalshi Volume,2025-03-25,8785647.0
Kalshi Volume,2025-03-26,2652180.0
Kalshi Volume,2025-03-27,2810880.0
Kalshi Volume,2025-03-28,16505061.0
Kalshi Volume,2025-03-29,22755274.0
Kalshi Volume,2025-03-30,27212279.0
Kalshi Volume,2025-03-31,18555313.0
Kalshi Volume,2025-04-01,9140463.0
Kalshi Volume,2025-04-02,4361329.0
Kalshi Volume,2025-04-03,3760214.0
Kalshi Volume,2025-04-04,3229407.0
Kalshi Volume,2025-04-05,10436311.0
Kalshi Volume,2025-04-06,24266124.0
Kalshi Volume,2025-04-07,7410498.0
Kalshi Volume,2025-04-08,16537239.0
Kalshi Volume,2025-04-09,1990276.0
Kalshi Volume,2025-04-10,4232926.0
Kalshi Volume,2025-04-11,4893083.0
Kalshi Volume,2025-04-12,3774584.0
Kalshi Volume,2025-04-13,5337745.0
Kalshi Volume,2025-04-14,12630742.0
Kalshi Volume,2025-04-15,2294996.0
Kalshi Volume,2025-04-16,3088640.0
Kalshi Volume,2025-04-17,3737814.0
Kalshi Volume,2025-04-18,2735183.0
Kalshi Volume,2025-04-19,2226246.0
Kalshi Volume,2025-04-20,4558938.0
Kalshi Volume,2025-04-21,3509035.0
Kalshi Volume,2025-04-22,4880730.0
Kalshi Volume,2025-04-23,5749784.0
Kalshi Volume,2025-04-24,5292088.0
Kalshi Volume,2025-04-25,5121982.0
Kalshi Volume,2025-04-26,5141462.0
Kalshi Volume,2025-04-27,3568563.0
Kalshi Volume,2025-04-28,3889418.0
Kalshi Volume,2025-04-29,8796936.0
Kalshi Volume,2025-04-30,8404266.0
Kalshi Volume,2025-05-01,6786118.0
Kalshi Volume,2025-05-02,6783345.0
Kalshi Volume,2025-05-03,6935734.0
Kalshi Volume,2025-05-04,5758554.0
Kalshi Volume,2025-05-05,7596443.0
Kalshi Volume,2025-05-06,6272700.0
Kalshi Volume,2025-05-07,8542716.0
Kalshi Volume,2025-05-08,8917555.0
Kalshi Volume,2025-05-09,5578510.0
Kalshi Volume,2025-05-10,5434360.0
Kalshi Volume,2025-05-11,5842477.0
Kalshi Volume,2025-05-12,5444873.0
Kalshi Volume,2025-05-13,7872792.0
Kalshi Volume,2025-05-14,10714638.0
Kalshi Volume,2025-05-15,9514671.0
Kalshi Volume,2025-05-16,6960988.0
Kalshi Volume,2025-05-17,7102425.0
Kalshi Volume,2025-05-18,5077284.0
Kalshi Volume,2025-05-19,11745088.0
Kalshi Volume,2025-05-20,4625100.0
Kalshi Volume,2025-05-21,9583564.0
Kalshi Volume,2025-05-22,12471880.0
Kalshi Volume,2025-05-23,9009412.0
Kalshi Volume,2025-05-24,11614654.0
Kalshi Volume,2025-05-25,8690412.0
Kalshi Volume,2025-05-26,14106086.0
Kalshi Volume,2025-05-27,11754807.0
Kalshi Volume,2025-05-28,12073471.0
Kalshi Volume,2025-05-29,10225660.0
Kalshi Volume,2025-05-30,12514164.0
Kalshi Volume,2025-05-31,6291371.0
Kalshi Volume,2025-06-01,13748745.0
Kalshi Volume,2025-06-02,4756201.0
Kalshi Volume,2025-06-03,4872774.0
Kalshi Volume,2025-06-04,5951200.0
Kalshi Volume,2025-06-05,11643026.0
Kalshi Volume,2025-06-06,19565865.0
Kalshi Volume,2025-06-07,17268593.0
Kalshi Volume,2025-06-08,10329261.0
Kalshi Volume,2025-06-09,20469335.0
Kalshi Volume,2025-06-10,7837399.0
Kalshi Volume,2025-06-11,6209118.0
Kalshi Volume,2025-06-12,16835036.0
Kalshi Volume,2025-06-13,13214001.0
Kalshi Volume,2025-06-14,20009100.0
Kalshi Volume,2025-06-15,9841166.0
Kalshi Volume,2025-06-16,9170648.0
Kalshi Volume,2025-06-17,12703805.0
Kalshi Volume,2025-06-18,10595084.0
Kalshi Volume,2025-06-19,7000813.0
Kalshi Volume,2025-06-20,17256533.0
Kalshi Volume,2025-06-21,7353284.0
Kalshi Volume,2025-06-22,6181798.0
Kalshi Volume,2025-06-23,20499596.0
Kalshi Volume,2025-06-24,5700748.0
Kalshi Volume,2025-06-25,9224779.0
Kalshi Volume,2025-06-26,6694260.0
Kalshi Volume,2025-06-27,5800048.0
Kalshi Volume,2025-06-28,6634338.0
Kalshi Volume,2025-06-29,8846906.0
Kalshi Volume,2025-06-30,5862680.0
Kalshi Volume,2025-07-01,6522948.0
Kalshi Volume,2025-07-02,7465944.0
Kalshi Volume,2025-07-03,7059461.0
Kalshi Volume,2025-07-04,10321409.0
Kalshi Volume,2025-07-05,9540088.0
Kalshi Volume,2025-07-06,6849764.0
Kalshi Volume,2025-07-07,11714017.0
Kalshi Volume,2025-07-08,13928932.0
Kalshi Volume,2025-07-09,13654922.0
Kalshi Volume,2025-07-10,16186137.0
Kalshi Volume,2025-07-11,14351280.0
Kalshi Volume,2025-07-12,15285672.0
Kalshi Volume,2025-07-13,8390786.0
Kalshi Volume,2025-07-14,15689191.0
Kalshi Volume,2025-07-15,7712993.0
Kalshi Volume,2025-07-16,9488043.0
Kalshi Volume,2025-07-17,6719452.0
Kalshi Volume,2025-07-18,5823419.0
Kalshi Volume,2025-07-19,9151961.0
Kalshi Volume,2025-07-20,14682990.0
Kalshi Volume,2025-07-21,11690909.0
Kalshi Volume,2025-07-22,7762931.0
Kalshi Volume,2025-07-23,8838265.0
Kalshi Volume,2025-07-24,7962245.0
Kalshi Volume,2025-07-25,6576106.0
Kalshi Volume,2025-07-26,7755270.0
Kalshi Volume,2025-07-27,7486371.0
Kalshi Volume,2025-07-28,11162033.0
Kalshi Volume,2025-07-29,8279124.0
Kalshi Volume,2025-07-30,8840902.0
Kalshi Volume,2025-07-31,8299428.0
Kalshi Volume,2025-08-01,6518871.0
Kalshi Volume,2025-08-02,9307958.0
Kalshi Volume,2025-08-03,8598501.0
Kalshi Volume,2025-08-04,7369063.0
Kalshi Volume,2025-08-05,5284338.0
Kalshi Volume,2025-08-06,7007842.0
Kalshi Volume,2025-08-07,6808545.0
Kalshi Volume,2025-08-08,7530525.0
Kalshi Volume,2025-08-09,8855724.0
Kalshi Volume,2025-08-10,8194036.0
Kalshi Volume,2025-08-11,14536212.0
Kalshi Volume,2025-08-12,7305267.0
Kalshi Volume,2025-08-13,7787422.0
Kalshi Volume,2025-08-14,9013357.0
Kalshi Volume,2025-08-15,9002386.0
Kalshi Volume,2025-08-16,11620391.0
Kalshi Volume,2025-08-17,14860274.0
Kalshi Volume,2025-08-18,15562494.0
Kalshi Volume,2025-08-19,7934251.0
Kalshi Volume,2025-08-20,7948038.0
Kalshi Volume,2025-08-21,8162211.0
Kalshi Volume,2025-08-22,8412700.0
Kalshi Volume,2025-08-23,12554368.0
Kalshi Volume,2025-08-24,17273785.0
Kalshi Volume,2025-08-25,13542170.0
Kalshi Volume,2025-08-26,10881234.0
Kalshi Volume,2025-08-27,9632306.0
Kalshi Volume,2025-08-28,10555295.0
Kalshi Volume,2025-08-29,16993424.0
Kalshi Volume,2025-08-30,19484720.0
Kalshi Volume,2025-08-31,40622690.0
Kalshi Volume,2025-09-01,28131175.0
Kalshi Volume,2025-09-02,18272066.0
Kalshi Volume,2025-09-03,14838850.0
Kalshi Volume,2025-09-04,23942627.0
Kalshi Volume,2025-09-05,24566136.0
Kalshi Volume,2025-09-06,38891115.0
Kalshi Volume,2025-09-07,52892854.0
Kalshi Volume,2025-09-08,97162495.0
Kalshi Volume,2025-09-09,27032266.0
Kalshi Volume,2025-09-10,11459760.0
Kalshi Volume,2025-09-11,9995003.0
Kalshi Volume,2025-09-12,22134051.0
Kalshi Volume,2025-09-13,24396390.0
Kalshi Volume,2025-09-14,75659225.0
Kalshi Volume,2025-09-15,88717673.0
Kalshi Volume,2025-09-16,37784887.0
Kalshi Volume,2025-09-17,21839842.0
Kalshi Volume,2025-09-18,22101679.0
Kalshi Volume,2025-09-19,32202856.0
Kalshi Volume,2025-09-20,30997880.0
Kalshi Volume,2025-09-21,84995663.0
Kalshi Volume,2025-09-22,106116628.0
Kalshi Volume,2025-09-23,34353120.0
Kalshi Volume,2025-09-24,14634240.0
Kalshi Volume,2025-09-25,15756019.0
Kalshi Volume,2025-09-26,33824611.0
Kalshi Volume,2025-09-27,51403377.0
Kalshi Volume,2025-09-28,122264984.0
Kalshi Volume,2025-09-29,131309951.0
Kalshi Volume,2025-09-30,39643566.0
Kalshi Volume,2025-10-01,34483465.0
Kalshi Volume,2025-10-02,37675543.0
Kalshi Volume,2025-10-03,58011764.0
Kalshi Volume,2025-10-04,25214025.0
Kalshi Volume,2025-10-05,110700358.0
Kalshi Volume,2025-10-06,145328752.0
Kalshi Volume,2025-10-07,49559545.0
Kalshi Volume,2025-10-08,31278584.0
Kalshi Volume,2025-10-09,42004712.0
Kalshi Volume,2025-10-10,51305957.0
Kalshi Volume,2025-10-11,38534202.0
Kalshi Volume,2025-10-12,99220271.0
Kalshi Volume,2025-10-13,99680019.0
Kalshi Volume,2025-10-14,58597178.0
Kalshi Volume,2025-10-15,27604560.0
Kalshi Volume,2025-10-16,29650315.0
Kalshi Volume,2025-10-17,51238330.0
Kalshi Volume,2025-10-18,48247080.0
Kalshi Volume,2025-10-19,105696533.0
Kalshi Volume,2025-10-20,115594780.0
Kalshi Volume,2025-10-21,51477040.0
Kalshi Volume,2025-10-22,44379107.0
Kalshi Volume,2025-10-23,51194970.0
Kalshi Volume,2025-10-24,48613101.0
Kalshi Volume,2025-10-25,64380889.0
Kalshi Volume,2025-10-26,117814788.0
Kalshi Volume,2025-10-27,107481172.0
Kalshi Volume,2025-10-28,55448883.0
Kalshi Volume,2025-10-29,61949959.0
Kalshi Volume,2025-10-30,67235341.0
Kalshi Volume,2025-10-31,57757442.0
Kalshi Volume,2025-11-01,58814669.0
Kalshi Volume,2025-11-02,138792044.0
Kalshi Volume,2025-11-03,138917747.0
Kalshi Volume,2025-11-04,66311949.0
Kalshi Volume,2025-11-05,74347522.0
Kalshi Volume,2025-11-06,59211042.0
Kalshi Volume,2025-11-07,60595789.0
Kalshi Volume,2025-11-08,57639336.0
Kalshi Volume,2025-11-09,131710822.0
Kalshi Volume,2025-11-10,145805829.0
Kalshi Volume,2025-11-11,62745504.0
Kalshi Volume,2025-11-12,57491687.0
Kalshi Volume,2025-11-13,57672634.0
Kalshi Volume,2025-11-14,53321618.0
Kalshi Volume,2025-11-15,60894361.0
Kalshi Volume,2025-11-16,127087305.0
Kalshi Volume,2025-11-17,146400896.0
Kalshi Volume,2025-11-18,51465931.0
Kalshi Volume,2025-11-19,49357507.0
Kalshi Volume,2025-11-20,52190814.0
Kalshi Volume,2025-11-21,63694719.0
Kalshi Volume,2025-11-22,60450122.0
Kalshi Volume,2025-11-23,121899427.0
Kalshi Volume,2025-11-24,127437019.0
Kalshi Volume,2025-11-25,52899750.0
Kalshi Volume,2025-11-26,54495719.0
Kalshi Volume,2025-11-27,68837230.0
Kalshi Volume,2025-11-28,120006868.0
Kalshi Volume,2025-11-29,117357533.0
Kalshi Volume,2025-11-30,138211726.0
Kalshi Volume,2025-12-01,137687986.0
Kalshi Volume,2025-12-02,65960120.0
Kalshi Volume,2025-12-03,55466703.0
Kalshi Volume,2025-12-04,66944421.0
Kalshi Volume,2025-12-05,65416994.0
Kalshi Volume,2025-12-06,57771643.0
Kalshi Volume,2025-12-07,118110362.0
Kalshi Volume,2025-12-08,142352336.0
Kalshi Volume,2025-12-09,61825164.0
Kalshi Volume,2025-12-10,53968092.0
Kalshi Volume,2025-12-11,58659534.0
Kalshi Volume,2025-12-12,66144196.0
Kalshi Volume,2025-12-13,55024789.0
Kalshi Volume,2025-12-14,92302945.0
Kalshi Volume,2025-12-15,132880659.0
Kalshi Volume,2025-12-16,54106060.0
Kalshi Volume,2025-12-17,53231520.0
Kalshi Volume,2025-12-18,56550842.0
Kalshi Volume,2025-12-19,84883643.0
Kalshi Volume,2025-12-20,96980402.0
Kalshi Volume,2025-12-21,136385285.0
Kalshi Volume,2025-12-22,144359399.0
Kalshi Volume,2025-12-23,64603089.0
Kalshi Volume,2025-12-24,80206793.0
Kalshi Volume,2025-12-25,42507365.0
Kalshi Volume,2025-12-26,114158825.0
Kalshi Volume,2025-12-27,89213523.0
Kalshi Volume,2025-12-28,131106481.0
Kalshi Volume,2025-12-29,131101237.0
Kalshi Volume,2025-12-30,91056865.0
Kalshi Volume,2025-12-31,80099858.0
Kalshi Volume,2026-01-01,129263917.0
Kalshi Volume,2026-01-02,124868604.0
Kalshi Volume,2026-01-03,107184936.0
Kalshi Volume,2026-01-04,127862983.0
Kalshi Volume,2026-01-05,161471102.0
Kalshi Volume,2026-01-06,73574152.0
Kalshi Volume,2026-01-07,82703593.0
Kalshi Volume,2026-01-08,95581925.0
Kalshi Volume,2026-01-09,92783179.0
Kalshi Volume,2026-01-10,97397897.0
Kalshi Volume,2026-01-11,172935074.0
Kalshi Volume,2026-01-12,167809782.0
Kalshi Volume,2026-01-13,90027301.0
Kalshi Volume,2026-01-14,93297810.0
Kalshi Volume,2026-01-15,101556279.0
Kalshi Volume,2026-01-16,93074673.0
Kalshi Volume,2026-01-17,81596375.0
Kalshi Volume,2026-01-18,189461132.0
Kalshi Volume,2026-01-19,147182773.0
Kalshi Volume,2026-01-20,125887149.0
Kalshi Volume,2026-01-21,96471803.0
Kalshi Volume,2026-01-22,98307912.0
Kalshi Volume,2026-01-23,103000049.0
Kalshi Volume,2026-01-24,106633513.0
Kalshi Volume,2026-01-25,159106427.0
Kalshi Volume,2026-01-26,196676224.0
Kalshi Volume,2026-01-27,104465582.0
Kalshi Volume,2026-01-28,123480033.0
Kalshi Volume,2026-01-29,120987344.0
Kalshi Volume,2026-01-30,113605939.0
Kalshi Volume,2026-01-31,140696706.0
Kalshi Volume,2026-02-01,175006383.0
Kalshi Volume,2026-02-02,129806690.0
Kalshi Volume,2026-02-03,99340333.0
Kalshi Volume,2026-02-04,107571279.0
Kalshi Volume,2026-02-05,125798807.0
Kalshi Volume,2026-02-06,118889617.0
Kalshi Volume,2026-02-07,117762733.0
Kalshi Volume,2026-02-08,183328532.0
Kalshi Volume,2026-02-09,261521316.0
Kalshi Volume,2026-02-10,124697537.0
Kalshi Volume,2026-02-11,139601071.0
Kalshi Volume,2026-02-12,150439741.0
Kalshi Volume,2026-02-13,136036664.0
Kalshi Volume,2026-02-14,134009679.0
Kalshi Volume,2026-02-15,181674155.0
Kalshi Volume,2026-02-16,140448276.0
Kalshi Volume,2026-02-17,122127646.0
Kalshi Volume,2026-02-18,136836164.0
Kalshi Volume,2026-02-19,153943503.0
Kalshi Volume,2026-02-20,144699594.0
Kalshi Volume,2026-02-21,146923540.0
Kalshi Volume,2026-02-22,206290353.0
Kalshi Volume,2026-02-23,175394571.0
Kalshi Volume,2026-02-24,115483092.0
Kalshi Volume,2026-02-25,166781990.0
Kalshi Volume,2026-02-26,162749178.0
Kalshi Volume,2026-02-27,155458529.0
Kalshi Volume,2026-02-28,144996077.0
Kalshi Volume,2026-03-01,211233339.0
Kalshi Volume,2026-03-02,173962554.0
Kalshi Volume,2026-03-03,126961044.0
Kalshi Volume,2026-03-04,152606532.0
Kalshi Volume,2026-03-05,170787094.0
Kalshi Volume,2026-03-06,161233172.0
Kalshi Volume,2026-03-07,172371209.0
Kalshi Volume,2026-03-08,217462563.0
Kalshi Volume,2026-03-09,190154043.0
Kalshi Volume,2026-03-10,133417138.0
Kalshi Volume,2026-03-11,160467225.0
Kalshi Volume,2026-03-12,175963928.0
Kalshi Volume,2026-03-13,167510200.0
Kalshi Volume,2026-03-14,176829061.0
Kalshi Volume,2026-03-15,198091244.0
Kalshi Volume,2026-03-16,180178100.0
Kalshi Volume,2026-03-17,116423491.0
Kalshi Volume,2026-03-18,143549190.0
Kalshi Volume,2026-03-19,138623489.0
Kalshi Volume,2026-03-20,228391318.0
Kalshi Volume,2026-03-21,217314142.0
Kalshi Volume,2026-03-22,220436932.0
Kalshi Volume,2026-03-23,220424216.0
Kalshi Volume,2026-03-24,140163627.0
Kalshi Volume,2026-03-25,117390959.0
Kalshi Volume,2026-03-26,126285114.0
Kalshi Volume,2026-03-27,152800237.0
Kalshi Volume,2026-03-28,170140859.0
Kalshi Volume,2026-03-29,188198131.0
Kalshi Volume,2026-03-30,173107034.0
Kalshi Volume,2026-03-31,138349934.0
Kalshi Volume,2026-04-01,142622377.0
Kalshi Volume,2026-04-02,162638784.0
Kalshi Volume,2026-04-03,141505654.0
Kalshi Volume,2026-04-04,166699847.0
Kalshi Volume,2026-04-05,209278226.0
Kalshi Volume,2026-04-06,179884222.0
Kalshi Volume,2026-04-07,173317594.0
Kalshi Volume,2026-04-08,164811770.0
Kalshi Volume,2026-04-09,186366659.0
Kalshi Volume,2026-04-10,150739838.0
Kalshi Volume,2026-04-11,178677859.0
Kalshi Volume,2026-04-12,189819698.0
Kalshi Volume,2026-04-13,198613795.0
Kalshi Volume,2026-04-14,134914009.0
Kalshi Volume,2026-04-15,163852467.0
Kalshi Volume,2026-04-16,159554239.0
Kalshi Volume,2026-04-17,143196904.0
Kalshi Volume,2026-04-18,165021309.0
Kalshi Volume,2026-04-19,205710058.0
Kalshi Volume,2026-04-20,194142448.0
Kalshi Volume,2026-04-21,161200151.0
Kalshi Volume,2026-04-22,199271888.0
Kalshi Volume,2026-04-23,185111163.0
Kalshi Volume,2026-04-24,186825048.0
Kalshi Volume,2026-04-25,182217586.0
Kalshi Volume,2026-04-26,252023311.0
Kalshi Volume,2026-04-27,240544928.0
Kalshi Volume,2026-04-28,165029077.0
Kalshi Volume,2026-04-29,202166401.0
Kalshi Volume,2026-04-30,188652504.0
Kalshi Volume,2026-05-01,187641546.0
Kalshi Volume,2026-05-02,200190264.0
Kalshi Volume,2026-05-03,189849593.0
Kalshi Volume,2026-05-04,199445276.0
Kalshi Volume,2026-05-05,177409033.0
Kalshi Volume,2026-05-06,181940433.0
Kalshi Volume,2026-05-07,189353814.0
Kalshi Volume,2026-05-08,189947842.0
Kalshi Volume,2026-05-09,191465364.0
Kalshi Volume,2026-05-10,239953981.0
Kalshi Volume,2026-05-11,239004718.0
Kalshi Volume,2026-05-12,168037392.0
Kalshi Volume,2026-05-13,187314264.0
Kalshi Volume,2026-05-14,187814146.0
Kalshi Volume,2026-05-15,158046013.0
Kalshi Volume,2026-05-16,182083934.0
Kalshi Volume,2026-05-17,177041811.0
Kalshi Volume,2026-05-18,199969093.0
Kalshi Volume,2026-05-19,182945368.0
Kalshi Volume,2026-05-20,204774323.0
Kalshi Volume,2026-05-21,208977490.0
Kalshi Volume,2026-05-22,177312973.0
Kalshi Volume,2026-05-23,201019341.0
Kalshi Volume,2026-05-24,206435221.0
Kalshi Volume,2026-05-25,235495457.0
Kalshi Volume,2026-05-26,205267169.0
Kalshi Volume,2026-05-27,203041210.0
Kalshi Volume,2026-05-28,204918038.0
Kalshi Volume,2026-05-29,195685156.0
Kalshi Volume,2026-05-30,209427463.0
Kalshi Volume,2026-05-31,269386463.0
Kalshi Volume,2026-06-01,200654460.0
Kalshi Volume,2026-06-02,174982119.0
Kalshi Volume,2026-06-03,196507611.0
Kalshi Volume,2026-06-04,247743269.0
Kalshi Volume,2026-06-05,188990828.0
Kalshi Volume,2026-06-06,248485090.0
Kalshi Volume,2026-06-07,216343181.0
Kalshi Volume,2026-06-08,205670077.0
Kalshi Volume,2026-06-09,224530592.0
Kalshi Volume,2026-06-10,212754741.0
Kalshi Volume,2026-06-11,282414187.0
Kalshi Volume,2026-06-12,235787114.0
Kalshi Volume,2026-06-13,270505579.0
Kalshi Volume,2026-06-14,379745971.0
Kalshi Volume,2026-06-15,361890382.0
Kalshi Volume,2026-06-16,336622190.0
Kalshi Volume,2026-06-17,313581902.0
Kalshi Volume,2026-06-18,386409484.0
Kalshi Volume,2026-06-19,330013273.0
Kalshi Volume,2026-06-20,362630311.0
Kalshi Volume,2026-06-21,416190032.0
Kalshi Volume,2026-06-22,403071470.0
Kalshi Volume,2026-06-23,392872928.0
Kalshi Volume,2026-06-24,444879476.0
Kalshi Volume,2026-06-25,488106503.0
Kalshi Volume,2026-06-26,425999218.0
Kalshi Volume,2026-06-27,377569817.0
Kalshi Volume,2026-06-28,409146505.0
Kalshi Volume,2026-06-29,263503374.0
Kalshi Volume,2026-06-30,397684078.0
Kalshi Volume,2026-07-01,443522828.0
Kalshi Volume,2026-07-02,494077119.0
Kalshi Volume,2026-07-03,426202557.0
Kalshi Volume,2026-07-04,497313129.0
Kalshi Volume,2026-07-05,436055153.0
Kalshi Volume,2026-07-06,516707026.0
Kalshi Volume,2026-07-07,436281273.0
Kalshi Volume,2026-07-08,461485090.0
Kalshi Volume,2026-07-09,299224626.0
Kalshi Volume,2026-07-10,362952065.0
Kalshi Volume,2026-07-11,383733753.0
Kalshi Volume,2026-07-12,582347446.0
Kalshi Volume,2026-07-13,305381804.0
Kalshi Volume,2026-07-14,291052875.0
Kalshi Volume,2026-07-15,422045290.0
Kalshi Volume,2026-07-16,422733995.0
Kalshi Volume,2026-07-17,303734564.0
Kalshi Volume,2026-07-18,361204153.0
Kalshi Volume,2026-07-19,508179483.0
Kalshi Volume,2026-07-20,503306389.0
Kalshi Volume,2026-07-21,323184971.0
Kalshi Volume,2026-07-22,360666652.0
Kalshi Volume,2026-07-23,386556936.0
Kalshi Volume,2026-07-24,329977346.0
Kalshi Volume,2026-07-25,365957970.0
Kalshi Volume,2026-07-26,367698141.0
Kalshi Volume,2026-07-27,338634840.0
Kalshi Volume,2026-07-28,319021475.0
Kalshi Volume,2026-07-29,381504308.0
Kalshi Volume,2026-07-30,402083584.0
Kalshi Volume,2026-07-31,335751800.0
Kalshi Volume,2026-08-01,376207248.0
Kalshi Volume,2026-08-02,394665722.0
Kalshi Volume,2026-08-03,326606582.0
Kalshi Volume,2026-08-04,338074899.0
Kalshi Volume,2026-08-05,377577557.0
Kalshi Volume,2026-08-06,386259555.0
Kalshi Volume,2026-08-07,361060315.0
Kalshi Volume,2026-08-08,352129707.0
Kalshi Volume,2026-08-09,345288593.0
Kalshi Volume,2026-08-10,320788045.0
Kalshi Volume,2026-08-11,291225000.0
Kalshi Volume,2026-08-12,364355011.0
Kalshi Volume,2026-08-13,363587960.0
Kalshi Volume,2026-08-14,352171518.0
Kalshi Volume,2026-08-15,380640388.0
Kalshi Volume,2026-08-16,401322547.0
Kalshi Volume,2026-08-17,367421585.0
Kalshi Volume,2026-08-18,311831531.0
Kalshi Volume,2026-08-19,329511424.0
Kalshi Volume,2026-08-20,400277513.0
Kalshi OI,2021-07-01,2381.0
Kalshi OI,2021-07-02,3621.0
Kalshi OI,2021-07-03,1869.0
Kalshi OI,2021-07-04,2050.0
Kalshi OI,2021-07-05,2936.0
Kalshi OI,2021-07-06,3552.0
Kalshi OI,2021-07-07,4571.0
Kalshi OI,2021-07-08,11144.0
Kalshi OI,2021-07-09,15968.0
Kalshi OI,2021-07-10,20500.0
Kalshi OI,2021-07-11,21258.0
Kalshi OI,2021-07-12,24089.0
Kalshi OI,2021-07-13,22509.0
Kalshi OI,2021-07-14,22989.0
Kalshi OI,2021-07-15,25816.0
Kalshi OI,2021-07-16,30999.0
Kalshi OI,2021-07-17,34938.0
Kalshi OI,2021-07-18,33971.0
Kalshi OI,2021-07-19,38195.0
Kalshi OI,2021-07-20,0.0
Kalshi OI,2021-07-21,0.0
Kalshi OI,2021-07-22,0.0
Kalshi OI,2021-07-23,0.0
Kalshi OI,2021-07-24,0.0
Kalshi OI,2021-07-25,0.0
Kalshi OI,2021-07-26,0.0
Kalshi OI,2021-07-27,0.0
Kalshi OI,2021-07-28,0.0
Kalshi OI,2021-07-29,0.0
Kalshi OI,2021-07-30,0.0
Kalshi OI,2021-07-31,0.0
Kalshi OI,2021-08-01,0.0
Kalshi OI,2021-08-02,0.0
Kalshi OI,2021-08-03,0.0
Kalshi OI,2021-08-04,0.0
Kalshi OI,2021-08-05,0.0
Kalshi OI,2021-08-06,0.0
Kalshi OI,2021-08-07,0.0
Kalshi OI,2021-08-08,0.0
Kalshi OI,2021-08-09,0.0
Kalshi OI,2021-08-10,0.0
Kalshi OI,2021-08-11,0.0
Kalshi OI,2021-08-12,0.0
Kalshi OI,2021-08-13,0.0
Kalshi OI,2021-08-14,0.0
Kalshi OI,2021-08-15,0.0
Kalshi OI,2021-08-16,0.0
Kalshi OI,2021-08-17,0.0
Kalshi OI,2021-08-18,0.0
Kalshi OI,2021-08-19,0.0
Kalshi OI,2021-08-20,0.0
Kalshi OI,2021-08-21,0.0
Kalshi OI,2021-08-22,0.0
Kalshi OI,2021-08-23,0.0
Kalshi OI,2021-08-24,0.0
Kalshi OI,2021-08-25,0.0
Kalshi OI,2021-08-26,0.0
Kalshi OI,2021-08-27,0.0
Kalshi OI,2021-08-28,0.0
Kalshi OI,2021-08-29,0.0
Kalshi OI,2021-08-30,0.0
Kalshi OI,2021-08-31,0.0
Kalshi OI,2021-09-01,0.0
Kalshi OI,2021-09-02,0.0
Kalshi OI,2021-09-03,0.0
Kalshi OI,2021-09-04,0.0
Kalshi OI,2021-09-05,0.0
Kalshi OI,2021-09-06,0.0
Kalshi OI,2021-09-07,0.0
Kalshi OI,2021-09-08,0.0
Kalshi OI,2021-09-09,0.0
Kalshi OI,2021-09-10,0.0
Kalshi OI,2021-09-11,0.0
Kalshi OI,2021-09-12,0.0
Kalshi OI,2021-09-13,0.0
Kalshi OI,2021-09-14,0.0
Kalshi OI,2021-09-15,0.0
Kalshi OI,2021-09-16,0.0
Kalshi OI,2021-09-17,0.0
Kalshi OI,2021-09-18,0.0
Kalshi OI,2021-09-19,0.0
Kalshi OI,2021-09-20,0.0
Kalshi OI,2021-09-21,0.0
Kalshi OI,2021-09-22,0.0
Kalshi OI,2021-09-23,0.0
Kalshi OI,2021-09-24,0.0
Kalshi OI,2021-09-25,0.0
Kalshi OI,2021-09-26,0.0
Kalshi OI,2021-09-27,0.0
Kalshi OI,2021-09-28,0.0
Kalshi OI,2021-09-29,0.0
Kalshi OI,2021-09-30,0.0
Kalshi OI,2021-10-01,0.0
Kalshi OI,2021-10-02,0.0
Kalshi OI,2021-10-03,0.0
Kalshi OI,2021-10-04,0.0
Kalshi OI,2021-10-05,0.0
Kalshi OI,2021-10-06,0.0
Kalshi OI,2021-10-07,0.0
Kalshi OI,2021-10-08,0.0
Kalshi OI,2021-10-09,0.0
Kalshi OI,2021-10-10,0.0
Kalshi OI,2021-10-11,0.0
Kalshi OI,2021-10-12,0.0
Kalshi OI,2021-10-13,0.0
Kalshi OI,2021-10-14,0.0
Kalshi OI,2021-10-15,0.0
Kalshi OI,2021-10-16,0.0
Kalshi OI,2021-10-17,0.0
Kalshi OI,2021-10-18,0.0
Kalshi OI,2021-10-19,0.0
Kalshi OI,2021-10-20,0.0
Kalshi OI,2021-10-21,0.0
Kalshi OI,2021-10-22,0.0
Kalshi OI,2021-10-23,0.0
Kalshi OI,2021-10-24,0.0
Kalshi OI,2021-10-25,0.0
Kalshi OI,2021-10-26,0.0
Kalshi OI,2021-10-27,0.0
Kalshi OI,2021-10-28,75.0
Kalshi OI,2021-10-29,75.0
Kalshi OI,2021-10-30,75.0
Kalshi OI,2021-10-31,75.0
Kalshi OI,2021-11-01,75.0
Kalshi OI,2021-11-02,75.0
Kalshi OI,2021-11-03,75.0
Kalshi OI,2021-11-04,365.0
Kalshi OI,2021-11-05,465.0
Kalshi OI,2021-11-06,478.0
Kalshi OI,2021-11-07,478.0
Kalshi OI,2021-11-08,478.0
Kalshi OI,2021-11-09,1365.0
Kalshi OI,2021-11-10,1426.0
Kalshi OI,2021-11-11,1426.0
Kalshi OI,2021-11-12,1426.0
Kalshi OI,2021-11-13,1426.0
Kalshi OI,2021-11-14,1426.0
Kalshi OI,2021-11-15,1426.0
Kalshi OI,2021-11-16,1426.0
Kalshi OI,2021-11-17,1479.0
Kalshi OI,2021-11-18,1495.0
Kalshi OI,2021-11-19,1545.0
Kalshi OI,2021-11-20,1545.0
Kalshi OI,2021-11-21,1545.0
Kalshi OI,2021-11-22,1545.0
Kalshi OI,2021-11-23,1545.0
Kalshi OI,2021-11-24,1545.0
Kalshi OI,2021-11-25,1555.0
Kalshi OI,2021-11-26,1581.0
Kalshi OI,2021-11-27,1581.0
Kalshi OI,2021-11-28,1581.0
Kalshi OI,2021-11-29,1581.0
Kalshi OI,2021-11-30,1735.0
Kalshi OI,2021-12-01,1735.0
Kalshi OI,2021-12-02,1735.0
Kalshi OI,2021-12-03,1735.0
Kalshi OI,2021-12-04,1740.0
Kalshi OI,2021-12-05,1755.0
Kalshi OI,2021-12-06,1755.0
Kalshi OI,2021-12-07,1755.0
Kalshi OI,2021-12-08,1755.0
Kalshi OI,2021-12-09,1816.0
Kalshi OI,2021-12-10,1816.0
Kalshi OI,2021-12-11,1816.0
Kalshi OI,2021-12-12,1816.0
Kalshi OI,2021-12-13,1816.0
Kalshi OI,2021-12-14,1822.0
Kalshi OI,2021-12-15,1916.0
Kalshi OI,2021-12-16,1931.0
Kalshi OI,2021-12-17,2028.0
Kalshi OI,2021-12-18,2028.0
Kalshi OI,2021-12-19,2028.0
Kalshi OI,2021-12-20,2028.0
Kalshi OI,2021-12-21,2532.0
Kalshi OI,2021-12-22,2532.0
Kalshi OI,2021-12-23,2552.0
Kalshi OI,2021-12-24,2590.0
Kalshi OI,2021-12-25,2590.0
Kalshi OI,2021-12-26,2590.0
Kalshi OI,2021-12-27,2694.0
Kalshi OI,2021-12-28,2779.0
Kalshi OI,2021-12-29,3068.0
Kalshi OI,2021-12-30,3345.0
Kalshi OI,2021-12-31,3764.0
Kalshi OI,2022-01-01,3853.0
Kalshi OI,2022-01-02,4110.0
Kalshi OI,2022-01-03,5667.0
Kalshi OI,2022-01-04,5830.0
Kalshi OI,2022-01-05,6952.0
Kalshi OI,2022-01-06,7146.0
Kalshi OI,2022-01-07,7237.0
Kalshi OI,2022-01-08,7268.0
Kalshi OI,2022-01-09,7300.0
Kalshi OI,2022-01-10,8023.0
Kalshi OI,2022-01-11,8907.0
Kalshi OI,2022-01-12,8927.0
Kalshi OI,2022-01-13,9089.0
Kalshi OI,2022-01-14,9615.0
Kalshi OI,2022-01-15,9662.0
Kalshi OI,2022-01-16,9689.0
Kalshi OI,2022-01-17,9749.0
Kalshi OI,2022-01-18,9930.0
Kalshi OI,2022-01-19,10499.0
Kalshi OI,2022-01-20,10759.0
Kalshi OI,2022-01-21,10883.0
Kalshi OI,2022-01-22,10871.0
Kalshi OI,2022-01-23,10372.0
Kalshi OI,2022-01-24,10955.0
Kalshi OI,2022-01-25,10796.0
Kalshi OI,2022-01-26,11143.0
Kalshi OI,2022-01-27,11675.0
Kalshi OI,2022-01-28,12077.0
Kalshi OI,2022-01-29,13002.0
Kalshi OI,2022-01-30,13147.0
Kalshi OI,2022-01-31,13315.0
Kalshi OI,2022-02-01,14522.0
Kalshi OI,2022-02-02,15063.0
Kalshi OI,2022-02-03,15421.0
Kalshi OI,2022-02-04,17311.0
Kalshi OI,2022-02-05,17613.0
Kalshi OI,2022-02-06,17905.0
Kalshi OI,2022-02-07,20609.0
Kalshi OI,2022-02-08,22785.0
Kalshi OI,2022-02-09,24483.0
Kalshi OI,2022-02-10,24282.0
Kalshi OI,2022-02-11,26250.0
Kalshi OI,2022-02-12,26288.0
Kalshi OI,2022-02-13,26552.0
Kalshi OI,2022-02-14,27454.0
Kalshi OI,2022-02-15,28306.0
Kalshi OI,2022-02-16,29287.0
Kalshi OI,2022-02-17,31821.0
Kalshi OI,2022-02-18,34234.0
Kalshi OI,2022-02-19,35798.0
Kalshi OI,2022-02-20,35827.0
Kalshi OI,2022-02-21,39131.0
Kalshi OI,2022-02-22,40414.0
Kalshi OI,2022-02-23,43948.0
Kalshi OI,2022-02-24,44216.0
Kalshi OI,2022-02-25,45448.0
Kalshi OI,2022-02-26,46187.0
Kalshi OI,2022-02-27,47032.0
Kalshi OI,2022-02-28,49119.0
Kalshi OI,2022-03-01,58629.0
Kalshi OI,2022-03-02,62142.0
Kalshi OI,2022-03-03,63791.0
Kalshi OI,2022-03-04,63985.0
Kalshi OI,2022-03-05,64635.0
Kalshi OI,2022-03-06,65806.0
Kalshi OI,2022-03-07,72640.0
Kalshi OI,2022-03-08,73771.0
Kalshi OI,2022-03-09,75191.0
Kalshi OI,2022-03-10,84631.0
Kalshi OI,2022-03-11,86600.0
Kalshi OI,2022-03-12,87182.0
Kalshi OI,2022-03-13,88707.0
Kalshi OI,2022-03-14,90577.0
Kalshi OI,2022-03-15,93002.0
Kalshi OI,2022-03-16,100637.0
Kalshi OI,2022-03-17,101532.0
Kalshi OI,2022-03-18,104206.0
Kalshi OI,2022-03-19,104688.0
Kalshi OI,2022-03-20,105042.0
Kalshi OI,2022-03-21,108994.0
Kalshi OI,2022-03-22,112479.0
Kalshi OI,2022-03-23,115923.0
Kalshi OI,2022-03-24,118476.0
Kalshi OI,2022-03-25,120800.0
Kalshi OI,2022-03-26,120975.0
Kalshi OI,2022-03-27,122342.0
Kalshi OI,2022-03-28,127209.0
Kalshi OI,2022-03-29,132712.0
Kalshi OI,2022-03-30,137254.0
Kalshi OI,2022-03-31,138958.0
Kalshi OI,2022-04-01,143000.0
Kalshi OI,2022-04-02,144652.0
Kalshi OI,2022-04-03,147225.0
Kalshi OI,2022-04-04,148762.0
Kalshi OI,2022-04-05,157987.0
Kalshi OI,2022-04-06,161301.0
Kalshi OI,2022-04-07,167424.0
Kalshi OI,2022-04-08,169878.0
Kalshi OI,2022-04-09,170577.0
Kalshi OI,2022-04-10,171652.0
Kalshi OI,2022-04-11,172139.0
Kalshi OI,2022-04-12,187848.0
Kalshi OI,2022-04-13,186077.0
Kalshi OI,2022-04-14,190096.0
Kalshi OI,2022-04-15,193014.0
Kalshi OI,2022-04-16,193958.0
Kalshi OI,2022-04-17,194820.0
Kalshi OI,2022-04-18,199466.0
Kalshi OI,2022-04-19,211721.0
Kalshi OI,2022-04-20,221235.0
Kalshi OI,2022-04-21,231891.0
Kalshi OI,2022-04-22,244926.0
Kalshi OI,2022-04-23,249156.0
Kalshi OI,2022-04-24,257560.0
Kalshi OI,2022-04-25,260443.0
Kalshi OI,2022-04-26,268000.0
Kalshi OI,2022-04-27,273591.0
Kalshi OI,2022-04-28,280241.0
Kalshi OI,2022-04-29,282330.0
Kalshi OI,2022-04-30,283560.0
Kalshi OI,2022-05-01,284746.0
Kalshi OI,2022-05-02,287964.0
Kalshi OI,2022-05-03,294893.0
Kalshi OI,2022-05-04,304728.0
Kalshi OI,2022-05-05,307604.0
Kalshi OI,2022-05-06,316746.0
Kalshi OI,2022-05-07,316022.0
Kalshi OI,2022-05-08,314434.0
Kalshi OI,2022-05-09,310552.0
Kalshi OI,2022-05-10,312164.0
Kalshi OI,2022-05-11,316275.0
Kalshi OI,2022-05-12,319185.0
Kalshi OI,2022-05-13,320446.0
Kalshi OI,2022-05-14,322452.0
Kalshi OI,2022-05-15,324473.0
Kalshi OI,2022-05-16,326583.0
Kalshi OI,2022-05-17,330826.0
Kalshi OI,2022-05-18,332563.0
Kalshi OI,2022-05-19,334330.0
Kalshi OI,2022-05-20,338519.0
Kalshi OI,2022-05-21,340199.0
Kalshi OI,2022-05-22,341366.0
Kalshi OI,2022-05-23,344476.0
Kalshi OI,2022-05-24,356182.0
Kalshi OI,2022-05-25,359382.0
Kalshi OI,2022-05-26,365822.0
Kalshi OI,2022-05-27,371139.0
Kalshi OI,2022-05-28,373969.0
Kalshi OI,2022-05-29,381632.0
Kalshi OI,2022-05-30,382262.0
Kalshi OI,2022-05-31,388784.0
Kalshi OI,2022-06-01,398148.0
Kalshi OI,2022-06-02,409843.0
Kalshi OI,2022-06-03,421338.0
Kalshi OI,2022-06-04,422703.0
Kalshi OI,2022-06-05,424091.0
Kalshi OI,2022-06-06,430246.0
Kalshi OI,2022-06-07,442308.0
Kalshi OI,2022-06-08,454816.0
Kalshi OI,2022-06-09,459848.0
Kalshi OI,2022-06-10,485180.0
Kalshi OI,2022-06-11,488185.0
Kalshi OI,2022-06-12,1062712.0
Kalshi OI,2022-06-13,1101541.0
Kalshi OI,2022-06-14,1206528.0
Kalshi OI,2022-06-15,1041750.0
Kalshi OI,2022-06-16,1074846.0
Kalshi OI,2022-06-17,989443.0
Kalshi OI,2022-06-18,1024685.0
Kalshi OI,2022-06-19,1069960.0
Kalshi OI,2022-06-20,1080152.0
Kalshi OI,2022-06-21,1136636.0
Kalshi OI,2022-06-22,1246661.0
Kalshi OI,2022-06-23,635644.0
Kalshi OI,2022-06-24,638335.0
Kalshi OI,2022-06-25,638623.0
Kalshi OI,2022-06-26,638316.0
Kalshi OI,2022-06-27,646302.0
Kalshi OI,2022-06-28,656250.0
Kalshi OI,2022-06-29,658250.0
Kalshi OI,2022-06-30,674034.0
Kalshi OI,2022-07-01,696472.0
Kalshi OI,2022-07-02,700702.0
Kalshi OI,2022-07-03,710278.0
Kalshi OI,2022-07-04,712468.0
Kalshi OI,2022-07-05,717646.0
Kalshi OI,2022-07-06,745220.0
Kalshi OI,2022-07-07,741482.0
Kalshi OI,2022-07-08,729595.0
Kalshi OI,2022-07-09,1423987.0
Kalshi OI,2022-07-10,740553.0
Kalshi OI,2022-07-11,744565.0
Kalshi OI,2022-07-12,744904.0
Kalshi OI,2022-07-13,789707.0
Kalshi OI,2022-07-14,792553.0
Kalshi OI,2022-07-15,789358.0
Kalshi OI,2022-07-16,794186.0
Kalshi OI,2022-07-17,799125.0
Kalshi OI,2022-07-18,1483381.0
Kalshi OI,2022-07-19,1560010.0
Kalshi OI,2022-07-20,1567739.0
Kalshi OI,2022-07-21,1597972.0
Kalshi OI,2022-07-22,1571605.0
Kalshi OI,2022-07-23,1580804.0
Kalshi OI,2022-07-24,1614541.0
Kalshi OI,2022-07-25,1649213.0
Kalshi OI,2022-07-26,1720756.0
Kalshi OI,2022-07-27,1438374.0
Kalshi OI,2022-07-28,1407549.0
Kalshi OI,2022-07-29,1619770.0
Kalshi OI,2022-07-30,1629482.0
Kalshi OI,2022-07-31,1630358.0
Kalshi OI,2022-08-01,1535874.0
Kalshi OI,2022-08-02,1627034.0
Kalshi OI,2022-08-03,1650543.0
Kalshi OI,2022-08-04,1657371.0
Kalshi OI,2022-08-05,1537088.0
Kalshi OI,2022-08-06,1561362.0
Kalshi OI,2022-08-07,1603539.0
Kalshi OI,2022-08-08,1639120.0
Kalshi OI,2022-08-09,1724020.0
Kalshi OI,2022-08-10,1365190.0
Kalshi OI,2022-08-11,1385800.0
Kalshi OI,2022-08-12,1412261.0
Kalshi OI,2022-08-13,1435285.0
Kalshi OI,2022-08-14,1445507.0
Kalshi OI,2022-08-15,1484217.0
Kalshi OI,2022-08-16,1528416.0
Kalshi OI,2022-08-17,1581716.0
Kalshi OI,2022-08-18,1553513.0
Kalshi OI,2022-08-19,1561783.0
Kalshi OI,2022-08-20,1577024.0
Kalshi OI,2022-08-21,1639096.0
Kalshi OI,2022-08-22,1654178.0
Kalshi OI,2022-08-23,1777336.0
Kalshi OI,2022-08-24,1799085.0
Kalshi OI,2022-08-25,1859940.0
Kalshi OI,2022-08-26,1850755.0
Kalshi OI,2022-08-27,1888801.0
Kalshi OI,2022-08-28,1929005.0
Kalshi OI,2022-08-29,1949615.0
Kalshi OI,2022-08-30,2044046.0
Kalshi OI,2022-08-31,2020100.0
Kalshi OI,2022-09-01,2032856.0
Kalshi OI,2022-09-02,1954175.0
Kalshi OI,2022-09-03,1969326.0
Kalshi OI,2022-09-04,1977156.0
Kalshi OI,2022-09-05,2009254.0
Kalshi OI,2022-09-06,2035855.0
Kalshi OI,2022-09-07,2039812.0
Kalshi OI,2022-09-08,2066611.0
Kalshi OI,2022-09-09,2037920.0
Kalshi OI,2022-09-10,2058022.0
Kalshi OI,2022-09-11,2066488.0
Kalshi OI,2022-09-12,2112686.0
Kalshi OI,2022-09-13,2085828.0
Kalshi OI,2022-09-14,2104839.0
Kalshi OI,2022-09-15,2116166.0
Kalshi OI,2022-09-16,2061963.0
Kalshi OI,2022-09-17,2089688.0
Kalshi OI,2022-09-18,2121715.0
Kalshi OI,2022-09-19,2139294.0
Kalshi OI,2022-09-20,2212373.0
Kalshi OI,2022-09-21,1807798.0
Kalshi OI,2022-09-22,1838250.0
Kalshi OI,2022-09-23,1870183.0
Kalshi OI,2022-09-24,1780191.0
Kalshi OI,2022-09-25,1800081.0
Kalshi OI,2022-09-26,1834833.0
Kalshi OI,2022-09-27,1890301.0
Kalshi OI,2022-09-28,1893411.0
Kalshi OI,2022-09-29,1901181.0
Kalshi OI,2022-09-30,1834489.0
Kalshi OI,2022-10-01,1817299.0
Kalshi OI,2022-10-02,1852947.0
Kalshi OI,2022-10-03,1887036.0
Kalshi OI,2022-10-04,1933128.0
Kalshi OI,2022-10-05,1963858.0
Kalshi OI,2022-10-06,1973593.0
Kalshi OI,2022-10-07,1909521.0
Kalshi OI,2022-10-08,1928421.0
Kalshi OI,2022-10-09,1944996.0
Kalshi OI,2022-10-10,1955641.0
Kalshi OI,2022-10-11,1988247.0
Kalshi OI,2022-10-12,2020522.0
Kalshi OI,2022-10-13,2029898.0
Kalshi OI,2022-10-14,2023149.0
Kalshi OI,2022-10-15,2043213.0
Kalshi OI,2022-10-16,2080990.0
Kalshi OI,2022-10-17,2116915.0
Kalshi OI,2022-10-18,2155509.0
Kalshi OI,2022-10-19,2159773.0
Kalshi OI,2022-10-20,2195845.0
Kalshi OI,2022-10-21,2184297.0
Kalshi OI,2022-10-22,2209244.0
Kalshi OI,2022-10-23,2239659.0
Kalshi OI,2022-10-24,2246065.0
Kalshi OI,2022-10-25,2297020.0
Kalshi OI,2022-10-26,2316593.0
Kalshi OI,2022-10-27,2322015.0
Kalshi OI,2022-10-28,2259001.0
Kalshi OI,2022-10-29,2270149.0
Kalshi OI,2022-10-30,2296662.0
Kalshi OI,2022-10-31,2306620.0
Kalshi OI,2022-11-01,2353701.0
Kalshi OI,2022-11-02,2116107.0
Kalshi OI,2022-11-03,2152908.0
Kalshi OI,2022-11-04,2139648.0
Kalshi OI,2022-11-05,2175444.0
Kalshi OI,2022-11-06,2209253.0
Kalshi OI,2022-11-07,2259576.0
Kalshi OI,2022-11-08,2235691.0
Kalshi OI,2022-11-09,2225601.0
Kalshi OI,2022-11-10,2066962.0
Kalshi OI,2022-11-11,2053810.0
Kalshi OI,2022-11-12,2070482.0
Kalshi OI,2022-11-13,2093296.0
Kalshi OI,2022-11-14,2133046.0
Kalshi OI,2022-11-15,2130117.0
Kalshi OI,2022-11-16,2140906.0
Kalshi OI,2022-11-17,2163845.0
Kalshi OI,2022-11-18,2191668.0
Kalshi OI,2022-11-19,2201732.0
Kalshi OI,2022-11-20,2210831.0
Kalshi OI,2022-11-21,2239047.0
Kalshi OI,2022-11-22,2295531.0
Kalshi OI,2022-11-23,2312789.0
Kalshi OI,2022-11-24,2356319.0
Kalshi OI,2022-11-25,2360549.0
Kalshi OI,2022-11-26,2374014.0
Kalshi OI,2022-11-27,2397725.0
Kalshi OI,2022-11-28,2427992.0
Kalshi OI,2022-11-29,2448194.0
Kalshi OI,2022-11-30,2235043.0
Kalshi OI,2022-12-01,2279239.0
Kalshi OI,2022-12-02,2257079.0
Kalshi OI,2022-12-03,2281548.0
Kalshi OI,2022-12-04,2283079.0
Kalshi OI,2022-12-05,2258253.0
Kalshi OI,2022-12-06,2284236.0
Kalshi OI,2022-12-07,2280818.0
Kalshi OI,2022-12-08,2307180.0
Kalshi OI,2022-12-09,2312645.0
Kalshi OI,2022-12-10,2324370.0
Kalshi OI,2022-12-11,2353661.0
Kalshi OI,2022-12-12,2419871.0
Kalshi OI,2022-12-13,2261539.0
Kalshi OI,2022-12-14,3101156.0
Kalshi OI,2022-12-15,3162951.0
Kalshi OI,2022-12-16,1882904.0
Kalshi OI,2022-12-17,1886568.0
Kalshi OI,2022-12-18,1899434.0
Kalshi OI,2022-12-19,1898989.0
Kalshi OI,2022-12-20,1929474.0
Kalshi OI,2022-12-21,1936444.0
Kalshi OI,2022-12-22,1950437.0
Kalshi OI,2022-12-23,1966609.0
Kalshi OI,2022-12-24,1978059.0
Kalshi OI,2022-12-25,1978456.0
Kalshi OI,2022-12-26,1987891.0
Kalshi OI,2022-12-27,2001976.0
Kalshi OI,2022-12-28,2002382.0
Kalshi OI,2022-12-29,1983387.0
Kalshi OI,2022-12-30,1593862.0
Kalshi OI,2022-12-31,1402566.0
Kalshi OI,2023-01-01,1405458.0
Kalshi OI,2023-01-02,1422357.0
Kalshi OI,2023-01-03,1105364.0
Kalshi OI,2023-01-04,1130084.0
Kalshi OI,2023-01-05,1068836.0
Kalshi OI,2023-01-06,1062541.0
Kalshi OI,2023-01-07,1077384.0
Kalshi OI,2023-01-08,1089288.0
Kalshi OI,2023-01-09,1100264.0
Kalshi OI,2023-01-10,1123642.0
Kalshi OI,2023-01-11,824252.0
Kalshi OI,2023-01-12,726096.0
Kalshi OI,2023-01-13,570565.0
Kalshi OI,2023-01-14,729279.0
Kalshi OI,2023-01-15,728805.0
Kalshi OI,2023-01-16,747379.0
Kalshi OI,2023-01-17,767338.0
Kalshi OI,2023-01-18,757244.0
Kalshi OI,2023-01-19,783073.0
Kalshi OI,2023-01-20,809097.0
Kalshi OI,2023-01-21,813105.0
Kalshi OI,2023-01-22,816977.0
Kalshi OI,2023-01-23,837995.0
Kalshi OI,2023-01-24,1382152.0
Kalshi OI,2023-01-25,1087096.0
Kalshi OI,2023-01-26,1038607.0
Kalshi OI,2023-01-27,1022558.0
Kalshi OI,2023-01-28,1023302.0
Kalshi OI,2023-01-29,1028913.0
Kalshi OI,2023-01-30,1058956.0
Kalshi OI,2023-01-31,835880.0
Kalshi OI,2023-02-01,813804.0
Kalshi OI,2023-02-02,784368.0
Kalshi OI,2023-02-03,752286.0
Kalshi OI,2023-02-04,758114.0
Kalshi OI,2023-02-05,783268.0
Kalshi OI,2023-02-06,761279.0
Kalshi OI,2023-02-07,779993.0
Kalshi OI,2023-02-08,788409.0
Kalshi OI,2023-02-09,775420.0
Kalshi OI,2023-02-10,787327.0
Kalshi OI,2023-02-11,790026.0
Kalshi OI,2023-02-12,799749.0
Kalshi OI,2023-02-13,836515.0
Kalshi OI,2023-02-14,786031.0
Kalshi OI,2023-02-15,836711.0
Kalshi OI,2023-02-16,862908.0
Kalshi OI,2023-02-17,839206.0
Kalshi OI,2023-02-18,845878.0
Kalshi OI,2023-02-19,866662.0
Kalshi OI,2023-02-20,890331.0
Kalshi OI,2023-02-21,912705.0
Kalshi OI,2023-02-22,928347.0
Kalshi OI,2023-02-23,947241.0
Kalshi OI,2023-02-24,952056.0
Kalshi OI,2023-02-25,961696.0
Kalshi OI,2023-02-26,981739.0
Kalshi OI,2023-02-27,996778.0
Kalshi OI,2023-02-28,1003591.0
Kalshi OI,2023-03-01,1022116.0
Kalshi OI,2023-03-02,1049740.0
Kalshi OI,2023-03-03,1061104.0
Kalshi OI,2023-03-04,1075259.0
Kalshi OI,2023-03-05,1043935.0
Kalshi OI,2023-03-06,1047583.0
Kalshi OI,2023-03-07,1109638.0
Kalshi OI,2023-03-08,1135780.0
Kalshi OI,2023-03-09,1204943.0
Kalshi OI,2023-03-10,1184694.0
Kalshi OI,2023-03-11,1203751.0
Kalshi OI,2023-03-12,1283860.0
Kalshi OI,2023-03-13,1105877.0
Kalshi OI,2023-03-14,970103.0
Kalshi OI,2023-03-15,1023425.0
Kalshi OI,2023-03-16,1026533.0
Kalshi OI,2023-03-17,1038358.0
Kalshi OI,2023-03-18,1045793.0
Kalshi OI,2023-03-19,1063935.0
Kalshi OI,2023-03-20,1088179.0
Kalshi OI,2023-03-21,1149099.0
Kalshi OI,2023-03-22,804505.0
Kalshi OI,2023-03-23,841943.0
Kalshi OI,2023-03-24,879017.0
Kalshi OI,2023-03-25,892962.0
Kalshi OI,2023-03-26,927721.0
Kalshi OI,2023-03-27,977343.0
Kalshi OI,2023-03-28,992259.0
Kalshi OI,2023-03-29,1039015.0
Kalshi OI,2023-03-30,1050578.0
Kalshi OI,2023-03-31,1075269.0
Kalshi OI,2023-04-01,1064180.0
Kalshi OI,2023-04-02,1079975.0
Kalshi OI,2023-04-03,1103335.0
Kalshi OI,2023-04-04,1119994.0
Kalshi OI,2023-04-05,1161191.0
Kalshi OI,2023-04-06,1203299.0
Kalshi OI,2023-04-07,1249857.0
Kalshi OI,2023-04-08,1266111.0
Kalshi OI,2023-04-09,1254014.0
Kalshi OI,2023-04-10,1269934.0
Kalshi OI,2023-04-11,1338828.0
Kalshi OI,2023-04-12,1269025.0
Kalshi OI,2023-04-13,1325915.0
Kalshi OI,2023-04-14,1381151.0
Kalshi OI,2023-04-15,1387193.0
Kalshi OI,2023-04-16,1410034.0
Kalshi OI,2023-04-17,1432584.0
Kalshi OI,2023-04-18,1468714.0
Kalshi OI,2023-04-19,1500561.0
Kalshi OI,2023-04-20,1521170.0
Kalshi OI,2023-04-21,1524020.0
Kalshi OI,2023-04-22,1586608.0
Kalshi OI,2023-04-23,1617119.0
Kalshi OI,2023-04-24,1644174.0
Kalshi OI,2023-04-25,1760510.0
Kalshi OI,2023-04-26,1761956.0
Kalshi OI,2023-04-27,1779609.0
Kalshi OI,2023-04-28,1809264.0
Kalshi OI,2023-04-29,1841016.0
Kalshi OI,2023-04-30,1880923.0
Kalshi OI,2023-05-01,1882047.0
Kalshi OI,2023-05-02,2064541.0
Kalshi OI,2023-05-03,1659787.0
Kalshi OI,2023-05-04,1869067.0
Kalshi OI,2023-05-05,1810703.0
Kalshi OI,2023-05-06,1835528.0
Kalshi OI,2023-05-07,1845703.0
Kalshi OI,2023-05-08,1893352.0
Kalshi OI,2023-05-09,1998549.0
Kalshi OI,2023-05-10,1902233.0
Kalshi OI,2023-05-11,1970889.0
Kalshi OI,2023-05-12,1910177.0
Kalshi OI,2023-05-13,1925487.0
Kalshi OI,2023-05-14,1922772.0
Kalshi OI,2023-05-15,1962326.0
Kalshi OI,2023-05-16,2063186.0
Kalshi OI,2023-05-17,2096540.0
Kalshi OI,2023-05-18,2152962.0
Kalshi OI,2023-05-19,2115924.0
Kalshi OI,2023-05-20,2172662.0
Kalshi OI,2023-05-21,2256100.0
Kalshi OI,2023-05-22,2340266.0
Kalshi OI,2023-05-23,2448792.0
Kalshi OI,2023-05-24,2545486.0
Kalshi OI,2023-05-25,2634777.0
Kalshi OI,2023-05-26,2610902.0
Kalshi OI,2023-05-27,2630704.0
Kalshi OI,2023-05-28,2647748.0
Kalshi OI,2023-05-29,2692312.0
Kalshi OI,2023-05-30,2754785.0
Kalshi OI,2023-05-31,2796141.0
Kalshi OI,2023-06-01,2807988.0
Kalshi OI,2023-06-02,2777698.0
Kalshi OI,2023-06-03,2793146.0
Kalshi OI,2023-06-04,2833481.0
Kalshi OI,2023-06-05,2678063.0
Kalshi OI,2023-06-06,2719758.0
Kalshi OI,2023-06-07,2770714.0
Kalshi OI,2023-06-08,2789674.0
Kalshi OI,2023-06-09,2702155.0
Kalshi OI,2023-06-10,2715452.0
Kalshi OI,2023-06-11,2753406.0
Kalshi OI,2023-06-12,2801334.0
Kalshi OI,2023-06-13,2863469.0
Kalshi OI,2023-06-14,2422310.0
Kalshi OI,2023-06-15,2513752.0
Kalshi OI,2023-06-16,2500822.0
Kalshi OI,2023-06-17,2512400.0
Kalshi OI,2023-06-18,2554996.0
Kalshi OI,2023-06-19,2593152.0
Kalshi OI,2023-06-20,2621988.0
Kalshi OI,2023-06-21,2803086.0
Kalshi OI,2023-06-22,2845530.0
Kalshi OI,2023-06-23,2808364.0
Kalshi OI,2023-06-24,2816752.0
Kalshi OI,2023-06-25,2848565.0
Kalshi OI,2023-06-26,2925070.0
Kalshi OI,2023-06-27,3013103.0
Kalshi OI,2023-06-28,3026919.0
Kalshi OI,2023-06-29,3082254.0
Kalshi OI,2023-06-30,3038766.0
Kalshi OI,2023-07-01,3042161.0
Kalshi OI,2023-07-02,3064450.0
Kalshi OI,2023-07-03,3135002.0
Kalshi OI,2023-07-04,3177584.0
Kalshi OI,2023-07-05,3211186.0
Kalshi OI,2023-07-06,3234518.0
Kalshi OI,2023-07-07,3195869.0
Kalshi OI,2023-07-08,3230585.0
Kalshi OI,2023-07-09,3257192.0
Kalshi OI,2023-07-10,3282558.0
Kalshi OI,2023-07-11,3348245.0
Kalshi OI,2023-07-12,3027512.0
Kalshi OI,2023-07-13,3061294.0
Kalshi OI,2023-07-14,3074963.0
Kalshi OI,2023-07-15,3128819.0
Kalshi OI,2023-07-16,3207809.0
Kalshi OI,2023-07-17,3257678.0
Kalshi OI,2023-07-18,3326526.0
Kalshi OI,2023-07-19,3372784.0
Kalshi OI,2023-07-20,3414632.0
Kalshi OI,2023-07-21,3467846.0
Kalshi OI,2023-07-22,3486112.0
Kalshi OI,2023-07-23,3513838.0
Kalshi OI,2023-07-24,3514262.0
Kalshi OI,2023-07-25,3572671.0
Kalshi OI,2023-07-26,3281206.0
Kalshi OI,2023-07-27,3269826.0
Kalshi OI,2023-07-28,3267229.0
Kalshi OI,2023-07-29,3279068.0
Kalshi OI,2023-07-30,3274361.0
Kalshi OI,2023-07-31,3308405.0
Kalshi OI,2023-08-01,3312658.0
Kalshi OI,2023-08-02,3413390.0
Kalshi OI,2023-08-03,3458752.0
Kalshi OI,2023-08-04,3464304.0
Kalshi OI,2023-08-05,3500670.0
Kalshi OI,2023-08-06,3542615.0
Kalshi OI,2023-08-07,3490332.0
Kalshi OI,2023-08-08,3585084.0
Kalshi OI,2023-08-09,3606646.0
Kalshi OI,2023-08-10,3452390.0
Kalshi OI,2023-08-11,3506573.0
Kalshi OI,2023-08-12,3552408.0
Kalshi OI,2023-08-13,3530448.0
Kalshi OI,2023-08-14,3567045.0
Kalshi OI,2023-08-15,3677545.0
Kalshi OI,2023-08-16,3744777.0
Kalshi OI,2023-08-17,3800018.0
Kalshi OI,2023-08-18,3788970.0
Kalshi OI,2023-08-19,3792476.0
Kalshi OI,2023-08-20,3814370.0
Kalshi OI,2023-08-21,3835555.0
Kalshi OI,2023-08-22,3862255.0
Kalshi OI,2023-08-23,3878733.0
Kalshi OI,2023-08-24,3919100.0
Kalshi OI,2023-08-25,3941276.0
Kalshi OI,2023-08-26,3974716.0
Kalshi OI,2023-08-27,3989981.0
Kalshi OI,2023-08-28,4004691.0
Kalshi OI,2023-08-29,4025743.0
Kalshi OI,2023-08-30,4035197.0
Kalshi OI,2023-08-31,4039495.0
Kalshi OI,2023-09-01,4007873.0
Kalshi OI,2023-09-02,4026168.0
Kalshi OI,2023-09-03,4079366.0
Kalshi OI,2023-09-04,4091129.0
Kalshi OI,2023-09-05,4121808.0
Kalshi OI,2023-09-06,4172671.0
Kalshi OI,2023-09-07,4203914.0
Kalshi OI,2023-09-08,4221152.0
Kalshi OI,2023-09-09,4256718.0
Kalshi OI,2023-09-10,4288857.0
Kalshi OI,2023-09-11,4346907.0
Kalshi OI,2023-09-12,4404765.0
Kalshi OI,2023-09-13,4296600.0
Kalshi OI,2023-09-14,4363653.0
Kalshi OI,2023-09-15,4424831.0
Kalshi OI,2023-09-16,4456909.0
Kalshi OI,2023-09-17,4504795.0
Kalshi OI,2023-09-18,4566161.0
Kalshi OI,2023-09-19,4631421.0
Kalshi OI,2023-09-20,4343102.0
Kalshi OI,2023-09-21,4370131.0
Kalshi OI,2023-09-22,4346706.0
Kalshi OI,2023-09-23,4359193.0
Kalshi OI,2023-09-24,4413534.0
Kalshi OI,2023-09-25,4403085.0
Kalshi OI,2023-09-26,4416987.0
Kalshi OI,2023-09-27,4409202.0
Kalshi OI,2023-09-28,4412143.0
Kalshi OI,2023-09-29,4480315.0
Kalshi OI,2023-09-30,4446402.0
Kalshi OI,2023-10-01,4471900.0
Kalshi OI,2023-10-02,4441277.0
Kalshi OI,2023-10-03,4507176.0
Kalshi OI,2023-10-04,4548631.0
Kalshi OI,2023-10-05,4579648.0
Kalshi OI,2023-10-06,4584391.0
Kalshi OI,2023-10-07,4634619.0
Kalshi OI,2023-10-08,4655989.0
Kalshi OI,2023-10-09,4654778.0
Kalshi OI,2023-10-10,4672666.0
Kalshi OI,2023-10-11,4735659.0
Kalshi OI,2023-10-12,4530587.0
Kalshi OI,2023-10-13,4572811.0
Kalshi OI,2023-10-14,4579730.0
Kalshi OI,2023-10-15,4601034.0
Kalshi OI,2023-10-16,4564757.0
Kalshi OI,2023-10-17,4667569.0
Kalshi OI,2023-10-18,4729860.0
Kalshi OI,2023-10-19,4766917.0
Kalshi OI,2023-10-20,4851577.0
Kalshi OI,2023-10-21,4848039.0
Kalshi OI,2023-10-22,4885663.0
Kalshi OI,2023-10-23,4949739.0
Kalshi OI,2023-10-24,4993688.0
Kalshi OI,2023-10-25,5069761.0
Kalshi OI,2023-10-26,5069996.0
Kalshi OI,2023-10-27,5086581.0
Kalshi OI,2023-10-28,5125330.0
Kalshi OI,2023-10-29,5110343.0
Kalshi OI,2023-10-30,5100053.0
Kalshi OI,2023-10-31,5089170.0
Kalshi OI,2023-11-01,4821069.0
Kalshi OI,2023-11-02,4806720.0
Kalshi OI,2023-11-03,4875412.0
Kalshi OI,2023-11-04,4887334.0
Kalshi OI,2023-11-05,4952317.0
Kalshi OI,2023-11-06,4970855.0
Kalshi OI,2023-11-07,5004397.0
Kalshi OI,2023-11-08,4988857.0
Kalshi OI,2023-11-09,5036367.0
Kalshi OI,2023-11-10,4999803.0
Kalshi OI,2023-11-11,5047132.0
Kalshi OI,2023-11-12,5078520.0
Kalshi OI,2023-11-13,5105932.0
Kalshi OI,2023-11-14,5129633.0
Kalshi OI,2023-11-15,5182115.0
Kalshi OI,2023-11-16,5238801.0
Kalshi OI,2023-11-17,5031663.0
Kalshi OI,2023-11-18,5094054.0
Kalshi OI,2023-11-19,5112694.0
Kalshi OI,2023-11-20,5111299.0
Kalshi OI,2023-11-21,5178533.0
Kalshi OI,2023-11-22,5156058.0
Kalshi OI,2023-11-23,5218495.0
Kalshi OI,2023-11-24,5160225.0
Kalshi OI,2023-11-25,5195312.0
Kalshi OI,2023-11-26,5246875.0
Kalshi OI,2023-11-27,5246909.0
Kalshi OI,2023-11-28,5338575.0
Kalshi OI,2023-11-29,5341959.0
Kalshi OI,2023-11-30,5216530.0
Kalshi OI,2023-12-01,5276201.0
Kalshi OI,2023-12-02,5267849.0
Kalshi OI,2023-12-03,5309627.0
Kalshi OI,2023-12-04,5360799.0
Kalshi OI,2023-12-05,5446925.0
Kalshi OI,2023-12-06,5448646.0
Kalshi OI,2023-12-07,5484286.0
Kalshi OI,2023-12-08,5356491.0
Kalshi OI,2023-12-09,5349994.0
Kalshi OI,2023-12-10,5365846.0
Kalshi OI,2023-12-11,5405444.0
Kalshi OI,2023-12-12,5344260.0
Kalshi OI,2023-12-13,5180399.0
Kalshi OI,2023-12-14,5266881.0
Kalshi OI,2023-12-15,5319524.0
Kalshi OI,2023-12-16,5374272.0
Kalshi OI,2023-12-17,5335423.0
Kalshi OI,2023-12-18,5353374.0
Kalshi OI,2023-12-19,5387177.0
Kalshi OI,2023-12-20,5441058.0
Kalshi OI,2023-12-21,5484148.0
Kalshi OI,2023-12-22,5465798.0
Kalshi OI,2023-12-23,5483194.0
Kalshi OI,2023-12-24,5504228.0
Kalshi OI,2023-12-25,5553156.0
Kalshi OI,2023-12-26,5657469.0
Kalshi OI,2023-12-27,5730013.0
Kalshi OI,2023-12-28,5738164.0
Kalshi OI,2023-12-29,3410876.0
Kalshi OI,2023-12-30,3455090.0
Kalshi OI,2023-12-31,2609140.0
Kalshi OI,2024-01-01,2629617.0
Kalshi OI,2024-01-02,2796808.0
Kalshi OI,2024-01-03,2815731.0
Kalshi OI,2024-01-04,2864608.0
Kalshi OI,2024-01-05,2862605.0
Kalshi OI,2024-01-06,2883501.0
Kalshi OI,2024-01-07,2894205.0
Kalshi OI,2024-01-08,2923710.0
Kalshi OI,2024-01-09,2951045.0
Kalshi OI,2024-01-10,2974018.0
Kalshi OI,2024-01-11,2754210.0
Kalshi OI,2024-01-12,2820915.0
Kalshi OI,2024-01-13,2829636.0
Kalshi OI,2024-01-14,2856281.0
Kalshi OI,2024-01-15,2890782.0
Kalshi OI,2024-01-16,2884074.0
Kalshi OI,2024-01-17,2913639.0
Kalshi OI,2024-01-18,2955927.0
Kalshi OI,2024-01-19,2992215.0
Kalshi OI,2024-01-20,2850471.0
Kalshi OI,2024-01-21,2903774.0
Kalshi OI,2024-01-22,2969584.0
Kalshi OI,2024-01-23,3067941.0
Kalshi OI,2024-01-24,3112451.0
Kalshi OI,2024-01-25,3058727.0
Kalshi OI,2024-01-26,3087855.0
Kalshi OI,2024-01-27,3114950.0
Kalshi OI,2024-01-28,3122699.0
Kalshi OI,2024-01-29,3134487.0
Kalshi OI,2024-01-30,3194564.0
Kalshi OI,2024-01-31,3067299.0
Kalshi OI,2024-02-01,3181455.0
Kalshi OI,2024-02-02,3202795.0
Kalshi OI,2024-02-03,3187391.0
Kalshi OI,2024-02-04,3348256.0
Kalshi OI,2024-02-05,3181436.0
Kalshi OI,2024-02-06,3249912.0
Kalshi OI,2024-02-07,3300203.0
Kalshi OI,2024-02-08,3317229.0
Kalshi OI,2024-02-09,3314203.0
Kalshi OI,2024-02-10,3333864.0
Kalshi OI,2024-02-11,3352028.0
Kalshi OI,2024-02-12,3409777.0
Kalshi OI,2024-02-13,3455887.0
Kalshi OI,2024-02-14,3522204.0
Kalshi OI,2024-02-15,3556813.0
Kalshi OI,2024-02-16,3632069.0
Kalshi OI,2024-02-17,3682558.0
Kalshi OI,2024-02-18,3717718.0
Kalshi OI,2024-02-19,3734901.0
Kalshi OI,2024-02-20,3740798.0
Kalshi OI,2024-02-21,3768424.0
Kalshi OI,2024-02-22,3765863.0
Kalshi OI,2024-02-23,3793240.0
Kalshi OI,2024-02-24,3789972.0
Kalshi OI,2024-02-25,3738416.0
Kalshi OI,2024-02-26,3778497.0
Kalshi OI,2024-02-27,3836245.0
Kalshi OI,2024-02-28,3931129.0
Kalshi OI,2024-02-29,3919008.0
Kalshi OI,2024-03-01,3918152.0
Kalshi OI,2024-03-02,3944180.0
Kalshi OI,2024-03-03,3940367.0
Kalshi OI,2024-03-04,4048779.0
Kalshi OI,2024-03-05,4265904.0
Kalshi OI,2024-03-06,4444141.0
Kalshi OI,2024-03-07,4499973.0
Kalshi OI,2024-03-08,4274527.0
Kalshi OI,2024-03-09,4281262.0
Kalshi OI,2024-03-10,4442139.0
Kalshi OI,2024-03-11,4499968.0
Kalshi OI,2024-03-12,4409742.0
Kalshi OI,2024-03-13,4416852.0
Kalshi OI,2024-03-14,4427835.0
Kalshi OI,2024-03-15,4135053.0
Kalshi OI,2024-03-16,4152239.0
Kalshi OI,2024-03-17,4671870.0
Kalshi OI,2024-03-18,5742197.0
Kalshi OI,2024-03-19,5787955.0
Kalshi OI,2024-03-20,5309944.0
Kalshi OI,2024-03-21,5533728.0
Kalshi OI,2024-03-22,4215965.0
Kalshi OI,2024-03-23,4258678.0
Kalshi OI,2024-03-24,4468129.0
Kalshi OI,2024-03-25,4731431.0
Kalshi OI,2024-03-26,4992626.0
Kalshi OI,2024-03-27,5018511.0
Kalshi OI,2024-03-28,5009556.0
Kalshi OI,2024-03-29,4458193.0
Kalshi OI,2024-03-30,4869807.0
Kalshi OI,2024-03-31,5395918.0
Kalshi OI,2024-04-01,4917004.0
Kalshi OI,2024-04-02,4939451.0
Kalshi OI,2024-04-03,5350302.0
Kalshi OI,2024-04-04,5174295.0
Kalshi OI,2024-04-05,4457784.0
Kalshi OI,2024-04-06,4469418.0
Kalshi OI,2024-04-07,5216922.0
Kalshi OI,2024-04-08,5586258.0
Kalshi OI,2024-04-09,5714229.0
Kalshi OI,2024-04-10,5591724.0
Kalshi OI,2024-04-11,5648188.0
Kalshi OI,2024-04-12,4630401.0
Kalshi OI,2024-04-13,4667118.0
Kalshi OI,2024-04-14,5011826.0
Kalshi OI,2024-04-15,5676069.0
Kalshi OI,2024-04-16,5681294.0
Kalshi OI,2024-04-17,5523460.0
Kalshi OI,2024-04-18,5584583.0
Kalshi OI,2024-04-19,5090149.0
Kalshi OI,2024-04-20,5136929.0
Kalshi OI,2024-04-21,6625259.0
Kalshi OI,2024-04-22,6261014.0
Kalshi OI,2024-04-23,6363775.0
Kalshi OI,2024-04-24,6464530.0
Kalshi OI,2024-04-25,6384002.0
Kalshi OI,2024-04-26,5387236.0
Kalshi OI,2024-04-27,5688964.0
Kalshi OI,2024-04-28,5855435.0
Kalshi OI,2024-04-29,6360192.0
Kalshi OI,2024-04-30,6473096.0
Kalshi OI,2024-05-01,5598394.0
Kalshi OI,2024-05-02,5801035.0
Kalshi OI,2024-05-03,5219454.0
Kalshi OI,2024-05-04,5528824.0
Kalshi OI,2024-05-05,6062753.0
Kalshi OI,2024-05-06,6497212.0
Kalshi OI,2024-05-07,6630716.0
Kalshi OI,2024-05-08,6665628.0
Kalshi OI,2024-05-09,6743909.0
Kalshi OI,2024-05-10,5629309.0
Kalshi OI,2024-05-11,5711891.0
Kalshi OI,2024-05-12,5760650.0
Kalshi OI,2024-05-13,5810829.0
Kalshi OI,2024-05-14,6972064.0
Kalshi OI,2024-05-15,6916787.0
Kalshi OI,2024-05-16,6323239.0
Kalshi OI,2024-05-17,5687065.0
Kalshi OI,2024-05-18,5785938.0
Kalshi OI,2024-05-19,6658348.0
Kalshi OI,2024-05-20,5948099.0
Kalshi OI,2024-05-21,6459872.0
Kalshi OI,2024-05-22,6014287.0
Kalshi OI,2024-05-23,6098385.0
Kalshi OI,2024-05-24,5787754.0
Kalshi OI,2024-05-25,5816774.0
Kalshi OI,2024-05-26,6173298.0
Kalshi OI,2024-05-27,6108050.0
Kalshi OI,2024-05-28,6267040.0
Kalshi OI,2024-05-29,6941006.0
Kalshi OI,2024-05-30,6978304.0
Kalshi OI,2024-05-31,6042230.0
Kalshi OI,2024-06-01,6024546.0
Kalshi OI,2024-06-02,6998532.0
Kalshi OI,2024-06-03,6646413.0
Kalshi OI,2024-06-04,6983107.0
Kalshi OI,2024-06-05,6813568.0
Kalshi OI,2024-06-06,6900387.0
Kalshi OI,2024-06-07,6251859.0
Kalshi OI,2024-06-08,6291684.0
Kalshi OI,2024-06-09,7055191.0
Kalshi OI,2024-06-10,6747557.0
Kalshi OI,2024-06-11,6970107.0
Kalshi OI,2024-06-12,5757346.0
Kalshi OI,2024-06-13,6014261.0
Kalshi OI,2024-06-14,5711828.0
Kalshi OI,2024-06-15,6115271.0
Kalshi OI,2024-06-16,7667538.0
Kalshi OI,2024-06-17,6631481.0
Kalshi OI,2024-06-18,6679713.0
Kalshi OI,2024-06-19,6908083.0
Kalshi OI,2024-06-20,7201102.0
Kalshi OI,2024-06-21,6044384.0
Kalshi OI,2024-06-22,6073024.0
Kalshi OI,2024-06-23,6740193.0
Kalshi OI,2024-06-24,6875400.0
Kalshi OI,2024-06-25,7303839.0
Kalshi OI,2024-06-26,7077632.0
Kalshi OI,2024-06-27,7636121.0
Kalshi OI,2024-06-28,6296216.0
Kalshi OI,2024-06-29,6695279.0
Kalshi OI,2024-06-30,7499453.0
Kalshi OI,2024-07-01,6667344.0
Kalshi OI,2024-07-02,6747178.0
Kalshi OI,2024-07-03,6946003.0
Kalshi OI,2024-07-04,7183734.0
Kalshi OI,2024-07-05,6430215.0
Kalshi OI,2024-07-06,6651224.0
Kalshi OI,2024-07-07,7891252.0
Kalshi OI,2024-07-08,7263600.0
Kalshi OI,2024-07-09,7452598.0
Kalshi OI,2024-07-10,7499142.0
Kalshi OI,2024-07-11,7521700.0
Kalshi OI,2024-07-12,6754340.0
Kalshi OI,2024-07-13,6771657.0
Kalshi OI,2024-07-14,7789313.0
Kalshi OI,2024-07-15,7823431.0
Kalshi OI,2024-07-16,7880537.0
Kalshi OI,2024-07-17,7855012.0
Kalshi OI,2024-07-18,7977572.0
Kalshi OI,2024-07-19,7030321.0
Kalshi OI,2024-07-20,7057005.0
Kalshi OI,2024-07-21,7570889.0
Kalshi OI,2024-07-22,7899337.0
Kalshi OI,2024-07-23,8363204.0
Kalshi OI,2024-07-24,8413888.0
Kalshi OI,2024-07-25,8439190.0
Kalshi OI,2024-07-26,7316294.0
Kalshi OI,2024-07-27,7333832.0
Kalshi OI,2024-07-28,7341875.0
Kalshi OI,2024-07-29,7272760.0
Kalshi OI,2024-07-30,7351897.0
Kalshi OI,2024-07-31,6283363.0
Kalshi OI,2024-08-01,6484576.0
Kalshi OI,2024-08-02,6818275.0
Kalshi OI,2024-08-03,6862668.0
Kalshi OI,2024-08-04,6913315.0
Kalshi OI,2024-08-05,7061919.0
Kalshi OI,2024-08-06,7204597.0
Kalshi OI,2024-08-07,7323790.0
Kalshi OI,2024-08-08,7359152.0
Kalshi OI,2024-08-09,7378948.0
Kalshi OI,2024-08-10,7410770.0
Kalshi OI,2024-08-11,7413501.0
Kalshi OI,2024-08-12,7438306.0
Kalshi OI,2024-08-13,7607202.0
Kalshi OI,2024-08-14,7574596.0
Kalshi OI,2024-08-15,7576254.0
Kalshi OI,2024-08-16,7610385.0
Kalshi OI,2024-08-17,7669558.0
Kalshi OI,2024-08-18,7604238.0
Kalshi OI,2024-08-19,7700720.0
Kalshi OI,2024-08-20,7757116.0
Kalshi OI,2024-08-21,7778885.0
Kalshi OI,2024-08-22,7873202.0
Kalshi OI,2024-08-23,7892299.0
Kalshi OI,2024-08-24,7909415.0
Kalshi OI,2024-08-25,7898460.0
Kalshi OI,2024-08-26,7836071.0
Kalshi OI,2024-08-27,7893545.0
Kalshi OI,2024-08-28,7959933.0
Kalshi OI,2024-08-29,7989479.0
Kalshi OI,2024-08-30,7985696.0
Kalshi OI,2024-08-31,7954368.0
Kalshi OI,2024-09-01,7920492.0
Kalshi OI,2024-09-02,7913062.0
Kalshi OI,2024-09-03,7994185.0
Kalshi OI,2024-09-04,8083219.0
Kalshi OI,2024-09-05,8102997.0
Kalshi OI,2024-09-06,8227092.0
Kalshi OI,2024-09-07,8236901.0
Kalshi OI,2024-09-08,8212466.0
Kalshi OI,2024-09-09,8186662.0
Kalshi OI,2024-09-10,8315850.0
Kalshi OI,2024-09-11,8298406.0
Kalshi OI,2024-09-12,8554008.0
Kalshi OI,2024-09-13,8704081.0
Kalshi OI,2024-09-14,8811701.0
Kalshi OI,2024-09-15,8843561.0
Kalshi OI,2024-09-16,8882794.0
Kalshi OI,2024-09-17,9004025.0
Kalshi OI,2024-09-18,7077938.0
Kalshi OI,2024-09-19,7098208.0
Kalshi OI,2024-09-20,7170989.0
Kalshi OI,2024-09-21,7221643.0
Kalshi OI,2024-09-22,7258289.0
Kalshi OI,2024-09-23,7269484.0
Kalshi OI,2024-09-24,7342699.0
Kalshi OI,2024-09-25,7428633.0
Kalshi OI,2024-09-26,7472248.0
Kalshi OI,2024-09-27,7492641.0
Kalshi OI,2024-09-28,7509911.0
Kalshi OI,2024-09-29,7490395.0
Kalshi OI,2024-09-30,7409497.0
Kalshi OI,2024-10-01,7431367.0
Kalshi OI,2024-10-02,7540000.0
Kalshi OI,2024-10-03,7609399.0
Kalshi OI,2024-10-04,7931709.0
Kalshi OI,2024-10-05,7995446.0
Kalshi OI,2024-10-06,8037979.0
Kalshi OI,2024-10-07,8531896.0
Kalshi OI,2024-10-08,9393548.0
Kalshi OI,2024-10-09,10663984.0
Kalshi OI,2024-10-10,11805901.0
Kalshi OI,2024-10-11,13580168.0
Kalshi OI,2024-10-12,14311065.0
Kalshi OI,2024-10-13,14311065.0
Kalshi OI,2024-10-14,15959595.0
Kalshi OI,2024-10-15,21607160.0
Kalshi OI,2024-10-16,25313212.0
Kalshi OI,2024-10-17,31556709.0
Kalshi OI,2024-10-18,36814130.0
Kalshi OI,2024-10-19,38143795.0
Kalshi OI,2024-10-20,39947560.0
Kalshi OI,2024-10-21,47439115.0
Kalshi OI,2024-10-22,54714377.0
Kalshi OI,2024-10-23,63140717.0
Kalshi OI,2024-10-24,72610253.0
Kalshi OI,2024-10-25,82909883.0
Kalshi OI,2024-10-26,87236248.0
Kalshi OI,2024-10-27,90541700.0
Kalshi OI,2024-10-28,97231212.0
Kalshi OI,2024-10-29,108352373.0
Kalshi OI,2024-10-30,123391683.0
Kalshi OI,2024-10-31,151339981.0
Kalshi OI,2024-11-01,177598661.0
Kalshi OI,2024-11-02,199254826.0
Kalshi OI,2024-11-03,216605042.0
Kalshi OI,2024-11-04,285728815.0
Kalshi OI,2024-11-05,398763533.0
Kalshi OI,2024-11-06,359304744.0
Kalshi OI,2024-11-07,355099848.0
Kalshi OI,2024-11-08,362535793.0
Kalshi OI,2024-11-09,365654937.0
Kalshi OI,2024-11-10,374684532.0
Kalshi OI,2024-11-11,382032504.0
Kalshi OI,2024-11-12,390372036.0
Kalshi OI,2024-11-13,389654113.0
Kalshi OI,2024-11-14,392003519.0
Kalshi OI,2024-11-15,392003519.0
Kalshi OI,2024-11-16,399520329.0
Kalshi OI,2024-11-17,401571114.0
Kalshi OI,2024-11-18,409653323.0
Kalshi OI,2024-11-19,415195734.0
Kalshi OI,2024-11-20,417198545.0
Kalshi OI,2024-11-21,417737521.0
Kalshi OI,2024-11-22,418317904.0
Kalshi OI,2024-11-23,419516272.0
Kalshi OI,2024-11-24,419924325.0
Kalshi OI,2024-11-25,419801217.0
Kalshi OI,2024-11-26,429156498.0
Kalshi OI,2024-11-27,430210411.0
Kalshi OI,2024-11-28,430882007.0
Kalshi OI,2024-11-29,430193314.0
Kalshi OI,2024-11-30,430835831.0
Kalshi OI,2024-12-01,430793308.0
Kalshi OI,2024-12-02,430603144.0
Kalshi OI,2024-12-03,430309055.0
Kalshi OI,2024-12-04,430446998.0
Kalshi OI,2024-12-05,432036280.0
Kalshi OI,2024-12-06,432230559.0
Kalshi OI,2024-12-07,432505141.0
Kalshi OI,2024-12-08,432456579.0
Kalshi OI,2024-12-09,431945571.0
Kalshi OI,2024-12-10,431945571.0
Kalshi OI,2024-12-11,432088334.0
Kalshi OI,2024-12-12,430724486.0
Kalshi OI,2024-12-13,430724486.0
Kalshi OI,2024-12-14,431230826.0
Kalshi OI,2024-12-15,431373728.0
Kalshi OI,2024-12-16,431205124.0
Kalshi OI,2024-12-17,433563568.0
Kalshi OI,2024-12-18,433143853.0
Kalshi OI,2024-12-19,434317426.0
Kalshi OI,2024-12-20,435141332.0
Kalshi OI,2024-12-21,435728170.0
Kalshi OI,2024-12-22,435889663.0
Kalshi OI,2024-12-23,434627301.0
Kalshi OI,2024-12-24,435778364.0
Kalshi OI,2024-12-25,436066441.0
Kalshi OI,2024-12-26,436540494.0
Kalshi OI,2024-12-27,436848132.0
Kalshi OI,2024-12-28,437394789.0
Kalshi OI,2024-12-29,437907929.0
Kalshi OI,2024-12-30,437678507.0
Kalshi OI,2024-12-31,430906704.0
Kalshi OI,2025-01-01,430906704.0
Kalshi OI,2025-01-02,431098431.0
Kalshi OI,2025-01-03,413658636.0
Kalshi OI,2025-01-04,413658636.0
Kalshi OI,2025-01-05,414432680.0
Kalshi OI,2025-01-06,414432680.0
Kalshi OI,2025-01-07,159742937.0
Kalshi OI,2025-01-08,161155417.0
Kalshi OI,2025-01-09,162314385.0
Kalshi OI,2025-01-10,162667783.0
Kalshi OI,2025-01-11,163530738.0
Kalshi OI,2025-01-12,164045059.0
Kalshi OI,2025-01-13,164118123.0
Kalshi OI,2025-01-14,165390560.0
Kalshi OI,2025-01-15,166770448.0
Kalshi OI,2025-01-16,168095111.0
Kalshi OI,2025-01-17,170156420.0
Kalshi OI,2025-01-18,169105940.0
Kalshi OI,2025-01-19,170529295.0
Kalshi OI,2025-01-20,65347588.0
Kalshi OI,2025-01-21,56432014.0
Kalshi OI,2025-01-22,56853112.0
Kalshi OI,2025-01-23,57979249.0
Kalshi OI,2025-01-24,55571346.0
Kalshi OI,2025-01-25,56758074.0
Kalshi OI,2025-01-26,56740656.0
Kalshi OI,2025-01-27,55869683.0
Kalshi OI,2025-01-28,57325427.0
Kalshi OI,2025-01-29,57589582.0
Kalshi OI,2025-01-30,59235470.0
Kalshi OI,2025-01-31,58663258.0
Kalshi OI,2025-02-01,33912953.0
Kalshi OI,2025-02-02,32316878.0
Kalshi OI,2025-02-03,33634072.0
Kalshi OI,2025-02-04,34366726.0
Kalshi OI,2025-02-05,34180867.0
Kalshi OI,2025-02-06,35815569.0
Kalshi OI,2025-02-07,36813666.0
Kalshi OI,2025-02-08,39200241.0
Kalshi OI,2025-02-09,33336091.0
Kalshi OI,2025-02-10,34032837.0
Kalshi OI,2025-02-11,35192412.0
Kalshi OI,2025-02-12,32014644.0
Kalshi OI,2025-02-13,32014644.0
Kalshi OI,2025-02-14,28013384.0
Kalshi OI,2025-02-15,30667027.0
Kalshi OI,2025-02-16,30817314.0
Kalshi OI,2025-02-17,31003351.0
Kalshi OI,2025-02-18,31901598.0
Kalshi OI,2025-02-19,33170906.0
Kalshi OI,2025-02-20,31637669.0
Kalshi OI,2025-02-21,32435590.0
Kalshi OI,2025-02-22,33525383.0
Kalshi OI,2025-02-23,33735945.0
Kalshi OI,2025-02-24,33488531.0
Kalshi OI,2025-02-25,34912511.0
Kalshi OI,2025-02-26,36371889.0
Kalshi OI,2025-02-27,37531872.0
Kalshi OI,2025-02-28,37757340.0
Kalshi OI,2025-03-01,37369973.0
Kalshi OI,2025-03-02,31277572.0
Kalshi OI,2025-03-03,31455464.0
Kalshi OI,2025-03-04,29051528.0
Kalshi OI,2025-03-05,31344183.0
Kalshi OI,2025-03-06,32737261.0
Kalshi OI,2025-03-07,33060905.0
Kalshi OI,2025-03-08,34262593.0
Kalshi OI,2025-03-09,33852571.0
Kalshi OI,2025-03-10,32871875.0
Kalshi OI,2025-03-11,33574902.0
Kalshi OI,2025-03-12,33384518.0
Kalshi OI,2025-03-13,34789304.0
Kalshi OI,2025-03-14,35470942.0
Kalshi OI,2025-03-15,35927715.0
Kalshi OI,2025-03-16,36553346.0
Kalshi OI,2025-03-17,36933197.0
Kalshi OI,2025-03-18,39391319.0
Kalshi OI,2025-03-19,44820949.0
Kalshi OI,2025-03-20,47328315.0
Kalshi OI,2025-03-21,46443014.0
Kalshi OI,2025-03-22,46323080.0
Kalshi OI,2025-03-23,43929350.0
Kalshi OI,2025-03-24,46776340.0
Kalshi OI,2025-03-25,49847902.0
Kalshi OI,2025-03-26,52912135.0
Kalshi OI,2025-03-27,51218446.0
Kalshi OI,2025-03-28,47890745.0
Kalshi OI,2025-03-29,48481410.0
Kalshi OI,2025-03-30,47495370.0
Kalshi OI,2025-03-31,47988916.0
Kalshi OI,2025-04-01,47988916.0
Kalshi OI,2025-04-02,52246122.0
Kalshi OI,2025-04-03,54780178.0
Kalshi OI,2025-04-04,56417558.0
Kalshi OI,2025-04-05,44517661.0
Kalshi OI,2025-04-06,45029120.0
Kalshi OI,2025-04-07,38755153.0
Kalshi OI,2025-04-08,40456989.0
Kalshi OI,2025-04-09,51347782.0
Kalshi OI,2025-04-10,65300160.0
Kalshi OI,2025-04-11,71817366.0
Kalshi OI,2025-04-12,80291341.0
Kalshi OI,2025-04-13,48301743.0
Kalshi OI,2025-04-14,49683651.0
Kalshi OI,2025-04-15,51219443.0
Kalshi OI,2025-04-16,52839804.0
Kalshi OI,2025-04-17,55066989.0
Kalshi OI,2025-04-18,56865651.0
Kalshi OI,2025-04-19,61215785.0
Kalshi OI,2025-04-20,62776146.0
Kalshi OI,2025-04-21,66732555.0
Kalshi OI,2025-04-22,71525055.0
Kalshi OI,2025-04-23,76171645.0
Kalshi OI,2025-04-24,79549987.0
Kalshi OI,2025-04-25,83011157.0
Kalshi OI,2025-04-26,84148733.0
Kalshi OI,2025-04-27,85937956.0
Kalshi OI,2025-04-28,92009939.0
Kalshi OI,2025-04-29,91738178.0
Kalshi OI,2025-04-30,86958660.0
Kalshi OI,2025-05-01,84417387.0
Kalshi OI,2025-05-02,89987938.0
Kalshi OI,2025-05-03,89816033.0
Kalshi OI,2025-05-04,86931492.0
Kalshi OI,2025-05-05,94777643.0
Kalshi OI,2025-05-06,102889709.0
Kalshi OI,2025-05-07,80751591.0
Kalshi OI,2025-05-08,76417878.0
Kalshi OI,2025-05-09,76417878.0
Kalshi OI,2025-05-10,82387431.0
Kalshi OI,2025-05-11,84894651.0
Kalshi OI,2025-05-12,90373651.0
Kalshi OI,2025-05-13,84854186.0
Kalshi OI,2025-05-14,84477913.0
Kalshi OI,2025-05-15,94683630.0
Kalshi OI,2025-05-16,87384662.0
Kalshi OI,2025-05-17,91188383.0
Kalshi OI,2025-05-18,61942526.0
Kalshi OI,2025-05-19,66541886.0
Kalshi OI,2025-05-20,69703741.0
Kalshi OI,2025-05-21,72155924.0
Kalshi OI,2025-05-22,74789291.0
Kalshi OI,2025-05-23,77240049.0
Kalshi OI,2025-05-24,79690132.0
Kalshi OI,2025-05-25,78084566.0
Kalshi OI,2025-05-26,78677004.0
Kalshi OI,2025-05-27,77027493.0
Kalshi OI,2025-05-28,70077220.0
Kalshi OI,2025-05-29,71775624.0
Kalshi OI,2025-05-30,73528874.0
Kalshi OI,2025-05-31,64120981.0
Kalshi OI,2025-06-01,66097637.0
Kalshi OI,2025-06-02,69336608.0
Kalshi OI,2025-06-03,71655044.0
Kalshi OI,2025-06-04,73344802.0
Kalshi OI,2025-06-05,75702213.0
Kalshi OI,2025-06-06,76385602.0
Kalshi OI,2025-06-07,80670973.0
Kalshi OI,2025-06-08,74377070.0
Kalshi OI,2025-06-09,78927397.0
Kalshi OI,2025-06-10,85430261.0
Kalshi OI,2025-06-11,86670538.0
Kalshi OI,2025-06-12,103886277.0
Kalshi OI,2025-06-13,112392167.0
Kalshi OI,2025-06-14,113089168.0
Kalshi OI,2025-06-15,87437700.0
Kalshi OI,2025-06-16,87215543.0
Kalshi OI,2025-06-17,89133839.0
Kalshi OI,2025-06-18,66373507.0
Kalshi OI,2025-06-19,67914379.0
Kalshi OI,2025-06-20,74069604.0
Kalshi OI,2025-06-21,78420319.0
Kalshi OI,2025-06-22,45701450.0
Kalshi OI,2025-06-23,48143740.0
Kalshi OI,2025-06-24,54211744.0
Kalshi OI,2025-06-25,58154354.0
Kalshi OI,2025-06-26,62071568.0
Kalshi OI,2025-06-27,66931164.0
Kalshi OI,2025-06-28,70821978.0
Kalshi OI,2025-06-29,63417142.0
Kalshi OI,2025-06-30,66826784.0
Kalshi OI,2025-07-01,62202665.0
Kalshi OI,2025-07-02,66772526.0
Kalshi OI,2025-07-03,72558072.0
Kalshi OI,2025-07-04,67041267.0
Kalshi OI,2025-07-05,70362561.0
Kalshi OI,2025-07-06,68971749.0
Kalshi OI,2025-07-07,69732577.0
Kalshi OI,2025-07-08,74296832.0
Kalshi OI,2025-07-09,74747312.0
Kalshi OI,2025-07-10,77679630.0
Kalshi OI,2025-07-11,76158465.0
Kalshi OI,2025-07-12,77934415.0
Kalshi OI,2025-07-13,69667168.0
Kalshi OI,2025-07-14,70614927.0
Kalshi OI,2025-07-15,71358059.0
Kalshi OI,2025-07-16,79210790.0
Kalshi OI,2025-07-17,90098376.0
Kalshi OI,2025-07-18,95878513.0
Kalshi OI,2025-07-19,102496269.0
Kalshi OI,2025-07-20,75656965.0
Kalshi OI,2025-07-21,78352141.0
Kalshi OI,2025-07-22,81346754.0
Kalshi OI,2025-07-23,90858803.0
Kalshi OI,2025-07-24,100165202.0
Kalshi OI,2025-07-25,108401159.0
Kalshi OI,2025-07-26,111642411.0
Kalshi OI,2025-07-27,95037477.0
Kalshi OI,2025-07-28,98955633.0
Kalshi OI,2025-07-29,105559614.0
Kalshi OI,2025-07-30,70987378.0
Kalshi OI,2025-07-31,77351858.0
Kalshi OI,2025-08-01,82056136.0
Kalshi OI,2025-08-02,87965105.0
Kalshi OI,2025-08-03,75222507.0
Kalshi OI,2025-08-04,78929730.0
Kalshi OI,2025-08-05,83773902.0
Kalshi OI,2025-08-06,87601376.0
Kalshi OI,2025-08-07,94271700.0
Kalshi OI,2025-08-08,99312638.0
Kalshi OI,2025-08-09,104081992.0
Kalshi OI,2025-08-10,89412653.0
Kalshi OI,2025-08-11,92718810.0
Kalshi OI,2025-08-12,95953646.0
Kalshi OI,2025-08-13,102356475.0
Kalshi OI,2025-08-14,109888509.0
Kalshi OI,2025-08-15,116160677.0
Kalshi OI,2025-08-16,116940099.0
Kalshi OI,2025-08-17,103340462.0
Kalshi OI,2025-08-18,105262910.0
Kalshi OI,2025-08-19,108624396.0
Kalshi OI,2025-08-20,114867068.0
Kalshi OI,2025-08-21,123662269.0
Kalshi OI,2025-08-22,133216430.0
Kalshi OI,2025-08-23,137956932.0
Kalshi OI,2025-08-24,124975843.0
Kalshi OI,2025-08-25,128973191.0
Kalshi OI,2025-08-26,134243896.0
Kalshi OI,2025-08-27,139168122.0
Kalshi OI,2025-08-28,142482738.0
Kalshi OI,2025-08-29,148568667.0
Kalshi OI,2025-08-30,152199158.0
Kalshi OI,2025-08-31,144310027.0
Kalshi OI,2025-09-01,146427275.0
Kalshi OI,2025-09-02,152344592.0
Kalshi OI,2025-09-03,157493743.0
Kalshi OI,2025-09-04,159280224.0
Kalshi OI,2025-09-05,163365467.0
Kalshi OI,2025-09-06,163482164.0
Kalshi OI,2025-09-07,155355270.0
Kalshi OI,2025-09-08,160078543.0
Kalshi OI,2025-09-09,168273241.0
Kalshi OI,2025-09-10,176509536.0
Kalshi OI,2025-09-11,178898224.0
Kalshi OI,2025-09-12,191195704.0
Kalshi OI,2025-09-13,200603635.0
Kalshi OI,2025-09-14,177033646.0
Kalshi OI,2025-09-15,200817766.0
Kalshi OI,2025-09-16,203933602.0
Kalshi OI,2025-09-17,168245137.0
Kalshi OI,2025-09-18,169354214.0
Kalshi OI,2025-09-19,180712904.0
Kalshi OI,2025-09-20,188732362.0
Kalshi OI,2025-09-21,168747675.0
Kalshi OI,2025-09-22,172987888.0
Kalshi OI,2025-09-23,181565572.0
Kalshi OI,2025-09-24,188252891.0
Kalshi OI,2025-09-25,193397435.0
Kalshi OI,2025-09-26,208180858.0
Kalshi OI,2025-09-27,209591370.0
Kalshi OI,2025-09-28,186695513.0
Kalshi OI,2025-09-29,185451866.0
Kalshi OI,2025-09-30,197411469.0
Kalshi OI,2025-10-01,194617193.0
Kalshi OI,2025-10-02,197177909.0
Kalshi OI,2025-10-03,220501069.0
Kalshi OI,2025-10-04,214341402.0
Kalshi OI,2025-10-05,195113023.0
Kalshi OI,2025-10-06,200756189.0
Kalshi OI,2025-10-07,210688098.0
Kalshi OI,2025-10-08,215309253.0
Kalshi OI,2025-10-09,222358310.0
Kalshi OI,2025-10-10,236205970.0
Kalshi OI,2025-10-11,233704020.0
Kalshi OI,2025-10-12,233704020.0
Kalshi OI,2025-10-13,208077309.0
Kalshi OI,2025-10-14,222316964.0
Kalshi OI,2025-10-15,227130429.0
Kalshi OI,2025-10-16,235071915.0
Kalshi OI,2025-10-17,249636997.0
Kalshi OI,2025-10-18,248589436.0
Kalshi OI,2025-10-19,237271396.0
Kalshi OI,2025-10-20,252049809.0
Kalshi OI,2025-10-21,241020515.0
Kalshi OI,2025-10-22,251517084.0
Kalshi OI,2025-10-23,263817177.0
Kalshi OI,2025-10-24,280516690.0
Kalshi OI,2025-10-25,287584635.0
Kalshi OI,2025-10-26,263669980.0
Kalshi OI,2025-10-27,279788678.0
Kalshi OI,2025-10-28,290295905.0
Kalshi OI,2025-10-29,272643098.0
Kalshi OI,2025-10-30,290030231.0
Kalshi OI,2025-10-31,296992094.0
Kalshi OI,2025-11-01,298030717.0
Kalshi OI,2025-11-02,283629644.0
Kalshi OI,2025-11-03,306884020.0
Kalshi OI,2025-11-04,342446124.0
Kalshi OI,2025-11-05,341816295.0
Kalshi OI,2025-11-06,266841662.0
Kalshi OI,2025-11-07,271958580.0
Kalshi OI,2025-11-08,281838584.0
Kalshi OI,2025-11-09,264456124.0
Kalshi OI,2025-11-10,276545382.0
Kalshi OI,2025-11-11,276203247.0
Kalshi OI,2025-11-12,295972250.0
Kalshi OI,2025-11-13,278853549.0
Kalshi OI,2025-11-14,288759192.0
Kalshi OI,2025-11-15,305505016.0
Kalshi OI,2025-11-16,278681462.0
Kalshi OI,2025-11-17,282719292.0
Kalshi OI,2025-11-18,299492965.0
Kalshi OI,2025-11-19,296883774.0
Kalshi OI,2025-11-20,305202347.0
Kalshi OI,2025-11-21,318453839.0
Kalshi OI,2025-11-22,323399990.0
Kalshi OI,2025-11-23,323399990.0
Kalshi OI,2025-11-24,312200061.0
Kalshi OI,2025-11-25,326384268.0
Kalshi OI,2025-11-26,326384268.0
Kalshi OI,2025-11-27,332939386.0
Kalshi OI,2025-11-28,324346843.0
Kalshi OI,2025-11-29,334650673.0
Kalshi OI,2025-11-30,348304134.0
Kalshi OI,2025-12-01,331009049.0
Kalshi OI,2025-12-02,330475207.0
Kalshi OI,2025-12-03,336745253.0
Kalshi OI,2025-12-04,319690062.0
Kalshi OI,2025-12-05,0.0
Kalshi OI,2025-12-06,324710009.0
Kalshi OI,2025-12-07,334004145.0
Kalshi OI,2025-12-08,324979694.0
Kalshi OI,2025-12-09,298321446.0
Kalshi OI,2025-12-10,306874657.0
Kalshi OI,2025-12-11,301015873.0
Kalshi OI,2025-12-12,292843010.0
Kalshi OI,2025-12-13,0.0
Kalshi OI,2025-12-14,319398796.0
Kalshi OI,2025-12-15,311636029.0
Kalshi OI,2025-12-16,0.0
Kalshi OI,2025-12-17,0.0
Kalshi OI,2025-12-18,327618647.0
Kalshi OI,2025-12-19,333970753.0
Kalshi OI,2025-12-20,334421736.0
Kalshi OI,2025-12-21,337627131.0
Kalshi OI,2025-12-22,324074930.0
Kalshi OI,2025-12-23,319996411.0
Kalshi OI,2025-12-24,335237314.0
Kalshi OI,2025-12-25,355709290.0
Kalshi OI,2025-12-26,352700042.0
Kalshi OI,2025-12-27,344275424.0
Kalshi OI,2025-12-28,359433511.0
Kalshi OI,2025-12-29,340228437.0
Kalshi OI,2025-12-30,352485852.0
Kalshi OI,2025-12-31,366039243.0
Kalshi OI,2026-01-01,297049482.0
Kalshi OI,2026-01-02,255968245.0
Kalshi OI,2026-01-03,279706629.0
Kalshi OI,2026-01-04,276044867.0
Kalshi OI,2026-01-05,264710458.0
Kalshi OI,2026-01-06,277846521.0
Kalshi OI,2026-01-07,299270762.0
Kalshi OI,2026-01-08,307652141.0
Kalshi OI,2026-01-09,318934507.0
Kalshi OI,2026-01-10,330045038.0
Kalshi OI,2026-01-11,334244591.0
Kalshi OI,2026-01-12,310563916.0
Kalshi OI,2026-01-13,309046152.0
Kalshi OI,2026-01-14,344004160.0
Kalshi OI,2026-01-15,360840096.0
Kalshi OI,2026-01-16,377880728.0
Kalshi OI,2026-01-17,407760508.0
Kalshi OI,2026-01-18,370555665.0
Kalshi OI,2026-01-19,357133888.0
Kalshi OI,2026-01-20,325237227.0
Kalshi OI,2026-01-21,340380139.0
Kalshi OI,2026-01-22,354543115.0
Kalshi OI,2026-01-23,357105571.0
Kalshi OI,2026-01-24,379690829.0
Kalshi OI,2026-01-25,404507547.0
Kalshi OI,2026-01-26,336118790.0
Kalshi OI,2026-01-27,363435419.0
Kalshi OI,2026-01-28,379139743.0
Kalshi OI,2026-01-29,360748302.0
Kalshi OI,2026-01-30,390891496.0
Kalshi OI,2026-01-31,417719227.0
Kalshi OI,2026-02-01,405448408.0
Kalshi OI,2026-02-02,376621766.0
Kalshi OI,2026-02-03,398977029.0
Kalshi OI,2026-02-04,418087100.0
Kalshi OI,2026-02-05,426311668.0
Kalshi OI,2026-02-06,416841685.0
Kalshi OI,2026-02-07,466472211.0
Kalshi OI,2026-02-08,539656712.0
Kalshi OI,2026-02-09,470139950.0
Kalshi OI,2026-02-10,367905192.0
Kalshi OI,2026-02-11,343297184.0
Kalshi OI,2026-02-12,358366663.0
Kalshi OI,2026-02-13,390315992.0
Kalshi OI,2026-02-14,399891033.0
Kalshi OI,2026-02-15,418764785.0
Kalshi OI,2026-02-16,383403890.0
Kalshi OI,2026-02-17,401117577.0
Kalshi OI,2026-02-18,421007266.0
Kalshi OI,2026-02-19,438813563.0
Kalshi OI,2026-02-20,460332931.0
Kalshi OI,2026-02-21,465182878.0
Kalshi OI,2026-02-22,477042570.0
Kalshi OI,2026-02-23,425561394.0
Kalshi OI,2026-02-24,445677347.0
Kalshi OI,2026-02-25,472321233.0
Kalshi OI,2026-02-26,464530536.0
Kalshi OI,2026-02-27,475348324.0
Kalshi OI,2026-02-28,492399536.0
Kalshi OI,2026-03-01,479841655.0
Kalshi OI,2026-03-02,439541409.0
Kalshi OI,2026-03-03,463014975.0
Kalshi OI,2026-03-04,503393895.0
Kalshi OI,2026-03-05,505957386.0
Kalshi OI,2026-03-06,402011430.0
Kalshi OI,2026-03-07,422218014.0
Kalshi OI,2026-03-08,428480813.0
Kalshi OI,2026-03-09,0.0
Kalshi OI,2026-03-10,418112631.0
Kalshi OI,2026-03-11,433574703.0
Kalshi OI,2026-03-12,451194385.0
Kalshi OI,2026-03-13,476440491.0
Kalshi OI,2026-03-14,488345604.0
Kalshi OI,2026-03-15,508608755.0
Kalshi OI,2026-03-16,424840543.0
Kalshi OI,2026-03-17,463371726.0
Kalshi OI,2026-03-18,475754157.0
Kalshi OI,2026-03-19,483404040.0
Kalshi OI,2026-03-20,484084876.0
Kalshi OI,2026-03-21,496671312.0
Kalshi OI,2026-03-22,495825625.0
Kalshi OI,2026-03-23,453575746.0
Kalshi OI,2026-03-24,466306278.0
Kalshi OI,2026-03-25,507830569.0
Kalshi OI,2026-03-26,517913953.0
Kalshi OI,2026-03-27,501662836.0
Kalshi OI,2026-03-28,477301920.0
Kalshi OI,2026-03-29,492783602.0
Kalshi OI,2026-03-30,455663614.0
Kalshi OI,2026-03-31,466018228.0
Kalshi OI,2026-04-01,471685314.0
Kalshi OI,2026-04-02,479192849.0
Kalshi OI,2026-04-03,515504447.0
Kalshi OI,2026-04-04,525773670.0
Kalshi OI,2026-04-05,501832004.0
Kalshi OI,2026-04-06,484349023.0
Kalshi OI,2026-04-07,484261073.0
Kalshi OI,2026-04-08,546862535.0
Kalshi OI,2026-04-09,613495107.0
Kalshi OI,2026-04-10,676975316.0
Kalshi OI,2026-04-11,668976736.0
Kalshi OI,2026-04-12,704638913.0
Kalshi OI,2026-04-13,471257996.0
Kalshi OI,2026-04-14,497315886.0
Kalshi OI,2026-04-15,503912057.0
Kalshi OI,2026-04-16,514393718.0
Kalshi OI,2026-04-17,541451276.0
Kalshi OI,2026-04-18,562309638.0
Kalshi OI,2026-04-19,573379895.0
Kalshi OI,2026-04-20,528858312.0
Kalshi OI,2026-04-21,576174429.0
Kalshi OI,2026-04-22,593106628.0
Kalshi OI,2026-04-23,602137883.0
Kalshi OI,2026-04-24,586368774.0
Kalshi OI,2026-04-25,645306961.0
Kalshi OI,2026-04-26,613926302.0
Kalshi OI,2026-04-27,606282167.0
Kalshi OI,2026-04-28,651361950.0
Kalshi OI,2026-04-29,635591913.0
Kalshi OI,2026-04-30,631690282.0
Kalshi OI,2026-05-01,621879938.0
Kalshi OI,2026-05-02,624931442.0
Kalshi OI,2026-05-03,637551291.0
Kalshi OI,2026-05-04,583014578.0
Kalshi OI,2026-05-05,613723797.0
Kalshi OI,2026-05-06,612535479.0
Kalshi OI,2026-05-07,639632019.0
Kalshi OI,2026-05-08,673325035.0
Kalshi OI,2026-05-09,711548732.0
Kalshi OI,2026-05-10,687535873.0
Kalshi OI,2026-05-11,641676670.0
Kalshi OI,2026-05-12,726027737.0
Kalshi OI,2026-05-13,665944603.0
Kalshi OI,2026-05-14,694786232.0
Kalshi OI,2026-05-15,793519937.0
Kalshi OI,2026-05-16,736319254.0
Kalshi OI,2026-05-17,779925411.0
Kalshi OI,2026-05-18,559979419.0
Kalshi OI,2026-05-19,585246544.0
Kalshi OI,2026-05-20,592967865.0
Kalshi OI,2026-05-21,597059963.0
Kalshi OI,2026-05-22,630658908.0
Kalshi OI,2026-05-23,640494993.0
Kalshi OI,2026-05-24,669060762.0
Kalshi OI,2026-05-25,596642387.0
Kalshi OI,2026-05-26,596634603.0
Kalshi OI,2026-05-27,593312740.0
Kalshi OI,2026-05-28,626434735.0
Kalshi OI,2026-05-29,654438074.0
Kalshi OI,2026-05-30,679434146.0
Kalshi OI,2026-05-31,657888941.0
Kalshi OI,2026-06-01,612246230.0
Kalshi OI,2026-06-02,625450384.0
Kalshi OI,2026-06-03,670222246.0
Kalshi OI,2026-06-04,719575011.0
Kalshi OI,2026-06-05,751055772.0
Kalshi OI,2026-06-06,807095256.0
Kalshi OI,2026-06-07,796957441.0
Kalshi OI,2026-06-08,792388080.0
Kalshi OI,2026-06-09,830236088.0
Kalshi OI,2026-06-10,774249699.0
Kalshi OI,2026-06-11,899701562.0
Kalshi OI,2026-06-12,938225781.0
Kalshi OI,2026-06-13,996492523.0
Kalshi OI,2026-06-14,990317439.0
Kalshi OI,2026-06-15,873858801.0
Kalshi OI,2026-06-16,896544706.0
Kalshi OI,2026-06-17,1010431284.0
Kalshi OI,2026-06-18,1025294634.0
Kalshi OI,2026-06-19,1160669959.0
Kalshi OI,2026-06-20,1213299384.0
Kalshi OI,2026-06-21,1206878305.0
Kalshi OI,2026-06-22,1049209206.0
Kalshi OI,2026-06-23,1195540062.0
Kalshi OI,2026-06-24,1094338043.0
Kalshi OI,2026-06-25,1114631815.0
Kalshi OI,2026-06-26,1095815215.0
Kalshi OI,2026-06-27,1283053664.0
Kalshi OI,2026-06-28,1191200902.0
Kalshi OI,2026-06-29,1251025867.0
Kalshi OI,2026-06-30,1114731843.0
Kalshi OI,2026-07-01,1202516612.0
Kalshi OI,2026-07-02,1220043459.0
Kalshi OI,2026-07-03,1406758208.0
Kalshi OI,2026-07-04,1204233338.0
Kalshi OI,2026-07-05,1292712805.0
Kalshi OI,2026-07-06,1294591993.0
Kalshi OI,2026-07-07,965860774.0
Kalshi OI,2026-07-08,904591563.0
Kalshi OI,2026-07-09,1096147455.0
Kalshi OI,2026-07-10,1120156844.0
Kalshi OI,2026-07-11,1158099610.0
Kalshi OI,2026-07-12,824179564.0
Kalshi OI,2026-07-13,824193592.0
Kalshi OI,2026-07-14,971465153.0
Kalshi OI,2026-07-15,896424832.0
Kalshi OI,2026-07-16,909271571.0
Kalshi OI,2026-07-17,1052699571.0
Kalshi OI,2026-07-18,1117691028.0
Kalshi OI,2026-07-19,1202805127.0
Kalshi OI,2026-07-20,687253649.0
Kalshi OI,2026-07-21,725362604.0
Kalshi OI,2026-07-22,806655670.0
Kalshi OI,2026-07-23,825162469.0
Kalshi OI,2026-07-24,946953890.0
Kalshi OI,2026-07-25,955992895.0
Kalshi OI,2026-07-26,826930427.0
Kalshi OI,2026-07-27,638331118.0
Kalshi OI,2026-07-28,665663038.0
Kalshi OI,2026-07-29,721087948.0
Kalshi OI,2026-07-30,786221098.0
Kalshi OI,2026-07-31,0.0
Kalshi OI,2026-08-01,0.0
Kalshi OI,2026-08-02,698327935.0
Kalshi OI,2026-08-03,645225744.0
Kalshi OI,2026-08-04,650393144.0
Kalshi OI,2026-08-05,681435165.0
Kalshi OI,2026-08-06,701763824.0
Kalshi OI,2026-08-07,757509076.0
Kalshi OI,2026-08-08,731417719.0
Kalshi OI,2026-08-09,728241895.0
Kalshi OI,2026-08-10,676045746.0
Kalshi OI,2026-08-11,756189106.0
Kalshi OI,2026-08-12,744391571.0
Kalshi OI,2026-08-13,787375105.0
Kalshi OI,2026-08-14,832706379.0
Kalshi OI,2026-08-15,862295753.0
Kalshi OI,2026-08-16,811462470.0
Kalshi OI,2026-08-17,742591308.0
Kalshi OI,2026-08-18,798255995.0
Kalshi OI,2026-08-19,786601477.0
Kalshi OI,2026-08-20,790477116.0
Perp DEXs OI,2021-02-25,4735.0
Perp DEXs OI,2021-02-26,24991.0
Perp DEXs OI,2021-02-27,42880.0
Perp DEXs OI,2021-02-28,38030.0
Perp DEXs OI,2021-03-01,41637.0
Perp DEXs OI,2021-03-02,108807.0
Perp DEXs OI,2021-03-03,206880.0
Perp DEXs OI,2021-03-04,95537.0
Perp DEXs OI,2021-03-05,50396.0
Perp DEXs OI,2021-03-06,109131.0
Perp DEXs OI,2021-03-07,65312.0
Perp DEXs OI,2021-03-08,110212.0
Perp DEXs OI,2021-03-09,243319.0
Perp DEXs OI,2021-03-10,284447.0
Perp DEXs OI,2021-03-11,222273.0
Perp DEXs OI,2021-03-12,243884.0
Perp DEXs OI,2021-03-13,702190.0
Perp DEXs OI,2021-03-14,262514.0
Perp DEXs OI,2021-03-15,1450644.0
Perp DEXs OI,2021-03-16,826614.0
Perp DEXs OI,2021-03-17,932007.0
Perp DEXs OI,2021-03-18,1286867.0
Perp DEXs OI,2021-03-19,1334004.0
Perp DEXs OI,2021-03-20,607219.0
Perp DEXs OI,2021-03-21,1130456.0
Perp DEXs OI,2021-03-22,1678631.0
Perp DEXs OI,2021-03-23,946024.0
Perp DEXs OI,2021-03-24,2698369.0
Perp DEXs OI,2021-03-25,2213470.0
Perp DEXs OI,2021-03-26,1618436.0
Perp DEXs OI,2021-03-27,1216833.0
Perp DEXs OI,2021-03-28,937023.0
Perp DEXs OI,2021-03-29,1688667.0
Perp DEXs OI,2021-03-30,2123222.0
Perp DEXs OI,2021-03-31,2506286.0
Perp DEXs OI,2021-04-01,2830104.0
Perp DEXs OI,2021-04-02,2752710.0
Perp DEXs OI,2021-04-03,2196083.0
Perp DEXs OI,2021-04-04,2168639.0
Perp DEXs OI,2021-04-05,2949725.0
Perp DEXs OI,2021-04-06,3652489.0
Perp DEXs OI,2021-04-07,4941980.0
Perp DEXs OI,2021-04-08,5663716.0
Perp DEXs OI,2021-04-09,7899729.0
Perp DEXs OI,2021-04-10,9631819.0
Perp DEXs OI,2021-04-11,10655448.0
Perp DEXs OI,2021-04-12,13027998.0
Perp DEXs OI,2021-04-13,14261506.0
Perp DEXs OI,2021-04-14,13139283.0
Perp DEXs OI,2021-04-15,15291582.0
Perp DEXs OI,2021-04-16,15178127.0
Perp DEXs OI,2021-04-17,13075580.0
Perp DEXs OI,2021-04-18,12727948.0
Perp DEXs OI,2021-04-19,11358227.0
Perp DEXs OI,2021-04-20,13273993.0
Perp DEXs OI,2021-04-21,14119710.0
Perp DEXs OI,2021-04-22,13486283.0
Perp DEXs OI,2021-04-23,12557458.0
Perp DEXs OI,2021-04-24,13060194.0
Perp DEXs OI,2021-04-25,13078209.0
Perp DEXs OI,2021-04-26,13695059.0
Perp DEXs OI,2021-04-27,14880459.0
Perp DEXs OI,2021-04-28,15505219.0
Perp DEXs OI,2021-04-29,16477873.0
Perp DEXs OI,2021-04-30,17377861.0
Perp DEXs OI,2021-05-01,17570355.0
Perp DEXs OI,2021-05-02,18926064.0
Perp DEXs OI,2021-05-03,20445379.0
Perp DEXs OI,2021-05-04,21798978.0
Perp DEXs OI,2021-05-05,23181535.0
Perp DEXs OI,2021-05-06,26126859.0
Perp DEXs OI,2021-05-07,26717588.0
Perp DEXs OI,2021-05-08,24523861.0
Perp DEXs OI,2021-05-09,26546541.0
Perp DEXs OI,2021-05-10,29219695.0
Perp DEXs OI,2021-05-11,29461384.0
Perp DEXs OI,2021-05-12,31846959.0
Perp DEXs OI,2021-05-13,26791215.0
Perp DEXs OI,2021-05-14,27533784.0
Perp DEXs OI,2021-05-15,32898028.0
Perp DEXs OI,2021-05-16,30417829.0
Perp DEXs OI,2021-05-17,30623916.0
Perp DEXs OI,2021-05-18,30957736.0
Perp DEXs OI,2021-05-19,22342097.0
Perp DEXs OI,2021-05-20,15404399.0
Perp DEXs OI,2021-05-21,17493273.0
Perp DEXs OI,2021-05-22,16435130.0
Perp DEXs OI,2021-05-23,15159047.0
Perp DEXs OI,2021-05-24,13082067.0
Perp DEXs OI,2021-05-25,16017199.0
Perp DEXs OI,2021-05-26,16753271.0
Perp DEXs OI,2021-05-27,18462711.0
Perp DEXs OI,2021-05-28,18709549.0
Perp DEXs OI,2021-05-29,17059514.0
Perp DEXs OI,2021-05-30,15430545.0
Perp DEXs OI,2021-05-31,17245002.0
Perp DEXs OI,2021-06-01,18187755.0
Perp DEXs OI,2021-06-02,16729704.0
Perp DEXs OI,2021-06-03,17636001.0
Perp DEXs OI,2021-06-04,18560721.0
Perp DEXs OI,2021-06-05,18046164.0
Perp DEXs OI,2021-06-06,19572326.0
Perp DEXs OI,2021-06-07,19146415.0
Perp DEXs OI,2021-06-08,20095365.0
Perp DEXs OI,2021-06-09,20729995.0
Perp DEXs OI,2021-06-10,22334662.0
Perp DEXs OI,2021-06-11,22499230.0
Perp DEXs OI,2021-06-12,21268532.0
Perp DEXs OI,2021-06-13,21216342.0
Perp DEXs OI,2021-06-14,23794479.0
Perp DEXs OI,2021-06-15,23530452.0
Perp DEXs OI,2021-06-16,24309859.0
Perp DEXs OI,2021-06-17,22650812.0
Perp DEXs OI,2021-06-18,22612915.0
Perp DEXs OI,2021-06-19,19993747.0
Perp DEXs OI,2021-06-20,19976193.0
Perp DEXs OI,2021-06-21,21972417.0
Perp DEXs OI,2021-06-22,17492690.0
Perp DEXs OI,2021-06-23,17426864.0
Perp DEXs OI,2021-06-24,18357886.0
Perp DEXs OI,2021-06-25,20151088.0
Perp DEXs OI,2021-06-26,18355037.0
Perp DEXs OI,2021-06-27,18262536.0
Perp DEXs OI,2021-06-28,19784984.0
Perp DEXs OI,2021-06-29,19501720.0
Perp DEXs OI,2021-06-30,21317140.0
Perp DEXs OI,2021-07-01,21594874.0
Perp DEXs OI,2021-07-02,21935059.0
Perp DEXs OI,2021-07-03,22463836.0
Perp DEXs OI,2021-07-04,22753299.0
Perp DEXs OI,2021-07-05,23972342.0
Perp DEXs OI,2021-07-06,23803864.0
Perp DEXs OI,2021-07-07,24480435.0
Perp DEXs OI,2021-07-08,26481213.0
Perp DEXs OI,2021-07-09,24706755.0
Perp DEXs OI,2021-07-10,26431498.0
Perp DEXs OI,2021-07-11,28107882.0
Perp DEXs OI,2021-07-12,28021317.0
Perp DEXs OI,2021-07-13,26772950.0
Perp DEXs OI,2021-07-14,26617320.0
Perp DEXs OI,2021-07-15,26868348.0
Perp DEXs OI,2021-07-16,26227860.0
Perp DEXs OI,2021-07-17,25148025.0
Perp DEXs OI,2021-07-18,26363383.0
Perp DEXs OI,2021-07-19,26610476.0
Perp DEXs OI,2021-07-20,26557940.0
Perp DEXs OI,2021-07-21,25728495.0
Perp DEXs OI,2021-07-22,27083018.0
Perp DEXs OI,2021-07-23,26931961.0
Perp DEXs OI,2021-07-24,26474313.0
Perp DEXs OI,2021-07-25,26315153.0
Perp DEXs OI,2021-07-26,24965606.0
Perp DEXs OI,2021-07-27,25173154.0
Perp DEXs OI,2021-07-28,26221489.0
Perp DEXs OI,2021-07-29,24892311.0
Perp DEXs OI,2021-07-30,27090732.0
Perp DEXs OI,2021-07-31,27562863.0
Perp DEXs OI,2021-08-01,32687387.0
Perp DEXs OI,2021-08-02,31309820.0
Perp DEXs OI,2021-08-03,34519200.0
Perp DEXs OI,2021-08-04,49630677.0
Perp DEXs OI,2021-08-05,63490483.0
Perp DEXs OI,2021-08-06,78452863.0
Perp DEXs OI,2021-08-07,103556250.0
Perp DEXs OI,2021-08-08,119298948.0
Perp DEXs OI,2021-08-09,133521789.0
Perp DEXs OI,2021-08-10,171990387.0
Perp DEXs OI,2021-08-11,183380002.0
Perp DEXs OI,2021-08-12,197475130.0
Perp DEXs OI,2021-08-13,188157462.0
Perp DEXs OI,2021-08-14,217821608.0
Perp DEXs OI,2021-08-15,229725846.0
Perp DEXs OI,2021-08-16,232816811.0
Perp DEXs OI,2021-08-17,232222721.0
Perp DEXs OI,2021-08-18,228595895.0
Perp DEXs OI,2021-08-19,235553105.0
Perp DEXs OI,2021-08-20,265307117.0
Perp DEXs OI,2021-08-21,269682946.0
Perp DEXs OI,2021-08-22,270148069.0
Perp DEXs OI,2021-08-23,283423762.0
Perp DEXs OI,2021-08-24,289897671.0
Perp DEXs OI,2021-08-25,277901332.0
Perp DEXs OI,2021-08-26,299953022.0
Perp DEXs OI,2021-08-27,285236899.0
Perp DEXs OI,2021-08-28,306672837.0
Perp DEXs OI,2021-08-29,310950454.0
Perp DEXs OI,2021-08-30,291578272.0
Perp DEXs OI,2021-08-31,253283945.0
Perp DEXs OI,2021-09-01,268928067.0
Perp DEXs OI,2021-09-02,293251325.0
Perp DEXs OI,2021-09-03,273075956.0
Perp DEXs OI,2021-09-04,288681334.0
Perp DEXs OI,2021-09-05,289194009.0
Perp DEXs OI,2021-09-06,289128010.0
Perp DEXs OI,2021-09-07,249059527.0
Perp DEXs OI,2021-09-08,193749239.0
Perp DEXs OI,2021-09-09,226665596.0
Perp DEXs OI,2021-09-10,253154714.0
Perp DEXs OI,2021-09-11,282428060.0
Perp DEXs OI,2021-09-12,304178807.0
Perp DEXs OI,2021-09-13,350323382.0
Perp DEXs OI,2021-09-14,379994090.0
Perp DEXs OI,2021-09-15,402927929.0
Perp DEXs OI,2021-09-16,434781118.0
Perp DEXs OI,2021-09-17,462259863.0
Perp DEXs OI,2021-09-18,452173327.0
Perp DEXs OI,2021-09-19,491836605.0
Perp DEXs OI,2021-09-20,478868490.0
Perp DEXs OI,2021-09-21,411482902.0
Perp DEXs OI,2021-09-22,400471645.0
Perp DEXs OI,2021-09-23,461262138.0
Perp DEXs OI,2021-09-24,465295907.0
Perp DEXs OI,2021-09-25,440457729.0
Perp DEXs OI,2021-09-26,462367521.0
Perp DEXs OI,2021-09-27,494790290.0
Perp DEXs OI,2021-09-28,502387387.0
Perp DEXs OI,2021-09-29,553893420.0
Perp DEXs OI,2021-09-30,638290077.0
Perp DEXs OI,2021-10-01,691295841.0
Perp DEXs OI,2021-10-02,801047836.0
Perp DEXs OI,2021-10-03,834576429.0
Perp DEXs OI,2021-10-04,882392566.0
Perp DEXs OI,2021-10-05,904051009.0
Perp DEXs OI,2021-10-06,930181712.0
Perp DEXs OI,2021-10-07,981379950.0
Perp DEXs OI,2021-10-08,975567823.0
Perp DEXs OI,2021-10-09,1021535912.0
Perp DEXs OI,2021-10-10,1032837847.0
Perp DEXs OI,2021-10-11,1008470077.0
Perp DEXs OI,2021-10-12,1092597187.0
Perp DEXs OI,2021-10-13,1198396542.0
Perp DEXs OI,2021-10-14,1262868921.0
Perp DEXs OI,2021-10-15,1309136622.0
Perp DEXs OI,2021-10-16,1421214267.0
Perp DEXs OI,2021-10-17,1375128796.0
Perp DEXs OI,2021-10-18,1412672534.0
Perp DEXs OI,2021-10-19,1415484422.0
Perp DEXs OI,2021-10-20,1429712329.0
Perp DEXs OI,2021-10-21,1497304960.0
Perp DEXs OI,2021-10-22,1456364356.0
Perp DEXs OI,2021-10-23,1439802137.0
Perp DEXs OI,2021-10-24,1484531029.0
Perp DEXs OI,2021-10-25,1450763391.0
Perp DEXs OI,2021-10-26,1463465903.0
Perp DEXs OI,2021-10-27,1395349579.0
Perp DEXs OI,2021-10-28,1203068575.0
Perp DEXs OI,2021-10-29,1334886211.0
Perp DEXs OI,2021-10-30,1350918211.0
Perp DEXs OI,2021-10-31,1365970693.0
Perp DEXs OI,2021-11-01,1425262254.0
Perp DEXs OI,2021-11-02,1469945480.0
Perp DEXs OI,2021-11-03,1494328865.0
Perp DEXs OI,2021-11-04,1539151498.0
Perp DEXs OI,2021-11-05,1529176601.0
Perp DEXs OI,2021-11-06,1461302456.0
Perp DEXs OI,2021-11-07,1469819533.0
Perp DEXs OI,2021-11-08,1493015133.0
Perp DEXs OI,2021-11-09,1580092392.0
Perp DEXs OI,2021-11-10,1536004768.0
Perp DEXs OI,2021-11-11,1453617232.0
Perp DEXs OI,2021-11-12,1459812145.0
Perp DEXs OI,2021-11-13,1416112228.0
Perp DEXs OI,2021-11-14,1436751034.0
Perp DEXs OI,2021-11-15,1466100598.0
Perp DEXs OI,2021-11-16,1422026984.0
Perp DEXs OI,2021-11-17,1284157624.0
Perp DEXs OI,2021-11-18,1270637152.0
Perp DEXs OI,2021-11-19,1180303151.0
Perp DEXs OI,2021-11-20,1249272902.0
Perp DEXs OI,2021-11-21,1285669764.0
Perp DEXs OI,2021-11-22,1266708756.0
Perp DEXs OI,2021-11-23,1228342530.0
Perp DEXs OI,2021-11-24,1231955113.0
Perp DEXs OI,2021-11-25,1178472810.0
Perp DEXs OI,2021-11-26,1277450329.0
Perp DEXs OI,2021-11-27,1167250591.0
Perp DEXs OI,2021-11-28,1183761504.0
Perp DEXs OI,2021-11-29,1221160489.0
Perp DEXs OI,2021-11-30,1224621554.0
Perp DEXs OI,2021-12-01,1253792574.0
Perp DEXs OI,2021-12-02,1269694516.0
Perp DEXs OI,2021-12-03,1285401961.0
Perp DEXs OI,2021-12-04,1168424233.0
Perp DEXs OI,2021-12-05,1056366202.0
Perp DEXs OI,2021-12-06,1026412888.0
Perp DEXs OI,2021-12-07,1073171250.0
Perp DEXs OI,2021-12-08,1098845699.0
Perp DEXs OI,2021-12-09,1093732646.0
Perp DEXs OI,2021-12-10,999283479.0
Perp DEXs OI,2021-12-11,947065413.0
Perp DEXs OI,2021-12-12,1005115192.0
Perp DEXs OI,2021-12-13,1018370280.0
Perp DEXs OI,2021-12-14,937105610.0
Perp DEXs OI,2021-12-15,988935445.0
Perp DEXs OI,2021-12-16,997706232.0
Perp DEXs OI,2021-12-17,1004474050.0
Perp DEXs OI,2021-12-18,1013253384.0
Perp DEXs OI,2021-12-19,1039649728.0
Perp DEXs OI,2021-12-20,1023679425.0
Perp DEXs OI,2021-12-21,1046768300.0
Perp DEXs OI,2021-12-22,1078609148.0
Perp DEXs OI,2021-12-23,1111747725.0
Perp DEXs OI,2021-12-24,1170756926.0
Perp DEXs OI,2021-12-25,1167534694.0
Perp DEXs OI,2021-12-26,1186834121.0
Perp DEXs OI,2021-12-27,1216130779.0
Perp DEXs OI,2021-12-28,1210867614.0
Perp DEXs OI,2021-12-29,1134616146.0
Perp DEXs OI,2021-12-30,1095958095.0
Perp DEXs OI,2021-12-31,1147007242.0
Perp DEXs OI,2022-01-01,1117133409.0
Perp DEXs OI,2022-01-02,1188381702.0
Perp DEXs OI,2022-01-03,1169128825.0
Perp DEXs OI,2022-01-04,1177092235.0
Perp DEXs OI,2022-01-05,1163418060.0
Perp DEXs OI,2022-01-06,1109759629.0
Perp DEXs OI,2022-01-07,1125757223.0
Perp DEXs OI,2022-01-08,1047991085.0
Perp DEXs OI,2022-01-09,1006742728.0
Perp DEXs OI,2022-01-10,1036269682.0
Perp DEXs OI,2022-01-11,1027648093.0
Perp DEXs OI,2022-01-12,1039320005.0
Perp DEXs OI,2022-01-13,1087586834.0
Perp DEXs OI,2022-01-14,1026156825.0
Perp DEXs OI,2022-01-15,1085848370.0
Perp DEXs OI,2022-01-16,1081419693.0
Perp DEXs OI,2022-01-17,1045462293.0
Perp DEXs OI,2022-01-18,988218132.0
Perp DEXs OI,2022-01-19,1015321101.0
Perp DEXs OI,2022-01-20,964791439.0
Perp DEXs OI,2022-01-21,935861672.0
Perp DEXs OI,2022-01-22,811996654.0
Perp DEXs OI,2022-01-23,750045246.0
Perp DEXs OI,2022-01-24,822508092.0
Perp DEXs OI,2022-01-25,829526491.0
Perp DEXs OI,2022-01-26,851765026.0
Perp DEXs OI,2022-01-27,833893584.0
Perp DEXs OI,2022-01-28,871380384.0
Perp DEXs OI,2022-01-29,917530750.0
Perp DEXs OI,2022-01-30,926876409.0
Perp DEXs OI,2022-01-31,922829798.0
Perp DEXs OI,2022-02-01,969688029.0
Perp DEXs OI,2022-02-02,959383430.0
Perp DEXs OI,2022-02-03,905451252.0
Perp DEXs OI,2022-02-04,913922945.0
Perp DEXs OI,2022-02-05,1021892317.0
Perp DEXs OI,2022-02-06,1028039778.0
Perp DEXs OI,2022-02-07,1064202428.0
Perp DEXs OI,2022-02-08,1077669011.0
Perp DEXs OI,2022-02-09,1059073688.0
Perp DEXs OI,2022-02-10,1098521179.0
Perp DEXs OI,2022-02-11,1040633663.0
Perp DEXs OI,2022-02-12,979290558.0
Perp DEXs OI,2022-02-13,987637129.0
Perp DEXs OI,2022-02-14,949268795.0
Perp DEXs OI,2022-02-15,27691364.0
Perp DEXs OI,2022-02-16,1048003512.0
Perp DEXs OI,2022-02-17,1052357890.0
Perp DEXs OI,2022-02-18,997653287.0
Perp DEXs OI,2022-02-19,1018221551.0
Perp DEXs OI,2022-02-20,1023604018.0
Perp DEXs OI,2022-02-21,985972841.0
Perp DEXs OI,2022-02-22,964209969.0
Perp DEXs OI,2022-02-23,998002666.0
Perp DEXs OI,2022-02-24,988289273.0
Perp DEXs OI,2022-02-25,985495855.0
Perp DEXs OI,2022-02-26,1013170311.0
Perp DEXs OI,2022-02-27,1032737020.0
Perp DEXs OI,2022-02-28,957436060.0
Perp DEXs OI,2022-03-01,1078475861.0
Perp DEXs OI,2022-03-02,1116488897.0
Perp DEXs OI,2022-03-03,1099863523.0
Perp DEXs OI,2022-03-04,1039226395.0
Perp DEXs OI,2022-03-05,964857252.0
Perp DEXs OI,2022-03-06,1031369666.0
Perp DEXs OI,2022-03-07,971169553.0
Perp DEXs OI,2022-03-08,979915657.0
Perp DEXs OI,2022-03-09,989199307.0
Perp DEXs OI,2022-03-10,1058728661.0
Perp DEXs OI,2022-03-11,1008008876.0
Perp DEXs OI,2022-03-12,984721517.0
Perp DEXs OI,2022-03-13,1009453865.0
Perp DEXs OI,2022-03-14,982515436.0
Perp DEXs OI,2022-03-15,989552919.0
Perp DEXs OI,2022-03-16,999544190.0
Perp DEXs OI,2022-03-17,1081483590.0
Perp DEXs OI,2022-03-18,1092163122.0
Perp DEXs OI,2022-03-19,1119707950.0
Perp DEXs OI,2022-03-20,1157999397.0
Perp DEXs OI,2022-03-21,1136005890.0
Perp DEXs OI,2022-03-22,1180688513.0
Perp DEXs OI,2022-03-23,1191085030.0
Perp DEXs OI,2022-03-24,1197647699.0
Perp DEXs OI,2022-03-25,1223755403.0
Perp DEXs OI,2022-03-26,1187297160.0
Perp DEXs OI,2022-03-27,1223155886.0
Perp DEXs OI,2022-03-28,1284955665.0
Perp DEXs OI,2022-03-29,1288201804.0
Perp DEXs OI,2022-03-30,1323318273.0
Perp DEXs OI,2022-03-31,1337236526.0
Perp DEXs OI,2022-04-01,1268637563.0
Perp DEXs OI,2022-04-02,1355719550.0
Perp DEXs OI,2022-04-03,1294015687.0
Perp DEXs OI,2022-04-04,1360782138.0
Perp DEXs OI,2022-04-05,1322572047.0
Perp DEXs OI,2022-04-06,1283134660.0
Perp DEXs OI,2022-04-07,1196145451.0
Perp DEXs OI,2022-04-08,1206310674.0
Perp DEXs OI,2022-04-09,1217324276.0
Perp DEXs OI,2022-04-10,1265482171.0
Perp DEXs OI,2022-04-11,1231628783.0
Perp DEXs OI,2022-04-12,1125695332.0
Perp DEXs OI,2022-04-13,1116144876.0
Perp DEXs OI,2022-04-14,1103430368.0
Perp DEXs OI,2022-04-15,1128999470.0
Perp DEXs OI,2022-04-16,1154935045.0
Perp DEXs OI,2022-04-17,1167348801.0
Perp DEXs OI,2022-04-18,1109807190.0
Perp DEXs OI,2022-04-19,1128039856.0
Perp DEXs OI,2022-04-20,1127759117.0
Perp DEXs OI,2022-04-21,1187765785.0
Perp DEXs OI,2022-04-22,1141974370.0
Perp DEXs OI,2022-04-23,1139153556.0
Perp DEXs OI,2022-04-24,1138077744.0
Perp DEXs OI,2022-04-25,1113042599.0
Perp DEXs OI,2022-04-26,1125673801.0
Perp DEXs OI,2022-04-27,1060993219.0
Perp DEXs OI,2022-04-28,1092695390.0
Perp DEXs OI,2022-04-29,1093994724.0
Perp DEXs OI,2022-04-30,1048310805.0
Perp DEXs OI,2022-05-01,998907865.0
Perp DEXs OI,2022-05-02,999757016.0
Perp DEXs OI,2022-05-03,1005619087.0
Perp DEXs OI,2022-05-04,988394259.0
Perp DEXs OI,2022-05-05,1037596861.0
Perp DEXs OI,2022-05-06,1010670278.0
Perp DEXs OI,2022-05-07,1010818827.0
Perp DEXs OI,2022-05-08,1011998820.0
Perp DEXs OI,2022-05-09,984911393.0
Perp DEXs OI,2022-05-10,858681063.0
Perp DEXs OI,2022-05-11,871079359.0
Perp DEXs OI,2022-05-12,700092562.0
Perp DEXs OI,2022-05-13,624963176.0
Perp DEXs OI,2022-05-14,654777154.0
Perp DEXs OI,2022-05-15,693983856.0
Perp DEXs OI,2022-05-16,733650477.0
Perp DEXs OI,2022-05-17,713775889.0
Perp DEXs OI,2022-05-18,764265994.0
Perp DEXs OI,2022-05-19,698735781.0
Perp DEXs OI,2022-05-20,777568674.0
Perp DEXs OI,2022-05-21,760993784.0
Perp DEXs OI,2022-05-22,788357991.0
Perp DEXs OI,2022-05-23,816804408.0
Perp DEXs OI,2022-05-24,781047021.0
Perp DEXs OI,2022-05-25,766281644.0
Perp DEXs OI,2022-05-26,751110577.0
Perp DEXs OI,2022-05-27,726321261.0
Perp DEXs OI,2022-05-28,733139909.0
Perp DEXs OI,2022-05-29,773028992.0
Perp DEXs OI,2022-05-30,759684686.0
Perp DEXs OI,2022-05-31,825074385.0
Perp DEXs OI,2022-06-01,798384316.0
Perp DEXs OI,2022-06-02,771860132.0
Perp DEXs OI,2022-06-03,792809635.0
Perp DEXs OI,2022-06-04,764893298.0
Perp DEXs OI,2022-06-05,765899375.0
Perp DEXs OI,2022-06-06,752998981.0
Perp DEXs OI,2022-06-07,689734751.0
Perp DEXs OI,2022-06-08,608240194.0
Perp DEXs OI,2022-06-09,599086840.0
Perp DEXs OI,2022-06-10,607785941.0
Perp DEXs OI,2022-06-11,569508886.0
Perp DEXs OI,2022-06-12,491020137.0
Perp DEXs OI,2022-06-13,455677515.0
Perp DEXs OI,2022-06-14,422988651.0
Perp DEXs OI,2022-06-15,424533355.0
Perp DEXs OI,2022-06-16,449337960.0
Perp DEXs OI,2022-06-17,406785909.0
Perp DEXs OI,2022-06-18,403081167.0
Perp DEXs OI,2022-06-19,372204444.0
Perp DEXs OI,2022-06-20,402218066.0
Perp DEXs OI,2022-06-21,387937095.0
Perp DEXs OI,2022-06-22,372052124.0
Perp DEXs OI,2022-06-23,351944407.0
Perp DEXs OI,2022-06-24,370967125.0
Perp DEXs OI,2022-06-25,382166837.0
Perp DEXs OI,2022-06-26,387648595.0
Perp DEXs OI,2022-06-27,368847558.0
Perp DEXs OI,2022-06-28,367254993.0
Perp DEXs OI,2022-06-29,357250102.0
Perp DEXs OI,2022-06-30,358133713.0
Perp DEXs OI,2022-07-01,361012514.0
Perp DEXs OI,2022-07-02,340576436.0
Perp DEXs OI,2022-07-03,317095927.0
Perp DEXs OI,2022-07-04,313043087.0
Perp DEXs OI,2022-07-05,320308250.0
Perp DEXs OI,2022-07-06,338793415.0
Perp DEXs OI,2022-07-07,355250132.0
Perp DEXs OI,2022-07-08,364356434.0
Perp DEXs OI,2022-07-09,346604664.0
Perp DEXs OI,2022-07-10,358293829.0
Perp DEXs OI,2022-07-11,358316057.0
Perp DEXs OI,2022-07-12,345670233.0
Perp DEXs OI,2022-07-13,336248883.0
Perp DEXs OI,2022-07-14,362619300.0
Perp DEXs OI,2022-07-15,368731744.0
Perp DEXs OI,2022-07-16,366698462.0
Perp DEXs OI,2022-07-17,385467105.0
Perp DEXs OI,2022-07-18,398265281.0
Perp DEXs OI,2022-07-19,447730269.0
Perp DEXs OI,2022-07-20,429654083.0
Perp DEXs OI,2022-07-21,420170791.0
Perp DEXs OI,2022-07-22,463439952.0
Perp DEXs OI,2022-07-23,450792762.0
Perp DEXs OI,2022-07-24,452360209.0
Perp DEXs OI,2022-07-25,441646244.0
Perp DEXs OI,2022-07-26,397572457.0
Perp DEXs OI,2022-07-27,425828850.0
Perp DEXs OI,2022-07-28,461227892.0
Perp DEXs OI,2022-07-29,469255274.0
Perp DEXs OI,2022-07-30,460073246.0
Perp DEXs OI,2022-07-31,466932574.0
Perp DEXs OI,2022-08-01,462791066.0
Perp DEXs OI,2022-08-02,455723676.0
Perp DEXs OI,2022-08-03,427063856.0
Perp DEXs OI,2022-08-04,441754761.0
Perp DEXs OI,2022-08-05,431079748.0
Perp DEXs OI,2022-08-06,466638748.0
Perp DEXs OI,2022-08-07,462988153.0
Perp DEXs OI,2022-08-08,472533140.0
Perp DEXs OI,2022-08-09,483311508.0
Perp DEXs OI,2022-08-10,444421094.0
Perp DEXs OI,2022-08-11,507962375.0
Perp DEXs OI,2022-08-12,512004680.0
Perp DEXs OI,2022-08-13,499000928.0
Perp DEXs OI,2022-08-14,466046703.0
Perp DEXs OI,2022-08-15,424433123.0
Perp DEXs OI,2022-08-16,423324805.0
Perp DEXs OI,2022-08-17,430740012.0
Perp DEXs OI,2022-08-18,444434568.0
Perp DEXs OI,2022-08-19,424805167.0
Perp DEXs OI,2022-08-20,401146627.0
Perp DEXs OI,2022-08-21,397929438.0
Perp DEXs OI,2022-08-22,414035850.0
Perp DEXs OI,2022-08-23,446931525.0
Perp DEXs OI,2022-08-24,456240223.0
Perp DEXs OI,2022-08-25,465111781.0
Perp DEXs OI,2022-08-26,447486762.0
Perp DEXs OI,2022-08-27,415712742.0
Perp DEXs OI,2022-08-28,399282619.0
Perp DEXs OI,2022-08-29,379951456.0
Perp DEXs OI,2022-08-30,380300639.0
Perp DEXs OI,2022-08-31,329120402.0
Perp DEXs OI,2022-09-01,322722397.0
Perp DEXs OI,2022-09-02,331947487.0
Perp DEXs OI,2022-09-03,337893396.0
Perp DEXs OI,2022-09-04,329679451.0
Perp DEXs OI,2022-09-05,342560933.0
Perp DEXs OI,2022-09-06,348984460.0
Perp DEXs OI,2022-09-07,315641124.0
Perp DEXs OI,2022-09-08,325268117.0
Perp DEXs OI,2022-09-09,344489916.0
Perp DEXs OI,2022-09-10,367564136.0
Perp DEXs OI,2022-09-11,374742197.0
Perp DEXs OI,2022-09-12,420381757.0
Perp DEXs OI,2022-09-13,372331155.0
Perp DEXs OI,2022-09-14,375518266.0
Perp DEXs OI,2022-09-15,317304400.0
Perp DEXs OI,2022-09-16,319868486.0
Perp DEXs OI,2022-09-17,332358198.0
Perp DEXs OI,2022-09-18,313711271.0
Perp DEXs OI,2022-09-19,297230522.0
Perp DEXs OI,2022-09-20,297188186.0
Perp DEXs OI,2022-09-21,292819035.0
Perp DEXs OI,2022-09-22,274643460.0
Perp DEXs OI,2022-09-23,278209334.0
Perp DEXs OI,2022-09-24,294583086.0
Perp DEXs OI,2022-09-25,290951081.0
Perp DEXs OI,2022-09-26,303478241.0
Perp DEXs OI,2022-09-27,282405754.0
Perp DEXs OI,2022-09-28,277654122.0
Perp DEXs OI,2022-09-29,268589176.0
Perp DEXs OI,2022-09-30,270647420.0
Perp DEXs OI,2022-10-01,267353043.0
Perp DEXs OI,2022-10-02,264275264.0
Perp DEXs OI,2022-10-03,279508481.0
Perp DEXs OI,2022-10-04,301645942.0
Perp DEXs OI,2022-10-05,294276639.0
Perp DEXs OI,2022-10-06,347625009.0
Perp DEXs OI,2022-10-07,360452564.0
Perp DEXs OI,2022-10-08,369286994.0
Perp DEXs OI,2022-10-09,356006929.0
Perp DEXs OI,2022-10-10,353918236.0
Perp DEXs OI,2022-10-11,308046204.0
Perp DEXs OI,2022-10-12,308765939.0
Perp DEXs OI,2022-10-13,329855368.0
Perp DEXs OI,2022-10-14,309255695.0
Perp DEXs OI,2022-10-15,291805259.0
Perp DEXs OI,2022-10-16,292962449.0
Perp DEXs OI,2022-10-17,314783414.0
Perp DEXs OI,2022-10-18,319571847.0
Perp DEXs OI,2022-10-19,323414450.0
Perp DEXs OI,2022-10-20,340424660.0
Perp DEXs OI,2022-10-21,320651009.0
Perp DEXs OI,2022-10-22,328766985.0
Perp DEXs OI,2022-10-23,332691634.0
Perp DEXs OI,2022-10-24,327870567.0
Perp DEXs OI,2022-10-25,321663142.0
Perp DEXs OI,2022-10-26,332234860.0
Perp DEXs OI,2022-10-27,338996087.0
Perp DEXs OI,2022-10-28,333821799.0
Perp DEXs OI,2022-10-29,364875872.0
Perp DEXs OI,2022-10-30,344157004.0
Perp DEXs OI,2022-10-31,313031819.0
Perp DEXs OI,2022-11-01,331369179.0
Perp DEXs OI,2022-11-02,323890367.0
Perp DEXs OI,2022-11-03,300282575.0
Perp DEXs OI,2022-11-04,331639806.0
Perp DEXs OI,2022-11-05,342014251.0
Perp DEXs OI,2022-11-06,334663423.0
Perp DEXs OI,2022-11-07,351858537.0
Perp DEXs OI,2022-11-08,345262670.0
Perp DEXs OI,2022-11-09,330438452.0
Perp DEXs OI,2022-11-10,292949497.0
Perp DEXs OI,2022-11-11,306694865.0
Perp DEXs OI,2022-11-12,294736086.0
Perp DEXs OI,2022-11-13,307097150.0
Perp DEXs OI,2022-11-14,314684287.0
Perp DEXs OI,2022-11-15,297582520.0
Perp DEXs OI,2022-11-16,321820761.0
Perp DEXs OI,2022-11-17,346718546.0
Perp DEXs OI,2022-11-18,362215183.0
Perp DEXs OI,2022-11-19,368076076.0
Perp DEXs OI,2022-11-20,362840600.0
Perp DEXs OI,2022-11-21,386591230.0
Perp DEXs OI,2022-11-22,381323545.0
Perp DEXs OI,2022-11-23,400337809.0
Perp DEXs OI,2022-11-24,434694089.0
Perp DEXs OI,2022-11-25,467152472.0
Perp DEXs OI,2022-11-26,464882055.0
Perp DEXs OI,2022-11-27,483441760.0
Perp DEXs OI,2022-11-28,416459319.0
Perp DEXs OI,2022-11-29,389936089.0
Perp DEXs OI,2022-11-30,410420143.0
Perp DEXs OI,2022-12-01,468059836.0
Perp DEXs OI,2022-12-02,484667981.0
Perp DEXs OI,2022-12-03,484872954.0
Perp DEXs OI,2022-12-04,470212010.0
Perp DEXs OI,2022-12-05,476193546.0
Perp DEXs OI,2022-12-06,486728180.0
Perp DEXs OI,2022-12-07,506695089.0
Perp DEXs OI,2022-12-08,510546105.0
Perp DEXs OI,2022-12-09,516951774.0
Perp DEXs OI,2022-12-10,488332846.0
Perp DEXs OI,2022-12-11,465521260.0
Perp DEXs OI,2022-12-12,468987142.0
Perp DEXs OI,2022-12-13,462441055.0
Perp DEXs OI,2022-12-14,485295127.0
Perp DEXs OI,2022-12-15,505121338.0
Perp DEXs OI,2022-12-16,427838493.0
Perp DEXs OI,2022-12-17,420924627.0
Perp DEXs OI,2022-12-18,431645106.0
Perp DEXs OI,2022-12-19,414210966.0
Perp DEXs OI,2022-12-20,431084156.0
Perp DEXs OI,2022-12-21,409710688.0
Perp DEXs OI,2022-12-22,412507659.0
Perp DEXs OI,2022-12-23,444308958.0
Perp DEXs OI,2022-12-24,444643527.0
Perp DEXs OI,2022-12-25,444667747.0
Perp DEXs OI,2022-12-26,441999718.0
Perp DEXs OI,2022-12-27,444617795.0
Perp DEXs OI,2022-12-28,448938519.0
Perp DEXs OI,2022-12-29,439833425.0
Perp DEXs OI,2022-12-30,440267353.0
Perp DEXs OI,2022-12-31,433933654.0
Perp DEXs OI,2023-01-01,445338281.0
Perp DEXs OI,2023-01-02,449299113.0
Perp DEXs OI,2023-01-03,457010941.0
Perp DEXs OI,2023-01-04,452337010.0
Perp DEXs OI,2023-01-05,448594687.0
Perp DEXs OI,2023-01-06,435067407.0
Perp DEXs OI,2023-01-07,443344656.0
Perp DEXs OI,2023-01-08,441407439.0
Perp DEXs OI,2023-01-09,429117968.0
Perp DEXs OI,2023-01-10,429783704.0
Perp DEXs OI,2023-01-11,438536540.0
Perp DEXs OI,2023-01-12,478422185.0
Perp DEXs OI,2023-01-13,487883813.0
Perp DEXs OI,2023-01-14,495142816.0
Perp DEXs OI,2023-01-15,459370174.0
Perp DEXs OI,2023-01-16,467009085.0
Perp DEXs OI,2023-01-17,483750998.0
Perp DEXs OI,2023-01-18,498356543.0
Perp DEXs OI,2023-01-19,502425877.0
Perp DEXs OI,2023-01-20,494810604.0
Perp DEXs OI,2023-01-21,526149371.0
Perp DEXs OI,2023-01-22,494339977.0
Perp DEXs OI,2023-01-23,519816131.0
Perp DEXs OI,2023-01-24,577761840.0
Perp DEXs OI,2023-01-25,511037594.0
Perp DEXs OI,2023-01-26,568879095.0
Perp DEXs OI,2023-01-27,579030579.0
Perp DEXs OI,2023-01-28,606748154.0
Perp DEXs OI,2023-01-29,536908417.0
Perp DEXs OI,2023-01-30,552330635.0
Perp DEXs OI,2023-01-31,544558656.0
Perp DEXs OI,2023-02-01,541035258.0
Perp DEXs OI,2023-02-02,586911825.0
Perp DEXs OI,2023-02-03,581403386.0
Perp DEXs OI,2023-02-04,566446956.0
Perp DEXs OI,2023-02-05,562305154.0
Perp DEXs OI,2023-02-06,551012109.0
Perp DEXs OI,2023-02-07,548706159.0
Perp DEXs OI,2023-02-08,581784658.0
Perp DEXs OI,2023-02-09,584491269.0
Perp DEXs OI,2023-02-10,490091809.0
Perp DEXs OI,2023-02-11,452121301.0
Perp DEXs OI,2023-02-12,465774095.0
Perp DEXs OI,2023-02-13,441362423.0
Perp DEXs OI,2023-02-14,438201426.0
Perp DEXs OI,2023-02-15,466950011.0
Perp DEXs OI,2023-02-16,428102825.0
Perp DEXs OI,2023-02-17,486485170.0
Perp DEXs OI,2023-02-18,541702402.0
Perp DEXs OI,2023-02-19,547848383.0
Perp DEXs OI,2023-02-20,560789938.0
Perp DEXs OI,2023-02-21,579774842.0
Perp DEXs OI,2023-02-22,584786657.0
Perp DEXs OI,2023-02-23,567557398.0
Perp DEXs OI,2023-02-24,480673812.0
Perp DEXs OI,2023-02-25,475245830.0
Perp DEXs OI,2023-02-26,410591529.0
Perp DEXs OI,2023-02-27,445747100.0
Perp DEXs OI,2023-02-28,459366373.0
Perp DEXs OI,2023-03-01,464649419.0
Perp DEXs OI,2023-03-02,473705194.0
Perp DEXs OI,2023-03-03,482022033.0
Perp DEXs OI,2023-03-04,463144571.0
Perp DEXs OI,2023-03-05,455897127.0
Perp DEXs OI,2023-03-06,472911290.0
Perp DEXs OI,2023-03-07,502014034.0
Perp DEXs OI,2023-03-08,476913834.0
Perp DEXs OI,2023-03-09,482874598.0
Perp DEXs OI,2023-03-10,488519795.0
Perp DEXs OI,2023-03-11,468394633.0
Perp DEXs OI,2023-03-12,334491686.0
Perp DEXs OI,2023-03-13,385874932.0
Perp DEXs OI,2023-03-14,392591339.0
Perp DEXs OI,2023-03-15,405496860.0
Perp DEXs OI,2023-03-16,427896777.0
Perp DEXs OI,2023-03-17,357603267.0
Perp DEXs OI,2023-03-18,452209120.0
Perp DEXs OI,2023-03-19,445189509.0
Perp DEXs OI,2023-03-20,499470687.0
Perp DEXs OI,2023-03-21,529671802.0
Perp DEXs OI,2023-03-22,534119519.0
Perp DEXs OI,2023-03-23,563403535.0
Perp DEXs OI,2023-03-24,569615841.0
Perp DEXs OI,2023-03-25,529576455.0
Perp DEXs OI,2023-03-26,509026673.0
Perp DEXs OI,2023-03-27,521999583.0
Perp DEXs OI,2023-03-28,518552234.0
Perp DEXs OI,2023-03-29,509685299.0
Perp DEXs OI,2023-03-30,494754956.0
Perp DEXs OI,2023-03-31,509995785.0
Perp DEXs OI,2023-04-01,507126128.0
Perp DEXs OI,2023-04-02,505922740.0
Perp DEXs OI,2023-04-03,533045392.0
Perp DEXs OI,2023-04-04,520492193.0
Perp DEXs OI,2023-04-05,528361353.0
Perp DEXs OI,2023-04-06,539789990.0
Perp DEXs OI,2023-04-07,539664843.0
Perp DEXs OI,2023-04-08,554712731.0
Perp DEXs OI,2023-04-09,559003269.0
Perp DEXs OI,2023-04-10,562853640.0
Perp DEXs OI,2023-04-11,553124893.0
Perp DEXs OI,2023-04-12,605756000.0
Perp DEXs OI,2023-04-13,591209924.0
Perp DEXs OI,2023-04-14,601024290.0
Perp DEXs OI,2023-04-15,606415671.0
Perp DEXs OI,2023-04-16,624965349.0
Perp DEXs OI,2023-04-17,635934549.0
Perp DEXs OI,2023-04-18,615793032.0
Perp DEXs OI,2023-04-19,582204125.0
Perp DEXs OI,2023-04-20,548988289.0
Perp DEXs OI,2023-04-21,507579516.0
Perp DEXs OI,2023-04-22,492862817.0
Perp DEXs OI,2023-04-23,506740249.0
Perp DEXs OI,2023-04-24,506569379.0
Perp DEXs OI,2023-04-25,505772321.0
Perp DEXs OI,2023-04-26,452556486.0
Perp DEXs OI,2023-04-27,421231452.0
Perp DEXs OI,2023-04-28,439116938.0
Perp DEXs OI,2023-04-29,441082158.0
Perp DEXs OI,2023-04-30,447356930.0
Perp DEXs OI,2023-05-01,452783918.0
Perp DEXs OI,2023-05-02,426827161.0
Perp DEXs OI,2023-05-03,421124048.0
Perp DEXs OI,2023-05-04,431389480.0
Perp DEXs OI,2023-05-05,420487911.0
Perp DEXs OI,2023-05-06,475814963.0
Perp DEXs OI,2023-05-07,484128076.0
Perp DEXs OI,2023-05-08,470478409.0
Perp DEXs OI,2023-05-09,449155076.0
Perp DEXs OI,2023-05-10,468409818.0
Perp DEXs OI,2023-05-11,456831459.0
Perp DEXs OI,2023-05-12,461537893.0
Perp DEXs OI,2023-05-13,447326232.0
Perp DEXs OI,2023-05-14,427169593.0
Perp DEXs OI,2023-05-15,438254217.0
Perp DEXs OI,2023-05-16,446844526.0
Perp DEXs OI,2023-05-17,460792897.0
Perp DEXs OI,2023-05-18,461099915.0
Perp DEXs OI,2023-05-19,452942139.0
Perp DEXs OI,2023-05-20,455359920.0
Perp DEXs OI,2023-05-21,463003229.0
Perp DEXs OI,2023-05-22,466665077.0
Perp DEXs OI,2023-05-23,463521716.0
Perp DEXs OI,2023-05-24,466937638.0
Perp DEXs OI,2023-05-25,468468551.0
Perp DEXs OI,2023-05-26,468227388.0
Perp DEXs OI,2023-05-27,467683486.0
Perp DEXs OI,2023-05-28,434361837.0
Perp DEXs OI,2023-05-29,460240068.0
Perp DEXs OI,2023-05-30,464424688.0
Perp DEXs OI,2023-05-31,492086299.0
Perp DEXs OI,2023-06-01,466417125.0
Perp DEXs OI,2023-06-02,471509804.0
Perp DEXs OI,2023-06-03,486547531.0
Perp DEXs OI,2023-06-04,488162026.0
Perp DEXs OI,2023-06-05,491072960.0
Perp DEXs OI,2023-06-06,452777107.0
Perp DEXs OI,2023-06-07,460018297.0
Perp DEXs OI,2023-06-08,432030697.0
Perp DEXs OI,2023-06-09,431528629.0
Perp DEXs OI,2023-06-10,453351653.0
Perp DEXs OI,2023-06-11,419030794.0
Perp DEXs OI,2023-06-12,430714960.0
Perp DEXs OI,2023-06-13,433039919.0
Perp DEXs OI,2023-06-14,375927812.0
Perp DEXs OI,2023-06-15,363168122.0
Perp DEXs OI,2023-06-16,397100427.0
Perp DEXs OI,2023-06-17,378784028.0
Perp DEXs OI,2023-06-18,388241050.0
Perp DEXs OI,2023-06-19,415126404.0
Perp DEXs OI,2023-06-20,436629188.0
Perp DEXs OI,2023-06-21,426868815.0
Perp DEXs OI,2023-06-22,474242086.0
Perp DEXs OI,2023-06-23,435886823.0
Perp DEXs OI,2023-06-24,449333267.0
Perp DEXs OI,2023-06-25,442875263.0
Perp DEXs OI,2023-06-26,489446479.0
Perp DEXs OI,2023-06-27,489395066.0
Perp DEXs OI,2023-06-28,498728987.0
Perp DEXs OI,2023-06-29,481196048.0
Perp DEXs OI,2023-06-30,424734042.0
Perp DEXs OI,2023-07-01,470228380.0
Perp DEXs OI,2023-07-02,447415515.0
Perp DEXs OI,2023-07-03,473315050.0
Perp DEXs OI,2023-07-04,493699123.0
Perp DEXs OI,2023-07-05,483335666.0
Perp DEXs OI,2023-07-06,460741515.0
Perp DEXs OI,2023-07-07,441393425.0
Perp DEXs OI,2023-07-08,462733414.0
Perp DEXs OI,2023-07-09,418777159.0
Perp DEXs OI,2023-07-10,434113948.0
Perp DEXs OI,2023-07-11,446028251.0
Perp DEXs OI,2023-07-12,455218351.0
Perp DEXs OI,2023-07-13,442584691.0
Perp DEXs OI,2023-07-14,465928314.0
Perp DEXs OI,2023-07-15,467701543.0
Perp DEXs OI,2023-07-16,457885364.0
Perp DEXs OI,2023-07-17,456089765.0
Perp DEXs OI,2023-07-18,461470733.0
Perp DEXs OI,2023-07-19,473794075.0
Perp DEXs OI,2023-07-20,455873846.0
Perp DEXs OI,2023-07-21,458727236.0
Perp DEXs OI,2023-07-22,450619867.0
Perp DEXs OI,2023-07-23,447151786.0
Perp DEXs OI,2023-07-24,455780419.0
Perp DEXs OI,2023-07-25,429688559.0
Perp DEXs OI,2023-07-26,426259900.0
Perp DEXs OI,2023-07-27,435636929.0
Perp DEXs OI,2023-07-28,423797248.0
Perp DEXs OI,2023-07-29,437150973.0
Perp DEXs OI,2023-07-30,451978215.0
Perp DEXs OI,2023-07-31,438212876.0
Perp DEXs OI,2023-08-01,422652605.0
Perp DEXs OI,2023-08-02,437916920.0
Perp DEXs OI,2023-08-03,442819641.0
Perp DEXs OI,2023-08-04,413222654.0
Perp DEXs OI,2023-08-05,416442027.0
Perp DEXs OI,2023-08-06,416096349.0
Perp DEXs OI,2023-08-07,412785842.0
Perp DEXs OI,2023-08-08,419601706.0
Perp DEXs OI,2023-08-09,430364392.0
Perp DEXs OI,2023-08-10,421281417.0
Perp DEXs OI,2023-08-11,418073234.0
Perp DEXs OI,2023-08-12,417558421.0
Perp DEXs OI,2023-08-13,427219675.0
Perp DEXs OI,2023-08-14,428248784.0
Perp DEXs OI,2023-08-15,466218465.0
Perp DEXs OI,2023-08-16,421767378.0
Perp DEXs OI,2023-08-17,402996585.0
Perp DEXs OI,2023-08-18,342315478.0
Perp DEXs OI,2023-08-19,352612441.0
Perp DEXs OI,2023-08-20,352773977.0
Perp DEXs OI,2023-08-21,373589485.0
Perp DEXs OI,2023-08-22,360278799.0
Perp DEXs OI,2023-08-23,353132310.0
Perp DEXs OI,2023-08-24,360083661.0
Perp DEXs OI,2023-08-25,345920681.0
Perp DEXs OI,2023-08-26,343679347.0
Perp DEXs OI,2023-08-27,342518609.0
Perp DEXs OI,2023-08-28,349329177.0
Perp DEXs OI,2023-08-29,384627417.0
Perp DEXs OI,2023-08-30,435389095.0
Perp DEXs OI,2023-08-31,415723399.0
Perp DEXs OI,2023-09-01,352596360.0
Perp DEXs OI,2023-09-02,351539182.0
Perp DEXs OI,2023-09-03,349539699.0
Perp DEXs OI,2023-09-04,348640184.0
Perp DEXs OI,2023-09-05,346505233.0
Perp DEXs OI,2023-09-06,353628593.0
Perp DEXs OI,2023-09-07,355799931.0
Perp DEXs OI,2023-09-08,363934169.0
Perp DEXs OI,2023-09-09,358046044.0
Perp DEXs OI,2023-09-10,352071896.0
Perp DEXs OI,2023-09-11,357245975.0
Perp DEXs OI,2023-09-12,352911632.0
Perp DEXs OI,2023-09-13,350638379.0
Perp DEXs OI,2023-09-14,357500953.0
Perp DEXs OI,2023-09-15,366153870.0
Perp DEXs OI,2023-09-16,363786692.0
Perp DEXs OI,2023-09-17,369965645.0
Perp DEXs OI,2023-09-18,363901975.0
Perp DEXs OI,2023-09-19,379995261.0
Perp DEXs OI,2023-09-20,388594823.0
Perp DEXs OI,2023-09-21,379418498.0
Perp DEXs OI,2023-09-22,360918080.0
Perp DEXs OI,2023-09-23,376225995.0
Perp DEXs OI,2023-09-24,371304801.0
Perp DEXs OI,2023-09-25,379257166.0
Perp DEXs OI,2023-09-26,384260301.0
Perp DEXs OI,2023-09-27,383273640.0
Perp DEXs OI,2023-09-28,390671256.0
Perp DEXs OI,2023-09-29,409204961.0
Perp DEXs OI,2023-09-30,425189742.0
Perp DEXs OI,2023-10-01,433734132.0
Perp DEXs OI,2023-10-02,417036382.0
Perp DEXs OI,2023-10-03,365679556.0
Perp DEXs OI,2023-10-04,371913069.0
Perp DEXs OI,2023-10-05,385299742.0
Perp DEXs OI,2023-10-06,386619534.0
Perp DEXs OI,2023-10-07,398724848.0
Perp DEXs OI,2023-10-08,400282285.0
Perp DEXs OI,2023-10-09,392445588.0
Perp DEXs OI,2023-10-10,361227665.0
Perp DEXs OI,2023-10-11,363475444.0
Perp DEXs OI,2023-10-12,369803254.0
Perp DEXs OI,2023-10-13,363160592.0
Perp DEXs OI,2023-10-14,368959488.0
Perp DEXs OI,2023-10-15,409377051.0
Perp DEXs OI,2023-10-16,419760491.0
Perp DEXs OI,2023-10-17,423722205.0
Perp DEXs OI,2023-10-18,415510544.0
Perp DEXs OI,2023-10-19,417406789.0
Perp DEXs OI,2023-10-20,406383757.0
Perp DEXs OI,2023-10-21,435229691.0
Perp DEXs OI,2023-10-22,458453493.0
Perp DEXs OI,2023-10-23,463652579.0
Perp DEXs OI,2023-10-24,473204764.0
Perp DEXs OI,2023-10-25,465902226.0
Perp DEXs OI,2023-10-26,442084308.0
Perp DEXs OI,2023-10-27,441610768.0
Perp DEXs OI,2023-10-28,471009496.0
Perp DEXs OI,2023-10-29,492883524.0
Perp DEXs OI,2023-10-30,504357954.0
Perp DEXs OI,2023-10-31,483692840.0
Perp DEXs OI,2023-11-01,491160132.0
Perp DEXs OI,2023-11-02,515771696.0
Perp DEXs OI,2023-11-03,494246055.0
Perp DEXs OI,2023-11-04,486163629.0
Perp DEXs OI,2023-11-05,484271679.0
Perp DEXs OI,2023-11-06,495431545.0
Perp DEXs OI,2023-11-07,495035959.0
Perp DEXs OI,2023-11-08,491117397.0
Perp DEXs OI,2023-11-09,544272046.0
Perp DEXs OI,2023-11-10,533044383.0
Perp DEXs OI,2023-11-11,576918180.0
Perp DEXs OI,2023-11-12,585318431.0
Perp DEXs OI,2023-11-13,586678796.0
Perp DEXs OI,2023-11-14,521649324.0
Perp DEXs OI,2023-11-15,618427505.0
Perp DEXs OI,2023-11-16,574490222.0
Perp DEXs OI,2023-11-17,519661212.0
Perp DEXs OI,2023-11-18,486181251.0
Perp DEXs OI,2023-11-19,453657834.0
Perp DEXs OI,2023-11-20,462498408.0
Perp DEXs OI,2023-11-21,444409181.0
Perp DEXs OI,2023-11-22,421975474.0
Perp DEXs OI,2023-11-23,442258561.0
Perp DEXs OI,2023-11-24,445553597.0
Perp DEXs OI,2023-11-25,464608222.0
Perp DEXs OI,2023-11-26,457218347.0
Perp DEXs OI,2023-11-27,449081027.0
Perp DEXs OI,2023-11-28,470106517.0
Perp DEXs OI,2023-11-29,473401732.0
Perp DEXs OI,2023-11-30,480017512.0
Perp DEXs OI,2023-12-01,491335654.0
Perp DEXs OI,2023-12-02,520537227.0
Perp DEXs OI,2023-12-03,539560712.0
Perp DEXs OI,2023-12-04,569779477.0
Perp DEXs OI,2023-12-05,601102863.0
Perp DEXs OI,2023-12-06,589322619.0
Perp DEXs OI,2023-12-07,573830542.0
Perp DEXs OI,2023-12-08,628794215.0
Perp DEXs OI,2023-12-09,608817868.0
Perp DEXs OI,2023-12-10,598764620.0
Perp DEXs OI,2023-12-11,547451369.0
Perp DEXs OI,2023-12-12,537286813.0
Perp DEXs OI,2023-12-13,510101896.0
Perp DEXs OI,2023-12-14,564077582.0
Perp DEXs OI,2023-12-15,533808429.0
Perp DEXs OI,2023-12-16,515580824.0
Perp DEXs OI,2023-12-17,503802417.0
Perp DEXs OI,2023-12-18,507777040.0
Perp DEXs OI,2023-12-19,521695132.0
Perp DEXs OI,2023-12-20,494756582.0
Perp DEXs OI,2023-12-21,536936185.0
Perp DEXs OI,2023-12-22,549218908.0
Perp DEXs OI,2023-12-23,543527048.0
Perp DEXs OI,2023-12-24,562002340.0
Perp DEXs OI,2023-12-25,570520644.0
Perp DEXs OI,2023-12-26,553489413.0
Perp DEXs OI,2023-12-27,568346617.0
Perp DEXs OI,2023-12-28,594331041.0
Perp DEXs OI,2023-12-29,551810042.0
Perp DEXs OI,2023-12-30,552986846.0
Perp DEXs OI,2023-12-31,561320046.0
Perp DEXs OI,2024-01-01,601689077.0
Perp DEXs OI,2024-01-02,621213019.0
Perp DEXs OI,2024-01-03,534983746.0
Perp DEXs OI,2024-01-04,537453401.0
Perp DEXs OI,2024-01-05,534337849.0
Perp DEXs OI,2024-01-06,497781930.0
Perp DEXs OI,2024-01-07,487875411.0
Perp DEXs OI,2024-01-08,495515355.0
Perp DEXs OI,2024-01-09,564099885.0
Perp DEXs OI,2024-01-10,570624442.0
Perp DEXs OI,2024-01-11,545229063.0
Perp DEXs OI,2024-01-12,500011459.0
Perp DEXs OI,2024-01-13,487304697.0
Perp DEXs OI,2024-01-14,466335560.0
Perp DEXs OI,2024-01-15,456186802.0
Perp DEXs OI,2024-01-16,472271060.0
Perp DEXs OI,2024-01-17,475416471.0
Perp DEXs OI,2024-01-18,456276039.0
Perp DEXs OI,2024-01-19,457747608.0
Perp DEXs OI,2024-01-20,456044583.0
Perp DEXs OI,2024-01-21,444422592.0
Perp DEXs OI,2024-01-22,411559405.0
Perp DEXs OI,2024-01-23,396344767.0
Perp DEXs OI,2024-01-24,390641560.0
Perp DEXs OI,2024-01-25,435412553.0
Perp DEXs OI,2024-01-26,444833681.0
Perp DEXs OI,2024-01-27,478667842.0
Perp DEXs OI,2024-01-28,463087006.0
Perp DEXs OI,2024-01-29,470313596.0
Perp DEXs OI,2024-01-30,478633907.0
Perp DEXs OI,2024-01-31,482501468.0
Perp DEXs OI,2024-02-01,467133711.0
Perp DEXs OI,2024-02-02,480684270.0
Perp DEXs OI,2024-02-03,481309205.0
Perp DEXs OI,2024-02-04,468012594.0
Perp DEXs OI,2024-02-05,480172293.0
Perp DEXs OI,2024-02-06,493564601.0
Perp DEXs OI,2024-02-07,501933265.0
Perp DEXs OI,2024-02-08,491484169.0
Perp DEXs OI,2024-02-09,540751792.0
Perp DEXs OI,2024-02-10,510251730.0
Perp DEXs OI,2024-02-11,565924998.0
Perp DEXs OI,2024-02-12,596913717.0
Perp DEXs OI,2024-02-13,599510219.0
Perp DEXs OI,2024-02-14,625190478.0
Perp DEXs OI,2024-02-15,655469348.0
Perp DEXs OI,2024-02-16,647248143.0
Perp DEXs OI,2024-02-17,634983872.0
Perp DEXs OI,2024-02-18,671483087.0
Perp DEXs OI,2024-02-19,675108089.0
Perp DEXs OI,2024-02-20,652411169.0
Perp DEXs OI,2024-02-21,638630621.0
Perp DEXs OI,2024-02-22,646860942.0
Perp DEXs OI,2024-02-23,627813343.0
Perp DEXs OI,2024-02-24,683562813.0
Perp DEXs OI,2024-02-25,692349394.0
Perp DEXs OI,2024-02-26,716771153.0
Perp DEXs OI,2024-02-27,709366832.0
Perp DEXs OI,2024-02-28,795348219.0
Perp DEXs OI,2024-02-29,807403877.0
Perp DEXs OI,2024-03-01,834983569.0
Perp DEXs OI,2024-03-02,853605814.0
Perp DEXs OI,2024-03-03,878746590.0
Perp DEXs OI,2024-03-04,873894509.0
Perp DEXs OI,2024-03-05,832937008.0
Perp DEXs OI,2024-03-06,932001170.0
Perp DEXs OI,2024-03-07,940107766.0
Perp DEXs OI,2024-03-08,963731810.0
Perp DEXs OI,2024-03-09,1006063045.0
Perp DEXs OI,2024-03-10,1016886541.0
Perp DEXs OI,2024-03-11,1073593871.0
Perp DEXs OI,2024-03-12,1112896611.0
Perp DEXs OI,2024-03-13,1126331715.0
Perp DEXs OI,2024-03-14,1064235708.0
Perp DEXs OI,2024-03-15,1030265147.0
Perp DEXs OI,2024-03-16,962756975.0
Perp DEXs OI,2024-03-17,989442461.0
Perp DEXs OI,2024-03-18,948391070.0
Perp DEXs OI,2024-03-19,820462128.0
Perp DEXs OI,2024-03-20,909365291.0
Perp DEXs OI,2024-03-21,894369666.0
Perp DEXs OI,2024-03-22,868539692.0
Perp DEXs OI,2024-03-23,863705787.0
Perp DEXs OI,2024-03-24,891133150.0
Perp DEXs OI,2024-03-25,936550838.0
Perp DEXs OI,2024-03-26,959665642.0
Perp DEXs OI,2024-03-27,946298849.0
Perp DEXs OI,2024-03-28,1000711496.0
Perp DEXs OI,2024-03-29,1010260279.0
Perp DEXs OI,2024-03-30,998889415.0
Perp DEXs OI,2024-03-31,1030272258.0
Perp DEXs OI,2024-04-01,992979783.0
Perp DEXs OI,2024-04-02,963284629.0
Perp DEXs OI,2024-04-03,948012858.0
Perp DEXs OI,2024-04-04,958924967.0
Perp DEXs OI,2024-04-05,949958930.0
Perp DEXs OI,2024-04-06,968255521.0
Perp DEXs OI,2024-04-07,983972989.0
Perp DEXs OI,2024-04-08,986466248.0
Perp DEXs OI,2024-04-09,966745985.0
Perp DEXs OI,2024-04-10,974308166.0
Perp DEXs OI,2024-04-11,931683948.0
Perp DEXs OI,2024-04-12,811134026.0
Perp DEXs OI,2024-04-13,679727396.0
Perp DEXs OI,2024-04-14,699367988.0
Perp DEXs OI,2024-04-15,683848398.0
Perp DEXs OI,2024-04-16,675148077.0
Perp DEXs OI,2024-04-17,654421335.0
Perp DEXs OI,2024-04-18,668229165.0
Perp DEXs OI,2024-04-19,707781331.0
Perp DEXs OI,2024-04-20,737322820.0
Perp DEXs OI,2024-04-21,763942541.0
Perp DEXs OI,2024-04-22,764721375.0
Perp DEXs OI,2024-04-23,764664170.0
Perp DEXs OI,2024-04-24,742252705.0
Perp DEXs OI,2024-04-25,696981110.0
Perp DEXs OI,2024-04-26,702483222.0
Perp DEXs OI,2024-04-27,704878086.0
Perp DEXs OI,2024-04-28,679020877.0
Perp DEXs OI,2024-04-29,693983499.0
Perp DEXs OI,2024-04-30,658411614.0
Perp DEXs OI,2024-05-01,627820446.0
Perp DEXs OI,2024-05-02,645705549.0
Perp DEXs OI,2024-05-03,666529986.0
Perp DEXs OI,2024-05-04,684563316.0
Perp DEXs OI,2024-05-05,685031291.0
Perp DEXs OI,2024-05-06,717863317.0
Perp DEXs OI,2024-05-07,742282734.0
Perp DEXs OI,2024-05-08,694417893.0
Perp DEXs OI,2024-05-09,708560486.0
Perp DEXs OI,2024-05-10,735637349.0
Perp DEXs OI,2024-05-11,714603267.0
Perp DEXs OI,2024-05-12,714868267.0
Perp DEXs OI,2024-05-13,698770653.0
Perp DEXs OI,2024-05-14,689267540.0
Perp DEXs OI,2024-05-15,723159373.0
Perp DEXs OI,2024-05-16,727471482.0
Perp DEXs OI,2024-05-17,758667700.0
Perp DEXs OI,2024-05-18,745190475.0
Perp DEXs OI,2024-05-19,731302095.0
Perp DEXs OI,2024-05-20,797299205.0
Perp DEXs OI,2024-05-21,851459453.0
Perp DEXs OI,2024-05-22,871486675.0
Perp DEXs OI,2024-05-23,871993593.0
Perp DEXs OI,2024-05-24,854039535.0
Perp DEXs OI,2024-05-25,862272516.0
Perp DEXs OI,2024-05-26,864233691.0
Perp DEXs OI,2024-05-27,905296250.0
Perp DEXs OI,2024-05-28,921246344.0
Perp DEXs OI,2024-05-29,941566341.0
Perp DEXs OI,2024-05-30,931047490.0
Perp DEXs OI,2024-05-31,954230295.0
Perp DEXs OI,2024-06-01,955873086.0
Perp DEXs OI,2024-06-02,981699612.0
Perp DEXs OI,2024-06-03,940558406.0
Perp DEXs OI,2024-06-04,1050897869.0
Perp DEXs OI,2024-06-05,1078936454.0
Perp DEXs OI,2024-06-06,1050455981.0
Perp DEXs OI,2024-06-07,963007397.0
Perp DEXs OI,2024-06-08,951646135.0
Perp DEXs OI,2024-06-09,979139519.0
Perp DEXs OI,2024-06-10,958603790.0
Perp DEXs OI,2024-06-11,936510901.0
Perp DEXs OI,2024-06-12,924983560.0
Perp DEXs OI,2024-06-13,925717748.0
Perp DEXs OI,2024-06-14,935282987.0
Perp DEXs OI,2024-06-15,911294160.0
Perp DEXs OI,2024-06-16,924386699.0
Perp DEXs OI,2024-06-17,881737949.0
Perp DEXs OI,2024-06-18,856837310.0
Perp DEXs OI,2024-06-19,897576235.0
Perp DEXs OI,2024-06-20,902421321.0
Perp DEXs OI,2024-06-21,880766569.0
Perp DEXs OI,2024-06-22,866215171.0
Perp DEXs OI,2024-06-23,830775713.0
Perp DEXs OI,2024-06-24,832965835.0
Perp DEXs OI,2024-06-25,855136715.0
Perp DEXs OI,2024-06-26,895406164.0
Perp DEXs OI,2024-06-27,783395216.0
Perp DEXs OI,2024-06-28,774567016.0
Perp DEXs OI,2024-06-29,905051827.0
Perp DEXs OI,2024-06-30,917657934.0
Perp DEXs OI,2024-07-01,929430690.0
Perp DEXs OI,2024-07-02,938613852.0
Perp DEXs OI,2024-07-03,934224193.0
Perp DEXs OI,2024-07-04,850489832.0
Perp DEXs OI,2024-07-05,860283106.0
Perp DEXs OI,2024-07-06,874593920.0
Perp DEXs OI,2024-07-07,846141385.0
Perp DEXs OI,2024-07-08,860778892.0
Perp DEXs OI,2024-07-09,889898750.0
Perp DEXs OI,2024-07-10,802153534.0
Perp DEXs OI,2024-07-11,804585398.0
Perp DEXs OI,2024-07-12,806518690.0
Perp DEXs OI,2024-07-13,834184017.0
Perp DEXs OI,2024-07-14,868326189.0
Perp DEXs OI,2024-07-15,901664352.0
Perp DEXs OI,2024-07-16,896948880.0
Perp DEXs OI,2024-07-17,1030671010.0
Perp DEXs OI,2024-07-18,920156752.0
Perp DEXs OI,2024-07-19,904977226.0
Perp DEXs OI,2024-07-20,1081541195.0
Perp DEXs OI,2024-07-21,1105489545.0
Perp DEXs OI,2024-07-22,960666294.0
Perp DEXs OI,2024-07-23,1018166444.0
Perp DEXs OI,2024-07-24,1121623846.0
Perp DEXs OI,2024-07-25,1147763110.0
Perp DEXs OI,2024-07-26,1153577253.0
Perp DEXs OI,2024-07-27,1160299590.0
Perp DEXs OI,2024-07-28,1041740301.0
Perp DEXs OI,2024-07-29,1069336906.0
Perp DEXs OI,2024-07-30,894819951.0
Perp DEXs OI,2024-07-31,874168751.0
Perp DEXs OI,2024-08-01,755226269.0
Perp DEXs OI,2024-08-02,708582411.0
Perp DEXs OI,2024-08-03,684728993.0
Perp DEXs OI,2024-08-04,651635918.0
Perp DEXs OI,2024-08-05,652819765.0
Perp DEXs OI,2024-08-06,582563158.0
Perp DEXs OI,2024-08-07,608339590.0
Perp DEXs OI,2024-08-08,628223121.0
Perp DEXs OI,2024-08-09,651099734.0
Perp DEXs OI,2024-08-10,652444203.0
Perp DEXs OI,2024-08-11,653195157.0
Perp DEXs OI,2024-08-12,667244374.0
Perp DEXs OI,2024-08-13,671942339.0
Perp DEXs OI,2024-08-14,669499934.0
Perp DEXs OI,2024-08-15,683992008.0
Perp DEXs OI,2024-08-16,701999146.0
Perp DEXs OI,2024-08-17,731835554.0
Perp DEXs OI,2024-08-18,712232350.0
Perp DEXs OI,2024-08-19,723578403.0
Perp DEXs OI,2024-08-20,738806905.0
Perp DEXs OI,2024-08-21,777061008.0
Perp DEXs OI,2024-08-22,800366849.0
Perp DEXs OI,2024-08-23,803877048.0
Perp DEXs OI,2024-08-24,855126749.0
Perp DEXs OI,2024-08-25,853223264.0
Perp DEXs OI,2024-08-26,875838252.0
Perp DEXs OI,2024-08-27,806700829.0
Perp DEXs OI,2024-08-28,802368249.0
Perp DEXs OI,2024-08-29,807566688.0
Perp DEXs OI,2024-08-30,823488621.0
Perp DEXs OI,2024-08-31,803858757.0
Perp DEXs OI,2024-09-01,779285579.0
Perp DEXs OI,2024-09-02,804594568.0
Perp DEXs OI,2024-09-03,781126402.0
Perp DEXs OI,2024-09-04,771157129.0
Perp DEXs OI,2024-09-05,740321360.0
Perp DEXs OI,2024-09-06,742475639.0
Perp DEXs OI,2024-09-07,727578405.0
Perp DEXs OI,2024-09-08,733998291.0
Perp DEXs OI,2024-09-09,740353687.0
Perp DEXs OI,2024-09-10,754671082.0
Perp DEXs OI,2024-09-11,755314393.0
Perp DEXs OI,2024-09-12,771534484.0
Perp DEXs OI,2024-09-13,785994446.0
Perp DEXs OI,2024-09-14,783949538.0
Perp DEXs OI,2024-09-15,773281938.0
Perp DEXs OI,2024-09-16,776252633.0
Perp DEXs OI,2024-09-17,687851039.0
Perp DEXs OI,2024-09-18,712200843.0
Perp DEXs OI,2024-09-19,714337894.0
Perp DEXs OI,2024-09-20,727224425.0
Perp DEXs OI,2024-09-21,730604575.0
Perp DEXs OI,2024-09-22,734369851.0
Perp DEXs OI,2024-09-23,770371525.0
Perp DEXs OI,2024-09-24,749093623.0
Perp DEXs OI,2024-09-25,773325990.0
Perp DEXs OI,2024-09-26,772922831.0
Perp DEXs OI,2024-09-27,797630658.0
Perp DEXs OI,2024-09-28,806398527.0
Perp DEXs OI,2024-09-29,799713556.0
Perp DEXs OI,2024-09-30,756172373.0
Perp DEXs OI,2024-10-01,743927013.0
Perp DEXs OI,2024-10-02,769387830.0
Perp DEXs OI,2024-10-03,806206416.0
Perp DEXs OI,2024-10-04,806376475.0
Perp DEXs OI,2024-10-05,819056884.0
Perp DEXs OI,2024-10-06,836026980.0
Perp DEXs OI,2024-10-07,825450417.0
Perp DEXs OI,2024-10-08,803818060.0
Perp DEXs OI,2024-10-09,790290745.0
Perp DEXs OI,2024-10-10,852327611.0
Perp DEXs OI,2024-10-11,835452198.0
Perp DEXs OI,2024-10-12,863223991.0
Perp DEXs OI,2024-10-13,895484808.0
Perp DEXs OI,2024-10-14,891968881.0
Perp DEXs OI,2024-10-15,898305401.0
Perp DEXs OI,2024-10-16,950647285.0
Perp DEXs OI,2024-10-17,1020150725.0
Perp DEXs OI,2024-10-18,976202813.0
Perp DEXs OI,2024-10-19,1004732360.0
Perp DEXs OI,2024-10-20,992251389.0
Perp DEXs OI,2024-10-21,997252011.0
Perp DEXs OI,2024-10-22,1039964171.0
Perp DEXs OI,2024-10-23,1087069085.0
Perp DEXs OI,2024-10-24,1111046228.0
Perp DEXs OI,2024-10-25,1146336719.0
Perp DEXs OI,2024-10-26,1211124912.0
Perp DEXs OI,2024-10-27,1252188434.0
Perp DEXs OI,2024-10-28,1210732216.0
Perp DEXs OI,2024-10-29,1331695764.0
Perp DEXs OI,2024-10-30,1357876612.0
Perp DEXs OI,2024-10-31,1393264892.0
Perp DEXs OI,2024-11-01,1436718207.0
Perp DEXs OI,2024-11-02,1422203891.0
Perp DEXs OI,2024-11-03,1438346556.0
Perp DEXs OI,2024-11-04,1526699453.0
Perp DEXs OI,2024-11-05,1792250041.0
Perp DEXs OI,2024-11-06,1444442207.0
Perp DEXs OI,2024-11-07,1378256430.0
Perp DEXs OI,2024-11-08,1457315431.0
Perp DEXs OI,2024-11-09,1490438210.0
Perp DEXs OI,2024-11-10,1578025242.0
Perp DEXs OI,2024-11-11,1626776772.0
Perp DEXs OI,2024-11-12,1613683444.0
Perp DEXs OI,2024-11-13,1589788763.0
Perp DEXs OI,2024-11-14,1602196209.0
Perp DEXs OI,2024-11-15,1546232865.0
Perp DEXs OI,2024-11-16,1552552453.0
Perp DEXs OI,2024-11-17,1542779800.0
Perp DEXs OI,2024-11-18,1612119233.0
Perp DEXs OI,2024-11-19,1783704005.0
Perp DEXs OI,2024-11-20,1913184723.0
Perp DEXs OI,2024-11-21,1694269248.0
Perp DEXs OI,2024-11-22,2013824075.0
Perp DEXs OI,2024-11-23,2037054412.0
Perp DEXs OI,2024-11-24,2068266571.0
Perp DEXs OI,2024-11-25,2004712718.0
Perp DEXs OI,2024-11-26,2039581484.0
Perp DEXs OI,2024-11-27,2052962450.0
Perp DEXs OI,2024-11-28,2060761196.0
Perp DEXs OI,2024-11-29,2051010091.0
Perp DEXs OI,2024-11-30,2108697349.0
Perp DEXs OI,2024-12-01,2667634666.0
Perp DEXs OI,2024-12-02,2130662243.0
Perp DEXs OI,2024-12-03,2099809443.0
Perp DEXs OI,2024-12-04,2205089305.0
Perp DEXs OI,2024-12-05,2162902880.0
Perp DEXs OI,2024-12-06,2146492392.0
Perp DEXs OI,2024-12-07,2166913166.0
Perp DEXs OI,2024-12-08,2143930475.0
Perp DEXs OI,2024-12-09,2031804938.0
Perp DEXs OI,2024-12-10,2054564502.0
Perp DEXs OI,2024-12-11,2090179780.0
Perp DEXs OI,2024-12-12,3034248481.0
Perp DEXs OI,2024-12-13,3072179163.0
Perp DEXs OI,2024-12-14,3121033516.0
Perp DEXs OI,2024-12-15,3108379559.0
Perp DEXs OI,2024-12-16,3089817015.0
Perp DEXs OI,2024-12-17,3005916017.0
Perp DEXs OI,2024-12-18,1995229109.0
Perp DEXs OI,2024-12-19,1818670948.0
Perp DEXs OI,2024-12-20,1656988689.0
Perp DEXs OI,2024-12-21,1648150554.0
Perp DEXs OI,2024-12-22,1639797634.0
Perp DEXs OI,2024-12-23,1670608756.0
Perp DEXs OI,2024-12-24,4884328227.0
Perp DEXs OI,2024-12-25,5007391125.0
Perp DEXs OI,2024-12-26,4725112987.0
Perp DEXs OI,2024-12-27,4798561884.0
Perp DEXs OI,2024-12-28,4749850656.0
Perp DEXs OI,2024-12-29,4895254934.0
Perp DEXs OI,2024-12-30,4846847910.0
Perp DEXs OI,2024-12-31,4771531318.0
Perp DEXs OI,2025-01-01,4856868474.0
Perp DEXs OI,2025-01-02,5308282344.0
Perp DEXs OI,2025-01-03,5126945201.0
Perp DEXs OI,2025-01-04,5399185583.0
Perp DEXs OI,2025-01-05,5491366465.0
Perp DEXs OI,2025-01-06,5460454410.0
Perp DEXs OI,2025-01-07,5273372368.0
Perp DEXs OI,2025-01-08,4849504609.0
Perp DEXs OI,2025-01-09,4650436584.0
Perp DEXs OI,2025-01-10,4616854597.0
Perp DEXs OI,2025-01-11,4534848668.0
Perp DEXs OI,2025-01-12,4593299125.0
Perp DEXs OI,2025-01-13,4415200407.0
Perp DEXs OI,2025-01-14,4472336203.0
Perp DEXs OI,2025-01-15,4616115394.0
Perp DEXs OI,2025-01-16,4855164540.0
Perp DEXs OI,2025-01-17,5211680829.0
Perp DEXs OI,2025-01-18,5270344527.0
Perp DEXs OI,2025-01-19,5464854441.0
Perp DEXs OI,2025-01-20,5452022883.0
Perp DEXs OI,2025-01-21,5059118625.0
Perp DEXs OI,2025-01-22,5127569055.0
Perp DEXs OI,2025-01-23,4983669019.0
Perp DEXs OI,2025-01-24,5066008454.0
Perp DEXs OI,2025-01-25,4828506812.0
Perp DEXs OI,2025-01-26,4894856014.0
Perp DEXs OI,2025-01-27,4546806779.0
Perp DEXs OI,2025-01-28,4812848885.0
Perp DEXs OI,2025-01-29,4711582012.0
Perp DEXs OI,2025-01-30,4967495848.0
Perp DEXs OI,2025-01-31,4963455812.0
Perp DEXs OI,2025-02-01,4845408803.0
Perp DEXs OI,2025-02-02,4308970771.0
Perp DEXs OI,2025-02-03,3952367939.0
Perp DEXs OI,2025-02-04,4054346546.0
Perp DEXs OI,2025-02-05,4166166061.0
Perp DEXs OI,2025-02-06,4250161644.0
Perp DEXs OI,2025-02-07,4157391994.0
Perp DEXs OI,2025-02-08,4009445131.0
Perp DEXs OI,2025-02-09,4179396541.0
Perp DEXs OI,2025-02-10,4158146977.0
Perp DEXs OI,2025-02-11,4413961492.0
Perp DEXs OI,2025-02-12,4450754700.0
Perp DEXs OI,2025-02-13,4526980556.0
Perp DEXs OI,2025-02-14,4700611119.0
Perp DEXs OI,2025-02-15,4628267452.0
Perp DEXs OI,2025-02-16,4603529150.0
Perp DEXs OI,2025-02-17,4526522305.0
Perp DEXs OI,2025-02-18,4466832677.0
Perp DEXs OI,2025-02-19,4513311875.0
Perp DEXs OI,2025-02-20,4890805214.0
Perp DEXs OI,2025-02-21,4843350111.0
Perp DEXs OI,2025-02-22,4891565780.0
Perp DEXs OI,2025-02-23,4808810395.0
Perp DEXs OI,2025-02-24,4442486302.0
Perp DEXs OI,2025-02-25,4045553402.0
Perp DEXs OI,2025-02-26,4165848624.0
Perp DEXs OI,2025-02-27,4065759540.0
Perp DEXs OI,2025-02-28,3761182416.0
Perp DEXs OI,2025-03-01,3843651675.0
Perp DEXs OI,2025-03-02,4121342413.0
Perp DEXs OI,2025-03-03,3911421447.0
Perp DEXs OI,2025-03-04,3342968000.0
Perp DEXs OI,2025-03-05,3508380222.0
Perp DEXs OI,2025-03-06,3575826736.0
Perp DEXs OI,2025-03-07,3595777147.0
Perp DEXs OI,2025-03-08,3666303887.0
Perp DEXs OI,2025-03-09,3692305420.0
Perp DEXs OI,2025-03-10,3529010405.0
Perp DEXs OI,2025-03-11,3370837952.0
Perp DEXs OI,2025-03-12,4033380514.0
Perp DEXs OI,2025-03-13,3416467652.0
Perp DEXs OI,2025-03-14,3532549298.0
Perp DEXs OI,2025-03-15,4135126021.0
Perp DEXs OI,2025-03-16,4049511982.0
Perp DEXs OI,2025-03-17,3955514619.0
Perp DEXs OI,2025-03-18,3645163316.0
Perp DEXs OI,2025-03-19,3759444086.0
Perp DEXs OI,2025-03-20,3797073314.0
Perp DEXs OI,2025-03-21,3621325844.0
Perp DEXs OI,2025-03-22,3873669401.0
Perp DEXs OI,2025-03-23,3859360481.0
Perp DEXs OI,2025-03-24,3757487394.0
Perp DEXs OI,2025-03-25,3892819321.0
Perp DEXs OI,2025-03-26,3944356126.0
Perp DEXs OI,2025-03-27,3810297532.0
Perp DEXs OI,2025-03-28,3601184196.0
Perp DEXs OI,2025-03-29,3611649476.0
Perp DEXs OI,2025-03-30,3605844842.0
Perp DEXs OI,2025-03-31,3711412264.0
Perp DEXs OI,2025-04-01,3848776960.0
Perp DEXs OI,2025-04-02,3563721163.0
Perp DEXs OI,2025-04-03,3506039024.0
Perp DEXs OI,2025-04-04,3553315411.0
Perp DEXs OI,2025-04-05,3821181335.0
Perp DEXs OI,2025-04-06,3787118731.0
Perp DEXs OI,2025-04-07,3371583421.0
Perp DEXs OI,2025-04-08,3365993497.0
Perp DEXs OI,2025-04-09,3484378261.0
Perp DEXs OI,2025-04-10,3725035815.0
Perp DEXs OI,2025-04-11,3952035048.0
Perp DEXs OI,2025-04-12,4139407791.0
Perp DEXs OI,2025-04-13,4233942411.0
Perp DEXs OI,2025-04-14,3955135910.0
Perp DEXs OI,2025-04-15,3968448201.0
Perp DEXs OI,2025-04-16,3960573213.0
Perp DEXs OI,2025-04-17,3887725747.0
Perp DEXs OI,2025-04-18,4054124222.0
Perp DEXs OI,2025-04-19,4141307131.0
Perp DEXs OI,2025-04-20,4204040518.0
Perp DEXs OI,2025-04-21,4405545755.0
Perp DEXs OI,2025-04-22,4426049885.0
Perp DEXs OI,2025-04-23,4559608979.0
Perp DEXs OI,2025-04-24,4302386893.0
Perp DEXs OI,2025-04-25,4849039914.0
Perp DEXs OI,2025-04-26,4886738191.0
Perp DEXs OI,2025-04-27,4850455539.0
Perp DEXs OI,2025-04-28,4804697298.0
Perp DEXs OI,2025-04-29,4938298182.0
Perp DEXs OI,2025-04-30,4807092189.0
Perp DEXs OI,2025-05-01,5190998115.0
Perp DEXs OI,2025-05-02,5228108859.0
Perp DEXs OI,2025-05-03,5316554761.0
Perp DEXs OI,2025-05-04,4963843544.0
Perp DEXs OI,2025-05-05,5074284179.0
Perp DEXs OI,2025-05-06,5138003384.0
Perp DEXs OI,2025-05-07,5225385803.0
Perp DEXs OI,2025-05-08,5744005677.0
Perp DEXs OI,2025-05-09,6240104554.0
Perp DEXs OI,2025-05-10,6416769641.0
Perp DEXs OI,2025-05-11,6939633792.0
Perp DEXs OI,2025-05-12,7733897379.0
Perp DEXs OI,2025-05-13,7534935341.0
Perp DEXs OI,2025-05-14,7502727982.0
Perp DEXs OI,2025-05-15,7075014263.0
Perp DEXs OI,2025-05-16,7174820502.0
Perp DEXs OI,2025-05-17,7223565821.0
Perp DEXs OI,2025-05-18,7540392181.0
Perp DEXs OI,2025-05-19,7583226677.0
Perp DEXs OI,2025-05-20,7396665177.0
Perp DEXs OI,2025-05-21,8445812762.0
Perp DEXs OI,2025-05-22,9491210361.0
Perp DEXs OI,2025-05-23,10836010866.0
Perp DEXs OI,2025-05-24,10446723542.0
Perp DEXs OI,2025-05-25,8798528428.0
Perp DEXs OI,2025-05-26,8743988099.0
Perp DEXs OI,2025-05-27,9355810313.0
Perp DEXs OI,2025-05-28,9476666489.0
Perp DEXs OI,2025-05-29,9989850947.0
Perp DEXs OI,2025-05-30,7716284754.0
Perp DEXs OI,2025-05-31,7269581328.0
Perp DEXs OI,2025-06-01,7464491371.0
Perp DEXs OI,2025-06-02,8204577541.0
Perp DEXs OI,2025-06-03,8644950840.0
Perp DEXs OI,2025-06-04,8376776724.0
Perp DEXs OI,2025-06-05,8241467163.0
Perp DEXs OI,2025-06-06,8097209656.0
Perp DEXs OI,2025-06-07,7933449666.0
Perp DEXs OI,2025-06-08,8111443580.0
Perp DEXs OI,2025-06-09,8709681129.0
Perp DEXs OI,2025-06-10,9553715501.0
Perp DEXs OI,2025-06-11,10444439597.0
Perp DEXs OI,2025-06-12,10184480724.0
Perp DEXs OI,2025-06-13,9162357070.0
Perp DEXs OI,2025-06-14,9304735981.0
Perp DEXs OI,2025-06-15,9260841677.0
Perp DEXs OI,2025-06-16,10062066668.0
Perp DEXs OI,2025-06-17,9593844830.0
Perp DEXs OI,2025-06-18,8892260957.0
Perp DEXs OI,2025-06-19,9046246423.0
Perp DEXs OI,2025-06-20,9141665057.0
Perp DEXs OI,2025-06-21,8591580635.0
Perp DEXs OI,2025-06-22,8244898200.0
Perp DEXs OI,2025-06-23,8023876235.0
Perp DEXs OI,2025-06-24,7998175936.0
Perp DEXs OI,2025-06-25,8430693610.0
Perp DEXs OI,2025-06-26,8659344929.0
Perp DEXs OI,2025-06-27,8659774753.0
Perp DEXs OI,2025-06-28,8751944540.0
Perp DEXs OI,2025-06-29,9220593426.0
Perp DEXs OI,2025-06-30,9084027597.0
Perp DEXs OI,2025-07-01,9109405411.0
Perp DEXs OI,2025-07-02,8885788085.0
Perp DEXs OI,2025-07-03,8901505807.0
Perp DEXs OI,2025-07-04,8943797658.0
Perp DEXs OI,2025-07-05,9117420954.0
Perp DEXs OI,2025-07-06,9292586298.0
Perp DEXs OI,2025-07-07,9788859971.0
Perp DEXs OI,2025-07-08,9881554871.0
Perp DEXs OI,2025-07-09,10384872068.0
Perp DEXs OI,2025-07-10,10724434507.0
Perp DEXs OI,2025-07-11,11732056807.0
Perp DEXs OI,2025-07-12,12277493998.0
Perp DEXs OI,2025-07-13,12814313777.0
Perp DEXs OI,2025-07-14,13441615646.0
Perp DEXs OI,2025-07-15,13784421355.0
Perp DEXs OI,2025-07-16,15776712196.0
Perp DEXs OI,2025-07-17,16092450448.0
Perp DEXs OI,2025-07-18,16514867704.0
Perp DEXs OI,2025-07-19,15454715941.0
Perp DEXs OI,2025-07-20,16806338838.0
Perp DEXs OI,2025-07-21,17159336357.0
Perp DEXs OI,2025-07-22,17855715986.0
Perp DEXs OI,2025-07-23,17413270949.0
Perp DEXs OI,2025-07-24,16068058511.0
Perp DEXs OI,2025-07-25,17471596683.0
Perp DEXs OI,2025-07-26,17814339312.0
Perp DEXs OI,2025-07-27,18881327798.0
Perp DEXs OI,2025-07-28,17517099125.0
Perp DEXs OI,2025-07-29,16945166408.0
Perp DEXs OI,2025-07-30,16969601069.0
Perp DEXs OI,2025-07-31,16075887365.0
Perp DEXs OI,2025-08-01,14058891318.0
Perp DEXs OI,2025-08-02,13126036609.0
Perp DEXs OI,2025-08-03,13669156817.0
Perp DEXs OI,2025-08-04,13766319512.0
Perp DEXs OI,2025-08-05,13561607577.0
Perp DEXs OI,2025-08-06,13057521055.0
Perp DEXs OI,2025-08-07,14396281925.0
Perp DEXs OI,2025-08-08,15044420712.0
Perp DEXs OI,2025-08-09,16004098185.0
Perp DEXs OI,2025-08-10,16459882709.0
Perp DEXs OI,2025-08-11,15905015316.0
Perp DEXs OI,2025-08-12,18011089461.0
Perp DEXs OI,2025-08-13,19437770455.0
Perp DEXs OI,2025-08-14,17432885448.0
Perp DEXs OI,2025-08-15,16579603767.0
Perp DEXs OI,2025-08-16,16495142442.0
Perp DEXs OI,2025-08-17,16854010668.0
Perp DEXs OI,2025-08-18,15246300360.0
Perp DEXs OI,2025-08-19,14257002085.0
Perp DEXs OI,2025-08-20,15449788338.0
Perp DEXs OI,2025-08-21,15327078195.0
Perp DEXs OI,2025-08-22,17511426254.0
Perp DEXs OI,2025-08-23,18258824290.0
Perp DEXs OI,2025-08-24,18325232364.0
Perp DEXs OI,2025-08-25,15763713000.0
Perp DEXs OI,2025-08-26,16710860789.0
Perp DEXs OI,2025-08-27,16328434470.0
Perp DEXs OI,2025-08-28,16796068052.0
Perp DEXs OI,2025-08-29,16343361329.0
Perp DEXs OI,2025-08-30,16142794276.0
Perp DEXs OI,2025-08-31,15719094640.0
Perp DEXs OI,2025-09-01,15209203128.0
Perp DEXs OI,2025-09-02,15511334583.0
Perp DEXs OI,2025-09-03,15663520219.0
Perp DEXs OI,2025-09-04,15602212616.0
Perp DEXs OI,2025-09-05,16233594523.0
Perp DEXs OI,2025-09-06,16105467651.0
Perp DEXs OI,2025-09-07,16160616224.0
Perp DEXs OI,2025-09-08,16752827260.0
Perp DEXs OI,2025-09-09,17521737177.0
Perp DEXs OI,2025-09-10,17822309562.0
Perp DEXs OI,2025-09-11,18262686448.0
Perp DEXs OI,2025-09-12,18361597379.0
Perp DEXs OI,2025-09-13,19167244311.0
Perp DEXs OI,2025-09-14,19031962692.0
Perp DEXs OI,2025-09-15,19093822774.0
Perp DEXs OI,2025-09-16,18876448027.0
Perp DEXs OI,2025-09-17,19544697053.0
Perp DEXs OI,2025-09-18,20828135428.0
Perp DEXs OI,2025-09-19,20686466091.0
Perp DEXs OI,2025-09-20,20638898893.0
Perp DEXs OI,2025-09-21,20077372720.0
Perp DEXs OI,2025-09-22,18380671014.0
Perp DEXs OI,2025-09-23,17623677000.0
Perp DEXs OI,2025-09-24,19192221855.0
Perp DEXs OI,2025-09-25,17881246137.0
Perp DEXs OI,2025-09-26,18304986572.0
Perp DEXs OI,2025-09-27,18760123719.0
Perp DEXs OI,2025-09-28,19897946289.0
Perp DEXs OI,2025-09-29,20171730386.0
Perp DEXs OI,2025-09-30,19834362008.0
Perp DEXs OI,2025-10-01,20402830638.0
Perp DEXs OI,2025-10-02,23777636143.0
Perp DEXs OI,2025-10-03,25108849155.0
Perp DEXs OI,2025-10-04,26632845855.0
Perp DEXs OI,2025-10-05,26993471502.0
Perp DEXs OI,2025-10-06,26978782396.0
Perp DEXs OI,2025-10-07,26251993557.0
Perp DEXs OI,2025-10-08,26733575398.0
Perp DEXs OI,2025-10-09,25870623263.0
Perp DEXs OI,2025-10-10,14524838654.0
Perp DEXs OI,2025-10-11,13756448467.0
Perp DEXs OI,2025-10-12,16131278687.0
Perp DEXs OI,2025-10-13,17069652379.0
Perp DEXs OI,2025-10-14,16449723979.0
Perp DEXs OI,2025-10-15,15756815795.0
Perp DEXs OI,2025-10-16,15652414395.0
Perp DEXs OI,2025-10-17,15069474492.0
Perp DEXs OI,2025-10-18,15288345242.0
Perp DEXs OI,2025-10-19,15907656078.0
Perp DEXs OI,2025-10-20,16249429167.0
Perp DEXs OI,2025-10-21,15578267371.0
Perp DEXs OI,2025-10-22,15292247355.0
Perp DEXs OI,2025-10-23,16147233363.0
Perp DEXs OI,2025-10-24,17220411927.0
Perp DEXs OI,2025-10-25,17629180585.0
Perp DEXs OI,2025-10-26,18349836263.0
Perp DEXs OI,2025-10-27,18675900593.0
Perp DEXs OI,2025-10-28,18234496411.0
Perp DEXs OI,2025-10-29,18919077913.0
Perp DEXs OI,2025-10-30,17926968992.0
Perp DEXs OI,2025-10-31,17599498445.0
Perp DEXs OI,2025-11-01,17475471297.0
Perp DEXs OI,2025-11-02,17454637808.0
Perp DEXs OI,2025-11-03,16286963015.0
Perp DEXs OI,2025-11-04,15038706268.0
Perp DEXs OI,2025-11-05,15364465915.0
Perp DEXs OI,2025-11-06,15448572004.0
Perp DEXs OI,2025-11-07,15553696949.0
Perp DEXs OI,2025-11-08,15405064034.0
Perp DEXs OI,2025-11-09,15691034832.0
Perp DEXs OI,2025-11-10,16587380522.0
Perp DEXs OI,2025-11-11,15926381533.0
Perp DEXs OI,2025-11-12,15377593952.0
Perp DEXs OI,2025-11-13,15199931950.0
Perp DEXs OI,2025-11-14,14894219021.0
Perp DEXs OI,2025-11-15,15308684262.0
Perp DEXs OI,2025-11-16,15338151448.0
Perp DEXs OI,2025-11-17,15396923385.0
Perp DEXs OI,2025-11-18,15324453338.0
Perp DEXs OI,2025-11-19,15009956817.0
Perp DEXs OI,2025-11-20,14879091395.0
Perp DEXs OI,2025-11-21,13710734061.0
Perp DEXs OI,2025-11-22,13258412485.0
Perp DEXs OI,2025-11-23,13530768695.0
Perp DEXs OI,2025-11-24,13727418832.0
Perp DEXs OI,2025-11-25,13915093662.0
Perp DEXs OI,2025-11-26,14134753176.0
Perp DEXs OI,2025-11-27,14308767615.0
Perp DEXs OI,2025-11-28,14160418702.0
Perp DEXs OI,2025-11-29,13992661333.0
Perp DEXs OI,2025-11-30,13777180404.0
Perp DEXs OI,2025-12-01,13415948045.0
Perp DEXs OI,2025-12-02,14084441313.0
Perp DEXs OI,2025-12-03,14491923607.0
Perp DEXs OI,2025-12-04,14652532680.0
Perp DEXs OI,2025-12-05,13912754864.0
Perp DEXs OI,2025-12-06,14116820847.0
Perp DEXs OI,2025-12-07,14123847563.0
Perp DEXs OI,2025-12-08,14816450241.0
Perp DEXs OI,2025-12-09,15106480378.0
Perp DEXs OI,2025-12-10,15244122851.0
Perp DEXs OI,2025-12-11,15839214306.0
Perp DEXs OI,2025-12-12,15696526177.0
Perp DEXs OI,2025-12-13,15587765919.0
Perp DEXs OI,2025-12-14,15623874871.0
Perp DEXs OI,2025-12-15,15475735332.0
Perp DEXs OI,2025-12-16,15136450316.0
Perp DEXs OI,2025-12-17,14446488639.0
Perp DEXs OI,2025-12-18,14647918347.0
Perp DEXs OI,2025-12-19,15452671069.0
Perp DEXs OI,2025-12-20,15525781485.0
Perp DEXs OI,2025-12-21,15452293553.0
Perp DEXs OI,2025-12-22,15739503362.0
Perp DEXs OI,2025-12-23,15427322747.0
Perp DEXs OI,2025-12-24,15649230561.0
Perp DEXs OI,2025-12-25,15351005404.0
Perp DEXs OI,2025-12-26,15489258296.0
Perp DEXs OI,2025-12-27,15386288038.0
Perp DEXs OI,2025-12-28,15515879175.0
Perp DEXs OI,2025-12-29,15615258434.0
Perp DEXs OI,2025-12-30,15609237169.0
Perp DEXs OI,2025-12-31,15748929278.0
Perp DEXs OI,2026-01-01,15677315800.0
Perp DEXs OI,2026-01-02,15973310728.0
Perp DEXs OI,2026-01-03,16376937410.0
Perp DEXs OI,2026-01-04,17853465230.0
Perp DEXs OI,2026-01-05,18722730420.0
Perp DEXs OI,2026-01-06,19577309027.0
Perp DEXs OI,2026-01-07,19397589906.0
Perp DEXs OI,2026-01-08,19302490443.0
Perp DEXs OI,2026-01-09,18887538928.0
Perp DEXs OI,2026-01-10,18650231844.0
Perp DEXs OI,2026-01-11,18852415839.0
Perp DEXs OI,2026-01-12,18566377762.0
Perp DEXs OI,2026-01-13,19916789002.0
Perp DEXs OI,2026-01-14,20506589534.0
Perp DEXs OI,2026-01-15,19568024481.0
Perp DEXs OI,2026-01-16,20534613133.0
Perp DEXs OI,2026-01-17,20623735868.0
Perp DEXs OI,2026-01-18,20443389138.0
Perp DEXs OI,2026-01-19,19428490213.0
Perp DEXs OI,2026-01-20,18164402693.0
Perp DEXs OI,2026-01-21,18569200969.0
Perp DEXs OI,2026-01-22,18542814908.0
Perp DEXs OI,2026-01-23,17914291893.0
Perp DEXs OI,2026-01-24,18073375541.0
Perp DEXs OI,2026-01-25,17618791788.0
Perp DEXs OI,2026-01-26,18435113624.0
Perp DEXs OI,2026-01-27,19153629369.0
Perp DEXs OI,2026-01-28,19447283942.0
Perp DEXs OI,2026-01-29,18604345605.0
Perp DEXs OI,2026-01-30,17732736154.0
Perp DEXs OI,2026-01-31,15592817059.0
Perp DEXs OI,2026-02-01,14521148514.0
Perp DEXs OI,2026-02-02,14777836370.0
Perp DEXs OI,2026-02-03,14388715954.0
Perp DEXs OI,2026-02-04,14094765080.0
Perp DEXs OI,2026-02-05,12518131603.0
Perp DEXs OI,2026-02-06,12770787522.0
Perp DEXs OI,2026-02-07,12460215076.0
Perp DEXs OI,2026-02-08,12682673082.0
Perp DEXs OI,2026-02-09,12837221679.0
Perp DEXs OI,2026-02-10,12742878518.0
Perp DEXs OI,2026-02-11,12623457444.0
Perp DEXs OI,2026-02-12,12528440100.0
Perp DEXs OI,2026-02-13,13080091054.0
Perp DEXs OI,2026-02-14,13336052521.0
Perp DEXs OI,2026-02-15,12937241916.0
Perp DEXs OI,2026-02-16,12973958000.0
Perp DEXs OI,2026-02-17,13049159763.0
Perp DEXs OI,2026-02-18,12998728545.0
Perp DEXs OI,2026-02-19,13232412313.0
Perp DEXs OI,2026-02-20,13280983309.0
Perp DEXs OI,2026-02-21,13503899915.0
Perp DEXs OI,2026-02-22,13497045409.0
Perp DEXs OI,2026-02-23,13206100395.0
Perp DEXs OI,2026-02-24,13295397809.0
Perp DEXs OI,2026-02-25,13678022680.0
Perp DEXs OI,2026-02-26,13433460139.0
Perp DEXs OI,2026-02-27,13327703737.0
Perp DEXs OI,2026-02-28,13524170384.0
Perp DEXs OI,2026-03-01,13289194900.0
Perp DEXs OI,2026-03-02,13618343880.0
Perp DEXs OI,2026-03-03,13386641955.0
Perp DEXs OI,2026-03-04,14179115204.0
Perp DEXs OI,2026-03-05,13868394580.0
Perp DEXs OI,2026-03-06,13469434147.0
Perp DEXs OI,2026-03-07,13479406442.0
Perp DEXs OI,2026-03-08,13466569078.0
Perp DEXs OI,2026-03-09,13631497400.0
Perp DEXs OI,2026-03-10,14030810621.0
Perp DEXs OI,2026-03-11,14387265879.0
Perp DEXs OI,2026-03-12,14574061821.0
Perp DEXs OI,2026-03-13,14580263194.0
Perp DEXs OI,2026-03-14,14697794450.0
Perp DEXs OI,2026-03-15,15043274333.0
Perp DEXs OI,2026-03-16,15616833142.0
Perp DEXs OI,2026-03-17,15588453563.0
Perp DEXs OI,2026-03-18,15266776555.0
Perp DEXs OI,2026-03-19,14993662371.0
Perp DEXs OI,2026-03-20,15045322648.0
Perp DEXs OI,2026-03-21,14844967350.0
Perp DEXs OI,2026-03-22,14611133567.0
Perp DEXs OI,2026-03-23,14452508196.0
Perp DEXs OI,2026-03-24,14928838372.0
Perp DEXs OI,2026-03-25,15075786621.0
Perp DEXs OI,2026-03-26,14481371239.0
Perp DEXs OI,2026-03-27,14299206883.0
Perp DEXs OI,2026-03-28,14412940053.0
Perp DEXs OI,2026-03-29,14180146995.0
Perp DEXs OI,2026-03-30,14393837581.0
Perp DEXs OI,2026-03-31,14749442324.0
Perp DEXs OI,2026-04-01,14982204527.0
Perp DEXs OI,2026-04-02,14675440667.0
Perp DEXs OI,2026-04-03,14740267310.0
Perp DEXs OI,2026-04-04,14875216538.0
Perp DEXs OI,2026-04-05,15005418910.0
Perp DEXs OI,2026-04-06,14914522229.0
Perp DEXs OI,2026-04-07,15346298672.0
Perp DEXs OI,2026-04-08,14912703017.0
Perp DEXs OI,2026-04-09,15156629922.0
Perp DEXs OI,2026-04-10,15688071064.0
Perp DEXs OI,2026-04-11,15955493426.0
Perp DEXs OI,2026-04-12,15567104694.0
Perp DEXs OI,2026-04-13,15966065863.0
Perp DEXs OI,2026-04-14,15441503958.0
Perp DEXs OI,2026-04-15,15484159785.0
Perp DEXs OI,2026-04-16,15335145106.0
Perp DEXs OI,2026-04-17,15894882645.0
Perp DEXs OI,2026-04-18,15337970742.0
Perp DEXs OI,2026-04-19,14998063640.0
Perp DEXs OI,2026-04-20,14977242081.0
Perp DEXs OI,2026-04-21,14793690165.0
Perp DEXs OI,2026-04-22,15470354782.0
Perp DEXs OI,2026-04-23,15308514125.0
Perp DEXs OI,2026-04-24,15200103026.0
Perp DEXs OI,2026-04-25,15328226419.0
Perp DEXs OI,2026-04-26,15520520458.0
Perp DEXs OI,2026-04-27,15388830245.0
Perp DEXs OI,2026-04-28,15261620892.0
Perp DEXs OI,2026-04-29,15412303402.0
Perp DEXs OI,2026-04-30,15565398203.0
Perp DEXs OI,2026-05-01,15911733587.0
Perp DEXs OI,2026-05-02,16111192773.0
Perp DEXs OI,2026-05-03,16324629486.0
Perp DEXs OI,2026-05-04,16667914484.0
Perp DEXs OI,2026-05-05,17177018776.0
Perp DEXs OI,2026-05-06,17298988283.0
Perp DEXs OI,2026-05-07,17220112122.0
Perp DEXs OI,2026-05-08,17555958068.0
Perp DEXs OI,2026-05-09,17476439485.0
Perp DEXs OI,2026-05-10,17701049888.0
Perp DEXs OI,2026-05-11,17683141177.0
Perp DEXs OI,2026-05-12,17457545860.0
Perp DEXs OI,2026-05-13,17151495875.0
Perp DEXs OI,2026-05-14,17875493961.0
Perp DEXs OI,2026-05-15,17070078823.0
Perp DEXs OI,2026-05-16,16676231491.0
Perp DEXs OI,2026-05-17,16879859919.0
Perp DEXs OI,2026-05-18,16912942826.0
Perp DEXs OI,2026-05-19,17002016089.0
Perp DEXs OI,2026-05-20,17688590840.0
Perp DEXs OI,2026-05-21,17861297056.0
Perp DEXs OI,2026-05-22,17366012239.0
Perp DEXs OI,2026-05-23,17484148941.0
Perp DEXs OI,2026-05-24,17685253279.0
Perp DEXs OI,2026-05-25,18018756980.0
Perp DEXs OI,2026-05-26,18321666465.0
Perp DEXs OI,2026-05-27,17943303116.0
Perp DEXs OI,2026-05-28,17966492286.0
Perp DEXs OI,2026-05-29,17946778550.0
Perp DEXs OI,2026-05-30,18112373455.0
Perp DEXs OI,2026-05-31,18435518557.0
Perp DEXs OI,2026-06-01,18380999655.0
Perp DEXs OI,2026-06-02,18078584498.0
Perp DEXs OI,2026-06-03,17731146054.0
Perp DEXs OI,2026-06-04,17513827588.0
Perp DEXs OI,2026-06-05,16057032749.0
Perp DEXs OI,2026-06-06,15513417829.0
Perp DEXs OI,2026-06-07,15595534512.0
Perp DEXs OI,2026-06-08,16090939736.0
Perp DEXs OI,2026-06-09,16127340870.0
Perp DEXs OI,2026-06-10,16105051353.0
Perp DEXs OI,2026-06-11,16136051362.0
Perp DEXs OI,2026-06-12,16219884490.0
Perp DEXs OI,2026-06-13,16613060953.0
Perp DEXs OI,2026-06-14,17086546843.0
Perp DEXs OI,2026-06-15,17634042749.0
Perp DEXs OI,2026-06-16,17776707625.0
Perp DEXs OI,2026-06-17,17690837942.0
Perp DEXs OI,2026-06-18,17252070649.0
Perp DEXs OI,2026-06-19,16979428946.0
Perp DEXs OI,2026-06-20,17365966649.0
Perp DEXs OI,2026-06-21,17620033713.0
Perp DEXs OI,2026-06-22,17521595233.0
Perp DEXs OI,2026-06-23,17953747593.0
Perp DEXs OI,2026-06-24,16838605547.0
Perp DEXs OI,2026-06-25,16819350401.0
Perp DEXs OI,2026-06-26,16491606058.0
Perp DEXs OI,2026-06-27,16590597880.0
Perp DEXs OI,2026-06-28,16578404005.0
Perp DEXs OI,2026-06-29,16947182360.0
Perp DEXs OI,2026-06-30,17194655842.0
Perp DEXs OI,2026-07-01,17112428719.0
Perp DEXs OI,2026-07-02,17215535095.0
Perp DEXs OI,2026-07-03,18091553873.0
Perp DEXs OI,2026-07-04,18274697572.0
Perp DEXs OI,2026-07-05,18356343575.0
Perp DEXs OI,2026-07-06,18790832341.0
Perp DEXs OI,2026-07-07,18433144659.0
Perp DEXs OI,2026-07-08,18218270028.0
Perp DEXs OI,2026-07-09,18613222477.0
Perp DEXs OI,2026-07-10,18839724678.0
Perp DEXs OI,2026-07-11,19228239891.0
Perp DEXs OI,2026-07-12,19064724110.0
Perp DEXs OI,2026-07-13,19184819739.0
Perp DEXs OI,2026-07-14,19221588493.0
Perp DEXs OI,2026-07-15,19585324220.0
Perp DEXs OI,2026-07-16,19331040359.0
Perp DEXs OI,2026-07-17,19046114488.0
Perp DEXs OI,2026-07-18,19324375347.0
Perp DEXs OI,2026-07-19,19784553307.0
Perp DEXs OI,2026-07-20,19463765978.0
Perp DEXs OI,2026-07-21,19555807473.0
Perp DEXs OI,2026-07-22,20018030237.0
Perp DEXs OI,2026-07-23,19747257800.0
Perp DEXs OI,2026-07-24,19479708604.0
Perp DEXs OI,2026-07-25,19330295189.0
Perp DEXs OI,2026-07-26,19532105363.0
Perp DEXs OI,2026-07-27,19390372623.0
Perp DEXs OI,2026-07-28,18770349016.0
Perp DEXs OI,2026-07-29,18942297043.0
Perp DEXs OI,2026-07-30,18640938210.0
Perp DEXs OI,2026-07-31,17589996578.0
Perp DEXs OI,2026-08-01,16929946646.0
Perp DEXs OI,2026-08-02,17840160590.0
Perp DEXs OI,2026-08-03,18182034287.0
Perp DEXs OI,2026-08-04,18575646384.0
Perp DEXs OI,2026-08-05,18770000576.0
Perp DEXs OI,2026-08-06,18488767834.0
Perp DEXs OI,2026-08-07,18390690737.0
Perp DEXs OI,2026-08-08,18167618137.0
Perp DEXs OI,2026-08-09,18558504805.0
Perp DEXs OI,2026-08-10,18660606582.0
Perp DEXs OI,2026-08-11,19021235924.0
Perp DEXs OI,2026-08-12,19042226304.0
Perp DEXs OI,2026-08-13,19334982832.0
Perp DEXs OI,2026-08-14,19482855194.0
Perp DEXs OI,2026-08-15,19578238302.0
Perp DEXs OI,2026-08-16,20150650902.0
Perp DEXs OI,2026-08-17,20256809141.0
Perp DEXs OI,2026-08-18,20652659759.0
Perp DEXs OI,2026-08-19,20181665050.0
Perp DEXs OI,2026-08-20,21082306440.0
Perp DEXs OI,2026-08-21,21884248086.0
BTC Price,2025-03-20,84223.39
BTC Price,2025-03-21,84088.79
BTC Price,2025-03-22,83840.59
BTC Price,2025-03-23,86082.5
BTC Price,2025-03-24,87498.16
BTC Price,2025-03-25,87392.87
BTC Price,2025-03-26,86909.17
BTC Price,2025-03-27,87232.01
BTC Price,2025-03-28,84424.38
BTC Price,2025-03-29,82648.54
BTC Price,2025-03-30,82389.99
BTC Price,2025-03-31,82550.01
BTC Price,2025-04-01,85158.34
BTC Price,2025-04-02,82516.29
BTC Price,2025-04-03,83213.09
BTC Price,2025-04-04,83889.87
BTC Price,2025-04-05,83537.99
BTC Price,2025-04-06,78430.0
BTC Price,2025-04-07,79163.24
BTC Price,2025-04-08,76322.42
BTC Price,2025-04-09,82615.22
BTC Price,2025-04-10,79607.3
BTC Price,2025-04-11,83423.84
BTC Price,2025-04-12,85276.9
BTC Price,2025-04-13,83760.0
BTC Price,2025-04-14,84591.58
BTC Price,2025-04-15,83643.99
BTC Price,2025-04-16,84030.38
BTC Price,2025-04-17,84947.91
BTC Price,2025-04-18,84474.69
BTC Price,2025-04-19,85077.01
BTC Price,2025-04-20,85179.24
BTC Price,2025-04-21,87516.23
BTC Price,2025-04-22,93442.99
BTC Price,2025-04-23,93691.08
BTC Price,2025-04-24,93980.47
BTC Price,2025-04-25,94638.68
BTC Price,2025-04-26,94628.0
BTC Price,2025-04-27,93749.3
BTC Price,2025-04-28,95011.18
BTC Price,2025-04-29,94256.82
BTC Price,2025-04-30,94172.0
BTC Price,2025-05-01,96489.91
BTC Price,2025-05-02,96887.14
BTC Price,2025-05-03,95856.42
BTC Price,2025-05-04,94277.62
BTC Price,2025-05-05,94733.68
BTC Price,2025-05-06,96834.02
BTC Price,2025-05-07,97030.5
BTC Price,2025-05-08,103261.6
BTC Price,2025-05-09,102971.99
BTC Price,2025-05-10,104809.53
BTC Price,2025-05-11,104118.0
BTC Price,2025-05-12,102791.32
BTC Price,2025-05-13,104103.72
BTC Price,2025-05-14,103507.82
BTC Price,2025-05-15,103763.71
BTC Price,2025-05-16,103463.9
BTC Price,2025-05-17,103126.65
BTC Price,2025-05-18,106454.26
BTC Price,2025-05-19,105573.74
BTC Price,2025-05-20,106849.99
BTC Price,2025-05-21,109643.99
BTC Price,2025-05-22,111696.21
BTC Price,2025-05-23,107318.3
BTC Price,2025-05-24,107761.91
BTC Price,2025-05-25,109004.19
BTC Price,2025-05-26,109434.79
BTC Price,2025-05-27,108938.17
BTC Price,2025-05-28,107781.78
BTC Price,2025-05-29,105589.75
BTC Price,2025-05-30,103985.48
BTC Price,2025-05-31,104591.88
BTC Price,2025-06-01,105642.93
BTC Price,2025-06-02,105857.99
BTC Price,2025-06-03,105376.89
BTC Price,2025-06-04,104696.86
BTC Price,2025-06-05,101508.68
BTC Price,2025-06-06,104288.44
BTC Price,2025-06-07,105552.15
BTC Price,2025-06-08,105734.0
BTC Price,2025-06-09,110263.02
BTC Price,2025-06-10,110274.39
BTC Price,2025-06-11,108645.12
BTC Price,2025-06-12,105671.73
BTC Price,2025-06-13,106066.59
BTC Price,2025-06-14,105414.64
BTC Price,2025-06-15,105594.01
BTC Price,2025-06-16,106794.53
BTC Price,2025-06-17,104551.17
BTC Price,2025-06-18,104886.78
BTC Price,2025-06-19,104658.59
BTC Price,2025-06-20,103297.99
BTC Price,2025-06-21,102120.01
BTC Price,2025-06-22,100963.87
BTC Price,2025-06-23,105333.93
BTC Price,2025-06-24,106083.0
BTC Price,2025-06-25,107340.58
BTC Price,2025-06-26,106947.06
BTC Price,2025-06-27,107047.59
BTC Price,2025-06-28,107296.79
BTC Price,2025-06-29,108356.93
BTC Price,2025-06-30,107146.5
BTC Price,2025-07-01,105681.14
BTC Price,2025-07-02,108849.6
BTC Price,2025-07-03,109584.78
BTC Price,2025-07-04,107984.24
BTC Price,2025-07-05,108198.12
BTC Price,2025-07-06,109203.84
BTC Price,2025-07-07,108262.94
BTC Price,2025-07-08,108922.98
BTC Price,2025-07-09,111233.99
BTC Price,2025-07-10,116010.0
BTC Price,2025-07-11,117527.66
BTC Price,2025-07-12,117420.0
BTC Price,2025-07-13,119086.64
BTC Price,2025-07-14,119841.18
BTC Price,2025-07-15,117758.09
BTC Price,2025-07-16,118630.43
BTC Price,2025-07-17,119177.56
BTC Price,2025-07-18,117924.84
BTC Price,2025-07-19,117840.0
BTC Price,2025-07-20,117265.12
BTC Price,2025-07-21,117380.36
BTC Price,2025-07-22,119954.42
BTC Price,2025-07-23,118755.99
BTC Price,2025-07-24,118340.99
BTC Price,2025-07-25,117614.31
BTC Price,2025-07-26,117919.99
BTC Price,2025-07-27,119415.55
BTC Price,2025-07-28,118062.32
BTC Price,2025-07-29,117950.76
BTC Price,2025-07-30,117840.3
BTC Price,2025-07-31,115764.08
BTC Price,2025-08-01,113297.93
BTC Price,2025-08-02,112546.35
BTC Price,2025-08-03,114208.8
BTC Price,2025-08-04,115055.03
BTC Price,2025-08-05,114129.75
BTC Price,2025-08-06,114992.27
BTC Price,2025-08-07,117472.01
BTC Price,2025-08-08,116674.74
BTC Price,2025-08-09,116462.25
BTC Price,2025-08-10,119294.01
BTC Price,2025-08-11,118686.0
BTC Price,2025-08-12,120134.08
BTC Price,2025-08-13,123306.43
BTC Price,2025-08-14,118295.09
BTC Price,2025-08-15,117342.05
BTC Price,2025-08-16,117380.66
BTC Price,2025-08-17,117405.01
BTC Price,2025-08-18,116227.05
BTC Price,2025-08-19,112872.94
BTC Price,2025-08-20,114271.24
BTC Price,2025-08-21,112500.0
BTC Price,2025-08-22,116935.99
BTC Price,2025-08-23,115438.05
BTC Price,2025-08-24,113493.59
BTC Price,2025-08-25,110111.98
BTC Price,2025-08-26,111763.22
BTC Price,2025-08-27,111262.01
BTC Price,2025-08-28,112566.9
BTC Price,2025-08-29,108377.4
BTC Price,2025-08-30,108816.33
BTC Price,2025-08-31,108246.35
BTC Price,2025-09-01,109237.42
BTC Price,2025-09-02,111240.01
BTC Price,2025-09-03,111705.71
BTC Price,2025-09-04,110730.87
BTC Price,2025-09-05,110659.99
BTC Price,2025-09-06,110187.97
BTC Price,2025-09-07,111137.34
BTC Price,2025-09-08,112065.23
BTC Price,2025-09-09,111546.39
BTC Price,2025-09-10,113960.0
BTC Price,2025-09-11,115482.69
BTC Price,2025-09-12,116029.42
BTC Price,2025-09-13,115918.29
BTC Price,2025-09-14,115268.01
BTC Price,2025-09-15,115349.71
BTC Price,2025-09-16,116788.96
BTC Price,2025-09-17,116447.59
BTC Price,2025-09-18,117073.53
BTC Price,2025-09-19,115632.38
BTC Price,2025-09-20,115685.63
BTC Price,2025-09-21,115232.29
BTC Price,2025-09-22,112650.99
BTC Price,2025-09-23,111998.8
BTC Price,2025-09-24,113307.0
BTC Price,2025-09-25,108994.49
BTC Price,2025-09-26,109643.46
BTC Price,2025-09-27,109635.85
BTC Price,2025-09-28,112163.95
BTC Price,2025-09-29,114311.96
BTC Price,2025-09-30,114048.93
BTC Price,2025-10-01,118594.99
BTC Price,2025-10-02,120529.35
BTC Price,2025-10-03,122232.0
BTC Price,2025-10-04,122391.0
BTC Price,2025-10-05,123482.31
BTC Price,2025-10-06,124658.54
BTC Price,2025-10-07,121332.95
BTC Price,2025-10-08,123306.0
BTC Price,2025-10-09,121662.4
BTC Price,2025-10-10,112774.5
BTC Price,2025-10-11,110644.4
BTC Price,2025-10-12,114958.8
BTC Price,2025-10-13,115166.0
BTC Price,2025-10-14,113028.14
BTC Price,2025-10-15,110763.28
BTC Price,2025-10-16,108194.28
BTC Price,2025-10-17,106431.68
BTC Price,2025-10-18,107185.01
BTC Price,2025-10-19,108642.78
BTC Price,2025-10-20,110532.09
BTC Price,2025-10-21,108297.67
BTC Price,2025-10-22,107567.44
BTC Price,2025-10-23,110078.18
BTC Price,2025-10-24,111004.89
BTC Price,2025-10-25,111646.27
BTC Price,2025-10-26,114559.4
BTC Price,2025-10-27,114107.65
BTC Price,2025-10-28,112898.45
BTC Price,2025-10-29,110021.29
BTC Price,2025-10-30,108322.88
BTC Price,2025-10-31,109608.01
BTC Price,2025-11-01,110098.1
BTC Price,2025-11-02,110540.68
BTC Price,2025-11-03,106583.04
BTC Price,2025-11-04,101497.22
BTC Price,2025-11-05,103885.16
BTC Price,2025-11-06,101346.04
BTC Price,2025-11-07,103339.08
BTC Price,2025-11-08,102312.94
BTC Price,2025-11-09,104722.96
BTC Price,2025-11-10,106011.13
BTC Price,2025-11-11,103058.99
BTC Price,2025-11-12,101654.37
BTC Price,2025-11-13,99692.02
BTC Price,2025-11-14,94594.0
BTC Price,2025-11-15,95596.24
BTC Price,2025-11-16,94261.44
BTC Price,2025-11-17,92215.14
BTC Price,2025-11-18,92960.83
BTC Price,2025-11-19,91554.96
BTC Price,2025-11-20,86637.23
BTC Price,2025-11-21,85129.43
BTC Price,2025-11-22,84739.74
BTC Price,2025-11-23,86830.0
BTC Price,2025-11-24,88300.01
BTC Price,2025-11-25,87369.96
BTC Price,2025-11-26,90484.02
BTC Price,2025-11-27,91333.95
BTC Price,2025-11-28,90890.7
BTC Price,2025-11-29,90802.44
BTC Price,2025-11-30,90360.0
BTC Price,2025-12-01,86286.01
BTC Price,2025-12-02,91277.88
BTC Price,2025-12-03,93429.95
BTC Price,2025-12-04,92078.06
BTC Price,2025-12-05,89330.04
BTC Price,2025-12-06,89236.79
BTC Price,2025-12-07,90395.31
BTC Price,2025-12-08,90634.34
BTC Price,2025-12-09,92678.8
BTC Price,2025-12-10,92015.37
BTC Price,2025-12-11,92513.38
BTC Price,2025-12-12,90268.42
BTC Price,2025-12-13,90240.01
BTC Price,2025-12-14,88172.17
BTC Price,2025-12-15,86432.08
BTC Price,2025-12-16,87863.42
BTC Price,2025-12-17,86243.22
BTC Price,2025-12-18,85516.41
BTC Price,2025-12-19,88136.94
BTC Price,2025-12-20,88360.9
BTC Price,2025-12-21,88658.86
BTC Price,2025-12-22,88620.79
BTC Price,2025-12-23,87486.0
BTC Price,2025-12-24,87669.45
BTC Price,2025-12-25,87225.27
BTC Price,2025-12-26,87369.56
BTC Price,2025-12-27,87877.01
BTC Price,2025-12-28,87952.71
BTC Price,2025-12-29,87237.13
BTC Price,2025-12-30,88485.49
BTC Price,2025-12-31,87648.22
BTC Price,2026-01-01,88839.04
BTC Price,2026-01-02,89995.13
BTC Price,2026-01-03,90628.01
BTC Price,2026-01-04,91529.73
BTC Price,2026-01-05,93859.71
BTC Price,2026-01-06,93747.97
BTC Price,2026-01-07,91364.16
BTC Price,2026-01-08,91099.99
BTC Price,2026-01-09,90641.28
BTC Price,2026-01-10,90504.7
BTC Price,2026-01-11,91013.65
BTC Price,2026-01-12,91296.2
BTC Price,2026-01-13,95414.0
BTC Price,2026-01-14,96951.78
BTC Price,2026-01-15,95604.8
BTC Price,2026-01-16,95550.94
BTC Price,2026-01-17,95147.77
BTC Price,2026-01-18,93673.14
BTC Price,2026-01-19,92631.0
BTC Price,2026-01-20,88427.66
BTC Price,2026-01-21,89454.73
BTC Price,2026-01-22,89559.67
BTC Price,2026-01-23,89600.26
BTC Price,2026-01-24,89225.34
BTC Price,2026-01-25,86670.36
BTC Price,2026-01-26,88347.08
BTC Price,2026-01-27,89250.0
BTC Price,2026-01-28,89299.99
BTC Price,2026-01-29,84650.16
BTC Price,2026-01-30,84260.49
BTC Price,2026-01-31,78741.09
BTC Price,2026-02-01,76968.21
BTC Price,2026-02-02,78738.61
BTC Price,2026-02-03,75770.21
BTC Price,2026-02-04,73165.83
BTC Price,2026-02-05,62909.86
BTC Price,2026-02-06,70580.26
BTC Price,2026-02-07,69289.38
BTC Price,2026-02-08,70330.38
BTC Price,2026-02-09,70138.0
BTC Price,2026-02-10,68841.29
BTC Price,2026-02-11,67082.52
BTC Price,2026-02-12,66272.17
BTC Price,2026-02-13,68853.96
BTC Price,2026-02-14,69822.95
BTC Price,2026-02-15,68832.58
BTC Price,2026-02-16,68892.43
BTC Price,2026-02-17,67503.52
BTC Price,2026-02-18,66461.0
BTC Price,2026-02-19,67003.73
BTC Price,2026-02-20,68020.01
BTC Price,2026-02-21,67975.93
BTC Price,2026-02-22,67643.4
BTC Price,2026-02-23,64656.02
BTC Price,2026-02-24,64058.15
BTC Price,2026-02-25,67988.04
BTC Price,2026-02-26,67485.18
BTC Price,2026-02-27,65872.1
BTC Price,2026-02-28,66973.26
BTC Price,2026-03-01,65776.47
BTC Price,2026-03-02,68830.06
BTC Price,2026-03-03,68338.0
BTC Price,2026-03-04,72666.77
BTC Price,2026-03-05,70890.72
BTC Price,2026-03-06,68114.02
BTC Price,2026-03-07,67262.91
BTC Price,2026-03-08,65971.2
BTC Price,2026-03-09,68432.16
BTC Price,2026-03-10,69948.63
BTC Price,2026-03-11,70191.86
BTC Price,2026-03-12,70541.34
BTC Price,2026-03-13,70930.0
BTC Price,2026-03-14,71211.95
BTC Price,2026-03-15,72815.24
BTC Price,2026-03-16,74884.67
BTC Price,2026-03-17,73909.36
BTC Price,2026-03-18,71246.54
BTC Price,2026-03-19,69930.0
BTC Price,2026-03-20,70510.73
BTC Price,2026-03-21,68918.12
BTC Price,2026-03-22,67859.0
BTC Price,2026-03-23,70906.45
BTC Price,2026-03-24,70556.74
BTC Price,2026-03-25,71336.53
BTC Price,2026-03-26,68820.31
BTC Price,2026-03-27,66407.28
BTC Price,2026-03-28,66377.03
BTC Price,2026-03-29,66010.93
BTC Price,2026-03-30,66797.37
BTC Price,2026-03-31,68284.48
BTC Price,2026-04-01,68113.92
BTC Price,2026-04-02,66901.99
BTC Price,2026-04-03,66964.3
BTC Price,2026-04-04,67300.42
BTC Price,2026-04-05,69034.18
BTC Price,2026-04-06,68853.66
BTC Price,2026-04-07,71924.22
BTC Price,2026-04-08,71069.93
BTC Price,2026-04-09,71787.97
BTC Price,2026-04-10,72962.7
BTC Price,2026-04-11,73043.16
BTC Price,2026-04-12,70740.98
BTC Price,2026-04-13,74417.99
BTC Price,2026-04-14,74131.55
BTC Price,2026-04-15,74809.99
BTC Price,2026-04-16,75154.29
BTC Price,2026-04-17,77072.0
BTC Price,2026-04-18,75691.76
BTC Price,2026-04-19,73801.79
BTC Price,2026-04-20,75840.97
BTC Price,2026-04-21,76336.15
BTC Price,2026-04-22,78178.23
BTC Price,2026-04-23,78257.48
BTC Price,2026-04-24,77437.13
BTC Price,2026-04-25,77625.0
BTC Price,2026-04-26,78657.55
BTC Price,2026-04-27,77371.32
BTC Price,2026-04-28,76342.77
BTC Price,2026-04-29,75780.0
BTC Price,2026-04-30,76346.57
BTC Price,2026-05-01,78231.13
BTC Price,2026-05-02,78686.85
BTC Price,2026-05-03,78568.57
BTC Price,2026-05-04,79861.01
BTC Price,2026-05-05,80905.52
BTC Price,2026-05-06,81447.01
BTC Price,2026-05-07,80006.0
BTC Price,2026-05-08,80193.17
BTC Price,2026-05-09,80678.4
BTC Price,2026-05-10,82210.07
BTC Price,2026-05-11,81745.65
BTC Price,2026-05-12,80504.47
BTC Price,2026-05-13,79313.61
BTC Price,2026-05-14,81089.99
BTC Price,2026-05-15,79113.21
BTC Price,2026-05-16,78148.05
BTC Price,2026-05-17,77457.67
BTC Price,2026-05-18,77001.87
BTC Price,2026-05-19,76834.36
BTC Price,2026-05-20,77552.23
BTC Price,2026-05-21,77615.52
BTC Price,2026-05-22,75539.5
BTC Price,2026-05-23,76752.01
BTC Price,2026-05-24,77064.96
BTC Price,2026-05-25,77322.01
BTC Price,2026-05-26,75930.01
BTC Price,2026-05-27,74449.3
BTC Price,2026-05-28,73617.51
BTC Price,2026-05-29,73460.78
BTC Price,2026-05-30,73884.38
BTC Price,2026-05-31,73674.39
BTC Price,2026-06-01,71408.9
BTC Price,2026-06-02,66760.83
BTC Price,2026-06-03,64142.75
BTC Price,2026-06-04,63885.99
BTC Price,2026-06-05,61056.47
BTC Price,2026-06-06,60884.62
BTC Price,2026-06-07,63332.01
BTC Price,2026-06-08,63085.99
BTC Price,2026-06-09,61730.0
BTC Price,2026-06-10,61510.99
BTC Price,2026-06-11,63625.99
BTC Price,2026-06-12,63580.01
BTC Price,2026-06-13,64458.01
BTC Price,2026-06-14,65746.45
BTC Price,2026-06-15,66328.74
BTC Price,2026-06-16,65675.01
BTC Price,2026-06-17,64509.4
BTC Price,2026-06-18,62958.01
BTC Price,2026-06-19,63543.91
BTC Price,2026-06-20,64298.01
BTC Price,2026-06-21,63311.99
BTC Price,2026-06-22,64020.01
BTC Price,2026-06-23,62734.57
BTC Price,2026-06-24,61077.99
BTC Price,2026-06-25,59794.0
BTC Price,2026-06-26,60097.27
BTC Price,2026-06-27,60029.0
BTC Price,2026-06-28,59577.01
BTC Price,2026-06-29,60260.21
BTC Price,2026-06-30,58624.71
BTC Price,2026-07-01,60024.0
BTC Price,2026-07-02,61560.0
BTC Price,2026-07-03,62583.26
BTC Price,2026-07-04,63144.01
BTC Price,2026-07-05,63650.0
BTC Price,2026-07-06,64042.02
BTC Price,2026-07-07,63363.99
BTC Price,2026-07-08,62290.0
BTC Price,2026-07-09,63230.0
BTC Price,2026-07-10,64161.72
BTC Price,2026-07-11,63819.0
BTC Price,2026-07-12,63780.0
BTC Price,2026-07-13,62334.52
BTC Price,2026-07-14,65043.98
BTC Price,2026-07-15,64756.28
BTC Price,2026-07-16,63830.2
BTC Price,2026-07-17,63931.67
BTC Price,2026-07-18,64834.22
BTC Price,2026-07-19,64722.54
BTC Price,2026-07-20,65255.51
BTC Price,2026-07-21,66556.16
BTC Price,2026-07-22,66114.49
BTC Price,2026-07-23,65098.97
BTC Price,2026-07-24,64139.99
BTC Price,2026-07-25,64375.0
BTC Price,2026-07-26,65399.99
BTC Price,2026-07-27,63755.86
BTC Price,2026-07-28,63915.0
BTC Price,2026-07-29,63984.28
BTC Price,2026-07-30,64780.02
BTC Price,2026-07-31,62887.88
BTC Price,2026-08-01,62823.64
BTC Price,2026-08-02,63570.0
BTC Price,2026-08-03,63520.0
BTC Price,2026-08-04,64106.56
BTC Price,2026-08-05,64665.23
BTC Price,2026-08-06,64323.61
BTC Price,2026-08-07,64923.19
BTC Price,2026-08-08,64962.6
BTC Price,2026-08-09,64901.59
BTC Price,2026-08-10,63970.01
BTC Price,2026-08-11,63600.0
BTC Price,2026-08-12,63479.99
BTC Price,2026-08-13,63490.86
BTC Price,2026-08-14,63043.56
BTC Price,2026-08-15,63086.01
BTC Price,2026-08-16,62900.0
BTC Price,2026-08-17,64532.1
BTC Price,2026-08-18,64725.42
BTC Price,2026-08-19,69334.79
BTC Price,2026-08-20,73025.15
BTC Price,2026-08-21,78575.21
ETH Price,2025-03-20,1983.79
ETH Price,2025-03-21,1965.75
ETH Price,2025-03-22,1980.69
ETH Price,2025-03-23,2005.99
ETH Price,2025-03-24,2081.2
ETH Price,2025-03-25,2066.15
ETH Price,2025-03-26,2009.52
ETH Price,2025-03-27,2003.66
ETH Price,2025-03-28,1896.9
ETH Price,2025-03-29,1828.08
ETH Price,2025-03-30,1807.74
ETH Price,2025-03-31,1822.43
ETH Price,2025-04-01,1904.98
ETH Price,2025-04-02,1795.22
ETH Price,2025-04-03,1817.23
ETH Price,2025-04-04,1816.87
ETH Price,2025-04-05,1806.01
ETH Price,2025-04-06,1580.76
ETH Price,2025-04-07,1553.04
ETH Price,2025-04-08,1473.41
ETH Price,2025-04-09,1669.51
ETH Price,2025-04-10,1522.25
ETH Price,2025-04-11,1566.85
ETH Price,2025-04-12,1644.18
ETH Price,2025-04-13,1597.76
ETH Price,2025-04-14,1623.77
ETH Price,2025-04-15,1588.78
ETH Price,2025-04-16,1577.14
ETH Price,2025-04-17,1583.62
ETH Price,2025-04-18,1588.6
ETH Price,2025-04-19,1613.27
ETH Price,2025-04-20,1587.36
ETH Price,2025-04-21,1579.57
ETH Price,2025-04-22,1756.26
ETH Price,2025-04-23,1795.07
ETH Price,2025-04-24,1769.65
ETH Price,2025-04-25,1784.6
ETH Price,2025-04-26,1820.88
ETH Price,2025-04-27,1791.29
ETH Price,2025-04-28,1799.88
ETH Price,2025-04-29,1797.81
ETH Price,2025-04-30,1793.61
ETH Price,2025-05-01,1838.11
ETH Price,2025-05-02,1842.2
ETH Price,2025-05-03,1833.52
ETH Price,2025-05-04,1808.86
ETH Price,2025-05-05,1820.19
ETH Price,2025-05-06,1817.0
ETH Price,2025-05-07,1811.11
ETH Price,2025-05-08,2207.39
ETH Price,2025-05-09,2345.04
ETH Price,2025-05-10,2583.23
ETH Price,2025-05-11,2514.57
ETH Price,2025-05-12,2495.47
ETH Price,2025-05-13,2679.71
ETH Price,2025-05-14,2609.74
ETH Price,2025-05-15,2548.69
ETH Price,2025-05-16,2537.12
ETH Price,2025-05-17,2475.08
ETH Price,2025-05-18,2497.78
ETH Price,2025-05-19,2528.14
ETH Price,2025-05-20,2524.19
ETH Price,2025-05-21,2550.99
ETH Price,2025-05-22,2664.82
ETH Price,2025-05-23,2526.5
ETH Price,2025-05-24,2530.4
ETH Price,2025-05-25,2551.22
ETH Price,2025-05-26,2563.7
ETH Price,2025-05-27,2660.81
ETH Price,2025-05-28,2681.6
ETH Price,2025-05-29,2631.39
ETH Price,2025-05-30,2531.34
ETH Price,2025-05-31,2528.06
ETH Price,2025-06-01,2539.21
ETH Price,2025-06-02,2607.41
ETH Price,2025-06-03,2593.36
ETH Price,2025-06-04,2607.68
ETH Price,2025-06-05,2414.01
ETH Price,2025-06-06,2476.1
ETH Price,2025-06-07,2524.63
ETH Price,2025-06-08,2509.83
ETH Price,2025-06-09,2680.13
ETH Price,2025-06-10,2816.4
ETH Price,2025-06-11,2771.61
ETH Price,2025-06-12,2642.65
ETH Price,2025-06-13,2579.19
ETH Price,2025-06-14,2530.76
ETH Price,2025-06-15,2547.61
ETH Price,2025-06-16,2544.17
ETH Price,2025-06-17,2509.95
ETH Price,2025-06-18,2525.0
ETH Price,2025-06-19,2521.12
ETH Price,2025-06-20,2406.49
ETH Price,2025-06-21,2295.73
ETH Price,2025-06-22,2227.7
ETH Price,2025-06-23,2411.66
ETH Price,2025-06-24,2448.45
ETH Price,2025-06-25,2418.49
ETH Price,2025-06-26,2415.96
ETH Price,2025-06-27,2423.17
ETH Price,2025-06-28,2435.62
ETH Price,2025-06-29,2500.09
ETH Price,2025-06-30,2485.47
ETH Price,2025-07-01,2405.01
ETH Price,2025-07-02,2570.41
ETH Price,2025-07-03,2591.25
ETH Price,2025-07-04,2508.04
ETH Price,2025-07-05,2516.41
ETH Price,2025-07-06,2570.35
ETH Price,2025-07-07,2542.29
ETH Price,2025-07-08,2615.25
ETH Price,2025-07-09,2768.74
ETH Price,2025-07-10,2951.29
ETH Price,2025-07-11,2958.22
ETH Price,2025-07-12,2943.28
ETH Price,2025-07-13,2972.03
ETH Price,2025-07-14,3013.62
ETH Price,2025-07-15,3137.89
ETH Price,2025-07-16,3371.35
ETH Price,2025-07-17,3476.87
ETH Price,2025-07-18,3546.92
ETH Price,2025-07-19,3592.01
ETH Price,2025-07-20,3756.69
ETH Price,2025-07-21,3762.33
ETH Price,2025-07-22,3746.21
ETH Price,2025-07-23,3628.29
ETH Price,2025-07-24,3706.94
ETH Price,2025-07-25,3724.96
ETH Price,2025-07-26,3741.1
ETH Price,2025-07-27,3872.1
ETH Price,2025-07-28,3799.0
ETH Price,2025-07-29,3793.79
ETH Price,2025-07-30,3810.0
ETH Price,2025-07-31,3698.39
ETH Price,2025-08-01,3488.2
ETH Price,2025-08-02,3393.94
ETH Price,2025-08-03,3496.74
ETH Price,2025-08-04,3720.99
ETH Price,2025-08-05,3612.0
ETH Price,2025-08-06,3683.31
ETH Price,2025-08-07,3910.31
ETH Price,2025-08-08,4009.5
ETH Price,2025-08-09,4260.62
ETH Price,2025-08-10,4250.57
ETH Price,2025-08-11,4223.22
ETH Price,2025-08-12,4590.52
ETH Price,2025-08-13,4749.3
ETH Price,2025-08-14,4546.84
ETH Price,2025-08-15,4439.47
ETH Price,2025-08-16,4421.99
ETH Price,2025-08-17,4472.33
ETH Price,2025-08-18,4312.99
ETH Price,2025-08-19,4075.59
ETH Price,2025-08-20,4336.16
ETH Price,2025-08-21,4225.3
ETH Price,2025-08-22,4832.07
ETH Price,2025-08-23,4778.4
ETH Price,2025-08-24,4780.15
ETH Price,2025-08-25,4376.18
ETH Price,2025-08-26,4600.63
ETH Price,2025-08-27,4506.71
ETH Price,2025-08-28,4511.21
ETH Price,2025-08-29,4360.18
ETH Price,2025-08-30,4373.7
ETH Price,2025-08-31,4391.83
ETH Price,2025-09-01,4314.5
ETH Price,2025-09-02,4326.5
ETH Price,2025-09-03,4450.46
ETH Price,2025-09-04,4297.55
ETH Price,2025-09-05,4307.45
ETH Price,2025-09-06,4273.14
ETH Price,2025-09-07,4306.19
ETH Price,2025-09-08,4306.37
ETH Price,2025-09-09,4310.09
ETH Price,2025-09-10,4349.32
ETH Price,2025-09-11,4458.82
ETH Price,2025-09-12,4712.16
ETH Price,2025-09-13,4666.53
ETH Price,2025-09-14,4604.49
ETH Price,2025-09-15,4523.74
ETH Price,2025-09-16,4501.29
ETH Price,2025-09-17,4590.53
ETH Price,2025-09-18,4587.66
ETH Price,2025-09-19,4468.59
ETH Price,2025-09-20,4480.42
ETH Price,2025-09-21,4444.97
ETH Price,2025-09-22,4199.08
ETH Price,2025-09-23,4164.26
ETH Price,2025-09-24,4152.81
ETH Price,2025-09-25,3874.36
ETH Price,2025-09-26,4032.24
ETH Price,2025-09-27,4018.38
ETH Price,2025-09-28,4142.16
ETH Price,2025-09-29,4215.07
ETH Price,2025-09-30,4145.15
ETH Price,2025-10-01,4348.03
ETH Price,2025-10-02,4484.35
ETH Price,2025-10-03,4512.87
ETH Price,2025-10-04,4487.15
ETH Price,2025-10-05,4514.32
ETH Price,2025-10-06,4684.01
ETH Price,2025-10-07,4447.7
ETH Price,2025-10-08,4525.72
ETH Price,2025-10-09,4368.09
ETH Price,2025-10-10,3829.72
ETH Price,2025-10-11,3746.79
ETH Price,2025-10-12,4152.29
ETH Price,2025-10-13,4240.85
ETH Price,2025-10-14,4125.02
ETH Price,2025-10-15,3985.61
ETH Price,2025-10-16,3894.51
ETH Price,2025-10-17,3831.57
ETH Price,2025-10-18,3889.21
ETH Price,2025-10-19,3982.58
ETH Price,2025-10-20,3979.22
ETH Price,2025-10-21,3873.05
ETH Price,2025-10-22,3805.53
ETH Price,2025-10-23,3856.8
ETH Price,2025-10-24,3934.88
ETH Price,2025-10-25,3953.82
ETH Price,2025-10-26,4158.46
ETH Price,2025-10-27,4120.15
ETH Price,2025-10-28,3979.2
ETH Price,2025-10-29,3902.99
ETH Price,2025-10-30,3805.09
ETH Price,2025-10-31,3847.99
ETH Price,2025-11-01,3873.77
ETH Price,2025-11-02,3906.58
ETH Price,2025-11-03,3603.83
ETH Price,2025-11-04,3287.05
ETH Price,2025-11-05,3424.29
ETH Price,2025-11-06,3315.14
ETH Price,2025-11-07,3436.05
ETH Price,2025-11-08,3401.51
ETH Price,2025-11-09,3583.46
ETH Price,2025-11-10,3567.85
ETH Price,2025-11-11,3417.76
ETH Price,2025-11-12,3414.92
ETH Price,2025-11-13,3231.54
ETH Price,2025-11-14,3112.4
ETH Price,2025-11-15,3167.88
ETH Price,2025-11-16,3095.29
ETH Price,2025-11-17,3031.44
ETH Price,2025-11-18,3123.66
ETH Price,2025-11-19,3025.48
ETH Price,2025-11-20,2834.22
ETH Price,2025-11-21,2765.85
ETH Price,2025-11-22,2770.12
ETH Price,2025-11-23,2802.16
ETH Price,2025-11-24,2953.38
ETH Price,2025-11-25,2959.36
ETH Price,2025-11-26,3026.56
ETH Price,2025-11-27,3015.23
ETH Price,2025-11-28,3031.15
ETH Price,2025-11-29,2989.16
ETH Price,2025-11-30,2991.26
ETH Price,2025-12-01,2799.07
ETH Price,2025-12-02,2996.07
ETH Price,2025-12-03,3188.36
ETH Price,2025-12-04,3133.26
ETH Price,2025-12-05,3021.78
ETH Price,2025-12-06,3038.06
ETH Price,2025-12-07,3059.85
ETH Price,2025-12-08,3124.16
ETH Price,2025-12-09,3318.04
ETH Price,2025-12-10,3324.14
ETH Price,2025-12-11,3237.39
ETH Price,2025-12-12,3084.86
ETH Price,2025-12-13,3114.64
ETH Price,2025-12-14,3063.5
ETH Price,2025-12-15,2964.85
ETH Price,2025-12-16,2962.3
ETH Price,2025-12-17,2833.49
ETH Price,2025-12-18,2828.57
ETH Price,2025-12-19,2979.5
ETH Price,2025-12-20,2977.93
ETH Price,2025-12-21,3002.02
ETH Price,2025-12-22,3009.49
ETH Price,2025-12-23,2965.02
ETH Price,2025-12-24,2947.47
ETH Price,2025-12-25,2903.95
ETH Price,2025-12-26,2927.99
ETH Price,2025-12-27,2949.05
ETH Price,2025-12-28,2950.91
ETH Price,2025-12-29,2937.9
ETH Price,2025-12-30,2973.69
ETH Price,2025-12-31,2971.64
ETH Price,2026-01-01,3004.19
ETH Price,2026-01-02,3125.45
ETH Price,2026-01-03,3127.11
ETH Price,2026-01-04,3144.7
ETH Price,2026-01-05,3224.99
ETH Price,2026-01-06,3296.84
ETH Price,2026-01-07,3168.72
ETH Price,2026-01-08,3106.65
ETH Price,2026-01-09,3088.4
ETH Price,2026-01-10,3086.72
ETH Price,2026-01-11,3123.45
ETH Price,2026-01-12,3095.75
ETH Price,2026-01-13,3325.82
ETH Price,2026-01-14,3354.92
ETH Price,2026-01-15,3318.69
ETH Price,2026-01-16,3296.28
ETH Price,2026-01-17,3310.56
ETH Price,2026-01-18,3284.03
ETH Price,2026-01-19,3189.55
ETH Price,2026-01-20,2939.88
ETH Price,2026-01-21,2982.27
ETH Price,2026-01-22,2952.69
ETH Price,2026-01-23,2956.41
ETH Price,2026-01-24,2953.22
ETH Price,2026-01-25,2816.89
ETH Price,2026-01-26,2930.35
ETH Price,2026-01-27,3026.77
ETH Price,2026-01-28,3010.78
ETH Price,2026-01-29,2822.59
ETH Price,2026-01-30,2707.38
ETH Price,2026-01-31,2451.95
ETH Price,2026-02-01,2270.15
ETH Price,2026-02-02,2347.02
ETH Price,2026-02-03,2233.72
ETH Price,2026-02-04,2148.26
ETH Price,2026-02-05,1826.83
ETH Price,2026-02-06,2063.38
ETH Price,2026-02-07,2087.08
ETH Price,2026-02-08,2089.74
ETH Price,2026-02-09,2105.02
ETH Price,2026-02-10,2022.67
ETH Price,2026-02-11,1941.18
ETH Price,2026-02-12,1947.85
ETH Price,2026-02-13,2048.72
ETH Price,2026-02-14,2086.59
ETH Price,2026-02-15,1966.58
ETH Price,2026-02-16,1998.33
ETH Price,2026-02-17,1991.66
ETH Price,2026-02-18,1955.91
ETH Price,2026-02-19,1949.08
ETH Price,2026-02-20,1968.88
ETH Price,2026-02-21,1973.35
ETH Price,2026-02-22,1957.82
ETH Price,2026-02-23,1856.3
ETH Price,2026-02-24,1851.94
ETH Price,2026-02-25,2057.48
ETH Price,2026-02-26,2027.68
ETH Price,2026-02-27,1929.84
ETH Price,2026-02-28,1964.51
ETH Price,2026-03-01,1939.71
ETH Price,2026-03-02,2027.35
ETH Price,2026-03-03,1982.8
ETH Price,2026-03-04,2127.28
ETH Price,2026-03-05,2072.86
ETH Price,2026-03-06,1978.68
ETH Price,2026-03-07,1969.59
ETH Price,2026-03-08,1937.1
ETH Price,2026-03-09,1992.98
ETH Price,2026-03-10,2036.51
ETH Price,2026-03-11,2051.97
ETH Price,2026-03-12,2073.52
ETH Price,2026-03-13,2092.22
ETH Price,2026-03-14,2096.16
ETH Price,2026-03-15,2178.3
ETH Price,2026-03-16,2352.97
ETH Price,2026-03-17,2317.39
ETH Price,2026-03-18,2203.39
ETH Price,2026-03-19,2137.81
ETH Price,2026-03-20,2146.22
ETH Price,2026-03-21,2084.87
ETH Price,2026-03-22,2053.89
ETH Price,2026-03-23,2152.03
ETH Price,2026-03-24,2156.23
ETH Price,2026-03-25,2169.02
ETH Price,2026-03-26,2060.43
ETH Price,2026-03-27,1992.75
ETH Price,2026-03-28,1994.74
ETH Price,2026-03-29,1984.64
ETH Price,2026-03-30,2026.48
ETH Price,2026-03-31,2105.43
ETH Price,2026-04-01,2140.35
ETH Price,2026-04-02,2057.17
ETH Price,2026-04-03,2053.83
ETH Price,2026-04-04,2065.52
ETH Price,2026-04-05,2110.17
ETH Price,2026-04-06,2107.16
ETH Price,2026-04-07,2240.01
ETH Price,2026-04-08,2190.0
ETH Price,2026-04-09,2190.2
ETH Price,2026-04-10,2245.05
ETH Price,2026-04-11,2284.99
ETH Price,2026-04-12,2191.65
ETH Price,2026-04-13,2369.46
ETH Price,2026-04-14,2322.44
ETH Price,2026-04-15,2359.95
ETH Price,2026-04-16,2348.17
ETH Price,2026-04-17,2419.0
ETH Price,2026-04-18,2350.32
ETH Price,2026-04-19,2263.27
ETH Price,2026-04-20,2313.85
ETH Price,2026-04-21,2327.14
ETH Price,2026-04-22,2374.07
ETH Price,2026-04-23,2330.26
ETH Price,2026-04-24,2314.99
ETH Price,2026-04-25,2319.5
ETH Price,2026-04-26,2369.44
ETH Price,2026-04-27,2303.67
ETH Price,2026-04-28,2289.42
ETH Price,2026-04-29,2252.9
ETH Price,2026-04-30,2257.51
ETH Price,2026-05-01,2295.63
ETH Price,2026-05-02,2316.97
ETH Price,2026-05-03,2322.65
ETH Price,2026-05-04,2347.16
ETH Price,2026-05-05,2360.77
ETH Price,2026-05-06,2350.84
ETH Price,2026-05-07,2291.06
ETH Price,2026-05-08,2307.06
ETH Price,2026-05-09,2326.44
ETH Price,2026-05-10,2371.27
ETH Price,2026-05-11,2339.87
ETH Price,2026-05-12,2274.96
ETH Price,2026-05-13,2258.65
ETH Price,2026-05-14,2283.25
ETH Price,2026-05-15,2224.66
ETH Price,2026-05-16,2180.77
ETH Price,2026-05-17,2131.0
ETH Price,2026-05-18,2130.08
ETH Price,2026-05-19,2111.93
ETH Price,2026-05-20,2129.44
ETH Price,2026-05-21,2133.76
ETH Price,2026-05-22,2065.85
ETH Price,2026-05-23,2117.68
ETH Price,2026-05-24,2099.85
ETH Price,2026-05-25,2113.01
ETH Price,2026-05-26,2073.77
ETH Price,2026-05-27,2024.84
ETH Price,2026-05-28,2009.9
ETH Price,2026-05-29,2014.54
ETH Price,2026-05-30,2022.44
ETH Price,2026-05-31,2007.01
ETH Price,2026-06-01,2006.73
ETH Price,2026-06-02,1859.84
ETH Price,2026-06-03,1813.05
ETH Price,2026-06-04,1770.77
ETH Price,2026-06-05,1583.4
ETH Price,2026-06-06,1569.69
ETH Price,2026-06-07,1690.51
ETH Price,2026-06-08,1690.49
ETH Price,2026-06-09,1639.52
ETH Price,2026-06-10,1621.59
ETH Price,2026-06-11,1673.46
ETH Price,2026-06-12,1666.41
ETH Price,2026-06-13,1681.18
ETH Price,2026-06-14,1725.62
ETH Price,2026-06-15,1796.13
ETH Price,2026-06-16,1792.99
ETH Price,2026-06-17,1750.6
ETH Price,2026-06-18,1711.11
ETH Price,2026-06-19,1711.19
ETH Price,2026-06-20,1741.08
ETH Price,2026-06-21,1706.94
ETH Price,2026-06-22,1728.19
ETH Price,2026-06-23,1667.13
ETH Price,2026-06-24,1622.17
ETH Price,2026-06-25,1567.84
ETH Price,2026-06-26,1578.68
ETH Price,2026-06-27,1573.99
ETH Price,2026-06-28,1571.96
ETH Price,2026-06-29,1613.07
ETH Price,2026-06-30,1572.01
ETH Price,2026-07-01,1609.58
ETH Price,2026-07-02,1700.57
ETH Price,2026-07-03,1758.21
ETH Price,2026-07-04,1780.64
ETH Price,2026-07-05,1785.65
ETH Price,2026-07-06,1799.56
ETH Price,2026-07-07,1771.45
ETH Price,2026-07-08,1743.54
ETH Price,2026-07-09,1745.16
ETH Price,2026-07-10,1796.85
ETH Price,2026-07-11,1787.76
ETH Price,2026-07-12,1806.8
ETH Price,2026-07-13,1776.72
ETH Price,2026-07-14,1891.87
ETH Price,2026-07-15,1917.86
ETH Price,2026-07-16,1864.71
ETH Price,2026-07-17,1841.93
ETH Price,2026-07-18,1862.61
ETH Price,2026-07-19,1872.23
ETH Price,2026-07-20,1904.77
ETH Price,2026-07-21,1930.09
ETH Price,2026-07-22,1934.25
ETH Price,2026-07-23,1878.38
ETH Price,2026-07-24,1861.44
ETH Price,2026-07-25,1874.89
ETH Price,2026-07-26,1954.72
ETH Price,2026-07-27,1892.53
ETH Price,2026-07-28,1922.23
ETH Price,2026-07-29,1910.72
ETH Price,2026-07-30,1918.31
ETH Price,2026-07-31,1862.6
ETH Price,2026-08-01,1844.94
ETH Price,2026-08-02,1885.36
ETH Price,2026-08-03,1860.5
ETH Price,2026-08-04,1869.75
ETH Price,2026-08-05,1908.9
ETH Price,2026-08-06,1904.1
ETH Price,2026-08-07,1914.18
ETH Price,2026-08-08,1916.74
ETH Price,2026-08-09,1910.65
ETH Price,2026-08-10,1873.16
ETH Price,2026-08-11,1882.59
ETH Price,2026-08-12,1879.81
ETH Price,2026-08-13,1886.15
ETH Price,2026-08-14,1882.2
ETH Price,2026-08-15,1882.64
ETH Price,2026-08-16,1876.0
ETH Price,2026-08-17,1913.6
ETH Price,2026-08-18,1917.85
ETH Price,2026-08-19,2252.8
ETH Price,2026-08-20,2326.82
ETH Price,2026-08-21,2437.2
DeFi TVL,2017-09-27,0.0
DeFi TVL,2017-09-28,0.0
DeFi TVL,2017-09-29,0.0
DeFi TVL,2017-09-30,0.0
DeFi TVL,2017-10-01,0.0
DeFi TVL,2017-10-02,0.0
DeFi TVL,2017-10-03,0.0
DeFi TVL,2017-10-04,0.0
DeFi TVL,2017-10-05,0.0
DeFi TVL,2017-10-06,0.0
DeFi TVL,2017-10-07,0.0
DeFi TVL,2017-10-08,0.0
DeFi TVL,2017-10-09,0.0
DeFi TVL,2017-10-10,0.0
DeFi TVL,2017-10-11,0.0
DeFi TVL,2017-10-12,0.0
DeFi TVL,2017-10-13,0.0
DeFi TVL,2017-10-14,0.0
DeFi TVL,2017-10-15,0.0
DeFi TVL,2017-10-16,0.0
DeFi TVL,2017-10-17,0.0
DeFi TVL,2017-10-18,0.0
DeFi TVL,2017-10-19,0.0
DeFi TVL,2017-10-20,0.0
DeFi TVL,2017-10-21,0.0
DeFi TVL,2017-10-22,0.0
DeFi TVL,2017-10-23,0.0
DeFi TVL,2017-10-24,0.0
DeFi TVL,2017-10-25,0.0
DeFi TVL,2017-10-26,0.0
DeFi TVL,2017-10-27,0.0
DeFi TVL,2017-10-28,0.0
DeFi TVL,2017-10-29,0.0
DeFi TVL,2017-10-30,0.0
DeFi TVL,2017-10-31,0.0
DeFi TVL,2017-11-01,0.0
DeFi TVL,2017-11-02,0.0
DeFi TVL,2017-11-03,0.0
DeFi TVL,2017-11-04,0.0
DeFi TVL,2017-11-05,0.0
DeFi TVL,2017-11-06,0.0
DeFi TVL,2017-11-07,0.0
DeFi TVL,2017-11-08,0.0
DeFi TVL,2017-11-09,0.0
DeFi TVL,2017-11-10,0.0
DeFi TVL,2017-11-11,0.0
DeFi TVL,2017-11-12,0.0
DeFi TVL,2017-11-13,0.0
DeFi TVL,2017-11-14,0.0
DeFi TVL,2017-11-15,0.0
DeFi TVL,2017-11-16,0.0
DeFi TVL,2017-11-17,0.0
DeFi TVL,2017-11-18,0.0
DeFi TVL,2017-11-19,0.0
DeFi TVL,2017-11-20,0.0
DeFi TVL,2017-11-21,0.0
DeFi TVL,2017-11-22,0.0
DeFi TVL,2017-11-23,0.0
DeFi TVL,2017-11-24,0.0
DeFi TVL,2017-11-25,0.0
DeFi TVL,2017-11-26,0.0
DeFi TVL,2017-11-27,0.0
DeFi TVL,2017-11-28,0.0
DeFi TVL,2017-11-29,0.0
DeFi TVL,2017-11-30,0.0
DeFi TVL,2017-12-01,0.0
DeFi TVL,2017-12-02,0.0
DeFi TVL,2017-12-03,0.0
DeFi TVL,2017-12-04,0.0
DeFi TVL,2017-12-05,0.0
DeFi TVL,2017-12-06,0.0
DeFi TVL,2017-12-07,0.0
DeFi TVL,2017-12-08,0.0
DeFi TVL,2017-12-09,0.0
DeFi TVL,2017-12-10,0.0
DeFi TVL,2017-12-11,0.0
DeFi TVL,2017-12-12,0.0
DeFi TVL,2017-12-13,0.0
DeFi TVL,2017-12-14,0.0
DeFi TVL,2017-12-15,0.0
DeFi TVL,2017-12-16,0.0
DeFi TVL,2017-12-17,0.0
DeFi TVL,2017-12-18,0.0
DeFi TVL,2017-12-19,0.0
DeFi TVL,2017-12-20,0.0
DeFi TVL,2017-12-21,0.0
DeFi TVL,2017-12-22,0.0
DeFi TVL,2017-12-23,0.0
DeFi TVL,2017-12-24,0.0
DeFi TVL,2017-12-25,0.0
DeFi TVL,2017-12-26,0.0
DeFi TVL,2017-12-27,0.0
DeFi TVL,2017-12-28,0.0
DeFi TVL,2017-12-29,0.0
DeFi TVL,2017-12-30,0.0
DeFi TVL,2017-12-31,0.0
DeFi TVL,2018-01-01,0.0
DeFi TVL,2018-01-02,0.0
DeFi TVL,2018-01-03,0.0
DeFi TVL,2018-01-04,0.0
DeFi TVL,2018-01-05,0.0
DeFi TVL,2018-01-06,0.0
DeFi TVL,2018-01-07,0.0
DeFi TVL,2018-01-08,0.0
DeFi TVL,2018-01-09,0.0
DeFi TVL,2018-01-10,0.0
DeFi TVL,2018-01-11,0.0
DeFi TVL,2018-01-12,0.0
DeFi TVL,2018-01-13,0.0
DeFi TVL,2018-01-14,0.0
DeFi TVL,2018-01-15,0.0
DeFi TVL,2018-01-16,0.0
DeFi TVL,2018-01-17,0.0
DeFi TVL,2018-01-18,0.0
DeFi TVL,2018-01-19,0.0
DeFi TVL,2018-01-20,0.0
DeFi TVL,2018-01-21,0.0
DeFi TVL,2018-01-22,0.0
DeFi TVL,2018-01-23,0.0
DeFi TVL,2018-01-24,0.0
DeFi TVL,2018-01-25,0.0
DeFi TVL,2018-01-26,0.0
DeFi TVL,2018-01-27,0.0
DeFi TVL,2018-01-28,0.0
DeFi TVL,2018-01-29,0.0
DeFi TVL,2018-01-30,0.0
DeFi TVL,2018-01-31,0.0
DeFi TVL,2018-02-01,0.0
DeFi TVL,2018-02-02,0.0
DeFi TVL,2018-02-03,0.0
DeFi TVL,2018-02-04,0.0
DeFi TVL,2018-02-05,0.0
DeFi TVL,2018-02-06,0.0
DeFi TVL,2018-02-07,0.0
DeFi TVL,2018-02-08,0.0
DeFi TVL,2018-02-09,0.0
DeFi TVL,2018-02-10,0.0
DeFi TVL,2018-02-11,0.0
DeFi TVL,2018-02-12,6685317.0
DeFi TVL,2018-02-13,6685317.0
DeFi TVL,2018-02-14,6685317.0
DeFi TVL,2018-02-15,7335070.0
DeFi TVL,2018-02-16,11799306.0
DeFi TVL,2018-02-17,11799306.0
DeFi TVL,2018-02-18,11799306.0
DeFi TVL,2018-02-19,11799306.0
DeFi TVL,2018-02-20,11799306.0
DeFi TVL,2018-02-21,11620897.0
DeFi TVL,2018-02-22,9686994.0
DeFi TVL,2018-02-23,11924788.0
DeFi TVL,2018-02-24,11924788.0
DeFi TVL,2018-02-25,11924788.0
DeFi TVL,2018-02-26,11293138.0
DeFi TVL,2018-02-27,11293138.0
DeFi TVL,2018-02-28,18351636.0
DeFi TVL,2018-03-01,18351636.0
DeFi TVL,2018-03-02,18351636.0
DeFi TVL,2018-03-03,18351636.0
DeFi TVL,2018-03-04,18351636.0
DeFi TVL,2018-03-05,18351636.0
DeFi TVL,2018-03-06,15284730.0
DeFi TVL,2018-03-07,15284730.0
DeFi TVL,2018-03-08,14201508.0
DeFi TVL,2018-03-09,14201508.0
DeFi TVL,2018-03-10,14201508.0
DeFi TVL,2018-03-11,14201508.0
DeFi TVL,2018-03-12,14201508.0
DeFi TVL,2018-03-13,14201508.0
DeFi TVL,2018-03-14,14529180.0
DeFi TVL,2018-03-15,10883302.0
DeFi TVL,2018-03-16,10883302.0
DeFi TVL,2018-03-17,10883302.0
DeFi TVL,2018-03-18,10883302.0
DeFi TVL,2018-03-19,10883302.0
DeFi TVL,2018-03-20,10883302.0
DeFi TVL,2018-03-21,10883302.0
DeFi TVL,2018-03-22,10883302.0
DeFi TVL,2018-03-23,10883302.0
DeFi TVL,2018-03-24,10883302.0
DeFi TVL,2018-03-25,10883302.0
DeFi TVL,2018-03-26,10883302.0
DeFi TVL,2018-03-27,10883302.0
DeFi TVL,2018-03-28,10883302.0
DeFi TVL,2018-03-29,10975192.0
DeFi TVL,2018-03-30,8872233.0
DeFi TVL,2018-03-31,8872233.0
DeFi TVL,2018-04-01,8872233.0
DeFi TVL,2018-04-02,8872233.0
DeFi TVL,2018-04-03,8709109.0
DeFi TVL,2018-04-04,8709109.0
DeFi TVL,2018-04-05,8709109.0
DeFi TVL,2018-04-06,8994812.0
DeFi TVL,2018-04-07,11513795.0
DeFi TVL,2018-04-08,11513795.0
DeFi TVL,2018-04-09,11513795.0
DeFi TVL,2018-04-10,11513795.0
DeFi TVL,2018-04-11,11513795.0
DeFi TVL,2018-04-12,11513795.0
DeFi TVL,2018-04-13,11513795.0
DeFi TVL,2018-04-14,11599561.0
DeFi TVL,2018-04-15,11860237.0
DeFi TVL,2018-04-16,16745423.0
DeFi TVL,2018-04-17,16745423.0
DeFi TVL,2018-04-18,16745423.0
DeFi TVL,2018-04-19,16745423.0
DeFi TVL,2018-04-20,19173183.0
DeFi TVL,2018-04-21,19173183.0
DeFi TVL,2018-04-22,19557950.0
DeFi TVL,2018-04-23,21963401.0
DeFi TVL,2018-04-24,21963401.0
DeFi TVL,2018-04-25,21963401.0
DeFi TVL,2018-04-26,21963401.0
DeFi TVL,2018-04-27,22367479.0
DeFi TVL,2018-04-28,28948697.0
DeFi TVL,2018-04-29,28977326.0
DeFi TVL,2018-04-30,28969763.0
DeFi TVL,2018-05-01,28984307.0
DeFi TVL,2018-05-02,28977941.0
DeFi TVL,2018-05-03,35203792.0
DeFi TVL,2018-05-04,29514151.0
DeFi TVL,2018-05-05,29565821.0
DeFi TVL,2018-05-06,29590838.0
DeFi TVL,2018-05-07,29584982.0
DeFi TVL,2018-05-08,23996888.0
DeFi TVL,2018-05-09,24006329.0
DeFi TVL,2018-05-10,29220087.0
DeFi TVL,2018-05-11,29200576.0
DeFi TVL,2018-05-12,29180118.0
DeFi TVL,2018-05-13,29161024.0
DeFi TVL,2018-05-14,29172651.0
DeFi TVL,2018-05-15,29192404.0
DeFi TVL,2018-05-16,27637293.0
DeFi TVL,2018-05-17,27621514.0
DeFi TVL,2018-05-18,26702764.0
DeFi TVL,2018-05-19,30301579.0
DeFi TVL,2018-05-20,30305637.0
DeFi TVL,2018-05-21,30318592.0
DeFi TVL,2018-05-22,29046638.0
DeFi TVL,2018-05-23,29017571.0
DeFi TVL,2018-05-24,28956511.0
DeFi TVL,2018-05-25,28999900.0
DeFi TVL,2018-05-26,28971623.0
DeFi TVL,2018-05-27,24783617.0
DeFi TVL,2018-05-28,24794527.0
DeFi TVL,2018-05-29,24743844.0
DeFi TVL,2018-05-30,31952258.0
DeFi TVL,2018-05-31,31943323.0
DeFi TVL,2018-06-01,31963581.0
DeFi TVL,2018-06-02,31952510.0
DeFi TVL,2018-06-03,31986000.0
DeFi TVL,2018-06-04,30750887.0
DeFi TVL,2018-06-05,30741186.0
DeFi TVL,2018-06-06,30734367.0
DeFi TVL,2018-06-07,30749864.0
DeFi TVL,2018-06-08,30135166.0
DeFi TVL,2018-06-09,30137891.0
DeFi TVL,2018-06-10,30134960.0
DeFi TVL,2018-06-11,20200363.0
DeFi TVL,2018-06-12,20202458.0
DeFi TVL,2018-06-13,20177422.0
DeFi TVL,2018-06-14,20171150.0
DeFi TVL,2018-06-15,21673737.0
DeFi TVL,2018-06-16,21665463.0
DeFi TVL,2018-06-17,24002627.0
DeFi TVL,2018-06-18,24004364.0
DeFi TVL,2018-06-19,24031704.0
DeFi TVL,2018-06-20,24037291.0
DeFi TVL,2018-06-21,24045886.0
DeFi TVL,2018-06-22,23763827.0
DeFi TVL,2018-06-23,21165759.0
DeFi TVL,2018-06-24,21175105.0
DeFi TVL,2018-06-25,21162437.0
DeFi TVL,2018-06-26,21165475.0
DeFi TVL,2018-06-27,19744994.0
DeFi TVL,2018-06-28,19764441.0
DeFi TVL,2018-06-29,19771694.0
DeFi TVL,2018-06-30,22475278.0
DeFi TVL,2018-07-01,22483726.0
DeFi TVL,2018-07-02,22490475.0
DeFi TVL,2018-07-03,22513321.0
DeFi TVL,2018-07-04,22493042.0
DeFi TVL,2018-07-05,22510025.0
DeFi TVL,2018-07-06,22526670.0
DeFi TVL,2018-07-07,22495522.0
DeFi TVL,2018-07-08,25093689.0
DeFi TVL,2018-07-09,23126728.0
DeFi TVL,2018-07-10,19628038.0
DeFi TVL,2018-07-11,19573614.0
DeFi TVL,2018-07-12,19899688.0
DeFi TVL,2018-07-13,19890030.0
DeFi TVL,2018-07-14,19896837.0
DeFi TVL,2018-07-15,19888431.0
DeFi TVL,2018-07-16,19913834.0
DeFi TVL,2018-07-17,19929339.0
DeFi TVL,2018-07-18,19924898.0
DeFi TVL,2018-07-19,19894895.0
DeFi TVL,2018-07-20,20149827.0
DeFi TVL,2018-07-21,20590476.0
DeFi TVL,2018-07-22,20596340.0
DeFi TVL,2018-07-23,20605860.0
DeFi TVL,2018-07-24,20578762.0
DeFi TVL,2018-07-25,20265462.0
DeFi TVL,2018-07-26,20259382.0
DeFi TVL,2018-07-27,20250097.0
DeFi TVL,2018-07-28,17813102.0
DeFi TVL,2018-07-29,17815710.0
DeFi TVL,2018-07-30,17814972.0
DeFi TVL,2018-07-31,17810324.0
DeFi TVL,2018-08-01,17795180.0
DeFi TVL,2018-08-02,16575227.0
DeFi TVL,2018-08-03,16575865.0
DeFi TVL,2018-08-04,16174201.0
DeFi TVL,2018-08-05,16159086.0
DeFi TVL,2018-08-06,358439.0
DeFi TVL,2018-08-07,367117.0
DeFi TVL,2018-08-08,367758.0
DeFi TVL,2018-08-09,340001.0
DeFi TVL,2018-08-10,337587.0
DeFi TVL,2018-08-11,16800664.0
DeFi TVL,2018-08-12,16800809.0
DeFi TVL,2018-08-13,16533578.0
DeFi TVL,2018-08-14,16535473.0
DeFi TVL,2018-08-15,16534267.0
DeFi TVL,2018-08-16,16552382.0
DeFi TVL,2018-08-17,16562358.0
DeFi TVL,2018-08-18,16790597.0
DeFi TVL,2018-08-19,16788445.0
DeFi TVL,2018-08-20,16786536.0
DeFi TVL,2018-08-21,16782137.0
DeFi TVL,2018-08-22,16948572.0
DeFi TVL,2018-08-23,12059764.0
DeFi TVL,2018-08-24,14320257.0
DeFi TVL,2018-08-25,12189870.0
DeFi TVL,2018-08-26,13119602.0
DeFi TVL,2018-08-27,20787329.0
DeFi TVL,2018-08-28,21681043.0
DeFi TVL,2018-08-29,13842550.0
DeFi TVL,2018-08-30,13838204.0
DeFi TVL,2018-08-31,13826746.0
DeFi TVL,2018-09-01,33918185.0
DeFi TVL,2018-09-02,34461150.0
DeFi TVL,2018-09-03,34454043.0
DeFi TVL,2018-09-04,34394921.0
DeFi TVL,2018-09-05,34281081.0
DeFi TVL,2018-09-06,34141470.0
DeFi TVL,2018-09-07,31632459.0
DeFi TVL,2018-09-08,31627730.0
DeFi TVL,2018-09-09,31565234.0
DeFi TVL,2018-09-10,30914431.0
DeFi TVL,2018-09-11,32694805.0
DeFi TVL,2018-09-12,32416971.0
DeFi TVL,2018-09-13,32697437.0
DeFi TVL,2018-09-14,31981413.0
DeFi TVL,2018-09-15,17286027.0
DeFi TVL,2018-09-16,18181250.0
DeFi TVL,2018-09-17,16785441.0
DeFi TVL,2018-09-18,17156973.0
DeFi TVL,2018-09-19,17052370.0
DeFi TVL,2018-09-20,17295231.0
DeFi TVL,2018-09-21,17467378.0
DeFi TVL,2018-09-22,17735981.0
DeFi TVL,2018-09-23,12120894.0
DeFi TVL,2018-09-24,12001453.0
DeFi TVL,2018-09-25,10599223.0
DeFi TVL,2018-09-26,15541932.0
DeFi TVL,2018-09-27,11336827.0
DeFi TVL,2018-09-28,14120352.0
DeFi TVL,2018-09-29,15375082.0
DeFi TVL,2018-09-30,15840876.0
DeFi TVL,2018-10-01,16736615.0
DeFi TVL,2018-10-02,17016009.0
DeFi TVL,2018-10-03,16680954.0
DeFi TVL,2018-10-04,14741093.0
DeFi TVL,2018-10-05,15414443.0
DeFi TVL,2018-10-06,16097534.0
DeFi TVL,2018-10-07,15813653.0
DeFi TVL,2018-10-08,14055504.0
DeFi TVL,2018-10-09,14110331.0
DeFi TVL,2018-10-10,14232859.0
DeFi TVL,2018-10-11,14193284.0
DeFi TVL,2018-10-12,11928443.0
DeFi TVL,2018-10-13,12858389.0
DeFi TVL,2018-10-14,13118608.0
DeFi TVL,2018-10-15,13107525.0
DeFi TVL,2018-10-16,15120367.0
DeFi TVL,2018-10-17,14676038.0
DeFi TVL,2018-10-18,16459120.0
DeFi TVL,2018-10-19,15766661.0
DeFi TVL,2018-10-20,16173353.0
DeFi TVL,2018-10-21,15344886.0
DeFi TVL,2018-10-22,16626445.0
DeFi TVL,2018-10-23,17177485.0
DeFi TVL,2018-10-24,17060213.0
DeFi TVL,2018-10-25,17745805.0
DeFi TVL,2018-10-26,18335693.0
DeFi TVL,2018-10-27,16297339.0
DeFi TVL,2018-10-28,18124774.0
DeFi TVL,2018-10-29,18378903.0
DeFi TVL,2018-10-30,17137508.0
DeFi TVL,2018-10-31,15904405.0
DeFi TVL,2018-11-01,16170857.0
DeFi TVL,2018-11-02,16004698.0
DeFi TVL,2018-11-03,11825468.0
DeFi TVL,2018-11-04,18343307.0
DeFi TVL,2018-11-05,16132848.0
DeFi TVL,2018-11-06,16123521.0
DeFi TVL,2018-11-07,16610845.0
DeFi TVL,2018-11-08,16583198.0
DeFi TVL,2018-11-09,15826144.0
DeFi TVL,2018-11-10,15734245.0
DeFi TVL,2018-11-11,16062153.0
DeFi TVL,2018-11-12,15554185.0
DeFi TVL,2018-11-13,15761892.0
DeFi TVL,2018-11-14,15442880.0
DeFi TVL,2018-11-15,12952073.0
DeFi TVL,2018-11-16,12990309.0
DeFi TVL,2018-11-17,12813281.0
DeFi TVL,2018-11-18,12519141.0
DeFi TVL,2018-11-19,23183102.0
DeFi TVL,2018-11-20,10263670.0
DeFi TVL,2018-11-21,8741508.0
DeFi TVL,2018-11-22,9535385.0
DeFi TVL,2018-11-23,10694808.0
DeFi TVL,2018-11-24,10583791.0
DeFi TVL,2018-11-25,9642573.0
DeFi TVL,2018-11-26,10688756.0
DeFi TVL,2018-11-27,10013259.0
DeFi TVL,2018-11-28,11008664.0
DeFi TVL,2018-11-29,12544817.0
DeFi TVL,2018-11-30,12491893.0
DeFi TVL,2018-12-01,12166000.0
DeFi TVL,2018-12-02,13221851.0
DeFi TVL,2018-12-03,12384552.0
DeFi TVL,2018-12-04,10976654.0
DeFi TVL,2018-12-05,10974056.0
DeFi TVL,2018-12-06,9090091.0
DeFi TVL,2018-12-07,8277595.0
DeFi TVL,2018-12-08,8813639.0
DeFi TVL,2018-12-09,9296580.0
DeFi TVL,2018-12-10,8282530.0
DeFi TVL,2018-12-11,8164333.0
DeFi TVL,2018-12-12,8027331.0
DeFi TVL,2018-12-13,8382716.0
DeFi TVL,2018-12-14,7975874.0
DeFi TVL,2018-12-15,7395409.0
DeFi TVL,2018-12-16,7772209.0
DeFi TVL,2018-12-17,8236167.0
DeFi TVL,2018-12-18,9340631.0
DeFi TVL,2018-12-19,9786858.0
DeFi TVL,2018-12-20,9593244.0
DeFi TVL,2018-12-21,10845835.0
DeFi TVL,2018-12-22,11597399.0
DeFi TVL,2018-12-23,12002498.0
DeFi TVL,2018-12-24,13135497.0
DeFi TVL,2018-12-25,14344601.0
DeFi TVL,2018-12-26,13105091.0
DeFi TVL,2018-12-27,13964751.0
DeFi TVL,2018-12-28,12584979.0
DeFi TVL,2018-12-29,12995052.0
DeFi TVL,2018-12-30,4149781.0
DeFi TVL,2018-12-31,3926020.0
DeFi TVL,2019-01-01,3802744.0
DeFi TVL,2019-01-02,4008486.0
DeFi TVL,2019-01-03,5319596.0
DeFi TVL,2019-01-04,289570752.0
DeFi TVL,2019-01-05,304883618.0
DeFi TVL,2019-01-06,314016364.0
DeFi TVL,2019-01-07,302615159.0
DeFi TVL,2019-01-08,301528544.0
DeFi TVL,2019-01-09,294935504.0
DeFi TVL,2019-01-10,122685489.0
DeFi TVL,2019-01-11,260106725.0
DeFi TVL,2019-01-12,292940172.0
DeFi TVL,2019-01-13,260217997.0
DeFi TVL,2019-01-14,194196424.0
DeFi TVL,2019-01-15,263607393.0
DeFi TVL,2019-01-16,264927702.0
DeFi TVL,2019-01-17,270539227.0
DeFi TVL,2019-01-18,279843104.0
DeFi TVL,2019-01-19,246234892.0
DeFi TVL,2019-01-20,253866163.0
DeFi TVL,2019-01-21,250653941.0
DeFi TVL,2019-01-22,242704516.0
DeFi TVL,2019-01-23,238042263.0
DeFi TVL,2019-01-24,245751182.0
DeFi TVL,2019-01-25,243997393.0
DeFi TVL,2019-01-26,244144401.0
DeFi TVL,2019-01-27,247621419.0
DeFi TVL,2019-01-28,241999811.0
DeFi TVL,2019-01-29,113101993.0
DeFi TVL,2019-01-30,220276514.0
DeFi TVL,2019-01-31,224991272.0
DeFi TVL,2019-02-01,230868863.0
DeFi TVL,2019-02-02,229338297.0
DeFi TVL,2019-02-03,232341479.0
DeFi TVL,2019-02-04,232426627.0
DeFi TVL,2019-02-05,231779965.0
DeFi TVL,2019-02-06,233650015.0
DeFi TVL,2019-02-07,225717422.0
DeFi TVL,2019-02-08,231314639.0
DeFi TVL,2019-02-09,237932307.0
DeFi TVL,2019-02-10,263945502.0
DeFi TVL,2019-02-11,261409662.0
DeFi TVL,2019-02-12,266842887.0
DeFi TVL,2019-02-13,265032641.0
DeFi TVL,2019-02-14,270656042.0
DeFi TVL,2019-02-15,267234814.0
DeFi TVL,2019-02-16,279959533.0
DeFi TVL,2019-02-17,271616640.0
DeFi TVL,2019-02-18,284669961.0
DeFi TVL,2019-02-19,308871100.0
DeFi TVL,2019-02-20,328181470.0
DeFi TVL,2019-02-21,325575107.0
DeFi TVL,2019-02-22,325103155.0
DeFi TVL,2019-02-23,333555760.0
DeFi TVL,2019-02-24,335154182.0
DeFi TVL,2019-02-25,367148268.0
DeFi TVL,2019-02-26,313312485.0
DeFi TVL,2019-02-27,312348327.0
DeFi TVL,2019-02-28,315587243.0
DeFi TVL,2019-03-01,313264205.0
DeFi TVL,2019-03-02,317917225.0
DeFi TVL,2019-03-03,306928585.0
DeFi TVL,2019-03-04,308802967.0
DeFi TVL,2019-03-05,291872587.0
DeFi TVL,2019-03-06,299413989.0
DeFi TVL,2019-03-07,323339859.0
DeFi TVL,2019-03-08,325847315.0
DeFi TVL,2019-03-09,317686632.0
DeFi TVL,2019-03-10,327652303.0
DeFi TVL,2019-03-11,317114163.0
DeFi TVL,2019-03-12,314311842.0
DeFi TVL,2019-03-13,316017852.0
DeFi TVL,2019-03-14,310309736.0
DeFi TVL,2019-03-15,313273709.0
DeFi TVL,2019-03-16,319734544.0
DeFi TVL,2019-03-17,338848314.0
DeFi TVL,2019-03-18,338427917.0
DeFi TVL,2019-03-19,334112955.0
DeFi TVL,2019-03-20,331367254.0
DeFi TVL,2019-03-21,332058133.0
DeFi TVL,2019-03-22,329173533.0
DeFi TVL,2019-03-23,321656817.0
DeFi TVL,2019-03-24,324065528.0
DeFi TVL,2019-03-25,324888324.0
DeFi TVL,2019-03-26,319263059.0
DeFi TVL,2019-03-27,316212716.0
DeFi TVL,2019-03-28,331333288.0
DeFi TVL,2019-03-29,325149316.0
DeFi TVL,2019-03-30,334364887.0
DeFi TVL,2019-03-31,340535136.0
DeFi TVL,2019-04-01,337701754.0
DeFi TVL,2019-04-02,335250863.0
DeFi TVL,2019-04-03,366236322.0
DeFi TVL,2019-04-04,397580056.0
DeFi TVL,2019-04-05,382233613.0
DeFi TVL,2019-04-06,391714035.0
DeFi TVL,2019-04-07,391038985.0
DeFi TVL,2019-04-08,402160711.0
DeFi TVL,2019-04-09,422159412.0
DeFi TVL,2019-04-10,421201009.0
DeFi TVL,2019-04-11,431439729.0
DeFi TVL,2019-04-12,395146858.0
DeFi TVL,2019-04-13,396666901.0
DeFi TVL,2019-04-14,389297705.0
DeFi TVL,2019-04-15,389969859.0
DeFi TVL,2019-04-16,392816437.0
DeFi TVL,2019-04-17,383270419.0
DeFi TVL,2019-04-18,396528397.0
DeFi TVL,2019-04-19,402965067.0
DeFi TVL,2019-04-20,405717234.0
DeFi TVL,2019-04-21,399268586.0
DeFi TVL,2019-04-22,389058388.0
DeFi TVL,2019-04-23,396465156.0
DeFi TVL,2019-04-24,403778689.0
DeFi TVL,2019-04-25,379574360.0
DeFi TVL,2019-04-26,374166223.0
DeFi TVL,2019-04-27,358142236.0
DeFi TVL,2019-04-28,356347839.0
DeFi TVL,2019-04-29,360706733.0
DeFi TVL,2019-04-30,350720090.0
DeFi TVL,2019-05-01,366040359.0
DeFi TVL,2019-05-02,373150581.0
DeFi TVL,2019-05-03,366280821.0
DeFi TVL,2019-05-04,374710083.0
DeFi TVL,2019-05-05,369623355.0
DeFi TVL,2019-05-06,370720025.0
DeFi TVL,2019-05-07,371812432.0
DeFi TVL,2019-05-08,401884732.0
DeFi TVL,2019-05-09,381494784.0
DeFi TVL,2019-05-10,382347193.0
DeFi TVL,2019-05-11,379417947.0
DeFi TVL,2019-05-12,408271891.0
DeFi TVL,2019-05-13,412618171.0
DeFi TVL,2019-05-14,419161736.0
DeFi TVL,2019-05-15,447956743.0
DeFi TVL,2019-05-16,493000950.0
DeFi TVL,2019-05-17,499481561.0
DeFi TVL,2019-05-18,463518933.0
DeFi TVL,2019-05-19,473558178.0
DeFi TVL,2019-05-20,505820225.0
DeFi TVL,2019-05-21,496279202.0
DeFi TVL,2019-05-22,495087452.0
DeFi TVL,2019-05-23,497002142.0
DeFi TVL,2019-05-24,476495368.0
DeFi TVL,2019-05-25,494995333.0
DeFi TVL,2019-05-26,502451751.0
DeFi TVL,2019-05-27,487371992.0
DeFi TVL,2019-05-28,514872051.0
DeFi TVL,2019-05-29,498987033.0
DeFi TVL,2019-05-30,494627934.0
DeFi TVL,2019-05-31,512537933.0
DeFi TVL,2019-06-01,472847399.0
DeFi TVL,2019-06-02,497830025.0
DeFi TVL,2019-06-03,500127190.0
DeFi TVL,2019-06-04,485851448.0
DeFi TVL,2019-06-05,455464631.0
DeFi TVL,2019-06-06,458331950.0
DeFi TVL,2019-06-07,461237618.0
DeFi TVL,2019-06-08,465315261.0
DeFi TVL,2019-06-09,465711379.0
DeFi TVL,2019-06-10,456916372.0
DeFi TVL,2019-06-11,458463024.0
DeFi TVL,2019-06-12,452611499.0
DeFi TVL,2019-06-13,470698244.0
DeFi TVL,2019-06-14,481696600.0
DeFi TVL,2019-06-15,480287425.0
DeFi TVL,2019-06-16,491502339.0
DeFi TVL,2019-06-17,505563829.0
DeFi TVL,2019-06-18,508648762.0
DeFi TVL,2019-06-19,500888028.0
DeFi TVL,2019-06-20,499846692.0
DeFi TVL,2019-06-21,503507244.0
DeFi TVL,2019-06-22,540552020.0
DeFi TVL,2019-06-23,568785450.0
DeFi TVL,2019-06-24,567445764.0
DeFi TVL,2019-06-25,573143459.0
DeFi TVL,2019-06-26,568708212.0
DeFi TVL,2019-06-27,591078274.0
DeFi TVL,2019-06-28,552910720.0
DeFi TVL,2019-06-29,543051020.0
DeFi TVL,2019-06-30,542532241.0
DeFi TVL,2019-07-01,531461064.0
DeFi TVL,2019-07-02,525350725.0
DeFi TVL,2019-07-03,502883500.0
DeFi TVL,2019-07-04,530495517.0
DeFi TVL,2019-07-05,534615690.0
DeFi TVL,2019-07-06,532710865.0
DeFi TVL,2019-07-07,524221247.0
DeFi TVL,2019-07-08,534477607.0
DeFi TVL,2019-07-09,560331576.0
DeFi TVL,2019-07-10,563890234.0
DeFi TVL,2019-07-11,551630909.0
DeFi TVL,2019-07-12,502577319.0
DeFi TVL,2019-07-13,506751356.0
DeFi TVL,2019-07-14,492044116.0
DeFi TVL,2019-07-15,454555786.0
DeFi TVL,2019-07-16,451334563.0
DeFi TVL,2019-07-17,461975687.0
DeFi TVL,2019-07-18,443736851.0
DeFi TVL,2019-07-19,436985774.0
DeFi TVL,2019-07-20,437208909.0
DeFi TVL,2019-07-21,452675725.0
DeFi TVL,2019-07-22,487291800.0
DeFi TVL,2019-07-23,434230255.0
DeFi TVL,2019-07-24,409186274.0
DeFi TVL,2019-07-25,448443317.0
DeFi TVL,2019-07-26,428073197.0
DeFi TVL,2019-07-27,422243898.0
DeFi TVL,2019-07-28,402767290.0
DeFi TVL,2019-07-29,407166104.0
DeFi TVL,2019-07-30,406781868.0
DeFi TVL,2019-07-31,408697642.0
DeFi TVL,2019-08-01,417633282.0
DeFi TVL,2019-08-02,418221061.0
DeFi TVL,2019-08-03,428073353.0
DeFi TVL,2019-08-04,431471834.0
DeFi TVL,2019-08-05,429764804.0
DeFi TVL,2019-08-06,454195125.0
DeFi TVL,2019-08-07,436040933.0
DeFi TVL,2019-08-08,433419583.0
DeFi TVL,2019-08-09,452962074.0
DeFi TVL,2019-08-10,436374290.0
DeFi TVL,2019-08-11,428714829.0
DeFi TVL,2019-08-12,441895509.0
DeFi TVL,2019-08-13,442896825.0
DeFi TVL,2019-08-14,451379386.0
DeFi TVL,2019-08-15,433576742.0
DeFi TVL,2019-08-16,412932231.0
DeFi TVL,2019-08-17,417466602.0
DeFi TVL,2019-08-18,416010185.0
DeFi TVL,2019-08-19,431515559.0
DeFi TVL,2019-08-20,452669640.0
DeFi TVL,2019-08-21,443632021.0
DeFi TVL,2019-08-22,431246765.0
DeFi TVL,2019-08-23,430470024.0
DeFi TVL,2019-08-24,435344422.0
DeFi TVL,2019-08-25,434835163.0
DeFi TVL,2019-08-26,436731046.0
DeFi TVL,2019-08-27,435634766.0
DeFi TVL,2019-08-28,438418831.0
DeFi TVL,2019-08-29,434881647.0
DeFi TVL,2019-08-30,420084933.0
DeFi TVL,2019-08-31,419174143.0
DeFi TVL,2019-09-01,414229850.0
DeFi TVL,2019-09-02,419822865.0
DeFi TVL,2019-09-03,427393987.0
DeFi TVL,2019-09-04,446062511.0
DeFi TVL,2019-09-05,441680361.0
DeFi TVL,2019-09-06,430397388.0
DeFi TVL,2019-09-07,432542951.0
DeFi TVL,2019-09-08,431670284.0
DeFi TVL,2019-09-09,444064062.0
DeFi TVL,2019-09-10,454119915.0
DeFi TVL,2019-09-11,448765165.0
DeFi TVL,2019-09-12,448360732.0
DeFi TVL,2019-09-13,453065654.0
DeFi TVL,2019-09-14,449959697.0
DeFi TVL,2019-09-15,448075648.0
DeFi TVL,2019-09-16,476918786.0
DeFi TVL,2019-09-17,490743644.0
DeFi TVL,2019-09-18,504647334.0
DeFi TVL,2019-09-19,524619550.0
DeFi TVL,2019-09-20,521270612.0
DeFi TVL,2019-09-21,534853682.0
DeFi TVL,2019-09-22,531410497.0
DeFi TVL,2019-09-23,521089432.0
DeFi TVL,2019-09-24,513747689.0
DeFi TVL,2019-09-25,473798880.0
DeFi TVL,2019-09-26,429765681.0
DeFi TVL,2019-09-27,448885279.0
DeFi TVL,2019-09-28,448305047.0
DeFi TVL,2019-09-29,459055196.0
DeFi TVL,2019-09-30,449392756.0
DeFi TVL,2019-10-01,460478737.0
DeFi TVL,2019-10-02,468467860.0
DeFi TVL,2019-10-03,469759575.0
DeFi TVL,2019-10-04,464886362.0
DeFi TVL,2019-10-05,464292908.0
DeFi TVL,2019-10-06,458924231.0
DeFi TVL,2019-10-07,457835664.0
DeFi TVL,2019-10-08,469556828.0
DeFi TVL,2019-10-09,479618450.0
DeFi TVL,2019-10-10,497798465.0
DeFi TVL,2019-10-11,507867466.0
DeFi TVL,2019-10-12,495437951.0
DeFi TVL,2019-10-13,491387221.0
DeFi TVL,2019-10-14,495508497.0
DeFi TVL,2019-10-15,494457857.0
DeFi TVL,2019-10-16,491295305.0
DeFi TVL,2019-10-17,485289283.0
DeFi TVL,2019-10-18,488902927.0
DeFi TVL,2019-10-19,483195757.0
DeFi TVL,2019-10-20,484359011.0
DeFi TVL,2019-10-21,482779013.0
DeFi TVL,2019-10-22,501495158.0
DeFi TVL,2019-10-23,501612538.0
DeFi TVL,2019-10-24,504293040.0
DeFi TVL,2019-10-25,487781757.0
DeFi TVL,2019-10-26,536564631.0
DeFi TVL,2019-10-27,552363304.0
DeFi TVL,2019-10-28,585884484.0
DeFi TVL,2019-10-29,591157220.0
DeFi TVL,2019-10-30,598073585.0
DeFi TVL,2019-10-31,579395203.0
DeFi TVL,2019-11-01,558561779.0
DeFi TVL,2019-11-02,557071114.0
DeFi TVL,2019-11-03,557849668.0
DeFi TVL,2019-11-04,555886499.0
DeFi TVL,2019-11-05,592041728.0
DeFi TVL,2019-11-06,595937674.0
DeFi TVL,2019-11-07,597909996.0
DeFi TVL,2019-11-08,586054174.0
DeFi TVL,2019-11-09,600199426.0
DeFi TVL,2019-11-10,599493501.0
DeFi TVL,2019-11-11,583384591.0
DeFi TVL,2019-11-12,598450857.0
DeFi TVL,2019-11-13,604460707.0
DeFi TVL,2019-11-14,601074950.0
DeFi TVL,2019-11-15,596137614.0
DeFi TVL,2019-11-16,573659308.0
DeFi TVL,2019-11-17,583648172.0
DeFi TVL,2019-11-18,599124673.0
DeFi TVL,2019-11-19,608190626.0
DeFi TVL,2019-11-20,606769946.0
DeFi TVL,2019-11-21,605215546.0
DeFi TVL,2019-11-22,602025708.0
DeFi TVL,2019-11-23,568695755.0
DeFi TVL,2019-11-24,574619036.0
DeFi TVL,2019-11-25,588834677.0
DeFi TVL,2019-11-26,598978707.0
DeFi TVL,2019-11-27,614130077.0
DeFi TVL,2019-11-28,645973332.0
DeFi TVL,2019-11-29,646738314.0
DeFi TVL,2019-11-30,623022852.0
DeFi TVL,2019-12-01,618998157.0
DeFi TVL,2019-12-02,592530843.0
DeFi TVL,2019-12-03,624871193.0
DeFi TVL,2019-12-04,619422598.0
DeFi TVL,2019-12-05,616758251.0
DeFi TVL,2019-12-06,614418082.0
DeFi TVL,2019-12-07,607765633.0
DeFi TVL,2019-12-08,606638338.0
DeFi TVL,2019-12-09,630375654.0
DeFi TVL,2019-12-10,627975429.0
DeFi TVL,2019-12-11,608680182.0
DeFi TVL,2019-12-12,607080709.0
DeFi TVL,2019-12-13,617521228.0
DeFi TVL,2019-12-14,611408968.0
DeFi TVL,2019-12-15,613549511.0
DeFi TVL,2019-12-16,623841597.0
DeFi TVL,2019-12-17,614464203.0
DeFi TVL,2019-12-18,582714940.0
DeFi TVL,2019-12-19,574674054.0
DeFi TVL,2019-12-20,592958634.0
DeFi TVL,2019-12-21,596259664.0
DeFi TVL,2019-12-22,597689907.0
DeFi TVL,2019-12-23,609592628.0
DeFi TVL,2019-12-24,614842712.0
DeFi TVL,2019-12-25,604710916.0
DeFi TVL,2019-12-26,594297587.0
DeFi TVL,2019-12-27,589013702.0
DeFi TVL,2019-12-28,585762476.0
DeFi TVL,2019-12-29,594827274.0
DeFi TVL,2019-12-30,603662457.0
DeFi TVL,2019-12-31,609578786.0
DeFi TVL,2020-01-01,606094144.0
DeFi TVL,2020-01-02,605260224.0
DeFi TVL,2020-01-03,599700961.0
DeFi TVL,2020-01-04,609194464.0
DeFi TVL,2020-01-05,608225875.0
DeFi TVL,2020-01-06,610140084.0
DeFi TVL,2020-01-07,609488563.0
DeFi TVL,2020-01-08,616940071.0
DeFi TVL,2020-01-09,627337915.0
DeFi TVL,2020-01-10,591002739.0
DeFi TVL,2020-01-11,585697860.0
DeFi TVL,2020-01-12,615427563.0
DeFi TVL,2020-01-13,619481866.0
DeFi TVL,2020-01-14,627897116.0
DeFi TVL,2020-01-15,677754524.0
DeFi TVL,2020-01-16,700335339.0
DeFi TVL,2020-01-17,704767165.0
DeFi TVL,2020-01-18,729580177.0
DeFi TVL,2020-01-19,720435461.0
DeFi TVL,2020-01-20,700193516.0
DeFi TVL,2020-01-21,698828005.0
DeFi TVL,2020-01-22,728094072.0
DeFi TVL,2020-01-23,717928005.0
DeFi TVL,2020-01-24,698880694.0
DeFi TVL,2020-01-25,694165601.0
DeFi TVL,2020-01-26,701940467.0
DeFi TVL,2020-01-27,709907244.0
DeFi TVL,2020-01-28,745635194.0
DeFi TVL,2020-01-29,760463093.0
DeFi TVL,2020-01-30,772944085.0
DeFi TVL,2020-01-31,781557542.0
DeFi TVL,2020-02-01,794204774.0
DeFi TVL,2020-02-02,804187470.0
DeFi TVL,2020-02-03,814154940.0
DeFi TVL,2020-02-04,808800998.0
DeFi TVL,2020-02-05,805940611.0
DeFi TVL,2020-02-06,838588758.0
DeFi TVL,2020-02-07,878624778.0
DeFi TVL,2020-02-08,891727770.0
DeFi TVL,2020-02-09,901519597.0
DeFi TVL,2020-02-10,889444973.0
DeFi TVL,2020-02-11,882783893.0
DeFi TVL,2020-02-12,896848641.0
DeFi TVL,2020-02-13,987054648.0
DeFi TVL,2020-02-14,1011705815.0
DeFi TVL,2020-02-15,1045119349.0
DeFi TVL,2020-02-16,1041206488.0
DeFi TVL,2020-02-17,1003854491.0
DeFi TVL,2020-02-18,968978260.0
DeFi TVL,2020-02-19,1032769866.0
DeFi TVL,2020-02-20,956123481.0
DeFi TVL,2020-02-21,896019923.0
DeFi TVL,2020-02-22,914739349.0
DeFi TVL,2020-02-23,921830239.0
DeFi TVL,2020-02-24,945222348.0
DeFi TVL,2020-02-25,937314876.0
DeFi TVL,2020-02-26,895231268.0
DeFi TVL,2020-02-27,835945023.0
DeFi TVL,2020-02-28,829811516.0
DeFi TVL,2020-02-29,811948702.0
DeFi TVL,2020-03-01,828293436.0
DeFi TVL,2020-03-02,815453026.0
DeFi TVL,2020-03-03,818795704.0
DeFi TVL,2020-03-04,833516907.0
DeFi TVL,2020-03-05,813432960.0
DeFi TVL,2020-03-06,824903310.0
DeFi TVL,2020-03-07,850504891.0
DeFi TVL,2020-03-08,849998127.0
DeFi TVL,2020-03-09,781909022.0
DeFi TVL,2020-03-10,752107406.0
DeFi TVL,2020-03-11,770000473.0
DeFi TVL,2020-03-12,665641906.0
DeFi TVL,2020-03-13,525851096.0
DeFi TVL,2020-03-14,514778002.0
DeFi TVL,2020-03-15,484409708.0
DeFi TVL,2020-03-16,448184299.0
DeFi TVL,2020-03-17,434318818.0
DeFi TVL,2020-03-18,448529183.0
DeFi TVL,2020-03-19,445124343.0
DeFi TVL,2020-03-20,493642228.0
DeFi TVL,2020-03-21,517392587.0
DeFi TVL,2020-03-22,497837898.0
DeFi TVL,2020-03-23,476912091.0
DeFi TVL,2020-03-24,486317736.0
DeFi TVL,2020-03-25,526959232.0
DeFi TVL,2020-03-26,517665933.0
DeFi TVL,2020-03-27,527549814.0
DeFi TVL,2020-03-28,524942287.0
DeFi TVL,2020-03-29,509393752.0
DeFi TVL,2020-03-30,510937039.0
DeFi TVL,2020-03-31,534587501.0
DeFi TVL,2020-04-01,538376176.0
DeFi TVL,2020-04-02,538121598.0
DeFi TVL,2020-04-03,565868243.0
DeFi TVL,2020-04-04,579280022.0
DeFi TVL,2020-04-05,570503410.0
DeFi TVL,2020-04-06,578239979.0
DeFi TVL,2020-04-07,622290272.0
DeFi TVL,2020-04-08,648123516.0
DeFi TVL,2020-04-09,630582424.0
DeFi TVL,2020-04-10,612384324.0
DeFi TVL,2020-04-11,593146674.0
DeFi TVL,2020-04-12,590214308.0
DeFi TVL,2020-04-13,592889060.0
DeFi TVL,2020-04-14,585622688.0
DeFi TVL,2020-04-15,591940943.0
DeFi TVL,2020-04-16,589390639.0
DeFi TVL,2020-04-17,629864634.0
DeFi TVL,2020-04-18,631315771.0
DeFi TVL,2020-04-19,658672689.0
DeFi TVL,2020-04-20,673284351.0
DeFi TVL,2020-04-21,665322178.0
DeFi TVL,2020-04-22,648423966.0
DeFi TVL,2020-04-23,669961677.0
DeFi TVL,2020-04-24,677058240.0
DeFi TVL,2020-04-25,683790122.0
DeFi TVL,2020-04-26,697930185.0
DeFi TVL,2020-04-27,723367214.0
DeFi TVL,2020-04-28,726227203.0
DeFi TVL,2020-04-29,732488794.0
DeFi TVL,2020-04-30,772360887.0
DeFi TVL,2020-05-01,765956063.0
DeFi TVL,2020-05-02,774303515.0
DeFi TVL,2020-05-03,793233429.0
DeFi TVL,2020-05-04,786270882.0
DeFi TVL,2020-05-05,754711227.0
DeFi TVL,2020-05-06,785362345.0
DeFi TVL,2020-05-07,795877326.0
DeFi TVL,2020-05-08,789611280.0
DeFi TVL,2020-05-09,807345499.0
DeFi TVL,2020-05-10,809266700.0
DeFi TVL,2020-05-11,751449462.0
DeFi TVL,2020-05-12,734853380.0
DeFi TVL,2020-05-13,743554850.0
DeFi TVL,2020-05-14,737648893.0
DeFi TVL,2020-05-15,760291679.0
DeFi TVL,2020-05-16,748519705.0
DeFi TVL,2020-05-17,759319991.0
DeFi TVL,2020-05-18,765698808.0
DeFi TVL,2020-05-19,796586790.0
DeFi TVL,2020-05-20,848818461.0
DeFi TVL,2020-05-21,859440046.0
DeFi TVL,2020-05-22,927458857.0
DeFi TVL,2020-05-23,946957818.0
DeFi TVL,2020-05-24,964696124.0
DeFi TVL,2020-05-25,1031837852.0
DeFi TVL,2020-05-26,1015096606.0
DeFi TVL,2020-05-27,1015173402.0
DeFi TVL,2020-05-28,1016543784.0
DeFi TVL,2020-05-29,1006153995.0
DeFi TVL,2020-05-30,1039114993.0
DeFi TVL,2020-05-31,1112407974.0
DeFi TVL,2020-06-01,1121979351.0
DeFi TVL,2020-06-02,1110832737.0
DeFi TVL,2020-06-03,1143074522.0
DeFi TVL,2020-06-04,1130992824.0
DeFi TVL,2020-06-05,1160807886.0
DeFi TVL,2020-06-06,1161358494.0
DeFi TVL,2020-06-07,1161112973.0
DeFi TVL,2020-06-08,1159243363.0
DeFi TVL,2020-06-09,1180232483.0
DeFi TVL,2020-06-10,1148001962.0
DeFi TVL,2020-06-11,1149302768.0
DeFi TVL,2020-06-12,1174277595.0
DeFi TVL,2020-06-13,1172085836.0
DeFi TVL,2020-06-14,1155262998.0
DeFi TVL,2020-06-15,1122814007.0
DeFi TVL,2020-06-16,1120783231.0
DeFi TVL,2020-06-17,1261855482.0
DeFi TVL,2020-06-18,1311714166.0
DeFi TVL,2020-06-19,1402944332.0
DeFi TVL,2020-06-20,1528633518.0
DeFi TVL,2020-06-21,1622152187.0
DeFi TVL,2020-06-22,1695038718.0
DeFi TVL,2020-06-23,1724783252.0
DeFi TVL,2020-06-24,1801595304.0
DeFi TVL,2020-06-25,1850099176.0
DeFi TVL,2020-06-26,1861253613.0
DeFi TVL,2020-06-27,1877031965.0
DeFi TVL,2020-06-28,1873791062.0
DeFi TVL,2020-06-29,1888069934.0
DeFi TVL,2020-06-30,1872825126.0
DeFi TVL,2020-07-01,1878200873.0
DeFi TVL,2020-07-02,1966393615.0
DeFi TVL,2020-07-03,1986089301.0
DeFi TVL,2020-07-04,2028952412.0
DeFi TVL,2020-07-05,2080326275.0
DeFi TVL,2020-07-06,2107698948.0
DeFi TVL,2020-07-07,2186377283.0
DeFi TVL,2020-07-08,2277134110.0
DeFi TVL,2020-07-09,2344272196.0
DeFi TVL,2020-07-10,2345339281.0
DeFi TVL,2020-07-11,2335372347.0
DeFi TVL,2020-07-12,2381909438.0
DeFi TVL,2020-07-13,2405145610.0
DeFi TVL,2020-07-14,2373216308.0
DeFi TVL,2020-07-15,2399389272.0
DeFi TVL,2020-07-16,2416016932.0
DeFi TVL,2020-07-17,2466213689.0
DeFi TVL,2020-07-18,2511681996.0
DeFi TVL,2020-07-19,2556708312.0
DeFi TVL,2020-07-20,2800678652.0
DeFi TVL,2020-07-21,2953665801.0
DeFi TVL,2020-07-22,3102976230.0
DeFi TVL,2020-07-23,3210283040.0
DeFi TVL,2020-07-24,3429566186.0
DeFi TVL,2020-07-25,3465839862.0
DeFi TVL,2020-07-26,3475945440.0
DeFi TVL,2020-07-27,3406415752.0
DeFi TVL,2020-07-28,3432376503.0
DeFi TVL,2020-07-29,3407966596.0
DeFi TVL,2020-07-30,3533493546.0
DeFi TVL,2020-07-31,3634206226.0
DeFi TVL,2020-08-01,3858868761.0
DeFi TVL,2020-08-02,3884724135.0
DeFi TVL,2020-08-03,3945925232.0
DeFi TVL,2020-08-04,4072008459.0
DeFi TVL,2020-08-05,4208044914.0
DeFi TVL,2020-08-06,4254710597.0
DeFi TVL,2020-08-07,4227067054.0
DeFi TVL,2020-08-08,4253854752.0
DeFi TVL,2020-08-09,4376544143.0
DeFi TVL,2020-08-10,4519729655.0
DeFi TVL,2020-08-11,4509984761.0
DeFi TVL,2020-08-12,4528922716.0
DeFi TVL,2020-08-13,4484096235.0
DeFi TVL,2020-08-14,4698305874.0
DeFi TVL,2020-08-15,5742780537.0
DeFi TVL,2020-08-16,5875667943.0
DeFi TVL,2020-08-17,6111536223.0
DeFi TVL,2020-08-18,6254351368.0
DeFi TVL,2020-08-19,6189950089.0
DeFi TVL,2020-08-20,6271010444.0
DeFi TVL,2020-08-21,6395750615.0
DeFi TVL,2020-08-22,6251364973.0
DeFi TVL,2020-08-23,6399292944.0
DeFi TVL,2020-08-24,6418655113.0
DeFi TVL,2020-08-25,6611580781.0
DeFi TVL,2020-08-26,6753876334.0
DeFi TVL,2020-08-27,6999341442.0
DeFi TVL,2020-08-28,7091714551.0
DeFi TVL,2020-08-29,7544248432.0
DeFi TVL,2020-08-30,7806711009.0
DeFi TVL,2020-08-31,8228174281.0
DeFi TVL,2020-09-01,8619617581.0
DeFi TVL,2020-09-02,9321501521.0
DeFi TVL,2020-09-03,9181879140.0
DeFi TVL,2020-09-04,8752004396.0
DeFi TVL,2020-09-05,8786304212.0
DeFi TVL,2020-09-06,7498136402.0
DeFi TVL,2020-09-07,7714681883.0
DeFi TVL,2020-09-08,7740831221.0
DeFi TVL,2020-09-09,8714715453.0
DeFi TVL,2020-09-10,7772319558.0
DeFi TVL,2020-09-11,8847064369.0
DeFi TVL,2020-09-12,8454849375.0
DeFi TVL,2020-09-13,8001109500.0
DeFi TVL,2020-09-14,8328354871.0
DeFi TVL,2020-09-15,8473293522.0
DeFi TVL,2020-09-16,8369595591.0
DeFi TVL,2020-09-17,8072461835.0
DeFi TVL,2020-09-18,8650195635.0
DeFi TVL,2020-09-19,9191253818.0
DeFi TVL,2020-09-20,9858246700.0
DeFi TVL,2020-09-21,9986458868.0
DeFi TVL,2020-09-22,9406027133.0
DeFi TVL,2020-09-23,9413137075.0
DeFi TVL,2020-09-24,9486811132.0
DeFi TVL,2020-09-25,9781258920.0
DeFi TVL,2020-09-26,10019394216.0
DeFi TVL,2020-09-27,10276846471.0
DeFi TVL,2020-09-28,10271916300.0
DeFi TVL,2020-09-29,10345438869.0
DeFi TVL,2020-09-30,10256757533.0
DeFi TVL,2020-10-01,10190572992.0
DeFi TVL,2020-10-02,10078661384.0
DeFi TVL,2020-10-03,9788665354.0
DeFi TVL,2020-10-04,9894936139.0
DeFi TVL,2020-10-05,9857031497.0
DeFi TVL,2020-10-06,9671559620.0
DeFi TVL,2020-10-07,9234373937.0
DeFi TVL,2020-10-08,9092699354.0
DeFi TVL,2020-10-09,9353828511.0
DeFi TVL,2020-10-10,9792226455.0
DeFi TVL,2020-10-11,9880182761.0
DeFi TVL,2020-10-12,9966255179.0
DeFi TVL,2020-10-13,10029320667.0
DeFi TVL,2020-10-14,10081929020.0
DeFi TVL,2020-10-15,9979917580.0
DeFi TVL,2020-10-16,9902570708.0
DeFi TVL,2020-10-17,9737646970.0
DeFi TVL,2020-10-18,9712028610.0
DeFi TVL,2020-10-19,9814392582.0
DeFi TVL,2020-10-20,9784041481.0
DeFi TVL,2020-10-21,9605009647.0
DeFi TVL,2020-10-22,9730515858.0
DeFi TVL,2020-10-23,9944036268.0
DeFi TVL,2020-10-24,9986574050.0
DeFi TVL,2020-10-25,10096344451.0
DeFi TVL,2020-10-26,10289399500.0
DeFi TVL,2020-10-27,9830535439.0
DeFi TVL,2020-10-28,10040077206.0
DeFi TVL,2020-10-29,9994824114.0
DeFi TVL,2020-10-30,9789534527.0
DeFi TVL,2020-10-31,9714735434.0
DeFi TVL,2020-11-01,9840978865.0
DeFi TVL,2020-11-02,9850331354.0
DeFi TVL,2020-11-03,9591732249.0
DeFi TVL,2020-11-04,9580935624.0
DeFi TVL,2020-11-05,9675779610.0
DeFi TVL,2020-11-06,10056855529.0
DeFi TVL,2020-11-07,10565523972.0
DeFi TVL,2020-11-08,10592515110.0
DeFi TVL,2020-11-09,10922286132.0
DeFi TVL,2020-11-10,11308379123.0
DeFi TVL,2020-11-11,11506927867.0
DeFi TVL,2020-11-12,11733128607.0
DeFi TVL,2020-11-13,11744065494.0
DeFi TVL,2020-11-14,11946656545.0
DeFi TVL,2020-11-15,11918025210.0
DeFi TVL,2020-11-16,11930455764.0
DeFi TVL,2020-11-17,12677226520.0
DeFi TVL,2020-11-18,11624563739.0
DeFi TVL,2020-11-19,11702192623.0
DeFi TVL,2020-11-20,11926524360.0
DeFi TVL,2020-11-21,12344638379.0
DeFi TVL,2020-11-22,12426216244.0
DeFi TVL,2020-11-23,12073971309.0
DeFi TVL,2020-11-24,12591523069.0
DeFi TVL,2020-11-25,12482532945.0
DeFi TVL,2020-11-26,12121376255.0
DeFi TVL,2020-11-27,11259341655.0
DeFi TVL,2020-11-28,11280129958.0
DeFi TVL,2020-11-29,11698411338.0
DeFi TVL,2020-11-30,12380237341.0
DeFi TVL,2020-12-01,12859690941.0
DeFi TVL,2020-12-02,12822367624.0
DeFi TVL,2020-12-03,13005298235.0
DeFi TVL,2020-12-04,13006938030.0
DeFi TVL,2020-12-05,12664078066.0
DeFi TVL,2020-12-06,12977974268.0
DeFi TVL,2020-12-07,13001965425.0
DeFi TVL,2020-12-08,13020093980.0
DeFi TVL,2020-12-09,12650842499.0
DeFi TVL,2020-12-10,12650378373.0
DeFi TVL,2020-12-11,12358523980.0
DeFi TVL,2020-12-12,12275248909.0
DeFi TVL,2020-12-13,12736276562.0
DeFi TVL,2020-12-14,13014298079.0
DeFi TVL,2020-12-15,13131669107.0
DeFi TVL,2020-12-16,13379001112.0
DeFi TVL,2020-12-17,13579820712.0
DeFi TVL,2020-12-18,13950107978.0
DeFi TVL,2020-12-19,14152357535.0
DeFi TVL,2020-12-20,14302812801.0
DeFi TVL,2020-12-21,13950671588.0
DeFi TVL,2020-12-22,13755713076.0
DeFi TVL,2020-12-23,14091063229.0
DeFi TVL,2020-12-24,13766664345.0
DeFi TVL,2020-12-25,13983888979.0
DeFi TVL,2020-12-26,14529788856.0
DeFi TVL,2020-12-27,14576382908.0
DeFi TVL,2020-12-28,14819150782.0
DeFi TVL,2020-12-29,15529358579.0
DeFi TVL,2020-12-30,15247200271.0
DeFi TVL,2020-12-31,15143621387.0
DeFi TVL,2021-01-01,15331239392.0
DeFi TVL,2021-01-02,15591299800.0
DeFi TVL,2021-01-03,16214121845.0
DeFi TVL,2021-01-04,17677186292.0
DeFi TVL,2021-01-05,18930185759.0
DeFi TVL,2021-01-06,20589425585.0
DeFi TVL,2021-01-07,21354585247.0
DeFi TVL,2021-01-08,22010129551.0
DeFi TVL,2021-01-09,22200304178.0
DeFi TVL,2021-01-10,22447532642.0
DeFi TVL,2021-01-11,21929696717.0
DeFi TVL,2021-01-12,20202214971.0
DeFi TVL,2021-01-13,20845529247.0
DeFi TVL,2021-01-14,21312476375.0
DeFi TVL,2021-01-15,21558342039.0
DeFi TVL,2021-01-16,22026765353.0
DeFi TVL,2021-01-17,22443665022.0
DeFi TVL,2021-01-18,22671333424.0
DeFi TVL,2021-01-19,23296811919.0
DeFi TVL,2021-01-20,24289078073.0
DeFi TVL,2021-01-21,23101750426.0
DeFi TVL,2021-01-22,21829723345.0
DeFi TVL,2021-01-23,23000758277.0
DeFi TVL,2021-01-24,24074914577.0
DeFi TVL,2021-01-25,25493160644.0
DeFi TVL,2021-01-26,25674880297.0
DeFi TVL,2021-01-27,25220831940.0
DeFi TVL,2021-01-28,24887717571.0
DeFi TVL,2021-01-29,26269142482.0
DeFi TVL,2021-01-30,27252744767.0
DeFi TVL,2021-01-31,27130757018.0
DeFi TVL,2021-02-01,27109267608.0
DeFi TVL,2021-02-02,27888564501.0
DeFi TVL,2021-02-03,30955207856.0
DeFi TVL,2021-02-04,32932559509.0
DeFi TVL,2021-02-05,34304841966.0
DeFi TVL,2021-02-06,35716804965.0
DeFi TVL,2021-02-07,35392596883.0
DeFi TVL,2021-02-08,35702998832.0
DeFi TVL,2021-02-09,38099626760.0
DeFi TVL,2021-02-10,39643074638.0
DeFi TVL,2021-02-11,40886651706.0
DeFi TVL,2021-02-12,41886194682.0
DeFi TVL,2021-02-13,41684780963.0
DeFi TVL,2021-02-14,41412539981.0
DeFi TVL,2021-02-15,41782214628.0
DeFi TVL,2021-02-16,41581299519.0
DeFi TVL,2021-02-17,42272005078.0
DeFi TVL,2021-02-18,43232124414.0
DeFi TVL,2021-02-19,44771134181.0
DeFi TVL,2021-02-20,46707174505.0
DeFi TVL,2021-02-21,48100165971.0
DeFi TVL,2021-02-22,47683207268.0
DeFi TVL,2021-02-23,43607600318.0
DeFi TVL,2021-02-24,40169071348.0
DeFi TVL,2021-02-25,42741037454.0
DeFi TVL,2021-02-26,41913436033.0
DeFi TVL,2021-02-27,40448798498.0
DeFi TVL,2021-02-28,40295278455.0
DeFi TVL,2021-03-01,40342035655.0
DeFi TVL,2021-03-02,43117807061.0
DeFi TVL,2021-03-03,43859662635.0
DeFi TVL,2021-03-04,45205954174.0
DeFi TVL,2021-03-05,44738938984.0
DeFi TVL,2021-03-06,44309314611.0
DeFi TVL,2021-03-07,44599182640.0
DeFi TVL,2021-03-08,44256051910.0
DeFi TVL,2021-03-09,45660607197.0
DeFi TVL,2021-03-10,47542288537.0
DeFi TVL,2021-03-11,47293904604.0
DeFi TVL,2021-03-12,47850588395.0
DeFi TVL,2021-03-13,49768664773.0
DeFi TVL,2021-03-14,52142877961.0
DeFi TVL,2021-03-15,51921454844.0
DeFi TVL,2021-03-16,50167427288.0
DeFi TVL,2021-03-17,50926999704.0
DeFi TVL,2021-03-18,51998110196.0
DeFi TVL,2021-03-19,52235141670.0
DeFi TVL,2021-03-20,53632192161.0
DeFi TVL,2021-03-21,54479155631.0
DeFi TVL,2021-03-22,52878919351.0
DeFi TVL,2021-03-23,52113128909.0
DeFi TVL,2021-03-24,51290017853.0
DeFi TVL,2021-03-25,49982335420.0
DeFi TVL,2021-03-26,49361732395.0
DeFi TVL,2021-03-27,51897581351.0
DeFi TVL,2021-03-28,52592688754.0
DeFi TVL,2021-03-29,53239588669.0
DeFi TVL,2021-03-30,56027462085.0
DeFi TVL,2021-03-31,58567030106.0
DeFi TVL,2021-04-01,58995211330.0
DeFi TVL,2021-04-02,62043643380.0
DeFi TVL,2021-04-03,63919943266.0
DeFi TVL,2021-04-04,69660119238.0
DeFi TVL,2021-04-05,70551620332.0
DeFi TVL,2021-04-06,74181877659.0
DeFi TVL,2021-04-07,74587270838.0
DeFi TVL,2021-04-08,70090584433.0
DeFi TVL,2021-04-09,72989158380.0
DeFi TVL,2021-04-10,75195540947.0
DeFi TVL,2021-04-11,76764204478.0
DeFi TVL,2021-04-12,76953515244.0
DeFi TVL,2021-04-13,78319468650.0
DeFi TVL,2021-04-14,81796956625.0
DeFi TVL,2021-04-15,86449763668.0
DeFi TVL,2021-04-16,88377717696.0
DeFi TVL,2021-04-17,88308933223.0
DeFi TVL,2021-04-18,88015871459.0
DeFi TVL,2021-04-19,81152494023.0
DeFi TVL,2021-04-20,82435800031.0
DeFi TVL,2021-04-21,83897816620.0
DeFi TVL,2021-04-22,84485524198.0
DeFi TVL,2021-04-23,86331406567.0
DeFi TVL,2021-04-24,85000974551.0
DeFi TVL,2021-04-25,83610726646.0
DeFi TVL,2021-04-26,87512890195.0
DeFi TVL,2021-04-27,95367751034.0
DeFi TVL,2021-04-28,98568562281.0
DeFi TVL,2021-04-29,100939831883.0
DeFi TVL,2021-04-30,99702057713.0
DeFi TVL,2021-05-01,101632695394.0
DeFi TVL,2021-05-02,105500694309.0
DeFi TVL,2021-05-03,106932709513.0
DeFi TVL,2021-05-04,111893843032.0
DeFi TVL,2021-05-05,112930237393.0
DeFi TVL,2021-05-06,114989166586.0
DeFi TVL,2021-05-07,117758329294.0
DeFi TVL,2021-05-08,117388597016.0
DeFi TVL,2021-05-09,120716940331.0
DeFi TVL,2021-05-10,121977005444.0
DeFi TVL,2021-05-11,122137709377.0
DeFi TVL,2021-05-12,122163089054.0
DeFi TVL,2021-05-13,120503557115.0
DeFi TVL,2021-05-14,115028834349.0
DeFi TVL,2021-05-15,118816957697.0
DeFi TVL,2021-05-16,115420298183.0
DeFi TVL,2021-05-17,113252564759.0
DeFi TVL,2021-05-18,109422661667.0
DeFi TVL,2021-05-19,100925292755.0
DeFi TVL,2021-05-20,86720076497.0
DeFi TVL,2021-05-21,85598890174.0
DeFi TVL,2021-05-22,82060040890.0
DeFi TVL,2021-05-23,74583299944.0
DeFi TVL,2021-05-24,71772919052.0
DeFi TVL,2021-05-25,79438364769.0
DeFi TVL,2021-05-26,82310309388.0
DeFi TVL,2021-05-27,87105318047.0
DeFi TVL,2021-05-28,84833351679.0
DeFi TVL,2021-05-29,79384814171.0
DeFi TVL,2021-05-30,78174483180.0
DeFi TVL,2021-05-31,82617486834.0
DeFi TVL,2021-06-01,85880596669.0
DeFi TVL,2021-06-02,87542305655.0
DeFi TVL,2021-06-03,91684666397.0
DeFi TVL,2021-06-04,92793899839.0
DeFi TVL,2021-06-05,89918130105.0
DeFi TVL,2021-06-06,90562863512.0
DeFi TVL,2021-06-07,91178684092.0
DeFi TVL,2021-06-08,90461695837.0
DeFi TVL,2021-06-09,88795457803.0
DeFi TVL,2021-06-10,90347834946.0
DeFi TVL,2021-06-11,88552348232.0
DeFi TVL,2021-06-12,86473420242.0
DeFi TVL,2021-06-13,87267831564.0
DeFi TVL,2021-06-14,91577959440.0
DeFi TVL,2021-06-15,94255050236.0
DeFi TVL,2021-06-16,92361218216.0
DeFi TVL,2021-06-17,89154913460.0
DeFi TVL,2021-06-18,87234998662.0
DeFi TVL,2021-06-19,85506804998.0
DeFi TVL,2021-06-20,84729012781.0
DeFi TVL,2021-06-21,79799189806.0
DeFi TVL,2021-06-22,73606961003.0
DeFi TVL,2021-06-23,73473800249.0
DeFi TVL,2021-06-24,76110577597.0
DeFi TVL,2021-06-25,76254932946.0
DeFi TVL,2021-06-26,73960279323.0
DeFi TVL,2021-06-27,74755192771.0
DeFi TVL,2021-06-28,76788845536.0
DeFi TVL,2021-06-29,79174433347.0
DeFi TVL,2021-06-30,81399332279.0
DeFi TVL,2021-07-01,81136991618.0
DeFi TVL,2021-07-02,80943073203.0
DeFi TVL,2021-07-03,81068862638.0
DeFi TVL,2021-07-04,83806150207.0
DeFi TVL,2021-07-05,85050593764.0
DeFi TVL,2021-07-06,85471058404.0
DeFi TVL,2021-07-07,88791401718.0
DeFi TVL,2021-07-08,88373041458.0
DeFi TVL,2021-07-09,86111257818.0
DeFi TVL,2021-07-10,85910553070.0
DeFi TVL,2021-07-11,86798072882.0
DeFi TVL,2021-07-12,86471678305.0
DeFi TVL,2021-07-13,84463181856.0
DeFi TVL,2021-07-14,83161577034.0
DeFi TVL,2021-07-15,82117487276.0
DeFi TVL,2021-07-16,80571451852.0
DeFi TVL,2021-07-17,79991351733.0
DeFi TVL,2021-07-18,81025278424.0
DeFi TVL,2021-07-19,79913439827.0
DeFi TVL,2021-07-20,77600660719.0
DeFi TVL,2021-07-21,77834384196.0
DeFi TVL,2021-07-22,81821285794.0
DeFi TVL,2021-07-23,82667502770.0
DeFi TVL,2021-07-24,84739874343.0
DeFi TVL,2021-07-25,86313398945.0
DeFi TVL,2021-07-26,87808186154.0
DeFi TVL,2021-07-27,89658726037.0
DeFi TVL,2021-07-28,91067693784.0
DeFi TVL,2021-07-29,91509534449.0
DeFi TVL,2021-07-30,92905147249.0
DeFi TVL,2021-07-31,94429365713.0
DeFi TVL,2021-08-01,95492976872.0
DeFi TVL,2021-08-02,95027720656.0
DeFi TVL,2021-08-03,94514292511.0
DeFi TVL,2021-08-04,94997371940.0
DeFi TVL,2021-08-05,98314617759.0
DeFi TVL,2021-08-06,100620248526.0
DeFi TVL,2021-08-07,103207687221.0
DeFi TVL,2021-08-08,105877562721.0
DeFi TVL,2021-08-09,104908565218.0
DeFi TVL,2021-08-10,107500238144.0
DeFi TVL,2021-08-11,107300812588.0
DeFi TVL,2021-08-12,107846181487.0
DeFi TVL,2021-08-13,108380325130.0
DeFi TVL,2021-08-14,112587759615.0
DeFi TVL,2021-08-15,112827508591.0
DeFi TVL,2021-08-16,113239636445.0
DeFi TVL,2021-08-17,110684359404.0
DeFi TVL,2021-08-18,109357508320.0
DeFi TVL,2021-08-19,110937347744.0
DeFi TVL,2021-08-20,114583814826.0
DeFi TVL,2021-08-21,117222579476.0
DeFi TVL,2021-08-22,116658336557.0
DeFi TVL,2021-08-23,118332710515.0
DeFi TVL,2021-08-24,118141333433.0
DeFi TVL,2021-08-25,116525809969.0
DeFi TVL,2021-08-26,116004457276.0
DeFi TVL,2021-08-27,115729192460.0
DeFi TVL,2021-08-28,119091198603.0
DeFi TVL,2021-08-29,118629078268.0
DeFi TVL,2021-08-30,117824549290.0
DeFi TVL,2021-08-31,118092112664.0
DeFi TVL,2021-09-01,122996061327.0
DeFi TVL,2021-09-02,129524100354.0
DeFi TVL,2021-09-03,130171350458.0
DeFi TVL,2021-09-04,132367097153.0
DeFi TVL,2021-09-05,133253823109.0
DeFi TVL,2021-09-06,135153188773.0
DeFi TVL,2021-09-07,129695827907.0
DeFi TVL,2021-09-08,122754992273.0
DeFi TVL,2021-09-09,123958021883.0
DeFi TVL,2021-09-10,123750329889.0
DeFi TVL,2021-09-11,121104534384.0
DeFi TVL,2021-09-12,124390708683.0
DeFi TVL,2021-09-13,125850786276.0
DeFi TVL,2021-09-14,124551308847.0
DeFi TVL,2021-09-15,129514481707.0
DeFi TVL,2021-09-16,131765440134.0
DeFi TVL,2021-09-17,130202942998.0
DeFi TVL,2021-09-18,129319423464.0
DeFi TVL,2021-09-19,129540307067.0
DeFi TVL,2021-09-20,122152852336.0
DeFi TVL,2021-09-21,112883192373.0
DeFi TVL,2021-09-22,115426717205.0
DeFi TVL,2021-09-23,121654169073.0
DeFi TVL,2021-09-24,121391354572.0
DeFi TVL,2021-09-25,118938627043.0
DeFi TVL,2021-09-26,119221088475.0
DeFi TVL,2021-09-27,120142546959.0
DeFi TVL,2021-09-28,116845100463.0
DeFi TVL,2021-09-29,115332417039.0
DeFi TVL,2021-09-30,117920767099.0
DeFi TVL,2021-10-01,122840240151.0
DeFi TVL,2021-10-02,127844856776.0
DeFi TVL,2021-10-03,129970018522.0
DeFi TVL,2021-10-04,130388962620.0
DeFi TVL,2021-10-05,131380953221.0
DeFi TVL,2021-10-06,132998574450.0
DeFi TVL,2021-10-07,134347417713.0
DeFi TVL,2021-10-08,136731549626.0
DeFi TVL,2021-10-09,137426672339.0
DeFi TVL,2021-10-10,138359501178.0
DeFi TVL,2021-10-11,135451945126.0
DeFi TVL,2021-10-12,137612989929.0
DeFi TVL,2021-10-13,138674751566.0
DeFi TVL,2021-10-14,142028106295.0
DeFi TVL,2021-10-15,144894637874.0
DeFi TVL,2021-10-16,147392085801.0
DeFi TVL,2021-10-17,147651984390.0
DeFi TVL,2021-10-18,148036623054.0
DeFi TVL,2021-10-19,145967701193.0
DeFi TVL,2021-10-20,149243785217.0
DeFi TVL,2021-10-21,156622946347.0
DeFi TVL,2021-10-22,154212608739.0
DeFi TVL,2021-10-23,152569962444.0
DeFi TVL,2021-10-24,156691888018.0
DeFi TVL,2021-10-25,155674598845.0
DeFi TVL,2021-10-26,159621484836.0
DeFi TVL,2021-10-27,158214210305.0
DeFi TVL,2021-10-28,152409267884.0
DeFi TVL,2021-10-29,159322798801.0
DeFi TVL,2021-10-30,156958490039.0
DeFi TVL,2021-10-31,154267236142.0
DeFi TVL,2021-11-01,156675882909.0
DeFi TVL,2021-11-02,158673348529.0
DeFi TVL,2021-11-03,164592036806.0
DeFi TVL,2021-11-04,167046106857.0
DeFi TVL,2021-11-05,167332808402.0
DeFi TVL,2021-11-06,166702058317.0
DeFi TVL,2021-11-07,169008429285.0
DeFi TVL,2021-11-08,173780394903.0
DeFi TVL,2021-11-09,177484430035.0
DeFi TVL,2021-11-10,176133292796.0
DeFi TVL,2021-11-11,171586173510.0
DeFi TVL,2021-11-12,174423284300.0
DeFi TVL,2021-11-13,173510568888.0
DeFi TVL,2021-11-14,174993505179.0
DeFi TVL,2021-11-15,175766432832.0
DeFi TVL,2021-11-16,172038916517.0
DeFi TVL,2021-11-17,164752567382.0
DeFi TVL,2021-11-18,166855611027.0
DeFi TVL,2021-11-19,159160090856.0
DeFi TVL,2021-11-20,168382794939.0
DeFi TVL,2021-11-21,172453276460.0
DeFi TVL,2021-11-22,170508337233.0
DeFi TVL,2021-11-23,165863080355.0
DeFi TVL,2021-11-24,171360425638.0
DeFi TVL,2021-11-25,170603031987.0
DeFi TVL,2021-11-26,174997271760.0
DeFi TVL,2021-11-27,162584798201.0
DeFi TVL,2021-11-28,164134340773.0
DeFi TVL,2021-11-29,170240486191.0
DeFi TVL,2021-11-30,173826085673.0
DeFi TVL,2021-12-01,177082337746.0
DeFi TVL,2021-12-02,177475978249.0
DeFi TVL,2021-12-03,175465887429.0
DeFi TVL,2021-12-04,167257947667.0
DeFi TVL,2021-12-05,160834291335.0
DeFi TVL,2021-12-06,159993102098.0
DeFi TVL,2021-12-07,164378061111.0
DeFi TVL,2021-12-08,165004963695.0
DeFi TVL,2021-12-09,168042220518.0
DeFi TVL,2021-12-10,160203541737.0
DeFi TVL,2021-12-11,155305971828.0
DeFi TVL,2021-12-12,158732670352.0
DeFi TVL,2021-12-13,160315376532.0
DeFi TVL,2021-12-14,151351482585.0
DeFi TVL,2021-12-15,154126949916.0
DeFi TVL,2021-12-16,158945400183.0
DeFi TVL,2021-12-17,157789732623.0
DeFi TVL,2021-12-18,156688905764.0
DeFi TVL,2021-12-19,161092048612.0
DeFi TVL,2021-12-20,160763615775.0
DeFi TVL,2021-12-21,160763429986.0
DeFi TVL,2021-12-22,166093656393.0
DeFi TVL,2021-12-23,165919701568.0
DeFi TVL,2021-12-24,171111810671.0
DeFi TVL,2021-12-25,170415362769.0
DeFi TVL,2021-12-26,171909796600.0
DeFi TVL,2021-12-27,173472005062.0
DeFi TVL,2021-12-28,170481052251.0
DeFi TVL,2021-12-29,164786069730.0
DeFi TVL,2021-12-30,161861383040.0
DeFi TVL,2021-12-31,163262839610.0
DeFi TVL,2022-01-01,163254923278.0
DeFi TVL,2022-01-02,166627100353.0
DeFi TVL,2022-01-03,167763064064.0
DeFi TVL,2022-01-04,167890440248.0
DeFi TVL,2022-01-05,167908845700.0
DeFi TVL,2022-01-06,161483208119.0
DeFi TVL,2022-01-07,158738505009.0
DeFi TVL,2022-01-08,153985531576.0
DeFi TVL,2022-01-09,151102067394.0
DeFi TVL,2022-01-10,153052801981.0
DeFi TVL,2022-01-11,150645927233.0
DeFi TVL,2022-01-12,155401250634.0
DeFi TVL,2022-01-13,159846018261.0
DeFi TVL,2022-01-14,157471005690.0
DeFi TVL,2022-01-15,158967714302.0
DeFi TVL,2022-01-16,160459116235.0
DeFi TVL,2022-01-17,161194879286.0
DeFi TVL,2022-01-18,157060188333.0
DeFi TVL,2022-01-19,156160868279.0
DeFi TVL,2022-01-20,154731528549.0
DeFi TVL,2022-01-21,150830981922.0
DeFi TVL,2022-01-22,135259599035.0
DeFi TVL,2022-01-23,128672070664.0
DeFi TVL,2022-01-24,132117896610.0
DeFi TVL,2022-01-25,128246362202.0
DeFi TVL,2022-01-26,132496285678.0
DeFi TVL,2022-01-27,133589197129.0
DeFi TVL,2022-01-28,126343590716.0
DeFi TVL,2022-01-29,127406140388.0
DeFi TVL,2022-01-30,128874928548.0
DeFi TVL,2022-01-31,127173178518.0
DeFi TVL,2022-02-01,129864114374.0
DeFi TVL,2022-02-02,132669854315.0
DeFi TVL,2022-02-03,128991464456.0
DeFi TVL,2022-02-04,130647706158.0
DeFi TVL,2022-02-05,138375450533.0
DeFi TVL,2022-02-06,140583615320.0
DeFi TVL,2022-02-07,142527782077.0
DeFi TVL,2022-02-08,144866374232.0
DeFi TVL,2022-02-09,144798479102.0
DeFi TVL,2022-02-10,147211892089.0
DeFi TVL,2022-02-11,143371320217.0
DeFi TVL,2022-02-12,139746375936.0
DeFi TVL,2022-02-13,139714033144.0
DeFi TVL,2022-02-14,139057569225.0
DeFi TVL,2022-02-15,140052708608.0
DeFi TVL,2022-02-16,145503538206.0
DeFi TVL,2022-02-17,144632120309.0
DeFi TVL,2022-02-18,138381055831.0
DeFi TVL,2022-02-19,136539205534.0
DeFi TVL,2022-02-20,135863103538.0
DeFi TVL,2022-02-21,132907078182.0
DeFi TVL,2022-02-22,130073001446.0
DeFi TVL,2022-02-23,131867392572.0
DeFi TVL,2022-02-24,131259487421.0
DeFi TVL,2022-02-25,131344013098.0
DeFi TVL,2022-02-26,135235440932.0
DeFi TVL,2022-02-27,136346707420.0
DeFi TVL,2022-02-28,132703455875.0
DeFi TVL,2022-03-01,142145340783.0
DeFi TVL,2022-03-02,143279445359.0
DeFi TVL,2022-03-03,143486477449.0
DeFi TVL,2022-03-04,138800204470.0
DeFi TVL,2022-03-05,133729833980.0
DeFi TVL,2022-03-06,135654637325.0
DeFi TVL,2022-03-07,131571863471.0
DeFi TVL,2022-03-08,131646705884.0
DeFi TVL,2022-03-09,134185261422.0
DeFi TVL,2022-03-10,139275838027.0
DeFi TVL,2022-03-11,135814731658.0
DeFi TVL,2022-03-12,134835214105.0
DeFi TVL,2022-03-13,134919480938.0
DeFi TVL,2022-03-14,133256129986.0
DeFi TVL,2022-03-15,135512658397.0
DeFi TVL,2022-03-16,136285835511.0
DeFi TVL,2022-03-17,140697916266.0
DeFi TVL,2022-03-18,140963795836.0
DeFi TVL,2022-03-19,145210298733.0
DeFi TVL,2022-03-20,145410182437.0
DeFi TVL,2022-03-21,143437981733.0
DeFi TVL,2022-03-22,147571599654.0
DeFi TVL,2022-03-23,149377675753.0
DeFi TVL,2022-03-24,150883958062.0
DeFi TVL,2022-03-25,152116313684.0
DeFi TVL,2022-03-26,151074181894.0
DeFi TVL,2022-03-27,152940985206.0
DeFi TVL,2022-03-28,156363359901.0
DeFi TVL,2022-03-29,157880399567.0
DeFi TVL,2022-03-30,160298382775.0
DeFi TVL,2022-03-31,161416392258.0
DeFi TVL,2022-04-01,157523759496.0
DeFi TVL,2022-04-02,161713083862.0
DeFi TVL,2022-04-03,161785900203.0
DeFi TVL,2022-04-04,162888907936.0
DeFi TVL,2022-04-05,162365699533.0
DeFi TVL,2022-04-06,158550851005.0
DeFi TVL,2022-04-07,152295654844.0
DeFi TVL,2022-04-08,154614712335.0
DeFi TVL,2022-04-09,151915695029.0
DeFi TVL,2022-04-10,153456041925.0
DeFi TVL,2022-04-11,151526115022.0
DeFi TVL,2022-04-12,144277479730.0
DeFi TVL,2022-04-13,146179111667.0
DeFi TVL,2022-04-14,148411167245.0
DeFi TVL,2022-04-15,146094034980.0
DeFi TVL,2022-04-16,147118609393.0
DeFi TVL,2022-04-17,147641786004.0
DeFi TVL,2022-04-18,145154744781.0
DeFi TVL,2022-04-19,148707268866.0
DeFi TVL,2022-04-20,149680714015.0
DeFi TVL,2022-04-21,149471278679.0
DeFi TVL,2022-04-22,146750251672.0
DeFi TVL,2022-04-23,146132514168.0
DeFi TVL,2022-04-24,145633456720.0
DeFi TVL,2022-04-25,144661288041.0
DeFi TVL,2022-04-26,147975539601.0
DeFi TVL,2022-04-27,142211804376.0
DeFi TVL,2022-04-28,144363491809.0
DeFi TVL,2022-04-29,144020860709.0
DeFi TVL,2022-04-30,140389762000.0
DeFi TVL,2022-05-01,135803954502.0
DeFi TVL,2022-05-02,138165262049.0
DeFi TVL,2022-05-03,138032334605.0
DeFi TVL,2022-05-04,137915994394.0
DeFi TVL,2022-05-05,142599904881.0
DeFi TVL,2022-05-06,136840500586.0
DeFi TVL,2022-05-07,135710965333.0
DeFi TVL,2022-05-08,130651109990.0
DeFi TVL,2022-05-09,125969219332.0
DeFi TVL,2022-05-10,109577065257.0
DeFi TVL,2022-05-11,107050238144.0
DeFi TVL,2022-05-12,89972145279.0
DeFi TVL,2022-05-13,78540941679.0
DeFi TVL,2022-05-14,79104517844.0
DeFi TVL,2022-05-15,79391643233.0
DeFi TVL,2022-05-16,81336196979.0
DeFi TVL,2022-05-17,78494826652.0
DeFi TVL,2022-05-18,80128029812.0
DeFi TVL,2022-05-19,76410100595.0
DeFi TVL,2022-05-20,78577818932.0
DeFi TVL,2022-05-21,76758788918.0
DeFi TVL,2022-05-22,77338562377.0
DeFi TVL,2022-05-23,79962444989.0
DeFi TVL,2022-05-24,79075547304.0
DeFi TVL,2022-05-25,79647856279.0
DeFi TVL,2022-05-26,79696901722.0
DeFi TVL,2022-05-27,76396744010.0
DeFi TVL,2022-05-28,75027172350.0
DeFi TVL,2022-05-29,76147998529.0
DeFi TVL,2022-05-30,76411323436.0
DeFi TVL,2022-05-31,80220833202.0
DeFi TVL,2022-06-01,79780797983.0
DeFi TVL,2022-06-02,76912007718.0
DeFi TVL,2022-06-03,77393586914.0
DeFi TVL,2022-06-04,75703683452.0
DeFi TVL,2022-06-05,75349266739.0
DeFi TVL,2022-06-06,75557780436.0
DeFi TVL,2022-06-07,75923139213.0
DeFi TVL,2022-06-08,75975662422.0
DeFi TVL,2022-06-09,75551348176.0
DeFi TVL,2022-06-10,74888028918.0
DeFi TVL,2022-06-11,72037851845.0
DeFi TVL,2022-06-12,69114539604.0
DeFi TVL,2022-06-13,66209146580.0
DeFi TVL,2022-06-14,57505219764.0
DeFi TVL,2022-06-15,55659155326.0
DeFi TVL,2022-06-16,55353427983.0
DeFi TVL,2022-06-17,51615107270.0
DeFi TVL,2022-06-18,52342936796.0
DeFi TVL,2022-06-19,49592623169.0
DeFi TVL,2022-06-20,51466921304.0
DeFi TVL,2022-06-21,52155413457.0
DeFi TVL,2022-06-22,52489054118.0
DeFi TVL,2022-06-23,51950368157.0
DeFi TVL,2022-06-24,53533101346.0
DeFi TVL,2022-06-25,54737956571.0
DeFi TVL,2022-06-26,54914133988.0
DeFi TVL,2022-06-27,54065787176.0
DeFi TVL,2022-06-28,53602942502.0
DeFi TVL,2022-06-29,52498849794.0
DeFi TVL,2022-06-30,51788256871.0
DeFi TVL,2022-07-01,51319690748.0
DeFi TVL,2022-07-02,51268619258.0
DeFi TVL,2022-07-03,52325410069.0
DeFi TVL,2022-07-04,52594176480.0
DeFi TVL,2022-07-05,54033852760.0
DeFi TVL,2022-07-06,54241225326.0
DeFi TVL,2022-07-07,55076922927.0
DeFi TVL,2022-07-08,55649172104.0
DeFi TVL,2022-07-09,55483462334.0
DeFi TVL,2022-07-10,55606753756.0
DeFi TVL,2022-07-11,54430041465.0
DeFi TVL,2022-07-12,52809439598.0
DeFi TVL,2022-07-13,51649030159.0
DeFi TVL,2022-07-14,52788253883.0
DeFi TVL,2022-07-15,53966175759.0
DeFi TVL,2022-07-16,54480326450.0
DeFi TVL,2022-07-17,55810621259.0
DeFi TVL,2022-07-18,55625692625.0
DeFi TVL,2022-07-19,58973565170.0
DeFi TVL,2022-07-20,59153674658.0
DeFi TVL,2022-07-21,58466423060.0
DeFi TVL,2022-07-22,59262821713.0
DeFi TVL,2022-07-23,59188785311.0
DeFi TVL,2022-07-24,59241618513.0
DeFi TVL,2022-07-25,59838973443.0
DeFi TVL,2022-07-26,57298898903.0
DeFi TVL,2022-07-27,57166950568.0
DeFi TVL,2022-07-28,60032847182.0
DeFi TVL,2022-07-29,61735422217.0
DeFi TVL,2022-07-30,61272387025.0
DeFi TVL,2022-07-31,61344879412.0
DeFi TVL,2022-08-01,61036172721.0
DeFi TVL,2022-08-02,60465383949.0
DeFi TVL,2022-08-03,59424596788.0
DeFi TVL,2022-08-04,60121438627.0
DeFi TVL,2022-08-05,60910934957.0
DeFi TVL,2022-08-06,62005877917.0
DeFi TVL,2022-08-07,61448299598.0
DeFi TVL,2022-08-08,62564971581.0
DeFi TVL,2022-08-09,62818095839.0
DeFi TVL,2022-08-10,61075515010.0
DeFi TVL,2022-08-11,63849284965.0
DeFi TVL,2022-08-12,63633578021.0
DeFi TVL,2022-08-13,64150485886.0
DeFi TVL,2022-08-14,64304402283.0
DeFi TVL,2022-08-15,63340358999.0
DeFi TVL,2022-08-16,62670228537.0
DeFi TVL,2022-08-17,62832508280.0
DeFi TVL,2022-08-18,61693185617.0
DeFi TVL,2022-08-19,60899352386.0
DeFi TVL,2022-08-20,57841866335.0
DeFi TVL,2022-08-21,57486675175.0
DeFi TVL,2022-08-22,58348860934.0
DeFi TVL,2022-08-23,58360857281.0
DeFi TVL,2022-08-24,58559155687.0
DeFi TVL,2022-08-25,58732062226.0
DeFi TVL,2022-08-26,59116929512.0
DeFi TVL,2022-08-27,56329819110.0
DeFi TVL,2022-08-28,55997160134.0
DeFi TVL,2022-08-29,54962110996.0
DeFi TVL,2022-08-30,56594665638.0
DeFi TVL,2022-08-31,56420753103.0
DeFi TVL,2022-09-01,56083185032.0
DeFi TVL,2022-09-02,56654981616.0
DeFi TVL,2022-09-03,56538773713.0
DeFi TVL,2022-09-04,56268300084.0
DeFi TVL,2022-09-05,56231620332.0
DeFi TVL,2022-09-06,56919960809.0
DeFi TVL,2022-09-07,54474292720.0
DeFi TVL,2022-09-08,55471805637.0
DeFi TVL,2022-09-09,55490563865.0
DeFi TVL,2022-09-10,56893812017.0
DeFi TVL,2022-09-11,57612804126.0
DeFi TVL,2022-09-12,56973315354.0
DeFi TVL,2022-09-13,56495390113.0
DeFi TVL,2022-09-14,53467315583.0
DeFi TVL,2022-09-15,52445225358.0
DeFi TVL,2022-09-16,51402714036.0
DeFi TVL,2022-09-17,51674736255.0
DeFi TVL,2022-09-18,52291713971.0
DeFi TVL,2022-09-19,50813315706.0
DeFi TVL,2022-09-20,51189934528.0
DeFi TVL,2022-09-21,51041066177.0
DeFi TVL,2022-09-22,49981955926.0
DeFi TVL,2022-09-23,51643938542.0
DeFi TVL,2022-09-24,51838665045.0
DeFi TVL,2022-09-25,51649572953.0
DeFi TVL,2022-09-26,51458339533.0
DeFi TVL,2022-09-27,52204728327.0
DeFi TVL,2022-09-28,52161392337.0
DeFi TVL,2022-09-29,52400441691.0
DeFi TVL,2022-09-30,52395871663.0
DeFi TVL,2022-10-01,52302377482.0
DeFi TVL,2022-10-02,52671187980.0
DeFi TVL,2022-10-03,52160849313.0
DeFi TVL,2022-10-04,52942534690.0
DeFi TVL,2022-10-05,53436754359.0
DeFi TVL,2022-10-06,53503083193.0
DeFi TVL,2022-10-07,53378271859.0
DeFi TVL,2022-10-08,52785822101.0
DeFi TVL,2022-10-09,52554783368.0
DeFi TVL,2022-10-10,52644640234.0
DeFi TVL,2022-10-11,51951383752.0
DeFi TVL,2022-10-12,51926693231.0
DeFi TVL,2022-10-13,51601923872.0
DeFi TVL,2022-10-14,51115959817.0
DeFi TVL,2022-10-15,51095946985.0
DeFi TVL,2022-10-16,50951278196.0
DeFi TVL,2022-10-17,51370209670.0
DeFi TVL,2022-10-18,51766747276.0
DeFi TVL,2022-10-19,51325130043.0
DeFi TVL,2022-10-20,50753732892.0
DeFi TVL,2022-10-21,50203716823.0
DeFi TVL,2022-10-22,50248724914.0
DeFi TVL,2022-10-23,50366446640.0
DeFi TVL,2022-10-24,51227826185.0
DeFi TVL,2022-10-25,50649486542.0
DeFi TVL,2022-10-26,52316275776.0
DeFi TVL,2022-10-27,53564654179.0
DeFi TVL,2022-10-28,52906798458.0
DeFi TVL,2022-10-29,53455901874.0
DeFi TVL,2022-10-30,54331212106.0
DeFi TVL,2022-10-31,53986630970.0
DeFi TVL,2022-11-01,53443345809.0
DeFi TVL,2022-11-02,53273830886.0
DeFi TVL,2022-11-03,52489680114.0
DeFi TVL,2022-11-04,52853655474.0
DeFi TVL,2022-11-05,54611395078.0
DeFi TVL,2022-11-06,54493723853.0
DeFi TVL,2022-11-07,53482725058.0
DeFi TVL,2022-11-08,53274136758.0
DeFi TVL,2022-11-09,48134192394.0
DeFi TVL,2022-11-10,42712541027.0
DeFi TVL,2022-11-11,44466579457.0
DeFi TVL,2022-11-12,43489854677.0
DeFi TVL,2022-11-13,42780462192.0
DeFi TVL,2022-11-14,41909028218.0
DeFi TVL,2022-11-15,42089362609.0
DeFi TVL,2022-11-16,42405894314.0
DeFi TVL,2022-11-17,41745389998.0
DeFi TVL,2022-11-18,41855154373.0
DeFi TVL,2022-11-19,41750228403.0
DeFi TVL,2022-11-20,41495187388.0
DeFi TVL,2022-11-21,40276375191.0
DeFi TVL,2022-11-22,40026285300.0
DeFi TVL,2022-11-23,40019462784.0
DeFi TVL,2022-11-24,40548589546.0
DeFi TVL,2022-11-25,40287398534.0
DeFi TVL,2022-11-26,40235975873.0
DeFi TVL,2022-11-27,40737803462.0
DeFi TVL,2022-11-28,40485478241.0
DeFi TVL,2022-11-29,39828818256.0
DeFi TVL,2022-11-30,40847105836.0
DeFi TVL,2022-12-01,41392130781.0
DeFi TVL,2022-12-02,41444164615.0
DeFi TVL,2022-12-03,40931443635.0
DeFi TVL,2022-12-04,40910683926.0
DeFi TVL,2022-12-05,41517865709.0
DeFi TVL,2022-12-06,40991080408.0
DeFi TVL,2022-12-07,41371386697.0
DeFi TVL,2022-12-08,41338139048.0
DeFi TVL,2022-12-09,41485318291.0
DeFi TVL,2022-12-10,41449849861.0
DeFi TVL,2022-12-11,41739424627.0
DeFi TVL,2022-12-12,41287854058.0
DeFi TVL,2022-12-13,41250994436.0
DeFi TVL,2022-12-14,41364628250.0
DeFi TVL,2022-12-15,41274625578.0
DeFi TVL,2022-12-16,40614245902.0
DeFi TVL,2022-12-17,38798553752.0
DeFi TVL,2022-12-18,39018401459.0
DeFi TVL,2022-12-19,39123681746.0
DeFi TVL,2022-12-20,38509086009.0
DeFi TVL,2022-12-21,39086935648.0
DeFi TVL,2022-12-22,39073476954.0
DeFi TVL,2022-12-23,39064498652.0
DeFi TVL,2022-12-24,39005511214.0
DeFi TVL,2022-12-25,39053534472.0
DeFi TVL,2022-12-26,38674692467.0
DeFi TVL,2022-12-27,38866425924.0
DeFi TVL,2022-12-28,38661775284.0
DeFi TVL,2022-12-29,38407542009.0
DeFi TVL,2022-12-30,38400326799.0
DeFi TVL,2022-12-31,38288239989.0
DeFi TVL,2023-01-01,37829793308.0
DeFi TVL,2023-01-02,38110164821.0
DeFi TVL,2023-01-03,38311992640.0
DeFi TVL,2023-01-04,38351600789.0
DeFi TVL,2023-01-05,38991377243.0
DeFi TVL,2023-01-06,38877428479.0
DeFi TVL,2023-01-07,38958681021.0
DeFi TVL,2023-01-08,39059741867.0
DeFi TVL,2023-01-09,39790858629.0
DeFi TVL,2023-01-10,40144544880.0
DeFi TVL,2023-01-11,40341462192.0
DeFi TVL,2023-01-12,41421048745.0
DeFi TVL,2023-01-13,41681982578.0
DeFi TVL,2023-01-14,43849518148.0
DeFi TVL,2023-01-15,43832262452.0
DeFi TVL,2023-01-16,44211522758.0
DeFi TVL,2023-01-17,44251272851.0
DeFi TVL,2023-01-18,44395950088.0
DeFi TVL,2023-01-19,43424738535.0
DeFi TVL,2023-01-20,44106885868.0
DeFi TVL,2023-01-21,46116919548.0
DeFi TVL,2023-01-22,45982084502.0
DeFi TVL,2023-01-23,46078757084.0
DeFi TVL,2023-01-24,46336844790.0
DeFi TVL,2023-01-25,45611038582.0
DeFi TVL,2023-01-26,46800498463.0
DeFi TVL,2023-01-27,46507707762.0
DeFi TVL,2023-01-28,46994449353.0
DeFi TVL,2023-01-29,46839872353.0
DeFi TVL,2023-01-30,47794347449.0
DeFi TVL,2023-01-31,46304324254.0
DeFi TVL,2023-02-01,46768711351.0
DeFi TVL,2023-02-02,48473632845.0
DeFi TVL,2023-02-03,48041244317.0
DeFi TVL,2023-02-04,48249049120.0
DeFi TVL,2023-02-05,48182484371.0
DeFi TVL,2023-02-06,47766622593.0
DeFi TVL,2023-02-07,47564048201.0
DeFi TVL,2023-02-08,48737422542.0
DeFi TVL,2023-02-09,48261021642.0
DeFi TVL,2023-02-10,46166303789.0
DeFi TVL,2023-02-11,45962382763.0
DeFi TVL,2023-02-12,46466617377.0
DeFi TVL,2023-02-13,46226111244.0
DeFi TVL,2023-02-14,45877360197.0
DeFi TVL,2023-02-15,46664603028.0
DeFi TVL,2023-02-16,49382201426.0
DeFi TVL,2023-02-17,48492177192.0
DeFi TVL,2023-02-18,49791248446.0
DeFi TVL,2023-02-19,50091918519.0
DeFi TVL,2023-02-20,49805107643.0
DeFi TVL,2023-02-21,50458989077.0
DeFi TVL,2023-02-22,49428948146.0
DeFi TVL,2023-02-23,49179757666.0
DeFi TVL,2023-02-24,49204757706.0
DeFi TVL,2023-02-25,48249281547.0
DeFi TVL,2023-02-26,47982974750.0
DeFi TVL,2023-02-27,48994093569.0
DeFi TVL,2023-02-28,48999154018.0
DeFi TVL,2023-03-01,48681454178.0
DeFi TVL,2023-03-02,49560700716.0
DeFi TVL,2023-03-03,49180644869.0
DeFi TVL,2023-03-04,47679836989.0
DeFi TVL,2023-03-05,47593363021.0
DeFi TVL,2023-03-06,47671586657.0
DeFi TVL,2023-03-07,47606805076.0
DeFi TVL,2023-03-08,47400353367.0
DeFi TVL,2023-03-09,46447308794.0
DeFi TVL,2023-03-10,44223627066.0
DeFi TVL,2023-03-11,43815315154.0
DeFi TVL,2023-03-12,42178779721.0
DeFi TVL,2023-03-13,45562901589.0
DeFi TVL,2023-03-14,46456015841.0
DeFi TVL,2023-03-15,46902140462.0
DeFi TVL,2023-03-16,45752624348.0
DeFi TVL,2023-03-17,45655156374.0
DeFi TVL,2023-03-18,48139851898.0
DeFi TVL,2023-03-19,47953194447.0
DeFi TVL,2023-03-20,48127941787.0
DeFi TVL,2023-03-21,48107053113.0
DeFi TVL,2023-03-22,48907741180.0
DeFi TVL,2023-03-23,48075343298.0
DeFi TVL,2023-03-24,49094411512.0
DeFi TVL,2023-03-25,48059943377.0
DeFi TVL,2023-03-26,47963636421.0
DeFi TVL,2023-03-27,48242956545.0
DeFi TVL,2023-03-28,47322084232.0
DeFi TVL,2023-03-29,47845322562.0
DeFi TVL,2023-03-30,48489974948.0
DeFi TVL,2023-03-31,48633986152.0
DeFi TVL,2023-04-01,48998007037.0
DeFi TVL,2023-04-02,48957808003.0
DeFi TVL,2023-04-03,48498232292.0
DeFi TVL,2023-04-04,48612992758.0
DeFi TVL,2023-04-05,49831954834.0
DeFi TVL,2023-04-06,49672636933.0
DeFi TVL,2023-04-07,49493774782.0
DeFi TVL,2023-04-08,49216666363.0
DeFi TVL,2023-04-09,49290121623.0
DeFi TVL,2023-04-10,49420560977.0
DeFi TVL,2023-04-11,50241333789.0
DeFi TVL,2023-04-12,50054384848.0
DeFi TVL,2023-04-13,50081294127.0
DeFi TVL,2023-04-14,52315878334.0
DeFi TVL,2023-04-15,52453391737.0
DeFi TVL,2023-04-16,52514937812.0
DeFi TVL,2023-04-17,52183862766.0
DeFi TVL,2023-04-18,51408031124.0
DeFi TVL,2023-04-19,52105343097.0
DeFi TVL,2023-04-20,49768771825.0
DeFi TVL,2023-04-21,49238478920.0
DeFi TVL,2023-04-22,47670382500.0
DeFi TVL,2023-04-23,47753584656.0
DeFi TVL,2023-04-24,47721159767.0
DeFi TVL,2023-04-25,47263239296.0
DeFi TVL,2023-04-26,47853593225.0
DeFi TVL,2023-04-27,48481137154.0
DeFi TVL,2023-04-28,48525800033.0
DeFi TVL,2023-04-29,48209718840.0
DeFi TVL,2023-04-30,48431808766.0
DeFi TVL,2023-05-01,48030262028.0
DeFi TVL,2023-05-02,46911448127.0
DeFi TVL,2023-05-03,47492705239.0
DeFi TVL,2023-05-04,48222870237.0
DeFi TVL,2023-05-05,48050891109.0
DeFi TVL,2023-05-06,49695312963.0
DeFi TVL,2023-05-07,48400924754.0
DeFi TVL,2023-05-08,47928000076.0
DeFi TVL,2023-05-09,46680289178.0
DeFi TVL,2023-05-10,46831310408.0
DeFi TVL,2023-05-11,46573503994.0
DeFi TVL,2023-05-12,45857370664.0
DeFi TVL,2023-05-13,45857019763.0
DeFi TVL,2023-05-14,45778454235.0
DeFi TVL,2023-05-15,45725032914.0
DeFi TVL,2023-05-16,46233654152.0
DeFi TVL,2023-05-17,46277887625.0
DeFi TVL,2023-05-18,46399586403.0
DeFi TVL,2023-05-19,46124364781.0
DeFi TVL,2023-05-20,46218973242.0
DeFi TVL,2023-05-21,46688807934.0
DeFi TVL,2023-05-22,46261201289.0
DeFi TVL,2023-05-23,46617792226.0
DeFi TVL,2023-05-24,47181171665.0
DeFi TVL,2023-05-25,45879386821.0
DeFi TVL,2023-05-26,45920286380.0
DeFi TVL,2023-05-27,46216424064.0
DeFi TVL,2023-05-28,46504436673.0
DeFi TVL,2023-05-29,47647956580.0
DeFi TVL,2023-05-30,47111965729.0
DeFi TVL,2023-05-31,47072193506.0
DeFi TVL,2023-06-01,45784716804.0
DeFi TVL,2023-06-02,45664463217.0
DeFi TVL,2023-06-03,46497537227.0
DeFi TVL,2023-06-04,46284987818.0
DeFi TVL,2023-06-05,46234321808.0
DeFi TVL,2023-06-06,44526358065.0
DeFi TVL,2023-06-07,45687655345.0
DeFi TVL,2023-06-08,44467563160.0
DeFi TVL,2023-06-09,44539916761.0
DeFi TVL,2023-06-10,43991160122.0
DeFi TVL,2023-06-11,42127182672.0
DeFi TVL,2023-06-12,42126400247.0
DeFi TVL,2023-06-13,41875716983.0
DeFi TVL,2023-06-14,42083082986.0
DeFi TVL,2023-06-15,40658021768.0
DeFi TVL,2023-06-16,40608157643.0
DeFi TVL,2023-06-17,41345450015.0
DeFi TVL,2023-06-18,41646940315.0
DeFi TVL,2023-06-19,41564942281.0
DeFi TVL,2023-06-20,41830811229.0
DeFi TVL,2023-06-21,43096447145.0
DeFi TVL,2023-06-22,44629978372.0
DeFi TVL,2023-06-23,44137403986.0
DeFi TVL,2023-06-24,44384875740.0
DeFi TVL,2023-06-25,44174478459.0
DeFi TVL,2023-06-26,44512214284.0
DeFi TVL,2023-06-27,44127132799.0
DeFi TVL,2023-06-28,44254662395.0
DeFi TVL,2023-06-29,43416239878.0
DeFi TVL,2023-06-30,43896309235.0
DeFi TVL,2023-07-01,45003177481.0
DeFi TVL,2023-07-02,44923236725.0
DeFi TVL,2023-07-03,45075186738.0
DeFi TVL,2023-07-04,45317722344.0
DeFi TVL,2023-07-05,44999110819.0
DeFi TVL,2023-07-06,44478939166.0
DeFi TVL,2023-07-07,43526057170.0
DeFi TVL,2023-07-08,43959527377.0
DeFi TVL,2023-07-09,44012627214.0
DeFi TVL,2023-07-10,43924900999.0
DeFi TVL,2023-07-11,44042712414.0
DeFi TVL,2023-07-12,44181420373.0
DeFi TVL,2023-07-13,43969821038.0
DeFi TVL,2023-07-14,45707791224.0
DeFi TVL,2023-07-15,44635634561.0
DeFi TVL,2023-07-16,44791363962.0
DeFi TVL,2023-07-17,44538645198.0
DeFi TVL,2023-07-18,44426931155.0
DeFi TVL,2023-07-19,44075879185.0
DeFi TVL,2023-07-20,43803083985.0
DeFi TVL,2023-07-21,43825363933.0
DeFi TVL,2023-07-22,43881266949.0
DeFi TVL,2023-07-23,43357544068.0
DeFi TVL,2023-07-24,43685895376.0
DeFi TVL,2023-07-25,42795091238.0
DeFi TVL,2023-07-26,42766133653.0
DeFi TVL,2023-07-27,42985651165.0
DeFi TVL,2023-07-28,42956004398.0
DeFi TVL,2023-07-29,43254748539.0
DeFi TVL,2023-07-30,43562874589.0
DeFi TVL,2023-07-31,41302234908.0
DeFi TVL,2023-08-01,40619656978.0
DeFi TVL,2023-08-02,40246386452.0
DeFi TVL,2023-08-03,39811328534.0
DeFi TVL,2023-08-04,40266100029.0
DeFi TVL,2023-08-05,40217550758.0
DeFi TVL,2023-08-06,40338843032.0
DeFi TVL,2023-08-07,40417162932.0
DeFi TVL,2023-08-08,40735833409.0
DeFi TVL,2023-08-09,41240246912.0
DeFi TVL,2023-08-10,41246088560.0
DeFi TVL,2023-08-11,41529147376.0
DeFi TVL,2023-08-12,41685135421.0
DeFi TVL,2023-08-13,41704777551.0
DeFi TVL,2023-08-14,41572537136.0
DeFi TVL,2023-08-15,41582208061.0
DeFi TVL,2023-08-16,41009361548.0
DeFi TVL,2023-08-17,40091902420.0
DeFi TVL,2023-08-18,38411020899.0
DeFi TVL,2023-08-19,38082309825.0
DeFi TVL,2023-08-20,38241693847.0
DeFi TVL,2023-08-21,38068485233.0
DeFi TVL,2023-08-22,37887603106.0
DeFi TVL,2023-08-23,37404281140.0
DeFi TVL,2023-08-24,38126593435.0
DeFi TVL,2023-08-25,37852602421.0
DeFi TVL,2023-08-26,37649720914.0
DeFi TVL,2023-08-27,37613179318.0
DeFi TVL,2023-08-28,37843977163.0
DeFi TVL,2023-08-29,37852444398.0
DeFi TVL,2023-08-30,39005607103.0
DeFi TVL,2023-08-31,38498038873.0
DeFi TVL,2023-09-01,37626447375.0
DeFi TVL,2023-09-02,37468562213.0
DeFi TVL,2023-09-03,37565788655.0
DeFi TVL,2023-09-04,37656072743.0
DeFi TVL,2023-09-05,37483347532.0
DeFi TVL,2023-09-06,37719360797.0
DeFi TVL,2023-09-07,37596653344.0
DeFi TVL,2023-09-08,37970951585.0
DeFi TVL,2023-09-09,37666961864.0
DeFi TVL,2023-09-10,37600902151.0
DeFi TVL,2023-09-11,37337933631.0
DeFi TVL,2023-09-12,36247148424.0
DeFi TVL,2023-09-13,36931591865.0
DeFi TVL,2023-09-14,37261660102.0
DeFi TVL,2023-09-15,37560044074.0
DeFi TVL,2023-09-16,38721637477.0
DeFi TVL,2023-09-17,38500645889.0
DeFi TVL,2023-09-18,38300225863.0
DeFi TVL,2023-09-19,38517878335.0
DeFi TVL,2023-09-20,38740059849.0
DeFi TVL,2023-09-21,38435036231.0
DeFi TVL,2023-09-22,37729499606.0
DeFi TVL,2023-09-23,37917617987.0
DeFi TVL,2023-09-24,37838244130.0
DeFi TVL,2023-09-25,37456354470.0
DeFi TVL,2023-09-26,37675048353.0
DeFi TVL,2023-09-27,37694990010.0
DeFi TVL,2023-09-28,37703503919.0
DeFi TVL,2023-09-29,38430081432.0
DeFi TVL,2023-09-30,38536705673.0
DeFi TVL,2023-10-01,38544087299.0
DeFi TVL,2023-10-02,39502757666.0
DeFi TVL,2023-10-03,38617536018.0
DeFi TVL,2023-10-04,38324463177.0
DeFi TVL,2023-10-05,38507089941.0
DeFi TVL,2023-10-06,38150381424.0
DeFi TVL,2023-10-07,38541829409.0
DeFi TVL,2023-10-08,38467311827.0
DeFi TVL,2023-10-09,38265594828.0
DeFi TVL,2023-10-10,37509782759.0
DeFi TVL,2023-10-11,36889980759.0
DeFi TVL,2023-10-12,36574141899.0
DeFi TVL,2023-10-13,36030734819.0
DeFi TVL,2023-10-14,36578883641.0
DeFi TVL,2023-10-15,36621876095.0
DeFi TVL,2023-10-16,36655294238.0
DeFi TVL,2023-10-17,37289384666.0
DeFi TVL,2023-10-18,36868261416.0
DeFi TVL,2023-10-19,36525004557.0
DeFi TVL,2023-10-20,36763380275.0
DeFi TVL,2023-10-21,37385545160.0
DeFi TVL,2023-10-22,38048415076.0
DeFi TVL,2023-10-23,38698740749.0
DeFi TVL,2023-10-24,40784520741.0
DeFi TVL,2023-10-25,40672064970.0
DeFi TVL,2023-10-26,41101017761.0
DeFi TVL,2023-10-27,41079803791.0
DeFi TVL,2023-10-28,40740996698.0
DeFi TVL,2023-10-29,41222232261.0
DeFi TVL,2023-10-30,41629634011.0
DeFi TVL,2023-10-31,42266035285.0
DeFi TVL,2023-11-01,41935647811.0
DeFi TVL,2023-11-02,42850327518.0
DeFi TVL,2023-11-03,42077810579.0
DeFi TVL,2023-11-04,42897128332.0
DeFi TVL,2023-11-05,43669011797.0
DeFi TVL,2023-11-06,43626219934.0
DeFi TVL,2023-11-07,43828535477.0
DeFi TVL,2023-11-08,43832024674.0
DeFi TVL,2023-11-09,44346281901.0
DeFi TVL,2023-11-10,46636325243.0
DeFi TVL,2023-11-11,46717130365.0
DeFi TVL,2023-11-12,46524641238.0
DeFi TVL,2023-11-13,46729683853.0
DeFi TVL,2023-11-14,45946117355.0
DeFi TVL,2023-11-15,45479320204.0
DeFi TVL,2023-11-16,47197230727.0
DeFi TVL,2023-11-17,45465310529.0
DeFi TVL,2023-11-18,45576021969.0
DeFi TVL,2023-11-19,45777302768.0
DeFi TVL,2023-11-20,46775085431.0
DeFi TVL,2023-11-21,46794700737.0
DeFi TVL,2023-11-22,44840976059.0
DeFi TVL,2023-11-23,46755855256.0
DeFi TVL,2023-11-24,46761286099.0
DeFi TVL,2023-11-25,47049347115.0
DeFi TVL,2023-11-26,46919551306.0
DeFi TVL,2023-11-27,46177917255.0
DeFi TVL,2023-11-28,45617013456.0
DeFi TVL,2023-11-29,46107141724.0
DeFi TVL,2023-11-30,45921173909.0
DeFi TVL,2023-12-01,46223554821.0
DeFi TVL,2023-12-02,46809535411.0
DeFi TVL,2023-12-03,48079298011.0
DeFi TVL,2023-12-04,48561690964.0
DeFi TVL,2023-12-05,49181623184.0
DeFi TVL,2023-12-06,50310708483.0
DeFi TVL,2023-12-07,49492402928.0
DeFi TVL,2023-12-08,50982721106.0
DeFi TVL,2023-12-09,51789657206.0
DeFi TVL,2023-12-10,51352091190.0
DeFi TVL,2023-12-11,50923962753.0
DeFi TVL,2023-12-12,49652738886.0
DeFi TVL,2023-12-13,49388087784.0
DeFi TVL,2023-12-14,50578655736.0
DeFi TVL,2023-12-15,51752628685.0
DeFi TVL,2023-12-16,50001376916.0
DeFi TVL,2023-12-17,50301910309.0
DeFi TVL,2023-12-18,49780353086.0
DeFi TVL,2023-12-19,50800885433.0
DeFi TVL,2023-12-20,50296616521.0
DeFi TVL,2023-12-21,51354669750.0
DeFi TVL,2023-12-22,52013300821.0
DeFi TVL,2023-12-23,52984428193.0
DeFi TVL,2023-12-24,53075665880.0
DeFi TVL,2023-12-25,52676476384.0
DeFi TVL,2023-12-26,52904323566.0
DeFi TVL,2023-12-27,52190511993.0
DeFi TVL,2023-12-28,54143063215.0
DeFi TVL,2023-12-29,53384952309.0
DeFi TVL,2023-12-30,52719076445.0
DeFi TVL,2023-12-31,52780988017.0
DeFi TVL,2024-01-01,52569922575.0
DeFi TVL,2024-01-02,54739832965.0
DeFi TVL,2024-01-03,54600450960.0
DeFi TVL,2024-01-04,52051442187.0
DeFi TVL,2024-01-05,53561489936.0
DeFi TVL,2024-01-06,53206510021.0
DeFi TVL,2024-01-07,52767617444.0
DeFi TVL,2024-01-08,52022914635.0
DeFi TVL,2024-01-09,54019951712.0
DeFi TVL,2024-01-10,54155314789.0
DeFi TVL,2024-01-11,57331770841.0
DeFi TVL,2024-01-12,57712227868.0
DeFi TVL,2024-01-13,55511817274.0
DeFi TVL,2024-01-14,56329558142.0
DeFi TVL,2024-01-15,55570947224.0
DeFi TVL,2024-01-16,55839582250.0
DeFi TVL,2024-01-17,56645187129.0
DeFi TVL,2024-01-18,55977905750.0
DeFi TVL,2024-01-19,54864236237.0
DeFi TVL,2024-01-20,55038450948.0
DeFi TVL,2024-01-21,55016635674.0
DeFi TVL,2024-01-22,54854342362.0
DeFi TVL,2024-01-23,52857024668.0
DeFi TVL,2024-01-24,52233893760.0
DeFi TVL,2024-01-25,52422990908.0
DeFi TVL,2024-01-26,52433138181.0
DeFi TVL,2024-01-27,53784808097.0
DeFi TVL,2024-01-28,54024653461.0
DeFi TVL,2024-01-29,53975774536.0
DeFi TVL,2024-01-30,55140285984.0
DeFi TVL,2024-01-31,54972620093.0
DeFi TVL,2024-02-01,53849184340.0
DeFi TVL,2024-02-02,54642616467.0
DeFi TVL,2024-02-03,54967936128.0
DeFi TVL,2024-02-04,54495363369.0
DeFi TVL,2024-02-05,54406562994.0
DeFi TVL,2024-02-06,55885799782.0
DeFi TVL,2024-02-07,57604810493.0
DeFi TVL,2024-02-08,58970825210.0
DeFi TVL,2024-02-09,60066448501.0
DeFi TVL,2024-02-10,61936761346.0
DeFi TVL,2024-02-11,62156881031.0
DeFi TVL,2024-02-12,62367305351.0
DeFi TVL,2024-02-13,64857694076.0
DeFi TVL,2024-02-14,64372390497.0
DeFi TVL,2024-02-15,67080476979.0
DeFi TVL,2024-02-16,67228259060.0
DeFi TVL,2024-02-17,66918338577.0
DeFi TVL,2024-02-18,66903314998.0
DeFi TVL,2024-02-19,68519636176.0
DeFi TVL,2024-02-20,69691737845.0
DeFi TVL,2024-02-21,70291354475.0
DeFi TVL,2024-02-22,69652834836.0
DeFi TVL,2024-02-23,69762113562.0
DeFi TVL,2024-02-24,68811978942.0
DeFi TVL,2024-02-25,70095375513.0
DeFi TVL,2024-02-26,71617645464.0
DeFi TVL,2024-02-27,73797670194.0
DeFi TVL,2024-02-28,75271324432.0
DeFi TVL,2024-02-29,78416406898.0
DeFi TVL,2024-03-01,78112200312.0
DeFi TVL,2024-03-02,80464424763.0
DeFi TVL,2024-03-03,80519296704.0
DeFi TVL,2024-03-04,81999735608.0
DeFi TVL,2024-03-05,84467363525.0
DeFi TVL,2024-03-06,82263738823.0
DeFi TVL,2024-03-07,87550638573.0
DeFi TVL,2024-03-08,88362411613.0
DeFi TVL,2024-03-09,89772749881.0
DeFi TVL,2024-03-10,90371669216.0
DeFi TVL,2024-03-11,90261833160.0
DeFi TVL,2024-03-12,94304464071.0
DeFi TVL,2024-03-13,92755486318.0
DeFi TVL,2024-03-14,94179942390.0
DeFi TVL,2024-03-15,92139917497.0
DeFi TVL,2024-03-16,89889596004.0
DeFi TVL,2024-03-17,85378855328.0
DeFi TVL,2024-03-18,88359262967.0
DeFi TVL,2024-03-19,86075790892.0
DeFi TVL,2024-03-20,79395537233.0
DeFi TVL,2024-03-21,87054881191.0
DeFi TVL,2024-03-22,86266532797.0
DeFi TVL,2024-03-23,83623960322.0
DeFi TVL,2024-03-24,84830835946.0
DeFi TVL,2024-03-25,87424626881.0
DeFi TVL,2024-03-26,90875160633.0
DeFi TVL,2024-03-27,91008241715.0
DeFi TVL,2024-03-28,89632440929.0
DeFi TVL,2024-03-29,91352145840.0
DeFi TVL,2024-03-30,90721865591.0
DeFi TVL,2024-03-31,90663152451.0
DeFi TVL,2024-04-01,92951568657.0
DeFi TVL,2024-04-02,90648962188.0
DeFi TVL,2024-04-03,86475348500.0
DeFi TVL,2024-04-04,87250997230.0
DeFi TVL,2024-04-05,87946968809.0
DeFi TVL,2024-04-06,87774780217.0
DeFi TVL,2024-04-07,88785213449.0
DeFi TVL,2024-04-08,90127937573.0
DeFi TVL,2024-04-09,95042359731.0
DeFi TVL,2024-04-10,91903849543.0
DeFi TVL,2024-04-11,92822968459.0
DeFi TVL,2024-04-12,93371175617.0
DeFi TVL,2024-04-13,85811757818.0
DeFi TVL,2024-04-14,79026986813.0
DeFi TVL,2024-04-15,83468036129.0
DeFi TVL,2024-04-16,83152137651.0
DeFi TVL,2024-04-17,82215005416.0
DeFi TVL,2024-04-18,80546437319.0
DeFi TVL,2024-04-19,82518073810.0
DeFi TVL,2024-04-20,83267528413.0
DeFi TVL,2024-04-21,85612046512.0
DeFi TVL,2024-04-22,85811902609.0
DeFi TVL,2024-04-23,87221099300.0
DeFi TVL,2024-04-24,87731003522.0
DeFi TVL,2024-04-25,85257676953.0
DeFi TVL,2024-04-26,85878123199.0
DeFi TVL,2024-04-27,85009789566.0
DeFi TVL,2024-04-28,87002115117.0
DeFi TVL,2024-04-29,87331272153.0
DeFi TVL,2024-04-30,85652768585.0
DeFi TVL,2024-05-01,81123250556.0
DeFi TVL,2024-05-02,81008947289.0
DeFi TVL,2024-05-03,82248051717.0
DeFi TVL,2024-05-04,85525178147.0
DeFi TVL,2024-05-05,86220565066.0
DeFi TVL,2024-05-06,86880581265.0
DeFi TVL,2024-05-07,85516506559.0
DeFi TVL,2024-05-08,84447249769.0
DeFi TVL,2024-05-09,82856466121.0
DeFi TVL,2024-05-10,84432852899.0
DeFi TVL,2024-05-11,82154589373.0
DeFi TVL,2024-05-12,82444407457.0
DeFi TVL,2024-05-13,82847459483.0
DeFi TVL,2024-05-14,82942287358.0
DeFi TVL,2024-05-15,81495156571.0
DeFi TVL,2024-05-16,85204917018.0
DeFi TVL,2024-05-17,84396942308.0
DeFi TVL,2024-05-18,87357870059.0
DeFi TVL,2024-05-19,87970652349.0
DeFi TVL,2024-05-20,87045649317.0
DeFi TVL,2024-05-21,96831264752.0
DeFi TVL,2024-05-22,98405643917.0
DeFi TVL,2024-05-23,98665462655.0
DeFi TVL,2024-05-24,97939819480.0
DeFi TVL,2024-05-25,97909144463.0
DeFi TVL,2024-05-26,98470528244.0
DeFi TVL,2024-05-27,100013414452.0
DeFi TVL,2024-05-28,100620870128.0
DeFi TVL,2024-05-29,99592009714.0
DeFi TVL,2024-05-30,98290181864.0
DeFi TVL,2024-05-31,98128321333.0
DeFi TVL,2024-06-01,98925306970.0
DeFi TVL,2024-06-02,99708475126.0
DeFi TVL,2024-06-03,99440047044.0
DeFi TVL,2024-06-04,99290764051.0
DeFi TVL,2024-06-05,100838261786.0
DeFi TVL,2024-06-06,102051475506.0
DeFi TVL,2024-06-07,101292196926.0
DeFi TVL,2024-06-08,98753753434.0
DeFi TVL,2024-06-09,98186872832.0
DeFi TVL,2024-06-10,98620240939.0
DeFi TVL,2024-06-11,97166502338.0
DeFi TVL,2024-06-12,94585843883.0
DeFi TVL,2024-06-13,96172308357.0
DeFi TVL,2024-06-14,94277102888.0
DeFi TVL,2024-06-15,93872827704.0
DeFi TVL,2024-06-16,95246914652.0
DeFi TVL,2024-06-17,96058196946.0
DeFi TVL,2024-06-18,93922208129.0
DeFi TVL,2024-06-19,92800389028.0
DeFi TVL,2024-06-20,93830560469.0
DeFi TVL,2024-06-21,92089804257.0
DeFi TVL,2024-06-22,92412355669.0
DeFi TVL,2024-06-23,92642587711.0
DeFi TVL,2024-06-24,90270034274.0
DeFi TVL,2024-06-25,88937238887.0
DeFi TVL,2024-06-26,90597010710.0
DeFi TVL,2024-06-27,89869925692.0
DeFi TVL,2024-06-28,90917077368.0
DeFi TVL,2024-06-29,89139938654.0
DeFi TVL,2024-06-30,89394706583.0
DeFi TVL,2024-07-01,91067045155.0
DeFi TVL,2024-07-02,91588027351.0
DeFi TVL,2024-07-03,90601896388.0
DeFi TVL,2024-07-04,88077074620.0
DeFi TVL,2024-07-05,83742013470.0
DeFi TVL,2024-07-06,82143207609.0
DeFi TVL,2024-07-07,83283798693.0
DeFi TVL,2024-07-08,80675210311.0
DeFi TVL,2024-07-09,82705367304.0
DeFi TVL,2024-07-10,83791738502.0
DeFi TVL,2024-07-11,84464984967.0
DeFi TVL,2024-07-12,84614102692.0
DeFi TVL,2024-07-13,85096860778.0
DeFi TVL,2024-07-14,86345417105.0
DeFi TVL,2024-07-15,88669544657.0
DeFi TVL,2024-07-16,91728656490.0
DeFi TVL,2024-07-17,92574023739.0
DeFi TVL,2024-07-18,91813424215.0
DeFi TVL,2024-07-19,91667286626.0
DeFi TVL,2024-07-20,94274256336.0
DeFi TVL,2024-07-21,94738350646.0
DeFi TVL,2024-07-22,95233815057.0
DeFi TVL,2024-07-23,94328246765.0
DeFi TVL,2024-07-24,94157909912.0
DeFi TVL,2024-07-25,91280937388.0
DeFi TVL,2024-07-26,89730966639.0
DeFi TVL,2024-07-27,92216458318.0
DeFi TVL,2024-07-28,92479263256.0
DeFi TVL,2024-07-29,92638217187.0
DeFi TVL,2024-07-30,93379153304.0
DeFi TVL,2024-07-31,91965298092.0
DeFi TVL,2024-08-01,90331224693.0
DeFi TVL,2024-08-02,89347480044.0
DeFi TVL,2024-08-03,85083917569.0
DeFi TVL,2024-08-04,82817842798.0
DeFi TVL,2024-08-05,77037909275.0
DeFi TVL,2024-08-06,72850616935.0
DeFi TVL,2024-08-07,75229964421.0
DeFi TVL,2024-08-08,72967230587.0
DeFi TVL,2024-08-09,78708001044.0
DeFi TVL,2024-08-10,78952836023.0
DeFi TVL,2024-08-11,79339980919.0
DeFi TVL,2024-08-12,77309080887.0
DeFi TVL,2024-08-13,79043840381.0
DeFi TVL,2024-08-14,80561511224.0
DeFi TVL,2024-08-15,78737357221.0
DeFi TVL,2024-08-16,77788313675.0
DeFi TVL,2024-08-17,78739995931.0
DeFi TVL,2024-08-18,79001022722.0
DeFi TVL,2024-08-19,79625512571.0
DeFi TVL,2024-08-20,79606666665.0
DeFi TVL,2024-08-21,79407007063.0
DeFi TVL,2024-08-22,80949131128.0
DeFi TVL,2024-08-23,80663556501.0
DeFi TVL,2024-08-24,84718411822.0
DeFi TVL,2024-08-25,84394808460.0
DeFi TVL,2024-08-26,84824290640.0
DeFi TVL,2024-08-27,82770030684.0
DeFi TVL,2024-08-28,77944311009.0
DeFi TVL,2024-08-29,78406126691.0
DeFi TVL,2024-08-30,78436254609.0
DeFi TVL,2024-08-31,78283887562.0
DeFi TVL,2024-09-01,78067541889.0
DeFi TVL,2024-09-02,76380082510.0
DeFi TVL,2024-09-03,78471912945.0
DeFi TVL,2024-09-04,76474142435.0
DeFi TVL,2024-09-05,77240071272.0
DeFi TVL,2024-09-06,75653754327.0
DeFi TVL,2024-09-07,72193760283.0
DeFi TVL,2024-09-08,73474508755.0
DeFi TVL,2024-09-09,74382630093.0
DeFi TVL,2024-09-10,76453826426.0
DeFi TVL,2024-09-11,76950827326.0
DeFi TVL,2024-09-12,76425152822.0
DeFi TVL,2024-09-13,77151567486.0
DeFi TVL,2024-09-14,79667053370.0
DeFi TVL,2024-09-15,78964547050.0
DeFi TVL,2024-09-16,77544015930.0
DeFi TVL,2024-09-17,75771758002.0
DeFi TVL,2024-09-18,77453986529.0
DeFi TVL,2024-09-19,77463750942.0
DeFi TVL,2024-09-20,80349452305.0
DeFi TVL,2024-09-21,82350112232.0
DeFi TVL,2024-09-22,82954930208.0
DeFi TVL,2024-09-23,82292785378.0
DeFi TVL,2024-09-24,84126469557.0
DeFi TVL,2024-09-25,84783791357.0
DeFi TVL,2024-09-26,83239631225.0
DeFi TVL,2024-09-27,85328222262.0
DeFi TVL,2024-09-28,86457227552.0
DeFi TVL,2024-09-29,85912541834.0
DeFi TVL,2024-09-30,85955621841.0
DeFi TVL,2024-10-01,84227622522.0
DeFi TVL,2024-10-02,80970020139.0
DeFi TVL,2024-10-03,78646599711.0
DeFi TVL,2024-10-04,78383973931.0
DeFi TVL,2024-10-05,80347081470.0
DeFi TVL,2024-10-06,80044990350.0
DeFi TVL,2024-10-07,79588634929.0
DeFi TVL,2024-10-08,80092737842.0
DeFi TVL,2024-10-09,79274743548.0
DeFi TVL,2024-10-10,77694425371.0
DeFi TVL,2024-10-11,77557340532.0
DeFi TVL,2024-10-12,80259884959.0
DeFi TVL,2024-10-13,81312180830.0
DeFi TVL,2024-10-14,81043081854.0
DeFi TVL,2024-10-15,84574982484.0
DeFi TVL,2024-10-16,83606138245.0
DeFi TVL,2024-10-17,83549289641.0
DeFi TVL,2024-10-18,82336292953.0
DeFi TVL,2024-10-19,83110378902.0
DeFi TVL,2024-10-20,83167353363.0
DeFi TVL,2024-10-21,85219814816.0
DeFi TVL,2024-10-22,85335882312.0
DeFi TVL,2024-10-23,85331679093.0
DeFi TVL,2024-10-24,83317857448.0
DeFi TVL,2024-10-25,84681014499.0
DeFi TVL,2024-10-26,82380881698.0
DeFi TVL,2024-10-27,82690668661.0
DeFi TVL,2024-10-28,82776208549.0
DeFi TVL,2024-10-29,84235356474.0
DeFi TVL,2024-10-30,86203732625.0
DeFi TVL,2024-10-31,86658030170.0
DeFi TVL,2024-11-01,83635290588.0
DeFi TVL,2024-11-02,83518713032.0
DeFi TVL,2024-11-03,83051307185.0
DeFi TVL,2024-11-04,82377241970.0
DeFi TVL,2024-11-05,80569961070.0
DeFi TVL,2024-11-06,82311544759.0
DeFi TVL,2024-11-07,89429138638.0
DeFi TVL,2024-11-08,92166400837.0
DeFi TVL,2024-11-09,93523885553.0
DeFi TVL,2024-11-10,96597592863.0
DeFi TVL,2024-11-11,99137634655.0
DeFi TVL,2024-11-12,103745857022.0
DeFi TVL,2024-11-13,103239011275.0
DeFi TVL,2024-11-14,101835236498.0
DeFi TVL,2024-11-15,99358027398.0
DeFi TVL,2024-11-16,101502960934.0
DeFi TVL,2024-11-17,102473004612.0
DeFi TVL,2024-11-18,101971232055.0
DeFi TVL,2024-11-19,104507632621.0
DeFi TVL,2024-11-20,103231940040.0
DeFi TVL,2024-11-21,102924022311.0
DeFi TVL,2024-11-22,109657524148.0
DeFi TVL,2024-11-23,110120084364.0
DeFi TVL,2024-11-24,111855690251.0
DeFi TVL,2024-11-25,111424803275.0
DeFi TVL,2024-11-26,109930571051.0
DeFi TVL,2024-11-27,108449219462.0
DeFi TVL,2024-11-28,116853371307.0
DeFi TVL,2024-11-29,115661855835.0
DeFi TVL,2024-11-30,117363319999.0
DeFi TVL,2024-12-01,119671876941.0
DeFi TVL,2024-12-02,120126510104.0
DeFi TVL,2024-12-03,118537689497.0
DeFi TVL,2024-12-04,126683533548.0
DeFi TVL,2024-12-05,125358097301.0
DeFi TVL,2024-12-06,124307829950.0
DeFi TVL,2024-12-07,129558514884.0
DeFi TVL,2024-12-08,129790479106.0
DeFi TVL,2024-12-09,129664289334.0
DeFi TVL,2024-12-10,120033825096.0
DeFi TVL,2024-12-11,120012993354.0
DeFi TVL,2024-12-12,126616191006.0
DeFi TVL,2024-12-13,127843444064.0
DeFi TVL,2024-12-14,128874853025.0
DeFi TVL,2024-12-15,127930861825.0
DeFi TVL,2024-12-16,130843454092.0
DeFi TVL,2024-12-17,133054814871.0
DeFi TVL,2024-12-18,130294622022.0
DeFi TVL,2024-12-19,123597369282.0
DeFi TVL,2024-12-20,117658731873.0
DeFi TVL,2024-12-21,117932341476.0
DeFi TVL,2024-12-22,114601423625.0
DeFi TVL,2024-12-23,113819728759.0
DeFi TVL,2024-12-24,117512144676.0
DeFi TVL,2024-12-25,120615070115.0
DeFi TVL,2024-12-26,120604664122.0
DeFi TVL,2024-12-27,116314265649.0
DeFi TVL,2024-12-28,115933651852.0
DeFi TVL,2024-12-29,118234683721.0
DeFi TVL,2024-12-30,116664475829.0
DeFi TVL,2024-12-31,115900303985.0
DeFi TVL,2025-01-01,115433091298.0
DeFi TVL,2025-01-02,117151142748.0
DeFi TVL,2025-01-03,119934485354.0
DeFi TVL,2025-01-04,124137398246.0
DeFi TVL,2025-01-05,125390419152.0
DeFi TVL,2025-01-06,125074025661.0
DeFi TVL,2025-01-07,126704932144.0
DeFi TVL,2025-01-08,118491015370.0
DeFi TVL,2025-01-09,116674243328.0
DeFi TVL,2025-01-10,113611525605.0
DeFi TVL,2025-01-11,115876851891.0
DeFi TVL,2025-01-12,116421751495.0
DeFi TVL,2025-01-13,115284067131.0
DeFi TVL,2025-01-14,112832910830.0
DeFi TVL,2025-01-15,116028127713.0
DeFi TVL,2025-01-16,122171347846.0
DeFi TVL,2025-01-17,119897196485.0
DeFi TVL,2025-01-18,124903664459.0
DeFi TVL,2025-01-19,121884443171.0
DeFi TVL,2025-01-20,119133877227.0
DeFi TVL,2025-01-21,120065576966.0
DeFi TVL,2025-01-22,122847809081.0
DeFi TVL,2025-01-23,121613569935.0
DeFi TVL,2025-01-24,122641063305.0
DeFi TVL,2025-01-25,122324285221.0
DeFi TVL,2025-01-26,123202095746.0
DeFi TVL,2025-01-27,121015090021.0
DeFi TVL,2025-01-28,117755707641.0
DeFi TVL,2025-01-29,115474495335.0
DeFi TVL,2025-01-30,117565694200.0
DeFi TVL,2025-01-31,120770468043.0
DeFi TVL,2025-02-01,119699673313.0
DeFi TVL,2025-02-02,115180754796.0
DeFi TVL,2025-02-03,106854328178.0
DeFi TVL,2025-02-04,109698166216.0
DeFi TVL,2025-02-05,105980294017.0
DeFi TVL,2025-02-06,106742707914.0
DeFi TVL,2025-02-07,106414812081.0
DeFi TVL,2025-02-08,105966274650.0
DeFi TVL,2025-02-09,106744334783.0
DeFi TVL,2025-02-10,106779422233.0
DeFi TVL,2025-02-11,108317184951.0
DeFi TVL,2025-02-12,107009630862.0
DeFi TVL,2025-02-13,110758683614.0
DeFi TVL,2025-02-14,109299153888.0
DeFi TVL,2025-02-15,110285027734.0
DeFi TVL,2025-02-16,109829547865.0
DeFi TVL,2025-02-17,108928739240.0
DeFi TVL,2025-02-18,108758586346.0
DeFi TVL,2025-02-19,107055296648.0
DeFi TVL,2025-02-20,108944564785.0
DeFi TVL,2025-02-21,110282219386.0
DeFi TVL,2025-02-22,106904117871.0
DeFi TVL,2025-02-23,108973621474.0
DeFi TVL,2025-02-24,110271100366.0
DeFi TVL,2025-02-25,102457131648.0
DeFi TVL,2025-02-26,100646509963.0
DeFi TVL,2025-02-27,95999660018.0
DeFi TVL,2025-02-28,95767635667.0
DeFi TVL,2025-03-01,96078511884.0
DeFi TVL,2025-03-02,96459327179.0
DeFi TVL,2025-03-03,104683039187.0
DeFi TVL,2025-03-04,94620211246.0
DeFi TVL,2025-03-05,95130602208.0
DeFi TVL,2025-03-06,98149436063.0
DeFi TVL,2025-03-07,95859079251.0
DeFi TVL,2025-03-08,95272173513.0
DeFi TVL,2025-03-09,95867238995.0
DeFi TVL,2025-03-10,90237877340.0
DeFi TVL,2025-03-11,86383646906.0
DeFi TVL,2025-03-12,88956901068.0
DeFi TVL,2025-03-13,89340189917.0
DeFi TVL,2025-03-14,88646740979.0
DeFi TVL,2025-03-15,90882473713.0
DeFi TVL,2025-03-16,92095251061.0
DeFi TVL,2025-03-17,90351106281.0
DeFi TVL,2025-03-18,91739561662.0
DeFi TVL,2025-03-19,91730174894.0
DeFi TVL,2025-03-20,94482046883.0
DeFi TVL,2025-03-21,92061202043.0
DeFi TVL,2025-03-22,91947017026.0
DeFi TVL,2025-03-23,92597686653.0
DeFi TVL,2025-03-24,94254947936.0
DeFi TVL,2025-03-25,97524202572.0
DeFi TVL,2025-03-26,98386611261.0
DeFi TVL,2025-03-27,97061055975.0
DeFi TVL,2025-03-28,96698871708.0
DeFi TVL,2025-03-29,92853325690.0
DeFi TVL,2025-03-30,90670591384.0
DeFi TVL,2025-03-31,89441205737.0
DeFi TVL,2025-04-01,91530642277.0
DeFi TVL,2025-04-02,93248876388.0
DeFi TVL,2025-04-03,90501310692.0
DeFi TVL,2025-04-04,91257334496.0
DeFi TVL,2025-04-05,91776822674.0
DeFi TVL,2025-04-06,91397291346.0
DeFi TVL,2025-04-07,84605129501.0
DeFi TVL,2025-04-08,84196852996.0
DeFi TVL,2025-04-09,81911611609.0
DeFi TVL,2025-04-10,87644158660.0
DeFi TVL,2025-04-11,84127900250.0
DeFi TVL,2025-04-12,85787628939.0
DeFi TVL,2025-04-13,87993053191.0
DeFi TVL,2025-04-14,87137868347.0
DeFi TVL,2025-04-15,87208454869.0
DeFi TVL,2025-04-16,86800749529.0
DeFi TVL,2025-04-17,85908350113.0
DeFi TVL,2025-04-18,86145366920.0
DeFi TVL,2025-04-19,85690278956.0
DeFi TVL,2025-04-20,86985712338.0
DeFi TVL,2025-04-21,86628521093.0
DeFi TVL,2025-04-22,85996741856.0
DeFi TVL,2025-04-23,91521659867.0
DeFi TVL,2025-04-24,92787702879.0
DeFi TVL,2025-04-25,93722750655.0
DeFi TVL,2025-04-26,95897097713.0
DeFi TVL,2025-04-27,96960848277.0
DeFi TVL,2025-04-28,96244418852.0
DeFi TVL,2025-04-29,96795400865.0
DeFi TVL,2025-04-30,96085439635.0
DeFi TVL,2025-05-01,95960991905.0
DeFi TVL,2025-05-02,97882030976.0
DeFi TVL,2025-05-03,98454501262.0
DeFi TVL,2025-05-04,97879431705.0
DeFi TVL,2025-05-05,96904987051.0
DeFi TVL,2025-05-06,96485731032.0
DeFi TVL,2025-05-07,96501079941.0
DeFi TVL,2025-05-08,95573465884.0
DeFi TVL,2025-05-09,105370700314.0
DeFi TVL,2025-05-10,108359577358.0
DeFi TVL,2025-05-11,114423384557.0
DeFi TVL,2025-05-12,113023623934.0
DeFi TVL,2025-05-13,111156815378.0
DeFi TVL,2025-05-14,115477265218.0
DeFi TVL,2025-05-15,112706774165.0
DeFi TVL,2025-05-16,110626167244.0
DeFi TVL,2025-05-17,110686615984.0
DeFi TVL,2025-05-18,109545924534.0
DeFi TVL,2025-05-19,110362854789.0
DeFi TVL,2025-05-20,111488888323.0
DeFi TVL,2025-05-21,112238938448.0
DeFi TVL,2025-05-22,114221145714.0
DeFi TVL,2025-05-23,116461324574.0
DeFi TVL,2025-05-24,111886829407.0
DeFi TVL,2025-05-25,112067581982.0
DeFi TVL,2025-05-26,113239938018.0
DeFi TVL,2025-05-27,114024696409.0
DeFi TVL,2025-05-28,115906450080.0
DeFi TVL,2025-05-29,115569593050.0
DeFi TVL,2025-05-30,112986246458.0
DeFi TVL,2025-05-31,109943390614.0
DeFi TVL,2025-06-01,110137745908.0
DeFi TVL,2025-06-02,110837616613.0
DeFi TVL,2025-06-03,110341741170.0
DeFi TVL,2025-06-04,109745990847.0
DeFi TVL,2025-06-05,109762618219.0
DeFi TVL,2025-06-06,104859370114.0
DeFi TVL,2025-06-07,107186513724.0
DeFi TVL,2025-06-08,108849771038.0
DeFi TVL,2025-06-09,108738767512.0
DeFi TVL,2025-06-10,112994443007.0
DeFi TVL,2025-06-11,116245679726.0
DeFi TVL,2025-06-12,115456892938.0
DeFi TVL,2025-06-13,109776916460.0
DeFi TVL,2025-06-14,109800040534.0
DeFi TVL,2025-06-15,108802566518.0
DeFi TVL,2025-06-16,109138863506.0
DeFi TVL,2025-06-17,111391876654.0
DeFi TVL,2025-06-18,109691573603.0
DeFi TVL,2025-06-19,110090396270.0
DeFi TVL,2025-06-20,110100201262.0
DeFi TVL,2025-06-21,106679240224.0
DeFi TVL,2025-06-22,103438466311.0
DeFi TVL,2025-06-23,100930348496.0
DeFi TVL,2025-06-24,106930110420.0
DeFi TVL,2025-06-25,108585148848.0
DeFi TVL,2025-06-26,108418288623.0
DeFi TVL,2025-06-27,107120817056.0
DeFi TVL,2025-06-28,107565308616.0
DeFi TVL,2025-06-29,109165199208.0
DeFi TVL,2025-06-30,110761149853.0
DeFi TVL,2025-07-01,110348538285.0
DeFi TVL,2025-07-02,108169138785.0
DeFi TVL,2025-07-03,111958812505.0
DeFi TVL,2025-07-04,113496232656.0
DeFi TVL,2025-07-05,111253734659.0
DeFi TVL,2025-07-06,111813920148.0
DeFi TVL,2025-07-07,113251629438.0
DeFi TVL,2025-07-08,112195401316.0
DeFi TVL,2025-07-09,114121165470.0
DeFi TVL,2025-07-10,118025639317.0
DeFi TVL,2025-07-11,122807937960.0
DeFi TVL,2025-07-12,123264991299.0
DeFi TVL,2025-07-13,122999278750.0
DeFi TVL,2025-07-14,124371337785.0
DeFi TVL,2025-07-15,124814776887.0
DeFi TVL,2025-07-16,126466107772.0
DeFi TVL,2025-07-17,130058596321.0
DeFi TVL,2025-07-18,132172740673.0
DeFi TVL,2025-07-19,133640316969.0
DeFi TVL,2025-07-20,134621916860.0
DeFi TVL,2025-07-21,138377185318.0
DeFi TVL,2025-07-22,138334396543.0
DeFi TVL,2025-07-23,139803873026.0
DeFi TVL,2025-07-24,136378834959.0
DeFi TVL,2025-07-25,135870641970.0
DeFi TVL,2025-07-26,137794770384.0
DeFi TVL,2025-07-27,138596634333.0
DeFi TVL,2025-07-28,142319632095.0
DeFi TVL,2025-07-29,139297015639.0
DeFi TVL,2025-07-30,138924828001.0
DeFi TVL,2025-07-31,138718369283.0
DeFi TVL,2025-08-01,135740783217.0
DeFi TVL,2025-08-02,130692920030.0
DeFi TVL,2025-08-03,128378564340.0
DeFi TVL,2025-08-04,131899996390.0
DeFi TVL,2025-08-05,136380613320.0
DeFi TVL,2025-08-06,135130775969.0
DeFi TVL,2025-08-07,137274854456.0
DeFi TVL,2025-08-08,143484294361.0
DeFi TVL,2025-08-09,144589178849.0
DeFi TVL,2025-08-10,149191169374.0
DeFi TVL,2025-08-11,148860067408.0
DeFi TVL,2025-08-12,147686978917.0
DeFi TVL,2025-08-13,154605700227.0
DeFi TVL,2025-08-14,157829304184.0
DeFi TVL,2025-08-15,153102565258.0
DeFi TVL,2025-08-16,150325189028.0
DeFi TVL,2025-08-17,150468515287.0
DeFi TVL,2025-08-18,150823167980.0
DeFi TVL,2025-08-19,148115031231.0
DeFi TVL,2025-08-20,142767671217.0
DeFi TVL,2025-08-21,148045232106.0
DeFi TVL,2025-08-22,146786563991.0
DeFi TVL,2025-08-23,158170460268.0
DeFi TVL,2025-08-24,159358467426.0
DeFi TVL,2025-08-25,156458386596.0
DeFi TVL,2025-08-26,149620829879.0
DeFi TVL,2025-08-27,154070955281.0
DeFi TVL,2025-08-28,153641290048.0
DeFi TVL,2025-08-29,154880811123.0
DeFi TVL,2025-08-30,150848117765.0
DeFi TVL,2025-08-31,151120402639.0
DeFi TVL,2025-09-01,150721729706.0
DeFi TVL,2025-09-02,148637602146.0
DeFi TVL,2025-09-03,149801461719.0
DeFi TVL,2025-09-04,153265198424.0
DeFi TVL,2025-09-05,150234853967.0
DeFi TVL,2025-09-06,150758519745.0
DeFi TVL,2025-09-07,149854419823.0
DeFi TVL,2025-09-08,151418787649.0
DeFi TVL,2025-09-09,152279679143.0
DeFi TVL,2025-09-10,152286741189.0
DeFi TVL,2025-09-11,154284392382.0
DeFi TVL,2025-09-12,156867750098.0
DeFi TVL,2025-09-13,162182511764.0
DeFi TVL,2025-09-14,161514322208.0
DeFi TVL,2025-09-15,159639806668.0
DeFi TVL,2025-09-16,158055542897.0
DeFi TVL,2025-09-17,158005685053.0
DeFi TVL,2025-09-18,160594126934.0
DeFi TVL,2025-09-19,161409575457.0
DeFi TVL,2025-09-20,158741205852.0
DeFi TVL,2025-09-21,160295597298.0
DeFi TVL,2025-09-22,158381993015.0
DeFi TVL,2025-09-23,152680051391.0
DeFi TVL,2025-09-24,150628668171.0
DeFi TVL,2025-09-25,150840654625.0
DeFi TVL,2025-09-26,145647111228.0
DeFi TVL,2025-09-27,148949996468.0
DeFi TVL,2025-09-28,150193443735.0
DeFi TVL,2025-09-29,154111503353.0
DeFi TVL,2025-09-30,156017019285.0
DeFi TVL,2025-10-01,155328959678.0
DeFi TVL,2025-10-02,161330044665.0
DeFi TVL,2025-10-03,164645046860.0
DeFi TVL,2025-10-04,166114757761.0
DeFi TVL,2025-10-05,165752170151.0
DeFi TVL,2025-10-06,166722663829.0
DeFi TVL,2025-10-07,171066571461.0
DeFi TVL,2025-10-08,167187689688.0
DeFi TVL,2025-10-09,168966424293.0
DeFi TVL,2025-10-10,164751509638.0
DeFi TVL,2025-10-11,147660497771.0
DeFi TVL,2025-10-12,145663936248.0
DeFi TVL,2025-10-13,155741455692.0
DeFi TVL,2025-10-14,158919510087.0
DeFi TVL,2025-10-15,155953557952.0
DeFi TVL,2025-10-16,150923315986.0
DeFi TVL,2025-10-17,148062704908.0
DeFi TVL,2025-10-18,145534441524.0
DeFi TVL,2025-10-19,148476739689.0
DeFi TVL,2025-10-20,148927549290.0
DeFi TVL,2025-10-21,151008453244.0
DeFi TVL,2025-10-22,147598031999.0
DeFi TVL,2025-10-23,144924461168.0
DeFi TVL,2025-10-24,146979537690.0
DeFi TVL,2025-10-25,149218400517.0
DeFi TVL,2025-10-26,149564854623.0
DeFi TVL,2025-10-27,154861717402.0
DeFi TVL,2025-10-28,154093257889.0
DeFi TVL,2025-10-29,151035001743.0
DeFi TVL,2025-10-30,149870953210.0
DeFi TVL,2025-10-31,146832122277.0
DeFi TVL,2025-11-01,147156527029.0
DeFi TVL,2025-11-02,147201226308.0
DeFi TVL,2025-11-03,147424843487.0
DeFi TVL,2025-11-04,139038116429.0
DeFi TVL,2025-11-05,128929469966.0
DeFi TVL,2025-11-06,130081327336.0
DeFi TVL,2025-11-07,127404894664.0
DeFi TVL,2025-11-08,130028742983.0
DeFi TVL,2025-11-09,128942596372.0
DeFi TVL,2025-11-10,133120317632.0
DeFi TVL,2025-11-11,133323736506.0
DeFi TVL,2025-11-12,129469845438.0
DeFi TVL,2025-11-13,129016928358.0
DeFi TVL,2025-11-14,126166110863.0
DeFi TVL,2025-11-15,123665012809.0
DeFi TVL,2025-11-16,123802564497.0
DeFi TVL,2025-11-17,120957904923.0
DeFi TVL,2025-11-18,118574700655.0
DeFi TVL,2025-11-19,121526968011.0
DeFi TVL,2025-11-20,119178295339.0
DeFi TVL,2025-11-21,115178724738.0
DeFi TVL,2025-11-22,111510089330.0
DeFi TVL,2025-11-23,110062946713.0
DeFi TVL,2025-11-24,111783035434.0
DeFi TVL,2025-11-25,115548502466.0
DeFi TVL,2025-11-26,115677034141.0
DeFi TVL,2025-11-27,118074272049.0
DeFi TVL,2025-11-28,117729790225.0
DeFi TVL,2025-11-29,117636143274.0
DeFi TVL,2025-11-30,116357568899.0
DeFi TVL,2025-12-01,115327732966.0
DeFi TVL,2025-12-02,111071798857.0
DeFi TVL,2025-12-03,116064500154.0
DeFi TVL,2025-12-04,120567958468.0
DeFi TVL,2025-12-05,119010231166.0
DeFi TVL,2025-12-06,116814070133.0
DeFi TVL,2025-12-07,116773893480.0
DeFi TVL,2025-12-08,117197839580.0
DeFi TVL,2025-12-09,117859281618.0
DeFi TVL,2025-12-10,121375489575.0
DeFi TVL,2025-12-11,120589850680.0
DeFi TVL,2025-12-12,120185765014.0
DeFi TVL,2025-12-13,118287299566.0
DeFi TVL,2025-12-14,119139450272.0
DeFi TVL,2025-12-15,118771419534.0
DeFi TVL,2025-12-16,115624626578.0
DeFi TVL,2025-12-17,116588787919.0
DeFi TVL,2025-12-18,113726013939.0
DeFi TVL,2025-12-19,113166010136.0
DeFi TVL,2025-12-20,116285810029.0
DeFi TVL,2025-12-21,116748206660.0
DeFi TVL,2025-12-22,117556522981.0
DeFi TVL,2025-12-23,117130241731.0
DeFi TVL,2025-12-24,114846962721.0
DeFi TVL,2025-12-25,115099154471.0
DeFi TVL,2025-12-26,114375057187.0
DeFi TVL,2025-12-27,114426588034.0
DeFi TVL,2025-12-28,115044609500.0
DeFi TVL,2025-12-29,115489303371.0
DeFi TVL,2025-12-30,113611294088.0
DeFi TVL,2025-12-31,113450858422.0
DeFi TVL,2026-01-01,114498789314.0
DeFi TVL,2026-01-02,116964664429.0
DeFi TVL,2026-01-03,119249262741.0
DeFi TVL,2026-01-04,120628547921.0
DeFi TVL,2026-01-05,121406254512.0
DeFi TVL,2026-01-06,123930462395.0
DeFi TVL,2026-01-07,124662168729.0
DeFi TVL,2026-01-08,121441678182.0
DeFi TVL,2026-01-09,119628577515.0
DeFi TVL,2026-01-10,118759693230.0
DeFi TVL,2026-01-11,119802625638.0
DeFi TVL,2026-01-12,120620521318.0
DeFi TVL,2026-01-13,119211595910.0
DeFi TVL,2026-01-14,125870665668.0
DeFi TVL,2026-01-15,127700287927.0
DeFi TVL,2026-01-16,126657827040.0
DeFi TVL,2026-01-17,126841452165.0
DeFi TVL,2026-01-18,127762576660.0
DeFi TVL,2026-01-19,125119258181.0
DeFi TVL,2026-01-20,124555053571.0
DeFi TVL,2026-01-21,117555381050.0
DeFi TVL,2026-01-22,118699732943.0
DeFi TVL,2026-01-23,118076058937.0
DeFi TVL,2026-01-24,117943600560.0
DeFi TVL,2026-01-25,118553557161.0
DeFi TVL,2026-01-26,114813627905.0
DeFi TVL,2026-01-27,117649149666.0
DeFi TVL,2026-01-28,119629209297.0
DeFi TVL,2026-01-29,119800756685.0
DeFi TVL,2026-01-30,114692359265.0
DeFi TVL,2026-01-31,112587165867.0
DeFi TVL,2026-02-01,106248333022.0
DeFi TVL,2026-02-02,102479210792.0
DeFi TVL,2026-02-03,103865919324.0
DeFi TVL,2026-02-04,102212052393.0
DeFi TVL,2026-02-05,99532943616.0
DeFi TVL,2026-02-06,89428452927.0
DeFi TVL,2026-02-07,95480041136.0
DeFi TVL,2026-02-08,96943113774.0
DeFi TVL,2026-02-09,97463702145.0
DeFi TVL,2026-02-10,97196447044.0
DeFi TVL,2026-02-11,95385806224.0
DeFi TVL,2026-02-12,94129588469.0
DeFi TVL,2026-02-13,93737583990.0
DeFi TVL,2026-02-14,95937355276.0
DeFi TVL,2026-02-15,96681250306.0
DeFi TVL,2026-02-16,94737533304.0
DeFi TVL,2026-02-17,95004378102.0
DeFi TVL,2026-02-18,94662174698.0
DeFi TVL,2026-02-19,91955853698.0
DeFi TVL,2026-02-20,92265967179.0
DeFi TVL,2026-02-21,92293091784.0
DeFi TVL,2026-02-22,92603079811.0
DeFi TVL,2026-02-23,91719281694.0
DeFi TVL,2026-02-24,88832197944.0
DeFi TVL,2026-02-25,88568395863.0
DeFi TVL,2026-02-26,93255383270.0
DeFi TVL,2026-02-27,92699132002.0
DeFi TVL,2026-02-28,90654213427.0
DeFi TVL,2026-03-01,91350664141.0
DeFi TVL,2026-03-02,90423177165.0
DeFi TVL,2026-03-03,92787735871.0
DeFi TVL,2026-03-04,91407590700.0
DeFi TVL,2026-03-05,95483153091.0
DeFi TVL,2026-03-06,94910779907.0
DeFi TVL,2026-03-07,92573575094.0
DeFi TVL,2026-03-08,92568599012.0
DeFi TVL,2026-03-09,91922322372.0
DeFi TVL,2026-03-10,93848724288.0
DeFi TVL,2026-03-11,94038841077.0
DeFi TVL,2026-03-12,93532227031.0
DeFi TVL,2026-03-13,94920492154.0
DeFi TVL,2026-03-14,94524751568.0
DeFi TVL,2026-03-15,95237144731.0
DeFi TVL,2026-03-16,97029040631.0
DeFi TVL,2026-03-17,99721725213.0
DeFi TVL,2026-03-18,99246493647.0
DeFi TVL,2026-03-19,95896874077.0
DeFi TVL,2026-03-20,94099329664.0
DeFi TVL,2026-03-21,95472223788.0
DeFi TVL,2026-03-22,94585083468.0
DeFi TVL,2026-03-23,92176164516.0
DeFi TVL,2026-03-24,94627839642.0
DeFi TVL,2026-03-25,94867120654.0
DeFi TVL,2026-03-26,95678995104.0
DeFi TVL,2026-03-27,93004972903.0
DeFi TVL,2026-03-28,91390559492.0
DeFi TVL,2026-03-29,91651211212.0
DeFi TVL,2026-03-30,91676679804.0
DeFi TVL,2026-03-31,91742509970.0
DeFi TVL,2026-04-01,93961094813.0
DeFi TVL,2026-04-02,93193527532.0
DeFi TVL,2026-04-03,91568363824.0
DeFi TVL,2026-04-04,91165763323.0
DeFi TVL,2026-04-05,91674902493.0
DeFi TVL,2026-04-06,93042356769.0
DeFi TVL,2026-04-07,91311852051.0
DeFi TVL,2026-04-08,94620278225.0
DeFi TVL,2026-04-09,93784317608.0
DeFi TVL,2026-04-10,94426744717.0
DeFi TVL,2026-04-11,95635825190.0
DeFi TVL,2026-04-12,96294042440.0
DeFi TVL,2026-04-13,93950867818.0
DeFi TVL,2026-04-14,97959799050.0
DeFi TVL,2026-04-15,97395962671.0
DeFi TVL,2026-04-16,97820811973.0
DeFi TVL,2026-04-17,97950244194.0
DeFi TVL,2026-04-18,99163149001.0
DeFi TVL,2026-04-19,92570193552.0
DeFi TVL,2026-04-20,85768420266.0
DeFi TVL,2026-04-21,85230159635.0
DeFi TVL,2026-04-22,84764126915.0
DeFi TVL,2026-04-23,85556706487.0
DeFi TVL,2026-04-24,84169223358.0
DeFi TVL,2026-04-25,83212202941.0
DeFi TVL,2026-04-26,83704009728.0
DeFi TVL,2026-04-27,84881500371.0
DeFi TVL,2026-04-28,83326274639.0
DeFi TVL,2026-04-29,82799596171.0
DeFi TVL,2026-04-30,82912181907.0
DeFi TVL,2026-05-01,83084735206.0
DeFi TVL,2026-05-02,83583529445.0
DeFi TVL,2026-05-03,83921255945.0
DeFi TVL,2026-05-04,84154821358.0
DeFi TVL,2026-05-05,84254245277.0
DeFi TVL,2026-05-06,84880868754.0
DeFi TVL,2026-05-07,84789907907.0
DeFi TVL,2026-05-08,84074358619.0
DeFi TVL,2026-05-09,84354135312.0
DeFi TVL,2026-05-10,84603486975.0
DeFi TVL,2026-05-11,85668362802.0
DeFi TVL,2026-05-12,85180091623.0
DeFi TVL,2026-05-13,84538003928.0
DeFi TVL,2026-05-14,83903224035.0
DeFi TVL,2026-05-15,84876382993.0
DeFi TVL,2026-05-16,83545971133.0
DeFi TVL,2026-05-17,82587240027.0
DeFi TVL,2026-05-18,81650954746.0
DeFi TVL,2026-05-19,81265386022.0
DeFi TVL,2026-05-20,80586197103.0
DeFi TVL,2026-05-21,81150737165.0
DeFi TVL,2026-05-22,81502927499.0
DeFi TVL,2026-05-23,80131954987.0
DeFi TVL,2026-05-24,81322504899.0
DeFi TVL,2026-05-25,81113980530.0
DeFi TVL,2026-05-26,81569113682.0
DeFi TVL,2026-05-27,80321454126.0
DeFi TVL,2026-05-28,79929368484.0
DeFi TVL,2026-05-29,79653290826.0
DeFi TVL,2026-05-30,79190409648.0
DeFi TVL,2026-05-31,79872286543.0
DeFi TVL,2026-06-01,79715323474.0
DeFi TVL,2026-06-02,78797422673.0
DeFi TVL,2026-06-03,74916739147.0
DeFi TVL,2026-06-04,74180092230.0
DeFi TVL,2026-06-05,73244311536.0
DeFi TVL,2026-06-06,69412526904.0
DeFi TVL,2026-06-07,69213920439.0
DeFi TVL,2026-06-08,71821748955.0
DeFi TVL,2026-06-09,71494997968.0
DeFi TVL,2026-06-10,70252832369.0
DeFi TVL,2026-06-11,69382908899.0
DeFi TVL,2026-06-12,70776696842.0
DeFi TVL,2026-06-13,71233260765.0
DeFi TVL,2026-06-14,71997812874.0
DeFi TVL,2026-06-15,73064192241.0
DeFi TVL,2026-06-16,73779553121.0
DeFi TVL,2026-06-17,74308800112.0
DeFi TVL,2026-06-18,73182317839.0
DeFi TVL,2026-06-19,72106240877.0
DeFi TVL,2026-06-20,72317540992.0
DeFi TVL,2026-06-21,73018569311.0
DeFi TVL,2026-06-22,72159868076.0
DeFi TVL,2026-06-23,72923588044.0
DeFi TVL,2026-06-24,71601627466.0
DeFi TVL,2026-06-25,70087602509.0
DeFi TVL,2026-06-26,69472264852.0
DeFi TVL,2026-06-27,69855073081.0
DeFi TVL,2026-06-28,69998752390.0
DeFi TVL,2026-06-29,69634190327.0
DeFi TVL,2026-06-30,70097702094.0
DeFi TVL,2026-07-01,68931885704.0
DeFi TVL,2026-07-02,69957301662.0
DeFi TVL,2026-07-03,72327126373.0
DeFi TVL,2026-07-04,73832826510.0
DeFi TVL,2026-07-05,74014042249.0
DeFi TVL,2026-07-06,74383512991.0
DeFi TVL,2026-07-07,74353648644.0
DeFi TVL,2026-07-08,73053180376.0
DeFi TVL,2026-07-09,72157488346.0
DeFi TVL,2026-07-10,72151649020.0
DeFi TVL,2026-07-11,73824495823.0
DeFi TVL,2026-07-12,73160389857.0
DeFi TVL,2026-07-13,73298348693.0
DeFi TVL,2026-07-14,72743284701.0
DeFi TVL,2026-07-15,75148526190.0
DeFi TVL,2026-07-16,75362188407.0
DeFi TVL,2026-07-17,74917859756.0
DeFi TVL,2026-07-18,74993758839.0
DeFi TVL,2026-07-19,75544211924.0
DeFi TVL,2026-07-20,75603083336.0
DeFi TVL,2026-07-21,76475160516.0
DeFi TVL,2026-07-22,77201928046.0
DeFi TVL,2026-07-23,76996877209.0
DeFi TVL,2026-07-24,75890304827.0
DeFi TVL,2026-07-25,75393826496.0
DeFi TVL,2026-07-26,75710986728.0
DeFi TVL,2026-07-27,76847872921.0
DeFi TVL,2026-07-28,74997731099.0
DeFi TVL,2026-07-29,75640716701.0
DeFi TVL,2026-07-30,75274233490.0
DeFi TVL,2026-07-31,75344640719.0
DeFi TVL,2026-08-01,74015138418.0
DeFi TVL,2026-08-02,73626611560.0
DeFi TVL,2026-08-03,74362042208.0
DeFi TVL,2026-08-04,73840052518.0
DeFi TVL,2026-08-05,74776273005.0
DeFi TVL,2026-08-06,75277909864.0
DeFi TVL,2026-08-07,75138489514.0
DeFi TVL,2026-08-08,75423189337.0
DeFi TVL,2026-08-09,75738193848.0
DeFi TVL,2026-08-10,75684881451.0
DeFi TVL,2026-08-11,75179461602.0
DeFi TVL,2026-08-12,74932238026.0
DeFi TVL,2026-08-13,74995070279.0
DeFi TVL,2026-08-14,74773556948.0
DeFi TVL,2026-08-15,74530229161.0
DeFi TVL,2026-08-16,74893218686.0
DeFi TVL,2026-08-17,74729582847.0
DeFi TVL,2026-08-18,75709761319.0
DeFi TVL,2026-08-19,76226921416.0
DeFi TVL,2026-08-20,82033978682.0
DeFi TVL,2026-08-21,85171880869.0
LST TVL,2020-12-19,1484680.0
LST TVL,2020-12-20,2697598.0
LST TVL,2020-12-21,3410253.0
LST TVL,2020-12-22,4563625.0
LST TVL,2020-12-23,4661610.0
LST TVL,2020-12-24,5347131.0
LST TVL,2020-12-25,7325073.0
LST TVL,2020-12-26,7408641.0
LST TVL,2020-12-27,8347237.0
LST TVL,2020-12-28,11344171.0
LST TVL,2020-12-29,11765090.0
LST TVL,2020-12-30,12119912.0
LST TVL,2020-12-31,12582167.0
LST TVL,2021-01-01,12543454.0
LST TVL,2021-01-02,12514881.0
LST TVL,2021-01-03,14195762.0
LST TVL,2021-01-04,16274684.0
LST TVL,2021-01-05,18325628.0
LST TVL,2021-01-06,20965573.0
LST TVL,2021-01-07,22570112.0
LST TVL,2021-01-08,25529569.0
LST TVL,2021-01-09,26299896.0
LST TVL,2021-01-10,33624539.0
LST TVL,2021-01-11,28869701.0
LST TVL,2021-01-12,30663261.0
LST TVL,2021-01-13,50094240.0
LST TVL,2021-01-14,73598480.0
LST TVL,2021-01-15,81861176.0
LST TVL,2021-01-16,85283818.0
LST TVL,2021-01-17,86160071.0
LST TVL,2021-01-18,87391374.0
LST TVL,2021-01-19,99335242.0
LST TVL,2021-01-20,100287613.0
LST TVL,2021-01-21,96701078.0
LST TVL,2021-01-22,92488787.0
LST TVL,2021-01-23,110569488.0
LST TVL,2021-01-24,121085410.0
LST TVL,2021-01-25,127510734.0
LST TVL,2021-01-26,127250332.0
LST TVL,2021-01-27,126687253.0
LST TVL,2021-01-28,130256712.0
LST TVL,2021-01-29,137228378.0
LST TVL,2021-01-30,135996395.0
LST TVL,2021-01-31,142188572.0
LST TVL,2021-02-01,143110966.0
LST TVL,2021-02-02,168212825.0
LST TVL,2021-02-03,194412070.0
LST TVL,2021-02-04,208747267.0
LST TVL,2021-02-05,213105866.0
LST TVL,2021-02-06,224717282.0
LST TVL,2021-02-07,225163706.0
LST TVL,2021-02-08,228830335.0
LST TVL,2021-02-09,247016249.0
LST TVL,2021-02-10,261343530.0
LST TVL,2021-02-11,260054615.0
LST TVL,2021-02-12,258016359.0
LST TVL,2021-02-13,264338457.0
LST TVL,2021-02-14,303239117.0
LST TVL,2021-02-15,298922442.0
LST TVL,2021-02-16,305657778.0
LST TVL,2021-02-17,310074066.0
LST TVL,2021-02-18,353341846.0
LST TVL,2021-02-19,360911373.0
LST TVL,2021-02-20,379621223.0
LST TVL,2021-02-21,372802463.0
LST TVL,2021-02-22,347728401.0
LST TVL,2021-02-23,278868425.0
LST TVL,2021-02-24,317109280.0
LST TVL,2021-02-25,307460516.0
LST TVL,2021-02-26,282282980.0
LST TVL,2021-02-27,281830857.0
LST TVL,2021-02-28,261631991.0
LST TVL,2021-03-01,292634647.0
LST TVL,2021-03-02,298037886.0
LST TVL,2021-03-03,308525036.0
LST TVL,2021-03-04,300657207.0
LST TVL,2021-03-05,285284942.0
LST TVL,2021-03-06,302690075.0
LST TVL,2021-03-07,324124332.0
LST TVL,2021-03-08,345936582.0
LST TVL,2021-03-09,370256306.0
LST TVL,2021-03-10,371945514.0
LST TVL,2021-03-11,362466640.0
LST TVL,2021-03-12,366006658.0
LST TVL,2021-03-13,377990954.0
LST TVL,2021-03-14,385817971.0
LST TVL,2021-03-15,366723612.0
LST TVL,2021-03-16,371074265.0
LST TVL,2021-03-17,494327984.0
LST TVL,2021-03-18,544917265.0
LST TVL,2021-03-19,609696588.0
LST TVL,2021-03-20,623481646.0
LST TVL,2021-03-21,637063450.0
LST TVL,2021-03-22,653365483.0
LST TVL,2021-03-23,602852402.0
LST TVL,2021-03-24,640801685.0
LST TVL,2021-03-25,616624723.0
LST TVL,2021-03-26,658701207.0
LST TVL,2021-03-27,664923424.0
LST TVL,2021-03-28,684139204.0
LST TVL,2021-03-29,740091714.0
LST TVL,2021-03-30,778867673.0
LST TVL,2021-03-31,780539903.0
LST TVL,2021-04-01,819028749.0
LST TVL,2021-04-02,841257923.0
LST TVL,2021-04-03,867723113.0
LST TVL,2021-04-04,852838780.0
LST TVL,2021-04-05,850239899.0
LST TVL,2021-04-06,858605312.0
LST TVL,2021-04-07,851251447.0
LST TVL,2021-04-08,864838118.0
LST TVL,2021-04-09,981634713.0
LST TVL,2021-04-10,1013905482.0
LST TVL,2021-04-11,999370602.0
LST TVL,2021-04-12,1030717361.0
LST TVL,2021-04-13,1123876102.0
LST TVL,2021-04-14,1133993535.0
LST TVL,2021-04-15,1187025863.0
LST TVL,2021-04-16,1208473952.0
LST TVL,2021-04-17,1217329650.0
LST TVL,2021-04-18,1039719154.0
LST TVL,2021-04-19,1239998957.0
LST TVL,2021-04-20,1139179611.0
LST TVL,2021-04-21,1213429335.0
LST TVL,2021-04-22,1285379875.0
LST TVL,2021-04-23,1153371962.0
LST TVL,2021-04-24,1239058676.0
LST TVL,2021-04-25,1324971886.0
LST TVL,2021-04-26,1445826750.0
LST TVL,2021-04-27,1517041233.0
LST TVL,2021-04-28,1494628569.0
LST TVL,2021-04-29,1543160504.0
LST TVL,2021-04-30,1580078927.0
LST TVL,2021-05-01,1581131932.0
LST TVL,2021-05-02,1640120112.0
LST TVL,2021-05-03,1795839414.0
LST TVL,2021-05-04,1784970312.0
LST TVL,2021-05-05,1849890236.0
LST TVL,2021-05-06,1870285925.0
LST TVL,2021-05-07,1954828776.0
LST TVL,2021-05-08,2072415378.0
LST TVL,2021-05-09,2244730688.0
LST TVL,2021-05-10,2322376138.0
LST TVL,2021-05-11,2228767030.0
LST TVL,2021-05-12,2371056503.0
LST TVL,2021-05-13,2357602927.0
LST TVL,2021-05-14,2290744516.0
LST TVL,2021-05-15,2104926428.0
LST TVL,2021-05-16,2136778390.0
LST TVL,2021-05-17,1973497410.0
LST TVL,2021-05-18,2062065469.0
LST TVL,2021-05-19,1432848976.0
LST TVL,2021-05-20,1577149700.0
LST TVL,2021-05-21,1258630731.0
LST TVL,2021-05-22,1331447871.0
LST TVL,2021-05-23,1145682708.0
LST TVL,2021-05-24,1507539118.0
LST TVL,2021-05-25,1531155176.0
LST TVL,2021-05-26,1649157849.0
LST TVL,2021-05-27,1616943211.0
LST TVL,2021-05-28,1435356592.0
LST TVL,2021-05-29,1346778101.0
LST TVL,2021-05-30,1437665112.0
LST TVL,2021-05-31,1641759013.0
LST TVL,2021-06-01,1610110876.0
LST TVL,2021-06-02,1691561990.0
LST TVL,2021-06-03,1821965248.0
LST TVL,2021-06-04,1699270517.0
LST TVL,2021-06-05,1620568227.0
LST TVL,2021-06-06,1684894917.0
LST TVL,2021-06-07,1604056945.0
LST TVL,2021-06-08,1582019901.0
LST TVL,2021-06-09,1673240507.0
LST TVL,2021-06-10,1625007929.0
LST TVL,2021-06-11,1560720428.0
LST TVL,2021-06-12,1605454400.0
LST TVL,2021-06-13,1721509176.0
LST TVL,2021-06-14,1778116002.0
LST TVL,2021-06-15,1806000389.0
LST TVL,2021-06-16,1716341653.0
LST TVL,2021-06-17,1727968124.0
LST TVL,2021-06-18,1644161882.0
LST TVL,2021-06-19,1620767369.0
LST TVL,2021-06-20,1677738257.0
LST TVL,2021-06-21,1413783570.0
LST TVL,2021-06-22,1409479641.0
LST TVL,2021-06-23,1501947287.0
LST TVL,2021-06-24,1533240324.0
LST TVL,2021-06-25,1429822324.0
LST TVL,2021-06-26,1419341858.0
LST TVL,2021-06-27,1532098548.0
LST TVL,2021-06-28,1615408000.0
LST TVL,2021-06-29,1731296414.0
LST TVL,2021-06-30,1832697215.0
LST TVL,2021-07-01,1753144096.0
LST TVL,2021-07-02,1769458078.0
LST TVL,2021-07-03,1819097148.0
LST TVL,2021-07-04,1927739273.0
LST TVL,2021-07-05,1865133416.0
LST TVL,2021-07-06,1961818479.0
LST TVL,2021-07-07,2032465390.0
LST TVL,2021-07-08,1893881104.0
LST TVL,2021-07-09,2071153868.0
LST TVL,2021-07-10,2034506852.0
LST TVL,2021-07-11,2091492715.0
LST TVL,2021-07-12,1984008451.0
LST TVL,2021-07-13,1854611246.0
LST TVL,2021-07-14,1890192500.0
LST TVL,2021-07-15,1809065026.0
LST TVL,2021-07-16,1788879289.0
LST TVL,2021-07-17,1802066745.0
LST TVL,2021-07-18,1814253722.0
LST TVL,2021-07-19,1722747048.0
LST TVL,2021-07-20,1702963798.0
LST TVL,2021-07-21,1915015977.0
LST TVL,2021-07-22,2004577644.0
LST TVL,2021-07-23,2103736659.0
LST TVL,2021-07-24,2210030012.0
LST TVL,2021-07-25,2197482248.0
LST TVL,2021-07-26,2246409913.0
LST TVL,2021-07-27,2374952289.0
LST TVL,2021-07-28,2515690041.0
LST TVL,2021-07-29,2585695168.0
LST TVL,2021-07-30,2648929409.0
LST TVL,2021-07-31,2710447671.0
LST TVL,2021-08-01,2822057057.0
LST TVL,2021-08-02,2918295473.0
LST TVL,2021-08-03,3086895205.0
LST TVL,2021-08-04,3266940689.0
LST TVL,2021-08-05,3358179357.0
LST TVL,2021-08-06,3369532528.0
LST TVL,2021-08-07,3597554206.0
LST TVL,2021-08-08,3421330801.0
LST TVL,2021-08-09,3576172297.0
LST TVL,2021-08-10,3768182885.0
LST TVL,2021-08-11,3760556107.0
LST TVL,2021-08-12,3683619702.0
LST TVL,2021-08-13,4014709895.0
LST TVL,2021-08-14,3993231587.0
LST TVL,2021-08-15,4161536437.0
LST TVL,2021-08-16,4300776606.0
LST TVL,2021-08-17,4450603222.0
LST TVL,2021-08-18,4958647855.0
LST TVL,2021-08-19,4858400639.0
LST TVL,2021-08-20,5124029326.0
LST TVL,2021-08-21,4990388794.0
LST TVL,2021-08-22,5015857754.0
LST TVL,2021-08-23,5347458640.0
LST TVL,2021-08-24,5273711081.0
LST TVL,2021-08-25,5236023630.0
LST TVL,2021-08-26,5033957514.0
LST TVL,2021-08-27,5637642497.0
LST TVL,2021-08-28,5315227774.0
LST TVL,2021-08-29,5770037475.0
LST TVL,2021-08-30,6016552849.0
LST TVL,2021-08-31,5892869647.0
LST TVL,2021-09-01,6102638979.0
LST TVL,2021-09-02,6277522199.0
LST TVL,2021-09-03,6593570895.0
LST TVL,2021-09-04,6882083426.0
LST TVL,2021-09-05,6772271048.0
LST TVL,2021-09-06,6860611428.0
LST TVL,2021-09-07,6876494232.0
LST TVL,2021-09-08,6696877571.0
LST TVL,2021-09-09,6047879424.0
LST TVL,2021-09-10,6324283382.0
LST TVL,2021-09-11,6763795536.0
LST TVL,2021-09-12,6843313441.0
LST TVL,2021-09-13,7061034933.0
LST TVL,2021-09-14,6498897906.0
LST TVL,2021-09-15,7059664793.0
LST TVL,2021-09-16,7075947889.0
LST TVL,2021-09-17,6735953828.0
LST TVL,2021-09-18,6860061900.0
LST TVL,2021-09-19,6600071898.0
LST TVL,2021-09-20,5886060574.0
LST TVL,2021-09-21,5379408331.0
LST TVL,2021-09-22,6348746817.0
LST TVL,2021-09-23,6685267541.0
LST TVL,2021-09-24,6445558014.0
LST TVL,2021-09-25,6536331868.0
LST TVL,2021-09-26,6438558929.0
LST TVL,2021-09-27,6447664864.0
LST TVL,2021-09-28,6012524880.0
LST TVL,2021-09-29,6167120270.0
LST TVL,2021-09-30,6681573135.0
LST TVL,2021-10-01,7099797377.0
LST TVL,2021-10-02,7544599219.0
LST TVL,2021-10-03,7554259869.0
LST TVL,2021-10-04,7759789968.0
LST TVL,2021-10-05,7854135686.0
LST TVL,2021-10-06,7946114767.0
LST TVL,2021-10-07,7849059541.0
LST TVL,2021-10-08,8360339425.0
LST TVL,2021-10-09,8100747943.0
LST TVL,2021-10-10,8103896023.0
LST TVL,2021-10-11,7715189647.0
LST TVL,2021-10-12,7619768216.0
LST TVL,2021-10-13,7636277167.0
LST TVL,2021-10-14,7821059438.0
LST TVL,2021-10-15,8063703584.0
LST TVL,2021-10-16,8256926314.0
LST TVL,2021-10-17,8162486542.0
LST TVL,2021-10-18,8285285204.0
LST TVL,2021-10-19,7994739482.0
LST TVL,2021-10-20,8319969542.0
LST TVL,2021-10-21,9224337319.0
LST TVL,2021-10-22,9055436774.0
LST TVL,2021-10-23,9005456329.0
LST TVL,2021-10-24,9257797450.0
LST TVL,2021-10-25,9140104971.0
LST TVL,2021-10-26,9515495410.0
LST TVL,2021-10-27,9358419266.0
LST TVL,2021-10-28,8817936028.0
LST TVL,2021-10-29,9619468229.0
LST TVL,2021-10-30,9764142172.0
LST TVL,2021-10-31,9647757245.0
LST TVL,2021-11-01,9551510766.0
LST TVL,2021-11-02,9663140882.0
LST TVL,2021-11-03,10102797402.0
LST TVL,2021-11-04,10366688339.0
LST TVL,2021-11-05,10567849493.0
LST TVL,2021-11-06,10386825414.0
LST TVL,2021-11-07,10555637893.0
LST TVL,2021-11-08,10721993442.0
LST TVL,2021-11-09,11148669403.0
LST TVL,2021-11-10,11125241390.0
LST TVL,2021-11-11,10836825395.0
LST TVL,2021-11-12,11198566875.0
LST TVL,2021-11-13,11088876099.0
LST TVL,2021-11-14,11195272656.0
LST TVL,2021-11-15,11249333954.0
LST TVL,2021-11-16,10717314847.0
LST TVL,2021-11-17,9935743489.0
LST TVL,2021-11-18,10227242000.0
LST TVL,2021-11-19,9606534048.0
LST TVL,2021-11-20,10167887984.0
LST TVL,2021-11-21,10467650260.0
LST TVL,2021-11-22,9877843171.0
LST TVL,2021-11-23,9795075854.0
LST TVL,2021-11-24,10259492606.0
LST TVL,2021-11-25,9948124117.0
LST TVL,2021-11-26,10639144957.0
LST TVL,2021-11-27,9804158136.0
LST TVL,2021-11-28,9892709774.0
LST TVL,2021-11-29,10826891845.0
LST TVL,2021-11-30,11062734301.0
LST TVL,2021-12-01,11955396591.0
LST TVL,2021-12-02,12122044848.0
LST TVL,2021-12-03,12295274928.0
LST TVL,2021-12-04,11727775407.0
LST TVL,2021-12-05,12237438363.0
LST TVL,2021-12-06,11564067436.0
LST TVL,2021-12-07,12107447451.0
LST TVL,2021-12-08,12308822050.0
LST TVL,2021-12-09,12691852222.0
LST TVL,2021-12-10,11765969730.0
LST TVL,2021-12-11,10993481971.0
LST TVL,2021-12-12,11058823566.0
LST TVL,2021-12-13,11417670198.0
LST TVL,2021-12-14,10384738128.0
LST TVL,2021-12-15,10791052126.0
LST TVL,2021-12-16,11305356896.0
LST TVL,2021-12-17,11339317417.0
LST TVL,2021-12-18,11279678064.0
LST TVL,2021-12-19,11895824621.0
LST TVL,2021-12-20,12304957974.0
LST TVL,2021-12-21,12638077081.0
LST TVL,2021-12-22,13312854455.0
LST TVL,2021-12-23,13057211921.0
LST TVL,2021-12-24,13840376829.0
LST TVL,2021-12-25,13939592569.0
LST TVL,2021-12-26,14103517983.0
LST TVL,2021-12-27,14082684749.0
LST TVL,2021-12-28,13506400236.0
LST TVL,2021-12-29,12785821217.0
LST TVL,2021-12-30,12390562784.0
LST TVL,2021-12-31,12522038363.0
LST TVL,2022-01-01,12704102534.0
LST TVL,2022-01-02,13262099664.0
LST TVL,2022-01-03,13307918578.0
LST TVL,2022-01-04,13122450286.0
LST TVL,2022-01-05,13049696856.0
LST TVL,2022-01-06,12128082636.0
LST TVL,2022-01-07,11727083722.0
LST TVL,2022-01-08,10935538401.0
LST TVL,2022-01-09,10567116238.0
LST TVL,2022-01-10,11066319642.0
LST TVL,2022-01-11,10631804152.0
LST TVL,2022-01-12,11302607731.0
LST TVL,2022-01-13,12110268852.0
LST TVL,2022-01-14,11702821677.0
LST TVL,2022-01-15,11950331092.0
LST TVL,2022-01-16,12386646065.0
LST TVL,2022-01-17,12408934806.0
LST TVL,2022-01-18,11685383158.0
LST TVL,2022-01-19,11683193767.0
LST TVL,2022-01-20,11609948809.0
LST TVL,2022-01-21,11309117630.0
LST TVL,2022-01-22,9505147967.0
LST TVL,2022-01-23,9341985149.0
LST TVL,2022-01-24,9804355985.0
LST TVL,2022-01-25,9346127708.0
LST TVL,2022-01-26,9326094331.0
LST TVL,2022-01-27,9569276524.0
LST TVL,2022-01-28,8639400073.0
LST TVL,2022-01-29,8752592405.0
LST TVL,2022-01-30,8803972001.0
LST TVL,2022-01-31,8400991342.0
LST TVL,2022-02-01,9035026525.0
LST TVL,2022-02-02,9343292844.0
LST TVL,2022-02-03,8839718012.0
LST TVL,2022-02-04,9038290580.0
LST TVL,2022-02-05,9839709281.0
LST TVL,2022-02-06,10143403247.0
LST TVL,2022-02-07,10225023434.0
LST TVL,2022-02-08,10671254061.0
LST TVL,2022-02-09,10512832062.0
LST TVL,2022-02-10,10727300017.0
LST TVL,2022-02-11,10142681011.0
LST TVL,2022-02-12,9649448444.0
LST TVL,2022-02-13,9700356111.0
LST TVL,2022-02-14,9663182272.0
LST TVL,2022-02-15,9918646730.0
LST TVL,2022-02-16,10643236070.0
LST TVL,2022-02-17,11640915397.0
LST TVL,2022-02-18,10644259816.0
LST TVL,2022-02-19,10406408432.0
LST TVL,2022-02-20,10335074763.0
LST TVL,2022-02-21,10016580918.0
LST TVL,2022-02-22,9892475288.0
LST TVL,2022-02-23,10312292280.0
LST TVL,2022-02-24,10905650916.0
LST TVL,2022-02-25,11297486684.0
LST TVL,2022-02-26,12325231400.0
LST TVL,2022-02-27,12862666615.0
LST TVL,2022-02-28,11913317014.0
LST TVL,2022-03-01,14645260067.0
LST TVL,2022-03-02,14778219339.0
LST TVL,2022-03-03,14866183753.0
LST TVL,2022-03-04,14350971589.0
LST TVL,2022-03-05,13216562070.0
LST TVL,2022-03-06,13787338503.0
LST TVL,2022-03-07,12841604071.0
LST TVL,2022-03-08,12886817044.0
LST TVL,2022-03-09,14219427114.0
LST TVL,2022-03-10,15734798311.0
LST TVL,2022-03-11,15073772638.0
LST TVL,2022-03-12,14368057496.0
LST TVL,2022-03-13,14244508812.0
LST TVL,2022-03-14,14174729742.0
LST TVL,2022-03-15,14974845206.0
LST TVL,2022-03-16,15045485791.0
LST TVL,2022-03-17,15719549875.0
LST TVL,2022-03-18,15555721987.0
LST TVL,2022-03-19,16597881671.0
LST TVL,2022-03-20,16915578938.0
LST TVL,2022-03-21,16563900229.0
LST TVL,2022-03-22,17156605461.0
LST TVL,2022-03-23,17237456875.0
LST TVL,2022-03-24,17499375109.0
LST TVL,2022-03-25,17649328471.0
LST TVL,2022-03-26,17276952309.0
LST TVL,2022-03-27,17562994657.0
LST TVL,2022-03-28,18252043866.0
LST TVL,2022-03-29,18980633857.0
LST TVL,2022-03-30,19846705577.0
LST TVL,2022-03-31,19922467508.0
LST TVL,2022-04-01,19776435956.0
LST TVL,2022-04-02,20539349341.0
LST TVL,2022-04-03,21448646567.0
LST TVL,2022-04-04,21431116151.0
LST TVL,2022-04-05,21948143363.0
LST TVL,2022-04-06,21481082811.0
LST TVL,2022-04-07,20259711817.0
LST TVL,2022-04-08,20274756883.0
LST TVL,2022-04-09,19527913509.0
LST TVL,2022-04-10,19901376660.0
LST TVL,2022-04-11,19524221754.0
LST TVL,2022-04-12,18016256081.0
LST TVL,2022-04-13,18220788338.0
LST TVL,2022-04-14,19028080227.0
LST TVL,2022-04-15,18196686278.0
LST TVL,2022-04-16,18330169031.0
LST TVL,2022-04-17,18486510977.0
LST TVL,2022-04-18,18011139322.0
LST TVL,2022-04-19,19536599978.0
LST TVL,2022-04-20,19947561241.0
LST TVL,2022-04-21,20013737859.0
LST TVL,2022-04-22,19312709054.0
LST TVL,2022-04-23,19614532341.0
LST TVL,2022-04-24,19219075020.0
LST TVL,2022-04-25,18915048035.0
LST TVL,2022-04-26,20327822546.0
LST TVL,2022-04-27,18967168610.0
LST TVL,2022-04-28,19520072479.0
LST TVL,2022-04-29,19711879457.0
LST TVL,2022-04-30,19050134025.0
LST TVL,2022-05-01,18515322545.0
LST TVL,2022-05-02,19119560382.0
LST TVL,2022-05-03,19613569335.0
LST TVL,2022-05-04,19276928203.0
LST TVL,2022-05-05,20373340080.0
LST TVL,2022-05-06,19328106155.0
LST TVL,2022-05-07,18786413746.0
LST TVL,2022-05-08,17518492953.0
LST TVL,2022-05-09,16910216247.0
LST TVL,2022-05-10,13090335982.0
LST TVL,2022-05-11,12384012394.0
LST TVL,2022-05-12,9938699239.0
LST TVL,2022-05-13,9048571517.0
LST TVL,2022-05-14,9383179148.0
LST TVL,2022-05-15,9495164431.0
LST TVL,2022-05-16,9819775302.0
LST TVL,2022-05-17,9470463181.0
LST TVL,2022-05-18,9693928350.0
LST TVL,2022-05-19,8951659567.0
LST TVL,2022-05-20,9300469052.0
LST TVL,2022-05-21,9033845766.0
LST TVL,2022-05-22,9155621365.0
LST TVL,2022-05-23,9458007873.0
LST TVL,2022-05-24,9200938364.0
LST TVL,2022-05-25,9147966634.0
LST TVL,2022-05-26,9073152680.0
LST TVL,2022-05-27,8275715121.0
LST TVL,2022-05-28,8021851132.0
LST TVL,2022-05-29,8306454266.0
LST TVL,2022-05-30,8382200350.0
LST TVL,2022-05-31,9229083562.0
LST TVL,2022-06-01,9035309030.0
LST TVL,2022-06-02,8480531761.0
LST TVL,2022-06-03,8493596551.0
LST TVL,2022-06-04,8221231703.0
LST TVL,2022-06-05,8366482559.0
LST TVL,2022-06-06,8379587967.0
LST TVL,2022-06-07,8204504393.0
LST TVL,2022-06-08,8427062701.0
LST TVL,2022-06-09,8315061103.0
LST TVL,2022-06-10,8265826498.0
LST TVL,2022-06-11,7792656735.0
LST TVL,2022-06-12,7115737740.0
LST TVL,2022-06-13,6590488001.0
LST TVL,2022-06-14,5589566607.0
LST TVL,2022-06-15,5595412061.0
LST TVL,2022-06-16,5726434653.0
LST TVL,2022-06-17,4962341200.0
LST TVL,2022-06-18,5089227951.0
LST TVL,2022-06-19,4640487138.0
LST TVL,2022-06-20,5107631233.0
LST TVL,2022-06-21,5232400654.0
LST TVL,2022-06-22,5210029097.0
LST TVL,2022-06-23,5014032220.0
LST TVL,2022-06-24,5336936755.0
LST TVL,2022-06-25,5700191358.0
LST TVL,2022-06-26,5794866691.0
LST TVL,2022-06-27,5615377676.0
LST TVL,2022-06-28,5523395157.0
LST TVL,2022-06-29,5358634133.0
LST TVL,2022-06-30,5120190822.0
LST TVL,2022-07-01,5174345514.0
LST TVL,2022-07-02,4992523943.0
LST TVL,2022-07-03,4993331901.0
LST TVL,2022-07-04,5039719907.0
LST TVL,2022-07-05,5430726279.0
LST TVL,2022-07-06,5414763648.0
LST TVL,2022-07-07,5593539184.0
LST TVL,2022-07-08,5823857895.0
LST TVL,2022-07-09,5725260115.0
LST TVL,2022-07-10,5721798815.0
LST TVL,2022-07-11,5514022569.0
LST TVL,2022-07-12,5170979704.0
LST TVL,2022-07-13,4922879501.0
LST TVL,2022-07-14,5247754617.0
LST TVL,2022-07-15,5610283096.0
LST TVL,2022-07-16,5769424897.0
LST TVL,2022-07-17,6429008421.0
LST TVL,2022-07-18,6372591518.0
LST TVL,2022-07-19,7438519371.0
LST TVL,2022-07-20,7282759906.0
LST TVL,2022-07-21,7208812371.0
LST TVL,2022-07-22,7381472681.0
LST TVL,2022-07-23,7558877727.0
LST TVL,2022-07-24,7419079796.0
LST TVL,2022-07-25,7439905285.0
LST TVL,2022-07-26,6900069673.0
LST TVL,2022-07-27,6836086423.0
LST TVL,2022-07-28,7679164917.0
LST TVL,2022-07-29,8195397818.0
LST TVL,2022-07-30,8204588046.0
LST TVL,2022-07-31,8093073774.0
LST TVL,2022-08-01,7998672887.0
LST TVL,2022-08-02,7814583817.0
LST TVL,2022-08-03,7611820149.0
LST TVL,2022-08-04,7807818077.0
LST TVL,2022-08-05,7680517998.0
LST TVL,2022-08-06,8284046149.0
LST TVL,2022-08-07,8021554830.0
LST TVL,2022-08-08,8135541278.0
LST TVL,2022-08-09,8481371905.0
LST TVL,2022-08-10,7994664656.0
LST TVL,2022-08-11,8951782162.0
LST TVL,2022-08-12,9027216724.0
LST TVL,2022-08-13,9351104032.0
LST TVL,2022-08-14,9530030148.0
LST TVL,2022-08-15,9342557475.0
LST TVL,2022-08-16,9087139757.0
LST TVL,2022-08-17,9092228764.0
LST TVL,2022-08-18,8855733969.0
LST TVL,2022-08-19,8763191485.0
LST TVL,2022-08-20,7824055806.0
LST TVL,2022-08-21,7583238676.0
LST TVL,2022-08-22,7756430682.0
LST TVL,2022-08-23,7786134854.0
LST TVL,2022-08-24,7885494154.0
LST TVL,2022-08-25,8020138566.0
LST TVL,2022-08-26,8090165491.0
LST TVL,2022-08-27,7261267798.0
LST TVL,2022-08-28,7201041490.0
LST TVL,2022-08-29,6897634402.0
LST TVL,2022-08-30,7423664611.0
LST TVL,2022-08-31,7439597704.0
LST TVL,2022-09-01,7410441207.0
LST TVL,2022-09-02,7595001258.0
LST TVL,2022-09-03,7599941932.0
LST TVL,2022-09-04,7519649801.0
LST TVL,2022-09-05,7596171890.0
LST TVL,2022-09-06,7961886441.0
LST TVL,2022-09-07,7408375458.0
LST TVL,2022-09-08,7832894310.0
LST TVL,2022-09-09,7907957567.0
LST TVL,2022-09-10,8274967101.0
LST TVL,2022-09-11,8558797860.0
LST TVL,2022-09-12,8436733848.0
LST TVL,2022-09-13,8298859125.0
LST TVL,2022-09-14,7601573909.0
LST TVL,2022-09-15,7905692554.0
LST TVL,2022-09-16,7141536845.0
LST TVL,2022-09-17,6990691094.0
LST TVL,2022-09-18,7061907036.0
LST TVL,2022-09-19,6533272269.0
LST TVL,2022-09-20,6661856395.0
LST TVL,2022-09-21,6528633507.0
LST TVL,2022-09-22,6099737881.0
LST TVL,2022-09-23,6517649866.0
LST TVL,2022-09-24,6487977296.0
LST TVL,2022-09-25,6497920688.0
LST TVL,2022-09-26,6425639631.0
LST TVL,2022-09-27,6646081188.0
LST TVL,2022-09-28,6635573878.0
LST TVL,2022-09-29,6622430651.0
LST TVL,2022-09-30,6651311040.0
LST TVL,2022-10-01,6627596381.0
LST TVL,2022-10-02,6555812132.0
LST TVL,2022-10-03,6406979091.0
LST TVL,2022-10-04,6628616993.0
LST TVL,2022-10-05,6787071553.0
LST TVL,2022-10-06,6823387944.0
LST TVL,2022-10-07,6804536344.0
LST TVL,2022-10-08,6694424002.0
LST TVL,2022-10-09,6600683299.0
LST TVL,2022-10-10,6680107967.0
LST TVL,2022-10-11,6455959042.0
LST TVL,2022-10-12,6481126246.0
LST TVL,2022-10-13,6586583140.0
LST TVL,2022-10-14,6489980246.0
LST TVL,2022-10-15,6530368214.0
LST TVL,2022-10-16,6437136958.0
LST TVL,2022-10-17,6575161215.0
LST TVL,2022-10-18,6723334663.0
LST TVL,2022-10-19,6580220353.0
LST TVL,2022-10-20,6469362565.0
LST TVL,2022-10-21,6481727357.0
LST TVL,2022-10-22,6607846974.0
LST TVL,2022-10-23,6644330852.0
LST TVL,2022-10-24,6911093811.0
LST TVL,2022-10-25,6818293112.0
LST TVL,2022-10-26,7486456205.0
LST TVL,2022-10-27,7978360477.0
LST TVL,2022-10-28,7814940148.0
LST TVL,2022-10-29,7988005411.0
LST TVL,2022-10-30,8357959242.0
LST TVL,2022-10-31,8236761948.0
LST TVL,2022-11-01,8203720415.0
LST TVL,2022-11-02,8336526837.0
LST TVL,2022-11-03,8100751906.0
LST TVL,2022-11-04,8132530969.0
LST TVL,2022-11-05,8732414964.0
LST TVL,2022-11-06,8653716159.0
LST TVL,2022-11-07,8365457509.0
LST TVL,2022-11-08,8332712943.0
LST TVL,2022-11-09,7026557694.0
LST TVL,2022-11-10,5990903496.0
LST TVL,2022-11-11,6824844675.0
LST TVL,2022-11-12,6739783659.0
LST TVL,2022-11-13,6627154627.0
LST TVL,2022-11-14,6380714595.0
LST TVL,2022-11-15,6565867746.0
LST TVL,2022-11-16,6625777337.0
LST TVL,2022-11-17,6462622158.0
LST TVL,2022-11-18,6398504615.0
LST TVL,2022-11-19,6413005716.0
LST TVL,2022-11-20,6475690510.0
LST TVL,2022-11-21,6051514913.0
LST TVL,2022-11-22,5909597103.0
LST TVL,2022-11-23,6047679465.0
LST TVL,2022-11-24,6301620663.0
LST TVL,2022-11-25,6385653031.0
LST TVL,2022-11-26,6426257913.0
LST TVL,2022-11-27,6426194941.0
LST TVL,2022-11-28,6392946824.0
LST TVL,2022-11-29,6223366791.0
LST TVL,2022-11-30,6791665215.0
LST TVL,2022-12-01,6913084290.0
LST TVL,2022-12-02,6857382671.0
LST TVL,2022-12-03,6903193566.0
LST TVL,2022-12-04,6692359536.0
LST TVL,2022-12-05,6912757467.0
LST TVL,2022-12-06,6767426941.0
LST TVL,2022-12-07,6788515779.0
LST TVL,2022-12-08,6602131469.0
LST TVL,2022-12-09,6837258921.0
LST TVL,2022-12-10,6772104975.0
LST TVL,2022-12-11,6793137023.0
LST TVL,2022-12-12,6736190088.0
LST TVL,2022-12-13,6820714461.0
LST TVL,2022-12-14,7104549204.0
LST TVL,2022-12-15,7021750458.0
LST TVL,2022-12-16,6838615201.0
LST TVL,2022-12-17,6305290803.0
LST TVL,2022-12-18,6380458728.0
LST TVL,2022-12-19,6402363633.0
LST TVL,2022-12-20,6308589682.0
LST TVL,2022-12-21,6515012474.0
LST TVL,2022-12-22,6560081320.0
LST TVL,2022-12-23,6563994320.0
LST TVL,2022-12-24,6588049615.0
LST TVL,2022-12-25,6599125042.0
LST TVL,2022-12-26,6581836666.0
LST TVL,2022-12-27,6619885936.0
LST TVL,2022-12-28,6538658487.0
LST TVL,2022-12-29,6449460333.0
LST TVL,2022-12-30,6495190036.0
LST TVL,2022-12-31,6486583948.0
LST TVL,2023-01-01,6473723602.0
LST TVL,2023-01-02,6487090678.0
LST TVL,2023-01-03,6597373684.0
LST TVL,2023-01-04,6591731067.0
LST TVL,2023-01-05,6819895368.0
LST TVL,2023-01-06,6818646890.0
LST TVL,2023-01-07,6901804552.0
LST TVL,2023-01-08,6864164345.0
LST TVL,2023-01-09,7026691255.0
LST TVL,2023-01-10,7220012579.0
LST TVL,2023-01-11,7296773133.0
LST TVL,2023-01-12,7676548502.0
LST TVL,2023-01-13,7696010209.0
LST TVL,2023-01-14,8392098715.0
LST TVL,2023-01-15,8388728387.0
LST TVL,2023-01-16,8477394027.0
LST TVL,2023-01-17,8597361272.0
LST TVL,2023-01-18,8623783834.0
LST TVL,2023-01-19,8344301504.0
LST TVL,2023-01-20,8556272697.0
LST TVL,2023-01-21,9153534925.0
LST TVL,2023-01-22,9043995888.0
LST TVL,2023-01-23,9066045770.0
LST TVL,2023-01-24,9142887492.0
LST TVL,2023-01-25,8707868459.0
LST TVL,2023-01-26,9107794479.0
LST TVL,2023-01-27,8991957531.0
LST TVL,2023-01-28,9056080204.0
LST TVL,2023-01-29,8963585285.0
LST TVL,2023-01-30,9313321447.0
LST TVL,2023-01-31,8893764021.0
LST TVL,2023-02-01,8998420293.0
LST TVL,2023-02-02,9536099170.0
LST TVL,2023-02-03,9369703904.0
LST TVL,2023-02-04,9482029659.0
LST TVL,2023-02-05,9497151307.0
LST TVL,2023-02-06,9362034389.0
LST TVL,2023-02-07,9274268019.0
LST TVL,2023-02-08,9631244683.0
LST TVL,2023-02-09,9469513630.0
LST TVL,2023-02-10,8890365233.0
LST TVL,2023-02-11,8710666315.0
LST TVL,2023-02-12,8853818013.0
LST TVL,2023-02-13,8730319729.0
LST TVL,2023-02-14,8676154988.0
LST TVL,2023-02-15,8969943184.0
LST TVL,2023-02-16,9772683856.0
LST TVL,2023-02-17,9601238303.0
LST TVL,2023-02-18,9884537044.0
LST TVL,2023-02-19,9898994601.0
LST TVL,2023-02-20,9813322383.0
LST TVL,2023-02-21,10002858911.0
LST TVL,2023-02-22,9741855229.0
LST TVL,2023-02-23,9655123978.0
LST TVL,2023-02-24,9707107125.0
LST TVL,2023-02-25,9453040160.0
LST TVL,2023-02-26,9697296471.0
LST TVL,2023-02-27,10086587824.0
LST TVL,2023-02-28,10305639145.0
LST TVL,2023-03-01,10216393421.0
LST TVL,2023-03-02,10575696534.0
LST TVL,2023-03-03,10504084674.0
LST TVL,2023-03-04,10056681300.0
LST TVL,2023-03-05,10041873824.0
LST TVL,2023-03-06,10050150122.0
LST TVL,2023-03-07,10030318823.0
LST TVL,2023-03-08,10076474008.0
LST TVL,2023-03-09,9855903488.0
LST TVL,2023-03-10,9204590031.0
LST TVL,2023-03-11,9275112668.0
LST TVL,2023-03-12,9474735735.0
LST TVL,2023-03-13,10441968117.0
LST TVL,2023-03-14,10863314983.0
LST TVL,2023-03-15,11051324976.0
LST TVL,2023-03-16,10749353738.0
LST TVL,2023-03-17,10875091892.0
LST TVL,2023-03-18,11703663814.0
LST TVL,2023-03-19,11606949483.0
LST TVL,2023-03-20,11636891868.0
LST TVL,2023-03-21,11507544260.0
LST TVL,2023-03-22,11754747985.0
LST TVL,2023-03-23,11441185366.0
LST TVL,2023-03-24,11852946609.0
LST TVL,2023-03-25,11548991905.0
LST TVL,2023-03-26,11496493086.0
LST TVL,2023-03-27,11671856028.0
LST TVL,2023-03-28,11533626105.0
LST TVL,2023-03-29,11659457699.0
LST TVL,2023-03-30,11788986234.0
LST TVL,2023-03-31,11890227891.0
LST TVL,2023-04-01,12015724283.0
LST TVL,2023-04-02,12002544457.0
LST TVL,2023-04-03,11838054423.0
LST TVL,2023-04-04,11954798468.0
LST TVL,2023-04-05,12580538088.0
LST TVL,2023-04-06,12608242086.0
LST TVL,2023-04-07,12490136010.0
LST TVL,2023-04-08,12347142269.0
LST TVL,2023-04-09,12348064583.0
LST TVL,2023-04-10,12389019911.0
LST TVL,2023-04-11,12726801414.0
LST TVL,2023-04-12,12641260098.0
LST TVL,2023-04-13,12764099838.0
LST TVL,2023-04-14,13997757092.0
LST TVL,2023-04-15,14028295136.0
LST TVL,2023-04-16,14079114057.0
LST TVL,2023-04-17,14092362513.0
LST TVL,2023-04-18,14028052654.0
LST TVL,2023-04-19,14213506139.0
LST TVL,2023-04-20,13219340143.0
LST TVL,2023-04-21,13296209203.0
LST TVL,2023-04-22,12609233288.0
LST TVL,2023-04-23,12741926508.0
LST TVL,2023-04-24,12774962558.0
LST TVL,2023-04-25,12651471981.0
LST TVL,2023-04-26,12883953418.0
LST TVL,2023-04-27,13255882439.0
LST TVL,2023-04-28,13177424508.0
LST TVL,2023-04-29,13252300598.0
LST TVL,2023-04-30,13365799393.0
LST TVL,2023-05-01,13244175558.0
LST TVL,2023-05-02,12898465602.0
LST TVL,2023-05-03,13178799160.0
LST TVL,2023-05-04,13544834013.0
LST TVL,2023-05-05,13385446246.0
LST TVL,2023-05-06,14284555283.0
LST TVL,2023-05-07,13624781791.0
LST TVL,2023-05-08,13481160068.0
LST TVL,2023-05-09,13321583268.0
LST TVL,2023-05-10,13422308028.0
LST TVL,2023-05-11,13372630015.0
LST TVL,2023-05-12,13177571118.0
LST TVL,2023-05-13,13444821103.0
LST TVL,2023-05-14,13440080420.0
LST TVL,2023-05-15,13405684276.0
LST TVL,2023-05-16,13711313823.0
LST TVL,2023-05-17,13806171900.0
LST TVL,2023-05-18,13052294164.0
LST TVL,2023-05-19,13025867901.0
LST TVL,2023-05-20,13133915999.0
LST TVL,2023-05-21,13316032443.0
LST TVL,2023-05-22,13230580209.0
LST TVL,2023-05-23,13421639838.0
LST TVL,2023-05-24,13893849043.0
LST TVL,2023-05-25,13520698031.0
LST TVL,2023-05-26,13635722092.0
LST TVL,2023-05-27,13917583546.0
LST TVL,2023-05-28,14098040094.0
LST TVL,2023-05-29,14726866530.0
LST TVL,2023-05-30,14571892634.0
LST TVL,2023-05-31,14772862697.0
LST TVL,2023-06-01,14620614695.0
LST TVL,2023-06-02,14641106169.0
LST TVL,2023-06-03,15042719132.0
LST TVL,2023-06-04,14985533923.0
LST TVL,2023-06-05,14953106997.0
LST TVL,2023-06-06,14391425244.0
LST TVL,2023-06-07,15056772339.0
LST TVL,2023-06-08,14688249781.0
LST TVL,2023-06-09,14796512423.0
LST TVL,2023-06-10,14711328459.0
LST TVL,2023-06-11,14004928797.0
LST TVL,2023-06-12,14009668270.0
LST TVL,2023-06-13,13906078531.0
LST TVL,2023-06-14,14000053100.0
LST TVL,2023-06-15,13933370710.0
LST TVL,2023-06-16,14036923050.0
LST TVL,2023-06-17,14076528596.0
LST TVL,2023-06-18,13958170019.0
LST TVL,2023-06-19,13950729869.0
LST TVL,2023-06-20,14174626114.0
LST TVL,2023-06-21,14653140463.0
LST TVL,2023-06-22,15651128452.0
LST TVL,2023-06-23,15443390799.0
LST TVL,2023-06-24,15551801129.0
LST TVL,2023-06-25,15471077094.0
LST TVL,2023-06-26,15666734392.0
LST TVL,2023-06-27,15444356453.0
LST TVL,2023-06-28,15548494948.0
LST TVL,2023-06-29,15210222985.0
LST TVL,2023-06-30,15424518238.0
LST TVL,2023-07-01,16174837505.0
LST TVL,2023-07-02,16146986994.0
LST TVL,2023-07-03,16314451738.0
LST TVL,2023-07-04,16478876239.0
LST TVL,2023-07-05,16347641107.0
LST TVL,2023-07-06,16079879705.0
LST TVL,2023-07-07,15634006996.0
LST TVL,2023-07-08,15888587942.0
LST TVL,2023-07-09,15868175242.0
LST TVL,2023-07-10,15840972266.0
LST TVL,2023-07-11,15994013925.0
LST TVL,2023-07-12,16058287919.0
LST TVL,2023-07-13,16084787869.0
LST TVL,2023-07-14,17377166602.0
LST TVL,2023-07-15,16728322337.0
LST TVL,2023-07-16,16755610761.0
LST TVL,2023-07-17,16671495220.0
LST TVL,2023-07-18,16608962188.0
LST TVL,2023-07-19,16559713266.0
LST TVL,2023-07-20,16428406190.0
LST TVL,2023-07-21,16441989296.0
LST TVL,2023-07-22,16507748707.0
LST TVL,2023-07-23,16225798720.0
LST TVL,2023-07-24,16512254800.0
LST TVL,2023-07-25,16187428792.0
LST TVL,2023-07-26,16282481720.0
LST TVL,2023-07-27,16412385780.0
LST TVL,2023-07-28,16402106975.0
LST TVL,2023-07-29,16555265617.0
LST TVL,2023-07-30,16634199876.0
LST TVL,2023-07-31,16586529996.0
LST TVL,2023-08-01,16511396619.0
LST TVL,2023-08-02,16575320110.0
LST TVL,2023-08-03,16350428770.0
LST TVL,2023-08-04,16327242358.0
LST TVL,2023-08-05,16335868520.0
LST TVL,2023-08-06,16379197960.0
LST TVL,2023-08-07,16360040296.0
LST TVL,2023-08-08,16410574709.0
LST TVL,2023-08-09,16663883668.0
LST TVL,2023-08-10,16661890489.0
LST TVL,2023-08-11,16693140877.0
LST TVL,2023-08-12,16730276681.0
LST TVL,2023-08-13,16758829688.0
LST TVL,2023-08-14,16695925002.0
LST TVL,2023-08-15,16762823226.0
LST TVL,2023-08-16,16645689788.0
LST TVL,2023-08-17,16334954120.0
LST TVL,2023-08-18,15452156322.0
LST TVL,2023-08-19,15264338278.0
LST TVL,2023-08-20,15361622826.0
LST TVL,2023-08-21,15457697372.0
LST TVL,2023-08-22,15399332072.0
LST TVL,2023-08-23,15179386819.0
LST TVL,2023-08-24,15675855171.0
LST TVL,2023-08-25,15493326188.0
LST TVL,2023-08-26,15442069178.0
LST TVL,2023-08-27,15422148706.0
LST TVL,2023-08-28,15540292542.0
LST TVL,2023-08-29,15605780346.0
LST TVL,2023-08-30,16439205477.0
LST TVL,2023-08-31,16231473066.0
LST TVL,2023-09-01,15870617307.0
LST TVL,2023-09-02,15876074107.0
LST TVL,2023-09-03,15903650397.0
LST TVL,2023-09-04,15877440320.0
LST TVL,2023-09-05,15831765818.0
LST TVL,2023-09-06,15947756020.0
LST TVL,2023-09-07,15955862334.0
LST TVL,2023-09-08,16127937631.0
LST TVL,2023-09-09,15992651478.0
LST TVL,2023-09-10,15972629279.0
LST TVL,2023-09-11,15838088471.0
LST TVL,2023-09-12,15252778140.0
LST TVL,2023-09-13,15654974069.0
LST TVL,2023-09-14,15773299679.0
LST TVL,2023-09-15,16217970217.0
LST TVL,2023-09-16,16459167289.0
LST TVL,2023-09-17,16268168349.0
LST TVL,2023-09-18,16169057628.0
LST TVL,2023-09-19,16367077075.0
LST TVL,2023-09-20,16482807217.0
LST TVL,2023-09-21,16300626896.0
LST TVL,2023-09-22,15936474909.0
LST TVL,2023-09-23,16087857687.0
LST TVL,2023-09-24,16168151382.0
LST TVL,2023-09-25,16176722422.0
LST TVL,2023-09-26,16516668426.0
LST TVL,2023-09-27,16578811324.0
LST TVL,2023-09-28,16687590684.0
LST TVL,2023-09-29,17271926965.0
LST TVL,2023-09-30,17426146832.0
LST TVL,2023-10-01,17533054363.0
LST TVL,2023-10-02,18113957169.0
LST TVL,2023-10-03,17431419669.0
LST TVL,2023-10-04,17611942678.0
LST TVL,2023-10-05,17624150082.0
LST TVL,2023-10-06,17323979291.0
LST TVL,2023-10-07,17630249540.0
LST TVL,2023-10-08,17500370503.0
LST TVL,2023-10-09,17505925375.0
LST TVL,2023-10-10,16970293326.0
LST TVL,2023-10-11,16747550541.0
LST TVL,2023-10-12,16736711134.0
LST TVL,2023-10-13,16524177194.0
LST TVL,2023-10-14,16638724013.0
LST TVL,2023-10-15,16659662837.0
LST TVL,2023-10-16,16680010988.0
LST TVL,2023-10-17,17164036957.0
LST TVL,2023-10-18,16802242499.0
LST TVL,2023-10-19,16795527140.0
LST TVL,2023-10-20,16826048383.0
LST TVL,2023-10-21,17251372440.0
LST TVL,2023-10-22,17589072129.0
LST TVL,2023-10-23,17878441586.0
LST TVL,2023-10-24,19120453235.0
LST TVL,2023-10-25,19057537700.0
LST TVL,2023-10-26,19225447211.0
LST TVL,2023-10-27,19355514321.0
LST TVL,2023-10-28,19163984154.0
LST TVL,2023-10-29,19111549989.0
LST TVL,2023-10-30,19355124956.0
LST TVL,2023-10-31,19771768815.0
LST TVL,2023-11-01,19684525977.0
LST TVL,2023-11-02,20020154088.0
LST TVL,2023-11-03,19847002086.0
LST TVL,2023-11-04,20014708669.0
LST TVL,2023-11-05,20577389162.0
LST TVL,2023-11-06,20719159802.0
LST TVL,2023-11-07,20606749514.0
LST TVL,2023-11-08,20732884708.0
LST TVL,2023-11-09,20969985328.0
LST TVL,2023-11-10,23038095222.0
LST TVL,2023-11-11,22766471187.0
LST TVL,2023-11-12,22616495004.0
LST TVL,2023-11-13,22669310827.0
LST TVL,2023-11-14,22481977175.0
LST TVL,2023-11-15,22117603559.0
LST TVL,2023-11-16,22617722636.0
LST TVL,2023-11-17,21724747333.0
LST TVL,2023-11-18,21446514678.0
LST TVL,2023-11-19,21706739034.0
LST TVL,2023-11-20,22518854459.0
LST TVL,2023-11-21,22356245241.0
LST TVL,2023-11-22,22322319868.0
LST TVL,2023-11-23,23105193917.0
LST TVL,2023-11-24,23644728200.0
LST TVL,2023-11-25,23390354809.0
LST TVL,2023-11-26,23570375075.0
LST TVL,2023-11-27,22957810738.0
LST TVL,2023-11-28,22893701519.0
LST TVL,2023-11-29,23277847161.0
LST TVL,2023-11-30,23087149680.0
LST TVL,2023-12-01,23724809712.0
LST TVL,2023-12-02,23896653782.0
LST TVL,2023-12-03,24670999402.0
LST TVL,2023-12-04,25564918627.0
LST TVL,2023-12-05,25247375939.0
LST TVL,2023-12-06,26022684257.0
LST TVL,2023-12-07,25484823170.0
LST TVL,2023-12-08,26831613750.0
LST TVL,2023-12-09,26945455806.0
LST TVL,2023-12-10,26732296880.0
LST TVL,2023-12-11,25843857396.0
LST TVL,2023-12-12,25405095401.0
LST TVL,2023-12-13,24915245770.0
LST TVL,2023-12-14,26116436667.0
LST TVL,2023-12-15,26148029040.0
LST TVL,2023-12-16,25690852278.0
LST TVL,2023-12-17,25405728926.0
LST TVL,2023-12-18,24562521866.0
LST TVL,2023-12-19,25894454525.0
LST TVL,2023-12-20,25254854108.0
LST TVL,2023-12-21,25549364512.0
LST TVL,2023-12-22,26401376276.0
LST TVL,2023-12-23,26517459016.0
LST TVL,2023-12-24,26515182481.0
LST TVL,2023-12-25,26136802142.0
LST TVL,2023-12-26,25776891822.0
LST TVL,2023-12-27,25839753401.0
LST TVL,2023-12-28,27598108704.0
LST TVL,2023-12-29,27205758747.0
LST TVL,2023-12-30,26478207654.0
LST TVL,2023-12-31,26743978335.0
LST TVL,2024-01-01,26666734070.0
LST TVL,2024-01-02,27873762246.0
LST TVL,2024-01-03,27641257600.0
LST TVL,2024-01-04,25788385197.0
LST TVL,2024-01-05,26354375604.0
LST TVL,2024-01-06,26136594477.0
LST TVL,2024-01-07,26046167019.0
LST TVL,2024-01-08,25859356437.0
LST TVL,2024-01-09,26707477929.0
LST TVL,2024-01-10,28220093924.0
LST TVL,2024-01-11,30930531399.0
LST TVL,2024-01-12,30814267432.0
LST TVL,2024-01-13,29743940739.0
LST TVL,2024-01-14,30140366826.0
LST TVL,2024-01-15,29818381042.0
LST TVL,2024-01-16,29974714350.0
LST TVL,2024-01-17,30213531098.0
LST TVL,2024-01-18,29973995989.0
LST TVL,2024-01-19,29532455450.0
LST TVL,2024-01-20,29435236718.0
LST TVL,2024-01-21,29484006816.0
LST TVL,2024-01-22,28682827827.0
LST TVL,2024-01-23,26906000706.0
LST TVL,2024-01-24,27004730848.0
LST TVL,2024-01-25,26737416701.0
LST TVL,2024-01-26,27084773776.0
LST TVL,2024-01-27,27356426973.0
LST TVL,2024-01-28,27660343833.0
LST TVL,2024-01-29,27468194184.0
LST TVL,2024-01-30,28127936709.0
LST TVL,2024-01-31,28031856663.0
LST TVL,2024-02-01,27680116205.0
LST TVL,2024-02-02,28346502391.0
LST TVL,2024-02-03,28594991915.0
LST TVL,2024-02-04,28488689510.0
LST TVL,2024-02-05,28728284909.0
LST TVL,2024-02-06,28866375618.0
LST TVL,2024-02-07,29491125439.0
LST TVL,2024-02-08,30418457566.0
LST TVL,2024-02-09,31057340763.0
LST TVL,2024-02-10,31587046457.0
LST TVL,2024-02-11,32066807968.0
LST TVL,2024-02-12,31723532139.0
LST TVL,2024-02-13,33969907662.0
LST TVL,2024-02-14,34906092441.0
LST TVL,2024-02-15,35974501078.0
LST TVL,2024-02-16,36559853092.0
LST TVL,2024-02-17,36005845171.0
LST TVL,2024-02-18,36311272795.0
LST TVL,2024-02-19,37645087018.0
LST TVL,2024-02-20,37899815823.0
LST TVL,2024-02-21,38124403911.0
LST TVL,2024-02-22,38689052971.0
LST TVL,2024-02-23,38568793721.0
LST TVL,2024-02-24,38702946673.0
LST TVL,2024-02-25,39271860319.0
LST TVL,2024-02-26,40116864211.0
LST TVL,2024-02-27,42363080004.0
LST TVL,2024-02-28,43391137700.0
LST TVL,2024-02-29,45379515040.0
LST TVL,2024-03-01,44828227036.0
LST TVL,2024-03-02,45241205617.0
LST TVL,2024-03-03,45161853901.0
LST TVL,2024-03-04,46371465147.0
LST TVL,2024-03-05,49080161214.0
LST TVL,2024-03-06,50045214201.0
LST TVL,2024-03-07,50554824546.0
LST TVL,2024-03-08,52080564542.0
LST TVL,2024-03-09,52110968763.0
LST TVL,2024-03-10,52480883270.0
LST TVL,2024-03-11,53199205618.0
LST TVL,2024-03-12,53746694485.0
LST TVL,2024-03-13,54091370264.0
LST TVL,2024-03-14,53802419317.0
LST TVL,2024-03-15,53105339982.0
LST TVL,2024-03-16,51493403502.0
LST TVL,2024-03-17,48481361849.0
LST TVL,2024-03-18,49634260410.0
LST TVL,2024-03-19,48250669900.0
LST TVL,2024-03-20,43595454666.0
LST TVL,2024-03-21,48239944178.0
LST TVL,2024-03-22,47801563045.0
LST TVL,2024-03-23,45496434811.0
LST TVL,2024-03-24,45775467901.0
LST TVL,2024-03-25,47076769791.0
LST TVL,2024-03-26,49176526877.0
LST TVL,2024-03-27,49052806172.0
LST TVL,2024-03-28,47923875149.0
LST TVL,2024-03-29,48903964401.0
LST TVL,2024-03-30,48300159135.0
LST TVL,2024-03-31,48245739912.0
LST TVL,2024-04-01,49964790340.0
LST TVL,2024-04-02,47916373430.0
LST TVL,2024-04-03,44695010435.0
LST TVL,2024-04-04,45249365174.0
LST TVL,2024-04-05,45246956349.0
LST TVL,2024-04-06,45327049317.0
LST TVL,2024-04-07,45798379825.0
LST TVL,2024-04-08,46552381807.0
LST TVL,2024-04-09,50216812296.0
LST TVL,2024-04-10,47856425357.0
LST TVL,2024-04-11,47731390439.0
LST TVL,2024-04-12,47628987146.0
LST TVL,2024-04-13,43721762724.0
LST TVL,2024-04-14,39778531133.0
LST TVL,2024-04-15,41810210560.0
LST TVL,2024-04-16,41976976740.0
LST TVL,2024-04-17,41752748817.0
LST TVL,2024-04-18,40502700656.0
LST TVL,2024-04-19,41439786037.0
LST TVL,2024-04-20,41784724503.0
LST TVL,2024-04-21,42664441131.0
LST TVL,2024-04-22,42732289149.0
LST TVL,2024-04-23,43625554114.0
LST TVL,2024-04-24,43638280435.0
LST TVL,2024-04-25,42744929880.0
LST TVL,2024-04-26,43153117118.0
LST TVL,2024-04-27,42673027612.0
LST TVL,2024-04-28,44109116874.0
LST TVL,2024-04-29,44832864445.0
LST TVL,2024-04-30,43637445935.0
LST TVL,2024-05-01,40830426346.0
LST TVL,2024-05-02,40586509036.0
LST TVL,2024-05-03,41039245993.0
LST TVL,2024-05-04,42636498991.0
LST TVL,2024-05-05,42774441165.0
LST TVL,2024-05-06,43021147066.0
LST TVL,2024-05-07,42522674447.0
LST TVL,2024-05-08,42027272952.0
LST TVL,2024-05-09,40945377045.0
LST TVL,2024-05-10,41741656218.0
LST TVL,2024-05-11,40135544395.0
LST TVL,2024-05-12,40324994551.0
LST TVL,2024-05-13,40433146726.0
LST TVL,2024-05-14,40998614789.0
LST TVL,2024-05-15,40133289105.0
LST TVL,2024-05-16,42086985206.0
LST TVL,2024-05-17,41053174866.0
LST TVL,2024-05-18,43323383874.0
LST TVL,2024-05-19,43724446731.0
LST TVL,2024-05-20,42995103832.0
LST TVL,2024-05-21,50784278032.0
LST TVL,2024-05-22,52442610458.0
LST TVL,2024-05-23,52197098136.0
LST TVL,2024-05-24,52804712704.0
LST TVL,2024-05-25,51722000623.0
LST TVL,2024-05-26,51887978990.0
LST TVL,2024-05-27,53176950901.0
LST TVL,2024-05-28,54023366274.0
LST TVL,2024-05-29,54131934683.0
LST TVL,2024-05-30,53389219279.0
LST TVL,2024-05-31,53116007425.0
LST TVL,2024-06-01,53603689636.0
LST TVL,2024-06-02,54136638372.0
LST TVL,2024-06-03,53710658104.0
LST TVL,2024-06-04,53733780291.0
LST TVL,2024-06-05,54689567097.0
LST TVL,2024-06-06,55270078443.0
LST TVL,2024-06-07,54646361438.0
LST TVL,2024-06-08,53080591593.0
LST TVL,2024-06-09,52704652286.0
LST TVL,2024-06-10,53588443037.0
LST TVL,2024-06-11,52918722280.0
LST TVL,2024-06-12,50404496382.0
LST TVL,2024-06-13,51443658074.0
LST TVL,2024-06-14,50195678461.0
LST TVL,2024-06-15,50171089696.0
LST TVL,2024-06-16,51450683616.0
LST TVL,2024-06-17,52013711270.0
LST TVL,2024-06-18,50926787182.0
LST TVL,2024-06-19,50178750315.0
LST TVL,2024-06-20,51346144011.0
LST TVL,2024-06-21,51027313913.0
LST TVL,2024-06-22,51116472353.0
LST TVL,2024-06-23,50979862436.0
LST TVL,2024-06-24,49944934295.0
LST TVL,2024-06-25,48871037422.0
LST TVL,2024-06-26,49992985280.0
LST TVL,2024-06-27,49805939976.0
LST TVL,2024-06-28,50957045914.0
LST TVL,2024-06-29,49868679220.0
LST TVL,2024-06-30,49846587333.0
LST TVL,2024-07-01,50420992594.0
LST TVL,2024-07-02,51042129555.0
LST TVL,2024-07-03,50525516216.0
LST TVL,2024-07-04,48814369871.0
LST TVL,2024-07-05,46523444726.0
LST TVL,2024-07-06,44251865706.0
LST TVL,2024-07-07,45487063001.0
LST TVL,2024-07-08,43743614538.0
LST TVL,2024-07-09,44819925551.0
LST TVL,2024-07-10,45413492307.0
LST TVL,2024-07-11,46003945279.0
LST TVL,2024-07-12,46153331560.0
LST TVL,2024-07-13,46234409162.0
LST TVL,2024-07-14,46890201163.0
LST TVL,2024-07-15,48304881006.0
LST TVL,2024-07-16,51064871593.0
LST TVL,2024-07-17,51235419766.0
LST TVL,2024-07-18,50850884477.0
LST TVL,2024-07-19,51041889068.0
LST TVL,2024-07-20,52519507829.0
LST TVL,2024-07-21,52701206791.0
LST TVL,2024-07-22,53082315789.0
LST TVL,2024-07-23,52007614508.0
LST TVL,2024-07-24,52392048490.0
LST TVL,2024-07-25,50614232343.0
LST TVL,2024-07-26,48136047459.0
LST TVL,2024-07-27,49774304680.0
LST TVL,2024-07-28,49852721408.0
LST TVL,2024-07-29,49608700093.0
LST TVL,2024-07-30,50951150386.0
LST TVL,2024-07-31,49990768730.0
LST TVL,2024-08-01,49022052663.0
LST TVL,2024-08-02,48305782073.0
LST TVL,2024-08-03,45614254279.0
LST TVL,2024-08-04,44069478445.0
LST TVL,2024-08-05,41371239576.0
LST TVL,2024-08-06,37007425327.0
LST TVL,2024-08-07,37868925354.0
LST TVL,2024-08-08,35842780566.0
LST TVL,2024-08-09,39400058387.0
LST TVL,2024-08-10,39545532430.0
LST TVL,2024-08-11,39726336599.0
LST TVL,2024-08-12,39213598317.0
LST TVL,2024-08-13,41088538064.0
LST TVL,2024-08-14,41622059688.0
LST TVL,2024-08-15,40823602158.0
LST TVL,2024-08-16,39758091793.0
LST TVL,2024-08-17,40343903478.0
LST TVL,2024-08-18,40413543160.0
LST TVL,2024-08-19,41067489290.0
LST TVL,2024-08-20,40645378950.0
LST TVL,2024-08-21,40241742472.0
LST TVL,2024-08-22,41300485181.0
LST TVL,2024-08-23,41057012529.0
LST TVL,2024-08-24,43613311476.0
LST TVL,2024-08-25,43178061248.0
LST TVL,2024-08-26,43703919980.0
LST TVL,2024-08-27,42471255604.0
LST TVL,2024-08-28,38669217848.0
LST TVL,2024-08-29,39846487183.0
LST TVL,2024-08-30,39728820566.0
LST TVL,2024-08-31,39939363457.0
LST TVL,2024-09-01,39790871437.0
LST TVL,2024-09-02,38385615803.0
LST TVL,2024-09-03,40209052702.0
LST TVL,2024-09-04,38818728826.0
LST TVL,2024-09-05,39129850337.0
LST TVL,2024-09-06,37689226617.0
LST TVL,2024-09-07,35267039223.0
LST TVL,2024-09-08,36049413161.0
LST TVL,2024-09-09,36778539781.0
LST TVL,2024-09-10,37760144590.0
LST TVL,2024-09-11,38008872990.0
LST TVL,2024-09-12,37404556593.0
LST TVL,2024-09-13,37675189417.0
LST TVL,2024-09-14,39325920816.0
LST TVL,2024-09-15,38841648712.0
LST TVL,2024-09-16,37707782336.0
LST TVL,2024-09-17,36818803182.0
LST TVL,2024-09-18,37695825759.0
LST TVL,2024-09-19,37676496384.0
LST TVL,2024-09-20,39516930354.0
LST TVL,2024-09-21,40997772361.0
LST TVL,2024-09-22,41276100498.0
LST TVL,2024-09-23,40796234584.0
LST TVL,2024-09-24,42485619136.0
LST TVL,2024-09-25,42816017797.0
LST TVL,2024-09-26,41827827456.0
LST TVL,2024-09-27,43178607933.0
LST TVL,2024-09-28,43954051326.0
LST TVL,2024-09-29,43502131477.0
LST TVL,2024-09-30,43357576924.0
LST TVL,2024-10-01,42608355249.0
LST TVL,2024-10-02,40343126896.0
LST TVL,2024-10-03,38712942501.0
LST TVL,2024-10-04,38342080140.0
LST TVL,2024-10-05,39596746691.0
LST TVL,2024-10-06,39450271035.0
LST TVL,2024-10-07,39784138265.0
LST TVL,2024-10-08,39974389316.0
LST TVL,2024-10-09,39899037692.0
LST TVL,2024-10-10,38637357473.0
LST TVL,2024-10-11,38691170758.0
LST TVL,2024-10-12,39986022568.0
LST TVL,2024-10-13,40526709841.0
LST TVL,2024-10-14,40389745901.0
LST TVL,2024-10-15,43054367772.0
LST TVL,2024-10-16,42566741992.0
LST TVL,2024-10-17,43071986836.0
LST TVL,2024-10-18,42759486866.0
LST TVL,2024-10-19,43645457019.0
LST TVL,2024-10-20,43767674526.0
LST TVL,2024-10-21,45443037917.0
LST TVL,2024-10-22,44532560504.0
LST TVL,2024-10-23,44185392846.0
LST TVL,2024-10-24,42339285890.0
LST TVL,2024-10-25,43072993130.0
LST TVL,2024-10-26,41926365728.0
LST TVL,2024-10-27,42070845070.0
LST TVL,2024-10-28,42708051030.0
LST TVL,2024-10-29,43640956258.0
LST TVL,2024-10-30,44792846062.0
LST TVL,2024-10-31,45173173011.0
LST TVL,2024-11-01,42762953483.0
LST TVL,2024-11-02,42685523569.0
LST TVL,2024-11-03,42266436261.0
LST TVL,2024-11-04,41806786505.0
LST TVL,2024-11-05,40646381550.0
LST TVL,2024-11-06,41425054197.0
LST TVL,2024-11-07,46673031477.0
LST TVL,2024-11-08,49491582093.0
LST TVL,2024-11-09,52056363405.0
LST TVL,2024-11-10,54647359867.0
LST TVL,2024-11-11,56038080850.0
LST TVL,2024-11-12,58827420929.0
LST TVL,2024-11-13,57551461984.0
LST TVL,2024-11-14,56314990321.0
LST TVL,2024-11-15,54112069315.0
LST TVL,2024-11-16,54869991375.0
LST TVL,2024-11-17,55452689448.0
LST TVL,2024-11-18,54997518011.0
LST TVL,2024-11-19,56720850145.0
LST TVL,2024-11-20,55697467031.0
LST TVL,2024-11-21,55215772964.0
LST TVL,2024-11-22,60459135331.0
LST TVL,2024-11-23,59864281051.0
LST TVL,2024-11-24,61107540969.0
LST TVL,2024-11-25,60364487592.0
LST TVL,2024-11-26,60560969213.0
LST TVL,2024-11-27,59261068329.0
LST TVL,2024-11-28,65078966263.0
LST TVL,2024-11-29,63757655101.0
LST TVL,2024-11-30,64329748244.0
LST TVL,2024-12-01,66249000083.0
LST TVL,2024-12-02,66296506813.0
LST TVL,2024-12-03,64390677436.0
LST TVL,2024-12-04,64705346108.0
LST TVL,2024-12-05,68004179155.0
LST TVL,2024-12-06,67600489328.0
LST TVL,2024-12-07,70707962310.0
LST TVL,2024-12-08,70879035748.0
LST TVL,2024-12-09,70909055358.0
LST TVL,2024-12-10,65608806982.0
LST TVL,2024-12-11,64447694275.0
LST TVL,2024-12-12,68031370378.0
LST TVL,2024-12-13,68702750333.0
LST TVL,2024-12-14,69229334988.0
LST TVL,2024-12-15,68399352978.0
LST TVL,2024-12-16,69003559749.0
LST TVL,2024-12-17,70311137588.0
LST TVL,2024-12-18,68566509886.0
LST TVL,2024-12-19,64510583135.0
LST TVL,2024-12-20,60485151470.0
LST TVL,2024-12-21,61083597037.0
LST TVL,2024-12-22,58311275273.0
LST TVL,2024-12-23,57558563157.0
LST TVL,2024-12-24,60256121281.0
LST TVL,2024-12-25,61616930818.0
LST TVL,2024-12-26,61407665612.0
LST TVL,2024-12-27,58424113214.0
LST TVL,2024-12-28,58250681279.0
LST TVL,2024-12-29,59884902595.0
LST TVL,2024-12-30,58955988541.0
LST TVL,2024-12-31,59242593386.0
LST TVL,2025-01-01,58810589254.0
LST TVL,2025-01-02,59291699594.0
LST TVL,2025-01-03,61088899879.0
LST TVL,2025-01-04,64145766505.0
LST TVL,2025-01-05,64912665379.0
LST TVL,2025-01-06,64549430651.0
LST TVL,2025-01-07,65633404238.0
LST TVL,2025-01-08,60314572149.0
LST TVL,2025-01-09,59430616597.0
LST TVL,2025-01-10,57316787863.0
LST TVL,2025-01-11,58038090789.0
LST TVL,2025-01-12,58358679851.0
LST TVL,2025-01-13,57583132066.0
LST TVL,2025-01-14,55821525061.0
LST TVL,2025-01-15,57555913767.0
LST TVL,2025-01-16,61412050321.0
LST TVL,2025-01-17,59572812388.0
LST TVL,2025-01-18,62828005167.0
LST TVL,2025-01-19,60930582490.0
LST TVL,2025-01-20,59545844375.0
LST TVL,2025-01-21,60344648553.0
LST TVL,2025-01-22,61195508565.0
LST TVL,2025-01-23,60262263910.0
LST TVL,2025-01-24,61511459857.0
LST TVL,2025-01-25,61130822578.0
LST TVL,2025-01-26,61761916482.0
LST TVL,2025-01-27,60327049593.0
LST TVL,2025-01-28,58528086823.0
LST TVL,2025-01-29,56819359140.0
LST TVL,2025-01-30,57831816468.0
LST TVL,2025-01-31,59988139526.0
LST TVL,2025-02-01,60533959001.0
LST TVL,2025-02-02,57192140931.0
LST TVL,2025-02-03,51852055025.0
LST TVL,2025-02-04,53094708920.0
LST TVL,2025-02-05,50625325318.0
LST TVL,2025-02-06,51147473728.0
LST TVL,2025-02-07,49277462214.0
LST TVL,2025-02-08,48686950939.0
LST TVL,2025-02-09,48718904307.0
LST TVL,2025-02-10,48862424204.0
LST TVL,2025-02-11,49077896762.0
LST TVL,2025-02-12,48134932236.0
LST TVL,2025-02-13,50139629687.0
LST TVL,2025-02-14,49197182311.0
LST TVL,2025-02-15,49989851450.0
LST TVL,2025-02-16,49492076476.0
LST TVL,2025-02-17,48787354300.0
LST TVL,2025-02-18,49391847768.0
LST TVL,2025-02-19,48113506526.0
LST TVL,2025-02-20,48763593624.0
LST TVL,2025-02-21,49435287293.0
LST TVL,2025-02-22,47939915557.0
LST TVL,2025-02-23,49659253809.0
LST TVL,2025-02-24,50541752270.0
LST TVL,2025-02-25,44567053433.0
LST TVL,2025-02-26,44214660548.0
LST TVL,2025-02-27,41470271765.0
LST TVL,2025-02-28,41179441181.0
LST TVL,2025-03-01,40428412768.0
LST TVL,2025-03-02,40148012774.0
LST TVL,2025-03-03,45867563347.0
LST TVL,2025-03-04,39093314357.0
LST TVL,2025-03-05,39270598414.0
LST TVL,2025-03-06,40857843405.0
LST TVL,2025-03-07,39000125904.0
LST TVL,2025-03-08,38769122765.0
LST TVL,2025-03-09,39651379927.0
LST TVL,2025-03-10,36443114545.0
LST TVL,2025-03-11,33633400926.0
LST TVL,2025-03-12,34641213940.0
LST TVL,2025-03-13,34536548903.0
LST TVL,2025-03-14,33915648259.0
LST TVL,2025-03-15,35046059053.0
LST TVL,2025-03-16,35564899668.0
LST TVL,2025-03-17,34521560794.0
LST TVL,2025-03-18,35061183898.0
LST TVL,2025-03-19,35162585859.0
LST TVL,2025-03-20,37492352051.0
LST TVL,2025-03-21,36143941161.0
LST TVL,2025-03-22,35799246501.0
LST TVL,2025-03-23,35986056044.0
LST TVL,2025-03-24,36634174959.0
LST TVL,2025-03-25,38165692422.0
LST TVL,2025-03-26,38016631498.0
LST TVL,2025-03-27,37185882963.0
LST TVL,2025-03-28,36901103142.0
LST TVL,2025-03-29,35158569906.0
LST TVL,2025-03-30,33721194975.0
LST TVL,2025-03-31,33397500777.0
LST TVL,2025-04-01,33745805999.0
LST TVL,2025-04-02,35046483259.0
LST TVL,2025-04-03,33005703505.0
LST TVL,2025-04-04,33274099742.0
LST TVL,2025-04-05,33470670728.0
LST TVL,2025-04-06,33269846121.0
LST TVL,2025-04-07,28969235024.0
LST TVL,2025-04-08,28942992795.0
LST TVL,2025-04-09,27469661837.0
LST TVL,2025-04-10,30909714638.0
LST TVL,2025-04-11,28893651245.0
LST TVL,2025-04-12,29818384864.0
LST TVL,2025-04-13,31437200480.0
LST TVL,2025-04-14,30555619093.0
LST TVL,2025-04-15,31062185309.0
LST TVL,2025-04-16,30489269578.0
LST TVL,2025-04-17,30464612137.0
LST TVL,2025-04-18,30668934203.0
LST TVL,2025-04-19,30743801404.0
LST TVL,2025-04-20,31371677206.0
LST TVL,2025-04-21,31133478207.0
LST TVL,2025-04-22,30638883344.0
LST TVL,2025-04-23,34070034484.0
LST TVL,2025-04-24,34841033572.0
LST TVL,2025-04-25,34496652256.0
LST TVL,2025-04-26,34713210145.0
LST TVL,2025-04-27,35333934688.0
LST TVL,2025-04-28,34608085090.0
LST TVL,2025-04-29,34696938315.0
LST TVL,2025-04-30,34645397930.0
LST TVL,2025-05-01,34680975848.0
LST TVL,2025-05-02,35491741031.0
LST TVL,2025-05-03,35387892369.0
LST TVL,2025-05-04,35219968877.0
LST TVL,2025-05-05,34662392839.0
LST TVL,2025-05-06,34905970650.0
LST TVL,2025-05-07,34877098863.0
LST TVL,2025-05-08,34900254184.0
LST TVL,2025-05-09,41347186567.0
LST TVL,2025-05-10,44177198449.0
LST TVL,2025-05-11,47390490148.0
LST TVL,2025-05-12,46764983417.0
LST TVL,2025-05-13,45976656800.0
LST TVL,2025-05-14,49617367224.0
LST TVL,2025-05-15,48184593420.0
LST TVL,2025-05-16,47043047586.0
LST TVL,2025-05-17,47090719301.0
LST TVL,2025-05-18,45904664833.0
LST TVL,2025-05-19,45753436294.0
LST TVL,2025-05-20,46687902479.0
LST TVL,2025-05-21,46580737956.0
LST TVL,2025-05-22,47483789485.0
LST TVL,2025-05-23,49262285522.0
LST TVL,2025-05-24,46969050918.0
LST TVL,2025-05-25,46851499034.0
LST TVL,2025-05-26,47284555549.0
LST TVL,2025-05-27,47442497027.0
LST TVL,2025-05-28,48910057119.0
LST TVL,2025-05-29,49503879340.0
LST TVL,2025-05-30,48031382733.0
LST TVL,2025-05-31,46801825386.0
LST TVL,2025-06-01,46778065518.0
LST TVL,2025-06-02,47113758313.0
LST TVL,2025-06-03,48307291532.0
LST TVL,2025-06-04,47915190653.0
LST TVL,2025-06-05,48064989525.0
LST TVL,2025-06-06,44806304863.0
LST TVL,2025-06-07,45962352070.0
LST TVL,2025-06-08,46716935187.0
LST TVL,2025-06-09,46616471489.0
LST TVL,2025-06-10,49805258730.0
LST TVL,2025-06-11,52009795547.0
LST TVL,2025-06-12,51361481107.0
LST TVL,2025-06-13,47650027575.0
LST TVL,2025-06-14,47864845155.0
LST TVL,2025-06-15,47153280053.0
LST TVL,2025-06-16,47741939870.0
LST TVL,2025-06-17,47738779639.0
LST TVL,2025-06-18,47259238153.0
LST TVL,2025-06-19,47418876998.0
LST TVL,2025-06-20,47580659140.0
LST TVL,2025-06-21,45280059277.0
LST TVL,2025-06-22,42865877396.0
LST TVL,2025-06-23,42395741302.0
LST TVL,2025-06-24,45743523147.0
LST TVL,2025-06-25,46286560733.0
LST TVL,2025-06-26,45890265642.0
LST TVL,2025-06-27,45583937439.0
LST TVL,2025-06-28,45736061190.0
LST TVL,2025-06-29,46424153091.0
LST TVL,2025-06-30,47605380957.0
LST TVL,2025-07-01,47896948416.0
LST TVL,2025-07-02,46101685907.0
LST TVL,2025-07-03,49067290982.0
LST TVL,2025-07-04,49388374578.0
LST TVL,2025-07-05,47934861457.0
LST TVL,2025-07-06,48026160635.0
LST TVL,2025-07-07,49055041494.0
LST TVL,2025-07-08,48469128315.0
LST TVL,2025-07-09,49807232550.0
LST TVL,2025-07-10,52805772261.0
LST TVL,2025-07-11,55959459995.0
LST TVL,2025-07-12,56246100422.0
LST TVL,2025-07-13,55984907725.0
LST TVL,2025-07-14,56451180312.0
LST TVL,2025-07-15,57390733453.0
LST TVL,2025-07-16,59345113909.0
LST TVL,2025-07-17,64686927487.0
LST TVL,2025-07-18,66509047250.0
LST TVL,2025-07-19,67452308214.0
LST TVL,2025-07-20,68217522998.0
LST TVL,2025-07-21,70938017523.0
LST TVL,2025-07-22,73079485687.0
LST TVL,2025-07-23,72853459494.0
LST TVL,2025-07-24,70380966776.0
LST TVL,2025-07-25,70419076658.0
LST TVL,2025-07-26,71613009906.0
LST TVL,2025-07-27,72018211613.0
LST TVL,2025-07-28,74207855977.0
LST TVL,2025-07-29,72797670391.0
LST TVL,2025-07-30,72350536871.0
LST TVL,2025-07-31,72548853261.0
LST TVL,2025-08-01,70402627115.0
LST TVL,2025-08-02,66594272695.0
LST TVL,2025-08-03,64620778271.0
LST TVL,2025-08-04,66928061385.0
LST TVL,2025-08-05,70921067484.0
LST TVL,2025-08-06,68947912559.0
LST TVL,2025-08-07,70439901703.0
LST TVL,2025-08-08,74718149167.0
LST TVL,2025-08-09,76520996396.0
LST TVL,2025-08-10,81517808345.0
LST TVL,2025-08-11,80968148439.0
LST TVL,2025-08-12,79965485721.0
LST TVL,2025-08-13,86801616312.0
LST TVL,2025-08-14,89633805528.0
LST TVL,2025-08-15,86321756541.0
LST TVL,2025-08-16,84192746231.0
LST TVL,2025-08-17,83447067881.0
LST TVL,2025-08-18,83873834067.0
LST TVL,2025-08-19,81311702347.0
LST TVL,2025-08-20,77568656587.0
LST TVL,2025-08-21,81850247680.0
LST TVL,2025-08-22,79981965121.0
LST TVL,2025-08-23,90879725947.0
LST TVL,2025-08-24,90457134514.0
LST TVL,2025-08-25,89097961130.0
LST TVL,2025-08-26,82688296171.0
LST TVL,2025-08-27,86942707137.0
LST TVL,2025-08-28,85931749712.0
LST TVL,2025-08-29,86447332135.0
LST TVL,2025-08-30,83190083178.0
LST TVL,2025-08-31,83855900822.0
LST TVL,2025-09-01,83633296690.0
LST TVL,2025-09-02,81746721585.0
LST TVL,2025-09-03,82347505864.0
LST TVL,2025-09-04,84833351222.0
LST TVL,2025-09-05,81910315485.0
LST TVL,2025-09-06,82239998935.0
LST TVL,2025-09-07,81463787712.0
LST TVL,2025-09-08,82331489121.0
LST TVL,2025-09-09,82594656387.0
LST TVL,2025-09-10,82990653114.0
LST TVL,2025-09-11,84368570795.0
LST TVL,2025-09-12,86653313249.0
LST TVL,2025-09-13,91016243695.0
LST TVL,2025-09-14,90507773757.0
LST TVL,2025-09-15,89347416696.0
LST TVL,2025-09-16,87402847733.0
LST TVL,2025-09-17,87319495091.0
LST TVL,2025-09-18,89347982745.0
LST TVL,2025-09-19,89171519485.0
LST TVL,2025-09-20,86588044636.0
LST TVL,2025-09-21,87143051578.0
LST TVL,2025-09-22,84919281430.0
LST TVL,2025-09-23,81316369681.0
LST TVL,2025-09-24,80477977306.0
LST TVL,2025-09-25,80264989058.0
LST TVL,2025-09-26,74869183403.0
LST TVL,2025-09-27,78301758506.0
LST TVL,2025-09-28,77543980506.0
LST TVL,2025-09-29,79894596907.0
LST TVL,2025-09-30,81083244720.0
LST TVL,2025-10-01,79621377206.0
LST TVL,2025-10-02,83714572042.0
LST TVL,2025-10-03,86795573269.0
LST TVL,2025-10-04,87363436125.0
LST TVL,2025-10-05,86603971511.0
LST TVL,2025-10-06,87033959618.0
LST TVL,2025-10-07,89899491822.0
LST TVL,2025-10-08,85718553088.0
LST TVL,2025-10-09,87207974748.0
LST TVL,2025-10-10,84120170907.0
LST TVL,2025-10-11,74142486317.0
LST TVL,2025-10-12,71104546256.0
LST TVL,2025-10-13,78813812946.0
LST TVL,2025-10-14,80684227477.0
LST TVL,2025-10-15,77694096316.0
LST TVL,2025-10-16,75516077572.0
LST TVL,2025-10-17,74016681754.0
LST TVL,2025-10-18,72505765917.0
LST TVL,2025-10-19,73399341572.0
LST TVL,2025-10-20,75016086449.0
LST TVL,2025-10-21,74865810217.0
LST TVL,2025-10-22,72902007589.0
LST TVL,2025-10-23,71809871144.0
LST TVL,2025-10-24,73201060532.0
LST TVL,2025-10-25,74792722600.0
LST TVL,2025-10-26,75395981833.0
LST TVL,2025-10-27,79407401575.0
LST TVL,2025-10-28,78339120771.0
LST TVL,2025-10-29,76103850154.0
LST TVL,2025-10-30,74880542770.0
LST TVL,2025-10-31,72620923806.0
LST TVL,2025-11-01,73370058882.0
LST TVL,2025-11-02,73501334948.0
LST TVL,2025-11-03,73584279018.0
LST TVL,2025-11-04,68059364013.0
LST TVL,2025-11-05,62576827165.0
LST TVL,2025-11-06,65265832294.0
LST TVL,2025-11-07,63283993444.0
LST TVL,2025-11-08,65309500398.0
LST TVL,2025-11-09,64441551265.0
LST TVL,2025-11-10,68657848432.0
LST TVL,2025-11-11,67463289198.0
LST TVL,2025-11-12,64460918923.0
LST TVL,2025-11-13,64233923463.0
LST TVL,2025-11-14,60273954890.0
LST TVL,2025-11-15,59008434023.0
LST TVL,2025-11-16,59507316450.0
LST TVL,2025-11-17,58518059386.0
LST TVL,2025-11-18,56671096705.0
LST TVL,2025-11-19,57944236779.0
LST TVL,2025-11-20,56812217360.0
LST TVL,2025-11-21,53850091201.0
LST TVL,2025-11-22,52162588274.0
LST TVL,2025-11-23,52161923995.0
LST TVL,2025-11-24,52501405040.0
LST TVL,2025-11-25,55175001378.0
LST TVL,2025-11-26,55397134328.0
LST TVL,2025-11-27,56520884290.0
LST TVL,2025-11-28,56448845356.0
LST TVL,2025-11-29,56593323821.0
LST TVL,2025-11-30,56107434670.0
LST TVL,2025-12-01,55523281896.0
LST TVL,2025-12-02,52259383639.0
LST TVL,2025-12-03,56281325152.0
LST TVL,2025-12-04,59821329508.0
LST TVL,2025-12-05,58657873216.0
LST TVL,2025-12-06,56277978756.0
LST TVL,2025-12-07,56636448299.0
LST TVL,2025-12-08,56850610485.0
LST TVL,2025-12-09,58394968995.0
LST TVL,2025-12-10,61535327235.0
LST TVL,2025-12-11,62505152701.0
LST TVL,2025-12-12,61309124004.0
LST TVL,2025-12-13,58679590762.0
LST TVL,2025-12-14,59229184955.0
LST TVL,2025-12-15,58343996383.0
LST TVL,2025-12-16,56352433861.0
LST TVL,2025-12-17,56339299902.0
LST TVL,2025-12-18,54074212134.0
LST TVL,2025-12-19,53765124101.0
LST TVL,2025-12-20,56733605018.0
LST TVL,2025-12-21,56617641838.0
LST TVL,2025-12-22,57383789062.0
LST TVL,2025-12-23,57172019337.0
LST TVL,2025-12-24,56072039113.0
LST TVL,2025-12-25,55782379795.0
LST TVL,2025-12-26,55161726855.0
LST TVL,2025-12-27,55597032869.0
LST TVL,2025-12-28,55997640863.0
LST TVL,2025-12-29,56292410174.0
LST TVL,2025-12-30,55845336566.0
LST TVL,2025-12-31,56443989892.0
LST TVL,2026-01-01,56639473084.0
LST TVL,2026-01-02,57159065389.0
LST TVL,2026-01-03,59637863833.0
LST TVL,2026-01-04,59922460024.0
LST TVL,2026-01-05,60199095613.0
LST TVL,2026-01-06,61778709585.0
LST TVL,2026-01-07,63171128137.0
LST TVL,2026-01-08,61252839749.0
LST TVL,2026-01-09,60552040020.0
LST TVL,2026-01-10,60138455623.0
LST TVL,2026-01-11,60159103340.0
LST TVL,2026-01-12,60958720347.0
LST TVL,2026-01-13,60677454983.0
LST TVL,2026-01-14,64954525343.0
LST TVL,2026-01-15,65235288012.0
LST TVL,2026-01-16,64698209822.0
LST TVL,2026-01-17,64440871251.0
LST TVL,2026-01-18,64818096256.0
LST TVL,2026-01-19,62860575999.0
LST TVL,2026-01-20,62691575739.0
LST TVL,2026-01-21,58049684693.0
LST TVL,2026-01-22,59588006435.0
LST TVL,2026-01-23,59125208960.0
LST TVL,2026-01-24,59240290352.0
LST TVL,2026-01-25,59333057413.0
LST TVL,2026-01-26,56922573951.0
LST TVL,2026-01-27,58874278000.0
LST TVL,2026-01-28,61020180734.0
LST TVL,2026-01-29,60862921883.0
LST TVL,2026-01-30,57328600087.0
LST TVL,2026-01-31,55242802754.0
LST TVL,2026-02-01,50328359285.0
LST TVL,2026-02-02,47107561232.0
LST TVL,2026-02-03,47967434038.0
LST TVL,2026-02-04,45871742779.0
LST TVL,2026-02-05,43870739255.0
LST TVL,2026-02-06,36351418795.0
LST TVL,2026-02-07,41925490953.0
LST TVL,2026-02-08,42271808915.0
LST TVL,2026-02-09,42178572091.0
LST TVL,2026-02-10,42269339685.0
LST TVL,2026-02-11,40661975900.0
LST TVL,2026-02-12,39140220178.0
LST TVL,2026-02-13,39026318281.0
LST TVL,2026-02-14,41154864015.0
LST TVL,2026-02-15,41938878938.0
LST TVL,2026-02-16,39662804502.0
LST TVL,2026-02-17,40145467296.0
LST TVL,2026-02-18,39867767603.0
LST TVL,2026-02-19,38986636978.0
LST TVL,2026-02-20,38975174191.0
LST TVL,2026-02-21,39379187405.0
LST TVL,2026-02-22,39506774206.0
LST TVL,2026-02-23,38965334915.0
LST TVL,2026-02-24,37077056739.0
LST TVL,2026-02-25,36951316969.0
LST TVL,2026-02-26,41024631351.0
LST TVL,2026-02-27,40396351636.0
LST TVL,2026-02-28,38573768254.0
LST TVL,2026-03-01,39243784834.0
LST TVL,2026-03-02,38937713899.0
LST TVL,2026-03-03,40621340641.0
LST TVL,2026-03-04,39617464936.0
LST TVL,2026-03-05,42095067728.0
LST TVL,2026-03-06,40893965536.0
LST TVL,2026-03-07,39006953245.0
LST TVL,2026-03-08,38721472043.0
LST TVL,2026-03-09,38265995258.0
LST TVL,2026-03-10,39501682139.0
LST TVL,2026-03-11,40138179880.0
LST TVL,2026-03-12,40535799312.0
LST TVL,2026-03-13,41555354508.0
LST TVL,2026-03-14,41212180709.0
LST TVL,2026-03-15,41178240393.0
LST TVL,2026-03-16,42755268972.0
LST TVL,2026-03-17,46092019111.0
LST TVL,2026-03-18,45551915369.0
LST TVL,2026-03-19,43485054966.0
LST TVL,2026-03-20,42188677172.0
LST TVL,2026-03-21,42273976398.0
LST TVL,2026-03-22,41017565904.0
LST TVL,2026-03-23,40310300113.0
LST TVL,2026-03-24,42121519076.0
LST TVL,2026-03-25,42444866109.0
LST TVL,2026-03-26,42259142321.0
LST TVL,2026-03-27,39989927488.0
LST TVL,2026-03-28,38820915149.0
LST TVL,2026-03-29,38855349146.0
LST TVL,2026-03-30,38643562354.0
LST TVL,2026-03-31,39305700113.0
LST TVL,2026-04-01,40732816006.0
LST TVL,2026-04-02,41024315981.0
LST TVL,2026-04-03,39449183014.0
LST TVL,2026-04-04,39480774549.0
LST TVL,2026-04-05,39777106838.0
LST TVL,2026-04-06,40847469284.0
LST TVL,2026-04-07,40584552917.0
LST TVL,2026-04-08,43113688265.0
LST TVL,2026-04-09,42253108360.0
LST TVL,2026-04-10,42512101235.0
LST TVL,2026-04-11,43393877784.0
LST TVL,2026-04-12,44083398663.0
LST TVL,2026-04-13,42532896696.0
LST TVL,2026-04-14,45842000735.0
LST TVL,2026-04-15,45045016979.0
LST TVL,2026-04-16,45612345213.0
LST TVL,2026-04-17,45529930364.0
LST TVL,2026-04-18,46840349190.0
LST TVL,2026-04-19,45435666208.0
LST TVL,2026-04-20,43836638884.0
LST TVL,2026-04-21,44699090999.0
LST TVL,2026-04-22,44694897868.0
LST TVL,2026-04-23,45376473858.0
LST TVL,2026-04-24,44793636437.0
LST TVL,2026-04-25,44458893415.0
LST TVL,2026-04-26,44364813010.0
LST TVL,2026-04-27,45288108039.0
LST TVL,2026-04-28,44029403784.0
LST TVL,2026-04-29,43697613346.0
LST TVL,2026-04-30,43032929739.0
LST TVL,2026-05-01,42601738883.0
LST TVL,2026-05-02,43084777567.0
LST TVL,2026-05-03,43463419915.0
LST TVL,2026-05-04,43515663145.0
LST TVL,2026-05-05,43808756673.0
LST TVL,2026-05-06,44168797567.0
LST TVL,2026-05-07,43966283946.0
LST TVL,2026-05-08,42540538389.0
LST TVL,2026-05-09,42984225850.0
LST TVL,2026-05-10,43250592288.0
LST TVL,2026-05-11,43974491474.0
LST TVL,2026-05-12,43579012315.0
LST TVL,2026-05-13,42557067851.0
LST TVL,2026-05-14,42033742635.0
LST TVL,2026-05-15,42612671129.0
LST TVL,2026-05-16,41446838734.0
LST TVL,2026-05-17,40690409607.0
LST TVL,2026-05-18,40032313963.0
LST TVL,2026-05-19,40005384527.0
LST TVL,2026-05-20,39611665381.0
LST TVL,2026-05-21,40108584000.0
LST TVL,2026-05-22,40220920819.0
LST TVL,2026-05-23,38155896862.0
LST TVL,2026-05-24,38957357157.0
LST TVL,2026-05-25,38855835837.0
LST TVL,2026-05-26,38780155926.0
LST TVL,2026-05-27,38236027331.0
LST TVL,2026-05-28,37333277386.0
LST TVL,2026-05-29,37145910016.0
LST TVL,2026-05-30,37197936702.0
LST TVL,2026-05-31,37479543891.0
LST TVL,2026-06-01,37333827654.0
LST TVL,2026-06-02,37042910067.0
LST TVL,2026-06-03,34596007945.0
LST TVL,2026-06-04,33720905074.0
LST TVL,2026-06-05,32707949136.0
LST TVL,2026-06-06,29776855558.0
LST TVL,2026-06-07,29001719566.0
LST TVL,2026-06-08,31393856980.0
LST TVL,2026-06-09,31061975668.0
LST TVL,2026-06-10,30413780778.0
LST TVL,2026-06-11,30010889255.0
LST TVL,2026-06-12,31126178069.0
LST TVL,2026-06-13,30918316368.0
LST TVL,2026-06-14,31257036689.0
LST TVL,2026-06-15,32266412269.0
LST TVL,2026-06-16,33477488602.0
LST TVL,2026-06-17,33526518649.0
LST TVL,2026-06-18,32831551232.0
LST TVL,2026-06-19,31965063628.0
LST TVL,2026-06-20,32003404831.0
LST TVL,2026-06-21,32673374406.0
LST TVL,2026-06-22,32061295366.0
LST TVL,2026-06-23,32352264680.0
LST TVL,2026-06-24,31145188879.0
LST TVL,2026-06-25,30445375530.0
LST TVL,2026-06-26,29527119163.0
LST TVL,2026-06-27,29928943202.0
LST TVL,2026-06-28,29795930711.0
LST TVL,2026-06-29,29724473007.0
LST TVL,2026-06-30,30307860200.0
LST TVL,2026-07-01,29810756875.0
LST TVL,2026-07-02,30722580885.0
LST TVL,2026-07-03,32395532900.0
LST TVL,2026-07-04,33533914462.0
LST TVL,2026-07-05,33718011614.0
LST TVL,2026-07-06,33850076374.0
LST TVL,2026-07-07,34137411824.0
LST TVL,2026-07-08,33691945566.0
LST TVL,2026-07-09,32976839015.0
LST TVL,2026-07-10,33068655730.0
LST TVL,2026-07-11,33882026447.0
LST TVL,2026-07-12,33813709269.0
LST TVL,2026-07-13,34134340363.0
LST TVL,2026-07-14,33384196181.0
LST TVL,2026-07-15,35452540250.0
LST TVL,2026-07-16,36007497727.0
LST TVL,2026-07-17,34850206189.0
LST TVL,2026-07-18,34516325958.0
LST TVL,2026-07-19,34829823491.0
LST TVL,2026-07-20,35164413140.0
LST TVL,2026-07-21,35735564556.0
LST TVL,2026-07-22,36318754981.0
LST TVL,2026-07-23,36336155759.0
LST TVL,2026-07-24,35379447797.0
LST TVL,2026-07-25,35148169987.0
LST TVL,2026-07-26,35379834278.0
LST TVL,2026-07-27,36714373209.0
LST TVL,2026-07-28,35505712592.0
LST TVL,2026-07-29,36046396808.0
LST TVL,2026-07-30,35702254684.0
LST TVL,2026-07-31,36175968284.0
LST TVL,2026-08-01,35216589870.0
LST TVL,2026-08-02,34859947149.0
LST TVL,2026-08-03,35412104961.0
LST TVL,2026-08-04,35152348343.0
LST TVL,2026-08-05,35407165101.0
LST TVL,2026-08-06,36096889615.0
LST TVL,2026-08-07,35902979158.0
LST TVL,2026-08-08,36139963720.0
LST TVL,2026-08-09,36360267325.0
LST TVL,2026-08-10,36201143634.0
LST TVL,2026-08-11,35607121002.0
LST TVL,2026-08-12,35810197489.0
LST TVL,2026-08-13,35837785550.0
LST TVL,2026-08-14,35966602794.0
LST TVL,2026-08-15,35958001008.0
LST TVL,2026-08-16,35943949057.0
LST TVL,2026-08-17,35801815967.0
LST TVL,2026-08-18,36480304817.0
LST TVL,2026-08-19,36689039188.0
LST TVL,2026-08-20,43075587398.0
LST TVL,2026-08-21,45265423688.0
Restaking TVL,2023-06-14,13300350.0
Restaking TVL,2023-06-15,16484319.0
Restaking TVL,2023-06-16,16557169.0
Restaking TVL,2023-06-17,17099837.0
Restaking TVL,2023-06-18,17177115.0
Restaking TVL,2023-06-19,17161176.0
Restaking TVL,2023-06-20,17335749.0
Restaking TVL,2023-06-21,17929755.0
Restaking TVL,2023-06-22,19083949.0
Restaking TVL,2023-06-23,18695588.0
Restaking TVL,2023-06-24,18769390.0
Restaking TVL,2023-06-25,18682076.0
Restaking TVL,2023-06-26,18888744.0
Restaking TVL,2023-06-27,18566137.0
Restaking TVL,2023-06-28,18657881.0
Restaking TVL,2023-06-29,18257499.0
Restaking TVL,2023-06-30,18453136.0
Restaking TVL,2023-07-01,19332958.0
Restaking TVL,2023-07-02,19164797.0
Restaking TVL,2023-07-03,19321233.0
Restaking TVL,2023-07-04,19504158.0
Restaking TVL,2023-07-05,19332540.0
Restaking TVL,2023-07-06,18997957.0
Restaking TVL,2023-07-07,18380332.0
Restaking TVL,2023-07-08,18662952.0
Restaking TVL,2023-07-09,18633873.0
Restaking TVL,2023-07-10,18574453.0
Restaking TVL,2023-07-11,18739752.0
Restaking TVL,2023-07-12,18774366.0
Restaking TVL,2023-07-13,81727495.0
Restaking TVL,2023-07-14,94308514.0
Restaking TVL,2023-07-15,90370779.0
Restaking TVL,2023-07-16,90505184.0
Restaking TVL,2023-07-17,89939140.0
Restaking TVL,2023-07-18,89502627.0
Restaking TVL,2023-07-19,89328221.0
Restaking TVL,2023-07-20,88549489.0
Restaking TVL,2023-07-21,88528355.0
Restaking TVL,2023-07-22,88761002.0
Restaking TVL,2023-07-23,87166102.0
Restaking TVL,2023-07-24,88434755.0
Restaking TVL,2023-07-25,86653035.0
Restaking TVL,2023-07-26,86933590.0
Restaking TVL,2023-07-27,87461968.0
Restaking TVL,2023-07-28,87186405.0
Restaking TVL,2023-07-29,87807672.0
Restaking TVL,2023-07-30,87987818.0
Restaking TVL,2023-07-31,87662292.0
Restaking TVL,2023-08-01,87179548.0
Restaking TVL,2023-08-02,87446438.0
Restaking TVL,2023-08-03,86202446.0
Restaking TVL,2023-08-04,86020839.0
Restaking TVL,2023-08-05,85727394.0
Restaking TVL,2023-08-06,85967670.0
Restaking TVL,2023-08-07,85621076.0
Restaking TVL,2023-08-08,85816651.0
Restaking TVL,2023-08-09,87144526.0
Restaking TVL,2023-08-10,87120542.0
Restaking TVL,2023-08-11,86973088.0
Restaking TVL,2023-08-12,86985817.0
Restaking TVL,2023-08-13,86891632.0
Restaking TVL,2023-08-14,86453507.0
Restaking TVL,2023-08-15,86685648.0
Restaking TVL,2023-08-16,85938338.0
Restaking TVL,2023-08-17,84038826.0
Restaking TVL,2023-08-18,79363634.0
Restaking TVL,2023-08-19,78469202.0
Restaking TVL,2023-08-20,78690842.0
Restaking TVL,2023-08-21,79120605.0
Restaking TVL,2023-08-22,78459103.0
Restaking TVL,2023-08-23,235555035.0
Restaking TVL,2023-08-24,242266369.0
Restaking TVL,2023-08-25,238802490.0
Restaking TVL,2023-08-26,237951703.0
Restaking TVL,2023-08-27,236901223.0
Restaking TVL,2023-08-28,238307988.0
Restaking TVL,2023-08-29,237750733.0
Restaking TVL,2023-08-30,248630976.0
Restaking TVL,2023-08-31,245234866.0
Restaking TVL,2023-09-01,237537578.0
Restaking TVL,2023-09-02,234422874.0
Restaking TVL,2023-09-03,234816957.0
Restaking TVL,2023-09-04,235033031.0
Restaking TVL,2023-09-05,233659097.0
Restaking TVL,2023-09-06,234273968.0
Restaking TVL,2023-09-07,234192436.0
Restaking TVL,2023-09-08,236463202.0
Restaking TVL,2023-09-09,234566529.0
Restaking TVL,2023-09-10,233922810.0
Restaking TVL,2023-09-11,230731328.0
Restaking TVL,2023-09-12,220919023.0
Restaking TVL,2023-09-13,226227088.0
Restaking TVL,2023-09-14,227389542.0
Restaking TVL,2023-09-15,230041036.0
Restaking TVL,2023-09-16,231158676.0
Restaking TVL,2023-09-17,229124772.0
Restaking TVL,2023-09-18,226905416.0
Restaking TVL,2023-09-19,229459917.0
Restaking TVL,2023-09-20,229008549.0
Restaking TVL,2023-09-21,226378166.0
Restaking TVL,2023-09-22,221244832.0
Restaking TVL,2023-09-23,222845987.0
Restaking TVL,2023-09-24,222372697.0
Restaking TVL,2023-09-25,219626267.0
Restaking TVL,2023-09-26,220809554.0
Restaking TVL,2023-09-27,221555429.0
Restaking TVL,2023-09-28,222169058.0
Restaking TVL,2023-09-29,230025345.0
Restaking TVL,2023-09-30,231465894.0
Restaking TVL,2023-10-01,231914580.0
Restaking TVL,2023-10-02,239647085.0
Restaking TVL,2023-10-03,230461574.0
Restaking TVL,2023-10-04,227259709.0
Restaking TVL,2023-10-05,227075949.0
Restaking TVL,2023-10-06,222894139.0
Restaking TVL,2023-10-07,226928374.0
Restaking TVL,2023-10-08,225343871.0
Restaking TVL,2023-10-09,224250559.0
Restaking TVL,2023-10-10,217583469.0
Restaking TVL,2023-10-11,215831736.0
Restaking TVL,2023-10-12,215196156.0
Restaking TVL,2023-10-13,212149745.0
Restaking TVL,2023-10-14,213130778.0
Restaking TVL,2023-10-15,213253877.0
Restaking TVL,2023-10-16,209183984.0
Restaking TVL,2023-10-17,214641151.0
Restaking TVL,2023-10-18,209630724.0
Restaking TVL,2023-10-19,209376615.0
Restaking TVL,2023-10-20,209976236.0
Restaking TVL,2023-10-21,215060962.0
Restaking TVL,2023-10-22,218564741.0
Restaking TVL,2023-10-23,222596449.0
Restaking TVL,2023-10-24,238609083.0
Restaking TVL,2023-10-25,237631309.0
Restaking TVL,2023-10-26,228031538.0
Restaking TVL,2023-10-27,228851576.0
Restaking TVL,2023-10-28,224854540.0
Restaking TVL,2023-10-29,224003999.0
Restaking TVL,2023-10-30,226437573.0
Restaking TVL,2023-10-31,231172058.0
Restaking TVL,2023-11-01,229087306.0
Restaking TVL,2023-11-02,232854917.0
Restaking TVL,2023-11-03,226406105.0
Restaking TVL,2023-11-04,232634570.0
Restaking TVL,2023-11-05,238246921.0
Restaking TVL,2023-11-06,238809515.0
Restaking TVL,2023-11-07,235942635.0
Restaking TVL,2023-11-08,237020838.0
Restaking TVL,2023-11-09,239639096.0
Restaking TVL,2023-11-10,362392069.0
Restaking TVL,2023-11-11,354318236.0
Restaking TVL,2023-11-12,348660102.0
Restaking TVL,2023-11-13,347065043.0
Restaking TVL,2023-11-14,349092899.0
Restaking TVL,2023-11-15,335931959.0
Restaking TVL,2023-11-16,348877118.0
Restaking TVL,2023-11-17,332022708.0
Restaking TVL,2023-11-18,331176917.0
Restaking TVL,2023-11-19,332354466.0
Restaking TVL,2023-11-20,340772348.0
Restaking TVL,2023-11-21,343329060.0
Restaking TVL,2023-11-22,328544345.0
Restaking TVL,2023-11-23,349468887.0
Restaking TVL,2023-11-24,349251924.0
Restaking TVL,2023-11-25,353068511.0
Restaking TVL,2023-11-26,359757741.0
Restaking TVL,2023-11-27,360444008.0
Restaking TVL,2023-11-28,354908847.0
Restaking TVL,2023-11-29,358907476.0
Restaking TVL,2023-11-30,359403374.0
Restaking TVL,2023-12-01,368679788.0
Restaking TVL,2023-12-02,383271339.0
Restaking TVL,2023-12-03,401133548.0
Restaking TVL,2023-12-04,406570884.0
Restaking TVL,2023-12-05,416033238.0
Restaking TVL,2023-12-06,426926300.0
Restaking TVL,2023-12-07,413418510.0
Restaking TVL,2023-12-08,441231204.0
Restaking TVL,2023-12-09,441372116.0
Restaking TVL,2023-12-10,441106580.0
Restaking TVL,2023-12-11,445473341.0
Restaking TVL,2023-12-12,423109989.0
Restaking TVL,2023-12-13,417019507.0
Restaking TVL,2023-12-14,427732310.0
Restaking TVL,2023-12-15,440639596.0
Restaking TVL,2023-12-16,422960844.0
Restaking TVL,2023-12-17,423554389.0
Restaking TVL,2023-12-18,418207228.0
Restaking TVL,2023-12-19,829372287.0
Restaking TVL,2023-12-20,950048816.0
Restaking TVL,2023-12-21,1007779914.0
Restaking TVL,2023-12-22,1064517545.0
Restaking TVL,2023-12-23,1151349510.0
Restaking TVL,2023-12-24,1185163139.0
Restaking TVL,2023-12-25,1185312096.0
Restaking TVL,2023-12-26,1202114797.0
Restaking TVL,2023-12-27,1193370426.0
Restaking TVL,2023-12-28,1294087547.0
Restaking TVL,2023-12-29,1294055519.0
Restaking TVL,2023-12-30,1293333534.0
Restaking TVL,2023-12-31,1322709263.0
Restaking TVL,2024-01-01,1342736759.0
Restaking TVL,2024-01-02,1394679179.0
Restaking TVL,2024-01-03,1495224064.0
Restaking TVL,2024-01-04,1416162937.0
Restaking TVL,2024-01-05,1461138662.0
Restaking TVL,2024-01-06,1461492440.0
Restaking TVL,2024-01-07,1453354915.0
Restaking TVL,2024-01-08,1445465358.0
Restaking TVL,2024-01-09,1529384536.0
Restaking TVL,2024-01-10,1538492552.0
Restaking TVL,2024-01-11,1716104584.0
Restaking TVL,2024-01-12,1737590879.0
Restaking TVL,2024-01-13,1677857733.0
Restaking TVL,2024-01-14,1722947020.0
Restaking TVL,2024-01-15,1676224890.0
Restaking TVL,2024-01-16,1717965469.0
Restaking TVL,2024-01-17,1810126041.0
Restaking TVL,2024-01-18,1795963665.0
Restaking TVL,2024-01-19,1794242106.0
Restaking TVL,2024-01-20,1844125915.0
Restaking TVL,2024-01-21,1852862825.0
Restaking TVL,2024-01-22,1895258075.0
Restaking TVL,2024-01-23,1808851622.0
Restaking TVL,2024-01-24,1807292456.0
Restaking TVL,2024-01-25,1836988568.0
Restaking TVL,2024-01-26,1838754674.0
Restaking TVL,2024-01-27,1929630780.0
Restaking TVL,2024-01-28,1966275499.0
Restaking TVL,2024-01-29,2002679012.0
Restaking TVL,2024-01-30,2077657734.0
Restaking TVL,2024-01-31,2126291878.0
Restaking TVL,2024-02-01,2115758635.0
Restaking TVL,2024-02-02,2172619197.0
Restaking TVL,2024-02-03,2240702727.0
Restaking TVL,2024-02-04,2280159039.0
Restaking TVL,2024-02-05,2303154716.0
Restaking TVL,2024-02-06,3494346574.0
Restaking TVL,2024-02-07,4200225070.0
Restaking TVL,2024-02-08,4845971500.0
Restaking TVL,2024-02-09,5698608099.0
Restaking TVL,2024-02-10,6184721321.0
Restaking TVL,2024-02-11,6247561674.0
Restaking TVL,2024-02-12,6291451011.0
Restaking TVL,2024-02-13,6725042954.0
Restaking TVL,2024-02-14,6810339051.0
Restaking TVL,2024-02-15,7245120772.0
Restaking TVL,2024-02-16,7361922106.0
Restaking TVL,2024-02-17,7328262534.0
Restaking TVL,2024-02-18,7295733344.0
Restaking TVL,2024-02-19,7585610668.0
Restaking TVL,2024-02-20,7811130445.0
Restaking TVL,2024-02-21,8027751052.0
Restaking TVL,2024-02-22,7948717872.0
Restaking TVL,2024-02-23,8043827436.0
Restaking TVL,2024-02-24,7912001713.0
Restaking TVL,2024-02-25,8128038727.0
Restaking TVL,2024-02-26,8503720259.0
Restaking TVL,2024-02-27,8829251139.0
Restaking TVL,2024-02-28,9267170150.0
Restaking TVL,2024-02-29,9741680361.0
Restaking TVL,2024-03-01,9762951558.0
Restaking TVL,2024-03-02,10167566969.0
Restaking TVL,2024-03-03,10142332595.0
Restaking TVL,2024-03-04,10407265722.0
Restaking TVL,2024-03-05,10830452229.0
Restaking TVL,2024-03-06,10696243235.0
Restaking TVL,2024-03-07,11568644982.0
Restaking TVL,2024-03-08,11709499721.0
Restaking TVL,2024-03-09,11862883951.0
Restaking TVL,2024-03-10,12022198991.0
Restaking TVL,2024-03-11,11977926287.0
Restaking TVL,2024-03-12,12640179951.0
Restaking TVL,2024-03-13,12336577136.0
Restaking TVL,2024-03-14,12482868222.0
Restaking TVL,2024-03-15,12217535879.0
Restaking TVL,2024-03-16,11883329751.0
Restaking TVL,2024-03-17,11361568540.0
Restaking TVL,2024-03-18,11887081142.0
Restaking TVL,2024-03-19,11646049278.0
Restaking TVL,2024-03-20,10605199548.0
Restaking TVL,2024-03-21,12158785802.0
Restaking TVL,2024-03-22,12239452176.0
Restaking TVL,2024-03-23,11748384106.0
Restaking TVL,2024-03-24,11876068702.0
Restaking TVL,2024-03-25,12265069522.0
Restaking TVL,2024-03-26,12899256376.0
Restaking TVL,2024-03-27,13207624491.0
Restaking TVL,2024-03-28,13207263874.0
Restaking TVL,2024-03-29,13618055640.0
Restaking TVL,2024-03-30,13570607417.0
Restaking TVL,2024-03-31,13737206810.0
Restaking TVL,2024-04-01,14368441048.0
Restaking TVL,2024-04-02,13942205435.0
Restaking TVL,2024-04-03,13188368773.0
Restaking TVL,2024-04-04,13527501013.0
Restaking TVL,2024-04-05,13690335415.0
Restaking TVL,2024-04-06,13730831912.0
Restaking TVL,2024-04-07,13974249117.0
Restaking TVL,2024-04-08,14539392626.0
Restaking TVL,2024-04-09,15788242968.0
Restaking TVL,2024-04-10,15286119655.0
Restaking TVL,2024-04-11,15634188699.0
Restaking TVL,2024-04-12,15936365464.0
Restaking TVL,2024-04-13,14795950404.0
Restaking TVL,2024-04-14,13784508694.0
Restaking TVL,2024-04-15,14589723966.0
Restaking TVL,2024-04-16,14581602950.0
Restaking TVL,2024-04-17,14782924044.0
Restaking TVL,2024-04-18,14382781610.0
Restaking TVL,2024-04-19,14862294134.0
Restaking TVL,2024-04-20,14918544702.0
Restaking TVL,2024-04-21,15513069727.0
Restaking TVL,2024-04-22,15620623769.0
Restaking TVL,2024-04-23,15518326917.0
Restaking TVL,2024-04-24,16027290671.0
Restaking TVL,2024-04-25,15688451238.0
Restaking TVL,2024-04-26,15835440346.0
Restaking TVL,2024-04-27,15786307702.0
Restaking TVL,2024-04-28,16865435438.0
Restaking TVL,2024-04-29,16253127015.0
Restaking TVL,2024-04-30,16120537833.0
Restaking TVL,2024-05-01,14687171607.0
Restaking TVL,2024-05-02,15199452596.0
Restaking TVL,2024-05-03,15358253307.0
Restaking TVL,2024-05-04,16035098808.0
Restaking TVL,2024-05-05,16082647162.0
Restaking TVL,2024-05-06,16591712230.0
Restaking TVL,2024-05-07,15897616622.0
Restaking TVL,2024-05-08,15479831312.0
Restaking TVL,2024-05-09,15351111241.0
Restaking TVL,2024-05-10,15589190747.0
Restaking TVL,2024-05-11,15043034359.0
Restaking TVL,2024-05-12,15040883858.0
Restaking TVL,2024-05-13,15272796327.0
Restaking TVL,2024-05-14,15066328342.0
Restaking TVL,2024-05-15,15026808209.0
Restaking TVL,2024-05-16,15527876308.0
Restaking TVL,2024-05-17,15547062312.0
Restaking TVL,2024-05-18,16013141057.0
Restaking TVL,2024-05-19,16130670373.0
Restaking TVL,2024-05-20,16003254024.0
Restaking TVL,2024-05-21,18905269320.0
Restaking TVL,2024-05-22,19440008569.0
Restaking TVL,2024-05-23,19585842367.0
Restaking TVL,2024-05-24,18987607174.0
Restaking TVL,2024-05-25,19330925829.0
Restaking TVL,2024-05-26,19589555233.0
Restaking TVL,2024-05-27,20319928339.0
Restaking TVL,2024-05-28,19918814326.0
Restaking TVL,2024-05-29,19686461685.0
Restaking TVL,2024-05-30,19275910997.0
Restaking TVL,2024-05-31,19374235552.0
Restaking TVL,2024-06-01,20114365447.0
Restaking TVL,2024-06-02,20524600684.0
Restaking TVL,2024-06-03,20739049231.0
Restaking TVL,2024-06-04,20605643142.0
Restaking TVL,2024-06-05,20893433872.0
Restaking TVL,2024-06-06,21231987733.0
Restaking TVL,2024-06-07,21097603059.0
Restaking TVL,2024-06-08,20579844879.0
Restaking TVL,2024-06-09,20523057765.0
Restaking TVL,2024-06-10,20539263777.0
Restaking TVL,2024-06-11,19836836515.0
Restaking TVL,2024-06-12,19868232131.0
Restaking TVL,2024-06-13,19664541783.0
Restaking TVL,2024-06-14,19745676532.0
Restaking TVL,2024-06-15,19844382127.0
Restaking TVL,2024-06-16,20236014437.0
Restaking TVL,2024-06-17,20201036882.0
Restaking TVL,2024-06-18,19691747657.0
Restaking TVL,2024-06-19,19921960668.0
Restaking TVL,2024-06-20,20108611673.0
Restaking TVL,2024-06-21,19365169155.0
Restaking TVL,2024-06-22,19386699344.0
Restaking TVL,2024-06-23,19554846003.0
Restaking TVL,2024-06-24,18679621339.0
Restaking TVL,2024-06-25,18801464308.0
Restaking TVL,2024-06-26,19095678625.0
Restaking TVL,2024-06-27,18689734307.0
Restaking TVL,2024-06-28,18673249364.0
Restaking TVL,2024-06-29,18191801989.0
Restaking TVL,2024-06-30,18157374052.0
Restaking TVL,2024-07-01,18656143227.0
Restaking TVL,2024-07-02,18441004844.0
Restaking TVL,2024-07-03,18038578148.0
Restaking TVL,2024-07-04,17094520744.0
Restaking TVL,2024-07-05,15392329350.0
Restaking TVL,2024-07-06,15960886456.0
Restaking TVL,2024-07-07,15189753742.0
Restaking TVL,2024-07-08,14834544673.0
Restaking TVL,2024-07-09,15831263872.0
Restaking TVL,2024-07-10,15940331439.0
Restaking TVL,2024-07-11,16118645484.0
Restaking TVL,2024-07-12,16228137929.0
Restaking TVL,2024-07-13,16233766675.0
Restaking TVL,2024-07-14,16458669667.0
Restaking TVL,2024-07-15,17081773266.0
Restaking TVL,2024-07-16,16797196563.0
Restaking TVL,2024-07-17,16874417553.0
Restaking TVL,2024-07-18,16816371064.0
Restaking TVL,2024-07-19,16600267445.0
Restaking TVL,2024-07-20,17039015343.0
Restaking TVL,2024-07-21,17118034145.0
Restaking TVL,2024-07-22,17125256235.0
Restaking TVL,2024-07-23,17601932595.0
Restaking TVL,2024-07-24,17733045996.0
Restaking TVL,2024-07-25,16330076621.0
Restaking TVL,2024-07-26,16603937319.0
Restaking TVL,2024-07-27,16835838345.0
Restaking TVL,2024-07-28,16729227425.0
Restaking TVL,2024-07-29,17437127525.0
Restaking TVL,2024-07-30,17331703489.0
Restaking TVL,2024-07-31,17241445517.0
Restaking TVL,2024-08-01,16657914046.0
Restaking TVL,2024-08-02,16517928260.0
Restaking TVL,2024-08-03,15700884228.0
Restaking TVL,2024-08-04,15255639603.0
Restaking TVL,2024-08-05,11956111548.0
Restaking TVL,2024-08-06,13022394627.0
Restaking TVL,2024-08-07,13361712428.0
Restaking TVL,2024-08-08,12852596713.0
Restaking TVL,2024-08-09,13928126152.0
Restaking TVL,2024-08-10,13824607710.0
Restaking TVL,2024-08-11,13879695934.0
Restaking TVL,2024-08-12,13363130797.0
Restaking TVL,2024-08-13,13457658651.0
Restaking TVL,2024-08-14,13900455509.0
Restaking TVL,2024-08-15,13345368025.0
Restaking TVL,2024-08-16,13305006961.0
Restaking TVL,2024-08-17,13245368111.0
Restaking TVL,2024-08-18,13283015415.0
Restaking TVL,2024-08-19,13442045731.0
Restaking TVL,2024-08-20,13372148058.0
Restaking TVL,2024-08-21,13076482224.0
Restaking TVL,2024-08-22,13262082008.0
Restaking TVL,2024-08-23,13136746677.0
Restaking TVL,2024-08-24,13887907258.0
Restaking TVL,2024-08-25,13704153745.0
Restaking TVL,2024-08-26,13839096043.0
Restaking TVL,2024-08-27,13425396637.0
Restaking TVL,2024-08-28,12235596890.0
Restaking TVL,2024-08-29,12584605858.0
Restaking TVL,2024-08-30,12660707934.0
Restaking TVL,2024-08-31,12610708534.0
Restaking TVL,2024-09-01,12616013837.0
Restaking TVL,2024-09-02,12223467846.0
Restaking TVL,2024-09-03,12771138830.0
Restaking TVL,2024-09-04,12349895832.0
Restaking TVL,2024-09-05,12362967293.0
Restaking TVL,2024-09-06,11944395466.0
Restaking TVL,2024-09-07,11148561438.0
Restaking TVL,2024-09-08,11387266324.0
Restaking TVL,2024-09-09,11591810866.0
Restaking TVL,2024-09-10,11795872525.0
Restaking TVL,2024-09-11,11880575895.0
Restaking TVL,2024-09-12,11655835634.0
Restaking TVL,2024-09-13,11677370732.0
Restaking TVL,2024-09-14,12191853702.0
Restaking TVL,2024-09-15,11997093821.0
Restaking TVL,2024-09-16,11696993665.0
Restaking TVL,2024-09-17,11367798724.0
Restaking TVL,2024-09-18,11626683676.0
Restaking TVL,2024-09-19,11547575407.0
Restaking TVL,2024-09-20,12119362401.0
Restaking TVL,2024-09-21,12532994770.0
Restaking TVL,2024-09-22,12601881628.0
Restaking TVL,2024-09-23,12529600436.0
Restaking TVL,2024-09-24,13076114767.0
Restaking TVL,2024-09-25,13110059588.0
Restaking TVL,2024-09-26,12661857381.0
Restaking TVL,2024-09-27,12857887779.0
Restaking TVL,2024-09-28,13152896891.0
Restaking TVL,2024-09-29,12951944105.0
Restaking TVL,2024-09-30,12891237362.0
Restaking TVL,2024-10-01,12648367619.0
Restaking TVL,2024-10-02,11896134702.0
Restaking TVL,2024-10-03,11460137366.0
Restaking TVL,2024-10-04,11246954425.0
Restaking TVL,2024-10-05,11471798374.0
Restaking TVL,2024-10-06,11360456323.0
Restaking TVL,2024-10-07,11286480408.0
Restaking TVL,2024-10-08,11401455261.0
Restaking TVL,2024-10-09,11182327084.0
Restaking TVL,2024-10-10,11137550479.0
Restaking TVL,2024-10-11,11055258459.0
Restaking TVL,2024-10-12,11520316439.0
Restaking TVL,2024-10-13,11699931281.0
Restaking TVL,2024-10-14,11514889631.0
Restaking TVL,2024-10-15,12346408630.0
Restaking TVL,2024-10-16,12018775057.0
Restaking TVL,2024-10-17,11773461555.0
Restaking TVL,2024-10-18,11179722617.0
Restaking TVL,2024-10-19,11224792883.0
Restaking TVL,2024-10-20,11255625518.0
Restaking TVL,2024-10-21,11670917543.0
Restaking TVL,2024-10-22,12934356942.0
Restaking TVL,2024-10-23,13249626013.0
Restaking TVL,2024-10-24,12652658432.0
Restaking TVL,2024-10-25,12895614216.0
Restaking TVL,2024-10-26,12634083284.0
Restaking TVL,2024-10-27,12678630614.0
Restaking TVL,2024-10-28,12830520263.0
Restaking TVL,2024-10-29,13160275912.0
Restaking TVL,2024-10-30,13421671835.0
Restaking TVL,2024-10-31,13719785893.0
Restaking TVL,2024-11-01,12998254255.0
Restaking TVL,2024-11-02,12945216869.0
Restaking TVL,2024-11-03,12934240024.0
Restaking TVL,2024-11-04,12804129766.0
Restaking TVL,2024-11-05,12360390890.0
Restaking TVL,2024-11-06,12658378669.0
Restaking TVL,2024-11-07,14063432416.0
Restaking TVL,2024-11-08,14849198971.0
Restaking TVL,2024-11-09,15203338619.0
Restaking TVL,2024-11-10,15824000163.0
Restaking TVL,2024-11-11,16184506177.0
Restaking TVL,2024-11-12,17097509118.0
Restaking TVL,2024-11-13,17326787662.0
Restaking TVL,2024-11-14,16936060923.0
Restaking TVL,2024-11-15,16433326072.0
Restaking TVL,2024-11-16,16481537492.0
Restaking TVL,2024-11-17,16268198734.0
Restaking TVL,2024-11-18,16346143400.0
Restaking TVL,2024-11-19,16948841262.0
Restaking TVL,2024-11-20,16566836781.0
Restaking TVL,2024-11-21,16522856137.0
Restaking TVL,2024-11-22,18051133496.0
Restaking TVL,2024-11-23,17918248163.0
Restaking TVL,2024-11-24,18157945890.0
Restaking TVL,2024-11-25,17912162215.0
Restaking TVL,2024-11-26,17967758743.0
Restaking TVL,2024-11-27,17782811504.0
Restaking TVL,2024-11-28,20089641125.0
Restaking TVL,2024-11-29,19756416088.0
Restaking TVL,2024-11-30,20093978536.0
Restaking TVL,2024-12-01,20586916141.0
Restaking TVL,2024-12-02,20695215450.0
Restaking TVL,2024-12-03,20103691251.0
Restaking TVL,2024-12-04,20376952540.0
Restaking TVL,2024-12-05,21607594984.0
Restaking TVL,2024-12-06,21294319516.0
Restaking TVL,2024-12-07,22447139858.0
Restaking TVL,2024-12-08,22370671960.0
Restaking TVL,2024-12-09,22418567084.0
Restaking TVL,2024-12-10,20568245755.0
Restaking TVL,2024-12-11,21213706017.0
Restaking TVL,2024-12-12,22758449842.0
Restaking TVL,2024-12-13,23073551046.0
Restaking TVL,2024-12-14,23302701728.0
Restaking TVL,2024-12-15,23467859806.0
Restaking TVL,2024-12-16,25088208803.0
Restaking TVL,2024-12-17,25738019349.0
Restaking TVL,2024-12-18,25257644405.0
Restaking TVL,2024-12-19,23886833099.0
Restaking TVL,2024-12-20,22532097967.0
Restaking TVL,2024-12-21,22525851105.0
Restaking TVL,2024-12-22,21687486636.0
Restaking TVL,2024-12-23,21475405852.0
Restaking TVL,2024-12-24,22198031989.0
Restaking TVL,2024-12-25,22689456178.0
Restaking TVL,2024-12-26,22726573072.0
Restaking TVL,2024-12-27,21701013680.0
Restaking TVL,2024-12-28,21611174606.0
Restaking TVL,2024-12-29,22090672862.0
Restaking TVL,2024-12-30,21702908683.0
Restaking TVL,2024-12-31,21513173533.0
Restaking TVL,2025-01-01,21319102874.0
Restaking TVL,2025-01-02,21527364349.0
Restaking TVL,2025-01-03,22013109729.0
Restaking TVL,2025-01-04,22845201144.0
Restaking TVL,2025-01-05,23167392209.0
Restaking TVL,2025-01-06,23097527802.0
Restaking TVL,2025-01-07,23490989004.0
Restaking TVL,2025-01-08,21772546849.0
Restaking TVL,2025-01-09,21263506499.0
Restaking TVL,2025-01-10,20628651672.0
Restaking TVL,2025-01-11,20959434663.0
Restaking TVL,2025-01-12,21156077951.0
Restaking TVL,2025-01-13,20665800164.0
Restaking TVL,2025-01-14,20227486746.0
Restaking TVL,2025-01-15,20988130305.0
Restaking TVL,2025-01-16,22216726091.0
Restaking TVL,2025-01-17,21627571758.0
Restaking TVL,2025-01-18,22673628293.0
Restaking TVL,2025-01-19,21861368168.0
Restaking TVL,2025-01-20,21288815005.0
Restaking TVL,2025-01-21,21681438937.0
Restaking TVL,2025-01-22,22089811644.0
Restaking TVL,2025-01-23,21793143910.0
Restaking TVL,2025-01-24,22166985826.0
Restaking TVL,2025-01-25,21984171749.0
Restaking TVL,2025-01-26,22197471263.0
Restaking TVL,2025-01-27,21627786887.0
Restaking TVL,2025-01-28,20945520771.0
Restaking TVL,2025-01-29,20386858843.0
Restaking TVL,2025-01-30,20891562246.0
Restaking TVL,2025-01-31,21522410723.0
Restaking TVL,2025-02-01,21644942192.0
Restaking TVL,2025-02-02,20899124820.0
Restaking TVL,2025-02-03,19153360127.0
Restaking TVL,2025-02-04,19684397693.0
Restaking TVL,2025-02-05,18899549877.0
Restaking TVL,2025-02-06,19009601384.0
Restaking TVL,2025-02-07,18623495688.0
Restaking TVL,2025-02-08,18432691219.0
Restaking TVL,2025-02-09,18403552483.0
Restaking TVL,2025-02-10,18528056664.0
Restaking TVL,2025-02-11,18652635945.0
Restaking TVL,2025-02-12,18348991273.0
Restaking TVL,2025-02-13,19046388147.0
Restaking TVL,2025-02-14,18716797932.0
Restaking TVL,2025-02-15,18845757347.0
Restaking TVL,2025-02-16,18738189978.0
Restaking TVL,2025-02-17,18479734843.0
Restaking TVL,2025-02-18,18718920395.0
Restaking TVL,2025-02-19,18370447323.0
Restaking TVL,2025-02-20,18664882590.0
Restaking TVL,2025-02-21,18917148755.0
Restaking TVL,2025-02-22,18293749476.0
Restaking TVL,2025-02-23,18872643879.0
Restaking TVL,2025-02-24,19023866620.0
Restaking TVL,2025-02-25,17412127361.0
Restaking TVL,2025-02-26,16967185920.0
Restaking TVL,2025-02-27,16008224480.0
Restaking TVL,2025-02-28,15907880385.0
Restaking TVL,2025-03-01,15580307701.0
Restaking TVL,2025-03-02,15589100236.0
Restaking TVL,2025-03-03,17354722809.0
Restaking TVL,2025-03-04,15280941124.0
Restaking TVL,2025-03-05,15259575144.0
Restaking TVL,2025-03-06,15724729373.0
Restaking TVL,2025-03-07,15302289354.0
Restaking TVL,2025-03-08,15096663995.0
Restaking TVL,2025-03-09,15341641793.0
Restaking TVL,2025-03-10,14123199210.0
Restaking TVL,2025-03-11,13419036712.0
Restaking TVL,2025-03-12,13872459374.0
Restaking TVL,2025-03-13,13863326888.0
Restaking TVL,2025-03-14,13767629980.0
Restaking TVL,2025-03-15,14182479992.0
Restaking TVL,2025-03-16,14277463742.0
Restaking TVL,2025-03-17,13987135892.0
Restaking TVL,2025-03-18,14228648406.0
Restaking TVL,2025-03-19,14250202231.0
Restaking TVL,2025-03-20,14925281366.0
Restaking TVL,2025-03-21,14451627571.0
Restaking TVL,2025-03-22,14461630352.0
Restaking TVL,2025-03-23,14503874109.0
Restaking TVL,2025-03-24,14766870976.0
Restaking TVL,2025-03-25,15225189216.0
Restaking TVL,2025-03-26,15206322178.0
Restaking TVL,2025-03-27,14983357309.0
Restaking TVL,2025-03-28,14993511971.0
Restaking TVL,2025-03-29,14456172707.0
Restaking TVL,2025-03-30,14009443693.0
Restaking TVL,2025-03-31,13939026205.0
Restaking TVL,2025-04-01,14073137305.0
Restaking TVL,2025-04-02,14292029558.0
Restaking TVL,2025-04-03,13803276092.0
Restaking TVL,2025-04-04,14126079686.0
Restaking TVL,2025-04-05,14163264053.0
Restaking TVL,2025-04-06,14129511485.0
Restaking TVL,2025-04-07,12639423810.0
Restaking TVL,2025-04-08,12548549604.0
Restaking TVL,2025-04-09,11944004349.0
Restaking TVL,2025-04-10,13238402431.0
Restaking TVL,2025-04-11,12409524961.0
Restaking TVL,2025-04-12,12810198579.0
Restaking TVL,2025-04-13,13272931934.0
Restaking TVL,2025-04-14,13052325431.0
Restaking TVL,2025-04-15,12807620356.0
Restaking TVL,2025-04-16,12548984732.0
Restaking TVL,2025-04-17,11194760786.0
Restaking TVL,2025-04-18,11191233288.0
Restaking TVL,2025-04-19,11104689475.0
Restaking TVL,2025-04-20,11315907123.0
Restaking TVL,2025-04-21,11156132568.0
Restaking TVL,2025-04-22,11179456075.0
Restaking TVL,2025-04-23,12192386718.0
Restaking TVL,2025-04-24,12360890981.0
Restaking TVL,2025-04-25,12239595569.0
Restaking TVL,2025-04-26,13579845399.0
Restaking TVL,2025-04-27,14308355859.0
Restaking TVL,2025-04-28,14220671147.0
Restaking TVL,2025-04-29,14295013037.0
Restaking TVL,2025-04-30,14063581319.0
Restaking TVL,2025-05-01,14057545042.0
Restaking TVL,2025-05-02,14547517325.0
Restaking TVL,2025-05-03,14580040956.0
Restaking TVL,2025-05-04,14445810285.0
Restaking TVL,2025-05-05,14248641412.0
Restaking TVL,2025-05-06,14281010343.0
Restaking TVL,2025-05-07,14405863431.0
Restaking TVL,2025-05-08,14409425064.0
Restaking TVL,2025-05-09,16408561703.0
Restaking TVL,2025-05-10,17067928858.0
Restaking TVL,2025-05-11,17910676778.0
Restaking TVL,2025-05-12,17571753681.0
Restaking TVL,2025-05-13,17199354664.0
Restaking TVL,2025-05-14,18254613419.0
Restaking TVL,2025-05-15,17771373482.0
Restaking TVL,2025-05-16,17325472511.0
Restaking TVL,2025-05-17,17174493987.0
Restaking TVL,2025-05-18,17000213487.0
Restaking TVL,2025-05-19,17098907447.0
Restaking TVL,2025-05-20,17327151675.0
Restaking TVL,2025-05-21,17584571433.0
Restaking TVL,2025-05-22,18219725924.0
Restaking TVL,2025-05-23,18879855208.0
Restaking TVL,2025-05-24,17974112181.0
Restaking TVL,2025-05-25,18008138433.0
Restaking TVL,2025-05-26,18238075973.0
Restaking TVL,2025-05-27,18343808064.0
Restaking TVL,2025-05-28,18713396719.0
Restaking TVL,2025-05-29,18839985814.0
Restaking TVL,2025-05-30,17848859028.0
Restaking TVL,2025-05-31,17311341375.0
Restaking TVL,2025-06-01,17339889908.0
Restaking TVL,2025-06-02,17578543025.0
Restaking TVL,2025-06-03,17890440428.0
Restaking TVL,2025-06-04,17334936182.0
Restaking TVL,2025-06-05,17436013146.0
Restaking TVL,2025-06-06,16448080441.0
Restaking TVL,2025-06-07,16951740337.0
Restaking TVL,2025-06-08,17226643850.0
Restaking TVL,2025-06-09,17249452527.0
Restaking TVL,2025-06-10,18376133859.0
Restaking TVL,2025-06-11,18886782421.0
Restaking TVL,2025-06-12,18766168078.0
Restaking TVL,2025-06-13,17399953938.0
Restaking TVL,2025-06-14,17743875516.0
Restaking TVL,2025-06-15,17501085204.0
Restaking TVL,2025-06-16,17564909139.0
Restaking TVL,2025-06-17,17755278758.0
Restaking TVL,2025-06-18,17484995700.0
Restaking TVL,2025-06-19,17567201749.0
Restaking TVL,2025-06-20,17650238713.0
Restaking TVL,2025-06-21,16936377505.0
Restaking TVL,2025-06-22,16126689414.0
Restaking TVL,2025-06-23,16001026069.0
Restaking TVL,2025-06-24,17130761641.0
Restaking TVL,2025-06-25,17154678700.0
Restaking TVL,2025-06-26,17093522576.0
Restaking TVL,2025-06-27,17104567041.0
Restaking TVL,2025-06-28,17148657462.0
Restaking TVL,2025-06-29,17474430793.0
Restaking TVL,2025-06-30,17796184987.0
Restaking TVL,2025-07-01,17683711254.0
Restaking TVL,2025-07-02,17171905348.0
Restaking TVL,2025-07-03,18127288541.0
Restaking TVL,2025-07-04,18176724891.0
Restaking TVL,2025-07-05,17673215841.0
Restaking TVL,2025-07-06,17765288897.0
Restaking TVL,2025-07-07,18030750020.0
Restaking TVL,2025-07-08,17932003754.0
Restaking TVL,2025-07-09,18317336873.0
Restaking TVL,2025-07-10,19165496827.0
Restaking TVL,2025-07-11,20231015618.0
Restaking TVL,2025-07-12,20360585333.0
Restaking TVL,2025-07-13,20398709700.0
Restaking TVL,2025-07-14,20561066734.0
Restaking TVL,2025-07-15,20795913813.0
Restaking TVL,2025-07-16,21169695489.0
Restaking TVL,2025-07-17,22468931844.0
Restaking TVL,2025-07-18,22942816166.0
Restaking TVL,2025-07-19,23215558750.0
Restaking TVL,2025-07-20,23375062337.0
Restaking TVL,2025-07-21,24152539882.0
Restaking TVL,2025-07-22,24801258411.0
Restaking TVL,2025-07-23,24824105914.0
Restaking TVL,2025-07-24,24163814967.0
Restaking TVL,2025-07-25,24356072327.0
Restaking TVL,2025-07-26,24548906060.0
Restaking TVL,2025-07-27,24670333787.0
Restaking TVL,2025-07-28,25434235929.0
Restaking TVL,2025-07-29,24936439996.0
Restaking TVL,2025-07-30,24771256515.0
Restaking TVL,2025-07-31,24845631445.0
Restaking TVL,2025-08-01,23928547603.0
Restaking TVL,2025-08-02,22628656141.0
Restaking TVL,2025-08-03,21970477024.0
Restaking TVL,2025-08-04,22682824309.0
Restaking TVL,2025-08-05,23488174324.0
Restaking TVL,2025-08-06,23063212911.0
Restaking TVL,2025-08-07,23540768934.0
Restaking TVL,2025-08-08,24771108714.0
Restaking TVL,2025-08-09,25216859222.0
Restaking TVL,2025-08-10,26545564042.0
Restaking TVL,2025-08-11,25750273905.0
Restaking TVL,2025-08-12,25725301257.0
Restaking TVL,2025-08-13,27603804887.0
Restaking TVL,2025-08-14,28703121312.0
Restaking TVL,2025-08-15,28152554637.0
Restaking TVL,2025-08-16,27623649800.0
Restaking TVL,2025-08-17,27409873332.0
Restaking TVL,2025-08-18,27349571079.0
Restaking TVL,2025-08-19,26752452586.0
Restaking TVL,2025-08-20,25387709154.0
Restaking TVL,2025-08-21,26425148680.0
Restaking TVL,2025-08-22,26967814050.0
Restaking TVL,2025-08-23,29401171733.0
Restaking TVL,2025-08-24,29231261689.0
Restaking TVL,2025-08-25,28614837892.0
Restaking TVL,2025-08-26,26841685813.0
Restaking TVL,2025-08-27,27968890991.0
Restaking TVL,2025-08-28,27747332435.0
Restaking TVL,2025-08-29,27838159616.0
Restaking TVL,2025-08-30,26618532894.0
Restaking TVL,2025-08-31,26529941865.0
Restaking TVL,2025-09-01,26533846048.0
Restaking TVL,2025-09-02,26072973924.0
Restaking TVL,2025-09-03,26088617558.0
Restaking TVL,2025-09-04,26714882012.0
Restaking TVL,2025-09-05,26061640057.0
Restaking TVL,2025-09-06,25961501969.0
Restaking TVL,2025-09-07,25860200111.0
Restaking TVL,2025-09-08,25969661744.0
Restaking TVL,2025-09-09,25957426802.0
Restaking TVL,2025-09-10,25879106593.0
Restaking TVL,2025-09-11,26091554673.0
Restaking TVL,2025-09-12,26987069989.0
Restaking TVL,2025-09-13,28003795238.0
Restaking TVL,2025-09-14,27560551966.0
Restaking TVL,2025-09-15,27227611240.0
Restaking TVL,2025-09-16,27010421920.0
Restaking TVL,2025-09-17,27064048327.0
Restaking TVL,2025-09-18,27619139735.0
Restaking TVL,2025-09-19,27591143107.0
Restaking TVL,2025-09-20,26894163953.0
Restaking TVL,2025-09-21,26891999948.0
Restaking TVL,2025-09-22,26709560108.0
Restaking TVL,2025-09-23,25434285489.0
Restaking TVL,2025-09-24,25144402664.0
Restaking TVL,2025-09-25,24985362687.0
Restaking TVL,2025-09-26,23555035608.0
Restaking TVL,2025-09-27,24135499466.0
Restaking TVL,2025-09-28,24138544501.0
Restaking TVL,2025-09-29,24803781506.0
Restaking TVL,2025-09-30,25252970087.0
Restaking TVL,2025-10-01,24935459797.0
Restaking TVL,2025-10-02,26094549798.0
Restaking TVL,2025-10-03,26689404693.0
Restaking TVL,2025-10-04,27046638103.0
Restaking TVL,2025-10-05,26882188695.0
Restaking TVL,2025-10-06,27022781792.0
Restaking TVL,2025-10-07,27801934572.0
Restaking TVL,2025-10-08,26629014236.0
Restaking TVL,2025-10-09,27095141444.0
Restaking TVL,2025-10-10,26376308499.0
Restaking TVL,2025-10-11,23706907557.0
Restaking TVL,2025-10-12,22969570703.0
Restaking TVL,2025-10-13,25168290010.0
Restaking TVL,2025-10-14,25523391531.0
Restaking TVL,2025-10-15,24734885210.0
Restaking TVL,2025-10-16,24099709251.0
Restaking TVL,2025-10-17,23674510241.0
Restaking TVL,2025-10-18,23202306511.0
Restaking TVL,2025-10-19,23444393639.0
Restaking TVL,2025-10-20,23865628086.0
Restaking TVL,2025-10-21,23932177172.0
Restaking TVL,2025-10-22,23439624980.0
Restaking TVL,2025-10-23,23067248627.0
Restaking TVL,2025-10-24,23328349120.0
Restaking TVL,2025-10-25,23664458348.0
Restaking TVL,2025-10-26,23814060197.0
Restaking TVL,2025-10-27,24856669394.0
Restaking TVL,2025-10-28,24498803542.0
Restaking TVL,2025-10-29,23861899026.0
Restaking TVL,2025-10-30,23466024008.0
Restaking TVL,2025-10-31,23017815552.0
Restaking TVL,2025-11-01,23079175998.0
Restaking TVL,2025-11-02,23165222022.0
Restaking TVL,2025-11-03,23114040115.0
Restaking TVL,2025-11-04,21791425369.0
Restaking TVL,2025-11-05,20168045033.0
Restaking TVL,2025-11-06,20749027201.0
Restaking TVL,2025-11-07,20220400470.0
Restaking TVL,2025-11-08,20758238977.0
Restaking TVL,2025-11-09,20551955339.0
Restaking TVL,2025-11-10,21686453568.0
Restaking TVL,2025-11-11,21421219335.0
Restaking TVL,2025-11-12,20587217305.0
Restaking TVL,2025-11-13,20490091054.0
Restaking TVL,2025-11-14,19403181306.0
Restaking TVL,2025-11-15,18952874207.0
Restaking TVL,2025-11-16,19050990264.0
Restaking TVL,2025-11-17,18737086402.0
Restaking TVL,2025-11-18,18210484729.0
Restaking TVL,2025-11-19,18710616953.0
Restaking TVL,2025-11-20,18374704214.0
Restaking TVL,2025-11-21,17232359743.0
Restaking TVL,2025-11-22,16687771430.0
Restaking TVL,2025-11-23,16688540611.0
Restaking TVL,2025-11-24,16916914652.0
Restaking TVL,2025-11-25,17538709496.0
Restaking TVL,2025-11-26,17538597776.0
Restaking TVL,2025-11-27,17934273874.0
Restaking TVL,2025-11-28,17892089899.0
Restaking TVL,2025-11-29,17916787919.0
Restaking TVL,2025-11-30,17724038715.0
Restaking TVL,2025-12-01,17605138185.0
Restaking TVL,2025-12-02,16585142469.0
Restaking TVL,2025-12-03,17743246429.0
Restaking TVL,2025-12-04,18748285824.0
Restaking TVL,2025-12-05,18380886038.0
Restaking TVL,2025-12-06,17628608717.0
Restaking TVL,2025-12-07,17603932895.0
Restaking TVL,2025-12-08,17723613575.0
Restaking TVL,2025-12-09,18010784364.0
Restaking TVL,2025-12-10,18850429142.0
Restaking TVL,2025-12-11,18861823647.0
Restaking TVL,2025-12-12,18526442491.0
Restaking TVL,2025-12-13,18926523084.0
Restaking TVL,2025-12-14,19129750785.0
Restaking TVL,2025-12-15,18817090356.0
Restaking TVL,2025-12-16,18095340378.0
Restaking TVL,2025-12-17,18251858920.0
Restaking TVL,2025-12-18,17618861967.0
Restaking TVL,2025-12-19,17554666089.0
Restaking TVL,2025-12-20,18338316328.0
Restaking TVL,2025-12-21,18345035997.0
Restaking TVL,2025-12-22,18624333847.0
Restaking TVL,2025-12-23,18492295296.0
Restaking TVL,2025-12-24,18064412103.0
Restaking TVL,2025-12-25,18019639758.0
Restaking TVL,2025-12-26,17889093296.0
Restaking TVL,2025-12-27,17884526125.0
Restaking TVL,2025-12-28,17997535912.0
Restaking TVL,2025-12-29,18108049089.0
Restaking TVL,2025-12-30,18117318802.0
Restaking TVL,2025-12-31,18391397381.0
Restaking TVL,2026-01-01,18390070694.0
Restaking TVL,2026-01-02,18667016403.0
Restaking TVL,2026-01-03,19321120210.0
Restaking TVL,2026-01-04,19558938586.0
Restaking TVL,2026-01-05,19693742435.0
Restaking TVL,2026-01-06,20330908678.0
Restaking TVL,2026-01-07,20685846359.0
Restaking TVL,2026-01-08,19943629163.0
Restaking TVL,2026-01-09,19717547509.0
Restaking TVL,2026-01-10,19273357567.0
Restaking TVL,2026-01-11,19280756184.0
Restaking TVL,2026-01-12,19460967209.0
Restaking TVL,2026-01-13,19308218223.0
Restaking TVL,2026-01-14,20605898160.0
Restaking TVL,2026-01-15,20743421557.0
Restaking TVL,2026-01-16,20609485547.0
Restaking TVL,2026-01-17,20515500099.0
Restaking TVL,2026-01-18,20527244576.0
Restaking TVL,2026-01-19,20016093919.0
Restaking TVL,2026-01-20,19801375008.0
Restaking TVL,2026-01-21,18618202197.0
Restaking TVL,2026-01-22,19107077427.0
Restaking TVL,2026-01-23,19064420601.0
Restaking TVL,2026-01-24,19078595212.0
Restaking TVL,2026-01-25,19060546179.0
Restaking TVL,2026-01-26,18228326914.0
Restaking TVL,2026-01-27,18690132608.0
Restaking TVL,2026-01-28,19236174229.0
Restaking TVL,2026-01-29,19201165466.0
Restaking TVL,2026-01-30,18070891479.0
Restaking TVL,2026-01-31,17534982814.0
Restaking TVL,2026-02-01,16188014142.0
Restaking TVL,2026-02-02,15391245462.0
Restaking TVL,2026-02-03,15583078137.0
Restaking TVL,2026-02-04,14947039920.0
Restaking TVL,2026-02-05,14412043588.0
Restaking TVL,2026-02-06,11970148830.0
Restaking TVL,2026-02-07,13833022569.0
Restaking TVL,2026-02-08,13958223576.0
Restaking TVL,2026-02-09,14096396753.0
Restaking TVL,2026-02-10,14265608429.0
Restaking TVL,2026-02-11,13870951775.0
Restaking TVL,2026-02-12,13445171662.0
Restaking TVL,2026-02-13,13375329830.0
Restaking TVL,2026-02-14,14001232833.0
Restaking TVL,2026-02-15,14203419040.0
Restaking TVL,2026-02-16,13641857848.0
Restaking TVL,2026-02-17,13761037907.0
Restaking TVL,2026-02-18,13628583511.0
Restaking TVL,2026-02-19,13347966621.0
Restaking TVL,2026-02-20,13425626593.0
Restaking TVL,2026-02-21,13549637538.0
Restaking TVL,2026-02-22,13453585462.0
Restaking TVL,2026-02-23,12830028413.0
Restaking TVL,2026-02-24,12005628657.0
Restaking TVL,2026-02-25,11884405620.0
Restaking TVL,2026-02-26,13027953672.0
Restaking TVL,2026-02-27,12853764819.0
Restaking TVL,2026-02-28,12339941531.0
Restaking TVL,2026-03-01,12516516313.0
Restaking TVL,2026-03-02,12230784040.0
Restaking TVL,2026-03-03,12848410938.0
Restaking TVL,2026-03-04,12602427556.0
Restaking TVL,2026-03-05,13586126849.0
Restaking TVL,2026-03-06,13198380577.0
Restaking TVL,2026-03-07,12489686874.0
Restaking TVL,2026-03-08,12525189795.0
Restaking TVL,2026-03-09,12248754454.0
Restaking TVL,2026-03-10,12592231845.0
Restaking TVL,2026-03-11,12427930251.0
Restaking TVL,2026-03-12,10864588425.0
Restaking TVL,2026-03-13,11190333045.0
Restaking TVL,2026-03-14,11229388754.0
Restaking TVL,2026-03-15,11333282810.0
Restaking TVL,2026-03-16,11719833320.0
Restaking TVL,2026-03-17,12584121250.0
Restaking TVL,2026-03-18,12420490990.0
Restaking TVL,2026-03-19,11793752587.0
Restaking TVL,2026-03-20,11495600054.0
Restaking TVL,2026-03-21,11553130806.0
Restaking TVL,2026-03-22,11169993321.0
Restaking TVL,2026-03-23,10960425643.0
Restaking TVL,2026-03-24,11974752866.0
Restaking TVL,2026-03-25,12367209484.0
Restaking TVL,2026-03-26,12761424956.0
Restaking TVL,2026-03-27,12378248273.0
Restaking TVL,2026-03-28,12029528315.0
Restaking TVL,2026-03-29,12199657848.0
Restaking TVL,2026-03-30,12055044643.0
Restaking TVL,2026-03-31,12366472372.0
Restaking TVL,2026-04-01,12702686515.0
Restaking TVL,2026-04-02,12932999396.0
Restaking TVL,2026-04-03,12496773237.0
Restaking TVL,2026-04-04,12133477669.0
Restaking TVL,2026-04-05,12194165501.0
Restaking TVL,2026-04-06,12539701500.0
Restaking TVL,2026-04-07,12507253236.0
Restaking TVL,2026-04-08,13158753344.0
Restaking TVL,2026-04-09,12923010251.0
Restaking TVL,2026-04-10,13120535668.0
Restaking TVL,2026-04-11,13381411798.0
Restaking TVL,2026-04-12,13566147375.0
Restaking TVL,2026-04-13,13089772717.0
Restaking TVL,2026-04-14,14027471273.0
Restaking TVL,2026-04-15,13877061873.0
Restaking TVL,2026-04-16,13967227357.0
Restaking TVL,2026-04-17,14143243863.0
Restaking TVL,2026-04-18,14592476100.0
Restaking TVL,2026-04-19,14218866388.0
Restaking TVL,2026-04-20,13774850715.0
Restaking TVL,2026-04-21,14075191247.0
Restaking TVL,2026-04-22,14073106435.0
Restaking TVL,2026-04-23,14413677696.0
Restaking TVL,2026-04-24,14136900398.0
Restaking TVL,2026-04-25,13392374072.0
Restaking TVL,2026-04-26,13556463649.0
Restaking TVL,2026-04-27,13821737482.0
Restaking TVL,2026-04-28,13300841802.0
Restaking TVL,2026-04-29,13166198131.0
Restaking TVL,2026-04-30,13058962370.0
Restaking TVL,2026-05-01,12855804970.0
Restaking TVL,2026-05-02,12782023361.0
Restaking TVL,2026-05-03,12981197459.0
Restaking TVL,2026-05-04,12731221133.0
Restaking TVL,2026-05-05,12305090623.0
Restaking TVL,2026-05-06,12397375215.0
Restaking TVL,2026-05-07,12399272833.0
Restaking TVL,2026-05-08,12120122091.0
Restaking TVL,2026-05-09,12053387180.0
Restaking TVL,2026-05-10,11926849066.0
Restaking TVL,2026-05-11,12128749796.0
Restaking TVL,2026-05-12,11997671960.0
Restaking TVL,2026-05-13,11747444295.0
Restaking TVL,2026-05-14,11674875488.0
Restaking TVL,2026-05-15,11876807009.0
Restaking TVL,2026-05-16,11626928462.0
Restaking TVL,2026-05-17,11440490254.0
Restaking TVL,2026-05-18,11161561389.0
Restaking TVL,2026-05-19,11205103468.0
Restaking TVL,2026-05-20,11029934287.0
Restaking TVL,2026-05-21,11093627486.0
Restaking TVL,2026-05-22,11014867488.0
Restaking TVL,2026-05-23,10668646122.0
Restaking TVL,2026-05-24,10856412164.0
Restaking TVL,2026-05-25,10842198700.0
Restaking TVL,2026-05-26,10856540175.0
Restaking TVL,2026-05-27,10697467837.0
Restaking TVL,2026-05-28,10458958687.0
Restaking TVL,2026-05-29,10343840559.0
Restaking TVL,2026-05-30,9823620508.0
Restaking TVL,2026-05-31,9847770287.0
Restaking TVL,2026-06-01,9847974327.0
Restaking TVL,2026-06-02,9530597965.0
Restaking TVL,2026-06-03,8946759549.0
Restaking TVL,2026-06-04,8638495595.0
Restaking TVL,2026-06-05,8475888887.0
Restaking TVL,2026-06-06,7864651353.0
Restaking TVL,2026-06-07,7754503162.0
Restaking TVL,2026-06-08,8278266928.0
Restaking TVL,2026-06-09,8126932526.0
Restaking TVL,2026-06-10,7953447525.0
Restaking TVL,2026-06-11,7917665495.0
Restaking TVL,2026-06-12,8181448329.0
Restaking TVL,2026-06-13,8151863640.0
Restaking TVL,2026-06-14,8246078253.0
Restaking TVL,2026-06-15,8432771680.0
Restaking TVL,2026-06-16,8657245406.0
Restaking TVL,2026-06-17,8612735825.0
Restaking TVL,2026-06-18,8408752892.0
Restaking TVL,2026-06-19,8192256931.0
Restaking TVL,2026-06-20,8232770000.0
Restaking TVL,2026-06-21,8349676675.0
Restaking TVL,2026-06-22,8255084138.0
Restaking TVL,2026-06-23,8299660401.0
Restaking TVL,2026-06-24,8057817111.0
Restaking TVL,2026-06-25,7812607404.0
Restaking TVL,2026-06-26,7609509443.0
Restaking TVL,2026-06-27,7643122329.0
Restaking TVL,2026-06-28,7637134864.0
Restaking TVL,2026-06-29,7593856888.0
Restaking TVL,2026-06-30,7694648051.0
Restaking TVL,2026-07-01,7490405408.0
Restaking TVL,2026-07-02,7657969364.0
Restaking TVL,2026-07-03,8024533566.0
Restaking TVL,2026-07-04,8254918609.0
Restaking TVL,2026-07-05,8316064143.0
Restaking TVL,2026-07-06,8330497455.0
Restaking TVL,2026-07-07,7918015652.0
Restaking TVL,2026-07-08,7674412428.0
Restaking TVL,2026-07-09,7518946743.0
Restaking TVL,2026-07-10,7548140279.0
Restaking TVL,2026-07-11,7737474971.0
Restaking TVL,2026-07-12,7710403220.0
Restaking TVL,2026-07-13,7710386800.0
Restaking TVL,2026-07-14,7707083314.0
Restaking TVL,2026-07-15,8152354814.0
Restaking TVL,2026-07-16,8233346972.0
Restaking TVL,2026-07-17,8532311089.0
Restaking TVL,2026-07-18,8464355230.0
Restaking TVL,2026-07-19,8580869056.0
Restaking TVL,2026-07-20,8635705457.0
Restaking TVL,2026-07-21,8768663610.0
Restaking TVL,2026-07-22,8901628591.0
Restaking TVL,2026-07-23,8844044974.0
Restaking TVL,2026-07-24,8635787471.0
Restaking TVL,2026-07-25,8536251784.0
Restaking TVL,2026-07-26,8581090139.0
Restaking TVL,2026-07-27,8825069707.0
Restaking TVL,2026-07-28,8561736207.0
Restaking TVL,2026-07-29,8648479808.0
Restaking TVL,2026-07-30,8492507909.0
Restaking TVL,2026-07-31,8073931613.0
Restaking TVL,2026-08-01,7767118604.0
Restaking TVL,2026-08-02,7788276124.0
Restaking TVL,2026-08-03,7893890337.0
Restaking TVL,2026-08-04,7918641153.0
Restaking TVL,2026-08-05,7977588016.0
Restaking TVL,2026-08-06,7973749013.0
Restaking TVL,2026-08-07,7947299087.0
Restaking TVL,2026-08-08,8005874024.0
Restaking TVL,2026-08-09,8022661502.0
Restaking TVL,2026-08-10,7997165879.0
Restaking TVL,2026-08-11,7862662332.0
Restaking TVL,2026-08-12,7856521667.0
Restaking TVL,2026-08-13,7841982598.0
Restaking TVL,2026-08-14,7853163734.0
Restaking TVL,2026-08-15,7827918543.0
Restaking TVL,2026-08-16,7833869300.0
Restaking TVL,2026-08-17,7807903458.0
Restaking TVL,2026-08-18,7956374876.0
Restaking TVL,2026-08-19,7990318692.0
Restaking TVL,2026-08-20,9142207114.0
Restaking TVL,2026-08-21,9674930126.0
DEX Spot Volume,2014-02-17,6.23
DEX Spot Volume,2014-02-18,0.0
DEX Spot Volume,2014-02-19,0.0
DEX Spot Volume,2014-02-20,0.0
DEX Spot Volume,2014-02-21,0.0
DEX Spot Volume,2014-02-22,0.0
DEX Spot Volume,2014-02-23,0.0
DEX Spot Volume,2014-02-24,4.27
DEX Spot Volume,2014-02-25,0.0
DEX Spot Volume,2014-02-26,0.0
DEX Spot Volume,2014-02-27,0.0
DEX Spot Volume,2014-02-28,0.0
DEX Spot Volume,2014-03-01,0.0
DEX Spot Volume,2014-03-02,0.0
DEX Spot Volume,2014-03-03,0.0
DEX Spot Volume,2014-03-04,0.0
DEX Spot Volume,2014-03-05,0.0
DEX Spot Volume,2014-03-06,0.0
DEX Spot Volume,2014-03-07,112.0
DEX Spot Volume,2014-03-08,0.0
DEX Spot Volume,2014-03-09,133.0
DEX Spot Volume,2014-03-10,0.0
DEX Spot Volume,2014-03-11,66.0
DEX Spot Volume,2014-03-12,0.0
DEX Spot Volume,2014-03-13,0.0
DEX Spot Volume,2014-03-14,0.0
DEX Spot Volume,2014-03-15,0.0
DEX Spot Volume,2014-03-16,0.0
DEX Spot Volume,2014-03-17,0.0
DEX Spot Volume,2014-03-18,3336.0
DEX Spot Volume,2014-03-19,0.0
DEX Spot Volume,2014-03-20,0.0
DEX Spot Volume,2014-03-21,0.0
DEX Spot Volume,2014-03-22,0.0
DEX Spot Volume,2014-03-23,0.0
DEX Spot Volume,2014-03-24,0.0
DEX Spot Volume,2014-03-25,0.0
DEX Spot Volume,2014-03-26,0.0
DEX Spot Volume,2014-03-27,0.0
DEX Spot Volume,2014-03-28,0.0
DEX Spot Volume,2014-03-29,0.0
DEX Spot Volume,2014-03-30,0.0
DEX Spot Volume,2014-03-31,0.0
DEX Spot Volume,2014-04-01,0.0
DEX Spot Volume,2014-04-02,0.0
DEX Spot Volume,2014-04-03,0.0
DEX Spot Volume,2014-04-04,0.0
DEX Spot Volume,2014-04-05,0.0
DEX Spot Volume,2014-04-06,0.0
DEX Spot Volume,2014-04-07,0.0
DEX Spot Volume,2014-04-08,0.0
DEX Spot Volume,2014-04-09,4.24
DEX Spot Volume,2014-04-10,0.0
DEX Spot Volume,2014-04-11,0.0
DEX Spot Volume,2014-04-12,0.16
DEX Spot Volume,2014-04-13,0.0
DEX Spot Volume,2014-04-14,0.0
DEX Spot Volume,2014-04-15,0.0
DEX Spot Volume,2014-04-16,0.0
DEX Spot Volume,2014-04-17,0.0
DEX Spot Volume,2014-04-18,0.0
DEX Spot Volume,2014-04-19,0.0
DEX Spot Volume,2014-04-20,0.0
DEX Spot Volume,2014-04-21,0.0
DEX Spot Volume,2014-04-22,0.0
DEX Spot Volume,2014-04-23,0.0
DEX Spot Volume,2014-04-24,0.0
DEX Spot Volume,2014-04-25,0.0
DEX Spot Volume,2014-04-26,0.0
DEX Spot Volume,2014-04-27,0.0
DEX Spot Volume,2014-04-28,0.0
DEX Spot Volume,2014-04-29,0.0
DEX Spot Volume,2014-04-30,0.0
DEX Spot Volume,2014-05-01,0.0
DEX Spot Volume,2014-05-02,0.0
DEX Spot Volume,2014-05-03,0.0
DEX Spot Volume,2014-05-04,0.0
DEX Spot Volume,2014-05-05,0.0
DEX Spot Volume,2014-05-06,0.0
DEX Spot Volume,2014-05-07,0.0
DEX Spot Volume,2014-05-08,0.0
DEX Spot Volume,2014-05-09,0.0
DEX Spot Volume,2014-05-10,0.0
DEX Spot Volume,2014-05-11,0.0
DEX Spot Volume,2014-05-12,0.0
DEX Spot Volume,2014-05-13,0.0
DEX Spot Volume,2014-05-14,0.0
DEX Spot Volume,2014-05-15,0.0
DEX Spot Volume,2014-05-16,0.0
DEX Spot Volume,2014-05-17,0.0
DEX Spot Volume,2014-05-18,0.0
DEX Spot Volume,2014-05-19,0.0
DEX Spot Volume,2014-05-20,0.0
DEX Spot Volume,2014-05-21,0.0
DEX Spot Volume,2014-05-22,0.8
DEX Spot Volume,2014-05-23,0.0
DEX Spot Volume,2014-05-24,0.0
DEX Spot Volume,2014-05-25,0.0
DEX Spot Volume,2014-05-26,0.0
DEX Spot Volume,2014-05-27,0.0
DEX Spot Volume,2014-05-28,0.0
DEX Spot Volume,2014-05-29,0.0
DEX Spot Volume,2014-05-30,0.0
DEX Spot Volume,2014-05-31,0.0
DEX Spot Volume,2014-06-01,0.0
DEX Spot Volume,2014-06-02,0.0
DEX Spot Volume,2014-06-03,0.0
DEX Spot Volume,2014-06-04,25.0
DEX Spot Volume,2014-06-05,25.0
DEX Spot Volume,2014-06-06,0.65
DEX Spot Volume,2014-06-07,13.0
DEX Spot Volume,2014-06-08,0.0
DEX Spot Volume,2014-06-09,0.0
DEX Spot Volume,2014-06-10,0.0
DEX Spot Volume,2014-06-11,0.0
DEX Spot Volume,2014-06-12,0.0
DEX Spot Volume,2014-06-13,0.0
DEX Spot Volume,2014-06-14,0.0
DEX Spot Volume,2014-06-15,0.0
DEX Spot Volume,2014-06-16,6.07
DEX Spot Volume,2014-06-17,6.44
DEX Spot Volume,2014-06-18,18.0
DEX Spot Volume,2014-06-19,82.0
DEX Spot Volume,2014-06-20,111.0
DEX Spot Volume,2014-06-21,2.74
DEX Spot Volume,2014-06-22,36.0
DEX Spot Volume,2014-06-23,0.0
DEX Spot Volume,2014-06-24,0.0
DEX Spot Volume,2014-06-25,15.0
DEX Spot Volume,2014-06-26,0.0
DEX Spot Volume,2014-06-27,0.0
DEX Spot Volume,2014-06-28,349.0
DEX Spot Volume,2014-06-29,27.49
DEX Spot Volume,2014-06-30,1046.0
DEX Spot Volume,2014-07-01,14.77
DEX Spot Volume,2014-07-02,443.0
DEX Spot Volume,2014-07-03,25.88
DEX Spot Volume,2014-07-04,2100.0
DEX Spot Volume,2014-07-05,45.0
DEX Spot Volume,2014-07-06,786.0
DEX Spot Volume,2014-07-07,157.0
DEX Spot Volume,2014-07-08,18.0
DEX Spot Volume,2014-07-09,0.0
DEX Spot Volume,2014-07-10,0.0
DEX Spot Volume,2014-07-11,175.0
DEX Spot Volume,2014-07-12,125.0
DEX Spot Volume,2014-07-13,0.0
DEX Spot Volume,2014-07-14,15.63
DEX Spot Volume,2014-07-15,485.0
DEX Spot Volume,2014-07-16,0.0
DEX Spot Volume,2014-07-17,227.0
DEX Spot Volume,2014-07-18,236.0
DEX Spot Volume,2014-07-19,57.3
DEX Spot Volume,2014-07-20,47.0
DEX Spot Volume,2014-07-21,63.3
DEX Spot Volume,2014-07-22,35.0
DEX Spot Volume,2014-07-23,161.0
DEX Spot Volume,2014-07-24,5.21
DEX Spot Volume,2014-07-25,79.87
DEX Spot Volume,2014-07-26,10.85
DEX Spot Volume,2014-07-27,75.98
DEX Spot Volume,2014-07-28,350.0
DEX Spot Volume,2014-07-29,1.2
DEX Spot Volume,2014-07-30,10.01
DEX Spot Volume,2014-07-31,11.0
DEX Spot Volume,2014-08-01,13.41
DEX Spot Volume,2014-08-02,33.28
DEX Spot Volume,2014-08-03,135.0
DEX Spot Volume,2014-08-04,606.0
DEX Spot Volume,2014-08-05,35.41
DEX Spot Volume,2014-08-06,30.69
DEX Spot Volume,2014-08-07,5.45
DEX Spot Volume,2014-08-08,128.0
DEX Spot Volume,2014-08-09,19.27
DEX Spot Volume,2014-08-10,191.0
DEX Spot Volume,2014-08-11,301.0
DEX Spot Volume,2014-08-12,246.0
DEX Spot Volume,2014-08-13,124.0
DEX Spot Volume,2014-08-14,78.51
DEX Spot Volume,2014-08-15,304.0
DEX Spot Volume,2014-08-16,1762.0
DEX Spot Volume,2014-08-17,595.0
DEX Spot Volume,2014-08-18,67.33
DEX Spot Volume,2014-08-19,234.0
DEX Spot Volume,2014-08-20,371.0
DEX Spot Volume,2014-08-21,3.95
DEX Spot Volume,2014-08-22,103.0
DEX Spot Volume,2014-08-23,87.34
DEX Spot Volume,2014-08-24,8.66
DEX Spot Volume,2014-08-25,206.0
DEX Spot Volume,2014-08-26,991.0
DEX Spot Volume,2014-08-27,83.81
DEX Spot Volume,2014-08-28,185.0
DEX Spot Volume,2014-08-29,147.0
DEX Spot Volume,2014-08-30,54.14
DEX Spot Volume,2014-08-31,119.0
DEX Spot Volume,2014-09-01,26.94
DEX Spot Volume,2014-09-02,94.38
DEX Spot Volume,2014-09-03,5.73
DEX Spot Volume,2014-09-04,562.0
DEX Spot Volume,2014-09-05,462.0
DEX Spot Volume,2014-09-06,70.03
DEX Spot Volume,2014-09-07,459.0
DEX Spot Volume,2014-09-08,466.0
DEX Spot Volume,2014-09-09,419.0
DEX Spot Volume,2014-09-10,2998.0
DEX Spot Volume,2014-09-11,31.79
DEX Spot Volume,2014-09-12,8.17
DEX Spot Volume,2014-09-13,917.0
DEX Spot Volume,2014-09-14,662.0
DEX Spot Volume,2014-09-15,407.0
DEX Spot Volume,2014-09-16,768.0
DEX Spot Volume,2014-09-17,1748.0
DEX Spot Volume,2014-09-18,120.0
DEX Spot Volume,2014-09-19,64.01
DEX Spot Volume,2014-09-20,55.19
DEX Spot Volume,2014-09-21,600.0
DEX Spot Volume,2014-09-22,319.0
DEX Spot Volume,2014-09-23,1000.0
DEX Spot Volume,2014-09-24,287.0
DEX Spot Volume,2014-09-25,2.28
DEX Spot Volume,2014-09-26,5.39
DEX Spot Volume,2014-09-27,13.0
DEX Spot Volume,2014-09-28,38.57
DEX Spot Volume,2014-09-29,249.0
DEX Spot Volume,2014-09-30,9.95
DEX Spot Volume,2014-10-01,74.2
DEX Spot Volume,2014-10-02,2.4
DEX Spot Volume,2014-10-03,38.0
DEX Spot Volume,2014-10-04,92.79
DEX Spot Volume,2014-10-05,336.0
DEX Spot Volume,2014-10-06,331.0
DEX Spot Volume,2014-10-07,17.06
DEX Spot Volume,2014-10-08,17.23
DEX Spot Volume,2014-10-09,5.02
DEX Spot Volume,2014-10-10,94.0
DEX Spot Volume,2014-10-11,18.37
DEX Spot Volume,2014-10-12,226.0
DEX Spot Volume,2014-10-13,700.0
DEX Spot Volume,2014-10-14,141.0
DEX Spot Volume,2014-10-15,13.73
DEX Spot Volume,2014-10-16,28.97
DEX Spot Volume,2014-10-17,222.0
DEX Spot Volume,2014-10-18,174.0
DEX Spot Volume,2014-10-19,55.51
DEX Spot Volume,2014-10-20,424.0
DEX Spot Volume,2014-10-21,75.21
DEX Spot Volume,2014-10-22,253.0
DEX Spot Volume,2014-10-23,118.0
DEX Spot Volume,2014-10-24,81.75
DEX Spot Volume,2014-10-25,56.11
DEX Spot Volume,2014-10-26,27.74
DEX Spot Volume,2014-10-27,242.0
DEX Spot Volume,2014-10-28,105.0
DEX Spot Volume,2014-10-29,30.68
DEX Spot Volume,2014-10-30,42.08
DEX Spot Volume,2014-10-31,346.0
DEX Spot Volume,2014-11-01,75.76
DEX Spot Volume,2014-11-02,309.0
DEX Spot Volume,2014-11-03,194.0
DEX Spot Volume,2014-11-04,169.0
DEX Spot Volume,2014-11-05,124.0
DEX Spot Volume,2014-11-06,0.0
DEX Spot Volume,2014-11-07,57.22
DEX Spot Volume,2014-11-08,12.88
DEX Spot Volume,2014-11-09,22.52
DEX Spot Volume,2014-11-10,109.0
DEX Spot Volume,2014-11-11,106.0
DEX Spot Volume,2014-11-12,308.0
DEX Spot Volume,2014-11-13,952.0
DEX Spot Volume,2014-11-14,61.0
DEX Spot Volume,2014-11-15,5.39
DEX Spot Volume,2014-11-16,367.0
DEX Spot Volume,2014-11-17,1.92
DEX Spot Volume,2014-11-18,321.0
DEX Spot Volume,2014-11-19,349.0
DEX Spot Volume,2014-11-20,131.0
DEX Spot Volume,2014-11-21,31.05
DEX Spot Volume,2014-11-22,101.0
DEX Spot Volume,2014-11-23,60.71
DEX Spot Volume,2014-11-24,24.88
DEX Spot Volume,2014-11-25,80.0
DEX Spot Volume,2014-11-26,14.45
DEX Spot Volume,2014-11-27,414.0
DEX Spot Volume,2014-11-28,22.99
DEX Spot Volume,2014-11-29,36.55
DEX Spot Volume,2014-11-30,79.14
DEX Spot Volume,2014-12-01,13.49
DEX Spot Volume,2014-12-02,2.09
DEX Spot Volume,2014-12-03,48.0
DEX Spot Volume,2014-12-04,320.0
DEX Spot Volume,2014-12-05,0.09
DEX Spot Volume,2014-12-06,262.0
DEX Spot Volume,2014-12-07,44.0
DEX Spot Volume,2014-12-08,110.0
DEX Spot Volume,2014-12-09,430.0
DEX Spot Volume,2014-12-10,77.78
DEX Spot Volume,2014-12-11,752.0
DEX Spot Volume,2014-12-12,227.0
DEX Spot Volume,2014-12-13,287.0
DEX Spot Volume,2014-12-14,116.0
DEX Spot Volume,2014-12-15,62.83
DEX Spot Volume,2014-12-16,4.09
DEX Spot Volume,2014-12-17,225.0
DEX Spot Volume,2014-12-18,629.0
DEX Spot Volume,2014-12-19,214.0
DEX Spot Volume,2014-12-20,45.99
DEX Spot Volume,2014-12-21,145.0
DEX Spot Volume,2014-12-22,5.15
DEX Spot Volume,2014-12-23,163.0
DEX Spot Volume,2014-12-24,0.14
DEX Spot Volume,2014-12-25,40.26
DEX Spot Volume,2014-12-26,0.0
DEX Spot Volume,2014-12-27,0.0
DEX Spot Volume,2014-12-28,53.01
DEX Spot Volume,2014-12-29,34.06
DEX Spot Volume,2014-12-30,0.01
DEX Spot Volume,2014-12-31,38.11
DEX Spot Volume,2015-01-01,0.0
DEX Spot Volume,2015-01-02,0.02
DEX Spot Volume,2015-01-03,2.76
DEX Spot Volume,2015-01-04,2.5
DEX Spot Volume,2015-01-05,218.0
DEX Spot Volume,2015-01-06,45.79
DEX Spot Volume,2015-01-07,4.55
DEX Spot Volume,2015-01-08,0.51
DEX Spot Volume,2015-01-09,4.23
DEX Spot Volume,2015-01-10,66.69
DEX Spot Volume,2015-01-11,455.0
DEX Spot Volume,2015-01-12,0.82
DEX Spot Volume,2015-01-13,4.53
DEX Spot Volume,2015-01-14,1.24
DEX Spot Volume,2015-01-15,0.0
DEX Spot Volume,2015-01-16,125.0
DEX Spot Volume,2015-01-17,291.0
DEX Spot Volume,2015-01-18,0.08
DEX Spot Volume,2015-01-19,1.1
DEX Spot Volume,2015-01-20,3.71
DEX Spot Volume,2015-01-21,12.2
DEX Spot Volume,2015-01-22,5.04
DEX Spot Volume,2015-01-23,11.37
DEX Spot Volume,2015-01-24,0.0
DEX Spot Volume,2015-01-25,1.16
DEX Spot Volume,2015-01-26,0.89
DEX Spot Volume,2015-01-27,0.0
DEX Spot Volume,2015-01-28,0.0
DEX Spot Volume,2015-01-29,3.55
DEX Spot Volume,2015-01-30,2.14
DEX Spot Volume,2015-01-31,15.31
DEX Spot Volume,2015-02-01,0.29
DEX Spot Volume,2015-02-02,59.32
DEX Spot Volume,2015-02-03,0.64
DEX Spot Volume,2015-02-04,90.66
DEX Spot Volume,2015-02-05,3.43
DEX Spot Volume,2015-02-06,103.0
DEX Spot Volume,2015-02-07,7.87
DEX Spot Volume,2015-02-08,0.0
DEX Spot Volume,2015-02-09,0.23
DEX Spot Volume,2015-02-10,0.0
DEX Spot Volume,2015-02-11,0.0
DEX Spot Volume,2015-02-12,1.0
DEX Spot Volume,2015-02-13,21.25
DEX Spot Volume,2015-02-14,5.24
DEX Spot Volume,2015-02-15,21.2
DEX Spot Volume,2015-02-16,10.14
DEX Spot Volume,2015-02-17,1.78
DEX Spot Volume,2015-02-18,4.02
DEX Spot Volume,2015-02-19,0.25
DEX Spot Volume,2015-02-20,0.0
DEX Spot Volume,2015-02-21,7.51
DEX Spot Volume,2015-02-22,7.65
DEX Spot Volume,2015-02-23,10.69
DEX Spot Volume,2015-02-24,335.0
DEX Spot Volume,2015-02-25,1.16
DEX Spot Volume,2015-02-26,0.0
DEX Spot Volume,2015-02-27,0.0
DEX Spot Volume,2015-02-28,23.41
DEX Spot Volume,2015-03-01,316.0
DEX Spot Volume,2015-03-02,13.9
DEX Spot Volume,2015-03-03,0.68
DEX Spot Volume,2015-03-04,0.69
DEX Spot Volume,2015-03-05,17.36
DEX Spot Volume,2015-03-06,0.0
DEX Spot Volume,2015-03-07,43.75
DEX Spot Volume,2015-03-08,55.18
DEX Spot Volume,2015-03-09,110.0
DEX Spot Volume,2015-03-10,10.74
DEX Spot Volume,2015-03-11,4.97
DEX Spot Volume,2015-03-12,25.0
DEX Spot Volume,2015-03-13,2.77
DEX Spot Volume,2015-03-14,2.67
DEX Spot Volume,2015-03-15,15.14
DEX Spot Volume,2015-03-16,29.5
DEX Spot Volume,2015-03-17,3.51
DEX Spot Volume,2015-03-18,0.0
DEX Spot Volume,2015-03-19,0.0
DEX Spot Volume,2015-03-20,0.0
DEX Spot Volume,2015-03-21,2.89
DEX Spot Volume,2015-03-22,1.27
DEX Spot Volume,2015-03-23,38.75
DEX Spot Volume,2015-03-24,5.86
DEX Spot Volume,2015-03-25,1.69
DEX Spot Volume,2015-03-26,0.0
DEX Spot Volume,2015-03-27,0.39
DEX Spot Volume,2015-03-28,2.5
DEX Spot Volume,2015-03-29,1.52
DEX Spot Volume,2015-03-30,0.02
DEX Spot Volume,2015-03-31,5.04
DEX Spot Volume,2015-04-01,0.77
DEX Spot Volume,2015-04-02,0.52
DEX Spot Volume,2015-04-03,0.0
DEX Spot Volume,2015-04-04,1.63
DEX Spot Volume,2015-04-05,2.3
DEX Spot Volume,2015-04-06,0.44
DEX Spot Volume,2015-04-07,2.69
DEX Spot Volume,2015-04-08,81.18
DEX Spot Volume,2015-04-09,17.42
DEX Spot Volume,2015-04-10,0.95
DEX Spot Volume,2015-04-11,42.44
DEX Spot Volume,2015-04-12,0.0
DEX Spot Volume,2015-04-13,1.92
DEX Spot Volume,2015-04-14,15.01
DEX Spot Volume,2015-04-15,0.0
DEX Spot Volume,2015-04-16,5.8
DEX Spot Volume,2015-04-17,1.3
DEX Spot Volume,2015-04-18,3.5
DEX Spot Volume,2015-04-19,0.37
DEX Spot Volume,2015-04-20,1.82
DEX Spot Volume,2015-04-21,4.43
DEX Spot Volume,2015-04-22,0.1
DEX Spot Volume,2015-04-23,3.64
DEX Spot Volume,2015-04-24,0.67
DEX Spot Volume,2015-04-25,44.0
DEX Spot Volume,2015-04-26,13.92
DEX Spot Volume,2015-04-27,1.02
DEX Spot Volume,2015-04-28,32.28
DEX Spot Volume,2015-04-29,4.94
DEX Spot Volume,2015-04-30,0.0
DEX Spot Volume,2015-05-01,5.98
DEX Spot Volume,2015-05-02,19.64
DEX Spot Volume,2015-05-03,3.45
DEX Spot Volume,2015-05-04,23.94
DEX Spot Volume,2015-05-05,11.21
DEX Spot Volume,2015-05-06,20.92
DEX Spot Volume,2015-05-07,73.52
DEX Spot Volume,2015-05-08,66.09
DEX Spot Volume,2015-05-09,66.25
DEX Spot Volume,2015-05-10,60.95
DEX Spot Volume,2015-05-11,233.0
DEX Spot Volume,2015-05-12,7.04
DEX Spot Volume,2015-05-13,8.69
DEX Spot Volume,2015-05-14,0.64
DEX Spot Volume,2015-05-15,0.76
DEX Spot Volume,2015-05-16,58.39
DEX Spot Volume,2015-05-17,11.84
DEX Spot Volume,2015-05-18,1.71
DEX Spot Volume,2015-05-19,14.0
DEX Spot Volume,2015-05-20,6.06
DEX Spot Volume,2015-05-21,5.08
DEX Spot Volume,2015-05-22,1.39
DEX Spot Volume,2015-05-23,10.91
DEX Spot Volume,2015-05-24,17.91
DEX Spot Volume,2015-05-25,11.01
DEX Spot Volume,2015-05-26,4.44
DEX Spot Volume,2015-05-27,0.26
DEX Spot Volume,2015-05-28,1.95
DEX Spot Volume,2015-05-29,102.0
DEX Spot Volume,2015-05-30,0.01
DEX Spot Volume,2015-05-31,2.85
DEX Spot Volume,2015-06-01,25.0
DEX Spot Volume,2015-06-02,46.26
DEX Spot Volume,2015-06-03,0.0
DEX Spot Volume,2015-06-04,0.0
DEX Spot Volume,2015-06-05,6.11
DEX Spot Volume,2015-06-06,5.43
DEX Spot Volume,2015-06-07,7.55
DEX Spot Volume,2015-06-08,80.0
DEX Spot Volume,2015-06-09,7.64
DEX Spot Volume,2015-06-10,23.08
DEX Spot Volume,2015-06-11,15.14
DEX Spot Volume,2015-06-12,45.1
DEX Spot Volume,2015-06-13,113.0
DEX Spot Volume,2015-06-14,31.1
DEX Spot Volume,2015-06-15,31.55
DEX Spot Volume,2015-06-16,11.02
DEX Spot Volume,2015-06-17,0.0
DEX Spot Volume,2015-06-18,11.61
DEX Spot Volume,2015-06-19,9.07
DEX Spot Volume,2015-06-20,1.05
DEX Spot Volume,2015-06-21,7.75
DEX Spot Volume,2015-06-22,105.0
DEX Spot Volume,2015-06-23,98.04
DEX Spot Volume,2015-06-24,3.98
DEX Spot Volume,2015-06-25,53.66
DEX Spot Volume,2015-06-26,0.0
DEX Spot Volume,2015-06-27,34.96
DEX Spot Volume,2015-06-28,16.21
DEX Spot Volume,2015-06-29,3.85
DEX Spot Volume,2015-06-30,58.1
DEX Spot Volume,2015-07-01,43.0
DEX Spot Volume,2015-07-02,28.57
DEX Spot Volume,2015-07-03,25.49
DEX Spot Volume,2015-07-04,16.02
DEX Spot Volume,2015-07-05,45.03
DEX Spot Volume,2015-07-06,0.0
DEX Spot Volume,2015-07-07,0.02
DEX Spot Volume,2015-07-08,0.0
DEX Spot Volume,2015-07-09,28.0
DEX Spot Volume,2015-07-10,15.15
DEX Spot Volume,2015-07-11,3.65
DEX Spot Volume,2015-07-12,7.53
DEX Spot Volume,2015-07-13,82.0
DEX Spot Volume,2015-07-14,4.22
DEX Spot Volume,2015-07-15,8.95
DEX Spot Volume,2015-07-16,26.23
DEX Spot Volume,2015-07-17,16.0
DEX Spot Volume,2015-07-18,58.0
DEX Spot Volume,2015-07-19,29.64
DEX Spot Volume,2015-07-20,13.11
DEX Spot Volume,2015-07-21,243.0
DEX Spot Volume,2015-07-22,451.0
DEX Spot Volume,2015-07-23,45.05
DEX Spot Volume,2015-07-24,16.75
DEX Spot Volume,2015-07-25,115.0
DEX Spot Volume,2015-07-26,75.05
DEX Spot Volume,2015-07-27,5.12
DEX Spot Volume,2015-07-28,0.0
DEX Spot Volume,2015-07-29,1.79
DEX Spot Volume,2015-07-30,10.0
DEX Spot Volume,2015-07-31,198.0
DEX Spot Volume,2015-08-01,91.21
DEX Spot Volume,2015-08-02,162.0
DEX Spot Volume,2015-08-03,1.35
DEX Spot Volume,2015-08-04,34.0
DEX Spot Volume,2015-08-05,168.0
DEX Spot Volume,2015-08-06,348.0
DEX Spot Volume,2015-08-07,17.0
DEX Spot Volume,2015-08-08,19.82
DEX Spot Volume,2015-08-09,79.75
DEX Spot Volume,2015-08-10,20.36
DEX Spot Volume,2015-08-11,0.0
DEX Spot Volume,2015-08-12,242.0
DEX Spot Volume,2015-08-13,167.0
DEX Spot Volume,2015-08-14,43.15
DEX Spot Volume,2015-08-15,22.96
DEX Spot Volume,2015-08-16,30.76
DEX Spot Volume,2015-08-17,99.0
DEX Spot Volume,2015-08-18,12.0
DEX Spot Volume,2015-08-19,10.15
DEX Spot Volume,2015-08-20,47.81
DEX Spot Volume,2015-08-21,33.98
DEX Spot Volume,2015-08-22,293.0
DEX Spot Volume,2015-08-23,63.84
DEX Spot Volume,2015-08-24,9.06
DEX Spot Volume,2015-08-25,140.0
DEX Spot Volume,2015-08-26,100.0
DEX Spot Volume,2015-08-27,3.44
DEX Spot Volume,2015-08-28,30.75
DEX Spot Volume,2015-08-29,25.94
DEX Spot Volume,2015-08-30,288.0
DEX Spot Volume,2015-08-31,14.06
DEX Spot Volume,2015-09-01,50.0
DEX Spot Volume,2015-09-02,49.39
DEX Spot Volume,2015-09-03,36.0
DEX Spot Volume,2015-09-04,11.0
DEX Spot Volume,2015-09-05,5.35
DEX Spot Volume,2015-09-06,10.14
DEX Spot Volume,2015-09-07,22.61
DEX Spot Volume,2015-09-08,11.08
DEX Spot Volume,2015-09-09,2.21
DEX Spot Volume,2015-09-10,275.0
DEX Spot Volume,2015-09-11,69.67
DEX Spot Volume,2015-09-12,4.15
DEX Spot Volume,2015-09-13,0.0
DEX Spot Volume,2015-09-14,15.0
DEX Spot Volume,2015-09-15,37.69
DEX Spot Volume,2015-09-16,0.07
DEX Spot Volume,2015-09-17,53.43
DEX Spot Volume,2015-09-18,0.76
DEX Spot Volume,2015-09-19,199.0
DEX Spot Volume,2015-09-20,0.07
DEX Spot Volume,2015-09-21,26.44
DEX Spot Volume,2015-09-22,17.92
DEX Spot Volume,2015-09-23,494.0
DEX Spot Volume,2015-09-24,22.71
DEX Spot Volume,2015-09-25,33.0
DEX Spot Volume,2015-09-26,46.4
DEX Spot Volume,2015-09-27,116.0
DEX Spot Volume,2015-09-28,0.0
DEX Spot Volume,2015-09-29,101.0
DEX Spot Volume,2015-09-30,45.37
DEX Spot Volume,2015-10-01,63.25
DEX Spot Volume,2015-10-02,8.74
DEX Spot Volume,2015-10-03,49.42
DEX Spot Volume,2015-10-04,0.0
DEX Spot Volume,2015-10-05,1.67
DEX Spot Volume,2015-10-06,1048.0
DEX Spot Volume,2015-10-07,68.05
DEX Spot Volume,2015-10-08,165.0
DEX Spot Volume,2015-10-09,11.0
DEX Spot Volume,2015-10-10,0.86
DEX Spot Volume,2015-10-11,38.41
DEX Spot Volume,2015-10-12,18.28
DEX Spot Volume,2015-10-13,285.0
DEX Spot Volume,2015-10-14,143.0
DEX Spot Volume,2015-10-15,48.12
DEX Spot Volume,2015-10-16,648.0
DEX Spot Volume,2015-10-17,11.15
DEX Spot Volume,2015-10-18,0.0
DEX Spot Volume,2015-10-19,72.4
DEX Spot Volume,2015-10-20,0.91
DEX Spot Volume,2015-10-21,20.38
DEX Spot Volume,2015-10-22,49.38
DEX Spot Volume,2015-10-23,286.0
DEX Spot Volume,2015-10-24,266.0
DEX Spot Volume,2015-10-25,351.0
DEX Spot Volume,2015-10-26,3.85
DEX Spot Volume,2015-10-27,15.99
DEX Spot Volume,2015-10-28,76.2
DEX Spot Volume,2015-10-29,38.52
DEX Spot Volume,2015-10-30,25.09
DEX Spot Volume,2015-10-31,0.0
DEX Spot Volume,2015-11-01,35.29
DEX Spot Volume,2015-11-02,32.0
DEX Spot Volume,2015-11-03,74.66
DEX Spot Volume,2015-11-04,16.32
DEX Spot Volume,2015-11-05,99.03
DEX Spot Volume,2015-11-06,68.89
DEX Spot Volume,2015-11-07,126.0
DEX Spot Volume,2015-11-08,1.34
DEX Spot Volume,2015-11-09,45.08
DEX Spot Volume,2015-11-10,14.51
DEX Spot Volume,2015-11-11,17.87
DEX Spot Volume,2015-11-12,78.89
DEX Spot Volume,2015-11-13,100.0
DEX Spot Volume,2015-11-14,0.0
DEX Spot Volume,2015-11-15,61.02
DEX Spot Volume,2015-11-16,12.96
DEX Spot Volume,2015-11-17,0.88
DEX Spot Volume,2015-11-18,213.0
DEX Spot Volume,2015-11-19,143.0
DEX Spot Volume,2015-11-20,64.14
DEX Spot Volume,2015-11-21,3.0
DEX Spot Volume,2015-11-22,55.73
DEX Spot Volume,2015-11-23,37.63
DEX Spot Volume,2015-11-24,43.02
DEX Spot Volume,2015-11-25,190.0
DEX Spot Volume,2015-11-26,33.0
DEX Spot Volume,2015-11-27,0.27
DEX Spot Volume,2015-11-28,239.0
DEX Spot Volume,2015-11-29,44.23
DEX Spot Volume,2015-11-30,15.29
DEX Spot Volume,2015-12-01,1.11
DEX Spot Volume,2015-12-02,67.89
DEX Spot Volume,2015-12-03,38.75
DEX Spot Volume,2015-12-04,75.0
DEX Spot Volume,2015-12-05,8.84
DEX Spot Volume,2015-12-06,147.0
DEX Spot Volume,2015-12-07,52.78
DEX Spot Volume,2015-12-08,291.0
DEX Spot Volume,2015-12-09,95.61
DEX Spot Volume,2015-12-10,2.97
DEX Spot Volume,2015-12-11,9.47
DEX Spot Volume,2015-12-12,152.0
DEX Spot Volume,2015-12-13,1.57
DEX Spot Volume,2015-12-14,78.0
DEX Spot Volume,2015-12-15,57.0
DEX Spot Volume,2015-12-16,13.05
DEX Spot Volume,2015-12-17,36.0
DEX Spot Volume,2015-12-18,12.0
DEX Spot Volume,2015-12-19,10.57
DEX Spot Volume,2015-12-20,16.23
DEX Spot Volume,2015-12-21,98.86
DEX Spot Volume,2015-12-22,11.43
DEX Spot Volume,2015-12-23,78.45
DEX Spot Volume,2015-12-24,22.63
DEX Spot Volume,2015-12-25,74.08
DEX Spot Volume,2015-12-26,1.57
DEX Spot Volume,2015-12-27,58.4
DEX Spot Volume,2015-12-28,3.18
DEX Spot Volume,2015-12-29,18.34
DEX Spot Volume,2015-12-30,213.0
DEX Spot Volume,2015-12-31,0.01
DEX Spot Volume,2016-01-01,0.04
DEX Spot Volume,2016-01-02,12.55
DEX Spot Volume,2016-01-03,3.88
DEX Spot Volume,2016-01-04,37.25
DEX Spot Volume,2016-01-05,92.81
DEX Spot Volume,2016-01-06,125.0
DEX Spot Volume,2016-01-07,172.0
DEX Spot Volume,2016-01-08,30.99
DEX Spot Volume,2016-01-09,9.02
DEX Spot Volume,2016-01-10,10.0
DEX Spot Volume,2016-01-11,70.02
DEX Spot Volume,2016-01-12,487.0
DEX Spot Volume,2016-01-13,295.0
DEX Spot Volume,2016-01-14,226.0
DEX Spot Volume,2016-01-15,730.0
DEX Spot Volume,2016-01-16,102.0
DEX Spot Volume,2016-01-17,140.0
DEX Spot Volume,2016-01-18,170.0
DEX Spot Volume,2016-01-19,75.18
DEX Spot Volume,2016-01-20,88.28
DEX Spot Volume,2016-01-21,361.0
DEX Spot Volume,2016-01-22,52.64
DEX Spot Volume,2016-01-23,98.02
DEX Spot Volume,2016-01-24,143.0
DEX Spot Volume,2016-01-25,67.86
DEX Spot Volume,2016-01-26,48.08
DEX Spot Volume,2016-01-27,20.25
DEX Spot Volume,2016-01-28,77.19
DEX Spot Volume,2016-01-29,64.84
DEX Spot Volume,2016-01-30,3.7
DEX Spot Volume,2016-01-31,7.19
DEX Spot Volume,2016-02-01,148.0
DEX Spot Volume,2016-02-02,146.0
DEX Spot Volume,2016-02-03,11.16
DEX Spot Volume,2016-02-04,78.38
DEX Spot Volume,2016-02-05,167.0
DEX Spot Volume,2016-02-06,102.0
DEX Spot Volume,2016-02-07,331.0
DEX Spot Volume,2016-02-08,233.0
DEX Spot Volume,2016-02-09,221.0
DEX Spot Volume,2016-02-10,597.0
DEX Spot Volume,2016-02-11,178.0
DEX Spot Volume,2016-02-12,90.21
DEX Spot Volume,2016-02-13,597.0
DEX Spot Volume,2016-02-14,55.88
DEX Spot Volume,2016-02-15,93.05
DEX Spot Volume,2016-02-16,151.0
DEX Spot Volume,2016-02-17,130.0
DEX Spot Volume,2016-02-18,46.76
DEX Spot Volume,2016-02-19,718.0
DEX Spot Volume,2016-02-20,272.0
DEX Spot Volume,2016-02-21,71.85
DEX Spot Volume,2016-02-22,126.0
DEX Spot Volume,2016-02-23,198.0
DEX Spot Volume,2016-02-24,268.0
DEX Spot Volume,2016-02-25,251.0
DEX Spot Volume,2016-02-26,597.0
DEX Spot Volume,2016-02-27,49.71
DEX Spot Volume,2016-02-28,29.73
DEX Spot Volume,2016-02-29,71.92
DEX Spot Volume,2016-03-01,607.0
DEX Spot Volume,2016-03-02,369.0
DEX Spot Volume,2016-03-03,27.0
DEX Spot Volume,2016-03-04,76.64
DEX Spot Volume,2016-03-05,152.0
DEX Spot Volume,2016-03-06,44.64
DEX Spot Volume,2016-03-07,420.0
DEX Spot Volume,2016-03-08,1081.0
DEX Spot Volume,2016-03-09,372.0
DEX Spot Volume,2016-03-10,289.0
DEX Spot Volume,2016-03-11,167.0
DEX Spot Volume,2016-03-12,320.0
DEX Spot Volume,2016-03-13,266.0
DEX Spot Volume,2016-03-14,124.0
DEX Spot Volume,2016-03-15,62.66
DEX Spot Volume,2016-03-16,198.0
DEX Spot Volume,2016-03-17,135.0
DEX Spot Volume,2016-03-18,475.0
DEX Spot Volume,2016-03-19,1225.0
DEX Spot Volume,2016-03-20,3009.0
DEX Spot Volume,2016-03-21,2011.0
DEX Spot Volume,2016-03-22,1588.0
DEX Spot Volume,2016-03-23,1382.0
DEX Spot Volume,2016-03-24,496.0
DEX Spot Volume,2016-03-25,708.0
DEX Spot Volume,2016-03-26,9.48
DEX Spot Volume,2016-03-27,298.0
DEX Spot Volume,2016-03-28,702.0
DEX Spot Volume,2016-03-29,182.0
DEX Spot Volume,2016-03-30,0.13
DEX Spot Volume,2016-03-31,18.27
DEX Spot Volume,2016-04-01,401.0
DEX Spot Volume,2016-04-02,497.0
DEX Spot Volume,2016-04-03,343.0
DEX Spot Volume,2016-04-04,646.0
DEX Spot Volume,2016-04-05,483.0
DEX Spot Volume,2016-04-06,1015.0
DEX Spot Volume,2016-04-07,51.19
DEX Spot Volume,2016-04-08,55.95
DEX Spot Volume,2016-04-09,1473.0
DEX Spot Volume,2016-04-10,340.0
DEX Spot Volume,2016-04-11,150.0
DEX Spot Volume,2016-04-12,46.67
DEX Spot Volume,2016-04-13,344.0
DEX Spot Volume,2016-04-14,140.0
DEX Spot Volume,2016-04-15,373.0
DEX Spot Volume,2016-04-16,342.0
DEX Spot Volume,2016-04-17,74.81
DEX Spot Volume,2016-04-18,478.0
DEX Spot Volume,2016-04-19,668.43
DEX Spot Volume,2016-04-20,2148.0
DEX Spot Volume,2016-04-21,3215.0
DEX Spot Volume,2016-04-22,2186.0
DEX Spot Volume,2016-04-23,1286.34
DEX Spot Volume,2016-04-24,764.72
DEX Spot Volume,2016-04-25,26.85
DEX Spot Volume,2016-04-26,1271.0
DEX Spot Volume,2016-04-27,979.0
DEX Spot Volume,2016-04-28,995.0
DEX Spot Volume,2016-04-29,1763.29
DEX Spot Volume,2016-04-30,919.55
DEX Spot Volume,2016-05-01,2762.0
DEX Spot Volume,2016-05-02,2096.0
DEX Spot Volume,2016-05-03,2146.0
DEX Spot Volume,2016-05-04,1033.4
DEX Spot Volume,2016-05-05,960.0
DEX Spot Volume,2016-05-06,2929.0
DEX Spot Volume,2016-05-07,370.0
DEX Spot Volume,2016-05-08,706.0
DEX Spot Volume,2016-05-09,54.63
DEX Spot Volume,2016-05-10,1581.69
DEX Spot Volume,2016-05-11,40.19
DEX Spot Volume,2016-05-12,794.0
DEX Spot Volume,2016-05-13,114.0
DEX Spot Volume,2016-05-14,1493.0
DEX Spot Volume,2016-05-15,1452.0
DEX Spot Volume,2016-05-16,1378.0
DEX Spot Volume,2016-05-17,1640.0
DEX Spot Volume,2016-05-18,2476.0
DEX Spot Volume,2016-05-19,1557.0
DEX Spot Volume,2016-05-20,289.31
DEX Spot Volume,2016-05-21,992.0
DEX Spot Volume,2016-05-22,1555.56
DEX Spot Volume,2016-05-23,1416.0
DEX Spot Volume,2016-05-24,228.49
DEX Spot Volume,2016-05-25,2879.26
DEX Spot Volume,2016-05-26,3713.93
DEX Spot Volume,2016-05-27,1585.0
DEX Spot Volume,2016-05-28,2831.0
DEX Spot Volume,2016-05-29,1331.0
DEX Spot Volume,2016-05-30,411.04
DEX Spot Volume,2016-05-31,1145.0
DEX Spot Volume,2016-06-01,1210.0
DEX Spot Volume,2016-06-02,1163.0
DEX Spot Volume,2016-06-03,3722.0
DEX Spot Volume,2016-06-04,1921.0
DEX Spot Volume,2016-06-05,1968.43
DEX Spot Volume,2016-06-06,1021.16
DEX Spot Volume,2016-06-07,894.0
DEX Spot Volume,2016-06-08,1073.0
DEX Spot Volume,2016-06-09,1682.0
DEX Spot Volume,2016-06-10,1415.0
DEX Spot Volume,2016-06-11,1940.0
DEX Spot Volume,2016-06-12,1098.83
DEX Spot Volume,2016-06-13,1170.7
DEX Spot Volume,2016-06-14,309.0
DEX Spot Volume,2016-06-15,1989.47
DEX Spot Volume,2016-06-16,343.25
DEX Spot Volume,2016-06-17,1462.0
DEX Spot Volume,2016-06-18,2782.91
DEX Spot Volume,2016-06-19,0.81
DEX Spot Volume,2016-06-20,1616.07
DEX Spot Volume,2016-06-21,1689.0
DEX Spot Volume,2016-06-22,1983.18
DEX Spot Volume,2016-06-23,2531.0
DEX Spot Volume,2016-06-24,141.1
DEX Spot Volume,2016-06-25,2503.0
DEX Spot Volume,2016-06-26,607.0
DEX Spot Volume,2016-06-27,348.0
DEX Spot Volume,2016-06-28,823.35
DEX Spot Volume,2016-06-29,656.0
DEX Spot Volume,2016-06-30,522.33
DEX Spot Volume,2016-07-01,1277.09
DEX Spot Volume,2016-07-02,190.0
DEX Spot Volume,2016-07-03,2024.0
DEX Spot Volume,2016-07-04,1453.0
DEX Spot Volume,2016-07-05,705.0
DEX Spot Volume,2016-07-06,1131.5
DEX Spot Volume,2016-07-07,672.92
DEX Spot Volume,2016-07-08,277.14
DEX Spot Volume,2016-07-09,1106.0
DEX Spot Volume,2016-07-10,802.05
DEX Spot Volume,2016-07-11,735.63
DEX Spot Volume,2016-07-12,1585.0
DEX Spot Volume,2016-07-13,107.12
DEX Spot Volume,2016-07-14,1279.0
DEX Spot Volume,2016-07-15,1890.0
DEX Spot Volume,2016-07-16,2034.0
DEX Spot Volume,2016-07-17,2891.85
DEX Spot Volume,2016-07-18,697.0
DEX Spot Volume,2016-07-19,1130.0
DEX Spot Volume,2016-07-20,3155.0
DEX Spot Volume,2016-07-21,2019.0
DEX Spot Volume,2016-07-22,2641.0
DEX Spot Volume,2016-07-23,853.0
DEX Spot Volume,2016-07-24,1114.71
DEX Spot Volume,2016-07-25,641.0
DEX Spot Volume,2016-07-26,1038.0
DEX Spot Volume,2016-07-27,2154.0
DEX Spot Volume,2016-07-28,826.2
DEX Spot Volume,2016-07-29,213.0
DEX Spot Volume,2016-07-30,2923.0
DEX Spot Volume,2016-07-31,2493.0
DEX Spot Volume,2016-08-01,3290.69
DEX Spot Volume,2016-08-02,2588.0
DEX Spot Volume,2016-08-03,3670.0
DEX Spot Volume,2016-08-04,1127.61
DEX Spot Volume,2016-08-05,962.38
DEX Spot Volume,2016-08-06,1493.62
DEX Spot Volume,2016-08-07,1156.0
DEX Spot Volume,2016-08-08,4594.0
DEX Spot Volume,2016-08-09,3933.0
DEX Spot Volume,2016-08-10,4383.0
DEX Spot Volume,2016-08-11,17191.0
DEX Spot Volume,2016-08-12,4355.0
DEX Spot Volume,2016-08-13,3130.29
DEX Spot Volume,2016-08-14,3955.1
DEX Spot Volume,2016-08-15,5654.0
DEX Spot Volume,2016-08-16,7206.0
DEX Spot Volume,2016-08-17,10298.0
DEX Spot Volume,2016-08-18,6873.0
DEX Spot Volume,2016-08-19,2132.0
DEX Spot Volume,2016-08-20,4145.0
DEX Spot Volume,2016-08-21,6274.0
DEX Spot Volume,2016-08-22,11241.0
DEX Spot Volume,2016-08-23,7022.0
DEX Spot Volume,2016-08-24,1193.0
DEX Spot Volume,2016-08-25,2932.0
DEX Spot Volume,2016-08-26,7878.72
DEX Spot Volume,2016-08-27,4208.19
DEX Spot Volume,2016-08-28,19904.46
DEX Spot Volume,2016-08-29,8915.62
DEX Spot Volume,2016-08-30,7030.0
DEX Spot Volume,2016-08-31,6297.0
DEX Spot Volume,2016-09-01,11790.0
DEX Spot Volume,2016-09-02,7214.0
DEX Spot Volume,2016-09-03,9136.0
DEX Spot Volume,2016-09-04,3683.0
DEX Spot Volume,2016-09-05,5222.0
DEX Spot Volume,2016-09-06,4139.0
DEX Spot Volume,2016-09-07,2179.0
DEX Spot Volume,2016-09-08,4617.0
DEX Spot Volume,2016-09-09,5632.0
DEX Spot Volume,2016-09-10,4401.0
DEX Spot Volume,2016-09-11,1793.0
DEX Spot Volume,2016-09-12,3551.0
DEX Spot Volume,2016-09-13,3230.0
DEX Spot Volume,2016-09-14,2893.0
DEX Spot Volume,2016-09-15,5837.0
DEX Spot Volume,2016-09-16,2016.0
DEX Spot Volume,2016-09-17,5256.0
DEX Spot Volume,2016-09-18,1687.0
DEX Spot Volume,2016-09-19,2228.0
DEX Spot Volume,2016-09-20,2239.0
DEX Spot Volume,2016-09-21,2980.0
DEX Spot Volume,2016-09-22,1598.0
DEX Spot Volume,2016-09-23,4517.0
DEX Spot Volume,2016-09-24,3380.0
DEX Spot Volume,2016-09-25,984.0
DEX Spot Volume,2016-09-26,4495.0
DEX Spot Volume,2016-09-27,3773.0
DEX Spot Volume,2016-09-28,2915.0
DEX Spot Volume,2016-09-29,2858.0
DEX Spot Volume,2016-09-30,3251.0
DEX Spot Volume,2016-10-01,2546.0
DEX Spot Volume,2016-10-02,2297.0
DEX Spot Volume,2016-10-03,3185.0
DEX Spot Volume,2016-10-04,2375.0
DEX Spot Volume,2016-10-05,2375.0
DEX Spot Volume,2016-10-06,3890.0
DEX Spot Volume,2016-10-07,3665.0
DEX Spot Volume,2016-10-08,3383.0
DEX Spot Volume,2016-10-09,5547.0
DEX Spot Volume,2016-10-10,8586.0
DEX Spot Volume,2016-10-11,6367.0
DEX Spot Volume,2016-10-12,7803.0
DEX Spot Volume,2016-10-13,7208.0
DEX Spot Volume,2016-10-14,3361.0
DEX Spot Volume,2016-10-15,9332.0
DEX Spot Volume,2016-10-16,6942.0
DEX Spot Volume,2016-10-17,8046.0
DEX Spot Volume,2016-10-18,3472.0
DEX Spot Volume,2016-10-19,2826.0
DEX Spot Volume,2016-10-20,6999.0
DEX Spot Volume,2016-10-21,6132.0
DEX Spot Volume,2016-10-22,7927.0
DEX Spot Volume,2016-10-23,4656.0
DEX Spot Volume,2016-10-24,4432.0
DEX Spot Volume,2016-10-25,5449.0
DEX Spot Volume,2016-10-26,4119.0
DEX Spot Volume,2016-10-27,6026.0
DEX Spot Volume,2016-10-28,3477.0
DEX Spot Volume,2016-10-29,5520.0
DEX Spot Volume,2016-10-30,2608.0
DEX Spot Volume,2016-10-31,5948.0
DEX Spot Volume,2016-11-01,6381.0
DEX Spot Volume,2016-11-02,6738.0
DEX Spot Volume,2016-11-03,5351.0
DEX Spot Volume,2016-11-04,5787.0
DEX Spot Volume,2016-11-05,2075.0
DEX Spot Volume,2016-11-06,2994.0
DEX Spot Volume,2016-11-07,12285.0
DEX Spot Volume,2016-11-08,6087.0
DEX Spot Volume,2016-11-09,3928.0
DEX Spot Volume,2016-11-10,3155.0
DEX Spot Volume,2016-11-11,9612.0
DEX Spot Volume,2016-11-12,3959.0
DEX Spot Volume,2016-11-13,4177.0
DEX Spot Volume,2016-11-14,2744.0
DEX Spot Volume,2016-11-15,4422.0
DEX Spot Volume,2016-11-16,2941.0
DEX Spot Volume,2016-11-17,6069.0
DEX Spot Volume,2016-11-18,5451.0
DEX Spot Volume,2016-11-19,6744.0
DEX Spot Volume,2016-11-20,4602.0
DEX Spot Volume,2016-11-21,3865.25
DEX Spot Volume,2016-11-22,4903.93
DEX Spot Volume,2016-11-23,3827.0
DEX Spot Volume,2016-11-24,2735.0
DEX Spot Volume,2016-11-25,1800.06
DEX Spot Volume,2016-11-26,3766.0
DEX Spot Volume,2016-11-27,5926.34
DEX Spot Volume,2016-11-28,4299.0
DEX Spot Volume,2016-11-29,4120.6
DEX Spot Volume,2016-11-30,7049.0
DEX Spot Volume,2016-12-01,5878.0
DEX Spot Volume,2016-12-02,6266.0
DEX Spot Volume,2016-12-03,5563.0
DEX Spot Volume,2016-12-04,4314.0
DEX Spot Volume,2016-12-05,4804.89
DEX Spot Volume,2016-12-06,3274.0
DEX Spot Volume,2016-12-07,5191.0
DEX Spot Volume,2016-12-08,4897.36
DEX Spot Volume,2016-12-09,7251.0
DEX Spot Volume,2016-12-10,4914.0
DEX Spot Volume,2016-12-11,4038.0
DEX Spot Volume,2016-12-12,5889.0
DEX Spot Volume,2016-12-13,4582.18
DEX Spot Volume,2016-12-14,5126.0
DEX Spot Volume,2016-12-15,4563.0
DEX Spot Volume,2016-12-16,4642.0
DEX Spot Volume,2016-12-17,6211.0
DEX Spot Volume,2016-12-18,3342.0
DEX Spot Volume,2016-12-19,6899.0
DEX Spot Volume,2016-12-20,4510.0
DEX Spot Volume,2016-12-21,5141.0
DEX Spot Volume,2016-12-22,8824.56
DEX Spot Volume,2016-12-23,7712.0
DEX Spot Volume,2016-12-24,4940.0
DEX Spot Volume,2016-12-25,1620.7
DEX Spot Volume,2016-12-26,799.44
DEX Spot Volume,2016-12-27,9231.0
DEX Spot Volume,2016-12-28,10367.03
DEX Spot Volume,2016-12-29,2509.0
DEX Spot Volume,2016-12-30,3355.14
DEX Spot Volume,2016-12-31,3523.0
DEX Spot Volume,2017-01-01,5102.0
DEX Spot Volume,2017-01-02,9057.0
DEX Spot Volume,2017-01-03,11199.0
DEX Spot Volume,2017-01-04,18111.0
DEX Spot Volume,2017-01-05,11548.0
DEX Spot Volume,2017-01-06,15518.0
DEX Spot Volume,2017-01-07,9022.0
DEX Spot Volume,2017-01-08,6666.0
DEX Spot Volume,2017-01-09,7462.0
DEX Spot Volume,2017-01-10,6740.38
DEX Spot Volume,2017-01-11,11028.0
DEX Spot Volume,2017-01-12,7515.0
DEX Spot Volume,2017-01-13,11351.0
DEX Spot Volume,2017-01-14,8596.0
DEX Spot Volume,2017-01-15,12040.0
DEX Spot Volume,2017-01-16,14581.0
DEX Spot Volume,2017-01-17,13591.0
DEX Spot Volume,2017-01-18,9345.0
DEX Spot Volume,2017-01-19,7748.0
DEX Spot Volume,2017-01-20,3264.0
DEX Spot Volume,2017-01-21,3945.0
DEX Spot Volume,2017-01-22,6046.0
DEX Spot Volume,2017-01-23,3173.0
DEX Spot Volume,2017-01-24,1910.76
DEX Spot Volume,2017-01-25,7057.0
DEX Spot Volume,2017-01-26,5633.0
DEX Spot Volume,2017-01-27,11087.0
DEX Spot Volume,2017-01-28,8226.0
DEX Spot Volume,2017-01-29,11015.0
DEX Spot Volume,2017-01-30,3156.0
DEX Spot Volume,2017-01-31,9385.0
DEX Spot Volume,2017-02-01,10733.0
DEX Spot Volume,2017-02-02,3230.0
DEX Spot Volume,2017-02-03,10049.0
DEX Spot Volume,2017-02-04,7619.0
DEX Spot Volume,2017-02-05,21395.0
DEX Spot Volume,2017-02-06,13638.0
DEX Spot Volume,2017-02-07,6580.0
DEX Spot Volume,2017-02-08,7392.0
DEX Spot Volume,2017-02-09,4616.0
DEX Spot Volume,2017-02-10,12856.0
DEX Spot Volume,2017-02-11,8636.0
DEX Spot Volume,2017-02-12,7861.0
DEX Spot Volume,2017-02-13,8390.0
DEX Spot Volume,2017-02-14,22932.0
DEX Spot Volume,2017-02-15,26832.0
DEX Spot Volume,2017-02-16,14001.0
DEX Spot Volume,2017-02-17,15475.0
DEX Spot Volume,2017-02-18,10024.0
DEX Spot Volume,2017-02-19,2698.0
DEX Spot Volume,2017-02-20,8476.0
DEX Spot Volume,2017-02-21,8911.0
DEX Spot Volume,2017-02-22,6911.0
DEX Spot Volume,2017-02-23,5552.0
DEX Spot Volume,2017-02-24,9244.0
DEX Spot Volume,2017-02-25,10245.0
DEX Spot Volume,2017-02-26,5329.0
DEX Spot Volume,2017-02-27,5813.0
DEX Spot Volume,2017-02-28,8449.0
DEX Spot Volume,2017-03-01,10023.0
DEX Spot Volume,2017-03-02,18847.0
DEX Spot Volume,2017-03-03,7754.0
DEX Spot Volume,2017-03-04,4925.31
DEX Spot Volume,2017-03-05,9517.0
DEX Spot Volume,2017-03-06,9568.0
DEX Spot Volume,2017-03-07,5172.93
DEX Spot Volume,2017-03-08,8169.0
DEX Spot Volume,2017-03-09,6293.0
DEX Spot Volume,2017-03-10,6679.0
DEX Spot Volume,2017-03-11,3184.0
DEX Spot Volume,2017-03-12,13375.0
DEX Spot Volume,2017-03-13,11851.0
DEX Spot Volume,2017-03-14,13400.0
DEX Spot Volume,2017-03-15,4702.0
DEX Spot Volume,2017-03-16,13029.0
DEX Spot Volume,2017-03-17,7413.0
DEX Spot Volume,2017-03-18,6565.0
DEX Spot Volume,2017-03-19,8460.0
DEX Spot Volume,2017-03-20,3781.0
DEX Spot Volume,2017-03-21,7179.0
DEX Spot Volume,2017-03-22,7273.0
DEX Spot Volume,2017-03-23,8498.0
DEX Spot Volume,2017-03-24,9148.0
DEX Spot Volume,2017-03-25,9559.0
DEX Spot Volume,2017-03-26,5074.0
DEX Spot Volume,2017-03-27,7999.0
DEX Spot Volume,2017-03-28,5094.0
DEX Spot Volume,2017-03-29,22471.0
DEX Spot Volume,2017-03-30,6681.0
DEX Spot Volume,2017-03-31,4293.0
DEX Spot Volume,2017-04-01,17738.0
DEX Spot Volume,2017-04-02,34785.0
DEX Spot Volume,2017-04-03,11421.0
DEX Spot Volume,2017-04-04,7415.0
DEX Spot Volume,2017-04-05,5769.0
DEX Spot Volume,2017-04-06,5231.49
DEX Spot Volume,2017-04-07,5667.0
DEX Spot Volume,2017-04-08,2892.0
DEX Spot Volume,2017-04-09,6809.0
DEX Spot Volume,2017-04-10,10572.0
DEX Spot Volume,2017-04-11,6052.0
DEX Spot Volume,2017-04-12,10827.0
DEX Spot Volume,2017-04-13,12209.0
DEX Spot Volume,2017-04-14,3076.0
DEX Spot Volume,2017-04-15,6188.0
DEX Spot Volume,2017-04-16,5922.0
DEX Spot Volume,2017-04-17,10850.0
DEX Spot Volume,2017-04-18,7251.0
DEX Spot Volume,2017-04-19,8256.0
DEX Spot Volume,2017-04-20,9828.0
DEX Spot Volume,2017-04-21,16478.0
DEX Spot Volume,2017-04-22,5575.0
DEX Spot Volume,2017-04-23,8559.0
DEX Spot Volume,2017-04-24,20852.0
DEX Spot Volume,2017-04-25,15330.0
DEX Spot Volume,2017-04-26,18729.0
DEX Spot Volume,2017-04-27,20469.0
DEX Spot Volume,2017-04-28,6390.0
DEX Spot Volume,2017-04-29,18192.0
DEX Spot Volume,2017-04-30,20001.0
DEX Spot Volume,2017-05-01,18938.0
DEX Spot Volume,2017-05-02,11125.0
DEX Spot Volume,2017-05-03,12862.0
DEX Spot Volume,2017-05-04,16773.0
DEX Spot Volume,2017-05-05,10052.0
DEX Spot Volume,2017-05-06,10426.0
DEX Spot Volume,2017-05-07,6297.0
DEX Spot Volume,2017-05-08,31299.0
DEX Spot Volume,2017-05-09,27334.0
DEX Spot Volume,2017-05-10,20649.0
DEX Spot Volume,2017-05-11,29887.0
DEX Spot Volume,2017-05-12,13898.0
DEX Spot Volume,2017-05-13,10243.0
DEX Spot Volume,2017-05-14,15703.0
DEX Spot Volume,2017-05-15,4553.0
DEX Spot Volume,2017-05-16,13134.0
DEX Spot Volume,2017-05-17,2857.0
DEX Spot Volume,2017-05-18,7180.0
DEX Spot Volume,2017-05-19,11149.0
DEX Spot Volume,2017-05-20,32612.0
DEX Spot Volume,2017-05-21,32731.0
DEX Spot Volume,2017-05-22,30878.0
DEX Spot Volume,2017-05-23,27091.0
DEX Spot Volume,2017-05-24,57895.0
DEX Spot Volume,2017-05-25,30816.0
DEX Spot Volume,2017-05-26,35971.0
DEX Spot Volume,2017-05-27,13053.0
DEX Spot Volume,2017-05-28,17981.0
DEX Spot Volume,2017-05-29,11288.0
DEX Spot Volume,2017-05-30,10778.0
DEX Spot Volume,2017-05-31,30538.0
DEX Spot Volume,2017-06-01,32674.0
DEX Spot Volume,2017-06-02,27530.0
DEX Spot Volume,2017-06-03,43244.0
DEX Spot Volume,2017-06-04,30017.0
DEX Spot Volume,2017-06-05,28981.0
DEX Spot Volume,2017-06-06,18354.0
DEX Spot Volume,2017-06-07,45508.0
DEX Spot Volume,2017-06-08,6838.0
DEX Spot Volume,2017-06-09,62564.0
DEX Spot Volume,2017-06-10,47283.0
DEX Spot Volume,2017-06-11,14118.0
DEX Spot Volume,2017-06-12,25615.0
DEX Spot Volume,2017-06-13,33958.0
DEX Spot Volume,2017-06-14,29352.27
DEX Spot Volume,2017-06-15,4887.0
DEX Spot Volume,2017-06-16,9235.0
DEX Spot Volume,2017-06-17,14561.0
DEX Spot Volume,2017-06-18,14345.0
DEX Spot Volume,2017-06-19,2378.0
DEX Spot Volume,2017-06-20,41562.0
DEX Spot Volume,2017-06-21,34168.0
DEX Spot Volume,2017-06-22,19855.0
DEX Spot Volume,2017-06-23,18664.0
DEX Spot Volume,2017-06-24,99769.0
DEX Spot Volume,2017-06-25,9109.0
DEX Spot Volume,2017-06-26,11008.74
DEX Spot Volume,2017-06-27,8197.0
DEX Spot Volume,2017-06-28,9609.0
DEX Spot Volume,2017-06-29,772.21
DEX Spot Volume,2017-06-30,5703.2
DEX Spot Volume,2017-07-01,8457.0
DEX Spot Volume,2017-07-02,1147.0
DEX Spot Volume,2017-07-03,5545.0
DEX Spot Volume,2017-07-04,3974.0
DEX Spot Volume,2017-07-05,8778.0
DEX Spot Volume,2017-07-06,1655.0
DEX Spot Volume,2017-07-07,1458.0
DEX Spot Volume,2017-07-08,5880.0
DEX Spot Volume,2017-07-09,2241.0
DEX Spot Volume,2017-07-10,2889.0
DEX Spot Volume,2017-07-11,9269.0
DEX Spot Volume,2017-07-12,17443.0
DEX Spot Volume,2017-07-13,2351.0
DEX Spot Volume,2017-07-14,6299.0
DEX Spot Volume,2017-07-15,7575.0
DEX Spot Volume,2017-07-16,4453.0
DEX Spot Volume,2017-07-17,9280.0
DEX Spot Volume,2017-07-18,9494.0
DEX Spot Volume,2017-07-19,5989.0
DEX Spot Volume,2017-07-20,17333.0
DEX Spot Volume,2017-07-21,35277.0
DEX Spot Volume,2017-07-22,22719.0
DEX Spot Volume,2017-07-23,9339.0
DEX Spot Volume,2017-07-24,18245.0
DEX Spot Volume,2017-07-25,11365.0
DEX Spot Volume,2017-07-26,5210.0
DEX Spot Volume,2017-07-27,7681.0
DEX Spot Volume,2017-07-28,8738.0
DEX Spot Volume,2017-07-29,7452.0
DEX Spot Volume,2017-07-30,40065.0
DEX Spot Volume,2017-07-31,5804.0
DEX Spot Volume,2017-08-01,3807.0
DEX Spot Volume,2017-08-02,2547.0
DEX Spot Volume,2017-08-03,7069.0
DEX Spot Volume,2017-08-04,13008.0
DEX Spot Volume,2017-08-05,16836.0
DEX Spot Volume,2017-08-06,9917.0
DEX Spot Volume,2017-08-07,7024.0
DEX Spot Volume,2017-08-08,11340.0
DEX Spot Volume,2017-08-09,12527.0
DEX Spot Volume,2017-08-10,15892.0
DEX Spot Volume,2017-08-11,15390.0
DEX Spot Volume,2017-08-12,17712.0
DEX Spot Volume,2017-08-13,19048.0
DEX Spot Volume,2017-08-14,17854.0
DEX Spot Volume,2017-08-15,30258.0
DEX Spot Volume,2017-08-16,21720.0
DEX Spot Volume,2017-08-17,38137.0
DEX Spot Volume,2017-08-18,18918.0
DEX Spot Volume,2017-08-19,18972.0
DEX Spot Volume,2017-08-20,20058.0
DEX Spot Volume,2017-08-21,50682.0
DEX Spot Volume,2017-08-22,36697.0
DEX Spot Volume,2017-08-23,19695.0
DEX Spot Volume,2017-08-24,18986.0
DEX Spot Volume,2017-08-25,11021.0
DEX Spot Volume,2017-08-26,5799.0
DEX Spot Volume,2017-08-27,9946.0
DEX Spot Volume,2017-08-28,31380.0
DEX Spot Volume,2017-08-29,14936.0
DEX Spot Volume,2017-08-30,46048.0
DEX Spot Volume,2017-08-31,21565.0
DEX Spot Volume,2017-09-01,31178.0
DEX Spot Volume,2017-09-02,28478.0
DEX Spot Volume,2017-09-03,14121.0
DEX Spot Volume,2017-09-04,18014.0
DEX Spot Volume,2017-09-05,13551.0
DEX Spot Volume,2017-09-06,11490.0
DEX Spot Volume,2017-09-07,10604.0
DEX Spot Volume,2017-09-08,12318.0
DEX Spot Volume,2017-09-09,5523.0
DEX Spot Volume,2017-09-10,22410.0
DEX Spot Volume,2017-09-11,8184.0
DEX Spot Volume,2017-09-12,7305.0
DEX Spot Volume,2017-09-13,11168.0
DEX Spot Volume,2017-09-14,7667.0
DEX Spot Volume,2017-09-15,11782.55
DEX Spot Volume,2017-09-16,19205.0
DEX Spot Volume,2017-09-17,8521.0
DEX Spot Volume,2017-09-18,18050.39
DEX Spot Volume,2017-09-19,17732.0
DEX Spot Volume,2017-09-20,3837.48
DEX Spot Volume,2017-09-21,8229.0
DEX Spot Volume,2017-09-22,7301.36
DEX Spot Volume,2017-09-23,5451.46
DEX Spot Volume,2017-09-24,13105.0
DEX Spot Volume,2017-09-25,21640.0
DEX Spot Volume,2017-09-26,46272.0
DEX Spot Volume,2017-09-27,46068.0
DEX Spot Volume,2017-09-28,15852.0
DEX Spot Volume,2017-09-29,24284.0
DEX Spot Volume,2017-09-30,20377.0
DEX Spot Volume,2017-10-01,13817.0
DEX Spot Volume,2017-10-02,16983.0
DEX Spot Volume,2017-10-03,5644.0
DEX Spot Volume,2017-10-04,12308.0
DEX Spot Volume,2017-10-05,8937.0
DEX Spot Volume,2017-10-06,20075.0
DEX Spot Volume,2017-10-07,22119.0
DEX Spot Volume,2017-10-08,6729.0
DEX Spot Volume,2017-10-09,5965.0
DEX Spot Volume,2017-10-10,13493.0
DEX Spot Volume,2017-10-11,22197.0
DEX Spot Volume,2017-10-12,16695.0
DEX Spot Volume,2017-10-13,24608.0
DEX Spot Volume,2017-10-14,25040.0
DEX Spot Volume,2017-10-15,23681.0
DEX Spot Volume,2017-10-16,10721.0
DEX Spot Volume,2017-10-17,10324.0
DEX Spot Volume,2017-10-18,20316.59
DEX Spot Volume,2017-10-19,4980.0
DEX Spot Volume,2017-10-20,8944.0
DEX Spot Volume,2017-10-21,23193.0
DEX Spot Volume,2017-10-22,18646.51
DEX Spot Volume,2017-10-23,10889.0
DEX Spot Volume,2017-10-24,6687.0
DEX Spot Volume,2017-10-25,16204.0
DEX Spot Volume,2017-10-26,8912.0
DEX Spot Volume,2017-10-27,15877.0
DEX Spot Volume,2017-10-28,201.0
DEX Spot Volume,2017-10-29,14336.0
DEX Spot Volume,2017-10-30,12459.0
DEX Spot Volume,2017-10-31,36791.28
DEX Spot Volume,2017-11-01,15700.0
DEX Spot Volume,2017-11-02,47101.35
DEX Spot Volume,2017-11-03,11778.0
DEX Spot Volume,2017-11-04,11250.0
DEX Spot Volume,2017-11-05,8828.0
DEX Spot Volume,2017-11-06,24266.0
DEX Spot Volume,2017-11-07,17499.0
DEX Spot Volume,2017-11-08,22488.0
DEX Spot Volume,2017-11-09,18575.0
DEX Spot Volume,2017-11-10,33286.0
DEX Spot Volume,2017-11-11,8551.0
DEX Spot Volume,2017-11-12,10384.0
DEX Spot Volume,2017-11-13,34725.0
DEX Spot Volume,2017-11-14,12602.0
DEX Spot Volume,2017-11-15,34787.0
DEX Spot Volume,2017-11-16,18649.0
DEX Spot Volume,2017-11-17,11122.0
DEX Spot Volume,2017-11-18,6565.46
DEX Spot Volume,2017-11-19,22133.0
DEX Spot Volume,2017-11-20,17193.0
DEX Spot Volume,2017-11-21,17095.0
DEX Spot Volume,2017-11-22,25449.0
DEX Spot Volume,2017-11-23,14133.0
DEX Spot Volume,2017-11-24,16595.0
DEX Spot Volume,2017-11-25,22800.0
DEX Spot Volume,2017-11-26,37218.0
DEX Spot Volume,2017-11-27,36123.0
DEX Spot Volume,2017-11-28,32459.0
DEX Spot Volume,2017-11-29,39277.0
DEX Spot Volume,2017-11-30,24534.0
DEX Spot Volume,2017-12-01,23255.0
DEX Spot Volume,2017-12-02,37637.0
DEX Spot Volume,2017-12-03,32777.0
DEX Spot Volume,2017-12-04,27104.0
DEX Spot Volume,2017-12-05,50406.0
DEX Spot Volume,2017-12-06,96038.0
DEX Spot Volume,2017-12-07,283134.0
DEX Spot Volume,2017-12-08,74390.0
DEX Spot Volume,2017-12-09,61395.0
DEX Spot Volume,2017-12-10,53030.0
DEX Spot Volume,2017-12-11,21706.0
DEX Spot Volume,2017-12-12,66957.0
DEX Spot Volume,2017-12-13,263678.0
DEX Spot Volume,2017-12-14,346269.0
DEX Spot Volume,2017-12-15,106801.0
DEX Spot Volume,2017-12-16,532155.0
DEX Spot Volume,2017-12-17,564923.0
DEX Spot Volume,2017-12-18,358022.0
DEX Spot Volume,2017-12-19,45463.0
DEX Spot Volume,2017-12-20,58161.0
DEX Spot Volume,2017-12-21,47025.0
DEX Spot Volume,2017-12-22,115201.0
DEX Spot Volume,2017-12-23,30052.0
DEX Spot Volume,2017-12-24,7182.0
DEX Spot Volume,2017-12-25,7795.0
DEX Spot Volume,2017-12-26,29194.0
DEX Spot Volume,2017-12-27,43586.0
DEX Spot Volume,2017-12-28,29755.54
DEX Spot Volume,2017-12-29,27178.4
DEX Spot Volume,2017-12-30,11753.0
DEX Spot Volume,2017-12-31,11501.0
DEX Spot Volume,2018-01-01,19637.0
DEX Spot Volume,2018-01-02,26345.0
DEX Spot Volume,2018-01-03,66873.0
DEX Spot Volume,2018-01-04,50582.0
DEX Spot Volume,2018-01-05,64201.0
DEX Spot Volume,2018-01-06,39916.0
DEX Spot Volume,2018-01-07,98199.0
DEX Spot Volume,2018-01-08,100407.0
DEX Spot Volume,2018-01-09,65964.0
DEX Spot Volume,2018-01-10,60666.0
DEX Spot Volume,2018-01-11,52961.0
DEX Spot Volume,2018-01-12,39633.0
DEX Spot Volume,2018-01-13,45477.0
DEX Spot Volume,2018-01-14,32116.0
DEX Spot Volume,2018-01-15,66650.1
DEX Spot Volume,2018-01-16,37215.0
DEX Spot Volume,2018-01-17,51740.0
DEX Spot Volume,2018-01-18,46748.0
DEX Spot Volume,2018-01-19,22925.0
DEX Spot Volume,2018-01-20,23479.0
DEX Spot Volume,2018-01-21,75244.0
DEX Spot Volume,2018-01-22,28994.0
DEX Spot Volume,2018-01-23,37539.0
DEX Spot Volume,2018-01-24,25160.0
DEX Spot Volume,2018-01-25,21224.0
DEX Spot Volume,2018-01-26,30205.0
DEX Spot Volume,2018-01-27,31817.0
DEX Spot Volume,2018-01-28,29038.0
DEX Spot Volume,2018-01-29,28208.0
DEX Spot Volume,2018-01-30,36175.0
DEX Spot Volume,2018-01-31,19990.0
DEX Spot Volume,2018-02-01,44739.0
DEX Spot Volume,2018-02-02,69425.0
DEX Spot Volume,2018-02-03,24611.0
DEX Spot Volume,2018-02-04,25913.0
DEX Spot Volume,2018-02-05,67967.0
DEX Spot Volume,2018-02-06,48961.0
DEX Spot Volume,2018-02-07,28605.0
DEX Spot Volume,2018-02-08,12154.0
DEX Spot Volume,2018-02-09,22771.0
DEX Spot Volume,2018-02-10,23290.0
DEX Spot Volume,2018-02-11,14849.0
DEX Spot Volume,2018-02-12,19495.0
DEX Spot Volume,2018-02-13,8675.0
DEX Spot Volume,2018-02-14,13805.0
DEX Spot Volume,2018-02-15,11569.0
DEX Spot Volume,2018-02-16,30360.0
DEX Spot Volume,2018-02-17,13810.0
DEX Spot Volume,2018-02-18,8240.0
DEX Spot Volume,2018-02-19,21473.87
DEX Spot Volume,2018-02-20,14993.0
DEX Spot Volume,2018-02-21,13005.84
DEX Spot Volume,2018-02-22,35915.0
DEX Spot Volume,2018-02-23,21658.0
DEX Spot Volume,2018-02-24,20144.0
DEX Spot Volume,2018-02-25,18743.0
DEX Spot Volume,2018-02-26,28216.0
DEX Spot Volume,2018-02-27,33769.0
DEX Spot Volume,2018-02-28,24115.0
DEX Spot Volume,2018-03-01,1316.0
DEX Spot Volume,2018-03-02,368.0
DEX Spot Volume,2018-03-03,576.0
DEX Spot Volume,2018-03-04,71578.0
DEX Spot Volume,2018-03-05,1944.0
DEX Spot Volume,2018-03-06,315.0
DEX Spot Volume,2018-03-07,952.0
DEX Spot Volume,2018-03-08,175.0
DEX Spot Volume,2018-03-09,25074.0
DEX Spot Volume,2018-03-10,10559.0
DEX Spot Volume,2018-03-11,14385.0
DEX Spot Volume,2018-03-12,13410.79
DEX Spot Volume,2018-03-13,14744.0
DEX Spot Volume,2018-03-14,13497.0
DEX Spot Volume,2018-03-15,26372.0
DEX Spot Volume,2018-03-16,16433.0
DEX Spot Volume,2018-03-17,37202.0
DEX Spot Volume,2018-03-18,42539.01
DEX Spot Volume,2018-03-19,17307.0
DEX Spot Volume,2018-03-20,14698.0
DEX Spot Volume,2018-03-21,31454.0
DEX Spot Volume,2018-03-22,19255.0
DEX Spot Volume,2018-03-23,6513.0
DEX Spot Volume,2018-03-24,8878.0
DEX Spot Volume,2018-03-25,23985.0
DEX Spot Volume,2018-03-26,18626.0
DEX Spot Volume,2018-03-27,39676.0
DEX Spot Volume,2018-03-28,14214.0
DEX Spot Volume,2018-03-29,17395.0
DEX Spot Volume,2018-03-30,40677.0
DEX Spot Volume,2018-03-31,19447.0
DEX Spot Volume,2018-04-01,30464.0
DEX Spot Volume,2018-04-02,24498.0
DEX Spot Volume,2018-04-03,12652.0
DEX Spot Volume,2018-04-04,21347.0
DEX Spot Volume,2018-04-05,20510.0
DEX Spot Volume,2018-04-06,46275.0
DEX Spot Volume,2018-04-07,17904.0
DEX Spot Volume,2018-04-08,47029.0
DEX Spot Volume,2018-04-09,33147.0
DEX Spot Volume,2018-04-10,9735.0
DEX Spot Volume,2018-04-11,5229.0
DEX Spot Volume,2018-04-12,15552.0
DEX Spot Volume,2018-04-13,14174.0
DEX Spot Volume,2018-04-14,4503.21
DEX Spot Volume,2018-04-15,8499.0
DEX Spot Volume,2018-04-16,15965.0
DEX Spot Volume,2018-04-17,12891.0
DEX Spot Volume,2018-04-18,9774.12
DEX Spot Volume,2018-04-19,14813.0
DEX Spot Volume,2018-04-20,20541.0
DEX Spot Volume,2018-04-21,27241.0
DEX Spot Volume,2018-04-22,25786.0
DEX Spot Volume,2018-04-23,19627.0
DEX Spot Volume,2018-04-24,34519.0
DEX Spot Volume,2018-04-25,29929.0
DEX Spot Volume,2018-04-26,13030.0
DEX Spot Volume,2018-04-27,14186.0
DEX Spot Volume,2018-04-28,16602.0
DEX Spot Volume,2018-04-29,41529.0
DEX Spot Volume,2018-04-30,24613.0
DEX Spot Volume,2018-05-01,13491.0
DEX Spot Volume,2018-05-02,25041.0
DEX Spot Volume,2018-05-03,23156.0
DEX Spot Volume,2018-05-04,34640.0
DEX Spot Volume,2018-05-05,24799.0
DEX Spot Volume,2018-05-06,15452.0
DEX Spot Volume,2018-05-07,275.0
DEX Spot Volume,2018-05-08,18063.0
DEX Spot Volume,2018-05-09,31113.0
DEX Spot Volume,2018-05-10,41106.0
DEX Spot Volume,2018-05-11,27308.18
DEX Spot Volume,2018-05-12,13232.0
DEX Spot Volume,2018-05-13,8782.0
DEX Spot Volume,2018-05-14,13227.0
DEX Spot Volume,2018-05-15,19254.0
DEX Spot Volume,2018-05-16,9188.0
DEX Spot Volume,2018-05-17,12557.0
DEX Spot Volume,2018-05-18,19749.0
DEX Spot Volume,2018-05-19,10577.0
DEX Spot Volume,2018-05-20,9681.0
DEX Spot Volume,2018-05-21,20599.0
DEX Spot Volume,2018-05-22,32224.0
DEX Spot Volume,2018-05-23,25421.0
DEX Spot Volume,2018-05-24,39541.0
DEX Spot Volume,2018-05-25,10696.0
DEX Spot Volume,2018-05-26,11651.0
DEX Spot Volume,2018-05-27,12026.0
DEX Spot Volume,2018-05-28,16100.0
DEX Spot Volume,2018-05-29,7626.0
DEX Spot Volume,2018-05-30,18967.0
DEX Spot Volume,2018-05-31,20423.0
DEX Spot Volume,2018-06-01,17826.0
DEX Spot Volume,2018-06-02,16943.87
DEX Spot Volume,2018-06-03,12633.31
DEX Spot Volume,2018-06-04,37798.55
DEX Spot Volume,2018-06-05,41329.9
DEX Spot Volume,2018-06-06,25895.0
DEX Spot Volume,2018-06-07,15607.0
DEX Spot Volume,2018-06-08,19926.0
DEX Spot Volume,2018-06-09,12256.0
DEX Spot Volume,2018-06-10,21924.0
DEX Spot Volume,2018-06-11,25871.0
DEX Spot Volume,2018-06-12,12349.0
DEX Spot Volume,2018-06-13,28109.0
DEX Spot Volume,2018-06-14,20218.0
DEX Spot Volume,2018-06-15,15996.0
DEX Spot Volume,2018-06-16,8402.0
DEX Spot Volume,2018-06-17,13615.0
DEX Spot Volume,2018-06-18,21041.94
DEX Spot Volume,2018-06-19,26307.0
DEX Spot Volume,2018-06-20,20424.0
DEX Spot Volume,2018-06-21,28975.0
DEX Spot Volume,2018-06-22,51010.0
DEX Spot Volume,2018-06-23,24028.52
DEX Spot Volume,2018-06-24,33264.33
DEX Spot Volume,2018-06-25,33557.17
DEX Spot Volume,2018-06-26,13918.0
DEX Spot Volume,2018-06-27,36472.0
DEX Spot Volume,2018-06-28,23149.29
DEX Spot Volume,2018-06-29,12047.91
DEX Spot Volume,2018-06-30,14563.0
DEX Spot Volume,2018-07-01,11506.0
DEX Spot Volume,2018-07-02,13808.0
DEX Spot Volume,2018-07-03,19323.0
DEX Spot Volume,2018-07-04,7934.0
DEX Spot Volume,2018-07-05,11558.59
DEX Spot Volume,2018-07-06,15113.0
DEX Spot Volume,2018-07-07,10226.87
DEX Spot Volume,2018-07-08,8874.0
DEX Spot Volume,2018-07-09,12953.0
DEX Spot Volume,2018-07-10,18544.0
DEX Spot Volume,2018-07-11,13723.0
DEX Spot Volume,2018-07-12,13770.0
DEX Spot Volume,2018-07-13,7985.0
DEX Spot Volume,2018-07-14,5631.0
DEX Spot Volume,2018-07-15,3982.0
DEX Spot Volume,2018-07-16,6217.0
DEX Spot Volume,2018-07-17,14249.0
DEX Spot Volume,2018-07-18,13583.0
DEX Spot Volume,2018-07-19,18901.0
DEX Spot Volume,2018-07-20,13800.0
DEX Spot Volume,2018-07-21,26672.0
DEX Spot Volume,2018-07-22,17658.0
DEX Spot Volume,2018-07-23,20602.0
DEX Spot Volume,2018-07-24,30085.0
DEX Spot Volume,2018-07-25,9975.0
DEX Spot Volume,2018-07-26,13069.0
DEX Spot Volume,2018-07-27,29028.0
DEX Spot Volume,2018-07-28,22174.0
DEX Spot Volume,2018-07-29,26618.0
DEX Spot Volume,2018-07-30,79751.0
DEX Spot Volume,2018-07-31,14869.0
DEX Spot Volume,2018-08-01,30966.0
DEX Spot Volume,2018-08-02,96881.95
DEX Spot Volume,2018-08-03,81855.0
DEX Spot Volume,2018-08-04,106761.45
DEX Spot Volume,2018-08-05,97229.0
DEX Spot Volume,2018-08-06,202954.88
DEX Spot Volume,2018-08-07,183373.0
DEX Spot Volume,2018-08-08,248456.0
DEX Spot Volume,2018-08-09,110743.33
DEX Spot Volume,2018-08-10,81181.0
DEX Spot Volume,2018-08-11,128426.0
DEX Spot Volume,2018-08-12,113177.0
DEX Spot Volume,2018-08-13,142412.2
DEX Spot Volume,2018-08-14,150451.0
DEX Spot Volume,2018-08-15,73681.0
DEX Spot Volume,2018-08-16,11228.0
DEX Spot Volume,2018-08-17,5168.0
DEX Spot Volume,2018-08-18,13768.0
DEX Spot Volume,2018-08-19,4978.0
DEX Spot Volume,2018-08-20,14238.0
DEX Spot Volume,2018-08-21,21294.0
DEX Spot Volume,2018-08-22,45200.0
DEX Spot Volume,2018-08-23,112847.0
DEX Spot Volume,2018-08-24,117783.0
DEX Spot Volume,2018-08-25,49880.0
DEX Spot Volume,2018-08-26,88193.0
DEX Spot Volume,2018-08-27,47981.0
DEX Spot Volume,2018-08-28,28196.43
DEX Spot Volume,2018-08-29,94239.0
DEX Spot Volume,2018-08-30,9614.0
DEX Spot Volume,2018-08-31,16763.0
DEX Spot Volume,2018-09-01,15809.0
DEX Spot Volume,2018-09-02,23870.07
DEX Spot Volume,2018-09-03,16795.0
DEX Spot Volume,2018-09-04,8979.0
DEX Spot Volume,2018-09-05,13406.0
DEX Spot Volume,2018-09-06,23168.0
DEX Spot Volume,2018-09-07,7797.82
DEX Spot Volume,2018-09-08,12436.0
DEX Spot Volume,2018-09-09,25195.43
DEX Spot Volume,2018-09-10,216363.0
DEX Spot Volume,2018-09-11,327706.0
DEX Spot Volume,2018-09-12,128688.52
DEX Spot Volume,2018-09-13,17072.0
DEX Spot Volume,2018-09-14,13702.0
DEX Spot Volume,2018-09-15,19474.06
DEX Spot Volume,2018-09-16,20544.68
DEX Spot Volume,2018-09-17,18788.99
DEX Spot Volume,2018-09-18,12393.0
DEX Spot Volume,2018-09-19,23233.23
DEX Spot Volume,2018-09-20,335795.72
DEX Spot Volume,2018-09-21,163750.72
DEX Spot Volume,2018-09-22,8797.18
DEX Spot Volume,2018-09-23,16714.0
DEX Spot Volume,2018-09-24,29772.08
DEX Spot Volume,2018-09-25,14831.18
DEX Spot Volume,2018-09-26,23457.0
DEX Spot Volume,2018-09-27,50405.76
DEX Spot Volume,2018-09-28,164687.0
DEX Spot Volume,2018-09-29,169830.0
DEX Spot Volume,2018-09-30,185853.0
DEX Spot Volume,2018-10-01,229325.0
DEX Spot Volume,2018-10-02,195223.0
DEX Spot Volume,2018-10-03,175840.41
DEX Spot Volume,2018-10-04,177852.26
DEX Spot Volume,2018-10-05,172145.39
DEX Spot Volume,2018-10-06,206338.0
DEX Spot Volume,2018-10-07,90951.04
DEX Spot Volume,2018-10-08,64591.88
DEX Spot Volume,2018-10-09,41738.0
DEX Spot Volume,2018-10-10,61012.0
DEX Spot Volume,2018-10-11,46050.0
DEX Spot Volume,2018-10-12,4530.0
DEX Spot Volume,2018-10-13,3941.81
DEX Spot Volume,2018-10-14,181021.0
DEX Spot Volume,2018-10-15,345594.18
DEX Spot Volume,2018-10-16,246413.85
DEX Spot Volume,2018-10-17,271734.63
DEX Spot Volume,2018-10-18,225580.0
DEX Spot Volume,2018-10-19,162683.0
DEX Spot Volume,2018-10-20,122752.12
DEX Spot Volume,2018-10-21,419694.0
DEX Spot Volume,2018-10-22,489123.05
DEX Spot Volume,2018-10-23,235531.0
DEX Spot Volume,2018-10-24,54600.0
DEX Spot Volume,2018-10-25,340935.0
DEX Spot Volume,2018-10-26,238154.0
DEX Spot Volume,2018-10-27,444004.0
DEX Spot Volume,2018-10-28,716427.0
DEX Spot Volume,2018-10-29,625899.0
DEX Spot Volume,2018-10-30,434370.0
DEX Spot Volume,2018-10-31,197120.82
DEX Spot Volume,2018-11-01,53330.0
DEX Spot Volume,2018-11-02,124164.0
DEX Spot Volume,2018-11-03,104850.0
DEX Spot Volume,2018-11-04,61733.0
DEX Spot Volume,2018-11-05,42873.0
DEX Spot Volume,2018-11-06,63709.0
DEX Spot Volume,2018-11-07,50484.0
DEX Spot Volume,2018-11-08,103685.0
DEX Spot Volume,2018-11-09,56184.0
DEX Spot Volume,2018-11-10,149268.0
DEX Spot Volume,2018-11-11,247050.0
DEX Spot Volume,2018-11-12,98888.0
DEX Spot Volume,2018-11-13,168637.0
DEX Spot Volume,2018-11-14,458001.0
DEX Spot Volume,2018-11-15,577576.0
DEX Spot Volume,2018-11-16,249131.0
DEX Spot Volume,2018-11-17,307464.0
DEX Spot Volume,2018-11-18,152919.0
DEX Spot Volume,2018-11-19,552229.0
DEX Spot Volume,2018-11-20,274457.0
DEX Spot Volume,2018-11-21,459970.0
DEX Spot Volume,2018-11-22,186904.0
DEX Spot Volume,2018-11-23,278509.65
DEX Spot Volume,2018-11-24,105966.0
DEX Spot Volume,2018-11-25,733619.0
DEX Spot Volume,2018-11-26,493383.0
DEX Spot Volume,2018-11-27,330105.0
DEX Spot Volume,2018-11-28,84830.63
DEX Spot Volume,2018-11-29,168575.38
DEX Spot Volume,2018-11-30,211318.0
DEX Spot Volume,2018-12-01,378878.76
DEX Spot Volume,2018-12-02,310569.71
DEX Spot Volume,2018-12-03,181663.0
DEX Spot Volume,2018-12-04,118006.0
DEX Spot Volume,2018-12-05,211936.0
DEX Spot Volume,2018-12-06,404179.8
DEX Spot Volume,2018-12-07,311138.0
DEX Spot Volume,2018-12-08,125774.0
DEX Spot Volume,2018-12-09,187027.0
DEX Spot Volume,2018-12-10,401228.0
DEX Spot Volume,2018-12-11,301747.0
DEX Spot Volume,2018-12-12,77091.0
DEX Spot Volume,2018-12-13,40832.89
DEX Spot Volume,2018-12-14,163465.51
DEX Spot Volume,2018-12-15,137316.0
DEX Spot Volume,2018-12-16,153395.0
DEX Spot Volume,2018-12-17,163071.0
DEX Spot Volume,2018-12-18,273626.0
DEX Spot Volume,2018-12-19,280471.0
DEX Spot Volume,2018-12-20,170978.0
DEX Spot Volume,2018-12-21,122342.68
DEX Spot Volume,2018-12-22,116707.0
DEX Spot Volume,2018-12-23,54112.0
DEX Spot Volume,2018-12-24,301261.0
DEX Spot Volume,2018-12-25,251917.29
DEX Spot Volume,2018-12-26,311815.1
DEX Spot Volume,2018-12-27,378094.0
DEX Spot Volume,2018-12-28,144168.0
DEX Spot Volume,2018-12-29,160553.32
DEX Spot Volume,2018-12-30,160508.0
DEX Spot Volume,2018-12-31,202441.0
DEX Spot Volume,2019-01-01,218161.0
DEX Spot Volume,2019-01-02,220136.0
DEX Spot Volume,2019-01-03,190457.0
DEX Spot Volume,2019-01-04,98457.84
DEX Spot Volume,2019-01-05,171308.23
DEX Spot Volume,2019-01-06,89859.0
DEX Spot Volume,2019-01-07,107019.0
DEX Spot Volume,2019-01-08,50193.0
DEX Spot Volume,2019-01-09,107470.0
DEX Spot Volume,2019-01-10,261611.0
DEX Spot Volume,2019-01-11,115210.0
DEX Spot Volume,2019-01-12,304450.0
DEX Spot Volume,2019-01-13,331590.05
DEX Spot Volume,2019-01-14,121766.0
DEX Spot Volume,2019-01-15,103725.0
DEX Spot Volume,2019-01-16,100202.97
DEX Spot Volume,2019-01-17,96434.89
DEX Spot Volume,2019-01-18,213704.0
DEX Spot Volume,2019-01-19,120320.45
DEX Spot Volume,2019-01-20,174719.0
DEX Spot Volume,2019-01-21,229621.77
DEX Spot Volume,2019-01-22,127511.0
DEX Spot Volume,2019-01-23,73216.0
DEX Spot Volume,2019-01-24,118745.0
DEX Spot Volume,2019-01-25,62834.0
DEX Spot Volume,2019-01-26,108277.0
DEX Spot Volume,2019-01-27,94384.0
DEX Spot Volume,2019-01-28,111293.0
DEX Spot Volume,2019-01-29,77706.56
DEX Spot Volume,2019-01-30,73393.0
DEX Spot Volume,2019-01-31,145719.65
DEX Spot Volume,2019-02-01,101047.17
DEX Spot Volume,2019-02-02,93034.83
DEX Spot Volume,2019-02-03,102451.8
DEX Spot Volume,2019-02-04,134310.05
DEX Spot Volume,2019-02-05,124092.0
DEX Spot Volume,2019-02-06,204083.09
DEX Spot Volume,2019-02-07,156761.81
DEX Spot Volume,2019-02-08,348271.01
DEX Spot Volume,2019-02-09,244961.0
DEX Spot Volume,2019-02-10,220035.0
DEX Spot Volume,2019-02-11,413599.0
DEX Spot Volume,2019-02-12,686346.0
DEX Spot Volume,2019-02-13,697372.0
DEX Spot Volume,2019-02-14,650729.0
DEX Spot Volume,2019-02-15,780125.0
DEX Spot Volume,2019-02-16,366851.8
DEX Spot Volume,2019-02-17,533145.0
DEX Spot Volume,2019-02-18,530259.0
DEX Spot Volume,2019-02-19,907341.6
DEX Spot Volume,2019-02-20,614837.0
DEX Spot Volume,2019-02-21,526656.75
DEX Spot Volume,2019-02-22,776841.0
DEX Spot Volume,2019-02-23,1131901.09
DEX Spot Volume,2019-02-24,1713651.0
DEX Spot Volume,2019-02-25,874106.91
DEX Spot Volume,2019-02-26,683083.11
DEX Spot Volume,2019-02-27,1247058.96
DEX Spot Volume,2019-02-28,447643.0
DEX Spot Volume,2019-03-01,786857.01
DEX Spot Volume,2019-03-02,587070.0
DEX Spot Volume,2019-03-03,504889.12
DEX Spot Volume,2019-03-04,1215933.0
DEX Spot Volume,2019-03-05,856461.0
DEX Spot Volume,2019-03-06,598410.0
DEX Spot Volume,2019-03-07,630488.0
DEX Spot Volume,2019-03-08,594079.78
DEX Spot Volume,2019-03-09,1087653.51
DEX Spot Volume,2019-03-10,264392.37
DEX Spot Volume,2019-03-11,457325.0
DEX Spot Volume,2019-03-12,454412.0
DEX Spot Volume,2019-03-13,418243.0
DEX Spot Volume,2019-03-14,374843.0
DEX Spot Volume,2019-03-15,388935.0
DEX Spot Volume,2019-03-16,823756.0
DEX Spot Volume,2019-03-17,490260.07
DEX Spot Volume,2019-03-18,520863.42
DEX Spot Volume,2019-03-19,360328.0
DEX Spot Volume,2019-03-20,509188.62
DEX Spot Volume,2019-03-21,756837.24
DEX Spot Volume,2019-03-22,488648.0
DEX Spot Volume,2019-03-23,393448.0
DEX Spot Volume,2019-03-24,484838.84
DEX Spot Volume,2019-03-25,625405.73
DEX Spot Volume,2019-03-26,870387.22
DEX Spot Volume,2019-03-27,498667.0
DEX Spot Volume,2019-03-28,866847.0
DEX Spot Volume,2019-03-29,572791.0
DEX Spot Volume,2019-03-30,461701.19
DEX Spot Volume,2019-03-31,425789.11
DEX Spot Volume,2019-04-01,501800.0
DEX Spot Volume,2019-04-02,1280101.58
DEX Spot Volume,2019-04-03,2450287.0
DEX Spot Volume,2019-04-04,972364.0
DEX Spot Volume,2019-04-05,575242.0
DEX Spot Volume,2019-04-06,675677.0
DEX Spot Volume,2019-04-07,660179.0
DEX Spot Volume,2019-04-08,2533942.0
DEX Spot Volume,2019-04-09,2433781.0
DEX Spot Volume,2019-04-10,1862713.37
DEX Spot Volume,2019-04-11,1694314.0
DEX Spot Volume,2019-04-12,1247574.66
DEX Spot Volume,2019-04-13,621121.4
DEX Spot Volume,2019-04-14,1259595.0
DEX Spot Volume,2019-04-15,1684569.82
DEX Spot Volume,2019-04-16,1644138.0
DEX Spot Volume,2019-04-17,1703314.27
DEX Spot Volume,2019-04-18,1546021.01
DEX Spot Volume,2019-04-19,1157997.0
DEX Spot Volume,2019-04-20,629298.0
DEX Spot Volume,2019-04-21,1236037.89
DEX Spot Volume,2019-04-22,1063485.66
DEX Spot Volume,2019-04-23,1609171.0
DEX Spot Volume,2019-04-24,1983924.0
DEX Spot Volume,2019-04-25,3300291.0
DEX Spot Volume,2019-04-26,2625291.0
DEX Spot Volume,2019-04-27,996659.52
DEX Spot Volume,2019-04-28,663322.75
DEX Spot Volume,2019-04-29,870729.0
DEX Spot Volume,2019-04-30,1107672.0
DEX Spot Volume,2019-05-01,577095.47
DEX Spot Volume,2019-05-02,481952.0
DEX Spot Volume,2019-05-03,912000.39
DEX Spot Volume,2019-05-04,512759.0
DEX Spot Volume,2019-05-05,662422.59
DEX Spot Volume,2019-05-06,1222498.0
DEX Spot Volume,2019-05-07,1423873.0
DEX Spot Volume,2019-05-08,1325716.0
DEX Spot Volume,2019-05-09,980742.0
DEX Spot Volume,2019-05-10,1107956.0
DEX Spot Volume,2019-05-11,2734710.0
DEX Spot Volume,2019-05-12,2067646.0
DEX Spot Volume,2019-05-13,1900359.0
DEX Spot Volume,2019-05-14,2608537.09
DEX Spot Volume,2019-05-15,5265236.0
DEX Spot Volume,2019-05-16,6311317.0
DEX Spot Volume,2019-05-17,2314163.0
DEX Spot Volume,2019-05-18,1002379.0
DEX Spot Volume,2019-05-19,1587077.0
DEX Spot Volume,2019-05-20,1474306.0
DEX Spot Volume,2019-05-21,1430852.0
DEX Spot Volume,2019-05-22,1827011.98
DEX Spot Volume,2019-05-23,1819561.0
DEX Spot Volume,2019-05-24,2076187.0
DEX Spot Volume,2019-05-25,1415172.78
DEX Spot Volume,2019-05-26,1415845.87
DEX Spot Volume,2019-05-27,1262340.0
DEX Spot Volume,2019-05-28,1173395.01
DEX Spot Volume,2019-05-29,1881409.0
DEX Spot Volume,2019-05-30,2608705.86
DEX Spot Volume,2019-05-31,1096163.0
DEX Spot Volume,2019-06-01,1361914.0
DEX Spot Volume,2019-06-02,1751378.0
DEX Spot Volume,2019-06-03,1633414.0
DEX Spot Volume,2019-06-04,3380031.0
DEX Spot Volume,2019-06-05,1564706.0
DEX Spot Volume,2019-06-06,1438815.0
DEX Spot Volume,2019-06-07,1575512.0
DEX Spot Volume,2019-06-08,509727.0
DEX Spot Volume,2019-06-09,676124.0
DEX Spot Volume,2019-06-10,1954967.0
DEX Spot Volume,2019-06-11,854394.0
DEX Spot Volume,2019-06-12,1310332.79
DEX Spot Volume,2019-06-13,1413070.0
DEX Spot Volume,2019-06-14,2358390.0
DEX Spot Volume,2019-06-15,1965495.0
DEX Spot Volume,2019-06-16,2983977.0
DEX Spot Volume,2019-06-17,1871599.0
DEX Spot Volume,2019-06-18,2452045.0
DEX Spot Volume,2019-06-19,1026595.64
DEX Spot Volume,2019-06-20,1076917.0
DEX Spot Volume,2019-06-21,3058388.0
DEX Spot Volume,2019-06-22,4381505.0
DEX Spot Volume,2019-06-23,2608053.0
DEX Spot Volume,2019-06-24,1786502.17
DEX Spot Volume,2019-06-25,3744450.0
DEX Spot Volume,2019-06-26,6205878.0
DEX Spot Volume,2019-06-27,6450778.0
DEX Spot Volume,2019-06-28,3538538.0
DEX Spot Volume,2019-06-29,3453120.0
DEX Spot Volume,2019-06-30,2354260.0
DEX Spot Volume,2019-07-01,2015097.67
DEX Spot Volume,2019-07-02,2357262.0
DEX Spot Volume,2019-07-03,3488322.18
DEX Spot Volume,2019-07-04,2066279.0
DEX Spot Volume,2019-07-05,1992423.0
DEX Spot Volume,2019-07-06,1663202.0
DEX Spot Volume,2019-07-07,898152.71
DEX Spot Volume,2019-07-08,1185052.0
DEX Spot Volume,2019-07-09,3677032.0
DEX Spot Volume,2019-07-10,3046860.0
DEX Spot Volume,2019-07-11,2166665.0
DEX Spot Volume,2019-07-12,1245690.0
DEX Spot Volume,2019-07-13,1435020.0
DEX Spot Volume,2019-07-14,3393242.17
DEX Spot Volume,2019-07-15,4428622.0
DEX Spot Volume,2019-07-16,3365397.05
DEX Spot Volume,2019-07-17,2418015.0
DEX Spot Volume,2019-07-18,1565666.0
DEX Spot Volume,2019-07-19,1626444.0
DEX Spot Volume,2019-07-20,1582402.0
DEX Spot Volume,2019-07-21,691343.0
DEX Spot Volume,2019-07-22,1580757.0
DEX Spot Volume,2019-07-23,1639232.0
DEX Spot Volume,2019-07-24,1192332.0
DEX Spot Volume,2019-07-25,1285729.9
DEX Spot Volume,2019-07-26,1995164.0
DEX Spot Volume,2019-07-27,1124085.81
DEX Spot Volume,2019-07-28,704245.0
DEX Spot Volume,2019-07-29,945075.0
DEX Spot Volume,2019-07-30,1293133.0
DEX Spot Volume,2019-07-31,2221286.0
DEX Spot Volume,2019-08-01,2124062.0
DEX Spot Volume,2019-08-02,2231321.0
DEX Spot Volume,2019-08-03,1110724.0
DEX Spot Volume,2019-08-04,1034530.0
DEX Spot Volume,2019-08-05,3028709.0
DEX Spot Volume,2019-08-06,2557536.32
DEX Spot Volume,2019-08-07,3075218.0
DEX Spot Volume,2019-08-08,900088.0
DEX Spot Volume,2019-08-09,2374218.0
DEX Spot Volume,2019-08-10,683385.0
DEX Spot Volume,2019-08-11,582554.0
DEX Spot Volume,2019-08-12,1732026.0
DEX Spot Volume,2019-08-13,845178.0
DEX Spot Volume,2019-08-14,2327595.26
DEX Spot Volume,2019-08-15,3130416.0
DEX Spot Volume,2019-08-16,1984384.0
DEX Spot Volume,2019-08-17,469724.0
DEX Spot Volume,2019-08-18,3338225.0
DEX Spot Volume,2019-08-19,1071940.0
DEX Spot Volume,2019-08-20,2101254.0
DEX Spot Volume,2019-08-21,1650700.0
DEX Spot Volume,2019-08-22,2213107.0
DEX Spot Volume,2019-08-23,2203941.0
DEX Spot Volume,2019-08-24,1409450.0
DEX Spot Volume,2019-08-25,2144343.75
DEX Spot Volume,2019-08-26,1317177.0
DEX Spot Volume,2019-08-27,1054547.0
DEX Spot Volume,2019-08-28,2117711.02
DEX Spot Volume,2019-08-29,1297153.0
DEX Spot Volume,2019-08-30,639932.0
DEX Spot Volume,2019-08-31,356465.0
DEX Spot Volume,2019-09-01,726083.0
DEX Spot Volume,2019-09-02,685894.99
DEX Spot Volume,2019-09-03,705863.11
DEX Spot Volume,2019-09-04,1271420.93
DEX Spot Volume,2019-09-05,3518055.12
DEX Spot Volume,2019-09-06,2038136.0
DEX Spot Volume,2019-09-07,1706027.0
DEX Spot Volume,2019-09-08,768054.44
DEX Spot Volume,2019-09-09,898707.0
DEX Spot Volume,2019-09-10,734387.0
DEX Spot Volume,2019-09-11,757332.85
DEX Spot Volume,2019-09-12,470681.0
DEX Spot Volume,2019-09-13,707277.0
DEX Spot Volume,2019-09-14,717866.4
DEX Spot Volume,2019-09-15,523687.0
DEX Spot Volume,2019-09-16,1374330.0
DEX Spot Volume,2019-09-17,1904032.01
DEX Spot Volume,2019-09-18,1717264.0
DEX Spot Volume,2019-09-19,1082046.0
DEX Spot Volume,2019-09-20,783196.0
DEX Spot Volume,2019-09-21,475314.0
DEX Spot Volume,2019-09-22,473920.0
DEX Spot Volume,2019-09-23,1441353.0
DEX Spot Volume,2019-09-24,4035304.28
DEX Spot Volume,2019-09-25,1499518.0
DEX Spot Volume,2019-09-26,1575803.0
DEX Spot Volume,2019-09-27,926050.0
DEX Spot Volume,2019-09-28,907816.0
DEX Spot Volume,2019-09-29,492576.83
DEX Spot Volume,2019-09-30,852053.0
DEX Spot Volume,2019-10-01,774662.0
DEX Spot Volume,2019-10-02,536539.0
DEX Spot Volume,2019-10-03,610124.0
DEX Spot Volume,2019-10-04,982493.0
DEX Spot Volume,2019-10-05,508359.0
DEX Spot Volume,2019-10-06,480821.53
DEX Spot Volume,2019-10-07,1021140.0
DEX Spot Volume,2019-10-08,613927.0
DEX Spot Volume,2019-10-09,1698745.0
DEX Spot Volume,2019-10-10,1257805.0
DEX Spot Volume,2019-10-11,943760.0
DEX Spot Volume,2019-10-12,637271.0
DEX Spot Volume,2019-10-13,593976.0
DEX Spot Volume,2019-10-14,1160122.0
DEX Spot Volume,2019-10-15,1118993.0
DEX Spot Volume,2019-10-16,1451669.0
DEX Spot Volume,2019-10-17,1283127.0
DEX Spot Volume,2019-10-18,1317353.0
DEX Spot Volume,2019-10-19,525648.18
DEX Spot Volume,2019-10-20,564557.0
DEX Spot Volume,2019-10-21,916061.0
DEX Spot Volume,2019-10-22,750288.47
DEX Spot Volume,2019-10-23,1708015.0
DEX Spot Volume,2019-10-24,698246.18
DEX Spot Volume,2019-10-25,1892501.0
DEX Spot Volume,2019-10-26,2687219.0
DEX Spot Volume,2019-10-27,1021528.0
DEX Spot Volume,2019-10-28,1313304.0
DEX Spot Volume,2019-10-29,955277.0
DEX Spot Volume,2019-10-30,721896.0
DEX Spot Volume,2019-10-31,1135982.0
DEX Spot Volume,2019-11-01,1161013.0
DEX Spot Volume,2019-11-02,443854.0
DEX Spot Volume,2019-11-03,553045.0
DEX Spot Volume,2019-11-04,650964.0
DEX Spot Volume,2019-11-05,753027.0
DEX Spot Volume,2019-11-06,1033285.25
DEX Spot Volume,2019-11-07,1689224.22
DEX Spot Volume,2019-11-08,1176546.0
DEX Spot Volume,2019-11-09,1192055.0
DEX Spot Volume,2019-11-10,1064710.0
DEX Spot Volume,2019-11-11,1537951.0
DEX Spot Volume,2019-11-12,1000082.0
DEX Spot Volume,2019-11-13,1095386.0
DEX Spot Volume,2019-11-14,1353482.58
DEX Spot Volume,2019-11-15,1639975.0
DEX Spot Volume,2019-11-16,514429.0
DEX Spot Volume,2019-11-17,1003564.0
DEX Spot Volume,2019-11-18,1133269.0
DEX Spot Volume,2019-11-19,2652222.0
DEX Spot Volume,2019-11-20,2370006.0
DEX Spot Volume,2019-11-21,3627540.0
DEX Spot Volume,2019-11-22,8137947.07
DEX Spot Volume,2019-11-23,2196891.0
DEX Spot Volume,2019-11-24,3019173.0
DEX Spot Volume,2019-11-25,5660307.0
DEX Spot Volume,2019-11-26,1898342.32
DEX Spot Volume,2019-11-27,1932541.0
DEX Spot Volume,2019-11-28,1748686.0
DEX Spot Volume,2019-11-29,2666978.0
DEX Spot Volume,2019-11-30,2075280.46
DEX Spot Volume,2019-12-01,2283879.8
DEX Spot Volume,2019-12-02,3402881.0
DEX Spot Volume,2019-12-03,2997584.0
DEX Spot Volume,2019-12-04,3636138.61
DEX Spot Volume,2019-12-05,3686922.5
DEX Spot Volume,2019-12-06,1258005.0
DEX Spot Volume,2019-12-07,1282067.0
DEX Spot Volume,2019-12-08,1478668.0
DEX Spot Volume,2019-12-09,1188805.0
DEX Spot Volume,2019-12-10,1954335.12
DEX Spot Volume,2019-12-11,2008109.0
DEX Spot Volume,2019-12-12,1158396.37
DEX Spot Volume,2019-12-13,1041170.0
DEX Spot Volume,2019-12-14,1319662.0
DEX Spot Volume,2019-12-15,1280579.0
DEX Spot Volume,2019-12-16,2274106.0
DEX Spot Volume,2019-12-17,4552419.42
DEX Spot Volume,2019-12-18,2970122.0
DEX Spot Volume,2019-12-19,2481269.0
DEX Spot Volume,2019-12-20,1990631.0
DEX Spot Volume,2019-12-21,1286672.0
DEX Spot Volume,2019-12-22,1259049.0
DEX Spot Volume,2019-12-23,1913866.0
DEX Spot Volume,2019-12-24,3848578.0
DEX Spot Volume,2019-12-25,4810712.65
DEX Spot Volume,2019-12-26,1559556.0
DEX Spot Volume,2019-12-27,828768.0
DEX Spot Volume,2019-12-28,726538.0
DEX Spot Volume,2019-12-29,1056803.0
DEX Spot Volume,2019-12-30,1072892.0
DEX Spot Volume,2019-12-31,1090390.0
DEX Spot Volume,2020-01-01,1254757.0
DEX Spot Volume,2020-01-02,1572575.0
DEX Spot Volume,2020-01-03,1179252.0
DEX Spot Volume,2020-01-04,848360.8
DEX Spot Volume,2020-01-05,1075980.0
DEX Spot Volume,2020-01-06,3153995.0
DEX Spot Volume,2020-01-07,1934218.0
DEX Spot Volume,2020-01-08,2939025.0
DEX Spot Volume,2020-01-09,1902026.0
DEX Spot Volume,2020-01-10,1538672.0
DEX Spot Volume,2020-01-11,2289111.0
DEX Spot Volume,2020-01-12,2025621.0
DEX Spot Volume,2020-01-13,1657042.0
DEX Spot Volume,2020-01-14,3482018.06
DEX Spot Volume,2020-01-15,3580282.46
DEX Spot Volume,2020-01-16,2946587.0
DEX Spot Volume,2020-01-17,3405448.0
DEX Spot Volume,2020-01-18,2778191.0
DEX Spot Volume,2020-01-19,2362133.0
DEX Spot Volume,2020-01-20,2817262.0
DEX Spot Volume,2020-01-21,2237122.54
DEX Spot Volume,2020-01-22,2615595.49
DEX Spot Volume,2020-01-23,1797761.0
DEX Spot Volume,2020-01-24,1964428.0
DEX Spot Volume,2020-01-25,1157164.0
DEX Spot Volume,2020-01-26,976557.0
DEX Spot Volume,2020-01-27,1627174.38
DEX Spot Volume,2020-01-28,2469166.0
DEX Spot Volume,2020-01-29,2274521.0
DEX Spot Volume,2020-01-30,2199369.0
DEX Spot Volume,2020-01-31,1846938.0
DEX Spot Volume,2020-02-01,1745195.0
DEX Spot Volume,2020-02-02,2704250.0
DEX Spot Volume,2020-02-03,3810615.0
DEX Spot Volume,2020-02-04,2422576.0
DEX Spot Volume,2020-02-05,4949628.0
DEX Spot Volume,2020-02-06,4267439.0
DEX Spot Volume,2020-02-07,3818647.0
DEX Spot Volume,2020-02-08,3400197.16
DEX Spot Volume,2020-02-09,5052932.0
DEX Spot Volume,2020-02-10,4080216.0
DEX Spot Volume,2020-02-11,5022329.0
DEX Spot Volume,2020-02-12,8573666.0
DEX Spot Volume,2020-02-13,6266847.0
DEX Spot Volume,2020-02-14,8472489.0
DEX Spot Volume,2020-02-15,10258208.0
DEX Spot Volume,2020-02-16,6317378.0
DEX Spot Volume,2020-02-17,5619872.0
DEX Spot Volume,2020-02-18,6869686.0
DEX Spot Volume,2020-02-19,9071324.0
DEX Spot Volume,2020-02-20,4793902.0
DEX Spot Volume,2020-02-21,4237487.0
DEX Spot Volume,2020-02-22,3912502.0
DEX Spot Volume,2020-02-23,3012271.0
DEX Spot Volume,2020-02-24,4351311.0
DEX Spot Volume,2020-02-25,5121840.01
DEX Spot Volume,2020-02-26,6886490.0
DEX Spot Volume,2020-02-27,6743254.0
DEX Spot Volume,2020-02-28,5265161.0
DEX Spot Volume,2020-02-29,3164324.0
DEX Spot Volume,2020-03-01,5002555.0
DEX Spot Volume,2020-03-02,3841185.0
DEX Spot Volume,2020-03-03,4144772.35
DEX Spot Volume,2020-03-04,3751214.0
DEX Spot Volume,2020-03-05,3716734.0
DEX Spot Volume,2020-03-06,3419149.0
DEX Spot Volume,2020-03-07,4295654.0
DEX Spot Volume,2020-03-08,7275172.0
DEX Spot Volume,2020-03-09,9968286.0
DEX Spot Volume,2020-03-10,6505288.0
DEX Spot Volume,2020-03-11,6149741.0
DEX Spot Volume,2020-03-12,32991588.0
DEX Spot Volume,2020-03-13,39750110.0
DEX Spot Volume,2020-03-14,8259516.0
DEX Spot Volume,2020-03-15,11348113.0
DEX Spot Volume,2020-03-16,17051304.0
DEX Spot Volume,2020-03-17,6984405.0
DEX Spot Volume,2020-03-18,3919650.0
DEX Spot Volume,2020-03-19,6685980.0
DEX Spot Volume,2020-03-20,7742189.0
DEX Spot Volume,2020-03-21,3060826.0
DEX Spot Volume,2020-03-22,3432003.0
DEX Spot Volume,2020-03-23,3751168.0
DEX Spot Volume,2020-03-24,3647704.0
DEX Spot Volume,2020-03-25,3134307.0
DEX Spot Volume,2020-03-26,2532102.0
DEX Spot Volume,2020-03-27,2861673.0
DEX Spot Volume,2020-03-28,2847677.0
DEX Spot Volume,2020-03-29,1489237.0
DEX Spot Volume,2020-03-30,1990968.0
DEX Spot Volume,2020-03-31,1745622.0
DEX Spot Volume,2020-04-01,1687890.0
DEX Spot Volume,2020-04-02,2507261.0
DEX Spot Volume,2020-04-03,2172568.0
DEX Spot Volume,2020-04-04,1621886.0
DEX Spot Volume,2020-04-05,1321291.91
DEX Spot Volume,2020-04-06,4832491.46
DEX Spot Volume,2020-04-07,5310537.0
DEX Spot Volume,2020-04-08,2958180.14
DEX Spot Volume,2020-04-09,2242311.87
DEX Spot Volume,2020-04-10,3471735.1
DEX Spot Volume,2020-04-11,1609718.8
DEX Spot Volume,2020-04-12,1981657.0
DEX Spot Volume,2020-04-13,2834329.0
DEX Spot Volume,2020-04-14,2816955.86
DEX Spot Volume,2020-04-15,2565361.0
DEX Spot Volume,2020-04-16,7223321.0
DEX Spot Volume,2020-04-17,2828962.0
DEX Spot Volume,2020-04-18,18676017.0
DEX Spot Volume,2020-04-19,5335005.0
DEX Spot Volume,2020-04-20,6692505.0
DEX Spot Volume,2020-04-21,6712768.0
DEX Spot Volume,2020-04-22,12387895.0
DEX Spot Volume,2020-04-23,8394273.01
DEX Spot Volume,2020-04-24,7102220.0
DEX Spot Volume,2020-04-25,7149857.0
DEX Spot Volume,2020-04-26,8648814.0
DEX Spot Volume,2020-04-27,7822417.0
DEX Spot Volume,2020-04-28,6196330.0
DEX Spot Volume,2020-04-29,13161299.01
DEX Spot Volume,2020-04-30,14115704.0
DEX Spot Volume,2020-05-01,7597484.0
DEX Spot Volume,2020-05-02,8671406.29
DEX Spot Volume,2020-05-03,8072855.0
DEX Spot Volume,2020-05-04,13391653.01
DEX Spot Volume,2020-05-05,8945351.0
DEX Spot Volume,2020-05-06,8536939.0
DEX Spot Volume,2020-05-07,7735269.0
DEX Spot Volume,2020-05-08,10701427.0
DEX Spot Volume,2020-05-09,12448717.0
DEX Spot Volume,2020-05-10,16642514.0
DEX Spot Volume,2020-05-11,11927693.0
DEX Spot Volume,2020-05-12,8188738.0
DEX Spot Volume,2020-05-13,9250658.0
DEX Spot Volume,2020-05-14,7878558.0
DEX Spot Volume,2020-05-15,7590959.0
DEX Spot Volume,2020-05-16,7416890.0
DEX Spot Volume,2020-05-17,13914893.0
DEX Spot Volume,2020-05-18,11629430.0
DEX Spot Volume,2020-05-19,13218720.05
DEX Spot Volume,2020-05-20,11229832.0
DEX Spot Volume,2020-05-21,7521473.0
DEX Spot Volume,2020-05-22,6657878.0
DEX Spot Volume,2020-05-23,5240014.0
DEX Spot Volume,2020-05-24,8345922.0
DEX Spot Volume,2020-05-25,3688439.74
DEX Spot Volume,2020-05-26,8313501.0
DEX Spot Volume,2020-05-27,6063067.0
DEX Spot Volume,2020-05-28,5264022.0
DEX Spot Volume,2020-05-29,12453335.0
DEX Spot Volume,2020-05-30,6869541.0
DEX Spot Volume,2020-05-31,6019119.0
DEX Spot Volume,2020-06-01,7191987.0
DEX Spot Volume,2020-06-02,10831231.0
DEX Spot Volume,2020-06-03,6601908.0
DEX Spot Volume,2020-06-04,6137124.0
DEX Spot Volume,2020-06-05,7082732.0
DEX Spot Volume,2020-06-06,7591605.06
DEX Spot Volume,2020-06-07,8010739.0
DEX Spot Volume,2020-06-08,8110229.0
DEX Spot Volume,2020-06-09,14898422.0
DEX Spot Volume,2020-06-10,11366142.0
DEX Spot Volume,2020-06-11,16042288.42
DEX Spot Volume,2020-06-12,8160952.9
DEX Spot Volume,2020-06-13,7358711.0
DEX Spot Volume,2020-06-14,6575981.0
DEX Spot Volume,2020-06-15,14786376.0
DEX Spot Volume,2020-06-16,9356075.04
DEX Spot Volume,2020-06-17,103470603.91
DEX Spot Volume,2020-06-18,59313495.36
DEX Spot Volume,2020-06-19,62665941.47
DEX Spot Volume,2020-06-20,14732945.02
DEX Spot Volume,2020-06-21,21808055.0
DEX Spot Volume,2020-06-22,27736103.32
DEX Spot Volume,2020-06-23,22823647.0
DEX Spot Volume,2020-06-24,26748927.0
DEX Spot Volume,2020-06-25,24572864.0
DEX Spot Volume,2020-06-26,21657147.0
DEX Spot Volume,2020-06-27,22152022.0
DEX Spot Volume,2020-06-28,15387725.0
DEX Spot Volume,2020-06-29,16875573.0
DEX Spot Volume,2020-06-30,16050846.07
DEX Spot Volume,2020-07-01,22241622.94
DEX Spot Volume,2020-07-02,24837179.0
DEX Spot Volume,2020-07-03,22778075.0
DEX Spot Volume,2020-07-04,16903532.82
DEX Spot Volume,2020-07-05,15483285.58
DEX Spot Volume,2020-07-06,19235357.0
DEX Spot Volume,2020-07-07,17416758.0
DEX Spot Volume,2020-07-08,22244721.0
DEX Spot Volume,2020-07-09,23757866.78
DEX Spot Volume,2020-07-10,21131109.0
DEX Spot Volume,2020-07-11,21669147.0
DEX Spot Volume,2020-07-12,30518925.0
DEX Spot Volume,2020-07-13,49069415.0
DEX Spot Volume,2020-07-14,29265417.0
DEX Spot Volume,2020-07-15,31097140.0
DEX Spot Volume,2020-07-16,29604748.0
DEX Spot Volume,2020-07-17,44544271.91
DEX Spot Volume,2020-07-18,46941843.0
DEX Spot Volume,2020-07-19,51945506.93
DEX Spot Volume,2020-07-20,58979110.04
DEX Spot Volume,2020-07-21,58519807.0
DEX Spot Volume,2020-07-22,69976083.67
DEX Spot Volume,2020-07-23,76389569.0
DEX Spot Volume,2020-07-24,79673046.49
DEX Spot Volume,2020-07-25,106736609.68
DEX Spot Volume,2020-07-26,110070187.0
DEX Spot Volume,2020-07-27,143853698.0
DEX Spot Volume,2020-07-28,96877574.0
DEX Spot Volume,2020-07-29,111169460.0
DEX Spot Volume,2020-07-30,131035649.76
DEX Spot Volume,2020-07-31,128858279.42
DEX Spot Volume,2020-08-01,109630651.0
DEX Spot Volume,2020-08-02,96384054.47
DEX Spot Volume,2020-08-03,93367247.0
DEX Spot Volume,2020-08-04,92130615.0
DEX Spot Volume,2020-08-05,85807259.0
DEX Spot Volume,2020-08-06,89162197.0
DEX Spot Volume,2020-08-07,136270031.93
DEX Spot Volume,2020-08-08,136575305.0
DEX Spot Volume,2020-08-09,157961583.0
DEX Spot Volume,2020-08-10,246450295.0
DEX Spot Volume,2020-08-11,185110774.0
DEX Spot Volume,2020-08-12,297472127.0
DEX Spot Volume,2020-08-13,286635402.0
DEX Spot Volume,2020-08-14,222242929.0
DEX Spot Volume,2020-08-15,176972565.0
DEX Spot Volume,2020-08-16,184560529.0
DEX Spot Volume,2020-08-17,194691618.79
DEX Spot Volume,2020-08-18,246995592.0
DEX Spot Volume,2020-08-19,230189344.0
DEX Spot Volume,2020-08-20,248811053.0
DEX Spot Volume,2020-08-21,277459083.0
DEX Spot Volume,2020-08-22,185316465.0
DEX Spot Volume,2020-08-23,177185724.0
DEX Spot Volume,2020-08-24,212871660.0
DEX Spot Volume,2020-08-25,204123308.0
DEX Spot Volume,2020-08-26,219129695.0
DEX Spot Volume,2020-08-27,181249735.0
DEX Spot Volume,2020-08-28,249995938.0
DEX Spot Volume,2020-08-29,345413203.0
DEX Spot Volume,2020-08-30,555654999.54
DEX Spot Volume,2020-08-31,636946009.0
DEX Spot Volume,2020-09-01,1022514375.52
DEX Spot Volume,2020-09-02,1065175129.0
DEX Spot Volume,2020-09-03,1043791398.0
DEX Spot Volume,2020-09-04,997061987.0
DEX Spot Volume,2020-09-05,1131111977.0
DEX Spot Volume,2020-09-06,869969607.0
DEX Spot Volume,2020-09-07,611212267.0
DEX Spot Volume,2020-09-08,514047409.0
DEX Spot Volume,2020-09-09,584972769.0
DEX Spot Volume,2020-09-10,800514851.06
DEX Spot Volume,2020-09-11,614103272.0
DEX Spot Volume,2020-09-12,614634473.0
DEX Spot Volume,2020-09-13,672757539.0
DEX Spot Volume,2020-09-14,714185208.19
DEX Spot Volume,2020-09-15,675156280.0
DEX Spot Volume,2020-09-16,601198920.0
DEX Spot Volume,2020-09-17,802516256.0
DEX Spot Volume,2020-09-18,775016368.0
DEX Spot Volume,2020-09-19,643112254.0
DEX Spot Volume,2020-09-20,519574429.0
DEX Spot Volume,2020-09-21,628782000.0
DEX Spot Volume,2020-09-22,475188971.0
DEX Spot Volume,2020-09-23,489403641.0
DEX Spot Volume,2020-09-24,406187680.0
DEX Spot Volume,2020-09-25,357664869.0
DEX Spot Volume,2020-09-26,333426766.0
DEX Spot Volume,2020-09-27,424474357.0
DEX Spot Volume,2020-09-28,404660959.0
DEX Spot Volume,2020-09-29,532491865.0
DEX Spot Volume,2020-09-30,400213044.0
DEX Spot Volume,2020-10-01,499116355.0
DEX Spot Volume,2020-10-02,574987187.0
DEX Spot Volume,2020-10-03,371082265.63
DEX Spot Volume,2020-10-04,437876338.0
DEX Spot Volume,2020-10-05,365672440.0
DEX Spot Volume,2020-10-06,534424028.0
DEX Spot Volume,2020-10-07,457255021.0
DEX Spot Volume,2020-10-08,452966979.0
DEX Spot Volume,2020-10-09,386911154.0
DEX Spot Volume,2020-10-10,335749076.0
DEX Spot Volume,2020-10-11,293739362.0
DEX Spot Volume,2020-10-12,375012769.0
DEX Spot Volume,2020-10-13,306046757.0
DEX Spot Volume,2020-10-14,308338802.0
DEX Spot Volume,2020-10-15,301288519.0
DEX Spot Volume,2020-10-16,276127133.0
DEX Spot Volume,2020-10-17,206563201.0
DEX Spot Volume,2020-10-18,220069868.0
DEX Spot Volume,2020-10-19,245209575.0
DEX Spot Volume,2020-10-20,282862537.0
DEX Spot Volume,2020-10-21,383740417.0
DEX Spot Volume,2020-10-22,325788450.0
DEX Spot Volume,2020-10-23,290865351.0
DEX Spot Volume,2020-10-24,190640272.0
DEX Spot Volume,2020-10-25,212785889.0
DEX Spot Volume,2020-10-26,2286474466.0
DEX Spot Volume,2020-10-27,293569223.0
DEX Spot Volume,2020-10-28,484576820.0
DEX Spot Volume,2020-10-29,421976697.0
DEX Spot Volume,2020-10-30,441868682.0
DEX Spot Volume,2020-10-31,287069796.0
DEX Spot Volume,2020-11-01,233099788.0
DEX Spot Volume,2020-11-02,286423848.0
DEX Spot Volume,2020-11-03,299702209.0
DEX Spot Volume,2020-11-04,297874040.0
DEX Spot Volume,2020-11-05,382457180.0
DEX Spot Volume,2020-11-06,464334736.0
DEX Spot Volume,2020-11-07,550253784.0
DEX Spot Volume,2020-11-08,272361954.0
DEX Spot Volume,2020-11-09,316242936.0
DEX Spot Volume,2020-11-10,314211489.0
DEX Spot Volume,2020-11-11,310731639.0
DEX Spot Volume,2020-11-12,292201093.0
DEX Spot Volume,2020-11-13,331045817.0
DEX Spot Volume,2020-11-14,475000700.0
DEX Spot Volume,2020-11-15,331472122.0
DEX Spot Volume,2020-11-16,386288399.0
DEX Spot Volume,2020-11-17,525285897.0
DEX Spot Volume,2020-11-18,464352434.0
DEX Spot Volume,2020-11-19,407157965.91
DEX Spot Volume,2020-11-20,468379103.0
DEX Spot Volume,2020-11-21,582980760.24
DEX Spot Volume,2020-11-22,682696701.24
DEX Spot Volume,2020-11-23,542853979.0
DEX Spot Volume,2020-11-24,616125895.0
DEX Spot Volume,2020-11-25,493764259.0
DEX Spot Volume,2020-11-26,1052563252.0
DEX Spot Volume,2020-11-27,380086113.0
DEX Spot Volume,2020-11-28,272515363.26
DEX Spot Volume,2020-11-29,286053405.0
DEX Spot Volume,2020-11-30,461693295.0
DEX Spot Volume,2020-12-01,554177955.0
DEX Spot Volume,2020-12-02,436015941.0
DEX Spot Volume,2020-12-03,430000045.0
DEX Spot Volume,2020-12-04,455280501.0
DEX Spot Volume,2020-12-05,399495535.13
DEX Spot Volume,2020-12-06,493216952.0
DEX Spot Volume,2020-12-07,416558405.0
DEX Spot Volume,2020-12-08,550177757.0
DEX Spot Volume,2020-12-09,496067511.0
DEX Spot Volume,2020-12-10,431134384.0
DEX Spot Volume,2020-12-11,424179794.44
DEX Spot Volume,2020-12-12,326735343.0
DEX Spot Volume,2020-12-13,321957266.0
DEX Spot Volume,2020-12-14,350781773.0
DEX Spot Volume,2020-12-15,406906691.0
DEX Spot Volume,2020-12-16,467571940.0
DEX Spot Volume,2020-12-17,1157082330.0
DEX Spot Volume,2020-12-18,464637777.0
DEX Spot Volume,2020-12-19,482565186.0
DEX Spot Volume,2020-12-20,458740205.0
DEX Spot Volume,2020-12-21,601023143.0
DEX Spot Volume,2020-12-22,559238996.0
DEX Spot Volume,2020-12-23,701526221.0
DEX Spot Volume,2020-12-24,616081794.0
DEX Spot Volume,2020-12-25,508154689.0
DEX Spot Volume,2020-12-26,504331552.0
DEX Spot Volume,2020-12-27,762948349.0
DEX Spot Volume,2020-12-28,746998534.0
DEX Spot Volume,2020-12-29,795637748.0
DEX Spot Volume,2020-12-30,798644292.0
DEX Spot Volume,2020-12-31,758932705.0
DEX Spot Volume,2021-01-01,729286271.03
DEX Spot Volume,2021-01-02,852132362.0
DEX Spot Volume,2021-01-03,1384571334.0
DEX Spot Volume,2021-01-04,1760672304.0
DEX Spot Volume,2021-01-05,1461982394.0
DEX Spot Volume,2021-01-06,1413566366.0
DEX Spot Volume,2021-01-07,1434981885.0
DEX Spot Volume,2021-01-08,1638451089.0
DEX Spot Volume,2021-01-09,1330649256.0
DEX Spot Volume,2021-01-10,1392378833.0
DEX Spot Volume,2021-01-11,2394135397.0
DEX Spot Volume,2021-01-12,1271965850.11
DEX Spot Volume,2021-01-13,1036376587.0
DEX Spot Volume,2021-01-14,1107478317.0
DEX Spot Volume,2021-01-15,1411410420.0
DEX Spot Volume,2021-01-16,1270943598.0
DEX Spot Volume,2021-01-17,1162660881.0
DEX Spot Volume,2021-01-18,1147898538.0
DEX Spot Volume,2021-01-19,1766640334.0
DEX Spot Volume,2021-01-20,1354890478.0
DEX Spot Volume,2021-01-21,1655814123.0
DEX Spot Volume,2021-01-22,1522023778.0
DEX Spot Volume,2021-01-23,1207978294.0
DEX Spot Volume,2021-01-24,1373667796.35
DEX Spot Volume,2021-01-25,1767367543.0
DEX Spot Volume,2021-01-26,1559097805.0
DEX Spot Volume,2021-01-27,1557276306.0
DEX Spot Volume,2021-01-28,1347284599.0
DEX Spot Volume,2021-01-29,2081537081.0
DEX Spot Volume,2021-01-30,1501634355.0
DEX Spot Volume,2021-01-31,1533080633.0
DEX Spot Volume,2021-02-01,1715442404.85
DEX Spot Volume,2021-02-02,1878505918.0
DEX Spot Volume,2021-02-03,1695232071.0
DEX Spot Volume,2021-02-04,2479731418.0
DEX Spot Volume,2021-02-05,2168752892.0
DEX Spot Volume,2021-02-06,2122375289.0
DEX Spot Volume,2021-02-07,1860192261.0
DEX Spot Volume,2021-02-08,2231187975.0
DEX Spot Volume,2021-02-09,2288759247.0
DEX Spot Volume,2021-02-10,2662035028.0
DEX Spot Volume,2021-02-11,2027220085.0
DEX Spot Volume,2021-02-12,2164531307.0
DEX Spot Volume,2021-02-13,2053358988.0
DEX Spot Volume,2021-02-14,1978475806.0
DEX Spot Volume,2021-02-15,2620029895.0
DEX Spot Volume,2021-02-16,2164660304.0
DEX Spot Volume,2021-02-17,2702507363.0
DEX Spot Volume,2021-02-18,2844038454.0
DEX Spot Volume,2021-02-19,3951720999.0
DEX Spot Volume,2021-02-20,4066163829.0
DEX Spot Volume,2021-02-21,2811071641.0
DEX Spot Volume,2021-02-22,4151802385.0
DEX Spot Volume,2021-02-23,5372439705.0
DEX Spot Volume,2021-02-24,3287428504.0
DEX Spot Volume,2021-02-25,2603689551.0
DEX Spot Volume,2021-02-26,2939711386.0
DEX Spot Volume,2021-02-27,2082260806.81
DEX Spot Volume,2021-02-28,2750239944.0
DEX Spot Volume,2021-03-01,2500512049.0
DEX Spot Volume,2021-03-02,2435451435.0
DEX Spot Volume,2021-03-03,2132390337.0
DEX Spot Volume,2021-03-04,2544234206.83
DEX Spot Volume,2021-03-05,2408704845.0
DEX Spot Volume,2021-03-06,1917303850.0
DEX Spot Volume,2021-03-07,2437169928.0
DEX Spot Volume,2021-03-08,2400868908.0
DEX Spot Volume,2021-03-09,2766844530.0
DEX Spot Volume,2021-03-10,2528917455.0
DEX Spot Volume,2021-03-11,2523884073.0
DEX Spot Volume,2021-03-12,2516411003.0
DEX Spot Volume,2021-03-13,2439594971.0
DEX Spot Volume,2021-03-14,2187189497.0
DEX Spot Volume,2021-03-15,2514613604.0
DEX Spot Volume,2021-03-16,2388975311.0
DEX Spot Volume,2021-03-17,2466767571.0
DEX Spot Volume,2021-03-18,2139108670.0
DEX Spot Volume,2021-03-19,2165442036.0
DEX Spot Volume,2021-03-20,1997269666.0
DEX Spot Volume,2021-03-21,2220613413.0
DEX Spot Volume,2021-03-22,2928871625.0
DEX Spot Volume,2021-03-23,2598685992.0
DEX Spot Volume,2021-03-24,2964595962.0
DEX Spot Volume,2021-03-25,3090531429.0
DEX Spot Volume,2021-03-26,2421009389.0
DEX Spot Volume,2021-03-27,2372309851.0
DEX Spot Volume,2021-03-28,2928720152.0
DEX Spot Volume,2021-03-29,1921409625.0
DEX Spot Volume,2021-03-30,2009420190.0
DEX Spot Volume,2021-03-31,2222836182.0
DEX Spot Volume,2021-04-01,4284651801.0
DEX Spot Volume,2021-04-02,4600931536.0
DEX Spot Volume,2021-04-03,3006494514.0
DEX Spot Volume,2021-04-04,2635189084.0
DEX Spot Volume,2021-04-05,3386881196.0
DEX Spot Volume,2021-04-06,3982643376.0
DEX Spot Volume,2021-04-07,4461184370.0
DEX Spot Volume,2021-04-08,4016159902.0
DEX Spot Volume,2021-04-09,4222613176.0
DEX Spot Volume,2021-04-10,3294280123.0
DEX Spot Volume,2021-04-11,3003636445.0
DEX Spot Volume,2021-04-12,4540609927.0
DEX Spot Volume,2021-04-13,3950131090.0
DEX Spot Volume,2021-04-14,4092666733.0
DEX Spot Volume,2021-04-15,3723124810.0
DEX Spot Volume,2021-04-16,3899570182.0
DEX Spot Volume,2021-04-17,3493979334.0
DEX Spot Volume,2021-04-18,5734574197.0
DEX Spot Volume,2021-04-19,4460337379.57
DEX Spot Volume,2021-04-20,7024753025.0
DEX Spot Volume,2021-04-21,5035662260.0
DEX Spot Volume,2021-04-22,5439670033.0
DEX Spot Volume,2021-04-23,5489064799.0
DEX Spot Volume,2021-04-24,5191490412.0
DEX Spot Volume,2021-04-25,6519868678.0
DEX Spot Volume,2021-04-26,5206745486.0
DEX Spot Volume,2021-04-27,5553418055.0
DEX Spot Volume,2021-04-28,5107540113.0
DEX Spot Volume,2021-04-29,6032753173.0
DEX Spot Volume,2021-04-30,5390262469.0
DEX Spot Volume,2021-05-01,5264854417.0
DEX Spot Volume,2021-05-02,5292332889.0
DEX Spot Volume,2021-05-03,6663185252.0
DEX Spot Volume,2021-05-04,7336190930.0
DEX Spot Volume,2021-05-05,5516671746.0
DEX Spot Volume,2021-05-06,5893201823.0
DEX Spot Volume,2021-05-07,10515042883.0
DEX Spot Volume,2021-05-08,7909720438.0
DEX Spot Volume,2021-05-09,7450223994.0
DEX Spot Volume,2021-05-10,9653036452.0
DEX Spot Volume,2021-05-11,9249152779.0
DEX Spot Volume,2021-05-12,12025511465.0
DEX Spot Volume,2021-05-13,12355806430.0
DEX Spot Volume,2021-05-14,8455952158.0
DEX Spot Volume,2021-05-15,8367200934.0
DEX Spot Volume,2021-05-16,8546234486.0
DEX Spot Volume,2021-05-17,9838668922.0
DEX Spot Volume,2021-05-18,9495658233.0
DEX Spot Volume,2021-05-19,24638569992.0
DEX Spot Volume,2021-05-20,17315928386.0
DEX Spot Volume,2021-05-21,12983925756.0
DEX Spot Volume,2021-05-22,7481145350.0
DEX Spot Volume,2021-05-23,11659759600.0
DEX Spot Volume,2021-05-24,8830722146.0
DEX Spot Volume,2021-05-25,7532242688.0
DEX Spot Volume,2021-05-26,7289872359.0
DEX Spot Volume,2021-05-27,6393037171.0
DEX Spot Volume,2021-05-28,6485271070.0
DEX Spot Volume,2021-05-29,12449898534.0
DEX Spot Volume,2021-05-30,4388404621.0
DEX Spot Volume,2021-05-31,4433968297.0
DEX Spot Volume,2021-06-01,4546923141.0
DEX Spot Volume,2021-06-02,4281107740.0
DEX Spot Volume,2021-06-03,4493520842.0
DEX Spot Volume,2021-06-04,5676781311.0
DEX Spot Volume,2021-06-05,3976043296.0
DEX Spot Volume,2021-06-06,2551411581.0
DEX Spot Volume,2021-06-07,4138723942.0
DEX Spot Volume,2021-06-08,5473892569.0
DEX Spot Volume,2021-06-09,4738886991.0
DEX Spot Volume,2021-06-10,3827176327.0
DEX Spot Volume,2021-06-11,4115208465.0
DEX Spot Volume,2021-06-12,3745486564.0
DEX Spot Volume,2021-06-13,3473534083.57
DEX Spot Volume,2021-06-14,3818507653.0
DEX Spot Volume,2021-06-15,3699137317.0
DEX Spot Volume,2021-06-16,5611109474.0
DEX Spot Volume,2021-06-17,3898420476.0
DEX Spot Volume,2021-06-18,3620576155.0
DEX Spot Volume,2021-06-19,2596162317.0
DEX Spot Volume,2021-06-20,3051624688.0
DEX Spot Volume,2021-06-21,5808298425.0
DEX Spot Volume,2021-06-22,6315184343.0
DEX Spot Volume,2021-06-23,3666034648.0
DEX Spot Volume,2021-06-24,2936635912.0
DEX Spot Volume,2021-06-25,3394150872.0
DEX Spot Volume,2021-06-26,2776791464.0
DEX Spot Volume,2021-06-27,2509407921.0
DEX Spot Volume,2021-06-28,3888763722.0
DEX Spot Volume,2021-06-29,2999201601.0
DEX Spot Volume,2021-06-30,2991275687.0
DEX Spot Volume,2021-07-01,4117532469.0
DEX Spot Volume,2021-07-02,2589056790.0
DEX Spot Volume,2021-07-03,2188046291.0
DEX Spot Volume,2021-07-04,3058597601.93
DEX Spot Volume,2021-07-05,2881516988.47
DEX Spot Volume,2021-07-06,3776697383.0
DEX Spot Volume,2021-07-07,3020433183.0
DEX Spot Volume,2021-07-08,3078009957.0
DEX Spot Volume,2021-07-09,2959507926.0
DEX Spot Volume,2021-07-10,2285180251.28
DEX Spot Volume,2021-07-11,1787377666.0
DEX Spot Volume,2021-07-12,2514834683.0
DEX Spot Volume,2021-07-13,2623690552.0
DEX Spot Volume,2021-07-14,3233602147.0
DEX Spot Volume,2021-07-15,3438070921.0
DEX Spot Volume,2021-07-16,2973797068.0
DEX Spot Volume,2021-07-17,2161728241.0
DEX Spot Volume,2021-07-18,2381842735.0
DEX Spot Volume,2021-07-19,2505314903.0
DEX Spot Volume,2021-07-20,3276541003.0
DEX Spot Volume,2021-07-21,3346472475.0
DEX Spot Volume,2021-07-22,2842406539.0
DEX Spot Volume,2021-07-23,2758144272.0
DEX Spot Volume,2021-07-24,2938842264.0
DEX Spot Volume,2021-07-25,2550225146.0
DEX Spot Volume,2021-07-26,5840198088.0
DEX Spot Volume,2021-07-27,3882622489.0
DEX Spot Volume,2021-07-28,3904757914.0
DEX Spot Volume,2021-07-29,3078976449.0
DEX Spot Volume,2021-07-30,3551943999.0
DEX Spot Volume,2021-07-31,2904109885.0
DEX Spot Volume,2021-08-01,3740608891.0
DEX Spot Volume,2021-08-02,3398492214.0
DEX Spot Volume,2021-08-03,3607102835.0
DEX Spot Volume,2021-08-04,4018587102.0
DEX Spot Volume,2021-08-05,4306320619.0
DEX Spot Volume,2021-08-06,3694357315.0
DEX Spot Volume,2021-08-07,4447245290.0
DEX Spot Volume,2021-08-08,4384462129.0
DEX Spot Volume,2021-08-09,4882856155.0
DEX Spot Volume,2021-08-10,4096432646.0
DEX Spot Volume,2021-08-11,4670371996.0
DEX Spot Volume,2021-08-12,4372650856.0
DEX Spot Volume,2021-08-13,3594289724.0
DEX Spot Volume,2021-08-14,3088748878.0
DEX Spot Volume,2021-08-15,3429749318.0
DEX Spot Volume,2021-08-16,4553499533.0
DEX Spot Volume,2021-08-17,5593127026.0
DEX Spot Volume,2021-08-18,5055833249.0
DEX Spot Volume,2021-08-19,4938110651.0
DEX Spot Volume,2021-08-20,4591753986.0
DEX Spot Volume,2021-08-21,4228662132.0
DEX Spot Volume,2021-08-22,3880019006.0
DEX Spot Volume,2021-08-23,5088649590.0
DEX Spot Volume,2021-08-24,6228710702.0
DEX Spot Volume,2021-08-25,5884776981.0
DEX Spot Volume,2021-08-26,5706166305.0
DEX Spot Volume,2021-08-27,4899255994.0
DEX Spot Volume,2021-08-28,3459184848.0
DEX Spot Volume,2021-08-29,3952816709.0
DEX Spot Volume,2021-08-30,5368328371.0
DEX Spot Volume,2021-08-31,5420714031.0
DEX Spot Volume,2021-09-01,5640173820.0
DEX Spot Volume,2021-09-02,4880928807.0
DEX Spot Volume,2021-09-03,5295648966.0
DEX Spot Volume,2021-09-04,4457602884.0
DEX Spot Volume,2021-09-05,4014753262.0
DEX Spot Volume,2021-09-06,4834937544.0
DEX Spot Volume,2021-09-07,9966820536.0
DEX Spot Volume,2021-09-08,7146663505.0
DEX Spot Volume,2021-09-09,5318428517.0
DEX Spot Volume,2021-09-10,5632365607.0
DEX Spot Volume,2021-09-11,3866039140.0
DEX Spot Volume,2021-09-12,4000928479.0
DEX Spot Volume,2021-09-13,5245933313.0
DEX Spot Volume,2021-09-14,4053271984.0
DEX Spot Volume,2021-09-15,4588272191.0
DEX Spot Volume,2021-09-16,5219712969.0
DEX Spot Volume,2021-09-17,4463628790.0
DEX Spot Volume,2021-09-18,3663480937.0
DEX Spot Volume,2021-09-19,3546941244.0
DEX Spot Volume,2021-09-20,7492299148.0
DEX Spot Volume,2021-09-21,6948786820.0
DEX Spot Volume,2021-09-22,5216987412.0
DEX Spot Volume,2021-09-23,4228304910.0
DEX Spot Volume,2021-09-24,5747803150.0
DEX Spot Volume,2021-09-25,3865234383.0
DEX Spot Volume,2021-09-26,5140107316.0
DEX Spot Volume,2021-09-27,4247545800.0
DEX Spot Volume,2021-09-28,3997832176.0
DEX Spot Volume,2021-09-29,4047343563.0
DEX Spot Volume,2021-09-30,4048762643.0
DEX Spot Volume,2021-10-01,4548665019.0
DEX Spot Volume,2021-10-02,3953405784.0
DEX Spot Volume,2021-10-03,3590051812.0
DEX Spot Volume,2021-10-04,4764613403.0
DEX Spot Volume,2021-10-05,4852955199.0
DEX Spot Volume,2021-10-06,5957997155.0
DEX Spot Volume,2021-10-07,6527085231.0
DEX Spot Volume,2021-10-08,5276652912.0
DEX Spot Volume,2021-10-09,4414337768.0
DEX Spot Volume,2021-10-10,5426733770.0
DEX Spot Volume,2021-10-11,6393234310.0
DEX Spot Volume,2021-10-12,6768386338.0
DEX Spot Volume,2021-10-13,6580436953.0
DEX Spot Volume,2021-10-14,6449254331.0
DEX Spot Volume,2021-10-15,7843362629.0
DEX Spot Volume,2021-10-16,5198064144.0
DEX Spot Volume,2021-10-17,5290431895.0
DEX Spot Volume,2021-10-18,5736816083.0
DEX Spot Volume,2021-10-19,5817656240.0
DEX Spot Volume,2021-10-20,6472661761.0
DEX Spot Volume,2021-10-21,7813398354.0
DEX Spot Volume,2021-10-22,6555811444.0
DEX Spot Volume,2021-10-23,5031009547.0
DEX Spot Volume,2021-10-24,5521458227.0
DEX Spot Volume,2021-10-25,6089679705.0
DEX Spot Volume,2021-10-26,8234483546.0
DEX Spot Volume,2021-10-27,10005144703.0
DEX Spot Volume,2021-10-28,9792695011.0
DEX Spot Volume,2021-10-29,8977756283.0
DEX Spot Volume,2021-10-30,7951526538.0
DEX Spot Volume,2021-10-31,7575277105.0
DEX Spot Volume,2021-11-01,7861694432.0
DEX Spot Volume,2021-11-02,8539381378.0
DEX Spot Volume,2021-11-03,9232772299.0
DEX Spot Volume,2021-11-04,9285758126.0
DEX Spot Volume,2021-11-05,8235231393.0
DEX Spot Volume,2021-11-06,7923835356.0
DEX Spot Volume,2021-11-07,8088898379.0
DEX Spot Volume,2021-11-08,9318690090.0
DEX Spot Volume,2021-11-09,8469021056.0
DEX Spot Volume,2021-11-10,12230004021.0
DEX Spot Volume,2021-11-11,9415913734.0
DEX Spot Volume,2021-11-12,9605619983.0
DEX Spot Volume,2021-11-13,7582502014.0
DEX Spot Volume,2021-11-14,7977611129.0
DEX Spot Volume,2021-11-15,9468721076.0
DEX Spot Volume,2021-11-16,12243475744.0
DEX Spot Volume,2021-11-17,10274124148.0
DEX Spot Volume,2021-11-18,12445014365.0
DEX Spot Volume,2021-11-19,9502746822.0
DEX Spot Volume,2021-11-20,9412001069.0
DEX Spot Volume,2021-11-21,9331498908.0
DEX Spot Volume,2021-11-22,10493322454.0
DEX Spot Volume,2021-11-23,10530314651.0
DEX Spot Volume,2021-11-24,11243168307.0
DEX Spot Volume,2021-11-25,10992231061.0
DEX Spot Volume,2021-11-26,13916195600.0
DEX Spot Volume,2021-11-27,8267529017.0
DEX Spot Volume,2021-11-28,9009717272.0
DEX Spot Volume,2021-11-29,9878530847.0
DEX Spot Volume,2021-11-30,12214204842.0
DEX Spot Volume,2021-12-01,11362597953.0
DEX Spot Volume,2021-12-02,11147287763.0
DEX Spot Volume,2021-12-03,11655871447.0
DEX Spot Volume,2021-12-04,15873642921.0
DEX Spot Volume,2021-12-05,10195899729.0
DEX Spot Volume,2021-12-06,12619349192.0
DEX Spot Volume,2021-12-07,9258505006.0
DEX Spot Volume,2021-12-08,8723159362.0
DEX Spot Volume,2021-12-09,9852634085.0
DEX Spot Volume,2021-12-10,10269127453.0
DEX Spot Volume,2021-12-11,7083754968.0
DEX Spot Volume,2021-12-12,5704724426.0
DEX Spot Volume,2021-12-13,8356068583.0
DEX Spot Volume,2021-12-14,7719752288.0
DEX Spot Volume,2021-12-15,8785147375.0
DEX Spot Volume,2021-12-16,6950241893.0
DEX Spot Volume,2021-12-17,8699516991.0
DEX Spot Volume,2021-12-18,7077696884.0
DEX Spot Volume,2021-12-19,6022628015.0
DEX Spot Volume,2021-12-20,7445173663.0
DEX Spot Volume,2021-12-21,6482295346.0
DEX Spot Volume,2021-12-22,6396036520.0
DEX Spot Volume,2021-12-23,7517819850.0
DEX Spot Volume,2021-12-24,6444661102.0
DEX Spot Volume,2021-12-25,5224640154.0
DEX Spot Volume,2021-12-26,5221486387.0
DEX Spot Volume,2021-12-27,5792537238.0
DEX Spot Volume,2021-12-28,7653257236.0
DEX Spot Volume,2021-12-29,6248527770.0
DEX Spot Volume,2021-12-30,5956842474.0
DEX Spot Volume,2021-12-31,6383284921.0
DEX Spot Volume,2022-01-01,5164681023.0
DEX Spot Volume,2022-01-02,4886742674.0
DEX Spot Volume,2022-01-03,5959466995.0
DEX Spot Volume,2022-01-04,6611405949.0
DEX Spot Volume,2022-01-05,9401250828.0
DEX Spot Volume,2022-01-06,7771734325.0
DEX Spot Volume,2022-01-07,8698291650.0
DEX Spot Volume,2022-01-08,6999635750.0
DEX Spot Volume,2022-01-09,4892493557.0
DEX Spot Volume,2022-01-10,8083987256.0
DEX Spot Volume,2022-01-11,6294707067.0
DEX Spot Volume,2022-01-12,6640703529.0
DEX Spot Volume,2022-01-13,6873481971.0
DEX Spot Volume,2022-01-14,5739191256.0
DEX Spot Volume,2022-01-15,4848521198.0
DEX Spot Volume,2022-01-16,5459808689.0
DEX Spot Volume,2022-01-17,7256978096.0
DEX Spot Volume,2022-01-18,6752816511.0
DEX Spot Volume,2022-01-19,6302815984.0
DEX Spot Volume,2022-01-20,6909421119.0
DEX Spot Volume,2022-01-21,13215400045.0
DEX Spot Volume,2022-01-22,12093845462.0
DEX Spot Volume,2022-01-23,7077153398.0
DEX Spot Volume,2022-01-24,9856202969.0
DEX Spot Volume,2022-01-25,6557407372.0
DEX Spot Volume,2022-01-26,8436065677.0
DEX Spot Volume,2022-01-27,8492084347.0
DEX Spot Volume,2022-01-28,6620889415.0
DEX Spot Volume,2022-01-29,4762368009.0
DEX Spot Volume,2022-01-30,4397512384.0
DEX Spot Volume,2022-01-31,5129254010.0
DEX Spot Volume,2022-02-01,4898086788.0
DEX Spot Volume,2022-02-02,4854565519.0
DEX Spot Volume,2022-02-03,4619590606.0
DEX Spot Volume,2022-02-04,5533044021.0
DEX Spot Volume,2022-02-05,5106505583.0
DEX Spot Volume,2022-02-06,4232855208.0
DEX Spot Volume,2022-02-07,5924836347.0
DEX Spot Volume,2022-02-08,6391048347.0
DEX Spot Volume,2022-02-09,5297335332.0
DEX Spot Volume,2022-02-10,6849696012.0
DEX Spot Volume,2022-02-11,6946932220.0
DEX Spot Volume,2022-02-12,4948620553.0
DEX Spot Volume,2022-02-13,3763691891.0
DEX Spot Volume,2022-02-14,4380051644.0
DEX Spot Volume,2022-02-15,5378980934.0
DEX Spot Volume,2022-02-16,5210854266.0
DEX Spot Volume,2022-02-17,6103867001.0
DEX Spot Volume,2022-02-18,5239255662.0
DEX Spot Volume,2022-02-19,3942255799.0
DEX Spot Volume,2022-02-20,5032780481.0
DEX Spot Volume,2022-02-21,6338198201.0
DEX Spot Volume,2022-02-22,5772693128.0
DEX Spot Volume,2022-02-23,5717182390.0
DEX Spot Volume,2022-02-24,10411173355.0
DEX Spot Volume,2022-02-25,7266004701.0
DEX Spot Volume,2022-02-26,6139642766.0
DEX Spot Volume,2022-02-27,6680346793.0
DEX Spot Volume,2022-02-28,6946144354.0
DEX Spot Volume,2022-03-01,6955239492.0
DEX Spot Volume,2022-03-02,6593252644.0
DEX Spot Volume,2022-03-03,5834536470.0
DEX Spot Volume,2022-03-04,5928297231.0
DEX Spot Volume,2022-03-05,4005735189.0
DEX Spot Volume,2022-03-06,4706985812.0
DEX Spot Volume,2022-03-07,5504397962.0
DEX Spot Volume,2022-03-08,4733531925.0
DEX Spot Volume,2022-03-09,5251737615.0
DEX Spot Volume,2022-03-10,4652395334.0
DEX Spot Volume,2022-03-11,4656612631.0
DEX Spot Volume,2022-03-12,3411549038.0
DEX Spot Volume,2022-03-13,3705646593.0
DEX Spot Volume,2022-03-14,4164240108.0
DEX Spot Volume,2022-03-15,4370878686.0
DEX Spot Volume,2022-03-16,5294600291.0
DEX Spot Volume,2022-03-17,5118911765.0
DEX Spot Volume,2022-03-18,5244028332.0
DEX Spot Volume,2022-03-19,4353726367.0
DEX Spot Volume,2022-03-20,4036765980.0
DEX Spot Volume,2022-03-21,5792662002.0
DEX Spot Volume,2022-03-22,4840240449.0
DEX Spot Volume,2022-03-23,4413245596.0
DEX Spot Volume,2022-03-24,5347394039.0
DEX Spot Volume,2022-03-25,5703705462.0
DEX Spot Volume,2022-03-26,3443571005.0
DEX Spot Volume,2022-03-27,3873390662.0
DEX Spot Volume,2022-03-28,5756518128.0
DEX Spot Volume,2022-03-29,5819999595.0
DEX Spot Volume,2022-03-30,5631502738.0
DEX Spot Volume,2022-03-31,6177036970.0
DEX Spot Volume,2022-04-01,6995030401.0
DEX Spot Volume,2022-04-02,6800608736.0
DEX Spot Volume,2022-04-03,4955610668.0
DEX Spot Volume,2022-04-04,5433675464.0
DEX Spot Volume,2022-04-05,5202936348.0
DEX Spot Volume,2022-04-06,7346517727.0
DEX Spot Volume,2022-04-07,5830573884.0
DEX Spot Volume,2022-04-08,6645433153.0
DEX Spot Volume,2022-04-09,4428265556.0
DEX Spot Volume,2022-04-10,4233645845.0
DEX Spot Volume,2022-04-11,7310965976.0
DEX Spot Volume,2022-04-12,6781212569.0
DEX Spot Volume,2022-04-13,4923897411.0
DEX Spot Volume,2022-04-14,4821424945.0
DEX Spot Volume,2022-04-15,3726903289.0
DEX Spot Volume,2022-04-16,3024686636.0
DEX Spot Volume,2022-04-17,3594492087.0
DEX Spot Volume,2022-04-18,4756644334.0
DEX Spot Volume,2022-04-19,4568962179.0
DEX Spot Volume,2022-04-20,4991138702.0
DEX Spot Volume,2022-04-21,5058806294.0
DEX Spot Volume,2022-04-22,4044855574.0
DEX Spot Volume,2022-04-23,2836990199.0
DEX Spot Volume,2022-04-24,3040054146.0
DEX Spot Volume,2022-04-25,5016477194.0
DEX Spot Volume,2022-04-26,4682786096.0
DEX Spot Volume,2022-04-27,4157258833.0
DEX Spot Volume,2022-04-28,5318516424.0
DEX Spot Volume,2022-04-29,5265293058.0
DEX Spot Volume,2022-04-30,5402587511.0
DEX Spot Volume,2022-05-01,4770415697.0
DEX Spot Volume,2022-05-02,4344554121.0
DEX Spot Volume,2022-05-03,3768807745.0
DEX Spot Volume,2022-05-04,4684090586.0
DEX Spot Volume,2022-05-05,5422875257.0
DEX Spot Volume,2022-05-06,5249015215.0
DEX Spot Volume,2022-05-07,4197102888.0
DEX Spot Volume,2022-05-08,5717998114.0
DEX Spot Volume,2022-05-09,10667028629.0
DEX Spot Volume,2022-05-10,11178635052.0
DEX Spot Volume,2022-05-11,17216121822.0
DEX Spot Volume,2022-05-12,15639251084.0
DEX Spot Volume,2022-05-13,7513961026.0
DEX Spot Volume,2022-05-14,5078686845.0
DEX Spot Volume,2022-05-15,3897665970.0
DEX Spot Volume,2022-05-16,4844055956.0
DEX Spot Volume,2022-05-17,3515888504.0
DEX Spot Volume,2022-05-18,3817980859.0
DEX Spot Volume,2022-05-19,4097908919.0
DEX Spot Volume,2022-05-20,3839181121.0
DEX Spot Volume,2022-05-21,2369387829.0
DEX Spot Volume,2022-05-22,2622316240.0
DEX Spot Volume,2022-05-23,3906242026.0
DEX Spot Volume,2022-05-24,3436703090.0
DEX Spot Volume,2022-05-25,3265092308.0
DEX Spot Volume,2022-05-26,5113644606.0
DEX Spot Volume,2022-05-27,4435676336.0
DEX Spot Volume,2022-05-28,2762360829.0
DEX Spot Volume,2022-05-29,2056773444.0
DEX Spot Volume,2022-05-30,3688450825.0
DEX Spot Volume,2022-05-31,3142782490.0
DEX Spot Volume,2022-06-01,3449948905.0
DEX Spot Volume,2022-06-02,2831377521.0
DEX Spot Volume,2022-06-03,2342432004.0
DEX Spot Volume,2022-06-04,1828672068.0
DEX Spot Volume,2022-06-05,1905085641.0
DEX Spot Volume,2022-06-06,2640226226.0
DEX Spot Volume,2022-06-07,3656715243.0
DEX Spot Volume,2022-06-08,3095438811.0
DEX Spot Volume,2022-06-09,2297423407.0
DEX Spot Volume,2022-06-10,3186923140.0
DEX Spot Volume,2022-06-11,3317946735.0
DEX Spot Volume,2022-06-12,3816023191.0
DEX Spot Volume,2022-06-13,8438033870.0
DEX Spot Volume,2022-06-14,6030318957.0
DEX Spot Volume,2022-06-15,6364889446.0
DEX Spot Volume,2022-06-16,3803939088.0
DEX Spot Volume,2022-06-17,2841194889.0
DEX Spot Volume,2022-06-18,4070134188.0
DEX Spot Volume,2022-06-19,3473995074.0
DEX Spot Volume,2022-06-20,3262927200.0
DEX Spot Volume,2022-06-21,2943310694.0
DEX Spot Volume,2022-06-22,2535531449.0
DEX Spot Volume,2022-06-23,2575110775.0
DEX Spot Volume,2022-06-24,2789900013.0
DEX Spot Volume,2022-06-25,1867957930.0
DEX Spot Volume,2022-06-26,1881221500.0
DEX Spot Volume,2022-06-27,1884794873.0
DEX Spot Volume,2022-06-28,2271812965.0
DEX Spot Volume,2022-06-29,2521249592.0
DEX Spot Volume,2022-06-30,2794039618.0
DEX Spot Volume,2022-07-01,2725923880.0
DEX Spot Volume,2022-07-02,1681166557.0
DEX Spot Volume,2022-07-03,1549919253.0
DEX Spot Volume,2022-07-04,2117675991.0
DEX Spot Volume,2022-07-05,2448171175.0
DEX Spot Volume,2022-07-06,2385786697.0
DEX Spot Volume,2022-07-07,2105292852.0
DEX Spot Volume,2022-07-08,2485490633.0
DEX Spot Volume,2022-07-09,1390898137.0
DEX Spot Volume,2022-07-10,1671973958.0
DEX Spot Volume,2022-07-11,1837670291.0
DEX Spot Volume,2022-07-12,2060018986.0
DEX Spot Volume,2022-07-13,2427422868.0
DEX Spot Volume,2022-07-14,2370280400.0
DEX Spot Volume,2022-07-15,2553840687.0
DEX Spot Volume,2022-07-16,2441718151.0
DEX Spot Volume,2022-07-17,2229134909.0
DEX Spot Volume,2022-07-18,3545316387.0
DEX Spot Volume,2022-07-19,3958593946.0
DEX Spot Volume,2022-07-20,3435117442.0
DEX Spot Volume,2022-07-21,2781869658.0
DEX Spot Volume,2022-07-22,2512549530.0
DEX Spot Volume,2022-07-23,2097083696.0
DEX Spot Volume,2022-07-24,2168552047.0
DEX Spot Volume,2022-07-25,2754493951.0
DEX Spot Volume,2022-07-26,2687244170.0
DEX Spot Volume,2022-07-27,3154939682.0
DEX Spot Volume,2022-07-28,3687940501.0
DEX Spot Volume,2022-07-29,3339740142.0
DEX Spot Volume,2022-07-30,2437495990.0
DEX Spot Volume,2022-07-31,2186207257.0
DEX Spot Volume,2022-08-01,2620091962.0
DEX Spot Volume,2022-08-02,3058419472.0
DEX Spot Volume,2022-08-03,2311992656.0
DEX Spot Volume,2022-08-04,2930354925.0
DEX Spot Volume,2022-08-05,2789678389.0
DEX Spot Volume,2022-08-06,1701738492.0
DEX Spot Volume,2022-08-07,1618942388.0
DEX Spot Volume,2022-08-08,2699680420.0
DEX Spot Volume,2022-08-09,2764146235.0
DEX Spot Volume,2022-08-10,3334181250.0
DEX Spot Volume,2022-08-11,3174737229.0
DEX Spot Volume,2022-08-12,2278298553.0
DEX Spot Volume,2022-08-13,2552230833.0
DEX Spot Volume,2022-08-14,2307487471.0
DEX Spot Volume,2022-08-15,3381334462.0
DEX Spot Volume,2022-08-16,2742476722.0
DEX Spot Volume,2022-08-17,3303465875.0
DEX Spot Volume,2022-08-18,2329181181.0
DEX Spot Volume,2022-08-19,4504728559.0
DEX Spot Volume,2022-08-20,2976964963.0
DEX Spot Volume,2022-08-21,2633987544.0
DEX Spot Volume,2022-08-22,2868282359.0
DEX Spot Volume,2022-08-23,3124235504.0
DEX Spot Volume,2022-08-24,2475949177.0
DEX Spot Volume,2022-08-25,2299733920.0
DEX Spot Volume,2022-08-26,3479313791.0
DEX Spot Volume,2022-08-27,2389336947.0
DEX Spot Volume,2022-08-28,2180212952.0
DEX Spot Volume,2022-08-29,2835436244.0
DEX Spot Volume,2022-08-30,3464977804.0
DEX Spot Volume,2022-08-31,3220568382.0
DEX Spot Volume,2022-09-01,3138096805.0
DEX Spot Volume,2022-09-02,2656136321.0
DEX Spot Volume,2022-09-03,1680346011.0
DEX Spot Volume,2022-09-04,1880072629.0
DEX Spot Volume,2022-09-05,2101402551.0
DEX Spot Volume,2022-09-06,3494105203.0
DEX Spot Volume,2022-09-07,3038120845.0
DEX Spot Volume,2022-09-08,2585588009.0
DEX Spot Volume,2022-09-09,2815745970.0
DEX Spot Volume,2022-09-10,1988212647.0
DEX Spot Volume,2022-09-11,1829326494.0
DEX Spot Volume,2022-09-12,2686051724.0
DEX Spot Volume,2022-09-13,3869621013.0
DEX Spot Volume,2022-09-14,2983367642.0
DEX Spot Volume,2022-09-15,3401190266.0
DEX Spot Volume,2022-09-16,2289410714.0
DEX Spot Volume,2022-09-17,1413811908.0
DEX Spot Volume,2022-09-18,1920961833.0
DEX Spot Volume,2022-09-19,2787456489.0
DEX Spot Volume,2022-09-20,2308814771.0
DEX Spot Volume,2022-09-21,2689088303.0
DEX Spot Volume,2022-09-22,2057342102.0
DEX Spot Volume,2022-09-23,2200385751.0
DEX Spot Volume,2022-09-24,1512113608.0
DEX Spot Volume,2022-09-25,1222755473.0
DEX Spot Volume,2022-09-26,1849599040.0
DEX Spot Volume,2022-09-27,2319776616.0
DEX Spot Volume,2022-09-28,2358457671.0
DEX Spot Volume,2022-09-29,1979196690.0
DEX Spot Volume,2022-09-30,2318259621.0
DEX Spot Volume,2022-10-01,1608997891.0
DEX Spot Volume,2022-10-02,1278108979.0
DEX Spot Volume,2022-10-03,2135692009.0
DEX Spot Volume,2022-10-04,1809566254.0
DEX Spot Volume,2022-10-05,1828174258.0
DEX Spot Volume,2022-10-06,2028822226.0
DEX Spot Volume,2022-10-07,1605855468.0
DEX Spot Volume,2022-10-08,899478797.0
DEX Spot Volume,2022-10-09,900450833.0
DEX Spot Volume,2022-10-10,1431041533.0
DEX Spot Volume,2022-10-11,2755459161.0
DEX Spot Volume,2022-10-12,1078464851.0
DEX Spot Volume,2022-10-13,2361878274.0
DEX Spot Volume,2022-10-14,2026131623.0
DEX Spot Volume,2022-10-15,1094789581.0
DEX Spot Volume,2022-10-16,1139001914.0
DEX Spot Volume,2022-10-17,1865591377.0
DEX Spot Volume,2022-10-18,1816114661.0
DEX Spot Volume,2022-10-19,1509281990.0
DEX Spot Volume,2022-10-20,1548738239.0
DEX Spot Volume,2022-10-21,1914645543.0
DEX Spot Volume,2022-10-22,1049550483.0
DEX Spot Volume,2022-10-23,1393107530.0
DEX Spot Volume,2022-10-24,1960033284.0
DEX Spot Volume,2022-10-25,3176223535.0
DEX Spot Volume,2022-10-26,3124054417.0
DEX Spot Volume,2022-10-27,2875463589.0
DEX Spot Volume,2022-10-28,2674031453.0
DEX Spot Volume,2022-10-29,2772106710.0
DEX Spot Volume,2022-10-30,2137326129.0
DEX Spot Volume,2022-10-31,2884517508.0
DEX Spot Volume,2022-11-01,1973919534.0
DEX Spot Volume,2022-11-02,3388263490.0
DEX Spot Volume,2022-11-03,2341500125.0
DEX Spot Volume,2022-11-04,3731028517.0
DEX Spot Volume,2022-11-05,2065180851.0
DEX Spot Volume,2022-11-06,2344410193.0
DEX Spot Volume,2022-11-07,3194965033.0
DEX Spot Volume,2022-11-08,8920042222.0
DEX Spot Volume,2022-11-09,10991379280.0
DEX Spot Volume,2022-11-10,11684466429.0
DEX Spot Volume,2022-11-11,5285866933.0
DEX Spot Volume,2022-11-12,4000215875.0
DEX Spot Volume,2022-11-13,2910247632.0
DEX Spot Volume,2022-11-14,3702350747.0
DEX Spot Volume,2022-11-15,2798437730.0
DEX Spot Volume,2022-11-16,2588308390.0
DEX Spot Volume,2022-11-17,2232077910.0
DEX Spot Volume,2022-11-18,1663152539.0
DEX Spot Volume,2022-11-19,1639039522.0
DEX Spot Volume,2022-11-20,2475913527.0
DEX Spot Volume,2022-11-21,3482268118.0
DEX Spot Volume,2022-11-22,3152467135.0
DEX Spot Volume,2022-11-23,3052216447.0
DEX Spot Volume,2022-11-24,2530923698.0
DEX Spot Volume,2022-11-25,1885330012.0
DEX Spot Volume,2022-11-26,1800800703.0
DEX Spot Volume,2022-11-27,1466604208.0
DEX Spot Volume,2022-11-28,2045992528.0
DEX Spot Volume,2022-11-29,1836899841.0
DEX Spot Volume,2022-11-30,2663729271.0
DEX Spot Volume,2022-12-01,1909608626.0
DEX Spot Volume,2022-12-02,1938584892.0
DEX Spot Volume,2022-12-03,1218063652.0
DEX Spot Volume,2022-12-04,1252014082.0
DEX Spot Volume,2022-12-05,1631895461.0
DEX Spot Volume,2022-12-06,1635156888.0
DEX Spot Volume,2022-12-07,1499553791.0
DEX Spot Volume,2022-12-08,1427316847.0
DEX Spot Volume,2022-12-09,1397602673.0
DEX Spot Volume,2022-12-10,1739233410.0
DEX Spot Volume,2022-12-11,1002982574.0
DEX Spot Volume,2022-12-12,1584869039.0
DEX Spot Volume,2022-12-13,3127229845.0
DEX Spot Volume,2022-12-14,2257961624.0
DEX Spot Volume,2022-12-15,1575454839.0
DEX Spot Volume,2022-12-16,2447049824.0
DEX Spot Volume,2022-12-17,1486256884.0
DEX Spot Volume,2022-12-18,916500399.0
DEX Spot Volume,2022-12-19,1447234959.0
DEX Spot Volume,2022-12-20,1593919981.0
DEX Spot Volume,2022-12-21,1201462864.0
DEX Spot Volume,2022-12-22,1297619090.0
DEX Spot Volume,2022-12-23,1185950091.0
DEX Spot Volume,2022-12-24,668810964.0
DEX Spot Volume,2022-12-25,967973694.0
DEX Spot Volume,2022-12-26,943470463.0
DEX Spot Volume,2022-12-27,1177805509.0
DEX Spot Volume,2022-12-28,1511632504.0
DEX Spot Volume,2022-12-29,1321428210.0
DEX Spot Volume,2022-12-30,1064973546.0
DEX Spot Volume,2022-12-31,982146112.0
DEX Spot Volume,2023-01-01,659150528.0
DEX Spot Volume,2023-01-02,862270062.0
DEX Spot Volume,2023-01-03,961026246.0
DEX Spot Volume,2023-01-04,1641107285.0
DEX Spot Volume,2023-01-05,1303791149.0
DEX Spot Volume,2023-01-06,1517380784.0
DEX Spot Volume,2023-01-07,834643918.0
DEX Spot Volume,2023-01-08,1179207096.0
DEX Spot Volume,2023-01-09,2262567907.0
DEX Spot Volume,2023-01-10,1536072738.0
DEX Spot Volume,2023-01-11,1818928780.0
DEX Spot Volume,2023-01-12,2960272485.0
DEX Spot Volume,2023-01-13,2673320011.0
DEX Spot Volume,2023-01-14,3616726470.0
DEX Spot Volume,2023-01-15,2256015482.0
DEX Spot Volume,2023-01-16,2440783129.0
DEX Spot Volume,2023-01-17,2253151441.0
DEX Spot Volume,2023-01-18,3505659278.0
DEX Spot Volume,2023-01-19,1967597947.0
DEX Spot Volume,2023-01-20,2182059734.0
DEX Spot Volume,2023-01-21,2723308209.0
DEX Spot Volume,2023-01-22,2130472675.0
DEX Spot Volume,2023-01-23,2425089763.0
DEX Spot Volume,2023-01-24,2608781018.0
DEX Spot Volume,2023-01-25,3107762895.0
DEX Spot Volume,2023-01-26,2351789097.0
DEX Spot Volume,2023-01-27,2688662715.0
DEX Spot Volume,2023-01-28,1796868656.0
DEX Spot Volume,2023-01-29,2014716376.0
DEX Spot Volume,2023-01-30,2546163498.0
DEX Spot Volume,2023-01-31,2036195388.0
DEX Spot Volume,2023-02-01,2745012912.0
DEX Spot Volume,2023-02-02,3452066616.0
DEX Spot Volume,2023-02-03,2836696819.0
DEX Spot Volume,2023-02-04,1990269134.0
DEX Spot Volume,2023-02-05,2352006684.0
DEX Spot Volume,2023-02-06,2478108652.0
DEX Spot Volume,2023-02-07,3265732777.0
DEX Spot Volume,2023-02-08,2976799447.0
DEX Spot Volume,2023-02-09,4001026303.0
DEX Spot Volume,2023-02-10,3796052424.0
DEX Spot Volume,2023-02-11,2625283978.0
DEX Spot Volume,2023-02-12,2069054105.0
DEX Spot Volume,2023-02-13,3280777989.0
DEX Spot Volume,2023-02-14,3305332546.0
DEX Spot Volume,2023-02-15,3271723526.0
DEX Spot Volume,2023-02-16,4439512353.0
DEX Spot Volume,2023-02-17,3582905516.0
DEX Spot Volume,2023-02-18,2062566587.0
DEX Spot Volume,2023-02-19,2573788415.0
DEX Spot Volume,2023-02-20,2672522304.0
DEX Spot Volume,2023-02-21,3265597667.0
DEX Spot Volume,2023-02-22,3130386537.0
DEX Spot Volume,2023-02-23,2727584028.0
DEX Spot Volume,2023-02-24,2907205855.0
DEX Spot Volume,2023-02-25,1690245379.0
DEX Spot Volume,2023-02-26,1553983579.0
DEX Spot Volume,2023-02-27,2276059560.0
DEX Spot Volume,2023-02-28,2225423632.0
DEX Spot Volume,2023-03-01,2612051619.0
DEX Spot Volume,2023-03-02,2573689312.0
DEX Spot Volume,2023-03-03,2789488492.0
DEX Spot Volume,2023-03-04,1375165993.0
DEX Spot Volume,2023-03-05,1656070253.0
DEX Spot Volume,2023-03-06,1962992438.0
DEX Spot Volume,2023-03-07,2717078307.0
DEX Spot Volume,2023-03-08,2366252173.0
DEX Spot Volume,2023-03-09,2894994640.0
DEX Spot Volume,2023-03-10,7016343882.0
DEX Spot Volume,2023-03-11,6764830080.0
DEX Spot Volume,2023-03-12,7841890995.0
DEX Spot Volume,2023-03-13,8546270768.0
DEX Spot Volume,2023-03-14,6031029322.0
DEX Spot Volume,2023-03-15,4842955043.0
DEX Spot Volume,2023-03-16,2707717626.0
DEX Spot Volume,2023-03-17,4270919875.0
DEX Spot Volume,2023-03-18,3537115285.0
DEX Spot Volume,2023-03-19,2902004559.0
DEX Spot Volume,2023-03-20,3646137893.0
DEX Spot Volume,2023-03-21,3118341931.0
DEX Spot Volume,2023-03-22,4464192623.0
DEX Spot Volume,2023-03-23,3919356445.0
DEX Spot Volume,2023-03-24,3827464494.0
DEX Spot Volume,2023-03-25,2086681903.0
DEX Spot Volume,2023-03-26,2064103342.0
DEX Spot Volume,2023-03-27,2885139251.0
DEX Spot Volume,2023-03-28,2499170446.0
DEX Spot Volume,2023-03-29,3180689282.0
DEX Spot Volume,2023-03-30,3118463493.0
DEX Spot Volume,2023-03-31,2585407125.0
DEX Spot Volume,2023-04-01,1727098163.0
DEX Spot Volume,2023-04-02,1842363587.0
DEX Spot Volume,2023-04-03,2927181761.0
DEX Spot Volume,2023-04-04,2513130447.0
DEX Spot Volume,2023-04-05,2570289366.0
DEX Spot Volume,2023-04-06,2064070068.0
DEX Spot Volume,2023-04-07,1447197860.0
DEX Spot Volume,2023-04-08,1327144687.0
DEX Spot Volume,2023-04-09,1460063409.0
DEX Spot Volume,2023-04-10,1913311960.0
DEX Spot Volume,2023-04-11,2240099745.0
DEX Spot Volume,2023-04-12,2700431269.0
DEX Spot Volume,2023-04-13,2964484464.0
DEX Spot Volume,2023-04-14,3975470905.0
DEX Spot Volume,2023-04-15,2142083764.0
DEX Spot Volume,2023-04-16,2219874227.0
DEX Spot Volume,2023-04-17,2555630922.0
DEX Spot Volume,2023-04-18,3163346701.0
DEX Spot Volume,2023-04-19,3811126238.0
DEX Spot Volume,2023-04-20,3160628656.0
DEX Spot Volume,2023-04-21,3278109201.0
DEX Spot Volume,2023-04-22,1587058516.0
DEX Spot Volume,2023-04-23,1537581214.0
DEX Spot Volume,2023-04-24,2177175189.0
DEX Spot Volume,2023-04-25,2239716530.0
DEX Spot Volume,2023-04-26,3528633795.0
DEX Spot Volume,2023-04-27,3340390594.0
DEX Spot Volume,2023-04-28,1861667701.0
DEX Spot Volume,2023-04-29,1226107123.0
DEX Spot Volume,2023-04-30,1836820545.0
DEX Spot Volume,2023-05-01,2434321530.0
DEX Spot Volume,2023-05-02,2145681983.0
DEX Spot Volume,2023-05-03,2377135638.0
DEX Spot Volume,2023-05-04,1954295842.0
DEX Spot Volume,2023-05-05,3360523796.0
DEX Spot Volume,2023-05-06,3221602925.0
DEX Spot Volume,2023-05-07,1987237437.0
DEX Spot Volume,2023-05-08,3322113562.0
DEX Spot Volume,2023-05-09,2073497751.0
DEX Spot Volume,2023-05-10,2904130420.0
DEX Spot Volume,2023-05-11,2735471430.0
DEX Spot Volume,2023-05-12,2691412962.0
DEX Spot Volume,2023-05-13,1336593235.0
DEX Spot Volume,2023-05-14,1087014276.0
DEX Spot Volume,2023-05-15,1628092743.0
DEX Spot Volume,2023-05-16,1440927023.0
DEX Spot Volume,2023-05-17,1777057448.0
DEX Spot Volume,2023-05-18,1777426093.0
DEX Spot Volume,2023-05-19,1418657762.0
DEX Spot Volume,2023-05-20,965617651.0
DEX Spot Volume,2023-05-21,1217027379.0
DEX Spot Volume,2023-05-22,1547782873.0
DEX Spot Volume,2023-05-23,2133676150.0
DEX Spot Volume,2023-05-24,1987197759.0
DEX Spot Volume,2023-05-25,1602864253.0
DEX Spot Volume,2023-05-26,1428633054.0
DEX Spot Volume,2023-05-27,922170405.0
DEX Spot Volume,2023-05-28,1788790570.0
DEX Spot Volume,2023-05-29,2154044097.0
DEX Spot Volume,2023-05-30,1751366299.0
DEX Spot Volume,2023-05-31,1802339291.0
DEX Spot Volume,2023-06-01,1606704505.0
DEX Spot Volume,2023-06-02,1659009473.0
DEX Spot Volume,2023-06-03,1106101721.0
DEX Spot Volume,2023-06-04,1026145427.0
DEX Spot Volume,2023-06-05,2900476509.0
DEX Spot Volume,2023-06-06,2611425921.0
DEX Spot Volume,2023-06-07,2418426761.0
DEX Spot Volume,2023-06-08,1647637974.0
DEX Spot Volume,2023-06-09,1630753700.0
DEX Spot Volume,2023-06-10,3833760696.0
DEX Spot Volume,2023-06-11,1278773867.0
DEX Spot Volume,2023-06-12,2164034698.0
DEX Spot Volume,2023-06-13,1948224510.0
DEX Spot Volume,2023-06-14,2365399510.0
DEX Spot Volume,2023-06-15,2429293200.0
DEX Spot Volume,2023-06-16,1968520264.0
DEX Spot Volume,2023-06-17,1465691802.0
DEX Spot Volume,2023-06-18,1132649597.0
DEX Spot Volume,2023-06-19,1695317384.0
DEX Spot Volume,2023-06-20,2457239436.0
DEX Spot Volume,2023-06-21,3803232398.0
DEX Spot Volume,2023-06-22,2860381655.0
DEX Spot Volume,2023-06-23,2848568484.0
DEX Spot Volume,2023-06-24,1467061044.0
DEX Spot Volume,2023-06-25,1917019327.0
DEX Spot Volume,2023-06-26,2473130162.0
DEX Spot Volume,2023-06-27,2375949935.0
DEX Spot Volume,2023-06-28,2093837610.0
DEX Spot Volume,2023-06-29,1891771517.0
DEX Spot Volume,2023-06-30,3774267914.0
DEX Spot Volume,2023-07-01,1536835448.0
DEX Spot Volume,2023-07-02,1659096168.0
DEX Spot Volume,2023-07-03,2218355103.0
DEX Spot Volume,2023-07-04,1787006545.0
DEX Spot Volume,2023-07-05,2798533489.0
DEX Spot Volume,2023-07-06,2551556265.0
DEX Spot Volume,2023-07-07,2044046195.0
DEX Spot Volume,2023-07-08,1362768455.0
DEX Spot Volume,2023-07-09,1278119954.0
DEX Spot Volume,2023-07-10,2293010031.0
DEX Spot Volume,2023-07-11,1683775756.0
DEX Spot Volume,2023-07-12,1875762770.0
DEX Spot Volume,2023-07-13,3330569843.0
DEX Spot Volume,2023-07-14,3204451407.0
DEX Spot Volume,2023-07-15,1493766127.0
DEX Spot Volume,2023-07-16,1352481707.0
DEX Spot Volume,2023-07-17,2296182633.0
DEX Spot Volume,2023-07-18,1834389717.0
DEX Spot Volume,2023-07-19,1737533993.0
DEX Spot Volume,2023-07-20,1892706394.0
DEX Spot Volume,2023-07-21,1351700942.0
DEX Spot Volume,2023-07-22,1395554044.0
DEX Spot Volume,2023-07-23,1068581543.0
DEX Spot Volume,2023-07-24,1804064428.0
DEX Spot Volume,2023-07-25,1282672476.0
DEX Spot Volume,2023-07-26,1694453131.0
DEX Spot Volume,2023-07-27,1430169721.0
DEX Spot Volume,2023-07-28,1269217681.0
DEX Spot Volume,2023-07-29,919977036.0
DEX Spot Volume,2023-07-30,1976724867.0
DEX Spot Volume,2023-07-31,2193913641.0
DEX Spot Volume,2023-08-01,2603283271.0
DEX Spot Volume,2023-08-02,1991668300.0
DEX Spot Volume,2023-08-03,1528005222.0
DEX Spot Volume,2023-08-04,1603026459.0
DEX Spot Volume,2023-08-05,1623059421.0
DEX Spot Volume,2023-08-06,1103914374.0
DEX Spot Volume,2023-08-07,1852603415.0
DEX Spot Volume,2023-08-08,2128807014.0
DEX Spot Volume,2023-08-09,1762028031.0
DEX Spot Volume,2023-08-10,1502714755.0
DEX Spot Volume,2023-08-11,1243657763.0
DEX Spot Volume,2023-08-12,1034999088.0
DEX Spot Volume,2023-08-13,1587517987.0
DEX Spot Volume,2023-08-14,1507474393.0
DEX Spot Volume,2023-08-15,1786607529.0
DEX Spot Volume,2023-08-16,2008424985.0
DEX Spot Volume,2023-08-17,4193605502.0
DEX Spot Volume,2023-08-18,2781582792.0
DEX Spot Volume,2023-08-19,1518392328.0
DEX Spot Volume,2023-08-20,1199594814.0
DEX Spot Volume,2023-08-21,1748817639.0
DEX Spot Volume,2023-08-22,2490905906.0
DEX Spot Volume,2023-08-23,2005489351.0
DEX Spot Volume,2023-08-24,1520219572.0
DEX Spot Volume,2023-08-25,1757821404.0
DEX Spot Volume,2023-08-26,882396492.0
DEX Spot Volume,2023-08-27,923880106.0
DEX Spot Volume,2023-08-28,1590413173.0
DEX Spot Volume,2023-08-29,2664109921.0
DEX Spot Volume,2023-08-30,1492018223.0
DEX Spot Volume,2023-08-31,1997095154.0
DEX Spot Volume,2023-09-01,1961187013.0
DEX Spot Volume,2023-09-02,983921710.0
DEX Spot Volume,2023-09-03,956362288.0
DEX Spot Volume,2023-09-04,1221833457.0
DEX Spot Volume,2023-09-05,1321289175.0
DEX Spot Volume,2023-09-06,1701827514.0
DEX Spot Volume,2023-09-07,1417146480.0
DEX Spot Volume,2023-09-08,1425143109.0
DEX Spot Volume,2023-09-09,811772358.0
DEX Spot Volume,2023-09-10,1410181425.0
DEX Spot Volume,2023-09-11,2366722592.0
DEX Spot Volume,2023-09-12,2145190027.0
DEX Spot Volume,2023-09-13,1720866941.0
DEX Spot Volume,2023-09-14,1737111459.0
DEX Spot Volume,2023-09-15,1531737677.0
DEX Spot Volume,2023-09-16,1006172780.0
DEX Spot Volume,2023-09-17,966644058.0
DEX Spot Volume,2023-09-18,1835327734.0
DEX Spot Volume,2023-09-19,1548775731.0
DEX Spot Volume,2023-09-20,1514695271.0
DEX Spot Volume,2023-09-21,1545736475.0
DEX Spot Volume,2023-09-22,1149586719.0
DEX Spot Volume,2023-09-23,923699566.0
DEX Spot Volume,2023-09-24,875654383.0
DEX Spot Volume,2023-09-25,1544278371.0
DEX Spot Volume,2023-09-26,1235903791.0
DEX Spot Volume,2023-09-27,1809965434.0
DEX Spot Volume,2023-09-28,2072227996.0
DEX Spot Volume,2023-09-29,1786833179.0
DEX Spot Volume,2023-09-30,1413941490.0
DEX Spot Volume,2023-10-01,1911800533.0
DEX Spot Volume,2023-10-02,2780366793.0
DEX Spot Volume,2023-10-03,1961030401.0
DEX Spot Volume,2023-10-04,1774101961.0
DEX Spot Volume,2023-10-05,1769544143.0
DEX Spot Volume,2023-10-06,1562085766.0
DEX Spot Volume,2023-10-07,1033473776.0
DEX Spot Volume,2023-10-08,1285125231.0
DEX Spot Volume,2023-10-09,1669055626.0
DEX Spot Volume,2023-10-10,1502451561.0
DEX Spot Volume,2023-10-11,1877004014.0
DEX Spot Volume,2023-10-12,1642879395.0
DEX Spot Volume,2023-10-13,1457419958.0
DEX Spot Volume,2023-10-14,842769878.0
DEX Spot Volume,2023-10-15,1109687733.0
DEX Spot Volume,2023-10-16,2756129771.0
DEX Spot Volume,2023-10-17,1583578854.0
DEX Spot Volume,2023-10-18,1514224054.0
DEX Spot Volume,2023-10-19,1426074354.0
DEX Spot Volume,2023-10-20,2067074178.0
DEX Spot Volume,2023-10-21,1563655610.0
DEX Spot Volume,2023-10-22,1670798462.0
DEX Spot Volume,2023-10-23,3754091811.0
DEX Spot Volume,2023-10-24,4435203573.0
DEX Spot Volume,2023-10-25,2791184507.0
DEX Spot Volume,2023-10-26,3002451291.0
DEX Spot Volume,2023-10-27,2242922101.0
DEX Spot Volume,2023-10-28,1262261077.0
DEX Spot Volume,2023-10-29,1502425563.0
DEX Spot Volume,2023-10-30,2179953659.0
DEX Spot Volume,2023-10-31,2299212566.0
DEX Spot Volume,2023-11-01,3284278166.0
DEX Spot Volume,2023-11-02,3295034598.0
DEX Spot Volume,2023-11-03,2643915647.0
DEX Spot Volume,2023-11-04,1722120994.0
DEX Spot Volume,2023-11-05,2604706621.0
DEX Spot Volume,2023-11-06,2696929899.0
DEX Spot Volume,2023-11-07,2940329675.0
DEX Spot Volume,2023-11-08,2220839157.0
DEX Spot Volume,2023-11-09,5468248377.0
DEX Spot Volume,2023-11-10,4093179006.0
DEX Spot Volume,2023-11-11,3722769846.0
DEX Spot Volume,2023-11-12,3201613635.0
DEX Spot Volume,2023-11-13,4439738940.0
DEX Spot Volume,2023-11-14,4192833265.0
DEX Spot Volume,2023-11-15,4195942587.0
DEX Spot Volume,2023-11-16,4538493504.0
DEX Spot Volume,2023-11-17,3793478879.0
DEX Spot Volume,2023-11-18,2543427341.0
DEX Spot Volume,2023-11-19,2313830937.0
DEX Spot Volume,2023-11-20,3452663785.0
DEX Spot Volume,2023-11-21,4508950203.0
DEX Spot Volume,2023-11-22,3927526609.0
DEX Spot Volume,2023-11-23,2551557038.0
DEX Spot Volume,2023-11-24,2816471042.0
DEX Spot Volume,2023-11-25,1888882021.0
DEX Spot Volume,2023-11-26,2328676056.0
DEX Spot Volume,2023-11-27,2806942970.0
DEX Spot Volume,2023-11-28,2854467286.0
DEX Spot Volume,2023-11-29,2696108540.0
DEX Spot Volume,2023-11-30,2613622030.0
DEX Spot Volume,2023-12-01,2480632644.0
DEX Spot Volume,2023-12-02,2600863790.0
DEX Spot Volume,2023-12-03,2259121218.0
DEX Spot Volume,2023-12-04,4210403738.0
DEX Spot Volume,2023-12-05,4209538299.0
DEX Spot Volume,2023-12-06,4479611047.0
DEX Spot Volume,2023-12-07,4480172254.0
DEX Spot Volume,2023-12-08,4123360743.0
DEX Spot Volume,2023-12-09,4297066474.0
DEX Spot Volume,2023-12-10,2931819655.0
DEX Spot Volume,2023-12-11,6026851947.0
DEX Spot Volume,2023-12-12,4599976091.0
DEX Spot Volume,2023-12-13,4488415120.0
DEX Spot Volume,2023-12-14,4375258459.0
DEX Spot Volume,2023-12-15,4546079385.0
DEX Spot Volume,2023-12-16,3719508487.0
DEX Spot Volume,2023-12-17,3177261680.0
DEX Spot Volume,2023-12-18,4320980903.0
DEX Spot Volume,2023-12-19,4024337147.0
DEX Spot Volume,2023-12-20,4932710215.0
DEX Spot Volume,2023-12-21,5057181573.0
DEX Spot Volume,2023-12-22,6820872623.0
DEX Spot Volume,2023-12-23,4236286853.0
DEX Spot Volume,2023-12-24,4881377185.0
DEX Spot Volume,2023-12-25,4290174186.0
DEX Spot Volume,2023-12-26,5478396870.0
DEX Spot Volume,2023-12-27,5740162090.0
DEX Spot Volume,2023-12-28,6359412591.0
DEX Spot Volume,2023-12-29,5193579032.0
DEX Spot Volume,2023-12-30,3124754115.0
DEX Spot Volume,2023-12-31,3163685751.0
DEX Spot Volume,2024-01-01,2652825594.0
DEX Spot Volume,2024-01-02,4949823776.0
DEX Spot Volume,2024-01-03,7408261366.0
DEX Spot Volume,2024-01-04,5389618997.0
DEX Spot Volume,2024-01-05,5068578107.0
DEX Spot Volume,2024-01-06,3015018394.0
DEX Spot Volume,2024-01-07,3023890005.0
DEX Spot Volume,2024-01-08,5589146799.0
DEX Spot Volume,2024-01-09,6367322082.0
DEX Spot Volume,2024-01-10,7722192197.0
DEX Spot Volume,2024-01-11,6683409298.0
DEX Spot Volume,2024-01-12,6902966525.0
DEX Spot Volume,2024-01-13,3638108104.0
DEX Spot Volume,2024-01-14,3277821123.0
DEX Spot Volume,2024-01-15,3583882712.0
DEX Spot Volume,2024-01-16,3515667388.0
DEX Spot Volume,2024-01-17,3631008638.0
DEX Spot Volume,2024-01-18,4019517309.0
DEX Spot Volume,2024-01-19,4170989250.0
DEX Spot Volume,2024-01-20,2360717824.0
DEX Spot Volume,2024-01-21,2324751500.0
DEX Spot Volume,2024-01-22,4495710518.0
DEX Spot Volume,2024-01-23,5057493785.0
DEX Spot Volume,2024-01-24,3006273153.0
DEX Spot Volume,2024-01-25,3082723221.0
DEX Spot Volume,2024-01-26,3247909289.0
DEX Spot Volume,2024-01-27,2214035499.0
DEX Spot Volume,2024-01-28,2610572413.0
DEX Spot Volume,2024-01-29,3420743467.0
DEX Spot Volume,2024-01-30,3672267493.0
DEX Spot Volume,2024-01-31,4641206170.0
DEX Spot Volume,2024-02-01,3647864771.0
DEX Spot Volume,2024-02-02,3260355154.0
DEX Spot Volume,2024-02-03,2266047688.0
DEX Spot Volume,2024-02-04,2172128103.0
DEX Spot Volume,2024-02-05,2888004494.0
DEX Spot Volume,2024-02-06,2924160611.0
DEX Spot Volume,2024-02-07,3373763681.0
DEX Spot Volume,2024-02-08,3537916591.0
DEX Spot Volume,2024-02-09,4071059875.0
DEX Spot Volume,2024-02-10,2621681970.0
DEX Spot Volume,2024-02-11,3037054233.0
DEX Spot Volume,2024-02-12,4034782669.0
DEX Spot Volume,2024-02-13,3897020891.0
DEX Spot Volume,2024-02-14,4022427005.0
DEX Spot Volume,2024-02-15,4607682839.0
DEX Spot Volume,2024-02-16,3900770370.0
DEX Spot Volume,2024-02-17,2821337480.0
DEX Spot Volume,2024-02-18,3041929199.0
DEX Spot Volume,2024-02-19,4084247269.0
DEX Spot Volume,2024-02-20,5221120378.0
DEX Spot Volume,2024-02-21,4828167710.0
DEX Spot Volume,2024-02-22,4700947618.0
DEX Spot Volume,2024-02-23,3864663839.0
DEX Spot Volume,2024-02-24,3272023119.0
DEX Spot Volume,2024-02-25,3845378072.0
DEX Spot Volume,2024-02-26,5634652756.0
DEX Spot Volume,2024-02-27,6362064145.0
DEX Spot Volume,2024-02-28,8798525914.0
DEX Spot Volume,2024-02-29,8529983325.0
DEX Spot Volume,2024-03-01,6378148604.0
DEX Spot Volume,2024-03-02,5865276218.0
DEX Spot Volume,2024-03-03,6390032432.0
DEX Spot Volume,2024-03-04,8333874533.0
DEX Spot Volume,2024-03-05,13212049305.0
DEX Spot Volume,2024-03-06,10935814650.0
DEX Spot Volume,2024-03-07,9097672689.0
DEX Spot Volume,2024-03-08,8160667776.0
DEX Spot Volume,2024-03-09,5383642412.0
DEX Spot Volume,2024-03-10,6961793563.0
DEX Spot Volume,2024-03-11,8839351287.0
DEX Spot Volume,2024-03-12,8922569037.0
DEX Spot Volume,2024-03-13,8235158216.0
DEX Spot Volume,2024-03-14,9826505232.0
DEX Spot Volume,2024-03-15,13150607140.0
DEX Spot Volume,2024-03-16,10513513432.0
DEX Spot Volume,2024-03-17,9142059742.0
DEX Spot Volume,2024-03-18,9286852943.0
DEX Spot Volume,2024-03-19,11879818971.0
DEX Spot Volume,2024-03-20,8174398333.0
DEX Spot Volume,2024-03-21,6449482507.0
DEX Spot Volume,2024-03-22,7607345420.0
DEX Spot Volume,2024-03-23,4530783780.0
DEX Spot Volume,2024-03-24,5037621433.0
DEX Spot Volume,2024-03-25,7645885093.0
DEX Spot Volume,2024-03-26,7616121405.0
DEX Spot Volume,2024-03-27,7808811225.0
DEX Spot Volume,2024-03-28,6851606118.0
DEX Spot Volume,2024-03-29,6652042417.0
DEX Spot Volume,2024-03-30,5122510132.0
DEX Spot Volume,2024-03-31,4723305661.0
DEX Spot Volume,2024-04-01,6734126711.0
DEX Spot Volume,2024-04-02,9313677068.0
DEX Spot Volume,2024-04-03,7248865170.0
DEX Spot Volume,2024-04-04,6819868603.0
DEX Spot Volume,2024-04-05,6182214791.0
DEX Spot Volume,2024-04-06,4190789742.0
DEX Spot Volume,2024-04-07,4794469780.0
DEX Spot Volume,2024-04-08,7668587910.0
DEX Spot Volume,2024-04-09,6703541831.0
DEX Spot Volume,2024-04-10,6562012491.0
DEX Spot Volume,2024-04-11,6261768106.0
DEX Spot Volume,2024-04-12,8509851400.0
DEX Spot Volume,2024-04-13,9932953960.0
DEX Spot Volume,2024-04-14,7665988740.0
DEX Spot Volume,2024-04-15,6782904188.0
DEX Spot Volume,2024-04-16,6506508857.0
DEX Spot Volume,2024-04-17,6074327789.0
DEX Spot Volume,2024-04-18,5809904043.0
DEX Spot Volume,2024-04-19,6917810369.0
DEX Spot Volume,2024-04-20,4254876759.0
DEX Spot Volume,2024-04-21,4532115982.0
DEX Spot Volume,2024-04-22,5657819343.0
DEX Spot Volume,2024-04-23,5043354627.0
DEX Spot Volume,2024-04-24,6661876136.0
DEX Spot Volume,2024-04-25,5552687238.0
DEX Spot Volume,2024-04-26,5001580260.0
DEX Spot Volume,2024-04-27,4711037171.0
DEX Spot Volume,2024-04-28,4227355683.0
DEX Spot Volume,2024-04-29,5071670865.0
DEX Spot Volume,2024-04-30,6263487155.0
DEX Spot Volume,2024-05-01,6745892325.0
DEX Spot Volume,2024-05-02,5200746578.0
DEX Spot Volume,2024-05-03,5115985562.0
DEX Spot Volume,2024-05-04,3944671045.0
DEX Spot Volume,2024-05-05,3466190331.0
DEX Spot Volume,2024-05-06,4807030713.0
DEX Spot Volume,2024-05-07,4654612241.0
DEX Spot Volume,2024-05-08,5102133541.0
DEX Spot Volume,2024-05-09,4410549935.0
DEX Spot Volume,2024-05-10,4396520468.0
DEX Spot Volume,2024-05-11,2783355229.0
DEX Spot Volume,2024-05-12,2633147668.0
DEX Spot Volume,2024-05-13,4336140828.0
DEX Spot Volume,2024-05-14,4461876690.0
DEX Spot Volume,2024-05-15,5579302073.0
DEX Spot Volume,2024-05-16,4907387827.0
DEX Spot Volume,2024-05-17,5010811067.0
DEX Spot Volume,2024-05-18,3850648410.0
DEX Spot Volume,2024-05-19,3520471222.0
DEX Spot Volume,2024-05-20,7691170931.0
DEX Spot Volume,2024-05-21,8794095261.0
DEX Spot Volume,2024-05-22,7104095501.0
DEX Spot Volume,2024-05-23,10224864902.0
DEX Spot Volume,2024-05-24,6792206993.0
DEX Spot Volume,2024-05-25,3770132402.0
DEX Spot Volume,2024-05-26,4551489581.0
DEX Spot Volume,2024-05-27,5612560982.0
DEX Spot Volume,2024-05-28,5640203299.0
DEX Spot Volume,2024-05-29,16508267320.0
DEX Spot Volume,2024-05-30,7856157296.0
DEX Spot Volume,2024-05-31,4764421444.0
DEX Spot Volume,2024-06-01,15783576475.0
DEX Spot Volume,2024-06-02,31265212965.0
DEX Spot Volume,2024-06-03,25932981502.0
DEX Spot Volume,2024-06-04,22780663830.0
DEX Spot Volume,2024-06-05,19586565370.0
DEX Spot Volume,2024-06-06,21017550445.0
DEX Spot Volume,2024-06-07,7557542844.0
DEX Spot Volume,2024-06-08,4965240893.0
DEX Spot Volume,2024-06-09,3711679498.0
DEX Spot Volume,2024-06-10,4840714048.0
DEX Spot Volume,2024-06-11,6916811002.0
DEX Spot Volume,2024-06-12,6702237961.0
DEX Spot Volume,2024-06-13,6102423529.0
DEX Spot Volume,2024-06-14,5785151654.0
DEX Spot Volume,2024-06-15,3595497516.0
DEX Spot Volume,2024-06-16,3519117893.0
DEX Spot Volume,2024-06-17,6071545427.0
DEX Spot Volume,2024-06-18,7545298015.0
DEX Spot Volume,2024-06-19,5246389726.0
DEX Spot Volume,2024-06-20,5292220138.0
DEX Spot Volume,2024-06-21,5546857488.0
DEX Spot Volume,2024-06-22,3461971910.0
DEX Spot Volume,2024-06-23,3198387377.0
DEX Spot Volume,2024-06-24,7275859681.0
DEX Spot Volume,2024-06-25,4989669376.0
DEX Spot Volume,2024-06-26,4775662102.0
DEX Spot Volume,2024-06-27,5629335123.0
DEX Spot Volume,2024-06-28,5006334869.0
DEX Spot Volume,2024-06-29,2791469950.0
DEX Spot Volume,2024-06-30,3171385651.0
DEX Spot Volume,2024-07-01,4529453335.0
DEX Spot Volume,2024-07-02,4124250520.0
DEX Spot Volume,2024-07-03,5441755110.0
DEX Spot Volume,2024-07-04,7321086663.0
DEX Spot Volume,2024-07-05,9547116070.0
DEX Spot Volume,2024-07-06,4931737126.0
DEX Spot Volume,2024-07-07,4643208706.0
DEX Spot Volume,2024-07-08,7503806290.0
DEX Spot Volume,2024-07-09,5926571972.0
DEX Spot Volume,2024-07-10,5834752446.0
DEX Spot Volume,2024-07-11,6519053614.0
DEX Spot Volume,2024-07-12,6032626641.0
DEX Spot Volume,2024-07-13,4140155669.0
DEX Spot Volume,2024-07-14,5472290589.0
DEX Spot Volume,2024-07-15,6851151540.0
DEX Spot Volume,2024-07-16,6972766999.0
DEX Spot Volume,2024-07-17,6012792860.0
DEX Spot Volume,2024-07-18,6055852104.0
DEX Spot Volume,2024-07-19,7280024981.0
DEX Spot Volume,2024-07-20,4768623236.0
DEX Spot Volume,2024-07-21,6125832591.0
DEX Spot Volume,2024-07-22,5680303782.0
DEX Spot Volume,2024-07-23,7478087175.0
DEX Spot Volume,2024-07-24,4612496516.0
DEX Spot Volume,2024-07-25,7271384726.0
DEX Spot Volume,2024-07-26,5077114193.0
DEX Spot Volume,2024-07-27,5494257627.0
DEX Spot Volume,2024-07-28,4218043630.0
DEX Spot Volume,2024-07-29,5833621536.0
DEX Spot Volume,2024-07-30,5425775725.0
DEX Spot Volume,2024-07-31,5741082310.0
DEX Spot Volume,2024-08-01,6226731754.0
DEX Spot Volume,2024-08-02,6863706746.0
DEX Spot Volume,2024-08-03,6012138293.0
DEX Spot Volume,2024-08-04,6992085855.0
DEX Spot Volume,2024-08-05,18332505603.0
DEX Spot Volume,2024-08-06,7439986592.0
DEX Spot Volume,2024-08-07,6901464843.0
DEX Spot Volume,2024-08-08,6269300378.0
DEX Spot Volume,2024-08-09,5008707329.0
DEX Spot Volume,2024-08-10,3388929458.0
DEX Spot Volume,2024-08-11,4441378897.0
DEX Spot Volume,2024-08-12,5799584475.0
DEX Spot Volume,2024-08-13,5068814401.0
DEX Spot Volume,2024-08-14,4011685083.0
DEX Spot Volume,2024-08-15,5201344986.0
DEX Spot Volume,2024-08-16,3842886988.0
DEX Spot Volume,2024-08-17,2637603500.0
DEX Spot Volume,2024-08-18,2871988143.0
DEX Spot Volume,2024-08-19,4232764194.0
DEX Spot Volume,2024-08-20,4637099929.0
DEX Spot Volume,2024-08-21,4803135734.0
DEX Spot Volume,2024-08-22,4751917731.0
DEX Spot Volume,2024-08-23,4343526945.0
DEX Spot Volume,2024-08-24,4010213297.0
DEX Spot Volume,2024-08-25,3795175084.0
DEX Spot Volume,2024-08-26,4677913861.0
DEX Spot Volume,2024-08-27,4930231045.0
DEX Spot Volume,2024-08-28,5725928284.0
DEX Spot Volume,2024-08-29,4146084328.0
DEX Spot Volume,2024-08-30,4056255177.0
DEX Spot Volume,2024-08-31,2250867240.0
DEX Spot Volume,2024-09-01,3501839046.0
DEX Spot Volume,2024-09-02,3477860586.0
DEX Spot Volume,2024-09-03,3900826149.0
DEX Spot Volume,2024-09-04,4881079247.0
DEX Spot Volume,2024-09-05,4034017643.0
DEX Spot Volume,2024-09-06,5576850188.0
DEX Spot Volume,2024-09-07,2850961450.0
DEX Spot Volume,2024-09-08,2892234816.0
DEX Spot Volume,2024-09-09,4047995052.0
DEX Spot Volume,2024-09-10,3611564487.0
DEX Spot Volume,2024-09-11,4337503769.0
DEX Spot Volume,2024-09-12,3574429649.0
DEX Spot Volume,2024-09-13,3389918505.0
DEX Spot Volume,2024-09-14,2680903375.0
DEX Spot Volume,2024-09-15,2601336928.0
DEX Spot Volume,2024-09-16,3658977155.0
DEX Spot Volume,2024-09-17,4205417832.0
DEX Spot Volume,2024-09-18,4410304154.0
DEX Spot Volume,2024-09-19,5007904864.0
DEX Spot Volume,2024-09-20,4651506579.0
DEX Spot Volume,2024-09-21,3625195155.0
DEX Spot Volume,2024-09-22,3290626514.0
DEX Spot Volume,2024-09-23,4920911683.0
DEX Spot Volume,2024-09-24,4739854288.0
DEX Spot Volume,2024-09-25,4919933164.0
DEX Spot Volume,2024-09-26,5863145837.0
DEX Spot Volume,2024-09-27,5558495546.0
DEX Spot Volume,2024-09-28,3879594147.0
DEX Spot Volume,2024-09-29,4002222001.0
DEX Spot Volume,2024-09-30,5645169505.0
DEX Spot Volume,2024-10-01,7521977640.0
DEX Spot Volume,2024-10-02,6382915457.0
DEX Spot Volume,2024-10-03,5919059811.0
DEX Spot Volume,2024-10-04,4856731301.0
DEX Spot Volume,2024-10-05,3247254485.0
DEX Spot Volume,2024-10-06,3792857047.0
DEX Spot Volume,2024-10-07,5588714325.0
DEX Spot Volume,2024-10-08,5565623340.0
DEX Spot Volume,2024-10-09,5243603740.0
DEX Spot Volume,2024-10-10,5379920183.0
DEX Spot Volume,2024-10-11,4882914946.0
DEX Spot Volume,2024-10-12,4358795034.0
DEX Spot Volume,2024-10-13,4833881176.0
DEX Spot Volume,2024-10-14,7578458411.0
DEX Spot Volume,2024-10-15,7765778459.0
DEX Spot Volume,2024-10-16,6373519029.0
DEX Spot Volume,2024-10-17,5806735778.0
DEX Spot Volume,2024-10-18,5826390478.0
DEX Spot Volume,2024-10-19,4241065825.0
DEX Spot Volume,2024-10-20,5731404452.0
DEX Spot Volume,2024-10-21,7034854777.0
DEX Spot Volume,2024-10-22,7084324560.0
DEX Spot Volume,2024-10-23,7802368874.0
DEX Spot Volume,2024-10-24,7068227191.0
DEX Spot Volume,2024-10-25,7969640239.0
DEX Spot Volume,2024-10-26,5789941016.0
DEX Spot Volume,2024-10-27,4744526380.0
DEX Spot Volume,2024-10-28,7162711710.0
DEX Spot Volume,2024-10-29,7603041873.0
DEX Spot Volume,2024-10-30,7382765285.0
DEX Spot Volume,2024-10-31,7132302000.0
DEX Spot Volume,2024-11-01,6943512883.0
DEX Spot Volume,2024-11-02,4750164221.0
DEX Spot Volume,2024-11-03,5809758100.0
DEX Spot Volume,2024-11-04,6294415716.0
DEX Spot Volume,2024-11-05,7454047448.0
DEX Spot Volume,2024-11-06,12774459413.0
DEX Spot Volume,2024-11-07,10673655748.0
DEX Spot Volume,2024-11-08,8999508044.0
DEX Spot Volume,2024-11-09,8681171074.0
DEX Spot Volume,2024-11-10,12668946238.0
DEX Spot Volume,2024-11-11,15961132954.0
DEX Spot Volume,2024-11-12,18605314462.0
DEX Spot Volume,2024-11-13,18922962448.0
DEX Spot Volume,2024-11-14,14784858386.0
DEX Spot Volume,2024-11-15,12456869218.0
DEX Spot Volume,2024-11-16,12148731745.0
DEX Spot Volume,2024-11-17,13429574266.0
DEX Spot Volume,2024-11-18,16678024803.0
DEX Spot Volume,2024-11-19,15561997587.0
DEX Spot Volume,2024-11-20,16331037063.0
DEX Spot Volume,2024-11-21,17695876716.0
DEX Spot Volume,2024-11-22,15272258502.0
DEX Spot Volume,2024-11-23,14598647876.0
DEX Spot Volume,2024-11-24,13719777199.0
DEX Spot Volume,2024-11-25,17175508090.0
DEX Spot Volume,2024-11-26,17221491249.0
DEX Spot Volume,2024-11-27,14153741071.0
DEX Spot Volume,2024-11-28,12467322043.0
DEX Spot Volume,2024-11-29,10814462485.0
DEX Spot Volume,2024-11-30,9974496769.0
DEX Spot Volume,2024-12-01,12618061907.0
DEX Spot Volume,2024-12-02,17010375893.0
DEX Spot Volume,2024-12-03,15647938464.0
DEX Spot Volume,2024-12-04,17430242364.0
DEX Spot Volume,2024-12-05,19347710724.0
DEX Spot Volume,2024-12-06,14877100133.0
DEX Spot Volume,2024-12-07,9382356112.0
DEX Spot Volume,2024-12-08,10768935894.0
DEX Spot Volume,2024-12-09,18145153934.0
DEX Spot Volume,2024-12-10,17773835288.0
DEX Spot Volume,2024-12-11,13511252154.0
DEX Spot Volume,2024-12-12,14925679199.0
DEX Spot Volume,2024-12-13,12104412310.0
DEX Spot Volume,2024-12-14,10076159198.0
DEX Spot Volume,2024-12-15,10583465835.0
DEX Spot Volume,2024-12-16,16229554291.0
DEX Spot Volume,2024-12-17,14631745284.0
DEX Spot Volume,2024-12-18,17348747933.0
DEX Spot Volume,2024-12-19,19232846347.0
DEX Spot Volume,2024-12-20,17806339406.0
DEX Spot Volume,2024-12-21,11878655083.0
DEX Spot Volume,2024-12-22,10458603481.0
DEX Spot Volume,2024-12-23,12180276018.0
DEX Spot Volume,2024-12-24,11850572427.0
DEX Spot Volume,2024-12-25,8871264732.0
DEX Spot Volume,2024-12-26,9783054718.0
DEX Spot Volume,2024-12-27,10032046202.0
DEX Spot Volume,2024-12-28,7966248202.0
DEX Spot Volume,2024-12-29,8576395389.0
DEX Spot Volume,2024-12-30,12642963470.0
DEX Spot Volume,2024-12-31,11065526346.0
DEX Spot Volume,2025-01-01,10069507996.0
DEX Spot Volume,2025-01-02,12837741573.0
DEX Spot Volume,2025-01-03,11545619916.0
DEX Spot Volume,2025-01-04,9585650519.0
DEX Spot Volume,2025-01-05,9549681282.0
DEX Spot Volume,2025-01-06,12967216798.0
DEX Spot Volume,2025-01-07,14232300202.0
DEX Spot Volume,2025-01-08,14260722036.0
DEX Spot Volume,2025-01-09,14052412756.0
DEX Spot Volume,2025-01-10,12805486610.0
DEX Spot Volume,2025-01-11,7799175361.0
DEX Spot Volume,2025-01-12,8150699379.0
DEX Spot Volume,2025-01-13,14702627064.0
DEX Spot Volume,2025-01-14,11252571687.0
DEX Spot Volume,2025-01-15,12575135171.0
DEX Spot Volume,2025-01-16,13092262243.0
DEX Spot Volume,2025-01-17,26645479835.0
DEX Spot Volume,2025-01-18,48457866071.0
DEX Spot Volume,2025-01-19,44819611698.0
DEX Spot Volume,2025-01-20,43913128175.0
DEX Spot Volume,2025-01-21,26050188274.0
DEX Spot Volume,2025-01-22,22805882543.0
DEX Spot Volume,2025-01-23,25108466353.0
DEX Spot Volume,2025-01-24,19812928732.0
DEX Spot Volume,2025-01-25,15348600211.0
DEX Spot Volume,2025-01-26,16479001309.0
DEX Spot Volume,2025-01-27,20728142271.0
DEX Spot Volume,2025-01-28,14943869956.0
DEX Spot Volume,2025-01-29,15087056303.0
DEX Spot Volume,2025-01-30,13414828812.0
DEX Spot Volume,2025-01-31,13747699416.0
DEX Spot Volume,2025-02-01,13931543994.0
DEX Spot Volume,2025-02-02,22002359549.0
DEX Spot Volume,2025-02-03,28777581691.0
DEX Spot Volume,2025-02-04,17654949335.0
DEX Spot Volume,2025-02-05,12971377300.0
DEX Spot Volume,2025-02-06,13380954284.0
DEX Spot Volume,2025-02-07,12069431616.0
DEX Spot Volume,2025-02-08,10350227514.0
DEX Spot Volume,2025-02-09,13073968106.0
DEX Spot Volume,2025-02-10,12156238252.0
DEX Spot Volume,2025-02-11,11722415270.0
DEX Spot Volume,2025-02-12,13220903889.0
DEX Spot Volume,2025-02-13,14174543858.0
DEX Spot Volume,2025-02-14,11531353603.0
DEX Spot Volume,2025-02-15,8284362362.0
DEX Spot Volume,2025-02-16,7863144015.0
DEX Spot Volume,2025-02-17,11416638182.0
DEX Spot Volume,2025-02-18,12304818729.0
DEX Spot Volume,2025-02-19,10280531827.0
DEX Spot Volume,2025-02-20,9802549513.0
DEX Spot Volume,2025-02-21,13873743477.0
DEX Spot Volume,2025-02-22,7777002369.0
DEX Spot Volume,2025-02-23,8833486380.0
DEX Spot Volume,2025-02-24,15536902321.0
DEX Spot Volume,2025-02-25,18498605432.0
DEX Spot Volume,2025-02-26,12662248447.0
DEX Spot Volume,2025-02-27,10867872611.0
DEX Spot Volume,2025-02-28,13886886904.99
DEX Spot Volume,2025-03-01,9269297244.0
DEX Spot Volume,2025-03-02,15827342200.0
DEX Spot Volume,2025-03-03,14841633254.0
DEX Spot Volume,2025-03-04,13178888326.0
DEX Spot Volume,2025-03-05,10174403267.0
DEX Spot Volume,2025-03-06,9529950679.0
DEX Spot Volume,2025-03-07,11735181787.0
DEX Spot Volume,2025-03-08,6451545679.0
DEX Spot Volume,2025-03-09,6987670950.0
DEX Spot Volume,2025-03-10,12248447469.0
DEX Spot Volume,2025-03-11,11369874861.0
DEX Spot Volume,2025-03-12,8872803449.87
DEX Spot Volume,2025-03-13,7136266834.0
DEX Spot Volume,2025-03-14,6080882469.0
DEX Spot Volume,2025-03-15,4349731762.0
DEX Spot Volume,2025-03-16,4782485613.0
DEX Spot Volume,2025-03-17,6157407872.0
DEX Spot Volume,2025-03-18,6224683432.0
DEX Spot Volume,2025-03-19,7787963597.58
DEX Spot Volume,2025-03-20,6533018668.0
DEX Spot Volume,2025-03-21,5912453448.0
DEX Spot Volume,2025-03-22,4025967744.0
DEX Spot Volume,2025-03-23,4696296793.0
DEX Spot Volume,2025-03-24,7102439985.0
DEX Spot Volume,2025-03-25,6743149954.0
DEX Spot Volume,2025-03-26,6986695281.0
DEX Spot Volume,2025-03-27,7071218210.0
DEX Spot Volume,2025-03-28,7778911918.0
DEX Spot Volume,2025-03-29,5648298121.0
DEX Spot Volume,2025-03-30,5036798771.0
DEX Spot Volume,2025-03-31,6586517011.0
DEX Spot Volume,2025-04-01,6527711129.09
DEX Spot Volume,2025-04-02,9021075002.0
DEX Spot Volume,2025-04-03,8768319680.0
DEX Spot Volume,2025-04-04,8394076843.0
DEX Spot Volume,2025-04-05,4117208082.0
DEX Spot Volume,2025-04-06,8106159048.0
DEX Spot Volume,2025-04-07,13404268895.0
DEX Spot Volume,2025-04-08,8205127008.95
DEX Spot Volume,2025-04-09,11726500316.0
DEX Spot Volume,2025-04-10,8512564177.0
DEX Spot Volume,2025-04-11,7884791102.0
DEX Spot Volume,2025-04-12,7044252649.0
DEX Spot Volume,2025-04-13,7621168298.0
DEX Spot Volume,2025-04-14,8564914757.0
DEX Spot Volume,2025-04-15,8001311852.0
DEX Spot Volume,2025-04-16,8813999959.0
DEX Spot Volume,2025-04-17,7465236913.0
DEX Spot Volume,2025-04-18,4955754079.0
DEX Spot Volume,2025-04-19,4797326727.0
DEX Spot Volume,2025-04-20,4840936570.0
DEX Spot Volume,2025-04-21,7592392107.0
DEX Spot Volume,2025-04-22,10122015687.0
DEX Spot Volume,2025-04-23,12231624441.0
DEX Spot Volume,2025-04-24,9102653535.0
DEX Spot Volume,2025-04-25,9839386329.0
DEX Spot Volume,2025-04-26,7558539406.0
DEX Spot Volume,2025-04-27,7220408303.0
DEX Spot Volume,2025-04-28,9540239096.0
DEX Spot Volume,2025-04-29,8587261166.0
DEX Spot Volume,2025-04-30,9175890920.0
DEX Spot Volume,2025-05-01,9453818015.0
DEX Spot Volume,2025-05-02,7799260975.0
DEX Spot Volume,2025-05-03,6538268681.0
DEX Spot Volume,2025-05-04,6960175021.0
DEX Spot Volume,2025-05-05,9893162043.0
DEX Spot Volume,2025-05-06,8255780575.0
DEX Spot Volume,2025-05-07,9062366832.0
DEX Spot Volume,2025-05-08,13587776552.0
DEX Spot Volume,2025-05-09,16337968996.0
DEX Spot Volume,2025-05-10,13179683667.0
DEX Spot Volume,2025-05-11,15171417313.0
DEX Spot Volume,2025-05-12,20219849372.0
DEX Spot Volume,2025-05-13,15092702920.0
DEX Spot Volume,2025-05-14,14682348066.0
DEX Spot Volume,2025-05-15,14688816965.0
DEX Spot Volume,2025-05-16,12029579809.0
DEX Spot Volume,2025-05-17,10312192416.0
DEX Spot Volume,2025-05-18,12203299873.0
DEX Spot Volume,2025-05-19,14867659349.0
DEX Spot Volume,2025-05-20,15590411878.0
DEX Spot Volume,2025-05-21,18707611536.0
DEX Spot Volume,2025-05-22,16235649250.0
DEX Spot Volume,2025-05-23,17526194561.0
DEX Spot Volume,2025-05-24,9022919938.0
DEX Spot Volume,2025-05-25,9984320395.0
DEX Spot Volume,2025-05-26,11918439887.0
DEX Spot Volume,2025-05-27,12606597186.0
DEX Spot Volume,2025-05-28,11641192422.0
DEX Spot Volume,2025-05-29,13713705507.29
DEX Spot Volume,2025-05-30,13978832538.0
DEX Spot Volume,2025-05-31,9974248143.0
DEX Spot Volume,2025-06-01,9051399859.46
DEX Spot Volume,2025-06-02,10463452012.9
DEX Spot Volume,2025-06-03,11454954271.0
DEX Spot Volume,2025-06-04,10070713502.0
DEX Spot Volume,2025-06-05,13587207724.0
DEX Spot Volume,2025-06-06,10435726793.0
DEX Spot Volume,2025-06-07,7077433296.0
DEX Spot Volume,2025-06-08,7392270113.74
DEX Spot Volume,2025-06-09,11774449214.0
DEX Spot Volume,2025-06-10,15253266522.0
DEX Spot Volume,2025-06-11,13403101254.0
DEX Spot Volume,2025-06-12,12994132593.0
DEX Spot Volume,2025-06-13,15271894677.0
DEX Spot Volume,2025-06-14,7827371871.0
DEX Spot Volume,2025-06-15,8634550312.0
DEX Spot Volume,2025-06-16,14524775644.07
DEX Spot Volume,2025-06-17,14083843145.0
DEX Spot Volume,2025-06-18,11847057960.3
DEX Spot Volume,2025-06-19,9431972454.0
DEX Spot Volume,2025-06-20,11325865835.0
DEX Spot Volume,2025-06-21,9954707269.0
DEX Spot Volume,2025-06-22,13293736517.0
DEX Spot Volume,2025-06-23,13685098210.0
DEX Spot Volume,2025-06-24,11471948639.0
DEX Spot Volume,2025-06-25,10915010044.0
DEX Spot Volume,2025-06-26,11182502569.0
DEX Spot Volume,2025-06-27,9331806461.0
DEX Spot Volume,2025-06-28,6882960168.0
DEX Spot Volume,2025-06-29,8458391236.0
DEX Spot Volume,2025-06-30,15041401374.0
DEX Spot Volume,2025-07-01,9559358838.0
DEX Spot Volume,2025-07-02,12312545832.0
DEX Spot Volume,2025-07-03,11296361637.0
DEX Spot Volume,2025-07-04,8991910669.0
DEX Spot Volume,2025-07-05,6738966426.0
DEX Spot Volume,2025-07-06,7809985312.0
DEX Spot Volume,2025-07-07,10392672919.0
DEX Spot Volume,2025-07-08,10381520983.0
DEX Spot Volume,2025-07-09,12638433690.0
DEX Spot Volume,2025-07-10,13897182320.0
DEX Spot Volume,2025-07-11,16346375555.0
DEX Spot Volume,2025-07-12,12118666020.0
DEX Spot Volume,2025-07-13,11453679294.0
DEX Spot Volume,2025-07-14,15920501906.0
DEX Spot Volume,2025-07-15,17394973082.0
DEX Spot Volume,2025-07-16,15473362322.0
DEX Spot Volume,2025-07-17,17589154827.0
DEX Spot Volume,2025-07-18,19185771877.0
DEX Spot Volume,2025-07-19,10925593827.0
DEX Spot Volume,2025-07-20,13990076828.0
DEX Spot Volume,2025-07-21,16799255660.0
DEX Spot Volume,2025-07-22,19626478932.0
DEX Spot Volume,2025-07-23,17192388532.0
DEX Spot Volume,2025-07-24,16921503339.0
DEX Spot Volume,2025-07-25,16373538974.0
DEX Spot Volume,2025-07-26,10379298143.0
DEX Spot Volume,2025-07-27,12949695150.0
DEX Spot Volume,2025-07-28,15935843933.0
DEX Spot Volume,2025-07-29,15495061986.0
DEX Spot Volume,2025-07-30,15936580430.0
DEX Spot Volume,2025-07-31,15031199799.0
DEX Spot Volume,2025-08-01,17710727186.0
DEX Spot Volume,2025-08-02,11986165156.0
DEX Spot Volume,2025-08-03,10786184820.0
DEX Spot Volume,2025-08-04,12630635518.0
DEX Spot Volume,2025-08-05,13128925167.0
DEX Spot Volume,2025-08-06,12565627690.0
DEX Spot Volume,2025-08-07,14252319274.0
DEX Spot Volume,2025-08-08,15229722525.0
DEX Spot Volume,2025-08-09,16246517186.0
DEX Spot Volume,2025-08-10,14256125097.0
DEX Spot Volume,2025-08-11,17787344933.0
DEX Spot Volume,2025-08-12,21128745475.0
DEX Spot Volume,2025-08-13,20786483206.0
DEX Spot Volume,2025-08-14,25184647161.0
DEX Spot Volume,2025-08-15,17572568271.0
DEX Spot Volume,2025-08-16,10886608059.0
DEX Spot Volume,2025-08-17,11327634466.0
DEX Spot Volume,2025-08-18,16981933596.0
DEX Spot Volume,2025-08-19,16215423067.0
DEX Spot Volume,2025-08-20,16284586426.0
DEX Spot Volume,2025-08-21,16148868901.0
DEX Spot Volume,2025-08-22,22679208109.0
DEX Spot Volume,2025-08-23,16718341678.0
DEX Spot Volume,2025-08-24,20968288592.0
DEX Spot Volume,2025-08-25,21453027772.0
DEX Spot Volume,2025-08-26,17784283103.0
DEX Spot Volume,2025-08-27,18216550326.0
DEX Spot Volume,2025-08-28,15703288067.0
DEX Spot Volume,2025-08-29,19446332048.0
DEX Spot Volume,2025-08-30,10304308279.0
DEX Spot Volume,2025-08-31,10735648001.0
DEX Spot Volume,2025-09-01,15568505174.0
DEX Spot Volume,2025-09-02,15078605508.0
DEX Spot Volume,2025-09-03,14272960278.0
DEX Spot Volume,2025-09-04,14841339250.0
DEX Spot Volume,2025-09-05,16900149576.0
DEX Spot Volume,2025-09-06,9653885061.0
DEX Spot Volume,2025-09-07,9248944208.0
DEX Spot Volume,2025-09-08,14326843790.0
DEX Spot Volume,2025-09-09,15465939276.0
DEX Spot Volume,2025-09-10,16172936888.0
DEX Spot Volume,2025-09-11,16389265441.78
DEX Spot Volume,2025-09-12,17816432986.4
DEX Spot Volume,2025-09-13,15067056714.19
DEX Spot Volume,2025-09-14,15759916210.53
DEX Spot Volume,2025-09-15,19726058901.0
DEX Spot Volume,2025-09-16,16764560396.0
DEX Spot Volume,2025-09-17,19770800378.0
DEX Spot Volume,2025-09-18,17886598388.0
DEX Spot Volume,2025-09-19,16140694163.0
DEX Spot Volume,2025-09-20,14519550513.0
DEX Spot Volume,2025-09-21,16148987302.0
DEX Spot Volume,2025-09-22,22928997263.0
DEX Spot Volume,2025-09-23,20685016608.0
DEX Spot Volume,2025-09-24,19877405050.0
DEX Spot Volume,2025-09-25,29802544733.0
DEX Spot Volume,2025-09-26,21491380047.0
DEX Spot Volume,2025-09-27,14012030842.0
DEX Spot Volume,2025-09-28,13299078141.0
DEX Spot Volume,2025-09-29,16701994282.0
DEX Spot Volume,2025-09-30,16874938367.0
DEX Spot Volume,2025-10-01,17759154338.0
DEX Spot Volume,2025-10-02,19745909207.0
DEX Spot Volume,2025-10-03,20240667372.0
DEX Spot Volume,2025-10-04,13623060264.0
DEX Spot Volume,2025-10-05,16826789311.0
DEX Spot Volume,2025-10-06,19977931200.0
DEX Spot Volume,2025-10-07,24598877531.0
DEX Spot Volume,2025-10-08,23028192587.0
DEX Spot Volume,2025-10-09,22658344083.0
DEX Spot Volume,2025-10-10,34458635517.0
DEX Spot Volume,2025-10-11,26137917871.0
DEX Spot Volume,2025-10-12,23041912030.0
DEX Spot Volume,2025-10-13,22601468806.0
DEX Spot Volume,2025-10-14,25165253423.0
DEX Spot Volume,2025-10-15,20860408120.0
DEX Spot Volume,2025-10-16,21123530928.0
DEX Spot Volume,2025-10-17,20428341121.0
DEX Spot Volume,2025-10-18,12685619224.0
DEX Spot Volume,2025-10-19,14006741047.0
DEX Spot Volume,2025-10-20,14745035194.0
DEX Spot Volume,2025-10-21,17699845565.0
DEX Spot Volume,2025-10-22,17404245931.0
DEX Spot Volume,2025-10-23,16314015883.0
DEX Spot Volume,2025-10-24,15477812426.0
DEX Spot Volume,2025-10-25,11177984706.0
DEX Spot Volume,2025-10-26,12059746440.16
DEX Spot Volume,2025-10-27,17404423659.0
DEX Spot Volume,2025-10-28,16208832476.0
DEX Spot Volume,2025-10-29,16904781738.0
DEX Spot Volume,2025-10-30,18515726893.0
DEX Spot Volume,2025-10-31,15397888057.0
DEX Spot Volume,2025-11-01,10770325182.0
DEX Spot Volume,2025-11-02,10763792238.0
DEX Spot Volume,2025-11-03,18987790493.12
DEX Spot Volume,2025-11-04,25281406193.0
DEX Spot Volume,2025-11-05,17716257128.0
DEX Spot Volume,2025-11-06,17504581657.0
DEX Spot Volume,2025-11-07,19870451180.0
DEX Spot Volume,2025-11-08,12994735627.0
DEX Spot Volume,2025-11-09,15575530664.0
DEX Spot Volume,2025-11-10,15716713890.0
DEX Spot Volume,2025-11-11,15220969353.0
DEX Spot Volume,2025-11-12,15223968972.0
DEX Spot Volume,2025-11-13,16040917475.04
DEX Spot Volume,2025-11-14,15591914590.0
DEX Spot Volume,2025-11-15,11172455295.0
DEX Spot Volume,2025-11-16,11558782081.0
DEX Spot Volume,2025-11-17,13912466282.0
DEX Spot Volume,2025-11-18,13735285176.0
DEX Spot Volume,2025-11-19,12908572710.0
DEX Spot Volume,2025-11-20,14294770684.0
DEX Spot Volume,2025-11-21,18341582022.0
DEX Spot Volume,2025-11-22,9476892191.0
DEX Spot Volume,2025-11-23,9607927819.0
DEX Spot Volume,2025-11-24,10923597884.0
DEX Spot Volume,2025-11-25,10683834279.0
DEX Spot Volume,2025-11-26,11074710738.0
DEX Spot Volume,2025-11-27,11840166890.78
DEX Spot Volume,2025-11-28,11412133206.0
DEX Spot Volume,2025-11-29,8883469597.0
DEX Spot Volume,2025-11-30,8749891167.0
DEX Spot Volume,2025-12-01,13804598784.0
DEX Spot Volume,2025-12-02,12362378731.0
DEX Spot Volume,2025-12-03,12237666585.0
DEX Spot Volume,2025-12-04,11639454409.0
DEX Spot Volume,2025-12-05,11422798143.78
DEX Spot Volume,2025-12-06,8183069590.0
DEX Spot Volume,2025-12-07,10231661908.0
DEX Spot Volume,2025-12-08,11265625546.0
DEX Spot Volume,2025-12-09,13960212071.0
DEX Spot Volume,2025-12-10,12237198478.0
DEX Spot Volume,2025-12-11,12585597646.0
DEX Spot Volume,2025-12-12,11251515772.0
DEX Spot Volume,2025-12-13,7396845459.0
DEX Spot Volume,2025-12-14,7820705511.0
DEX Spot Volume,2025-12-15,12576910874.0
DEX Spot Volume,2025-12-16,11123048353.0
DEX Spot Volume,2025-12-17,11601763512.0
DEX Spot Volume,2025-12-18,12560066548.0
DEX Spot Volume,2025-12-19,11657485594.0
DEX Spot Volume,2025-12-20,7527339779.0
DEX Spot Volume,2025-12-21,8263876678.0
DEX Spot Volume,2025-12-22,11217795443.0
DEX Spot Volume,2025-12-23,10804330516.0
DEX Spot Volume,2025-12-24,9077212215.0
DEX Spot Volume,2025-12-25,8647823577.0
DEX Spot Volume,2025-12-26,9501027637.0
DEX Spot Volume,2025-12-27,7348128845.0
DEX Spot Volume,2025-12-28,7197669317.0
DEX Spot Volume,2025-12-29,11595013244.0
DEX Spot Volume,2025-12-30,11369468716.0
DEX Spot Volume,2025-12-31,10557560889.0
DEX Spot Volume,2026-01-01,7480534001.0
DEX Spot Volume,2026-01-02,10903272949.08
DEX Spot Volume,2026-01-03,8973047483.0
DEX Spot Volume,2026-01-04,9372216214.0
DEX Spot Volume,2026-01-05,13079649287.84
DEX Spot Volume,2026-01-06,14071032252.0
DEX Spot Volume,2026-01-07,12410677866.0
DEX Spot Volume,2026-01-08,10382762771.0
DEX Spot Volume,2026-01-09,9659170416.1
DEX Spot Volume,2026-01-10,6125924162.84
DEX Spot Volume,2026-01-11,8043563266.43
DEX Spot Volume,2026-01-12,10599207635.28
DEX Spot Volume,2026-01-13,12560802228.48
DEX Spot Volume,2026-01-14,14519958340.25
DEX Spot Volume,2026-01-15,13381383569.74
DEX Spot Volume,2026-01-16,11637174898.59
DEX Spot Volume,2026-01-17,8341387423.41
DEX Spot Volume,2026-01-18,8769634119.73
DEX Spot Volume,2026-01-19,12047632269.42
DEX Spot Volume,2026-01-20,16193698058.23
DEX Spot Volume,2026-01-21,17569311331.0
DEX Spot Volume,2026-01-22,13609577088.0
DEX Spot Volume,2026-01-23,12710798732.3
DEX Spot Volume,2026-01-24,8915241927.49
DEX Spot Volume,2026-01-25,10814922345.38
DEX Spot Volume,2026-01-26,12236765495.0
DEX Spot Volume,2026-01-27,12499452682.0
DEX Spot Volume,2026-01-28,12720811864.18
DEX Spot Volume,2026-01-29,12477838082.6
DEX Spot Volume,2026-01-30,16154234488.11
DEX Spot Volume,2026-01-31,18658920584.38
DEX Spot Volume,2026-02-01,14891952760.0
DEX Spot Volume,2026-02-02,16480626667.0
DEX Spot Volume,2026-02-03,16178026549.0
DEX Spot Volume,2026-02-04,16174045734.7
DEX Spot Volume,2026-02-05,22105695034.0
DEX Spot Volume,2026-02-06,19621412947.0
DEX Spot Volume,2026-02-07,13603153643.0
DEX Spot Volume,2026-02-08,9819599002.0
DEX Spot Volume,2026-02-09,11234408497.01
DEX Spot Volume,2026-02-10,10122083384.0
DEX Spot Volume,2026-02-11,11318590953.480001
DEX Spot Volume,2026-02-12,9833471840.92
DEX Spot Volume,2026-02-13,10307467504.35
DEX Spot Volume,2026-02-14,7395525655.11
DEX Spot Volume,2026-02-15,9185236709.46
DEX Spot Volume,2026-02-16,9047051462.81
DEX Spot Volume,2026-02-17,8190173045.44
DEX Spot Volume,2026-02-18,8438078991.74
DEX Spot Volume,2026-02-19,8701242839.0
DEX Spot Volume,2026-02-20,8418175610.49
DEX Spot Volume,2026-02-21,5476403592.5
DEX Spot Volume,2026-02-22,5638244271.55
DEX Spot Volume,2026-02-23,9070025711.52
DEX Spot Volume,2026-02-24,8680651003.0
DEX Spot Volume,2026-02-25,9562219198.89
DEX Spot Volume,2026-02-26,8388191331.14
DEX Spot Volume,2026-02-27,8200169784.0
DEX Spot Volume,2026-02-28,9307803638.0
DEX Spot Volume,2026-03-01,8762785338.98
DEX Spot Volume,2026-03-02,10309750976.0
DEX Spot Volume,2026-03-03,9372760370.0
DEX Spot Volume,2026-03-04,10583717018.0
DEX Spot Volume,2026-03-05,8895436444.0
DEX Spot Volume,2026-03-06,7974479925.0
DEX Spot Volume,2026-03-07,5192397682.0
DEX Spot Volume,2026-03-08,6289063263.0
DEX Spot Volume,2026-03-09,9148018576.0
DEX Spot Volume,2026-03-10,9174678700.0
DEX Spot Volume,2026-03-11,7689980804.2
DEX Spot Volume,2026-03-12,8479276733.4
DEX Spot Volume,2026-03-13,9641413664.0
DEX Spot Volume,2026-03-14,5164553527.0
DEX Spot Volume,2026-03-15,6455362265.0
DEX Spot Volume,2026-03-16,9406348869.0
DEX Spot Volume,2026-03-17,8369023581.0
DEX Spot Volume,2026-03-18,9742723648.0
DEX Spot Volume,2026-03-19,8093008002.0
DEX Spot Volume,2026-03-20,7530000613.0
DEX Spot Volume,2026-03-21,4892026063.0
DEX Spot Volume,2026-03-22,7644462546.0
DEX Spot Volume,2026-03-23,10339493007.0
DEX Spot Volume,2026-03-24,7165096746.0
DEX Spot Volume,2026-03-25,6660095248.0
DEX Spot Volume,2026-03-26,6571389760.0
DEX Spot Volume,2026-03-27,6999951050.0
DEX Spot Volume,2026-03-28,4762469681.98
DEX Spot Volume,2026-03-29,4957949967.0
DEX Spot Volume,2026-03-30,7200827739.0
DEX Spot Volume,2026-03-31,7736572971.91
DEX Spot Volume,2026-04-01,9122157771.0
DEX Spot Volume,2026-04-02,6836480358.0
DEX Spot Volume,2026-04-03,5173700523.0
DEX Spot Volume,2026-04-04,3942171794.0
DEX Spot Volume,2026-04-05,4398186709.43
DEX Spot Volume,2026-04-06,7069289576.0
DEX Spot Volume,2026-04-07,7507748156.0
DEX Spot Volume,2026-04-08,7701233910.0
DEX Spot Volume,2026-04-09,6761204429.0
DEX Spot Volume,2026-04-10,6234326270.0
DEX Spot Volume,2026-04-11,4844807731.0
DEX Spot Volume,2026-04-12,5197562715.0
DEX Spot Volume,2026-04-13,7484827483.0
DEX Spot Volume,2026-04-14,8226303765.0
DEX Spot Volume,2026-04-15,6403393625.0
DEX Spot Volume,2026-04-16,7323987036.0
DEX Spot Volume,2026-04-17,8277491800.0
DEX Spot Volume,2026-04-18,6378330131.0
DEX Spot Volume,2026-04-19,9145357468.0
DEX Spot Volume,2026-04-20,8149145418.06
DEX Spot Volume,2026-04-21,8968154093.0
DEX Spot Volume,2026-04-22,9034182896.0
DEX Spot Volume,2026-04-23,7664098313.0
DEX Spot Volume,2026-04-24,6068059885.0
DEX Spot Volume,2026-04-25,4399020885.0
DEX Spot Volume,2026-04-26,4986833123.0
DEX Spot Volume,2026-04-27,6527301072.0
DEX Spot Volume,2026-04-28,6917217184.0
DEX Spot Volume,2026-04-29,6706872204.0
DEX Spot Volume,2026-04-30,5844459643.29
DEX Spot Volume,2026-05-01,5596125123.79
DEX Spot Volume,2026-05-02,3859771676.0
DEX Spot Volume,2026-05-03,4257180440.0
DEX Spot Volume,2026-05-04,7885051743.0
DEX Spot Volume,2026-05-05,6506502472.0
DEX Spot Volume,2026-05-06,7081668207.77
DEX Spot Volume,2026-05-07,7107684788.55
DEX Spot Volume,2026-05-08,7826136545.43
DEX Spot Volume,2026-05-09,5695778848.35
DEX Spot Volume,2026-05-10,6506995317.46
DEX Spot Volume,2026-05-11,7333749770.46
DEX Spot Volume,2026-05-12,7070750031.04
DEX Spot Volume,2026-05-13,6971113288.0
DEX Spot Volume,2026-05-14,7766931942.0
DEX Spot Volume,2026-05-15,7487036288.81
DEX Spot Volume,2026-05-16,5206444229.01
DEX Spot Volume,2026-05-17,4669980798.92
DEX Spot Volume,2026-05-18,7024127919.01
DEX Spot Volume,2026-05-19,5873296661.64
DEX Spot Volume,2026-05-20,6447744292.08
DEX Spot Volume,2026-05-21,6834250952.67
DEX Spot Volume,2026-05-22,6737853879.8
DEX Spot Volume,2026-05-23,6184178785.629999
DEX Spot Volume,2026-05-24,5335549370.92
DEX Spot Volume,2026-05-25,5882152937.46
DEX Spot Volume,2026-05-26,8458465401.690001
DEX Spot Volume,2026-05-27,6568602636.5
DEX Spot Volume,2026-05-28,7448002154.0
DEX Spot Volume,2026-05-29,6852674901.66
DEX Spot Volume,2026-05-30,5041274559.04
DEX Spot Volume,2026-05-31,5514912846.0
DEX Spot Volume,2026-06-01,8873889783.0
DEX Spot Volume,2026-06-02,9704904904.47
DEX Spot Volume,2026-06-03,9797486309.84
DEX Spot Volume,2026-06-04,12739865877.38
DEX Spot Volume,2026-06-05,13477552301.06
DEX Spot Volume,2026-06-06,7386199604.22
DEX Spot Volume,2026-06-07,6306244211.0
DEX Spot Volume,2026-06-08,7513755253.55
DEX Spot Volume,2026-06-09,7042074820.05
DEX Spot Volume,2026-06-10,6811576660.0
DEX Spot Volume,2026-06-11,6467970583.96
DEX Spot Volume,2026-06-12,6314565460.919999
DEX Spot Volume,2026-06-13,4170635065.12
DEX Spot Volume,2026-06-14,5062765913.75
DEX Spot Volume,2026-06-15,7742037566.0
DEX Spot Volume,2026-06-16,6996644999.0
DEX Spot Volume,2026-06-17,7685950468.0
DEX Spot Volume,2026-06-18,7408831773.23
DEX Spot Volume,2026-06-19,5383091337.0
DEX Spot Volume,2026-06-20,5336357582.43
DEX Spot Volume,2026-06-21,4808682552.02
DEX Spot Volume,2026-06-22,6610763592.15
DEX Spot Volume,2026-06-23,6910230223.0
DEX Spot Volume,2026-06-24,8598110564.99
DEX Spot Volume,2026-06-25,8776652490.0
DEX Spot Volume,2026-06-26,8139682105.030001
DEX Spot Volume,2026-06-27,4105302235.2
DEX Spot Volume,2026-06-28,4765918544.12
DEX Spot Volume,2026-06-29,7467676676.35
DEX Spot Volume,2026-06-30,6847205254.02
DEX Spot Volume,2026-07-01,7316623192.34
DEX Spot Volume,2026-07-02,6857921744.0
DEX Spot Volume,2026-07-03,5652512034.63
DEX Spot Volume,2026-07-04,5443611924.0
DEX Spot Volume,2026-07-05,5086423442.91
DEX Spot Volume,2026-07-06,6939702781.0
DEX Spot Volume,2026-07-07,7321070367.0
DEX Spot Volume,2026-07-08,7872013269.75
DEX Spot Volume,2026-07-09,6414190574.0
DEX Spot Volume,2026-07-10,6399090861.26
DEX Spot Volume,2026-07-11,5242254465.44
DEX Spot Volume,2026-07-12,5689567819.0
DEX Spot Volume,2026-07-13,7658729203.77
DEX Spot Volume,2026-07-14,7855521143.0
DEX Spot Volume,2026-07-15,7439077573.79
DEX Spot Volume,2026-07-16,6398038804.419999
DEX Spot Volume,2026-07-17,6387960828.5
DEX Spot Volume,2026-07-18,4663244485.77
DEX Spot Volume,2026-07-19,5226693776.65
DEX Spot Volume,2026-07-20,7266587077.169999
DEX Spot Volume,2026-07-21,5948647715.8
DEX Spot Volume,2026-07-22,6145934147.110001
DEX Spot Volume,2026-07-23,5976838470.27
DEX Spot Volume,2026-07-24,6020041306.09
DEX Spot Volume,2026-07-25,3705233171.719999
DEX Spot Volume,2026-07-26,4422444411.709999
DEX Spot Volume,2026-07-27,6961392772.000003
DEX Spot Volume,2026-07-28,6630861548.11
DEX Spot Volume,2026-07-29,7458842932.41
DEX Spot Volume,2026-07-30,6262730890.930001
DEX Spot Volume,2026-07-31,6404330730.340001
DEX Spot Volume,2026-08-01,4458067888.010002
DEX Spot Volume,2026-08-02,5278521662.85
DEX Spot Volume,2026-08-03,6068549864.45
DEX Spot Volume,2026-08-04,6422856795.620001
DEX Spot Volume,2026-08-05,7013948167.309998
DEX Spot Volume,2026-08-06,7056438390.22
DEX Spot Volume,2026-08-07,6545867111.0199995
DEX Spot Volume,2026-08-08,4258865278.11
DEX Spot Volume,2026-08-09,4330850277.410001
DEX Spot Volume,2026-08-10,6152361796.810002
DEX Spot Volume,2026-08-11,5566203512.939998
DEX Spot Volume,2026-08-12,5869101717.000004
DEX Spot Volume,2026-08-13,6113629203.520001
DEX Spot Volume,2026-08-14,5471602031.85
DEX Spot Volume,2026-08-15,4020607088.2400007
DEX Spot Volume,2026-08-16,4136465487.019999
DEX Spot Volume,2026-08-17,5580882701.0599985
DEX Spot Volume,2026-08-18,5805396762.160003
DEX Spot Volume,2026-08-19,11016042244.090002
DEX Spot Volume,2026-08-20,10064706931.95
DEX Spot Volume,2026-08-21,10257166894.18
Stablecoin MC,2017-11-29,110105.0
Stablecoin MC,2017-11-30,110105.0
Stablecoin MC,2017-12-01,110105.0
Stablecoin MC,2017-12-02,110105.0
Stablecoin MC,2017-12-03,110105.0
Stablecoin MC,2017-12-04,110105.0
Stablecoin MC,2017-12-05,110105.0
Stablecoin MC,2017-12-06,110105.0
Stablecoin MC,2017-12-07,110105.0
Stablecoin MC,2017-12-08,110105.0
Stablecoin MC,2017-12-09,110105.0
Stablecoin MC,2017-12-10,110105.0
Stablecoin MC,2017-12-11,110105.0
Stablecoin MC,2017-12-12,110105.0
Stablecoin MC,2017-12-13,110105.0
Stablecoin MC,2017-12-14,110105.0
Stablecoin MC,2017-12-15,110105.0
Stablecoin MC,2017-12-16,110105.0
Stablecoin MC,2017-12-17,110105.0
Stablecoin MC,2017-12-18,110105.0
Stablecoin MC,2017-12-19,110105.0
Stablecoin MC,2017-12-20,110105.0
Stablecoin MC,2017-12-21,110105.0
Stablecoin MC,2017-12-22,110105.0
Stablecoin MC,2017-12-23,110105.0
Stablecoin MC,2017-12-24,110105.0
Stablecoin MC,2017-12-25,110105.0
Stablecoin MC,2017-12-26,110105.0
Stablecoin MC,2017-12-27,110105.0
Stablecoin MC,2017-12-28,110105.0
Stablecoin MC,2017-12-29,110105.0
Stablecoin MC,2017-12-30,110105.0
Stablecoin MC,2017-12-31,110105.0
Stablecoin MC,2018-01-01,110105.0
Stablecoin MC,2018-01-02,110105.0
Stablecoin MC,2018-01-03,110105.0
Stablecoin MC,2018-01-04,110105.0
Stablecoin MC,2018-01-05,110105.0
Stablecoin MC,2018-01-06,110105.0
Stablecoin MC,2018-01-07,110105.0
Stablecoin MC,2018-01-08,110105.0
Stablecoin MC,2018-01-09,110105.0
Stablecoin MC,2018-01-10,110105.0
Stablecoin MC,2018-01-11,30146817.0
Stablecoin MC,2018-01-12,30146817.0
Stablecoin MC,2018-01-13,30146817.0
Stablecoin MC,2018-01-14,30146817.0
Stablecoin MC,2018-01-15,30146817.0
Stablecoin MC,2018-01-16,30146817.0
Stablecoin MC,2018-01-17,30146817.0
Stablecoin MC,2018-01-18,30146817.0
Stablecoin MC,2018-01-19,30146817.0
Stablecoin MC,2018-01-20,30146817.0
Stablecoin MC,2018-01-21,30146817.0
Stablecoin MC,2018-01-22,30146817.0
Stablecoin MC,2018-01-23,30146817.0
Stablecoin MC,2018-01-24,30146817.0
Stablecoin MC,2018-01-25,30146817.0
Stablecoin MC,2018-01-26,30146817.0
Stablecoin MC,2018-01-27,30146817.0
Stablecoin MC,2018-01-28,30146817.0
Stablecoin MC,2018-01-29,60183528.0
Stablecoin MC,2018-01-30,60183528.0
Stablecoin MC,2018-01-31,60183528.0
Stablecoin MC,2018-02-01,60183528.0
Stablecoin MC,2018-02-02,60183528.0
Stablecoin MC,2018-02-03,60183528.0
Stablecoin MC,2018-02-04,60183528.0
Stablecoin MC,2018-02-05,60183528.0
Stablecoin MC,2018-02-06,60183528.0
Stablecoin MC,2018-02-07,60183528.0
Stablecoin MC,2018-02-08,60183528.0
Stablecoin MC,2018-02-09,60183528.0
Stablecoin MC,2018-02-10,60183528.0
Stablecoin MC,2018-02-11,60183528.0
Stablecoin MC,2018-02-12,60183528.0
Stablecoin MC,2018-02-13,60183528.0
Stablecoin MC,2018-02-14,60183528.0
Stablecoin MC,2018-02-15,60183528.0
Stablecoin MC,2018-02-16,60183528.0
Stablecoin MC,2018-02-17,60183528.0
Stablecoin MC,2018-02-18,60183528.0
Stablecoin MC,2018-02-19,60183528.0
Stablecoin MC,2018-02-20,60183528.0
Stablecoin MC,2018-02-21,60183528.0
Stablecoin MC,2018-02-22,60183528.0
Stablecoin MC,2018-02-23,60183528.0
Stablecoin MC,2018-02-24,60183528.0
Stablecoin MC,2018-02-25,60183528.0
Stablecoin MC,2018-02-26,60183528.0
Stablecoin MC,2018-02-27,60183528.0
Stablecoin MC,2018-02-28,60183528.0
Stablecoin MC,2018-03-01,60183528.0
Stablecoin MC,2018-03-02,60183528.0
Stablecoin MC,2018-03-03,60183528.0
Stablecoin MC,2018-03-04,60183528.0
Stablecoin MC,2018-03-05,60183528.0
Stablecoin MC,2018-03-06,60183528.0
Stablecoin MC,2018-03-07,60183528.0
Stablecoin MC,2018-03-08,60183528.0
Stablecoin MC,2018-03-09,60183528.0
Stablecoin MC,2018-03-10,60183528.0
Stablecoin MC,2018-03-11,60183528.0
Stablecoin MC,2018-03-12,60183528.0
Stablecoin MC,2018-03-13,60183528.0
Stablecoin MC,2018-03-14,60183528.0
Stablecoin MC,2018-03-15,60183528.0
Stablecoin MC,2018-03-16,60183528.0
Stablecoin MC,2018-03-17,60183528.0
Stablecoin MC,2018-03-18,60183528.0
Stablecoin MC,2018-03-19,60183528.0
Stablecoin MC,2018-03-20,60183528.0
Stablecoin MC,2018-03-21,60183528.0
Stablecoin MC,2018-03-22,60183528.0
Stablecoin MC,2018-03-23,60183528.0
Stablecoin MC,2018-03-24,60183528.0
Stablecoin MC,2018-03-25,60183528.0
Stablecoin MC,2018-03-26,60183528.0
Stablecoin MC,2018-03-27,60183528.0
Stablecoin MC,2018-03-28,60183528.0
Stablecoin MC,2018-03-29,60183528.0
Stablecoin MC,2018-03-30,60183528.0
Stablecoin MC,2018-03-31,60183528.0
Stablecoin MC,2018-04-01,60183528.0
Stablecoin MC,2018-04-02,60183528.0
Stablecoin MC,2018-04-03,60183528.0
Stablecoin MC,2018-04-04,60183528.0
Stablecoin MC,2018-04-05,60183528.0
Stablecoin MC,2018-04-06,60183528.0
Stablecoin MC,2018-04-07,60183528.0
Stablecoin MC,2018-04-08,60183528.0
Stablecoin MC,2018-04-09,60183528.0
Stablecoin MC,2018-04-10,60183528.0
Stablecoin MC,2018-04-11,60183528.0
Stablecoin MC,2018-04-12,60183528.0
Stablecoin MC,2018-04-13,60183528.0
Stablecoin MC,2018-04-14,60183528.0
Stablecoin MC,2018-04-15,60183528.0
Stablecoin MC,2018-04-16,60183528.0
Stablecoin MC,2018-04-17,60183528.0
Stablecoin MC,2018-04-18,60183528.0
Stablecoin MC,2018-04-19,60183528.0
Stablecoin MC,2018-04-20,60183528.0
Stablecoin MC,2018-04-21,60183528.0
Stablecoin MC,2018-04-22,60183528.0
Stablecoin MC,2018-04-23,60183528.0
Stablecoin MC,2018-04-24,60183528.0
Stablecoin MC,2018-04-25,60183528.0
Stablecoin MC,2018-04-26,60183528.0
Stablecoin MC,2018-04-27,60183528.0
Stablecoin MC,2018-04-28,60183528.0
Stablecoin MC,2018-04-29,60183528.0
Stablecoin MC,2018-04-30,60183528.0
Stablecoin MC,2018-05-01,60183528.0
Stablecoin MC,2018-05-02,60183528.0
Stablecoin MC,2018-05-03,60183528.0
Stablecoin MC,2018-05-04,60183528.0
Stablecoin MC,2018-05-05,60183528.0
Stablecoin MC,2018-05-06,60183528.0
Stablecoin MC,2018-05-07,60183528.0
Stablecoin MC,2018-05-08,60183528.0
Stablecoin MC,2018-05-09,60183528.0
Stablecoin MC,2018-05-10,60183528.0
Stablecoin MC,2018-05-11,60183528.0
Stablecoin MC,2018-05-12,60183528.0
Stablecoin MC,2018-05-13,60183528.0
Stablecoin MC,2018-05-14,60183528.0
Stablecoin MC,2018-05-15,60183528.0
Stablecoin MC,2018-05-16,60183528.0
Stablecoin MC,2018-05-17,60183528.0
Stablecoin MC,2018-05-18,60183528.0
Stablecoin MC,2018-05-19,60183528.0
Stablecoin MC,2018-05-20,60183528.0
Stablecoin MC,2018-05-21,60183528.0
Stablecoin MC,2018-05-22,60183528.0
Stablecoin MC,2018-05-23,60183528.0
Stablecoin MC,2018-05-24,60183528.0
Stablecoin MC,2018-05-25,60183528.0
Stablecoin MC,2018-05-26,60183528.0
Stablecoin MC,2018-05-27,60183528.0
Stablecoin MC,2018-05-28,60183528.0
Stablecoin MC,2018-05-29,60183528.0
Stablecoin MC,2018-05-30,60183528.0
Stablecoin MC,2018-05-31,60183528.0
Stablecoin MC,2018-06-01,60183528.0
Stablecoin MC,2018-06-02,60183528.0
Stablecoin MC,2018-06-03,60183528.0
Stablecoin MC,2018-06-04,60183528.0
Stablecoin MC,2018-06-05,60183528.0
Stablecoin MC,2018-06-06,60183528.0
Stablecoin MC,2018-06-07,60183528.0
Stablecoin MC,2018-06-08,60183528.0
Stablecoin MC,2018-06-09,60183528.0
Stablecoin MC,2018-06-10,60183060.0
Stablecoin MC,2018-06-11,60183060.0
Stablecoin MC,2018-06-12,60183060.0
Stablecoin MC,2018-06-13,60183060.0
Stablecoin MC,2018-06-14,60183060.0
Stablecoin MC,2018-06-15,60183060.0
Stablecoin MC,2018-06-16,60183060.0
Stablecoin MC,2018-06-17,60183060.0
Stablecoin MC,2018-06-18,60183060.0
Stablecoin MC,2018-06-19,60183060.0
Stablecoin MC,2018-06-20,60183060.0
Stablecoin MC,2018-06-21,60183060.0
Stablecoin MC,2018-06-22,60183060.0
Stablecoin MC,2018-06-23,60183060.0
Stablecoin MC,2018-06-24,60183060.0
Stablecoin MC,2018-06-25,60183060.0
Stablecoin MC,2018-06-26,60183060.0
Stablecoin MC,2018-06-27,60183060.0
Stablecoin MC,2018-06-28,60183060.0
Stablecoin MC,2018-06-29,60183060.0
Stablecoin MC,2018-06-30,60183060.0
Stablecoin MC,2018-07-01,60183060.0
Stablecoin MC,2018-07-02,60183060.0
Stablecoin MC,2018-07-03,60183060.0
Stablecoin MC,2018-07-04,60183060.0
Stablecoin MC,2018-07-05,60183060.0
Stablecoin MC,2018-07-06,60183060.0
Stablecoin MC,2018-07-07,60183060.0
Stablecoin MC,2018-07-08,60183060.0
Stablecoin MC,2018-07-09,60183060.0
Stablecoin MC,2018-07-10,60183060.0
Stablecoin MC,2018-07-11,60183060.0
Stablecoin MC,2018-07-12,60183060.0
Stablecoin MC,2018-07-13,60183060.0
Stablecoin MC,2018-07-14,60183060.0
Stablecoin MC,2018-07-15,60183060.0
Stablecoin MC,2018-07-16,60183060.0
Stablecoin MC,2018-07-17,60183060.0
Stablecoin MC,2018-07-18,60183060.0
Stablecoin MC,2018-07-19,60183060.0
Stablecoin MC,2018-07-20,60183060.0
Stablecoin MC,2018-07-21,60183060.0
Stablecoin MC,2018-07-22,60183060.0
Stablecoin MC,2018-07-23,60183060.0
Stablecoin MC,2018-07-24,60183060.0
Stablecoin MC,2018-07-25,60183060.0
Stablecoin MC,2018-07-26,60183060.0
Stablecoin MC,2018-07-27,60183060.0
Stablecoin MC,2018-07-28,60183060.0
Stablecoin MC,2018-07-29,30146348.0
Stablecoin MC,2018-07-30,30146348.0
Stablecoin MC,2018-07-31,15127992.0
Stablecoin MC,2018-08-01,15127992.0
Stablecoin MC,2018-08-02,15127992.0
Stablecoin MC,2018-08-03,15127992.0
Stablecoin MC,2018-08-04,15127992.0
Stablecoin MC,2018-08-05,15127992.0
Stablecoin MC,2018-08-06,15127992.0
Stablecoin MC,2018-08-07,15127992.0
Stablecoin MC,2018-08-08,15127992.0
Stablecoin MC,2018-08-09,15127992.0
Stablecoin MC,2018-08-10,15127992.0
Stablecoin MC,2018-08-11,15127992.0
Stablecoin MC,2018-08-12,15127992.0
Stablecoin MC,2018-08-13,15127992.0
Stablecoin MC,2018-08-14,15127992.0
Stablecoin MC,2018-08-15,15127992.0
Stablecoin MC,2018-08-16,15127992.0
Stablecoin MC,2018-08-17,15127992.0
Stablecoin MC,2018-08-18,15127992.0
Stablecoin MC,2018-08-19,15127992.0
Stablecoin MC,2018-08-20,15127992.0
Stablecoin MC,2018-08-21,15127992.0
Stablecoin MC,2018-08-22,15127992.0
Stablecoin MC,2018-08-23,15127992.0
Stablecoin MC,2018-08-24,15127992.0
Stablecoin MC,2018-08-25,15127992.0
Stablecoin MC,2018-08-26,15127992.0
Stablecoin MC,2018-08-27,15127992.0
Stablecoin MC,2018-08-28,15127992.0
Stablecoin MC,2018-08-29,15127992.0
Stablecoin MC,2018-08-30,15127992.0
Stablecoin MC,2018-08-31,15127992.0
Stablecoin MC,2018-09-01,15127992.0
Stablecoin MC,2018-09-02,15127992.0
Stablecoin MC,2018-09-03,15127992.0
Stablecoin MC,2018-09-04,15127992.0
Stablecoin MC,2018-09-05,15127992.0
Stablecoin MC,2018-09-06,25140229.0
Stablecoin MC,2018-09-07,25140229.0
Stablecoin MC,2018-09-08,25140229.0
Stablecoin MC,2018-09-09,25140229.0
Stablecoin MC,2018-09-10,25140229.0
Stablecoin MC,2018-09-11,25140712.0
Stablecoin MC,2018-09-12,25392059.0
Stablecoin MC,2018-09-13,25391909.0
Stablecoin MC,2018-09-14,25392288.0
Stablecoin MC,2018-09-15,25392288.0
Stablecoin MC,2018-09-16,25392288.0
Stablecoin MC,2018-09-17,25392288.0
Stablecoin MC,2018-09-18,25392985.0
Stablecoin MC,2018-09-19,26695998.0
Stablecoin MC,2018-09-20,26696474.0
Stablecoin MC,2018-09-21,33244652.0
Stablecoin MC,2018-09-22,36823225.0
Stablecoin MC,2018-09-23,37324489.0
Stablecoin MC,2018-09-24,37324489.0
Stablecoin MC,2018-09-25,38337242.0
Stablecoin MC,2018-09-26,38337244.0
Stablecoin MC,2018-09-27,40453807.0
Stablecoin MC,2018-09-28,42437155.0
Stablecoin MC,2018-09-29,43376361.0
Stablecoin MC,2018-09-30,43376612.0
Stablecoin MC,2018-10-01,43376903.0
Stablecoin MC,2018-10-02,45388458.0
Stablecoin MC,2018-10-03,45388413.0
Stablecoin MC,2018-10-04,56823466.0
Stablecoin MC,2018-10-05,57993365.0
Stablecoin MC,2018-10-06,61183499.0
Stablecoin MC,2018-10-07,61183499.0
Stablecoin MC,2018-10-08,61183499.0
Stablecoin MC,2018-10-09,60182585.0
Stablecoin MC,2018-10-10,61552634.0
Stablecoin MC,2018-10-11,61360426.0
Stablecoin MC,2018-10-12,61746551.0
Stablecoin MC,2018-10-13,69255061.0
Stablecoin MC,2018-10-14,71929080.0
Stablecoin MC,2018-10-15,71929080.0
Stablecoin MC,2018-10-16,95242214.0
Stablecoin MC,2018-10-17,109711981.0
Stablecoin MC,2018-10-18,122669962.0
Stablecoin MC,2018-10-19,122417342.0
Stablecoin MC,2018-10-20,135981661.0
Stablecoin MC,2018-10-21,141215783.0
Stablecoin MC,2018-10-22,141215783.0
Stablecoin MC,2018-10-23,151222891.0
Stablecoin MC,2018-10-24,217243483.0
Stablecoin MC,2018-10-25,257103694.0
Stablecoin MC,2018-10-26,256515556.0
Stablecoin MC,2018-10-27,268778018.0
Stablecoin MC,2018-10-28,268894610.0
Stablecoin MC,2018-10-29,268869717.0
Stablecoin MC,2018-10-30,267841333.0
Stablecoin MC,2018-10-31,275451031.0
Stablecoin MC,2018-11-01,272496133.0
Stablecoin MC,2018-11-02,269210270.0
Stablecoin MC,2018-11-03,292132330.0
Stablecoin MC,2018-11-04,294058746.0
Stablecoin MC,2018-11-05,294033663.0
Stablecoin MC,2018-11-06,298266865.0
Stablecoin MC,2018-11-07,297779746.0
Stablecoin MC,2018-11-08,297547742.0
Stablecoin MC,2018-11-09,298054794.0
Stablecoin MC,2018-11-10,296708736.0
Stablecoin MC,2018-11-11,296708736.0
Stablecoin MC,2018-11-12,296021542.0
Stablecoin MC,2018-11-13,292118872.0
Stablecoin MC,2018-11-14,297041913.0
Stablecoin MC,2018-11-15,298967249.0
Stablecoin MC,2018-11-16,299882149.0
Stablecoin MC,2018-11-17,302927985.0
Stablecoin MC,2018-11-18,303953269.0
Stablecoin MC,2018-11-19,304152930.0
Stablecoin MC,2018-11-20,305428397.0
Stablecoin MC,2018-11-21,319244243.0
Stablecoin MC,2018-11-22,326123561.0
Stablecoin MC,2018-11-23,328024067.0
Stablecoin MC,2018-11-24,333262460.0
Stablecoin MC,2018-11-25,332267337.0
Stablecoin MC,2018-11-26,332211506.0
Stablecoin MC,2018-11-27,328550723.0
Stablecoin MC,2018-11-28,330659500.0
Stablecoin MC,2018-11-29,334987955.0
Stablecoin MC,2018-11-30,345832864.0
Stablecoin MC,2018-12-01,367519554.0
Stablecoin MC,2018-12-02,369084000.0
Stablecoin MC,2018-12-03,369085003.0
Stablecoin MC,2018-12-04,387312583.0
Stablecoin MC,2018-12-05,378001146.0
Stablecoin MC,2018-12-06,366256061.0
Stablecoin MC,2018-12-07,374919630.0
Stablecoin MC,2018-12-08,381748882.0
Stablecoin MC,2018-12-09,385657551.0
Stablecoin MC,2018-12-10,385820137.0
Stablecoin MC,2018-12-11,387395091.0
Stablecoin MC,2018-12-12,380981952.0
Stablecoin MC,2018-12-13,376954688.0
Stablecoin MC,2018-12-14,374938971.0
Stablecoin MC,2018-12-15,381787156.0
Stablecoin MC,2018-12-16,382039817.0
Stablecoin MC,2018-12-17,382024207.0
Stablecoin MC,2018-12-18,389327690.0
Stablecoin MC,2018-12-19,389560576.0
Stablecoin MC,2018-12-20,397844173.0
Stablecoin MC,2018-12-21,401433768.0
Stablecoin MC,2018-12-22,410390309.0
Stablecoin MC,2018-12-23,410363120.0
Stablecoin MC,2018-12-24,410339228.0
Stablecoin MC,2018-12-25,409321624.0
Stablecoin MC,2018-12-26,409367178.0
Stablecoin MC,2018-12-27,406994581.0
Stablecoin MC,2018-12-28,412902606.0
Stablecoin MC,2018-12-29,413094578.0
Stablecoin MC,2018-12-30,417643665.0
Stablecoin MC,2018-12-31,417700790.0
Stablecoin MC,2019-01-01,418703521.0
Stablecoin MC,2019-01-02,426564735.0
Stablecoin MC,2019-01-03,441434209.0
Stablecoin MC,2019-01-04,445431052.0
Stablecoin MC,2019-01-05,656909286.0
Stablecoin MC,2019-01-06,657861456.0
Stablecoin MC,2019-01-07,668087067.0
Stablecoin MC,2019-01-08,678079079.0
Stablecoin MC,2019-01-09,686145503.0
Stablecoin MC,2019-01-10,703514342.0
Stablecoin MC,2019-01-11,705507303.0
Stablecoin MC,2019-01-12,714602946.0
Stablecoin MC,2019-01-13,724437741.0
Stablecoin MC,2019-01-14,731674142.0
Stablecoin MC,2019-01-15,731738123.0
Stablecoin MC,2019-01-16,729362227.0
Stablecoin MC,2019-01-17,686093928.0
Stablecoin MC,2019-01-18,686127155.0
Stablecoin MC,2019-01-19,693185573.0
Stablecoin MC,2019-01-20,697968355.0
Stablecoin MC,2019-01-21,697915422.0
Stablecoin MC,2019-01-22,699320589.0
Stablecoin MC,2019-01-23,702324563.0
Stablecoin MC,2019-01-24,683428650.0
Stablecoin MC,2019-01-25,694331097.0
Stablecoin MC,2019-01-26,695918449.0
Stablecoin MC,2019-01-27,694057902.0
Stablecoin MC,2019-01-28,699972824.0
Stablecoin MC,2019-01-29,684559282.0
Stablecoin MC,2019-01-30,679941688.0
Stablecoin MC,2019-01-31,677980074.0
Stablecoin MC,2019-02-01,656437527.0
Stablecoin MC,2019-02-02,656405523.0
Stablecoin MC,2019-02-03,654566639.0
Stablecoin MC,2019-02-04,654848641.0
Stablecoin MC,2019-02-05,643315124.0
Stablecoin MC,2019-02-06,642871918.0
Stablecoin MC,2019-02-07,640843963.0
Stablecoin MC,2019-02-08,627132420.0
Stablecoin MC,2019-02-09,611597009.0
Stablecoin MC,2019-02-10,611475070.0
Stablecoin MC,2019-02-11,610173405.0
Stablecoin MC,2019-02-12,610558760.0
Stablecoin MC,2019-02-13,609291859.0
Stablecoin MC,2019-02-14,593576990.0
Stablecoin MC,2019-02-15,594209465.0
Stablecoin MC,2019-02-16,593853460.0
Stablecoin MC,2019-02-17,593390804.0
Stablecoin MC,2019-02-18,592819777.0
Stablecoin MC,2019-02-19,591365386.0
Stablecoin MC,2019-02-20,592981187.0
Stablecoin MC,2019-02-21,592856781.0
Stablecoin MC,2019-02-22,575529413.0
Stablecoin MC,2019-02-23,607983505.0
Stablecoin MC,2019-02-24,607429187.0
Stablecoin MC,2019-02-25,606147704.0
Stablecoin MC,2019-02-26,604917530.0
Stablecoin MC,2019-02-27,607194119.0
Stablecoin MC,2019-02-28,608018395.0
Stablecoin MC,2019-03-01,604631800.0
Stablecoin MC,2019-03-02,609457831.0
Stablecoin MC,2019-03-03,614875880.0
Stablecoin MC,2019-03-04,614066103.0
Stablecoin MC,2019-03-05,617503191.0
Stablecoin MC,2019-03-06,617183684.0
Stablecoin MC,2019-03-07,616311266.0
Stablecoin MC,2019-03-08,605705037.0
Stablecoin MC,2019-03-09,611676177.0
Stablecoin MC,2019-03-10,612117513.0
Stablecoin MC,2019-03-11,612152961.0
Stablecoin MC,2019-03-12,615786107.0
Stablecoin MC,2019-03-13,617293944.0
Stablecoin MC,2019-03-14,616581546.0
Stablecoin MC,2019-03-15,617405906.0
Stablecoin MC,2019-03-16,616504073.0
Stablecoin MC,2019-03-17,616440390.0
Stablecoin MC,2019-03-18,615168972.0
Stablecoin MC,2019-03-19,619934631.0
Stablecoin MC,2019-03-20,620783471.0
Stablecoin MC,2019-03-21,620504007.0
Stablecoin MC,2019-03-22,626348097.0
Stablecoin MC,2019-03-23,627092805.0
Stablecoin MC,2019-03-24,627265746.0
Stablecoin MC,2019-03-25,627372647.0
Stablecoin MC,2019-03-26,627569909.0
Stablecoin MC,2019-03-27,626551023.0
Stablecoin MC,2019-03-28,626906132.0
Stablecoin MC,2019-03-29,624022441.0
Stablecoin MC,2019-03-30,623555382.0
Stablecoin MC,2019-03-31,623329180.0
Stablecoin MC,2019-04-01,624879301.0
Stablecoin MC,2019-04-02,626365738.0
Stablecoin MC,2019-04-03,629623776.0
Stablecoin MC,2019-04-04,629220955.0
Stablecoin MC,2019-04-05,628933457.0
Stablecoin MC,2019-04-06,630486890.0
Stablecoin MC,2019-04-07,630698261.0
Stablecoin MC,2019-04-08,630813921.0
Stablecoin MC,2019-04-09,650072928.0
Stablecoin MC,2019-04-10,666931817.0
Stablecoin MC,2019-04-11,705608292.0
Stablecoin MC,2019-04-12,709478062.0
Stablecoin MC,2019-04-13,728760160.0
Stablecoin MC,2019-04-14,724085121.0
Stablecoin MC,2019-04-15,726583178.0
Stablecoin MC,2019-04-16,745335594.0
Stablecoin MC,2019-04-17,751906981.0
Stablecoin MC,2019-04-18,805597016.0
Stablecoin MC,2019-04-19,805350312.0
Stablecoin MC,2019-04-20,816170941.0
Stablecoin MC,2019-04-21,810791842.0
Stablecoin MC,2019-04-22,823381930.0
Stablecoin MC,2019-04-23,820431880.0
Stablecoin MC,2019-04-24,885025412.0
Stablecoin MC,2019-04-25,937207494.0
Stablecoin MC,2019-04-26,993315656.0
Stablecoin MC,2019-04-27,1004584996.0
Stablecoin MC,2019-04-28,1043037039.0
Stablecoin MC,2019-04-29,1045269038.0
Stablecoin MC,2019-04-30,1065014749.0
Stablecoin MC,2019-05-01,1074402138.0
Stablecoin MC,2019-05-02,1083256383.0
Stablecoin MC,2019-05-03,1094832692.0
Stablecoin MC,2019-05-04,1108522300.0
Stablecoin MC,2019-05-05,1114859896.0
Stablecoin MC,2019-05-06,1118149291.0
Stablecoin MC,2019-05-07,1124471295.0
Stablecoin MC,2019-05-08,1128582140.0
Stablecoin MC,2019-05-09,1137964062.0
Stablecoin MC,2019-05-10,1079104013.0
Stablecoin MC,2019-05-11,1091691954.0
Stablecoin MC,2019-05-12,1092385725.0
Stablecoin MC,2019-05-13,1094836871.0
Stablecoin MC,2019-05-14,1116617023.0
Stablecoin MC,2019-05-15,1114402458.0
Stablecoin MC,2019-05-16,1124597074.0
Stablecoin MC,2019-05-17,1131070008.0
Stablecoin MC,2019-05-18,1134055734.0
Stablecoin MC,2019-05-19,1137344847.0
Stablecoin MC,2019-05-20,1141824590.0
Stablecoin MC,2019-05-21,1161582545.0
Stablecoin MC,2019-05-22,1187050787.0
Stablecoin MC,2019-05-23,1202639553.0
Stablecoin MC,2019-05-24,1219342854.0
Stablecoin MC,2019-05-25,1260098111.0
Stablecoin MC,2019-05-26,1279466775.0
Stablecoin MC,2019-05-27,1289093842.0
Stablecoin MC,2019-05-28,1295258842.0
Stablecoin MC,2019-05-29,1306525492.0
Stablecoin MC,2019-05-30,1330388464.0
Stablecoin MC,2019-05-31,1302219330.0
Stablecoin MC,2019-06-01,1316565784.0
Stablecoin MC,2019-06-02,1320111780.0
Stablecoin MC,2019-06-03,1319957173.0
Stablecoin MC,2019-06-04,1328807069.0
Stablecoin MC,2019-06-05,1340032591.0
Stablecoin MC,2019-06-06,1369262153.0
Stablecoin MC,2019-06-07,1400091041.0
Stablecoin MC,2019-06-08,1414345017.0
Stablecoin MC,2019-06-09,1414342544.0
Stablecoin MC,2019-06-10,1416353656.0
Stablecoin MC,2019-06-11,1455628105.0
Stablecoin MC,2019-06-12,1487476353.0
Stablecoin MC,2019-06-13,1532681290.0
Stablecoin MC,2019-06-14,1553258375.0
Stablecoin MC,2019-06-15,1574353049.0
Stablecoin MC,2019-06-16,1585454750.0
Stablecoin MC,2019-06-17,1607180551.0
Stablecoin MC,2019-06-18,1629312264.0
Stablecoin MC,2019-06-19,1635358837.0
Stablecoin MC,2019-06-20,1632059716.0
Stablecoin MC,2019-06-21,1647621759.0
Stablecoin MC,2019-06-22,1660454764.0
Stablecoin MC,2019-06-23,1661740777.0
Stablecoin MC,2019-06-24,1676241608.0
Stablecoin MC,2019-06-25,1666845035.0
Stablecoin MC,2019-06-26,1684973417.0
Stablecoin MC,2019-06-27,1685552007.0
Stablecoin MC,2019-06-28,1705236168.0
Stablecoin MC,2019-06-29,1736888606.0
Stablecoin MC,2019-06-30,1766831762.0
Stablecoin MC,2019-07-01,1766659769.0
Stablecoin MC,2019-07-02,1786939453.0
Stablecoin MC,2019-07-03,1806539915.0
Stablecoin MC,2019-07-04,1863841156.0
Stablecoin MC,2019-07-05,1899685625.0
Stablecoin MC,2019-07-06,1950307325.0
Stablecoin MC,2019-07-07,1968012844.0
Stablecoin MC,2019-07-08,1977795201.0
Stablecoin MC,2019-07-09,2034665676.0
Stablecoin MC,2019-07-10,2069383596.0
Stablecoin MC,2019-07-11,2072119461.0
Stablecoin MC,2019-07-12,2113854593.0
Stablecoin MC,2019-07-13,2206512996.0
Stablecoin MC,2019-07-14,2214044635.0
Stablecoin MC,2019-07-15,2219216423.0
Stablecoin MC,2019-07-16,2246616182.0
Stablecoin MC,2019-07-17,2283251496.0
Stablecoin MC,2019-07-18,2329551684.0
Stablecoin MC,2019-07-19,2364681802.0
Stablecoin MC,2019-07-20,2323711618.0
Stablecoin MC,2019-07-21,2324991117.0
Stablecoin MC,2019-07-22,2333186277.0
Stablecoin MC,2019-07-23,2338759545.0
Stablecoin MC,2019-07-24,2336108179.0
Stablecoin MC,2019-07-25,2357159682.0
Stablecoin MC,2019-07-26,2363643120.0
Stablecoin MC,2019-07-27,2363134240.0
Stablecoin MC,2019-07-28,2372507685.0
Stablecoin MC,2019-07-29,2378024208.0
Stablecoin MC,2019-07-30,2406231589.0
Stablecoin MC,2019-07-31,2410754774.0
Stablecoin MC,2019-08-01,2419958837.0
Stablecoin MC,2019-08-02,2417490079.0
Stablecoin MC,2019-08-03,2401420673.0
Stablecoin MC,2019-08-04,2410391794.0
Stablecoin MC,2019-08-05,2418436211.0
Stablecoin MC,2019-08-06,2497816143.0
Stablecoin MC,2019-08-07,2497413191.0
Stablecoin MC,2019-08-08,2489193613.0
Stablecoin MC,2019-08-09,2481193249.0
Stablecoin MC,2019-08-10,2457383265.0
Stablecoin MC,2019-08-11,2461545925.0
Stablecoin MC,2019-08-12,2467056340.0
Stablecoin MC,2019-08-13,2461275948.0
Stablecoin MC,2019-08-14,2444576386.0
Stablecoin MC,2019-08-15,2446072128.0
Stablecoin MC,2019-08-16,2437135234.0
Stablecoin MC,2019-08-17,2445238089.0
Stablecoin MC,2019-08-18,2445015653.0
Stablecoin MC,2019-08-19,2445847972.0
Stablecoin MC,2019-08-20,2449533081.0
Stablecoin MC,2019-08-21,2444419632.0
Stablecoin MC,2019-08-22,2466833723.0
Stablecoin MC,2019-08-23,2468871948.0
Stablecoin MC,2019-08-24,2476648055.0
Stablecoin MC,2019-08-25,2475467081.0
Stablecoin MC,2019-08-26,2477336460.0
Stablecoin MC,2019-08-27,2473973486.0
Stablecoin MC,2019-08-28,2467186992.0
Stablecoin MC,2019-08-29,2472630449.0
Stablecoin MC,2019-08-30,2502101641.0
Stablecoin MC,2019-08-31,2511467562.0
Stablecoin MC,2019-09-01,2510705599.0
Stablecoin MC,2019-09-02,2509464863.0
Stablecoin MC,2019-09-03,2514595784.0
Stablecoin MC,2019-09-04,2540955139.0
Stablecoin MC,2019-09-05,2533527300.0
Stablecoin MC,2019-09-06,2573699148.0
Stablecoin MC,2019-09-07,2601324872.0
Stablecoin MC,2019-09-08,2603893504.0
Stablecoin MC,2019-09-09,2600817246.0
Stablecoin MC,2019-09-10,2596372411.0
Stablecoin MC,2019-09-11,2604927130.0
Stablecoin MC,2019-09-12,2603875369.0
Stablecoin MC,2019-09-13,2911278010.0
Stablecoin MC,2019-09-14,2917532449.0
Stablecoin MC,2019-09-15,2920000940.0
Stablecoin MC,2019-09-16,2919434954.0
Stablecoin MC,2019-09-17,2908515981.0
Stablecoin MC,2019-09-18,2895246296.0
Stablecoin MC,2019-09-19,2878752569.0
Stablecoin MC,2019-09-20,2877558426.0
Stablecoin MC,2019-09-21,2867790725.0
Stablecoin MC,2019-09-22,2867501777.0
Stablecoin MC,2019-09-23,2869496457.0
Stablecoin MC,2019-09-24,2875518005.0
Stablecoin MC,2019-09-25,2895740486.0
Stablecoin MC,2019-09-26,2928533593.0
Stablecoin MC,2019-09-27,2925736459.0
Stablecoin MC,2019-09-28,2937214128.0
Stablecoin MC,2019-09-29,2944065164.0
Stablecoin MC,2019-09-30,2949092827.0
Stablecoin MC,2019-10-01,2961968568.0
Stablecoin MC,2019-10-02,2986861529.0
Stablecoin MC,2019-10-03,3015952498.0
Stablecoin MC,2019-10-04,3047695165.0
Stablecoin MC,2019-10-05,3052193752.0
Stablecoin MC,2019-10-06,3052518668.0
Stablecoin MC,2019-10-07,3074659130.0
Stablecoin MC,2019-10-08,3079252133.0
Stablecoin MC,2019-10-09,3078577267.0
Stablecoin MC,2019-10-10,3082969846.0
Stablecoin MC,2019-10-11,3093100020.0
Stablecoin MC,2019-10-12,3108800792.0
Stablecoin MC,2019-10-13,3108750721.0
Stablecoin MC,2019-10-14,3111147223.0
Stablecoin MC,2019-10-15,3107419491.0
Stablecoin MC,2019-10-16,3110035713.0
Stablecoin MC,2019-10-17,3109572740.0
Stablecoin MC,2019-10-18,3127911639.0
Stablecoin MC,2019-10-19,3139555506.0
Stablecoin MC,2019-10-20,3148064516.0
Stablecoin MC,2019-10-21,3178361515.0
Stablecoin MC,2019-10-22,3184832131.0
Stablecoin MC,2019-10-23,3187422946.0
Stablecoin MC,2019-10-24,3277004889.0
Stablecoin MC,2019-10-25,3377391920.0
Stablecoin MC,2019-10-26,3322678641.0
Stablecoin MC,2019-10-27,3328596049.0
Stablecoin MC,2019-10-28,3326489823.0
Stablecoin MC,2019-10-29,3321494318.0
Stablecoin MC,2019-10-30,3646785193.0
Stablecoin MC,2019-10-31,3656623069.0
Stablecoin MC,2019-11-01,3625997711.0
Stablecoin MC,2019-11-02,3624432294.0
Stablecoin MC,2019-11-03,3638871951.0
Stablecoin MC,2019-11-04,3639340876.0
Stablecoin MC,2019-11-05,3627989710.0
Stablecoin MC,2019-11-06,3649491291.0
Stablecoin MC,2019-11-07,3635927613.0
Stablecoin MC,2019-11-08,3631682455.0
Stablecoin MC,2019-11-09,3618459051.0
Stablecoin MC,2019-11-10,3618226228.0
Stablecoin MC,2019-11-11,3617647752.0
Stablecoin MC,2019-11-12,3616519417.0
Stablecoin MC,2019-11-13,3610517708.0
Stablecoin MC,2019-11-14,3609259705.0
Stablecoin MC,2019-11-15,3599913225.0
Stablecoin MC,2019-11-16,3594129579.0
Stablecoin MC,2019-11-17,3597071879.0
Stablecoin MC,2019-11-18,3596328282.0
Stablecoin MC,2019-11-19,3590660116.0
Stablecoin MC,2019-11-20,3597017502.0
Stablecoin MC,2019-11-21,3593885270.0
Stablecoin MC,2019-11-22,3624101848.0
Stablecoin MC,2019-11-23,3645855979.0
Stablecoin MC,2019-11-24,3621319569.0
Stablecoin MC,2019-11-25,3627795274.0
Stablecoin MC,2019-11-26,3671020542.0
Stablecoin MC,2019-11-27,3671264954.0
Stablecoin MC,2019-11-28,3687589971.0
Stablecoin MC,2019-11-29,3682473291.0
Stablecoin MC,2019-11-30,3693731139.0
Stablecoin MC,2019-12-01,3696530497.0
Stablecoin MC,2019-12-02,3699476292.0
Stablecoin MC,2019-12-03,3738425544.0
Stablecoin MC,2019-12-04,3733631183.0
Stablecoin MC,2019-12-05,3761300671.0
Stablecoin MC,2019-12-06,3757695207.0
Stablecoin MC,2019-12-07,3769105002.0
Stablecoin MC,2019-12-08,3777712068.0
Stablecoin MC,2019-12-09,3779792302.0
Stablecoin MC,2019-12-10,3816928348.0
Stablecoin MC,2019-12-11,4068643525.0
Stablecoin MC,2019-12-12,4046661970.0
Stablecoin MC,2019-12-13,4052025718.0
Stablecoin MC,2019-12-14,4046454853.0
Stablecoin MC,2019-12-15,4047145798.0
Stablecoin MC,2019-12-16,4048868790.0
Stablecoin MC,2019-12-17,4058540792.0
Stablecoin MC,2019-12-18,4060816610.0
Stablecoin MC,2019-12-19,4093955951.0
Stablecoin MC,2019-12-20,4142438731.0
Stablecoin MC,2019-12-21,4170042609.0
Stablecoin MC,2019-12-22,4163555060.0
Stablecoin MC,2019-12-23,4164576755.0
Stablecoin MC,2019-12-24,4175422499.0
Stablecoin MC,2019-12-25,4170493520.0
Stablecoin MC,2019-12-26,4173471024.0
Stablecoin MC,2019-12-27,4165855978.0
Stablecoin MC,2019-12-28,4169845518.0
Stablecoin MC,2019-12-29,4165229806.0
Stablecoin MC,2019-12-30,4167785868.0
Stablecoin MC,2019-12-31,4172399815.0
Stablecoin MC,2020-01-01,4171183915.0
Stablecoin MC,2020-01-02,4172339379.0
Stablecoin MC,2020-01-03,5263029449.0
Stablecoin MC,2020-01-04,5317903566.0
Stablecoin MC,2020-01-05,5322101858.0
Stablecoin MC,2020-01-06,5316121908.0
Stablecoin MC,2020-01-07,5325138380.0
Stablecoin MC,2020-01-08,5304331004.0
Stablecoin MC,2020-01-09,5275432151.0
Stablecoin MC,2020-01-10,5273924299.0
Stablecoin MC,2020-01-11,5259752141.0
Stablecoin MC,2020-01-12,5234934725.0
Stablecoin MC,2020-01-13,5245783884.0
Stablecoin MC,2020-01-14,5231385318.0
Stablecoin MC,2020-01-15,5216671448.0
Stablecoin MC,2020-01-16,5235012363.0
Stablecoin MC,2020-01-17,5232415331.0
Stablecoin MC,2020-01-18,5224614339.0
Stablecoin MC,2020-01-19,5221882346.0
Stablecoin MC,2020-01-20,5227154052.0
Stablecoin MC,2020-01-21,5221336668.0
Stablecoin MC,2020-01-22,5219971982.0
Stablecoin MC,2020-01-23,5227729620.0
Stablecoin MC,2020-01-24,5215652091.0
Stablecoin MC,2020-01-25,5226584411.0
Stablecoin MC,2020-01-26,5220949191.0
Stablecoin MC,2020-01-27,5223306407.0
Stablecoin MC,2020-01-28,5213807404.0
Stablecoin MC,2020-01-29,5241286354.0
Stablecoin MC,2020-01-30,5225319308.0
Stablecoin MC,2020-01-31,5227722361.0
Stablecoin MC,2020-02-01,5223708022.0
Stablecoin MC,2020-02-02,5225343587.0
Stablecoin MC,2020-02-03,5229795520.0
Stablecoin MC,2020-02-04,5235733266.0
Stablecoin MC,2020-02-05,5221892129.0
Stablecoin MC,2020-02-06,5215313720.0
Stablecoin MC,2020-02-07,5221658747.0
Stablecoin MC,2020-02-08,5211462780.0
Stablecoin MC,2020-02-09,5215838450.0
Stablecoin MC,2020-02-10,5243178189.0
Stablecoin MC,2020-02-11,5224485837.0
Stablecoin MC,2020-02-12,5222502601.0
Stablecoin MC,2020-02-13,5217445835.0
Stablecoin MC,2020-02-14,5226055786.0
Stablecoin MC,2020-02-15,5224982222.0
Stablecoin MC,2020-02-16,5224513135.0
Stablecoin MC,2020-02-17,5233688392.0
Stablecoin MC,2020-02-18,5242743901.0
Stablecoin MC,2020-02-19,5228236453.0
Stablecoin MC,2020-02-20,5228023411.0
Stablecoin MC,2020-02-21,5226047156.0
Stablecoin MC,2020-02-22,5232028938.0
Stablecoin MC,2020-02-23,5231475395.0
Stablecoin MC,2020-02-24,5241127908.0
Stablecoin MC,2020-02-25,5219704618.0
Stablecoin MC,2020-02-26,5217265149.0
Stablecoin MC,2020-02-27,5212229955.0
Stablecoin MC,2020-02-28,5235746126.0
Stablecoin MC,2020-02-29,5228258455.0
Stablecoin MC,2020-03-01,5223885102.0
Stablecoin MC,2020-03-02,5229647485.0
Stablecoin MC,2020-03-03,5231240071.0
Stablecoin MC,2020-03-04,5244698752.0
Stablecoin MC,2020-03-05,5244149199.0
Stablecoin MC,2020-03-06,5228153391.0
Stablecoin MC,2020-03-07,5243060587.0
Stablecoin MC,2020-03-08,5241439606.0
Stablecoin MC,2020-03-09,5211954498.0
Stablecoin MC,2020-03-10,5247349957.0
Stablecoin MC,2020-03-11,5248279700.0
Stablecoin MC,2020-03-12,5275124338.0
Stablecoin MC,2020-03-13,5300063186.0
Stablecoin MC,2020-03-14,5388296097.0
Stablecoin MC,2020-03-15,5325996363.0
Stablecoin MC,2020-03-16,5391280199.0
Stablecoin MC,2020-03-17,5408977302.0
Stablecoin MC,2020-03-18,5424695019.0
Stablecoin MC,2020-03-19,5358062292.0
Stablecoin MC,2020-03-20,5440815259.0
Stablecoin MC,2020-03-21,5481009210.0
Stablecoin MC,2020-03-22,5435070454.0
Stablecoin MC,2020-03-23,5460360343.0
Stablecoin MC,2020-03-24,5479578866.0
Stablecoin MC,2020-03-25,5498952201.0
Stablecoin MC,2020-03-26,5523480109.0
Stablecoin MC,2020-03-27,5509246065.0
Stablecoin MC,2020-03-28,5486237668.0
Stablecoin MC,2020-03-29,5497449798.0
Stablecoin MC,2020-03-30,5504589512.0
Stablecoin MC,2020-03-31,5498129318.0
Stablecoin MC,2020-04-01,5484245718.0
Stablecoin MC,2020-04-02,5506879823.0
Stablecoin MC,2020-04-03,7520361335.0
Stablecoin MC,2020-04-04,7562443213.0
Stablecoin MC,2020-04-05,7557471767.0
Stablecoin MC,2020-04-06,7572365440.0
Stablecoin MC,2020-04-07,7551042009.0
Stablecoin MC,2020-04-08,7548153522.0
Stablecoin MC,2020-04-09,7568216566.0
Stablecoin MC,2020-04-10,7579440165.0
Stablecoin MC,2020-04-11,7585666155.0
Stablecoin MC,2020-04-12,7585181801.0
Stablecoin MC,2020-04-13,7597510990.0
Stablecoin MC,2020-04-14,7588940386.0
Stablecoin MC,2020-04-15,7613376819.0
Stablecoin MC,2020-04-16,7594803190.0
Stablecoin MC,2020-04-17,7819217665.0
Stablecoin MC,2020-04-18,7801664672.0
Stablecoin MC,2020-04-19,7800496165.0
Stablecoin MC,2020-04-20,7823573706.0
Stablecoin MC,2020-04-21,7830793196.0
Stablecoin MC,2020-04-22,7810784076.0
Stablecoin MC,2020-04-23,8587470416.0
Stablecoin MC,2020-04-24,8553117734.0
Stablecoin MC,2020-04-25,8572630885.0
Stablecoin MC,2020-04-26,8604432709.0
Stablecoin MC,2020-04-27,8625455878.0
Stablecoin MC,2020-04-28,8633110935.0
Stablecoin MC,2020-04-29,8600774867.0
Stablecoin MC,2020-04-30,9147699579.0
Stablecoin MC,2020-05-01,9140635937.0
Stablecoin MC,2020-05-02,9207527701.0
Stablecoin MC,2020-05-03,9228432767.0
Stablecoin MC,2020-05-04,9255372698.0
Stablecoin MC,2020-05-05,9230502496.0
Stablecoin MC,2020-05-06,9314529388.0
Stablecoin MC,2020-05-07,9385201295.0
Stablecoin MC,2020-05-08,9549415672.0
Stablecoin MC,2020-05-09,9624782717.0
Stablecoin MC,2020-05-10,9786861585.0
Stablecoin MC,2020-05-11,9949939825.0
Stablecoin MC,2020-05-12,9963394794.0
Stablecoin MC,2020-05-13,10116820987.0
Stablecoin MC,2020-05-14,10136924145.0
Stablecoin MC,2020-05-15,10264751759.0
Stablecoin MC,2020-05-16,10320558024.0
Stablecoin MC,2020-05-17,10341701634.0
Stablecoin MC,2020-05-18,10434326150.0
Stablecoin MC,2020-05-19,10406775076.0
Stablecoin MC,2020-05-20,10376233394.0
Stablecoin MC,2020-05-21,10407425906.0
Stablecoin MC,2020-05-22,10385964684.0
Stablecoin MC,2020-05-23,10363482963.0
Stablecoin MC,2020-05-24,10370019549.0
Stablecoin MC,2020-05-25,10442671143.0
Stablecoin MC,2020-05-26,10484879220.0
Stablecoin MC,2020-05-27,10475714784.0
Stablecoin MC,2020-05-28,10504143820.0
Stablecoin MC,2020-05-29,10521810563.0
Stablecoin MC,2020-05-30,10519046047.0
Stablecoin MC,2020-05-31,10585121020.0
Stablecoin MC,2020-06-01,10554004111.0
Stablecoin MC,2020-06-02,10586824965.0
Stablecoin MC,2020-06-03,10671128095.0
Stablecoin MC,2020-06-04,10695185238.0
Stablecoin MC,2020-06-05,10737882005.0
Stablecoin MC,2020-06-06,10738031561.0
Stablecoin MC,2020-06-07,10761958070.0
Stablecoin MC,2020-06-08,10787742244.0
Stablecoin MC,2020-06-09,10823151728.0
Stablecoin MC,2020-06-10,10829666746.0
Stablecoin MC,2020-06-11,10890764535.0
Stablecoin MC,2020-06-12,10905210278.0
Stablecoin MC,2020-06-13,10968146982.0
Stablecoin MC,2020-06-14,10974580616.0
Stablecoin MC,2020-06-15,10981821533.0
Stablecoin MC,2020-06-16,10993052761.0
Stablecoin MC,2020-06-17,11046065654.0
Stablecoin MC,2020-06-18,11076394900.0
Stablecoin MC,2020-06-19,11128934632.0
Stablecoin MC,2020-06-20,11221972787.0
Stablecoin MC,2020-06-21,11269431397.0
Stablecoin MC,2020-06-22,11291371486.0
Stablecoin MC,2020-06-23,11339256517.0
Stablecoin MC,2020-06-24,11296008399.0
Stablecoin MC,2020-06-25,11311637151.0
Stablecoin MC,2020-06-26,11296196966.0
Stablecoin MC,2020-06-27,11332058794.0
Stablecoin MC,2020-06-28,11374659438.0
Stablecoin MC,2020-06-29,11380691760.0
Stablecoin MC,2020-06-30,11358673903.0
Stablecoin MC,2020-07-01,11383093396.0
Stablecoin MC,2020-07-02,11425556916.0
Stablecoin MC,2020-07-03,11431108455.0
Stablecoin MC,2020-07-04,11483052161.0
Stablecoin MC,2020-07-05,11548633482.0
Stablecoin MC,2020-07-06,11565106680.0
Stablecoin MC,2020-07-07,11583052130.0
Stablecoin MC,2020-07-08,11613650912.0
Stablecoin MC,2020-07-09,11655649781.0
Stablecoin MC,2020-07-10,11700112852.0
Stablecoin MC,2020-07-11,11725234590.0
Stablecoin MC,2020-07-12,11771509505.0
Stablecoin MC,2020-07-13,11763836778.0
Stablecoin MC,2020-07-14,11780976433.0
Stablecoin MC,2020-07-15,11773476460.0
Stablecoin MC,2020-07-16,11813810554.0
Stablecoin MC,2020-07-17,11830259623.0
Stablecoin MC,2020-07-18,11849455193.0
Stablecoin MC,2020-07-19,11894179709.0
Stablecoin MC,2020-07-20,11969106677.0
Stablecoin MC,2020-07-21,11938472006.0
Stablecoin MC,2020-07-22,11975957518.0
Stablecoin MC,2020-07-23,12097975744.0
Stablecoin MC,2020-07-24,12204801535.0
Stablecoin MC,2020-07-25,12347906320.0
Stablecoin MC,2020-07-26,12372278797.0
Stablecoin MC,2020-07-27,12465221658.0
Stablecoin MC,2020-07-28,12383296918.0
Stablecoin MC,2020-07-29,12687742037.0
Stablecoin MC,2020-07-30,12857007871.0
Stablecoin MC,2020-07-31,12945799525.0
Stablecoin MC,2020-08-01,12997040523.0
Stablecoin MC,2020-08-02,13171858040.0
Stablecoin MC,2020-08-03,13308724862.0
Stablecoin MC,2020-08-04,13363209257.0
Stablecoin MC,2020-08-05,13431874835.0
Stablecoin MC,2020-08-06,13517437732.0
Stablecoin MC,2020-08-07,13606345989.0
Stablecoin MC,2020-08-08,13782849335.0
Stablecoin MC,2020-08-09,13931351384.0
Stablecoin MC,2020-08-10,14015095923.0
Stablecoin MC,2020-08-11,14044986697.0
Stablecoin MC,2020-08-12,14201087438.0
Stablecoin MC,2020-08-13,14274053304.0
Stablecoin MC,2020-08-14,14412843493.0
Stablecoin MC,2020-08-15,14729755991.0
Stablecoin MC,2020-08-16,14716514938.0
Stablecoin MC,2020-08-17,14789004093.0
Stablecoin MC,2020-08-18,14946391238.0
Stablecoin MC,2020-08-19,15211544080.0
Stablecoin MC,2020-08-20,15234414789.0
Stablecoin MC,2020-08-21,15351565275.0
Stablecoin MC,2020-08-22,15483952267.0
Stablecoin MC,2020-08-23,15589971518.0
Stablecoin MC,2020-08-24,15651852185.0
Stablecoin MC,2020-08-25,15683049208.0
Stablecoin MC,2020-08-26,15713038116.0
Stablecoin MC,2020-08-27,15739839907.0
Stablecoin MC,2020-08-28,15916692357.0
Stablecoin MC,2020-08-29,16027177068.0
Stablecoin MC,2020-08-30,16239233729.0
Stablecoin MC,2020-08-31,16279044423.0
Stablecoin MC,2020-09-01,15532002662.0
Stablecoin MC,2020-09-02,15710624166.0
Stablecoin MC,2020-09-03,15988893435.0
Stablecoin MC,2020-09-04,16074034556.0
Stablecoin MC,2020-09-05,16250017617.0
Stablecoin MC,2020-09-06,16314487648.0
Stablecoin MC,2020-09-07,16369358912.0
Stablecoin MC,2020-09-08,16693319540.0
Stablecoin MC,2020-09-09,16683353126.0
Stablecoin MC,2020-09-10,17028544020.0
Stablecoin MC,2020-09-11,17127423300.0
Stablecoin MC,2020-09-12,17222888229.0
Stablecoin MC,2020-09-13,17296473959.0
Stablecoin MC,2020-09-14,17626513489.0
Stablecoin MC,2020-09-15,16766487247.0
Stablecoin MC,2020-09-16,17914861141.0
Stablecoin MC,2020-09-17,18167633011.0
Stablecoin MC,2020-09-18,18397062583.0
Stablecoin MC,2020-09-19,18522247374.0
Stablecoin MC,2020-09-20,18818356670.0
Stablecoin MC,2020-09-21,18900033656.0
Stablecoin MC,2020-09-22,18962696330.0
Stablecoin MC,2020-09-23,18988744019.0
Stablecoin MC,2020-09-24,19071443302.0
Stablecoin MC,2020-09-25,19143946257.0
Stablecoin MC,2020-09-26,19167981519.0
Stablecoin MC,2020-09-27,19254845168.0
Stablecoin MC,2020-09-28,19302943363.0
Stablecoin MC,2020-09-29,19215170367.0
Stablecoin MC,2020-09-30,19222845395.0
Stablecoin MC,2020-10-01,19240552781.0
Stablecoin MC,2020-10-02,19388146193.0
Stablecoin MC,2020-10-03,19469681949.0
Stablecoin MC,2020-10-04,19515757283.0
Stablecoin MC,2020-10-05,19538488716.0
Stablecoin MC,2020-10-06,19556497402.0
Stablecoin MC,2020-10-07,19592005881.0
Stablecoin MC,2020-10-08,19610520376.0
Stablecoin MC,2020-10-09,19885140655.0
Stablecoin MC,2020-10-10,19968511646.0
Stablecoin MC,2020-10-11,20027811790.0
Stablecoin MC,2020-10-12,20049862183.0
Stablecoin MC,2020-10-13,20076105724.0
Stablecoin MC,2020-10-14,20044629130.0
Stablecoin MC,2020-10-15,20031295392.0
Stablecoin MC,2020-10-16,20020759547.0
Stablecoin MC,2020-10-17,19996328714.0
Stablecoin MC,2020-10-18,19989049444.0
Stablecoin MC,2020-10-19,20028314554.0
Stablecoin MC,2020-10-20,20161464213.0
Stablecoin MC,2020-10-21,20490481064.0
Stablecoin MC,2020-10-22,20582540993.0
Stablecoin MC,2020-10-23,20687161494.0
Stablecoin MC,2020-10-24,20667287789.0
Stablecoin MC,2020-10-25,20703575834.0
Stablecoin MC,2020-10-26,20739303757.0
Stablecoin MC,2020-10-27,20820459145.0
Stablecoin MC,2020-10-28,20852357853.0
Stablecoin MC,2020-10-29,21000285806.0
Stablecoin MC,2020-10-30,21036905639.0
Stablecoin MC,2020-10-31,21187499543.0
Stablecoin MC,2020-11-01,21231726205.0
Stablecoin MC,2020-11-02,21248302437.0
Stablecoin MC,2020-11-03,21233946173.0
Stablecoin MC,2020-11-04,21366589230.0
Stablecoin MC,2020-11-05,21322481969.0
Stablecoin MC,2020-11-06,21608958242.0
Stablecoin MC,2020-11-07,21720781734.0
Stablecoin MC,2020-11-08,21755135515.0
Stablecoin MC,2020-11-09,21741002105.0
Stablecoin MC,2020-11-10,21681847475.0
Stablecoin MC,2020-11-11,21851417384.0
Stablecoin MC,2020-11-12,22050019495.0
Stablecoin MC,2020-11-13,22221618449.0
Stablecoin MC,2020-11-14,22249954555.0
Stablecoin MC,2020-11-15,22293125031.0
Stablecoin MC,2020-11-16,22295960588.0
Stablecoin MC,2020-11-17,22431750392.0
Stablecoin MC,2020-11-18,22375423887.0
Stablecoin MC,2020-11-19,22386337655.0
Stablecoin MC,2020-11-20,22566217488.0
Stablecoin MC,2020-11-21,22967085725.0
Stablecoin MC,2020-11-22,23021343457.0
Stablecoin MC,2020-11-23,23085482714.0
Stablecoin MC,2020-11-24,23245455645.0
Stablecoin MC,2020-11-25,23468751798.0
Stablecoin MC,2020-11-26,23476455550.0
Stablecoin MC,2020-11-27,23456593336.0
Stablecoin MC,2020-11-28,23444438936.0
Stablecoin MC,2020-11-29,23590477413.0
Stablecoin MC,2020-11-30,23608193267.0
Stablecoin MC,2020-12-01,24042598073.0
Stablecoin MC,2020-12-02,24234987463.0
Stablecoin MC,2020-12-03,24292980539.0
Stablecoin MC,2020-12-04,24394975270.0
Stablecoin MC,2020-12-05,24602472650.0
Stablecoin MC,2020-12-06,24631922957.0
Stablecoin MC,2020-12-07,24679621713.0
Stablecoin MC,2020-12-08,24610380941.0
Stablecoin MC,2020-12-09,24603810064.0
Stablecoin MC,2020-12-10,24601247569.0
Stablecoin MC,2020-12-11,24755657672.0
Stablecoin MC,2020-12-12,24801836725.0
Stablecoin MC,2020-12-13,24925034081.0
Stablecoin MC,2020-12-14,24978025621.0
Stablecoin MC,2020-12-15,25045581404.0
Stablecoin MC,2020-12-16,25274413332.0
Stablecoin MC,2020-12-17,25408602917.0
Stablecoin MC,2020-12-18,25434573975.0
Stablecoin MC,2020-12-19,25692992103.0
Stablecoin MC,2020-12-20,25835344038.0
Stablecoin MC,2020-12-21,25829530660.0
Stablecoin MC,2020-12-22,25956637288.0
Stablecoin MC,2020-12-23,25937013754.0
Stablecoin MC,2020-12-24,26187858197.0
Stablecoin MC,2020-12-25,26491777649.0
Stablecoin MC,2020-12-26,26526907626.0
Stablecoin MC,2020-12-27,26550584276.0
Stablecoin MC,2020-12-28,26583425154.0
Stablecoin MC,2020-12-29,26831297054.0
Stablecoin MC,2020-12-30,26887152847.0
Stablecoin MC,2020-12-31,27064715439.0
Stablecoin MC,2021-01-01,27375658126.0
Stablecoin MC,2021-01-02,28273706662.0
Stablecoin MC,2021-01-03,29253311943.0
Stablecoin MC,2021-01-04,29421759680.0
Stablecoin MC,2021-01-05,29278125285.0
Stablecoin MC,2021-01-06,30082707424.0
Stablecoin MC,2021-01-07,31125447521.0
Stablecoin MC,2021-01-08,31205749318.0
Stablecoin MC,2021-01-09,32056057167.0
Stablecoin MC,2021-01-10,32342791893.0
Stablecoin MC,2021-01-11,32265050108.0
Stablecoin MC,2021-01-12,32277903447.0
Stablecoin MC,2021-01-13,32566525810.0
Stablecoin MC,2021-01-14,32637676033.0
Stablecoin MC,2021-01-15,32643280328.0
Stablecoin MC,2021-01-16,32786523404.0
Stablecoin MC,2021-01-17,33013894956.0
Stablecoin MC,2021-01-18,32988630915.0
Stablecoin MC,2021-01-19,33542943279.0
Stablecoin MC,2021-01-20,33588749567.0
Stablecoin MC,2021-01-21,33767194674.0
Stablecoin MC,2021-01-22,33816917907.0
Stablecoin MC,2021-01-23,34070284632.0
Stablecoin MC,2021-01-24,34120643812.0
Stablecoin MC,2021-01-25,34279281923.0
Stablecoin MC,2021-01-26,34222369790.0
Stablecoin MC,2021-01-27,34732159954.0
Stablecoin MC,2021-01-28,35415385053.0
Stablecoin MC,2021-01-29,36040572347.0
Stablecoin MC,2021-01-30,36551703484.0
Stablecoin MC,2021-01-31,36629455491.0
Stablecoin MC,2021-02-01,37167703961.0
Stablecoin MC,2021-02-02,37086696036.0
Stablecoin MC,2021-02-03,35663097749.0
Stablecoin MC,2021-02-04,38242784718.0
Stablecoin MC,2021-02-05,38765375111.0
Stablecoin MC,2021-02-06,39983126144.0
Stablecoin MC,2021-02-07,40081733742.0
Stablecoin MC,2021-02-08,41494705769.0
Stablecoin MC,2021-02-09,41832015214.0
Stablecoin MC,2021-02-10,43063490614.0
Stablecoin MC,2021-02-11,43411624696.0
Stablecoin MC,2021-02-12,43642979052.0
Stablecoin MC,2021-02-13,44805054278.0
Stablecoin MC,2021-02-14,45273122444.0
Stablecoin MC,2021-02-15,45318287216.0
Stablecoin MC,2021-02-16,45778782256.0
Stablecoin MC,2021-02-17,46681235565.0
Stablecoin MC,2021-02-18,46840234398.0
Stablecoin MC,2021-02-19,47471759076.0
Stablecoin MC,2021-02-20,49109402708.0
Stablecoin MC,2021-02-21,49566655523.0
Stablecoin MC,2021-02-22,49555991966.0
Stablecoin MC,2021-02-23,49998356144.0
Stablecoin MC,2021-02-24,49999448699.0
Stablecoin MC,2021-02-25,50562420978.0
Stablecoin MC,2021-02-26,50336048106.0
Stablecoin MC,2021-02-27,51066701418.0
Stablecoin MC,2021-02-28,50754678543.0
Stablecoin MC,2021-03-01,52105582169.0
Stablecoin MC,2021-03-02,52516852234.0
Stablecoin MC,2021-03-03,54029072554.0
Stablecoin MC,2021-03-04,53444825224.0
Stablecoin MC,2021-03-05,53892609327.0
Stablecoin MC,2021-03-06,54054094234.0
Stablecoin MC,2021-03-07,54357759822.0
Stablecoin MC,2021-03-08,54355635147.0
Stablecoin MC,2021-03-09,54101141780.0
Stablecoin MC,2021-03-10,55427420786.0
Stablecoin MC,2021-03-11,55698583027.0
Stablecoin MC,2021-03-12,56023489973.0
Stablecoin MC,2021-03-13,56422136775.0
Stablecoin MC,2021-03-14,56458947299.0
Stablecoin MC,2021-03-15,57499218523.0
Stablecoin MC,2021-03-16,58209242175.0
Stablecoin MC,2021-03-17,58347051686.0
Stablecoin MC,2021-03-18,58668266552.0
Stablecoin MC,2021-03-19,58962195777.0
Stablecoin MC,2021-03-20,59207118625.0
Stablecoin MC,2021-03-21,60280760071.0
Stablecoin MC,2021-03-22,60481721213.0
Stablecoin MC,2021-03-23,60713414482.0
Stablecoin MC,2021-03-24,60538066683.0
Stablecoin MC,2021-03-25,60604268208.0
Stablecoin MC,2021-03-26,60788650682.0
Stablecoin MC,2021-03-27,62237804352.0
Stablecoin MC,2021-03-28,62382334411.0
Stablecoin MC,2021-03-29,62853307642.0
Stablecoin MC,2021-03-30,62475929792.0
Stablecoin MC,2021-03-31,62756614847.0
Stablecoin MC,2021-04-01,63839005507.0
Stablecoin MC,2021-04-02,63976734696.0
Stablecoin MC,2021-04-03,66361769333.0
Stablecoin MC,2021-04-04,66701988845.0
Stablecoin MC,2021-04-05,67160922257.0
Stablecoin MC,2021-04-06,68255596889.0
Stablecoin MC,2021-04-07,68301609274.0
Stablecoin MC,2021-04-08,68730624080.0
Stablecoin MC,2021-04-09,69324515525.0
Stablecoin MC,2021-04-10,69590908069.0
Stablecoin MC,2021-04-11,69839769482.0
Stablecoin MC,2021-04-12,70820724092.0
Stablecoin MC,2021-04-13,70668087878.0
Stablecoin MC,2021-04-14,73247005131.0
Stablecoin MC,2021-04-15,73646108667.0
Stablecoin MC,2021-04-16,74259179696.0
Stablecoin MC,2021-04-17,76389791626.0
Stablecoin MC,2021-04-18,76976630064.0
Stablecoin MC,2021-04-19,80001982827.0
Stablecoin MC,2021-04-20,80222515351.0
Stablecoin MC,2021-04-21,81117622475.0
Stablecoin MC,2021-04-22,81467114707.0
Stablecoin MC,2021-04-23,81838661523.0
Stablecoin MC,2021-04-24,81969558368.0
Stablecoin MC,2021-04-25,81910379244.0
Stablecoin MC,2021-04-26,82661750821.0
Stablecoin MC,2021-04-27,83025228288.0
Stablecoin MC,2021-04-28,83081012479.0
Stablecoin MC,2021-04-29,83896411610.0
Stablecoin MC,2021-04-30,83557084261.0
Stablecoin MC,2021-05-01,84911176660.0
Stablecoin MC,2021-05-02,85388401447.0
Stablecoin MC,2021-05-03,86631372130.0
Stablecoin MC,2021-05-04,86753985494.0
Stablecoin MC,2021-05-05,89046190495.0
Stablecoin MC,2021-05-06,89599264423.0
Stablecoin MC,2021-05-07,90157181884.0
Stablecoin MC,2021-05-08,90325387449.0
Stablecoin MC,2021-05-09,90643431396.0
Stablecoin MC,2021-05-10,91978780612.0
Stablecoin MC,2021-05-11,93602042339.0
Stablecoin MC,2021-05-12,94481568010.0
Stablecoin MC,2021-05-13,94525992235.0
Stablecoin MC,2021-05-14,94057749920.0
Stablecoin MC,2021-05-15,94695973939.0
Stablecoin MC,2021-05-16,94711525005.0
Stablecoin MC,2021-05-17,95201516932.0
Stablecoin MC,2021-05-18,96805673841.0
Stablecoin MC,2021-05-19,96359554909.0
Stablecoin MC,2021-05-20,95190806599.0
Stablecoin MC,2021-05-21,97007684922.0
Stablecoin MC,2021-05-22,99100270831.0
Stablecoin MC,2021-05-23,99805569542.0
Stablecoin MC,2021-05-24,100951864953.0
Stablecoin MC,2021-05-25,101575300669.0
Stablecoin MC,2021-05-26,101860855193.0
Stablecoin MC,2021-05-27,102916476566.0
Stablecoin MC,2021-05-28,104040708564.0
Stablecoin MC,2021-05-29,104784309319.0
Stablecoin MC,2021-05-30,104335023551.0
Stablecoin MC,2021-05-31,102350266106.0
Stablecoin MC,2021-06-01,105707446119.0
Stablecoin MC,2021-06-02,106345950326.0
Stablecoin MC,2021-06-03,106332473404.0
Stablecoin MC,2021-06-04,106967813792.0
Stablecoin MC,2021-06-05,107179699301.0
Stablecoin MC,2021-06-06,107489513559.0
Stablecoin MC,2021-06-07,107957707483.0
Stablecoin MC,2021-06-08,107416963070.0
Stablecoin MC,2021-06-09,108121522882.0
Stablecoin MC,2021-06-10,108422839999.0
Stablecoin MC,2021-06-11,108050872917.0
Stablecoin MC,2021-06-12,107848326042.0
Stablecoin MC,2021-06-13,108151032611.0
Stablecoin MC,2021-06-14,108259833778.0
Stablecoin MC,2021-06-15,108346066674.0
Stablecoin MC,2021-06-16,108489463314.0
Stablecoin MC,2021-06-17,107812615186.0
Stablecoin MC,2021-06-18,108128283541.0
Stablecoin MC,2021-06-19,108300043137.0
Stablecoin MC,2021-06-20,108613564826.0
Stablecoin MC,2021-06-21,108934049122.0
Stablecoin MC,2021-06-22,108735600177.0
Stablecoin MC,2021-06-23,109513511902.0
Stablecoin MC,2021-06-24,109690229073.0
Stablecoin MC,2021-06-25,109839758153.0
Stablecoin MC,2021-06-26,109981883594.0
Stablecoin MC,2021-06-27,110333596798.0
Stablecoin MC,2021-06-28,110493923380.0
Stablecoin MC,2021-06-29,110005223288.0
Stablecoin MC,2021-06-30,109620926186.0
Stablecoin MC,2021-07-01,110117369949.0
Stablecoin MC,2021-07-02,110328987665.0
Stablecoin MC,2021-07-03,111052164600.0
Stablecoin MC,2021-07-04,111039173339.0
Stablecoin MC,2021-07-05,110519660446.0
Stablecoin MC,2021-07-06,111191183702.0
Stablecoin MC,2021-07-07,111547956542.0
Stablecoin MC,2021-07-08,111403859088.0
Stablecoin MC,2021-07-09,111894898754.0
Stablecoin MC,2021-07-10,111876191965.0
Stablecoin MC,2021-07-11,111987671768.0
Stablecoin MC,2021-07-12,111785033408.0
Stablecoin MC,2021-07-13,112124869750.0
Stablecoin MC,2021-07-14,111915645613.0
Stablecoin MC,2021-07-15,111874878412.0
Stablecoin MC,2021-07-16,112647189273.0
Stablecoin MC,2021-07-17,111854212971.0
Stablecoin MC,2021-07-18,112318599424.0
Stablecoin MC,2021-07-19,112698274707.0
Stablecoin MC,2021-07-20,112449698155.0
Stablecoin MC,2021-07-21,112547114480.0
Stablecoin MC,2021-07-22,113015426044.0
Stablecoin MC,2021-07-23,112904681262.0
Stablecoin MC,2021-07-24,113222444248.0
Stablecoin MC,2021-07-25,113453703630.0
Stablecoin MC,2021-07-26,113951105151.0
Stablecoin MC,2021-07-27,113677857718.0
Stablecoin MC,2021-07-28,114263356795.0
Stablecoin MC,2021-07-29,113864411550.0
Stablecoin MC,2021-07-30,114086188070.0
Stablecoin MC,2021-07-31,114664254169.0
Stablecoin MC,2021-08-01,114087518678.0
Stablecoin MC,2021-08-02,114041827687.0
Stablecoin MC,2021-08-03,114206765922.0
Stablecoin MC,2021-08-04,114569446648.0
Stablecoin MC,2021-08-05,112672180971.0
Stablecoin MC,2021-08-06,113221422090.0
Stablecoin MC,2021-08-07,113618576750.0
Stablecoin MC,2021-08-08,114881527345.0
Stablecoin MC,2021-08-09,114928147283.0
Stablecoin MC,2021-08-10,115005621682.0
Stablecoin MC,2021-08-11,114538705870.0
Stablecoin MC,2021-08-12,114605586658.0
Stablecoin MC,2021-08-13,114793537848.0
Stablecoin MC,2021-08-14,114607821685.0
Stablecoin MC,2021-08-15,115632961456.0
Stablecoin MC,2021-08-16,115792598962.0
Stablecoin MC,2021-08-17,115650786821.0
Stablecoin MC,2021-08-18,115585763625.0
Stablecoin MC,2021-08-19,115799908806.0
Stablecoin MC,2021-08-20,116422107244.0
Stablecoin MC,2021-08-21,116537394180.0
Stablecoin MC,2021-08-22,116545856390.0
Stablecoin MC,2021-08-23,118127799293.0
Stablecoin MC,2021-08-24,115740949966.0
Stablecoin MC,2021-08-25,117742605523.0
Stablecoin MC,2021-08-26,117628481785.0
Stablecoin MC,2021-08-27,117576424380.0
Stablecoin MC,2021-08-28,118035339948.0
Stablecoin MC,2021-08-29,118096327305.0
Stablecoin MC,2021-08-30,118131543242.0
Stablecoin MC,2021-08-31,118044808424.0
Stablecoin MC,2021-09-01,118462298510.0
Stablecoin MC,2021-09-02,118561229842.0
Stablecoin MC,2021-09-03,119630285058.0
Stablecoin MC,2021-09-04,119786178879.0
Stablecoin MC,2021-09-05,119863005188.0
Stablecoin MC,2021-09-06,120999045509.0
Stablecoin MC,2021-09-07,123078023288.0
Stablecoin MC,2021-09-08,123611941629.0
Stablecoin MC,2021-09-09,124015253020.0
Stablecoin MC,2021-09-10,124346819079.0
Stablecoin MC,2021-09-11,123492343794.0
Stablecoin MC,2021-09-12,124004448107.0
Stablecoin MC,2021-09-13,124564131458.0
Stablecoin MC,2021-09-14,123983966147.0
Stablecoin MC,2021-09-15,124282410800.0
Stablecoin MC,2021-09-16,124187104932.0
Stablecoin MC,2021-09-17,124440305071.0
Stablecoin MC,2021-09-18,124932503717.0
Stablecoin MC,2021-09-19,124849410109.0
Stablecoin MC,2021-09-20,125090267495.0
Stablecoin MC,2021-09-21,124133615603.0
Stablecoin MC,2021-09-22,123914115583.0
Stablecoin MC,2021-09-23,125141977906.0
Stablecoin MC,2021-09-24,125792201787.0
Stablecoin MC,2021-09-25,126522461588.0
Stablecoin MC,2021-09-26,127197461002.0
Stablecoin MC,2021-09-27,127671458775.0
Stablecoin MC,2021-09-28,126299908074.0
Stablecoin MC,2021-09-29,126308864603.0
Stablecoin MC,2021-09-30,127365031050.0
Stablecoin MC,2021-10-01,127126472526.0
Stablecoin MC,2021-10-02,127213858690.0
Stablecoin MC,2021-10-03,127295300467.0
Stablecoin MC,2021-10-04,127673601281.0
Stablecoin MC,2021-10-05,127636018533.0
Stablecoin MC,2021-10-06,127875440099.0
Stablecoin MC,2021-10-07,128307640967.0
Stablecoin MC,2021-10-08,128500383443.0
Stablecoin MC,2021-10-09,128712011414.0
Stablecoin MC,2021-10-10,128950939683.0
Stablecoin MC,2021-10-11,129000466654.0
Stablecoin MC,2021-10-12,129619444823.0
Stablecoin MC,2021-10-13,129150916259.0
Stablecoin MC,2021-10-14,129280694684.0
Stablecoin MC,2021-10-15,129545417019.0
Stablecoin MC,2021-10-16,129760473173.0
Stablecoin MC,2021-10-17,129767918195.0
Stablecoin MC,2021-10-18,129644690225.0
Stablecoin MC,2021-10-19,129449962362.0
Stablecoin MC,2021-10-20,129392550662.0
Stablecoin MC,2021-10-21,129879533369.0
Stablecoin MC,2021-10-22,129571555181.0
Stablecoin MC,2021-10-23,130175649476.0
Stablecoin MC,2021-10-24,130401523894.0
Stablecoin MC,2021-10-25,130325720237.0
Stablecoin MC,2021-10-26,130379038072.0
Stablecoin MC,2021-10-27,129851989316.0
Stablecoin MC,2021-10-28,130532974537.0
Stablecoin MC,2021-10-29,131020387743.0
Stablecoin MC,2021-10-30,131490254956.0
Stablecoin MC,2021-10-31,131867911789.0
Stablecoin MC,2021-11-01,131653666044.0
Stablecoin MC,2021-11-02,133172305764.0
Stablecoin MC,2021-11-03,134291799367.0
Stablecoin MC,2021-11-04,134220641041.0
Stablecoin MC,2021-11-05,135559529763.0
Stablecoin MC,2021-11-06,136992988877.0
Stablecoin MC,2021-11-07,136832830695.0
Stablecoin MC,2021-11-08,138124190100.0
Stablecoin MC,2021-11-09,137053349049.0
Stablecoin MC,2021-11-10,139553905414.0
Stablecoin MC,2021-11-11,139719047373.0
Stablecoin MC,2021-11-12,139448011689.0
Stablecoin MC,2021-11-13,140555809113.0
Stablecoin MC,2021-11-14,140962968933.0
Stablecoin MC,2021-11-15,142182097325.0
Stablecoin MC,2021-11-16,142011059169.0
Stablecoin MC,2021-11-17,143000477617.0
Stablecoin MC,2021-11-18,144346811131.0
Stablecoin MC,2021-11-19,144032962241.0
Stablecoin MC,2021-11-20,145948841562.0
Stablecoin MC,2021-11-21,146593710830.0
Stablecoin MC,2021-11-22,146477738499.0
Stablecoin MC,2021-11-23,146073263732.0
Stablecoin MC,2021-11-24,146532932562.0
Stablecoin MC,2021-11-25,146936205770.0
Stablecoin MC,2021-11-26,147755296884.0
Stablecoin MC,2021-11-27,148414235620.0
Stablecoin MC,2021-11-28,148785519438.0
Stablecoin MC,2021-11-29,148950392158.0
Stablecoin MC,2021-11-30,148383381279.0
Stablecoin MC,2021-12-01,149077932307.0
Stablecoin MC,2021-12-02,149796521755.0
Stablecoin MC,2021-12-03,149674844232.0
Stablecoin MC,2021-12-04,151428385148.0
Stablecoin MC,2021-12-05,152628040752.0
Stablecoin MC,2021-12-06,153451959695.0
Stablecoin MC,2021-12-07,154200800435.0
Stablecoin MC,2021-12-08,155033649078.0
Stablecoin MC,2021-12-09,153107416018.0
Stablecoin MC,2021-12-10,155456882274.0
Stablecoin MC,2021-12-11,155559529761.0
Stablecoin MC,2021-12-12,156248467348.0
Stablecoin MC,2021-12-13,156342320990.0
Stablecoin MC,2021-12-14,156217907370.0
Stablecoin MC,2021-12-15,158120196514.0
Stablecoin MC,2021-12-16,158180759526.0
Stablecoin MC,2021-12-17,158040694294.0
Stablecoin MC,2021-12-18,158501915801.0
Stablecoin MC,2021-12-19,159098354014.0
Stablecoin MC,2021-12-20,158802558654.0
Stablecoin MC,2021-12-21,160356889734.0
Stablecoin MC,2021-12-22,160739762243.0
Stablecoin MC,2021-12-23,159336251374.0
Stablecoin MC,2021-12-24,159950199063.0
Stablecoin MC,2021-12-25,160292553534.0
Stablecoin MC,2021-12-26,160179383799.0
Stablecoin MC,2021-12-27,161408699190.0
Stablecoin MC,2021-12-28,161357191387.0
Stablecoin MC,2021-12-29,161386084121.0
Stablecoin MC,2021-12-30,161265277003.0
Stablecoin MC,2021-12-31,162533919428.0
Stablecoin MC,2022-01-01,161894743362.0
Stablecoin MC,2022-01-02,166987595403.0
Stablecoin MC,2022-01-03,166080942224.0
Stablecoin MC,2022-01-04,166332078829.0
Stablecoin MC,2022-01-05,166333283414.0
Stablecoin MC,2022-01-06,167283567567.0
Stablecoin MC,2022-01-07,167108560575.0
Stablecoin MC,2022-01-08,166919250273.0
Stablecoin MC,2022-01-09,166346460737.0
Stablecoin MC,2022-01-10,166260314932.0
Stablecoin MC,2022-01-11,167500397800.0
Stablecoin MC,2022-01-12,167719722167.0
Stablecoin MC,2022-01-13,168618635217.0
Stablecoin MC,2022-01-14,168856168877.0
Stablecoin MC,2022-01-15,169138581565.0
Stablecoin MC,2022-01-16,169278285205.0
Stablecoin MC,2022-01-17,169659131618.0
Stablecoin MC,2022-01-18,170236237095.0
Stablecoin MC,2022-01-19,169757218620.0
Stablecoin MC,2022-01-20,170333439008.0
Stablecoin MC,2022-01-21,171065590048.0
Stablecoin MC,2022-01-22,170276902283.0
Stablecoin MC,2022-01-23,172442522123.0
Stablecoin MC,2022-01-24,171824202644.0
Stablecoin MC,2022-01-25,173012638344.0
Stablecoin MC,2022-01-26,172881281051.0
Stablecoin MC,2022-01-27,174010306137.0
Stablecoin MC,2022-01-28,174261313570.0
Stablecoin MC,2022-01-29,172832143375.0
Stablecoin MC,2022-01-30,173648545159.0
Stablecoin MC,2022-01-31,173207296275.0
Stablecoin MC,2022-02-01,173678332432.0
Stablecoin MC,2022-02-02,174201986706.0
Stablecoin MC,2022-02-03,174825395209.0
Stablecoin MC,2022-02-04,175776833285.0
Stablecoin MC,2022-02-05,177275489393.0
Stablecoin MC,2022-02-06,176170914216.0
Stablecoin MC,2022-02-07,176667458603.0
Stablecoin MC,2022-02-08,176894462623.0
Stablecoin MC,2022-02-09,177661497092.0
Stablecoin MC,2022-02-10,178219583732.0
Stablecoin MC,2022-02-11,179183896185.0
Stablecoin MC,2022-02-12,179781430738.0
Stablecoin MC,2022-02-13,179765102930.0
Stablecoin MC,2022-02-14,179968597850.0
Stablecoin MC,2022-02-15,179787974604.0
Stablecoin MC,2022-02-16,180400192308.0
Stablecoin MC,2022-02-17,180332737691.0
Stablecoin MC,2022-02-18,180633941521.0
Stablecoin MC,2022-02-19,181045560108.0
Stablecoin MC,2022-02-20,182048298273.0
Stablecoin MC,2022-02-21,181619160509.0
Stablecoin MC,2022-02-22,181936067990.0
Stablecoin MC,2022-02-23,182243008686.0
Stablecoin MC,2022-02-24,182628232789.0
Stablecoin MC,2022-02-25,183135172500.0
Stablecoin MC,2022-02-26,182601536593.0
Stablecoin MC,2022-02-27,183359601774.0
Stablecoin MC,2022-02-28,184075922014.0
Stablecoin MC,2022-03-01,183440999761.0
Stablecoin MC,2022-03-02,183563878698.0
Stablecoin MC,2022-03-03,183790867201.0
Stablecoin MC,2022-03-04,183571957441.0
Stablecoin MC,2022-03-05,183521384113.0
Stablecoin MC,2022-03-06,183751921664.0
Stablecoin MC,2022-03-07,183944742776.0
Stablecoin MC,2022-03-08,182926360712.0
Stablecoin MC,2022-03-09,183521655865.0
Stablecoin MC,2022-03-10,183874214120.0
Stablecoin MC,2022-03-11,184318113320.0
Stablecoin MC,2022-03-12,184287863476.0
Stablecoin MC,2022-03-13,184539718857.0
Stablecoin MC,2022-03-14,184771633265.0
Stablecoin MC,2022-03-15,184558839140.0
Stablecoin MC,2022-03-16,184479266367.0
Stablecoin MC,2022-03-17,184699501176.0
Stablecoin MC,2022-03-18,185427952276.0
Stablecoin MC,2022-03-19,186033730246.0
Stablecoin MC,2022-03-20,186236571910.0
Stablecoin MC,2022-03-21,186495318153.0
Stablecoin MC,2022-03-22,186460445884.0
Stablecoin MC,2022-03-23,186233178424.0
Stablecoin MC,2022-03-24,185599897164.0
Stablecoin MC,2022-03-25,185879702771.0
Stablecoin MC,2022-03-26,185461986125.0
Stablecoin MC,2022-03-27,185691609319.0
Stablecoin MC,2022-03-28,185597675271.0
Stablecoin MC,2022-03-29,185430949275.0
Stablecoin MC,2022-03-30,186285614394.0
Stablecoin MC,2022-03-31,187096302148.0
Stablecoin MC,2022-04-01,186622372566.0
Stablecoin MC,2022-04-02,187391942652.0
Stablecoin MC,2022-04-03,187056596134.0
Stablecoin MC,2022-04-04,187011943815.0
Stablecoin MC,2022-04-05,186796803621.0
Stablecoin MC,2022-04-06,186882362226.0
Stablecoin MC,2022-04-07,186004443848.0
Stablecoin MC,2022-04-08,186109968175.0
Stablecoin MC,2022-04-09,186415512678.0
Stablecoin MC,2022-04-10,186820952888.0
Stablecoin MC,2022-04-11,186823358795.0
Stablecoin MC,2022-04-12,186028430149.0
Stablecoin MC,2022-04-13,186322317740.0
Stablecoin MC,2022-04-14,185838228053.0
Stablecoin MC,2022-04-15,185898595642.0
Stablecoin MC,2022-04-16,185872684306.0
Stablecoin MC,2022-04-17,185876599678.0
Stablecoin MC,2022-04-18,186014332758.0
Stablecoin MC,2022-04-19,185805045771.0
Stablecoin MC,2022-04-20,185990856370.0
Stablecoin MC,2022-04-21,186135614099.0
Stablecoin MC,2022-04-22,186550806481.0
Stablecoin MC,2022-04-23,186884288700.0
Stablecoin MC,2022-04-24,187119500222.0
Stablecoin MC,2022-04-25,186963531157.0
Stablecoin MC,2022-04-26,187015867133.0
Stablecoin MC,2022-04-27,186538263699.0
Stablecoin MC,2022-04-28,186459057703.0
Stablecoin MC,2022-04-29,186357929000.0
Stablecoin MC,2022-04-30,186793183826.0
Stablecoin MC,2022-05-01,187059239551.0
Stablecoin MC,2022-05-02,186861568501.0
Stablecoin MC,2022-05-03,186591731522.0
Stablecoin MC,2022-05-04,186657318211.0
Stablecoin MC,2022-05-05,186220855767.0
Stablecoin MC,2022-05-06,186443085966.0
Stablecoin MC,2022-05-07,185659333778.0
Stablecoin MC,2022-05-08,185444316534.0
Stablecoin MC,2022-05-09,180003932412.0
Stablecoin MC,2022-05-10,176977547082.0
Stablecoin MC,2022-05-11,176021893184.0
Stablecoin MC,2022-05-12,160111332612.0
Stablecoin MC,2022-05-13,159859520640.0
Stablecoin MC,2022-05-14,158564041612.0
Stablecoin MC,2022-05-15,158008821059.0
Stablecoin MC,2022-05-16,158064097460.0
Stablecoin MC,2022-05-17,159413236718.0
Stablecoin MC,2022-05-18,158263160172.0
Stablecoin MC,2022-05-19,158499144778.0
Stablecoin MC,2022-05-20,159156483288.0
Stablecoin MC,2022-05-21,158417603244.0
Stablecoin MC,2022-05-22,158475938087.0
Stablecoin MC,2022-05-23,158578457825.0
Stablecoin MC,2022-05-24,158670219361.0
Stablecoin MC,2022-05-25,158827028632.0
Stablecoin MC,2022-05-26,158969444065.0
Stablecoin MC,2022-05-27,158594112075.0
Stablecoin MC,2022-05-28,158141251758.0
Stablecoin MC,2022-05-29,158317850025.0
Stablecoin MC,2022-05-30,158210159072.0
Stablecoin MC,2022-05-31,158731339487.0
Stablecoin MC,2022-06-01,159296790757.0
Stablecoin MC,2022-06-02,160264129409.0
Stablecoin MC,2022-06-03,159387989292.0
Stablecoin MC,2022-06-04,159378201658.0
Stablecoin MC,2022-06-05,159318404528.0
Stablecoin MC,2022-06-06,159329214489.0
Stablecoin MC,2022-06-07,159224391538.0
Stablecoin MC,2022-06-08,159107444347.0
Stablecoin MC,2022-06-09,159078010669.0
Stablecoin MC,2022-06-10,159146853848.0
Stablecoin MC,2022-06-11,158697485989.0
Stablecoin MC,2022-06-12,158416739423.0
Stablecoin MC,2022-06-13,158139729196.0
Stablecoin MC,2022-06-14,156870816044.0
Stablecoin MC,2022-06-15,155935668777.0
Stablecoin MC,2022-06-16,155143029661.0
Stablecoin MC,2022-06-17,154643688106.0
Stablecoin MC,2022-06-18,154095812453.0
Stablecoin MC,2022-06-19,154180025567.0
Stablecoin MC,2022-06-20,153950288992.0
Stablecoin MC,2022-06-21,153296812292.0
Stablecoin MC,2022-06-22,153414687876.0
Stablecoin MC,2022-06-23,153383413427.0
Stablecoin MC,2022-06-24,152987239268.0
Stablecoin MC,2022-06-25,152990202603.0
Stablecoin MC,2022-06-26,153199371691.0
Stablecoin MC,2022-06-27,153193419304.0
Stablecoin MC,2022-06-28,152962218106.0
Stablecoin MC,2022-06-29,152893740186.0
Stablecoin MC,2022-06-30,152787706050.0
Stablecoin MC,2022-07-01,152663528744.0
Stablecoin MC,2022-07-02,153384513551.0
Stablecoin MC,2022-07-03,153348368239.0
Stablecoin MC,2022-07-04,153224621112.0
Stablecoin MC,2022-07-05,153260988596.0
Stablecoin MC,2022-07-06,153295218999.0
Stablecoin MC,2022-07-07,153046068807.0
Stablecoin MC,2022-07-08,152802950055.0
Stablecoin MC,2022-07-09,152953664677.0
Stablecoin MC,2022-07-10,152973934393.0
Stablecoin MC,2022-07-11,152865402930.0
Stablecoin MC,2022-07-12,153033567872.0
Stablecoin MC,2022-07-13,152730651477.0
Stablecoin MC,2022-07-14,152735818223.0
Stablecoin MC,2022-07-15,152809370833.0
Stablecoin MC,2022-07-16,152258105635.0
Stablecoin MC,2022-07-17,152317341745.0
Stablecoin MC,2022-07-18,152412018425.0
Stablecoin MC,2022-07-19,152660769584.0
Stablecoin MC,2022-07-20,152570537599.0
Stablecoin MC,2022-07-21,152764751593.0
Stablecoin MC,2022-07-22,152712129660.0
Stablecoin MC,2022-07-23,152843691759.0
Stablecoin MC,2022-07-24,152948190147.0
Stablecoin MC,2022-07-25,152932405690.0
Stablecoin MC,2022-07-26,152907898899.0
Stablecoin MC,2022-07-27,152829637494.0
Stablecoin MC,2022-07-28,152905558958.0
Stablecoin MC,2022-07-29,152712189988.0
Stablecoin MC,2022-07-30,152828151594.0
Stablecoin MC,2022-07-31,152833987943.0
Stablecoin MC,2022-08-01,152833041936.0
Stablecoin MC,2022-08-02,153097134125.0
Stablecoin MC,2022-08-03,153030596754.0
Stablecoin MC,2022-08-04,153020117328.0
Stablecoin MC,2022-08-05,152940674070.0
Stablecoin MC,2022-08-06,153105336268.0
Stablecoin MC,2022-08-07,153138488098.0
Stablecoin MC,2022-08-08,153056197389.0
Stablecoin MC,2022-08-09,152821750179.0
Stablecoin MC,2022-08-10,152750660561.0
Stablecoin MC,2022-08-11,153033620298.0
Stablecoin MC,2022-08-12,152981946072.0
Stablecoin MC,2022-08-13,152815246311.0
Stablecoin MC,2022-08-14,153052198595.0
Stablecoin MC,2022-08-15,152536438261.0
Stablecoin MC,2022-08-16,152841879383.0
Stablecoin MC,2022-08-17,152724168260.0
Stablecoin MC,2022-08-18,152690537523.0
Stablecoin MC,2022-08-19,152470975082.0
Stablecoin MC,2022-08-20,152367337262.0
Stablecoin MC,2022-08-21,152282317340.0
Stablecoin MC,2022-08-22,152234784913.0
Stablecoin MC,2022-08-23,152034289031.0
Stablecoin MC,2022-08-24,152158530460.0
Stablecoin MC,2022-08-25,152194411557.0
Stablecoin MC,2022-08-26,152204960264.0
Stablecoin MC,2022-08-27,152292982406.0
Stablecoin MC,2022-08-28,152361362480.0
Stablecoin MC,2022-08-29,152140370272.0
Stablecoin MC,2022-08-30,152275885173.0
Stablecoin MC,2022-08-31,152599035949.0
Stablecoin MC,2022-09-01,152389636805.0
Stablecoin MC,2022-09-02,152314925267.0
Stablecoin MC,2022-09-03,152120765301.0
Stablecoin MC,2022-09-04,152142773500.0
Stablecoin MC,2022-09-05,151999751305.0
Stablecoin MC,2022-09-06,151896505206.0
Stablecoin MC,2022-09-07,151910082825.0
Stablecoin MC,2022-09-08,152011707374.0
Stablecoin MC,2022-09-09,152163017507.0
Stablecoin MC,2022-09-10,152272290976.0
Stablecoin MC,2022-09-11,152395436852.0
Stablecoin MC,2022-09-12,152385513269.0
Stablecoin MC,2022-09-13,152330872619.0
Stablecoin MC,2022-09-14,152345006191.0
Stablecoin MC,2022-09-15,151977282591.0
Stablecoin MC,2022-09-16,151746440370.0
Stablecoin MC,2022-09-17,151593630116.0
Stablecoin MC,2022-09-18,151672147751.0
Stablecoin MC,2022-09-19,151612209732.0
Stablecoin MC,2022-09-20,151760430439.0
Stablecoin MC,2022-09-21,152015582173.0
Stablecoin MC,2022-09-22,151863974857.0
Stablecoin MC,2022-09-23,151864979297.0
Stablecoin MC,2022-09-24,151661881491.0
Stablecoin MC,2022-09-25,151620437493.0
Stablecoin MC,2022-09-26,151340517326.0
Stablecoin MC,2022-09-27,150597739297.0
Stablecoin MC,2022-09-28,150487696958.0
Stablecoin MC,2022-09-29,149988645060.0
Stablecoin MC,2022-09-30,149499660119.0
Stablecoin MC,2022-10-01,148247368029.0
Stablecoin MC,2022-10-02,148255813414.0
Stablecoin MC,2022-10-03,148285671461.0
Stablecoin MC,2022-10-04,148065422909.0
Stablecoin MC,2022-10-05,148028552799.0
Stablecoin MC,2022-10-06,148098167043.0
Stablecoin MC,2022-10-07,148139349891.0
Stablecoin MC,2022-10-08,148305018403.0
Stablecoin MC,2022-10-09,148316236619.0
Stablecoin MC,2022-10-10,148300398649.0
Stablecoin MC,2022-10-11,148102920497.0
Stablecoin MC,2022-10-12,147995883556.0
Stablecoin MC,2022-10-13,147485526756.0
Stablecoin MC,2022-10-14,147060157172.0
Stablecoin MC,2022-10-15,146643247363.0
Stablecoin MC,2022-10-16,146628630690.0
Stablecoin MC,2022-10-17,146555979156.0
Stablecoin MC,2022-10-18,146361958944.0
Stablecoin MC,2022-10-19,146267526538.0
Stablecoin MC,2022-10-20,146178122653.0
Stablecoin MC,2022-10-21,145772402320.0
Stablecoin MC,2022-10-22,145572640625.0
Stablecoin MC,2022-10-23,145632327322.0
Stablecoin MC,2022-10-24,145665641345.0
Stablecoin MC,2022-10-25,145340003450.0
Stablecoin MC,2022-10-26,145220004099.0
Stablecoin MC,2022-10-27,145406750198.0
Stablecoin MC,2022-10-28,145329325883.0
Stablecoin MC,2022-10-29,145440460393.0
Stablecoin MC,2022-10-30,145544750521.0
Stablecoin MC,2022-10-31,145639694887.0
Stablecoin MC,2022-11-01,145218376181.0
Stablecoin MC,2022-11-02,145240308198.0
Stablecoin MC,2022-11-03,145105309553.0
Stablecoin MC,2022-11-04,145239425891.0
Stablecoin MC,2022-11-05,145414801244.0
Stablecoin MC,2022-11-06,145461251733.0
Stablecoin MC,2022-11-07,145820548890.0
Stablecoin MC,2022-11-08,146804845954.0
Stablecoin MC,2022-11-09,147100056756.0
Stablecoin MC,2022-11-10,145340576354.0
Stablecoin MC,2022-11-11,145762480474.0
Stablecoin MC,2022-11-12,145596596170.0
Stablecoin MC,2022-11-13,144925359847.0
Stablecoin MC,2022-11-14,144756738409.0
Stablecoin MC,2022-11-15,144582168711.0
Stablecoin MC,2022-11-16,144629322669.0
Stablecoin MC,2022-11-17,144210345085.0
Stablecoin MC,2022-11-18,143848646324.0
Stablecoin MC,2022-11-19,144038279532.0
Stablecoin MC,2022-11-20,144068839763.0
Stablecoin MC,2022-11-21,144102429484.0
Stablecoin MC,2022-11-22,143250860856.0
Stablecoin MC,2022-11-23,143249926867.0
Stablecoin MC,2022-11-24,142611228750.0
Stablecoin MC,2022-11-25,142860699045.0
Stablecoin MC,2022-11-26,142561523105.0
Stablecoin MC,2022-11-27,142738408946.0
Stablecoin MC,2022-11-28,142732619105.0
Stablecoin MC,2022-11-29,141689098658.0
Stablecoin MC,2022-11-30,141060756851.0
Stablecoin MC,2022-12-01,140911454436.0
Stablecoin MC,2022-12-02,140745840430.0
Stablecoin MC,2022-12-03,141006889555.0
Stablecoin MC,2022-12-04,141176178083.0
Stablecoin MC,2022-12-05,141280980585.0
Stablecoin MC,2022-12-06,141031306910.0
Stablecoin MC,2022-12-07,140892699531.0
Stablecoin MC,2022-12-08,140728332181.0
Stablecoin MC,2022-12-09,140665248584.0
Stablecoin MC,2022-12-10,140587487802.0
Stablecoin MC,2022-12-11,140634134203.0
Stablecoin MC,2022-12-12,140748682010.0
Stablecoin MC,2022-12-13,140396114017.0
Stablecoin MC,2022-12-14,140008478227.0
Stablecoin MC,2022-12-15,139796532354.0
Stablecoin MC,2022-12-16,139827012912.0
Stablecoin MC,2022-12-17,139367752776.0
Stablecoin MC,2022-12-18,139538766142.0
Stablecoin MC,2022-12-19,139561090303.0
Stablecoin MC,2022-12-20,139197132905.0
Stablecoin MC,2022-12-21,138935084247.0
Stablecoin MC,2022-12-22,138709461547.0
Stablecoin MC,2022-12-23,138566492407.0
Stablecoin MC,2022-12-24,138066241077.0
Stablecoin MC,2022-12-25,138112325948.0
Stablecoin MC,2022-12-26,138119567624.0
Stablecoin MC,2022-12-27,138102727108.0
Stablecoin MC,2022-12-28,137634147686.0
Stablecoin MC,2022-12-29,137674202313.0
Stablecoin MC,2022-12-30,137585903468.0
Stablecoin MC,2022-12-31,137457066907.0
Stablecoin MC,2023-01-01,137354723242.0
Stablecoin MC,2023-01-02,137454973923.0
Stablecoin MC,2023-01-03,137442015493.0
Stablecoin MC,2023-01-04,137110563314.0
Stablecoin MC,2023-01-05,137062846905.0
Stablecoin MC,2023-01-06,136772164881.0
Stablecoin MC,2023-01-07,136459013265.0
Stablecoin MC,2023-01-08,136596474461.0
Stablecoin MC,2023-01-09,136575021783.0
Stablecoin MC,2023-01-10,136326203322.0
Stablecoin MC,2023-01-11,136506356344.0
Stablecoin MC,2023-01-12,136572855908.0
Stablecoin MC,2023-01-13,136671912282.0
Stablecoin MC,2023-01-14,136420249118.0
Stablecoin MC,2023-01-15,136612025328.0
Stablecoin MC,2023-01-16,136787130533.0
Stablecoin MC,2023-01-17,136710186110.0
Stablecoin MC,2023-01-18,136254621761.0
Stablecoin MC,2023-01-19,136136583497.0
Stablecoin MC,2023-01-20,136088256279.0
Stablecoin MC,2023-01-21,136280273037.0
Stablecoin MC,2023-01-22,136562513589.0
Stablecoin MC,2023-01-23,136658943316.0
Stablecoin MC,2023-01-24,136496759260.0
Stablecoin MC,2023-01-25,136518041461.0
Stablecoin MC,2023-01-26,136806901696.0
Stablecoin MC,2023-01-27,137016558937.0
Stablecoin MC,2023-01-28,136844934538.0
Stablecoin MC,2023-01-29,137001726301.0
Stablecoin MC,2023-01-30,136954238448.0
Stablecoin MC,2023-01-31,136622261802.0
Stablecoin MC,2023-02-01,136701038486.0
Stablecoin MC,2023-02-02,136648060543.0
Stablecoin MC,2023-02-03,136920131292.0
Stablecoin MC,2023-02-04,136640143005.0
Stablecoin MC,2023-02-05,136664055095.0
Stablecoin MC,2023-02-06,136708667208.0
Stablecoin MC,2023-02-07,136596615395.0
Stablecoin MC,2023-02-08,136440741078.0
Stablecoin MC,2023-02-09,136312002815.0
Stablecoin MC,2023-02-10,136174027423.0
Stablecoin MC,2023-02-11,136181813978.0
Stablecoin MC,2023-02-12,136176267826.0
Stablecoin MC,2023-02-13,136121109034.0
Stablecoin MC,2023-02-14,136233489369.0
Stablecoin MC,2023-02-15,136088895947.0
Stablecoin MC,2023-02-16,135703043005.0
Stablecoin MC,2023-02-17,135833107481.0
Stablecoin MC,2023-02-18,135770978035.0
Stablecoin MC,2023-02-19,135788590695.0
Stablecoin MC,2023-02-20,135838652785.0
Stablecoin MC,2023-02-21,135504034616.0
Stablecoin MC,2023-02-22,135272901820.0
Stablecoin MC,2023-02-23,135012058601.0
Stablecoin MC,2023-02-24,134871069073.0
Stablecoin MC,2023-02-25,134855093502.0
Stablecoin MC,2023-02-26,134976439527.0
Stablecoin MC,2023-02-27,134897788649.0
Stablecoin MC,2023-02-28,134598011067.0
Stablecoin MC,2023-03-01,134455610391.0
Stablecoin MC,2023-03-02,134286929536.0
Stablecoin MC,2023-03-03,134462132798.0
Stablecoin MC,2023-03-04,134487439968.0
Stablecoin MC,2023-03-05,134578051700.0
Stablecoin MC,2023-03-06,134646041124.0
Stablecoin MC,2023-03-07,134442923214.0
Stablecoin MC,2023-03-08,134466136644.0
Stablecoin MC,2023-03-09,134364643505.0
Stablecoin MC,2023-03-10,134371491348.0
Stablecoin MC,2023-03-11,134015399006.0
Stablecoin MC,2023-03-12,131234867571.0
Stablecoin MC,2023-03-13,134768059720.0
Stablecoin MC,2023-03-14,133438643231.0
Stablecoin MC,2023-03-15,132321136166.0
Stablecoin MC,2023-03-16,132679479135.0
Stablecoin MC,2023-03-17,132774050347.0
Stablecoin MC,2023-03-18,132755579538.0
Stablecoin MC,2023-03-19,133136757166.0
Stablecoin MC,2023-03-20,132866172521.0
Stablecoin MC,2023-03-21,133171107299.0
Stablecoin MC,2023-03-22,132992860397.0
Stablecoin MC,2023-03-23,132823056549.0
Stablecoin MC,2023-03-24,133009932398.0
Stablecoin MC,2023-03-25,133314984725.0
Stablecoin MC,2023-03-26,133441042456.0
Stablecoin MC,2023-03-27,132584857852.0
Stablecoin MC,2023-03-28,132169678294.0
Stablecoin MC,2023-03-29,131798152588.0
Stablecoin MC,2023-03-30,131744789169.0
Stablecoin MC,2023-03-31,131727344888.0
Stablecoin MC,2023-04-01,131215079685.0
Stablecoin MC,2023-04-02,131142616209.0
Stablecoin MC,2023-04-03,131367953551.0
Stablecoin MC,2023-04-04,131919729431.0
Stablecoin MC,2023-04-05,131285300974.0
Stablecoin MC,2023-04-06,131221409261.0
Stablecoin MC,2023-04-07,131432566779.0
Stablecoin MC,2023-04-08,131444301689.0
Stablecoin MC,2023-04-09,131634513804.0
Stablecoin MC,2023-04-10,131322420932.0
Stablecoin MC,2023-04-11,131428767130.0
Stablecoin MC,2023-04-12,131367794570.0
Stablecoin MC,2023-04-13,131292870912.0
Stablecoin MC,2023-04-14,131408503342.0
Stablecoin MC,2023-04-15,131357055451.0
Stablecoin MC,2023-04-16,131247395572.0
Stablecoin MC,2023-04-17,131166144989.0
Stablecoin MC,2023-04-18,131050337662.0
Stablecoin MC,2023-04-19,130782715221.0
Stablecoin MC,2023-04-20,130815625349.0
Stablecoin MC,2023-04-21,130642993399.0
Stablecoin MC,2023-04-22,129430536024.0
Stablecoin MC,2023-04-23,130306403993.0
Stablecoin MC,2023-04-24,130340660576.0
Stablecoin MC,2023-04-25,130271173682.0
Stablecoin MC,2023-04-26,130106693959.0
Stablecoin MC,2023-04-27,130269178722.0
Stablecoin MC,2023-04-28,130073483667.0
Stablecoin MC,2023-04-29,129957434267.0
Stablecoin MC,2023-04-30,129898107897.0
Stablecoin MC,2023-05-01,129933348723.0
Stablecoin MC,2023-05-02,130274969492.0
Stablecoin MC,2023-05-03,130297022520.0
Stablecoin MC,2023-05-04,129882757831.0
Stablecoin MC,2023-05-05,129762123803.0
Stablecoin MC,2023-05-06,130260153565.0
Stablecoin MC,2023-05-07,130181863824.0
Stablecoin MC,2023-05-08,130015021695.0
Stablecoin MC,2023-05-09,130102993575.0
Stablecoin MC,2023-05-10,130230224084.0
Stablecoin MC,2023-05-11,130081156232.0
Stablecoin MC,2023-05-12,130004263179.0
Stablecoin MC,2023-05-13,130044117826.0
Stablecoin MC,2023-05-14,130017558582.0
Stablecoin MC,2023-05-15,130013225266.0
Stablecoin MC,2023-05-16,129924836362.0
Stablecoin MC,2023-05-17,129746997186.0
Stablecoin MC,2023-05-18,129478180511.0
Stablecoin MC,2023-05-19,129604708095.0
Stablecoin MC,2023-05-20,129477882174.0
Stablecoin MC,2023-05-21,129602545343.0
Stablecoin MC,2023-05-22,129496286275.0
Stablecoin MC,2023-05-23,129379033068.0
Stablecoin MC,2023-05-24,129309993488.0
Stablecoin MC,2023-05-25,128914199572.0
Stablecoin MC,2023-05-26,128888069148.0
Stablecoin MC,2023-05-27,128880297082.0
Stablecoin MC,2023-05-28,128912215482.0
Stablecoin MC,2023-05-29,128960826208.0
Stablecoin MC,2023-05-30,128945183621.0
Stablecoin MC,2023-05-31,128901070051.0
Stablecoin MC,2023-06-01,128850909985.0
Stablecoin MC,2023-06-02,128776525845.0
Stablecoin MC,2023-06-03,128812123354.0
Stablecoin MC,2023-06-04,128726003080.0
Stablecoin MC,2023-06-05,128768606277.0
Stablecoin MC,2023-06-06,128634295777.0
Stablecoin MC,2023-06-07,128487699325.0
Stablecoin MC,2023-06-08,128360181677.0
Stablecoin MC,2023-06-09,128279669325.0
Stablecoin MC,2023-06-10,127790754993.0
Stablecoin MC,2023-06-11,127926193259.0
Stablecoin MC,2023-06-12,127984088696.0
Stablecoin MC,2023-06-13,127697723276.0
Stablecoin MC,2023-06-14,127559408969.0
Stablecoin MC,2023-06-15,127336855690.0
Stablecoin MC,2023-06-16,128136945268.0
Stablecoin MC,2023-06-17,128325882394.0
Stablecoin MC,2023-06-18,127988897513.0
Stablecoin MC,2023-06-19,127985635138.0
Stablecoin MC,2023-06-20,128099603715.0
Stablecoin MC,2023-06-21,128647589491.0
Stablecoin MC,2023-06-22,128164024627.0
Stablecoin MC,2023-06-23,128152201330.0
Stablecoin MC,2023-06-24,128206046421.0
Stablecoin MC,2023-06-25,128488626473.0
Stablecoin MC,2023-06-26,128266719969.0
Stablecoin MC,2023-06-27,128199350198.0
Stablecoin MC,2023-06-28,128253857345.0
Stablecoin MC,2023-06-29,127762528299.0
Stablecoin MC,2023-06-30,127696126803.0
Stablecoin MC,2023-07-01,127088380083.0
Stablecoin MC,2023-07-02,127066828482.0
Stablecoin MC,2023-07-03,127110699448.0
Stablecoin MC,2023-07-04,127297876207.0
Stablecoin MC,2023-07-05,127420692365.0
Stablecoin MC,2023-07-06,127253062727.0
Stablecoin MC,2023-07-07,126793981553.0
Stablecoin MC,2023-07-08,126790389101.0
Stablecoin MC,2023-07-09,126812683815.0
Stablecoin MC,2023-07-10,126706340037.0
Stablecoin MC,2023-07-11,126613586102.0
Stablecoin MC,2023-07-12,126462339306.0
Stablecoin MC,2023-07-13,126329651268.0
Stablecoin MC,2023-07-14,126598324525.0
Stablecoin MC,2023-07-15,126614821831.0
Stablecoin MC,2023-07-16,126662902641.0
Stablecoin MC,2023-07-17,126581288602.0
Stablecoin MC,2023-07-18,126421281412.0
Stablecoin MC,2023-07-19,126361242382.0
Stablecoin MC,2023-07-20,126087049767.0
Stablecoin MC,2023-07-21,126046063882.0
Stablecoin MC,2023-07-22,125893021769.0
Stablecoin MC,2023-07-23,125891829858.0
Stablecoin MC,2023-07-24,125792659517.0
Stablecoin MC,2023-07-25,125599210218.0
Stablecoin MC,2023-07-26,125513024946.0
Stablecoin MC,2023-07-27,125490996957.0
Stablecoin MC,2023-07-28,125320416785.0
Stablecoin MC,2023-07-29,125158144769.0
Stablecoin MC,2023-07-30,125400346941.0
Stablecoin MC,2023-07-31,125275869934.0
Stablecoin MC,2023-08-01,125210740962.0
Stablecoin MC,2023-08-02,124991322409.0
Stablecoin MC,2023-08-03,124819044906.0
Stablecoin MC,2023-08-04,124567396680.0
Stablecoin MC,2023-08-05,124313963282.0
Stablecoin MC,2023-08-06,124348346873.0
Stablecoin MC,2023-08-07,124301871611.0
Stablecoin MC,2023-08-08,124162214646.0
Stablecoin MC,2023-08-09,124384601724.0
Stablecoin MC,2023-08-10,124285507588.0
Stablecoin MC,2023-08-11,124030372626.0
Stablecoin MC,2023-08-12,123931009927.0
Stablecoin MC,2023-08-13,124042323821.0
Stablecoin MC,2023-08-14,124075359010.0
Stablecoin MC,2023-08-15,123627747939.0
Stablecoin MC,2023-08-16,123335304802.0
Stablecoin MC,2023-08-17,123030572214.0
Stablecoin MC,2023-08-18,123012242741.0
Stablecoin MC,2023-08-19,122660540921.0
Stablecoin MC,2023-08-20,122877645464.0
Stablecoin MC,2023-08-21,122997339160.0
Stablecoin MC,2023-08-22,124056504405.0
Stablecoin MC,2023-08-23,123951660114.0
Stablecoin MC,2023-08-24,123991720072.0
Stablecoin MC,2023-08-25,124056023295.0
Stablecoin MC,2023-08-26,124100056074.0
Stablecoin MC,2023-08-27,124112326374.0
Stablecoin MC,2023-08-28,124224026630.0
Stablecoin MC,2023-08-29,124282763061.0
Stablecoin MC,2023-08-30,124716260826.0
Stablecoin MC,2023-08-31,124842345255.0
Stablecoin MC,2023-09-01,124857422696.0
Stablecoin MC,2023-09-02,124851396659.0
Stablecoin MC,2023-09-03,124844882378.0
Stablecoin MC,2023-09-04,124881384157.0
Stablecoin MC,2023-09-05,124621537377.0
Stablecoin MC,2023-09-06,124164753687.0
Stablecoin MC,2023-09-07,123979226402.0
Stablecoin MC,2023-09-08,123755131754.0
Stablecoin MC,2023-09-09,123879024531.0
Stablecoin MC,2023-09-10,123949683291.0
Stablecoin MC,2023-09-11,124118973773.0
Stablecoin MC,2023-09-12,123888598516.0
Stablecoin MC,2023-09-13,124031159518.0
Stablecoin MC,2023-09-14,124045053187.0
Stablecoin MC,2023-09-15,124016889579.0
Stablecoin MC,2023-09-16,123888049181.0
Stablecoin MC,2023-09-17,123985604359.0
Stablecoin MC,2023-09-18,124011406235.0
Stablecoin MC,2023-09-19,123952475546.0
Stablecoin MC,2023-09-20,124073751114.0
Stablecoin MC,2023-09-21,124062274685.0
Stablecoin MC,2023-09-22,123992125119.0
Stablecoin MC,2023-09-23,124071821734.0
Stablecoin MC,2023-09-24,124084379622.0
Stablecoin MC,2023-09-25,124129856904.0
Stablecoin MC,2023-09-26,123913314418.0
Stablecoin MC,2023-09-27,123780062851.0
Stablecoin MC,2023-09-28,123702780585.0
Stablecoin MC,2023-09-29,123888758903.0
Stablecoin MC,2023-09-30,123444764341.0
Stablecoin MC,2023-10-01,123559096211.0
Stablecoin MC,2023-10-02,123590096529.0
Stablecoin MC,2023-10-03,123766591747.0
Stablecoin MC,2023-10-04,123613379470.0
Stablecoin MC,2023-10-05,123479583561.0
Stablecoin MC,2023-10-06,123655656671.0
Stablecoin MC,2023-10-07,123915345838.0
Stablecoin MC,2023-10-08,123903415258.0
Stablecoin MC,2023-10-09,123968708195.0
Stablecoin MC,2023-10-10,124019782417.0
Stablecoin MC,2023-10-11,123715682819.0
Stablecoin MC,2023-10-12,123492177938.0
Stablecoin MC,2023-10-13,123279382689.0
Stablecoin MC,2023-10-14,123274463607.0
Stablecoin MC,2023-10-15,123326762798.0
Stablecoin MC,2023-10-16,123394960965.0
Stablecoin MC,2023-10-17,123454281528.0
Stablecoin MC,2023-10-18,123648473815.0
Stablecoin MC,2023-10-19,123867559182.0
Stablecoin MC,2023-10-20,124462550355.0
Stablecoin MC,2023-10-21,124375033968.0
Stablecoin MC,2023-10-22,124346542758.0
Stablecoin MC,2023-10-23,124309587906.0
Stablecoin MC,2023-10-24,124601884858.0
Stablecoin MC,2023-10-25,123833880750.0
Stablecoin MC,2023-10-26,124233627337.0
Stablecoin MC,2023-10-27,124227611046.0
Stablecoin MC,2023-10-28,124055967622.0
Stablecoin MC,2023-10-29,124068582062.0
Stablecoin MC,2023-10-30,124190150653.0
Stablecoin MC,2023-10-31,124008468597.0
Stablecoin MC,2023-11-01,123905832203.0
Stablecoin MC,2023-11-02,124171216171.0
Stablecoin MC,2023-11-03,124056198829.0
Stablecoin MC,2023-11-04,124431862326.0
Stablecoin MC,2023-11-05,124583648486.0
Stablecoin MC,2023-11-06,124649601746.0
Stablecoin MC,2023-11-07,124690345432.0
Stablecoin MC,2023-11-08,125025863698.0
Stablecoin MC,2023-11-09,124978127264.0
Stablecoin MC,2023-11-10,125113811720.0
Stablecoin MC,2023-11-11,125405350270.0
Stablecoin MC,2023-11-12,125469906734.0
Stablecoin MC,2023-11-13,125482870660.0
Stablecoin MC,2023-11-14,125642666933.0
Stablecoin MC,2023-11-15,125494252603.0
Stablecoin MC,2023-11-16,125824738001.0
Stablecoin MC,2023-11-17,126149974871.0
Stablecoin MC,2023-11-18,126338101585.0
Stablecoin MC,2023-11-19,126498683249.0
Stablecoin MC,2023-11-20,126486272743.0
Stablecoin MC,2023-11-21,126953745063.0
Stablecoin MC,2023-11-22,127042938163.0
Stablecoin MC,2023-11-23,127068895756.0
Stablecoin MC,2023-11-24,127059418511.0
Stablecoin MC,2023-11-25,127689655425.0
Stablecoin MC,2023-11-26,127670199178.0
Stablecoin MC,2023-11-27,127640205277.0
Stablecoin MC,2023-11-28,127485552663.0
Stablecoin MC,2023-11-29,127772474167.0
Stablecoin MC,2023-11-30,127852719134.0
Stablecoin MC,2023-12-01,127948093173.0
Stablecoin MC,2023-12-02,128110223308.0
Stablecoin MC,2023-12-03,128174740983.0
Stablecoin MC,2023-12-04,128296081082.0
Stablecoin MC,2023-12-05,128103483042.0
Stablecoin MC,2023-12-06,128382059184.0
Stablecoin MC,2023-12-07,128409230273.0
Stablecoin MC,2023-12-08,128393716769.0
Stablecoin MC,2023-12-09,128575863142.0
Stablecoin MC,2023-12-10,128899947357.0
Stablecoin MC,2023-12-11,128869596763.0
Stablecoin MC,2023-12-12,128669914738.0
Stablecoin MC,2023-12-13,128030693760.0
Stablecoin MC,2023-12-14,128451763108.0
Stablecoin MC,2023-12-15,128634831991.0
Stablecoin MC,2023-12-16,128882935843.0
Stablecoin MC,2023-12-17,129041436012.0
Stablecoin MC,2023-12-18,128992830308.0
Stablecoin MC,2023-12-19,128948737697.0
Stablecoin MC,2023-12-20,129400463250.0
Stablecoin MC,2023-12-21,129746203152.0
Stablecoin MC,2023-12-22,129728001569.0
Stablecoin MC,2023-12-23,130073496579.0
Stablecoin MC,2023-12-24,130241787760.0
Stablecoin MC,2023-12-25,130182219084.0
Stablecoin MC,2023-12-26,130142144288.0
Stablecoin MC,2023-12-27,129831928513.0
Stablecoin MC,2023-12-28,130283545191.0
Stablecoin MC,2023-12-29,130102946794.0
Stablecoin MC,2023-12-30,130198905763.0
Stablecoin MC,2023-12-31,130100873955.0
Stablecoin MC,2024-01-01,129835465344.0
Stablecoin MC,2024-01-02,130359543289.0
Stablecoin MC,2024-01-03,130495587520.0
Stablecoin MC,2024-01-04,131034400020.0
Stablecoin MC,2024-01-05,131721601505.0
Stablecoin MC,2024-01-06,132136850036.0
Stablecoin MC,2024-01-07,132515556695.0
Stablecoin MC,2024-01-08,132442642373.0
Stablecoin MC,2024-01-09,132722037672.0
Stablecoin MC,2024-01-10,132693055518.0
Stablecoin MC,2024-01-11,133148676456.0
Stablecoin MC,2024-01-12,133467506552.0
Stablecoin MC,2024-01-13,132822771248.0
Stablecoin MC,2024-01-14,133458626347.0
Stablecoin MC,2024-01-15,133618377331.0
Stablecoin MC,2024-01-16,133303795971.0
Stablecoin MC,2024-01-17,133278138346.0
Stablecoin MC,2024-01-18,133813139215.0
Stablecoin MC,2024-01-19,133187146307.0
Stablecoin MC,2024-01-20,133357755233.0
Stablecoin MC,2024-01-21,133576068810.0
Stablecoin MC,2024-01-22,133298151343.0
Stablecoin MC,2024-01-23,133445247758.0
Stablecoin MC,2024-01-24,134239664029.0
Stablecoin MC,2024-01-25,134071787725.0
Stablecoin MC,2024-01-26,134259049797.0
Stablecoin MC,2024-01-27,134480470305.0
Stablecoin MC,2024-01-28,134553192201.0
Stablecoin MC,2024-01-29,134614894664.0
Stablecoin MC,2024-01-30,134937258573.0
Stablecoin MC,2024-01-31,134750117737.0
Stablecoin MC,2024-02-01,134786519351.0
Stablecoin MC,2024-02-02,135157723114.0
Stablecoin MC,2024-02-03,135132492095.0
Stablecoin MC,2024-02-04,135090414698.0
Stablecoin MC,2024-02-05,135168564024.0
Stablecoin MC,2024-02-06,135012752422.0
Stablecoin MC,2024-02-07,135351706897.0
Stablecoin MC,2024-02-08,135667630993.0
Stablecoin MC,2024-02-09,135966774702.0
Stablecoin MC,2024-02-10,136192593198.0
Stablecoin MC,2024-02-11,136463514053.0
Stablecoin MC,2024-02-12,136688944067.0
Stablecoin MC,2024-02-13,136284379153.0
Stablecoin MC,2024-02-14,136470963551.0
Stablecoin MC,2024-02-15,137431095301.0
Stablecoin MC,2024-02-16,137262657542.0
Stablecoin MC,2024-02-17,137619179089.0
Stablecoin MC,2024-02-18,137810375209.0
Stablecoin MC,2024-02-19,137706207623.0
Stablecoin MC,2024-02-20,137709750897.0
Stablecoin MC,2024-02-21,137807503911.0
Stablecoin MC,2024-02-22,137841062988.0
Stablecoin MC,2024-02-23,138199151984.0
Stablecoin MC,2024-02-24,138821066421.0
Stablecoin MC,2024-02-25,138581467409.0
Stablecoin MC,2024-02-26,138693603544.0
Stablecoin MC,2024-02-27,139148005602.0
Stablecoin MC,2024-02-28,139722158180.0
Stablecoin MC,2024-02-29,140197045346.0
Stablecoin MC,2024-03-01,140749449279.0
Stablecoin MC,2024-03-02,141304851068.0
Stablecoin MC,2024-03-03,141394227581.0
Stablecoin MC,2024-03-04,141792254627.0
Stablecoin MC,2024-03-05,141999585537.0
Stablecoin MC,2024-03-06,142164715866.0
Stablecoin MC,2024-03-07,142487669141.0
Stablecoin MC,2024-03-08,143005261947.0
Stablecoin MC,2024-03-09,144209742982.0
Stablecoin MC,2024-03-10,144508363687.0
Stablecoin MC,2024-03-11,144736914503.0
Stablecoin MC,2024-03-12,145477904658.0
Stablecoin MC,2024-03-13,145732944341.0
Stablecoin MC,2024-03-14,146536570116.0
Stablecoin MC,2024-03-15,146807368620.0
Stablecoin MC,2024-03-16,146722849744.0
Stablecoin MC,2024-03-17,146855193193.0
Stablecoin MC,2024-03-18,146529001543.0
Stablecoin MC,2024-03-19,147234672494.0
Stablecoin MC,2024-03-20,147623147605.0
Stablecoin MC,2024-03-21,147143684059.0
Stablecoin MC,2024-03-22,147707634309.0
Stablecoin MC,2024-03-23,147752673617.0
Stablecoin MC,2024-03-24,148085040442.0
Stablecoin MC,2024-03-25,147906937959.0
Stablecoin MC,2024-03-26,149232929479.0
Stablecoin MC,2024-03-27,149528490726.0
Stablecoin MC,2024-03-28,149487016829.0
Stablecoin MC,2024-03-29,149732467337.0
Stablecoin MC,2024-03-30,149939286818.0
Stablecoin MC,2024-03-31,150171409389.0
Stablecoin MC,2024-04-01,149906995726.0
Stablecoin MC,2024-04-02,150330438571.0
Stablecoin MC,2024-04-03,150981523184.0
Stablecoin MC,2024-04-04,152363668724.0
Stablecoin MC,2024-04-05,153239216598.0
Stablecoin MC,2024-04-06,154339943470.0
Stablecoin MC,2024-04-07,154367571366.0
Stablecoin MC,2024-04-08,154143542854.0
Stablecoin MC,2024-04-09,154172233337.0
Stablecoin MC,2024-04-10,153966643269.0
Stablecoin MC,2024-04-11,153675918103.0
Stablecoin MC,2024-04-12,154273055264.0
Stablecoin MC,2024-04-13,154479368835.0
Stablecoin MC,2024-04-14,155090997992.0
Stablecoin MC,2024-04-15,155118347030.0
Stablecoin MC,2024-04-16,155664848712.0
Stablecoin MC,2024-04-17,156656885689.0
Stablecoin MC,2024-04-18,154364386476.0
Stablecoin MC,2024-04-19,157600994660.0
Stablecoin MC,2024-04-20,156276857598.0
Stablecoin MC,2024-04-21,156392908286.0
Stablecoin MC,2024-04-22,158570394751.0
Stablecoin MC,2024-04-23,159115199780.0
Stablecoin MC,2024-04-24,159058333668.0
Stablecoin MC,2024-04-25,159599142810.0
Stablecoin MC,2024-04-26,159639918567.0
Stablecoin MC,2024-04-27,159431076344.0
Stablecoin MC,2024-04-28,159606156862.0
Stablecoin MC,2024-04-29,159599684201.0
Stablecoin MC,2024-04-30,159322079673.0
Stablecoin MC,2024-05-01,159481996837.0
Stablecoin MC,2024-05-02,159118521542.0
Stablecoin MC,2024-05-03,159253694523.0
Stablecoin MC,2024-05-04,159894414081.0
Stablecoin MC,2024-05-05,160193853222.0
Stablecoin MC,2024-05-06,160178998468.0
Stablecoin MC,2024-05-07,160125836168.0
Stablecoin MC,2024-05-08,159868427948.0
Stablecoin MC,2024-05-09,159760675591.0
Stablecoin MC,2024-05-10,159805642752.0
Stablecoin MC,2024-05-11,159596976793.0
Stablecoin MC,2024-05-12,159728264899.0
Stablecoin MC,2024-05-13,159685207983.0
Stablecoin MC,2024-05-14,159776738180.0
Stablecoin MC,2024-05-15,159556754306.0
Stablecoin MC,2024-05-16,160123997700.0
Stablecoin MC,2024-05-17,160267110601.0
Stablecoin MC,2024-05-18,160515760602.0
Stablecoin MC,2024-05-19,160852464994.0
Stablecoin MC,2024-05-20,160806872161.0
Stablecoin MC,2024-05-21,160510917895.0
Stablecoin MC,2024-05-22,160585011241.0
Stablecoin MC,2024-05-23,160635544091.0
Stablecoin MC,2024-05-24,160450160582.0
Stablecoin MC,2024-05-25,160809224456.0
Stablecoin MC,2024-05-26,160811334981.0
Stablecoin MC,2024-05-27,160514814670.0
Stablecoin MC,2024-05-28,160429560300.0
Stablecoin MC,2024-05-29,160175004615.0
Stablecoin MC,2024-05-30,159839802866.0
Stablecoin MC,2024-05-31,160250795420.0
Stablecoin MC,2024-06-01,160372577740.0
Stablecoin MC,2024-06-02,160426735664.0
Stablecoin MC,2024-06-03,160203799385.0
Stablecoin MC,2024-06-04,160531048086.0
Stablecoin MC,2024-06-05,160815349817.0
Stablecoin MC,2024-06-06,161005142656.0
Stablecoin MC,2024-06-07,161153566834.0
Stablecoin MC,2024-06-08,161477742937.0
Stablecoin MC,2024-06-09,161523651297.0
Stablecoin MC,2024-06-10,161576828310.0
Stablecoin MC,2024-06-11,161250169068.0
Stablecoin MC,2024-06-12,161073600343.0
Stablecoin MC,2024-06-13,161333446753.0
Stablecoin MC,2024-06-14,161424314240.0
Stablecoin MC,2024-06-15,161481659849.0
Stablecoin MC,2024-06-16,161212016131.0
Stablecoin MC,2024-06-17,161304990194.0
Stablecoin MC,2024-06-18,161141160511.0
Stablecoin MC,2024-06-19,161592233764.0
Stablecoin MC,2024-06-20,161381854536.0
Stablecoin MC,2024-06-21,161482664543.0
Stablecoin MC,2024-06-22,161757170763.0
Stablecoin MC,2024-06-23,161774637166.0
Stablecoin MC,2024-06-24,161488233084.0
Stablecoin MC,2024-06-25,161432664723.0
Stablecoin MC,2024-06-26,161465725681.0
Stablecoin MC,2024-06-27,161507329624.0
Stablecoin MC,2024-06-28,161412052205.0
Stablecoin MC,2024-06-29,161167254158.0
Stablecoin MC,2024-06-30,161147631713.0
Stablecoin MC,2024-07-01,160905446788.0
Stablecoin MC,2024-07-02,161112492538.0
Stablecoin MC,2024-07-03,161026570735.0
Stablecoin MC,2024-07-04,161090270584.0
Stablecoin MC,2024-07-05,161415870498.0
Stablecoin MC,2024-07-06,161779801103.0
Stablecoin MC,2024-07-07,161851930267.0
Stablecoin MC,2024-07-08,161873243872.0
Stablecoin MC,2024-07-09,161879435498.0
Stablecoin MC,2024-07-10,162179907624.0
Stablecoin MC,2024-07-11,162633783935.0
Stablecoin MC,2024-07-12,162603731811.0
Stablecoin MC,2024-07-13,162313576440.0
Stablecoin MC,2024-07-14,162592443578.0
Stablecoin MC,2024-07-15,162991620866.0
Stablecoin MC,2024-07-16,163064180600.0
Stablecoin MC,2024-07-17,163354265917.0
Stablecoin MC,2024-07-18,163529411754.0
Stablecoin MC,2024-07-19,163517374761.0
Stablecoin MC,2024-07-20,164468586672.0
Stablecoin MC,2024-07-21,164471674175.0
Stablecoin MC,2024-07-22,164465012235.0
Stablecoin MC,2024-07-23,164575424323.0
Stablecoin MC,2024-07-24,164796617241.0
Stablecoin MC,2024-07-25,164626176495.0
Stablecoin MC,2024-07-26,164178626579.0
Stablecoin MC,2024-07-27,164415149910.0
Stablecoin MC,2024-07-28,164588217961.0
Stablecoin MC,2024-07-29,164566860746.0
Stablecoin MC,2024-07-30,164208015692.0
Stablecoin MC,2024-07-31,164163362146.0
Stablecoin MC,2024-08-01,164108992062.0
Stablecoin MC,2024-08-02,163709173025.0
Stablecoin MC,2024-08-03,163822506911.0
Stablecoin MC,2024-08-04,163897142054.0
Stablecoin MC,2024-08-05,164045588294.0
Stablecoin MC,2024-08-06,164126075018.0
Stablecoin MC,2024-08-07,164601428022.0
Stablecoin MC,2024-08-08,166228704460.0
Stablecoin MC,2024-08-09,165860812891.0
Stablecoin MC,2024-08-10,166082299605.0
Stablecoin MC,2024-08-11,165692723038.0
Stablecoin MC,2024-08-12,166114676907.0
Stablecoin MC,2024-08-13,166487848664.0
Stablecoin MC,2024-08-14,166823263759.0
Stablecoin MC,2024-08-15,167459384766.0
Stablecoin MC,2024-08-16,167688170143.0
Stablecoin MC,2024-08-17,168291537169.0
Stablecoin MC,2024-08-18,168382824524.0
Stablecoin MC,2024-08-19,168365949349.0
Stablecoin MC,2024-08-20,168339020717.0
Stablecoin MC,2024-08-21,168771402996.0
Stablecoin MC,2024-08-22,169040404983.0
Stablecoin MC,2024-08-23,169179827729.0
Stablecoin MC,2024-08-24,169800572303.0
Stablecoin MC,2024-08-25,170148425092.0
Stablecoin MC,2024-08-26,170130298173.0
Stablecoin MC,2024-08-27,169872384957.0
Stablecoin MC,2024-08-28,169807824692.0
Stablecoin MC,2024-08-29,170032321228.0
Stablecoin MC,2024-08-30,170251464361.0
Stablecoin MC,2024-08-31,170165471856.0
Stablecoin MC,2024-09-01,169863936454.0
Stablecoin MC,2024-09-02,170335396321.0
Stablecoin MC,2024-09-03,170200840563.0
Stablecoin MC,2024-09-04,169827202522.0
Stablecoin MC,2024-09-05,170149879405.0
Stablecoin MC,2024-09-06,169858900924.0
Stablecoin MC,2024-09-07,169820696964.0
Stablecoin MC,2024-09-08,170079277104.0
Stablecoin MC,2024-09-09,170049383071.0
Stablecoin MC,2024-09-10,170722758216.0
Stablecoin MC,2024-09-11,170590192916.0
Stablecoin MC,2024-09-12,170602842542.0
Stablecoin MC,2024-09-13,170378188843.0
Stablecoin MC,2024-09-14,171143202979.0
Stablecoin MC,2024-09-15,171819568976.0
Stablecoin MC,2024-09-16,171471077591.0
Stablecoin MC,2024-09-17,171108278936.0
Stablecoin MC,2024-09-18,171707600001.0
Stablecoin MC,2024-09-19,171934453671.0
Stablecoin MC,2024-09-20,171833561719.0
Stablecoin MC,2024-09-21,172411757099.0
Stablecoin MC,2024-09-22,172654301570.0
Stablecoin MC,2024-09-23,172565164894.0
Stablecoin MC,2024-09-24,172461031973.0
Stablecoin MC,2024-09-25,172495602488.0
Stablecoin MC,2024-09-26,172720449683.0
Stablecoin MC,2024-09-27,173169186920.0
Stablecoin MC,2024-09-28,172912060600.0
Stablecoin MC,2024-09-29,172937944389.0
Stablecoin MC,2024-09-30,172926930198.0
Stablecoin MC,2024-10-01,172281427438.0
Stablecoin MC,2024-10-02,172692608334.0
Stablecoin MC,2024-10-03,172817960872.0
Stablecoin MC,2024-10-04,172682863016.0
Stablecoin MC,2024-10-05,172718255123.0
Stablecoin MC,2024-10-06,173500936072.0
Stablecoin MC,2024-10-07,172279339721.0
Stablecoin MC,2024-10-08,172857718495.0
Stablecoin MC,2024-10-09,172942056895.0
Stablecoin MC,2024-10-10,172980464366.0
Stablecoin MC,2024-10-11,172600657818.0
Stablecoin MC,2024-10-12,172973055450.0
Stablecoin MC,2024-10-13,173251667975.0
Stablecoin MC,2024-10-14,173567076503.0
Stablecoin MC,2024-10-15,172852412587.0
Stablecoin MC,2024-10-16,172908244767.0
Stablecoin MC,2024-10-17,172607601669.0
Stablecoin MC,2024-10-18,172579900005.0
Stablecoin MC,2024-10-19,172897687156.0
Stablecoin MC,2024-10-20,172920661244.0
Stablecoin MC,2024-10-21,172817499000.0
Stablecoin MC,2024-10-22,173001297573.0
Stablecoin MC,2024-10-23,172871920072.0
Stablecoin MC,2024-10-24,172361485076.0
Stablecoin MC,2024-10-25,171725392035.0
Stablecoin MC,2024-10-26,172599578242.0
Stablecoin MC,2024-10-27,172680321525.0
Stablecoin MC,2024-10-28,173105011910.0
Stablecoin MC,2024-10-29,172343685396.0
Stablecoin MC,2024-10-30,172948091484.0
Stablecoin MC,2024-10-31,173202208899.0
Stablecoin MC,2024-11-01,172636179461.0
Stablecoin MC,2024-11-02,173089998581.0
Stablecoin MC,2024-11-03,173160241207.0
Stablecoin MC,2024-11-04,173458241896.0
Stablecoin MC,2024-11-05,174869397970.0
Stablecoin MC,2024-11-06,175000636319.0
Stablecoin MC,2024-11-07,176754463620.0
Stablecoin MC,2024-11-08,177479975720.0
Stablecoin MC,2024-11-09,178645604575.0
Stablecoin MC,2024-11-10,178670422065.0
Stablecoin MC,2024-11-11,179934895110.0
Stablecoin MC,2024-11-12,180569772804.0
Stablecoin MC,2024-11-13,180742247482.0
Stablecoin MC,2024-11-14,181789143969.0
Stablecoin MC,2024-11-15,184036870280.0
Stablecoin MC,2024-11-16,184237476029.0
Stablecoin MC,2024-11-17,184590711112.0
Stablecoin MC,2024-11-18,185024535468.0
Stablecoin MC,2024-11-19,185259480100.0
Stablecoin MC,2024-11-20,185933886061.0
Stablecoin MC,2024-11-21,187741918906.0
Stablecoin MC,2024-11-22,188568706281.0
Stablecoin MC,2024-11-23,190480624744.0
Stablecoin MC,2024-11-24,192269568126.0
Stablecoin MC,2024-11-25,192612295864.0
Stablecoin MC,2024-11-26,191519827622.0
Stablecoin MC,2024-11-27,191886661162.0
Stablecoin MC,2024-11-28,193474933969.0
Stablecoin MC,2024-11-29,194398042816.0
Stablecoin MC,2024-11-30,195154129939.0
Stablecoin MC,2024-12-01,193265087597.0
Stablecoin MC,2024-12-02,193542496596.0
Stablecoin MC,2024-12-03,194477674913.0
Stablecoin MC,2024-12-04,194821667164.0
Stablecoin MC,2024-12-05,196137286466.0
Stablecoin MC,2024-12-06,196715735174.0
Stablecoin MC,2024-12-07,197857993288.0
Stablecoin MC,2024-12-08,198295483599.0
Stablecoin MC,2024-12-09,199187733827.0
Stablecoin MC,2024-12-10,199255992786.0
Stablecoin MC,2024-12-11,199651989667.0
Stablecoin MC,2024-12-12,201892168163.0
Stablecoin MC,2024-12-13,202376017948.0
Stablecoin MC,2024-12-14,203278264733.0
Stablecoin MC,2024-12-15,203557283090.0
Stablecoin MC,2024-12-16,203653164332.0
Stablecoin MC,2024-12-17,204158819598.0
Stablecoin MC,2024-12-18,204355380712.0
Stablecoin MC,2024-12-19,204583181774.0
Stablecoin MC,2024-12-20,205087706086.0
Stablecoin MC,2024-12-21,205146553619.0
Stablecoin MC,2024-12-22,205190869774.0
Stablecoin MC,2024-12-23,205861726099.0
Stablecoin MC,2024-12-24,205368947774.0
Stablecoin MC,2024-12-25,205794504859.0
Stablecoin MC,2024-12-26,206064401148.0
Stablecoin MC,2024-12-27,206560580408.0
Stablecoin MC,2024-12-28,206827582570.0
Stablecoin MC,2024-12-29,206597761977.0
Stablecoin MC,2024-12-30,206134398972.0
Stablecoin MC,2024-12-31,205447255733.0
Stablecoin MC,2025-01-01,204800406636.0
Stablecoin MC,2025-01-02,204352561153.0
Stablecoin MC,2025-01-03,206270875763.0
Stablecoin MC,2025-01-04,208007693412.0
Stablecoin MC,2025-01-05,207963449513.0
Stablecoin MC,2025-01-06,207907894945.0
Stablecoin MC,2025-01-07,208177840586.0
Stablecoin MC,2025-01-08,207642943556.0
Stablecoin MC,2025-01-09,207745342194.0
Stablecoin MC,2025-01-10,207487191379.0
Stablecoin MC,2025-01-11,207665839146.0
Stablecoin MC,2025-01-12,207559154130.0
Stablecoin MC,2025-01-13,207860983944.0
Stablecoin MC,2025-01-14,207778990015.0
Stablecoin MC,2025-01-15,208076643451.0
Stablecoin MC,2025-01-16,208933118522.0
Stablecoin MC,2025-01-17,209149391728.0
Stablecoin MC,2025-01-18,210867448569.0
Stablecoin MC,2025-01-19,210843748728.0
Stablecoin MC,2025-01-20,211215049079.0
Stablecoin MC,2025-01-21,211268321809.0
Stablecoin MC,2025-01-22,213986101041.0
Stablecoin MC,2025-01-23,215291338885.0
Stablecoin MC,2025-01-24,216040458922.0
Stablecoin MC,2025-01-25,216654789862.0
Stablecoin MC,2025-01-26,216693307807.0
Stablecoin MC,2025-01-27,216655464886.0
Stablecoin MC,2025-01-28,216867338887.0
Stablecoin MC,2025-01-29,217324321254.0
Stablecoin MC,2025-01-30,217535343706.0
Stablecoin MC,2025-01-31,218194949323.0
Stablecoin MC,2025-02-01,218393686940.0
Stablecoin MC,2025-02-02,218476699606.0
Stablecoin MC,2025-02-03,218525962937.0
Stablecoin MC,2025-02-04,219305561477.0
Stablecoin MC,2025-02-05,221982517199.0
Stablecoin MC,2025-02-06,223305049009.0
Stablecoin MC,2025-02-07,223749514581.0
Stablecoin MC,2025-02-08,224881193886.0
Stablecoin MC,2025-02-09,224962817849.0
Stablecoin MC,2025-02-10,225101861821.0
Stablecoin MC,2025-02-11,225271231196.0
Stablecoin MC,2025-02-12,225312403473.0
Stablecoin MC,2025-02-13,225551977618.0
Stablecoin MC,2025-02-14,225733095533.0
Stablecoin MC,2025-02-15,226056014823.0
Stablecoin MC,2025-02-16,226199099626.0
Stablecoin MC,2025-02-17,226418840003.0
Stablecoin MC,2025-02-18,226142253227.0
Stablecoin MC,2025-02-19,226051735441.0
Stablecoin MC,2025-02-20,226862830706.0
Stablecoin MC,2025-02-21,226777388215.0
Stablecoin MC,2025-02-22,227473664329.0
Stablecoin MC,2025-02-23,227252173331.0
Stablecoin MC,2025-02-24,227402691238.0
Stablecoin MC,2025-02-25,226800563389.0
Stablecoin MC,2025-02-26,225685967900.0
Stablecoin MC,2025-02-27,225104028555.0
Stablecoin MC,2025-02-28,225087960049.0
Stablecoin MC,2025-03-01,225961151181.0
Stablecoin MC,2025-03-02,225250448643.0
Stablecoin MC,2025-03-03,225230480255.0
Stablecoin MC,2025-03-04,225367026341.0
Stablecoin MC,2025-03-05,225911855807.0
Stablecoin MC,2025-03-06,226907418964.0
Stablecoin MC,2025-03-07,226989277442.0
Stablecoin MC,2025-03-08,228084307529.0
Stablecoin MC,2025-03-09,228169797106.0
Stablecoin MC,2025-03-10,228057375637.0
Stablecoin MC,2025-03-11,227667014275.0
Stablecoin MC,2025-03-12,228444740249.0
Stablecoin MC,2025-03-13,228835317944.0
Stablecoin MC,2025-03-14,229026333322.0
Stablecoin MC,2025-03-15,229809301113.0
Stablecoin MC,2025-03-16,229953205178.0
Stablecoin MC,2025-03-17,229914463996.0
Stablecoin MC,2025-03-18,230102891031.0
Stablecoin MC,2025-03-19,230430172081.0
Stablecoin MC,2025-03-20,231014403224.0
Stablecoin MC,2025-03-21,230895047724.0
Stablecoin MC,2025-03-22,231680910254.0
Stablecoin MC,2025-03-23,232627392625.0
Stablecoin MC,2025-03-24,232978695846.0
Stablecoin MC,2025-03-25,233992652045.0
Stablecoin MC,2025-03-26,235096513651.0
Stablecoin MC,2025-03-27,235228467200.0
Stablecoin MC,2025-03-28,234591849581.0
Stablecoin MC,2025-03-29,234013830536.0
Stablecoin MC,2025-03-30,234254597807.0
Stablecoin MC,2025-03-31,234203740057.0
Stablecoin MC,2025-04-01,234402971596.0
Stablecoin MC,2025-04-02,234612712906.0
Stablecoin MC,2025-04-03,235008076385.0
Stablecoin MC,2025-04-04,235139130641.0
Stablecoin MC,2025-04-05,234650242948.0
Stablecoin MC,2025-04-06,234349556721.0
Stablecoin MC,2025-04-07,233895396193.0
Stablecoin MC,2025-04-08,233512923224.0
Stablecoin MC,2025-04-09,233134605158.0
Stablecoin MC,2025-04-10,233253831825.0
Stablecoin MC,2025-04-11,233097212169.0
Stablecoin MC,2025-04-12,232966746113.0
Stablecoin MC,2025-04-13,233328272061.0
Stablecoin MC,2025-04-14,233126476930.0
Stablecoin MC,2025-04-15,233086671939.0
Stablecoin MC,2025-04-16,233533617271.0
Stablecoin MC,2025-04-17,233709218722.0
Stablecoin MC,2025-04-18,234224403912.0
Stablecoin MC,2025-04-19,233690402739.0
Stablecoin MC,2025-04-20,233740482710.0
Stablecoin MC,2025-04-21,233918325438.0
Stablecoin MC,2025-04-22,234087232697.0
Stablecoin MC,2025-04-23,235288586554.0
Stablecoin MC,2025-04-24,235810579235.0
Stablecoin MC,2025-04-25,236865313104.0
Stablecoin MC,2025-04-26,237491058483.0
Stablecoin MC,2025-04-27,238124002235.0
Stablecoin MC,2025-04-28,238843525984.0
Stablecoin MC,2025-04-29,239542721662.0
Stablecoin MC,2025-04-30,241010780299.0
Stablecoin MC,2025-05-01,241273396701.0
Stablecoin MC,2025-05-02,241425541566.0
Stablecoin MC,2025-05-03,241840435914.0
Stablecoin MC,2025-05-04,242214669627.0
Stablecoin MC,2025-05-05,242180305178.0
Stablecoin MC,2025-05-06,242060987388.0
Stablecoin MC,2025-05-07,241286543589.0
Stablecoin MC,2025-05-08,241424538250.0
Stablecoin MC,2025-05-09,242061740178.0
Stablecoin MC,2025-05-10,241944045692.0
Stablecoin MC,2025-05-11,242163036475.0
Stablecoin MC,2025-05-12,242170780308.0
Stablecoin MC,2025-05-13,241631142006.0
Stablecoin MC,2025-05-14,241484511028.0
Stablecoin MC,2025-05-15,241897505693.0
Stablecoin MC,2025-05-16,242457414694.0
Stablecoin MC,2025-05-17,243000049798.0
Stablecoin MC,2025-05-18,243057813733.0
Stablecoin MC,2025-05-19,243205062616.0
Stablecoin MC,2025-05-20,243143209035.0
Stablecoin MC,2025-05-21,243463816614.0
Stablecoin MC,2025-05-22,244488565383.0
Stablecoin MC,2025-05-23,245009525715.0
Stablecoin MC,2025-05-24,245332588188.0
Stablecoin MC,2025-05-25,245626842516.0
Stablecoin MC,2025-05-26,245636295101.0
Stablecoin MC,2025-05-27,245875808011.0
Stablecoin MC,2025-05-28,245650015592.0
Stablecoin MC,2025-05-29,245646159870.0
Stablecoin MC,2025-05-30,245823345399.0
Stablecoin MC,2025-05-31,245978576263.0
Stablecoin MC,2025-06-01,246104995024.0
Stablecoin MC,2025-06-02,246357402802.0
Stablecoin MC,2025-06-03,246989681504.0
Stablecoin MC,2025-06-04,247676937900.0
Stablecoin MC,2025-06-05,248083355185.0
Stablecoin MC,2025-06-06,247871631646.0
Stablecoin MC,2025-06-07,248537191481.0
Stablecoin MC,2025-06-08,248874175747.0
Stablecoin MC,2025-06-09,248887838274.0
Stablecoin MC,2025-06-10,249238260288.0
Stablecoin MC,2025-06-11,248979557794.0
Stablecoin MC,2025-06-12,249541879869.0
Stablecoin MC,2025-06-13,249494625283.0
Stablecoin MC,2025-06-14,250301253003.0
Stablecoin MC,2025-06-15,250221802501.0
Stablecoin MC,2025-06-16,250168777492.0
Stablecoin MC,2025-06-17,250078565049.0
Stablecoin MC,2025-06-18,250258514482.0
Stablecoin MC,2025-06-19,250293562584.0
Stablecoin MC,2025-06-20,250182938865.0
Stablecoin MC,2025-06-21,249967251300.0
Stablecoin MC,2025-06-22,249956106810.0
Stablecoin MC,2025-06-23,250134293383.0
Stablecoin MC,2025-06-24,249584459697.0
Stablecoin MC,2025-06-25,251352320182.0
Stablecoin MC,2025-06-26,251175614458.0
Stablecoin MC,2025-06-27,251341851775.0
Stablecoin MC,2025-06-28,251658172384.0
Stablecoin MC,2025-06-29,251986039955.0
Stablecoin MC,2025-06-30,251981259025.0
Stablecoin MC,2025-07-01,252254042408.0
Stablecoin MC,2025-07-02,252518088474.0
Stablecoin MC,2025-07-03,252916010780.0
Stablecoin MC,2025-07-04,253221792568.0
Stablecoin MC,2025-07-05,253373538411.0
Stablecoin MC,2025-07-06,253601986924.0
Stablecoin MC,2025-07-07,253632602362.0
Stablecoin MC,2025-07-08,253809559807.0
Stablecoin MC,2025-07-09,253740783483.0
Stablecoin MC,2025-07-10,254206638802.0
Stablecoin MC,2025-07-11,255356000389.0
Stablecoin MC,2025-07-12,256309638099.0
Stablecoin MC,2025-07-13,256581578591.0
Stablecoin MC,2025-07-14,256738779975.0
Stablecoin MC,2025-07-15,256379446769.0
Stablecoin MC,2025-07-16,255354974941.0
Stablecoin MC,2025-07-17,258049040472.0
Stablecoin MC,2025-07-18,258850271641.0
Stablecoin MC,2025-07-19,259312630117.0
Stablecoin MC,2025-07-20,259666837715.0
Stablecoin MC,2025-07-21,260043573930.0
Stablecoin MC,2025-07-22,260496616024.0
Stablecoin MC,2025-07-23,260984141949.0
Stablecoin MC,2025-07-24,261993148918.0
Stablecoin MC,2025-07-25,263136953970.0
Stablecoin MC,2025-07-26,262937049456.0
Stablecoin MC,2025-07-27,263546934062.0
Stablecoin MC,2025-07-28,263901390163.0
Stablecoin MC,2025-07-29,263861729558.0
Stablecoin MC,2025-07-30,263916095124.0
Stablecoin MC,2025-07-31,264557735385.0
Stablecoin MC,2025-08-01,265092823697.0
Stablecoin MC,2025-08-02,265357445884.0
Stablecoin MC,2025-08-03,265363956566.0
Stablecoin MC,2025-08-04,265919480359.0
Stablecoin MC,2025-08-05,266412938714.0
Stablecoin MC,2025-08-06,266565155662.0
Stablecoin MC,2025-08-07,266689116530.0
Stablecoin MC,2025-08-08,267619840150.0
Stablecoin MC,2025-08-09,268214485385.0
Stablecoin MC,2025-08-10,268937137462.0
Stablecoin MC,2025-08-11,268316344514.0
Stablecoin MC,2025-08-12,269050046931.0
Stablecoin MC,2025-08-13,269916103592.0
Stablecoin MC,2025-08-14,271559868004.0
Stablecoin MC,2025-08-15,273207826642.0
Stablecoin MC,2025-08-16,274727941421.0
Stablecoin MC,2025-08-17,274685300022.0
Stablecoin MC,2025-08-18,275503550108.0
Stablecoin MC,2025-08-19,275525087430.0
Stablecoin MC,2025-08-20,275483238732.0
Stablecoin MC,2025-08-21,275885123200.0
Stablecoin MC,2025-08-22,274766842070.0
Stablecoin MC,2025-08-23,274670593540.0
Stablecoin MC,2025-08-24,276010436080.0
Stablecoin MC,2025-08-25,276081252682.0
Stablecoin MC,2025-08-26,277936584490.0
Stablecoin MC,2025-08-27,278214605075.0
Stablecoin MC,2025-08-28,278755409692.0
Stablecoin MC,2025-08-29,281126969967.0
Stablecoin MC,2025-08-30,281300169945.0
Stablecoin MC,2025-08-31,281662424982.0
Stablecoin MC,2025-09-01,282404371290.0
Stablecoin MC,2025-09-02,282402323614.0
Stablecoin MC,2025-09-03,281554437284.0
Stablecoin MC,2025-09-04,283410271970.0
Stablecoin MC,2025-09-05,286035823015.0
Stablecoin MC,2025-09-06,284482437157.0
Stablecoin MC,2025-09-07,284542897470.0
Stablecoin MC,2025-09-08,284309600540.0
Stablecoin MC,2025-09-09,284470258148.0
Stablecoin MC,2025-09-10,284971387102.0
Stablecoin MC,2025-09-11,285084724014.0
Stablecoin MC,2025-09-12,285878810507.0
Stablecoin MC,2025-09-13,287259893129.0
Stablecoin MC,2025-09-14,287971736677.0
Stablecoin MC,2025-09-15,288000383920.0
Stablecoin MC,2025-09-16,288305619800.0
Stablecoin MC,2025-09-17,289103098543.0
Stablecoin MC,2025-09-18,289298179453.0
Stablecoin MC,2025-09-19,290415323496.0
Stablecoin MC,2025-09-20,291204137091.0
Stablecoin MC,2025-09-21,291413558874.0
Stablecoin MC,2025-09-22,291409284716.0
Stablecoin MC,2025-09-23,292284020132.0
Stablecoin MC,2025-09-24,293110655644.0
Stablecoin MC,2025-09-25,293909164554.0
Stablecoin MC,2025-09-26,294064775768.0
Stablecoin MC,2025-09-27,294802355221.0
Stablecoin MC,2025-09-28,294999808376.0
Stablecoin MC,2025-09-29,295239000684.0
Stablecoin MC,2025-09-30,296051526810.0
Stablecoin MC,2025-10-01,297474600277.0
Stablecoin MC,2025-10-02,298375317178.0
Stablecoin MC,2025-10-03,299559077393.0
Stablecoin MC,2025-10-04,301086295007.0
Stablecoin MC,2025-10-05,301613369081.0
Stablecoin MC,2025-10-06,301147574971.0
Stablecoin MC,2025-10-07,301821009761.0
Stablecoin MC,2025-10-08,302614528563.0
Stablecoin MC,2025-10-09,302630848537.0
Stablecoin MC,2025-10-10,302852872878.0
Stablecoin MC,2025-10-11,303181026137.0
Stablecoin MC,2025-10-12,302742651305.0
Stablecoin MC,2025-10-13,302799233388.0
Stablecoin MC,2025-10-14,303686185891.0
Stablecoin MC,2025-10-15,304918955407.0
Stablecoin MC,2025-10-16,305734378424.0
Stablecoin MC,2025-10-17,305803381780.0
Stablecoin MC,2025-10-18,306073880586.0
Stablecoin MC,2025-10-19,306099678921.0
Stablecoin MC,2025-10-20,306375318223.0
Stablecoin MC,2025-10-21,306334300116.0
Stablecoin MC,2025-10-22,307367893746.0
Stablecoin MC,2025-10-23,306771663388.0
Stablecoin MC,2025-10-24,306966910881.0
Stablecoin MC,2025-10-25,307591238218.0
Stablecoin MC,2025-10-26,307350558383.0
Stablecoin MC,2025-10-27,307209247509.0
Stablecoin MC,2025-10-28,306858277797.0
Stablecoin MC,2025-10-29,307040344040.0
Stablecoin MC,2025-10-30,306317157048.0
Stablecoin MC,2025-10-31,305936039561.0
Stablecoin MC,2025-11-01,305964396563.0
Stablecoin MC,2025-11-02,306116686148.0
Stablecoin MC,2025-11-03,305863505596.0
Stablecoin MC,2025-11-04,305813544622.0
Stablecoin MC,2025-11-05,304641129901.0
Stablecoin MC,2025-11-06,304479245789.0
Stablecoin MC,2025-11-07,303828988078.0
Stablecoin MC,2025-11-08,304175330888.0
Stablecoin MC,2025-11-09,303638435833.0
Stablecoin MC,2025-11-10,303579849048.0
Stablecoin MC,2025-11-11,303791032165.0
Stablecoin MC,2025-11-12,304155849035.0
Stablecoin MC,2025-11-13,304195559172.0
Stablecoin MC,2025-11-14,303652705002.0
Stablecoin MC,2025-11-15,302970474279.0
Stablecoin MC,2025-11-16,302850126150.0
Stablecoin MC,2025-11-17,302507858977.0
Stablecoin MC,2025-11-18,302135471451.0
Stablecoin MC,2025-11-19,301995870151.0
Stablecoin MC,2025-11-20,301775269883.0
Stablecoin MC,2025-11-21,301718482604.0
Stablecoin MC,2025-11-22,301437081161.0
Stablecoin MC,2025-11-23,301617941012.0
Stablecoin MC,2025-11-24,301376576419.0
Stablecoin MC,2025-11-25,302689862302.0
Stablecoin MC,2025-11-26,303253921090.0
Stablecoin MC,2025-11-27,304078270709.0
Stablecoin MC,2025-11-28,304503947715.0
Stablecoin MC,2025-11-29,305061523517.0
Stablecoin MC,2025-11-30,305225435426.0
Stablecoin MC,2025-12-01,304917299321.0
Stablecoin MC,2025-12-02,305766657819.0
Stablecoin MC,2025-12-03,306550227147.0
Stablecoin MC,2025-12-04,306501594456.0
Stablecoin MC,2025-12-05,307013395553.0
Stablecoin MC,2025-12-06,307216461767.0
Stablecoin MC,2025-12-07,307170872366.0
Stablecoin MC,2025-12-08,307365432754.0
Stablecoin MC,2025-12-09,307718314850.0
Stablecoin MC,2025-12-10,307878596200.0
Stablecoin MC,2025-12-11,307979598889.0
Stablecoin MC,2025-12-12,308951664862.0
Stablecoin MC,2025-12-13,309028089667.0
Stablecoin MC,2025-12-14,308909328506.0
Stablecoin MC,2025-12-15,308609460040.0
Stablecoin MC,2025-12-16,308395860733.0
Stablecoin MC,2025-12-17,308385407794.0
Stablecoin MC,2025-12-18,308316552736.0
Stablecoin MC,2025-12-19,307768212358.0
Stablecoin MC,2025-12-20,308259874261.0
Stablecoin MC,2025-12-21,309331698393.0
Stablecoin MC,2025-12-22,308100482946.0
Stablecoin MC,2025-12-23,308189565734.0
Stablecoin MC,2025-12-24,307797505219.0
Stablecoin MC,2025-12-25,307292227985.0
Stablecoin MC,2025-12-26,307461816754.0
Stablecoin MC,2025-12-27,307392668935.0
Stablecoin MC,2025-12-28,307271905089.0
Stablecoin MC,2025-12-29,307116507825.0
Stablecoin MC,2025-12-30,306997859490.0
Stablecoin MC,2025-12-31,306661529478.0
Stablecoin MC,2026-01-01,305918486001.0
Stablecoin MC,2026-01-02,305947738296.0
Stablecoin MC,2026-01-03,306728661822.0
Stablecoin MC,2026-01-04,306625769142.0
Stablecoin MC,2026-01-05,306966275955.0
Stablecoin MC,2026-01-06,307516239089.0
Stablecoin MC,2026-01-07,307093052478.0
Stablecoin MC,2026-01-08,306835741530.0
Stablecoin MC,2026-01-09,306478333516.0
Stablecoin MC,2026-01-10,306796599653.0
Stablecoin MC,2026-01-11,306657570177.0
Stablecoin MC,2026-01-12,306657725856.0
Stablecoin MC,2026-01-13,306118860970.0
Stablecoin MC,2026-01-14,307633929751.0
Stablecoin MC,2026-01-15,308538235246.0
Stablecoin MC,2026-01-16,309403751027.0
Stablecoin MC,2026-01-17,309974702522.0
Stablecoin MC,2026-01-18,310256575678.0
Stablecoin MC,2026-01-19,310072150521.0
Stablecoin MC,2026-01-20,309868486136.0
Stablecoin MC,2026-01-21,308173391931.0
Stablecoin MC,2026-01-22,307646494550.0
Stablecoin MC,2026-01-23,307354091568.0
Stablecoin MC,2026-01-24,307765264261.0
Stablecoin MC,2026-01-25,307740915590.0
Stablecoin MC,2026-01-26,307686134442.0
Stablecoin MC,2026-01-27,307124760223.0
Stablecoin MC,2026-01-28,307059338862.0
Stablecoin MC,2026-01-29,306746948022.0
Stablecoin MC,2026-01-30,305422453438.0
Stablecoin MC,2026-01-31,304364181496.0
Stablecoin MC,2026-02-01,303754017728.0
Stablecoin MC,2026-02-02,304080869681.0
Stablecoin MC,2026-02-03,304321740691.0
Stablecoin MC,2026-02-04,304546421053.0
Stablecoin MC,2026-02-05,304611706598.0
Stablecoin MC,2026-02-06,303897405142.0
Stablecoin MC,2026-02-07,304238765262.0
Stablecoin MC,2026-02-08,304780699505.0
Stablecoin MC,2026-02-09,305978440965.0
Stablecoin MC,2026-02-10,305696913148.0
Stablecoin MC,2026-02-11,305274802454.0
Stablecoin MC,2026-02-12,305171069519.0
Stablecoin MC,2026-02-13,304960208545.0
Stablecoin MC,2026-02-14,305831313145.0
Stablecoin MC,2026-02-15,305940642927.0
Stablecoin MC,2026-02-16,306080924594.0
Stablecoin MC,2026-02-17,306313886193.0
Stablecoin MC,2026-02-18,305928354091.0
Stablecoin MC,2026-02-19,306185981662.0
Stablecoin MC,2026-02-20,306194378869.0
Stablecoin MC,2026-02-21,305746368463.0
Stablecoin MC,2026-02-22,305676667628.0
Stablecoin MC,2026-02-23,306838139296.0
Stablecoin MC,2026-02-24,306646051361.0
Stablecoin MC,2026-02-25,306889263532.0
Stablecoin MC,2026-02-26,307519496151.0
Stablecoin MC,2026-02-27,307024006277.0
Stablecoin MC,2026-02-28,307311314610.0
Stablecoin MC,2026-03-01,307603172429.0
Stablecoin MC,2026-03-02,307221371341.0
Stablecoin MC,2026-03-03,308327969928.0
Stablecoin MC,2026-03-04,308582242430.0
Stablecoin MC,2026-03-05,309533011261.0
Stablecoin MC,2026-03-06,310568025020.0
Stablecoin MC,2026-03-07,310751427889.0
Stablecoin MC,2026-03-08,310772525571.0
Stablecoin MC,2026-03-09,310931795185.0
Stablecoin MC,2026-03-10,311967750925.0
Stablecoin MC,2026-03-11,312282784885.0
Stablecoin MC,2026-03-12,312592954483.0
Stablecoin MC,2026-03-13,313216665638.0
Stablecoin MC,2026-03-14,313674688795.0
Stablecoin MC,2026-03-15,313630124596.0
Stablecoin MC,2026-03-16,313599619287.0
Stablecoin MC,2026-03-17,313665530287.0
Stablecoin MC,2026-03-18,313799968208.0
Stablecoin MC,2026-03-19,313333859587.0
Stablecoin MC,2026-03-20,313677792409.0
Stablecoin MC,2026-03-21,313842589982.0
Stablecoin MC,2026-03-22,313841743583.0
Stablecoin MC,2026-03-23,313806377050.0
Stablecoin MC,2026-03-24,313242913604.0
Stablecoin MC,2026-03-25,313364079656.0
Stablecoin MC,2026-03-26,313476621299.0
Stablecoin MC,2026-03-27,312983328639.0
Stablecoin MC,2026-03-28,312842356158.0
Stablecoin MC,2026-03-29,312768581170.0
Stablecoin MC,2026-03-30,312894474600.0
Stablecoin MC,2026-03-31,313170485799.0
Stablecoin MC,2026-04-01,313936912652.0
Stablecoin MC,2026-04-02,314163658962.0
Stablecoin MC,2026-04-03,314436464431.0
Stablecoin MC,2026-04-04,314835669426.0
Stablecoin MC,2026-04-05,314762562027.0
Stablecoin MC,2026-04-06,314778032679.0
Stablecoin MC,2026-04-07,314297465901.0
Stablecoin MC,2026-04-08,315000454667.0
Stablecoin MC,2026-04-09,315025048716.0
Stablecoin MC,2026-04-10,315441105957.0
Stablecoin MC,2026-04-11,316150489820.0
Stablecoin MC,2026-04-12,316231256277.0
Stablecoin MC,2026-04-13,316326120350.0
Stablecoin MC,2026-04-14,316465721743.0
Stablecoin MC,2026-04-15,317511375242.0
Stablecoin MC,2026-04-16,317557894914.0
Stablecoin MC,2026-04-17,318060241864.0
Stablecoin MC,2026-04-18,318903438024.0
Stablecoin MC,2026-04-19,319068967627.0
Stablecoin MC,2026-04-20,318145348571.0
Stablecoin MC,2026-04-21,318203061257.0
Stablecoin MC,2026-04-22,318925512394.0
Stablecoin MC,2026-04-23,318532544321.0
Stablecoin MC,2026-04-24,318264839250.0
Stablecoin MC,2026-04-25,318090708254.0
Stablecoin MC,2026-04-26,318197287628.0
Stablecoin MC,2026-04-27,318179043089.0
Stablecoin MC,2026-04-28,317963997628.0
Stablecoin MC,2026-04-29,318094222624.0
Stablecoin MC,2026-04-30,317297326439.0
Stablecoin MC,2026-05-01,317984250383.0
Stablecoin MC,2026-05-02,318213568649.0
Stablecoin MC,2026-05-03,318282689565.0
Stablecoin MC,2026-05-04,318625653870.0
Stablecoin MC,2026-05-05,319158807111.0
Stablecoin MC,2026-05-06,320048955023.0
Stablecoin MC,2026-05-07,320318535922.0
Stablecoin MC,2026-05-08,320580511551.0
Stablecoin MC,2026-05-09,319224960721.0
Stablecoin MC,2026-05-10,319962236474.0
Stablecoin MC,2026-05-11,320244557993.0
Stablecoin MC,2026-05-12,320452357591.0
Stablecoin MC,2026-05-13,320207244206.0
Stablecoin MC,2026-05-14,319777082017.0
Stablecoin MC,2026-05-15,319893061516.0
Stablecoin MC,2026-05-16,320573242931.0
Stablecoin MC,2026-05-17,320869531836.0
Stablecoin MC,2026-05-18,320771166041.0
Stablecoin MC,2026-05-19,320526923818.0
Stablecoin MC,2026-05-20,320016587314.0
Stablecoin MC,2026-05-21,319515611314.0
Stablecoin MC,2026-05-22,320278677461.0
Stablecoin MC,2026-05-23,320342139219.0
Stablecoin MC,2026-05-24,320278897788.0
Stablecoin MC,2026-05-25,320015527739.0
Stablecoin MC,2026-05-26,320169136872.0
Stablecoin MC,2026-05-27,319828193570.0
Stablecoin MC,2026-05-28,319212213859.0
Stablecoin MC,2026-05-29,318262731668.0
Stablecoin MC,2026-05-30,317829817201.0
Stablecoin MC,2026-05-31,317595249365.0
Stablecoin MC,2026-06-01,317385185706.0
Stablecoin MC,2026-06-02,317385503661.0
Stablecoin MC,2026-06-03,316700365315.0
Stablecoin MC,2026-06-04,315966148155.0
Stablecoin MC,2026-06-05,314653438925.0
Stablecoin MC,2026-06-06,314085491653.0
Stablecoin MC,2026-06-07,313614178479.0
Stablecoin MC,2026-06-08,313741131602.0
Stablecoin MC,2026-06-09,314197547302.0
Stablecoin MC,2026-06-10,313220496690.0
Stablecoin MC,2026-06-11,313127388561.0
Stablecoin MC,2026-06-12,312983506664.0
Stablecoin MC,2026-06-13,312589097831.0
Stablecoin MC,2026-06-14,312647643357.0
Stablecoin MC,2026-06-15,312549837466.0
Stablecoin MC,2026-06-16,313001115638.0
Stablecoin MC,2026-06-17,312879379112.0
Stablecoin MC,2026-06-18,312533566610.0
Stablecoin MC,2026-06-19,312708910963.0
Stablecoin MC,2026-06-20,312737430016.0
Stablecoin MC,2026-06-21,312796350957.0
Stablecoin MC,2026-06-22,312864922392.0
Stablecoin MC,2026-06-23,312899232529.0
Stablecoin MC,2026-06-24,312266306496.0
Stablecoin MC,2026-06-25,311901110370.0
Stablecoin MC,2026-06-26,312009003058.0
Stablecoin MC,2026-06-27,310598993822.0
Stablecoin MC,2026-06-28,310593069864.0
Stablecoin MC,2026-06-29,310252129042.0
Stablecoin MC,2026-06-30,309582693182.0
Stablecoin MC,2026-07-01,308836886461.0
Stablecoin MC,2026-07-02,308981113751.0
Stablecoin MC,2026-07-03,308769351269.0
Stablecoin MC,2026-07-04,308612218184.0
Stablecoin MC,2026-07-05,308517464362.0
Stablecoin MC,2026-07-06,309508945312.0
Stablecoin MC,2026-07-07,309209758667.0
Stablecoin MC,2026-07-08,308508520312.0
Stablecoin MC,2026-07-09,308512318968.0
Stablecoin MC,2026-07-10,309398253870.0
Stablecoin MC,2026-07-11,309772466656.0
Stablecoin MC,2026-07-12,309700189000.0
Stablecoin MC,2026-07-13,309442073674.0
Stablecoin MC,2026-07-14,308181600885.0
Stablecoin MC,2026-07-15,308457186205.0
Stablecoin MC,2026-07-16,307747602686.0
Stablecoin MC,2026-07-17,307975010890.0
Stablecoin MC,2026-07-18,308229304948.0
Stablecoin MC,2026-07-19,308275467471.0
Stablecoin MC,2026-07-20,308104502651.0
Stablecoin MC,2026-07-21,307857764183.0
Stablecoin MC,2026-07-22,308043640914.0
Stablecoin MC,2026-07-23,307677532480.0
Stablecoin MC,2026-07-24,308517671916.0
Stablecoin MC,2026-07-25,308553827670.0
Stablecoin MC,2026-07-26,308388520099.0
Stablecoin MC,2026-07-27,307989117716.0
Stablecoin MC,2026-07-28,306890216469.0
Stablecoin MC,2026-07-29,306637281491.0
Stablecoin MC,2026-07-30,306371417866.0
Stablecoin MC,2026-07-31,305619033097.0
Stablecoin MC,2026-08-01,305645473964.0
Stablecoin MC,2026-08-02,305556485967.0
Stablecoin MC,2026-08-03,305446271753.0
Stablecoin MC,2026-08-04,305705479160.0
Stablecoin MC,2026-08-05,305903897570.0
Stablecoin MC,2026-08-06,306071343797.0
Stablecoin MC,2026-08-07,306216138352.0
Stablecoin MC,2026-08-08,306253093163.0
Stablecoin MC,2026-08-09,306249800069.0
Stablecoin MC,2026-08-10,306322630356.0
Stablecoin MC,2026-08-11,305406292577.0
Stablecoin MC,2026-08-12,306390571865.0
Stablecoin MC,2026-08-13,306412200055.0
Stablecoin MC,2026-08-14,306348733852.0
Stablecoin MC,2026-08-15,306505695708.0
Stablecoin MC,2026-08-16,306360955715.0
Stablecoin MC,2026-08-17,306408221956.0
Stablecoin MC,2026-08-18,306488148866.0
Stablecoin MC,2026-08-19,306493718155.0
Stablecoin MC,2026-08-20,307187330312.0
Stablecoin MC,2026-08-21,307654035494.63
Total RWA Value,2021-11-02,23888182.0
Total RWA Value,2021-11-03,23930540.0
Total RWA Value,2021-11-04,23862840.0
Total RWA Value,2021-11-05,23930540.0
Total RWA Value,2021-11-06,23930540.0
Total RWA Value,2021-11-07,24169845.0
Total RWA Value,2021-11-08,23930540.0
Total RWA Value,2021-11-09,23930540.0
Total RWA Value,2021-11-10,23906394.0
Total RWA Value,2021-11-11,24836826.0
Total RWA Value,2021-11-12,24836826.0
Total RWA Value,2021-11-13,24836826.0
Total RWA Value,2021-11-14,24836826.0
Total RWA Value,2021-11-15,24836826.0
Total RWA Value,2021-11-16,24836826.0
Total RWA Value,2021-11-17,24836826.0
Total RWA Value,2021-11-18,24836826.0
Total RWA Value,2021-11-19,24836826.0
Total RWA Value,2021-11-20,25085194.0
Total RWA Value,2021-11-21,25085194.0
Total RWA Value,2021-11-22,24836826.0
Total RWA Value,2021-11-23,24944868.0
Total RWA Value,2021-11-24,24944868.0
Total RWA Value,2021-11-25,24944868.0
Total RWA Value,2021-11-26,26209798.0
Total RWA Value,2021-11-27,26167102.0
Total RWA Value,2021-11-28,26209798.0
Total RWA Value,2021-11-29,26208539.0
Total RWA Value,2021-11-30,26132872.0
Total RWA Value,2021-12-01,26150459.0
Total RWA Value,2021-12-02,26209798.0
Total RWA Value,2021-12-03,26402502.0
Total RWA Value,2021-12-04,26411700.0
Total RWA Value,2021-12-05,26383338.0
Total RWA Value,2021-12-06,26332983.0
Total RWA Value,2021-12-07,26432953.0
Total RWA Value,2021-12-08,27233700.0
Total RWA Value,2021-12-09,27687530.0
Total RWA Value,2021-12-10,27670751.0
Total RWA Value,2021-12-11,27579936.0
Total RWA Value,2021-12-12,27677230.0
Total RWA Value,2021-12-13,27625565.0
Total RWA Value,2021-12-14,27643146.0
Total RWA Value,2021-12-15,27687530.0
Total RWA Value,2021-12-16,27686367.0
Total RWA Value,2021-12-17,28227484.0
Total RWA Value,2021-12-18,28230590.0
Total RWA Value,2021-12-19,28230590.0
Total RWA Value,2021-12-20,28230590.0
Total RWA Value,2021-12-21,28230590.0
Total RWA Value,2021-12-22,28230590.0
Total RWA Value,2021-12-23,28512895.0
Total RWA Value,2021-12-24,28230590.0
Total RWA Value,2021-12-25,28230590.0
Total RWA Value,2021-12-26,28230590.0
Total RWA Value,2021-12-27,28212635.0
Total RWA Value,2021-12-28,28789362.0
Total RWA Value,2021-12-29,28968037.0
Total RWA Value,2021-12-30,28937041.0
Total RWA Value,2021-12-31,28937881.0
Total RWA Value,2022-01-01,28968037.0
Total RWA Value,2022-01-02,28968037.0
Total RWA Value,2022-01-03,28968037.0
Total RWA Value,2022-01-04,28974454.0
Total RWA Value,2022-01-05,28987412.0
Total RWA Value,2022-01-06,28987412.0
Total RWA Value,2022-01-07,28987412.0
Total RWA Value,2022-01-08,28987412.0
Total RWA Value,2022-01-09,28987412.0
Total RWA Value,2022-01-10,31247161.0
Total RWA Value,2022-01-11,31301532.0
Total RWA Value,2022-01-12,31280998.0
Total RWA Value,2022-01-13,31301532.0
Total RWA Value,2022-01-14,31301532.0
Total RWA Value,2022-01-15,31301532.0
Total RWA Value,2022-01-16,31301532.0
Total RWA Value,2022-01-17,31301532.0
Total RWA Value,2022-01-18,31301532.0
Total RWA Value,2022-01-19,31301532.0
Total RWA Value,2022-01-20,31332426.0
Total RWA Value,2022-01-21,31332426.0
Total RWA Value,2022-01-22,31262523.0
Total RWA Value,2022-01-23,31332426.0
Total RWA Value,2022-01-24,31332426.0
Total RWA Value,2022-01-25,31265719.0
Total RWA Value,2022-01-26,31247640.0
Total RWA Value,2022-01-27,31332426.0
Total RWA Value,2022-01-28,33216756.0
Total RWA Value,2022-01-29,33214729.0
Total RWA Value,2022-01-30,33216756.0
Total RWA Value,2022-01-31,33216756.0
Total RWA Value,2022-02-01,33180250.0
Total RWA Value,2022-02-02,33216756.0
Total RWA Value,2022-02-03,33216756.0
Total RWA Value,2022-02-04,33201575.0
Total RWA Value,2022-02-05,33548923.0
Total RWA Value,2022-02-06,33216756.0
Total RWA Value,2022-02-07,33216756.0
Total RWA Value,2022-02-08,33216025.0
Total RWA Value,2022-02-09,33216756.0
Total RWA Value,2022-02-10,33216756.0
Total RWA Value,2022-02-11,33444996.0
Total RWA Value,2022-02-12,33430480.0
Total RWA Value,2022-02-13,33478440.0
Total RWA Value,2022-02-14,33511885.0
Total RWA Value,2022-02-15,33478440.0
Total RWA Value,2022-02-16,33468108.0
Total RWA Value,2022-02-17,33468108.0
Total RWA Value,2022-02-18,33456661.0
Total RWA Value,2022-02-19,34124047.0
Total RWA Value,2022-02-20,34158137.0
Total RWA Value,2022-02-21,34089958.0
Total RWA Value,2022-02-22,34158137.0
Total RWA Value,2022-02-23,34080480.0
Total RWA Value,2022-02-24,34089958.0
Total RWA Value,2022-02-25,34124047.0
Total RWA Value,2022-02-26,35926263.0
Total RWA Value,2022-02-27,36007379.0
Total RWA Value,2022-02-28,36202959.0
Total RWA Value,2022-03-01,36125220.0
Total RWA Value,2022-03-02,36167819.0
Total RWA Value,2022-03-03,36115320.0
Total RWA Value,2022-03-04,36246459.0
Total RWA Value,2022-03-05,36174183.0
Total RWA Value,2022-03-06,36174183.0
Total RWA Value,2022-03-07,36174183.0
Total RWA Value,2022-03-08,36174183.0
Total RWA Value,2022-03-09,36138045.0
Total RWA Value,2022-03-10,36174183.0
Total RWA Value,2022-03-11,38124097.0
Total RWA Value,2022-03-12,38122877.0
Total RWA Value,2022-03-13,38175697.0
Total RWA Value,2022-03-14,38131381.0
Total RWA Value,2022-03-15,38137560.0
Total RWA Value,2022-03-16,38136034.0
Total RWA Value,2022-03-17,38110520.0
Total RWA Value,2022-03-18,38483948.0
Total RWA Value,2022-03-19,38496306.0
Total RWA Value,2022-03-20,38466431.0
Total RWA Value,2022-03-21,38490993.0
Total RWA Value,2022-03-22,38464891.0
Total RWA Value,2022-03-23,38640188.0
Total RWA Value,2022-03-24,39354590.0
Total RWA Value,2022-03-25,39321138.0
Total RWA Value,2022-03-26,39333417.0
Total RWA Value,2022-03-27,39318816.0
Total RWA Value,2022-03-28,39330308.0
Total RWA Value,2022-03-29,39252268.0
Total RWA Value,2022-03-30,39393944.0
Total RWA Value,2022-03-31,39787490.0
Total RWA Value,2022-04-01,40347330.0
Total RWA Value,2022-04-02,40267116.0
Total RWA Value,2022-04-03,40067265.0
Total RWA Value,2022-04-04,40096823.0
Total RWA Value,2022-04-05,40069952.0
Total RWA Value,2022-04-06,40056195.0
Total RWA Value,2022-04-07,39772039.0
Total RWA Value,2022-04-08,40699310.0
Total RWA Value,2022-04-09,40797172.0
Total RWA Value,2022-04-10,40724092.0
Total RWA Value,2022-04-11,40722704.0
Total RWA Value,2022-04-12,40650032.0
Total RWA Value,2022-04-13,40617085.0
Total RWA Value,2022-04-14,40867598.0
Total RWA Value,2022-04-15,40757080.0
Total RWA Value,2022-04-16,40826772.0
Total RWA Value,2022-04-17,40771084.0
Total RWA Value,2022-04-18,40789088.0
Total RWA Value,2022-04-19,40814401.0
Total RWA Value,2022-04-20,40809869.0
Total RWA Value,2022-04-21,40794886.0
Total RWA Value,2022-04-22,42110283.0
Total RWA Value,2022-04-23,41966763.0
Total RWA Value,2022-04-24,42068257.0
Total RWA Value,2022-04-25,42026231.0
Total RWA Value,2022-04-26,42068257.0
Total RWA Value,2022-04-27,42001141.0
Total RWA Value,2022-04-28,41943103.0
Total RWA Value,2022-04-29,42270532.0
Total RWA Value,2022-04-30,42144957.0
Total RWA Value,2022-05-01,42221749.0
Total RWA Value,2022-05-02,42367706.0
Total RWA Value,2022-05-03,42464599.0
Total RWA Value,2022-05-04,42396469.0
Total RWA Value,2022-05-05,42378270.0
Total RWA Value,2022-05-06,43703552.0
Total RWA Value,2022-05-07,43625584.0
Total RWA Value,2022-05-08,43563219.0
Total RWA Value,2022-05-09,43668938.0
Total RWA Value,2022-05-10,43591933.0
Total RWA Value,2022-05-11,45039706.0
Total RWA Value,2022-05-12,44904992.0
Total RWA Value,2022-05-13,45129516.0
Total RWA Value,2022-05-14,45174421.0
Total RWA Value,2022-05-15,45084611.0
Total RWA Value,2022-05-16,45084611.0
Total RWA Value,2022-05-17,45219326.0
Total RWA Value,2022-05-18,44994801.0
Total RWA Value,2022-05-19,45951651.0
Total RWA Value,2022-05-20,45905791.0
Total RWA Value,2022-05-21,45859932.0
Total RWA Value,2022-05-22,45833195.0
Total RWA Value,2022-05-23,46100973.0
Total RWA Value,2022-05-24,46055010.0
Total RWA Value,2022-05-25,46055010.0
Total RWA Value,2022-05-26,46055010.0
Total RWA Value,2022-05-27,45963084.0
Total RWA Value,2022-05-28,46009047.0
Total RWA Value,2022-05-29,46100973.0
Total RWA Value,2022-05-30,46100973.0
Total RWA Value,2022-05-31,46009047.0
Total RWA Value,2022-06-01,46055010.0
Total RWA Value,2022-06-02,46009047.0
Total RWA Value,2022-06-03,46418100.0
Total RWA Value,2022-06-04,46418100.0
Total RWA Value,2022-06-05,46371729.0
Total RWA Value,2022-06-06,46510844.0
Total RWA Value,2022-06-07,46464472.0
Total RWA Value,2022-06-08,46464472.0
Total RWA Value,2022-06-09,46571260.0
Total RWA Value,2022-06-10,46524782.0
Total RWA Value,2022-06-11,46607274.0
Total RWA Value,2022-06-12,46560760.0
Total RWA Value,2022-06-13,46560760.0
Total RWA Value,2022-06-14,46425822.0
Total RWA Value,2022-06-15,46655887.0
Total RWA Value,2022-06-16,46842324.0
Total RWA Value,2022-06-17,49775870.0
Total RWA Value,2022-06-18,49838859.0
Total RWA Value,2022-06-19,49888648.0
Total RWA Value,2022-06-20,49938437.0
Total RWA Value,2022-06-21,49888648.0
Total RWA Value,2022-06-22,49888648.0
Total RWA Value,2022-06-23,49708112.0
Total RWA Value,2022-06-24,49842714.0
Total RWA Value,2022-06-25,49942300.0
Total RWA Value,2022-06-26,49792922.0
Total RWA Value,2022-06-27,49842714.0
Total RWA Value,2022-06-28,49842714.0
Total RWA Value,2022-06-29,49842714.0
Total RWA Value,2022-06-30,49842714.0
Total RWA Value,2022-07-01,49942300.0
Total RWA Value,2022-07-02,49892507.0
Total RWA Value,2022-07-03,49842714.0
Total RWA Value,2022-07-04,49792922.0
Total RWA Value,2022-07-05,49892507.0
Total RWA Value,2022-07-06,49842714.0
Total RWA Value,2022-07-07,49842714.0
Total RWA Value,2022-07-08,50091521.0
Total RWA Value,2022-07-09,50191604.0
Total RWA Value,2022-07-10,50191604.0
Total RWA Value,2022-07-11,50191604.0
Total RWA Value,2022-07-12,50141563.0
Total RWA Value,2022-07-13,50091521.0
Total RWA Value,2022-07-14,50091521.0
Total RWA Value,2022-07-15,50091521.0
Total RWA Value,2022-07-16,50041480.0
Total RWA Value,2022-07-17,50027869.0
Total RWA Value,2022-07-18,50091521.0
Total RWA Value,2022-07-19,50241646.0
Total RWA Value,2022-07-20,50241646.0
Total RWA Value,2022-07-21,49981280.0
Total RWA Value,2022-07-22,50018411.0
Total RWA Value,2022-07-23,50141563.0
Total RWA Value,2022-07-24,50041480.0
Total RWA Value,2022-07-25,50091521.0
Total RWA Value,2022-07-26,50191604.0
Total RWA Value,2022-07-27,50091521.0
Total RWA Value,2022-07-28,50097590.0
Total RWA Value,2022-07-29,50041668.0
Total RWA Value,2022-07-30,50158873.0
Total RWA Value,2022-07-31,50090224.0
Total RWA Value,2022-08-01,50108764.0
Total RWA Value,2022-08-02,50208982.0
Total RWA Value,2022-08-03,50037159.0
Total RWA Value,2022-08-04,50275832.0
Total RWA Value,2022-08-05,50225656.0
Total RWA Value,2022-08-06,51236361.0
Total RWA Value,2022-08-07,51353227.0
Total RWA Value,2022-08-08,51271811.0
Total RWA Value,2022-08-09,51353227.0
Total RWA Value,2022-08-10,51404529.0
Total RWA Value,2022-08-11,51404529.0
Total RWA Value,2022-08-12,51353227.0
Total RWA Value,2022-08-13,51270528.0
Total RWA Value,2022-08-14,51404529.0
Total RWA Value,2022-08-15,51353227.0
Total RWA Value,2022-08-16,51353227.0
Total RWA Value,2022-08-17,52585407.0
Total RWA Value,2022-08-18,52532926.0
Total RWA Value,2022-08-19,52480446.0
Total RWA Value,2022-08-20,52532926.0
Total RWA Value,2022-08-21,52532926.0
Total RWA Value,2022-08-22,52585407.0
Total RWA Value,2022-08-23,52440193.0
Total RWA Value,2022-08-24,52399206.0
Total RWA Value,2022-08-25,52466854.0
Total RWA Value,2022-08-26,52585407.0
Total RWA Value,2022-08-27,52637887.0
Total RWA Value,2022-08-28,52470842.0
Total RWA Value,2022-08-29,53120501.0
Total RWA Value,2022-08-30,53173622.0
Total RWA Value,2022-08-31,53117473.0
Total RWA Value,2022-09-01,54340996.0
Total RWA Value,2022-09-02,54439001.0
Total RWA Value,2022-09-03,54446950.0
Total RWA Value,2022-09-04,54446950.0
Total RWA Value,2022-09-05,54451877.0
Total RWA Value,2022-09-06,54669685.0
Total RWA Value,2022-09-07,54451877.0
Total RWA Value,2022-09-08,54506329.0
Total RWA Value,2022-09-09,54506329.0
Total RWA Value,2022-09-10,54506329.0
Total RWA Value,2022-09-11,54506329.0
Total RWA Value,2022-09-12,54436739.0
Total RWA Value,2022-09-13,54451877.0
Total RWA Value,2022-09-14,54388876.0
Total RWA Value,2022-09-15,54451877.0
Total RWA Value,2022-09-16,54745235.0
Total RWA Value,2022-09-17,54738392.0
Total RWA Value,2022-09-18,54800035.0
Total RWA Value,2022-09-19,54687479.0
Total RWA Value,2022-09-20,54854780.0
Total RWA Value,2022-09-21,54694869.0
Total RWA Value,2022-09-22,54800035.0
Total RWA Value,2022-09-23,55957781.0
Total RWA Value,2022-09-24,55957781.0
Total RWA Value,2022-09-25,55888072.0
Total RWA Value,2022-09-26,56069585.0
Total RWA Value,2022-09-27,55957781.0
Total RWA Value,2022-09-28,55957781.0
Total RWA Value,2022-09-29,56322078.0
Total RWA Value,2022-09-30,56059167.0
Total RWA Value,2022-10-01,56209771.0
Total RWA Value,2022-10-02,56265925.0
Total RWA Value,2022-10-03,56152326.0
Total RWA Value,2022-10-04,56153618.0
Total RWA Value,2022-10-05,56115602.0
Total RWA Value,2022-10-06,56108189.0
Total RWA Value,2022-10-07,56572243.0
Total RWA Value,2022-10-08,56778834.0
Total RWA Value,2022-10-09,56824336.0
Total RWA Value,2022-10-10,56855336.0
Total RWA Value,2022-10-11,56704066.0
Total RWA Value,2022-10-12,56648246.0
Total RWA Value,2022-10-13,56648246.0
Total RWA Value,2022-10-14,57351564.0
Total RWA Value,2022-10-15,57202823.0
Total RWA Value,2022-10-16,57228246.0
Total RWA Value,2022-10-17,57220516.0
Total RWA Value,2022-10-18,57317056.0
Total RWA Value,2022-10-19,57241645.0
Total RWA Value,2022-10-20,57546096.0
Total RWA Value,2022-10-21,57667713.0
Total RWA Value,2022-10-22,57725380.0
Total RWA Value,2022-10-23,57667713.0
Total RWA Value,2022-10-24,57644819.0
Total RWA Value,2022-10-25,57725380.0
Total RWA Value,2022-10-26,57667713.0
Total RWA Value,2022-10-27,57667713.0
Total RWA Value,2022-10-28,58122989.0
Total RWA Value,2022-10-29,58011852.0
Total RWA Value,2022-10-30,58064924.0
Total RWA Value,2022-10-31,58056214.0
Total RWA Value,2022-11-01,58019116.0
Total RWA Value,2022-11-02,58066001.0
Total RWA Value,2022-11-03,59050595.0
Total RWA Value,2022-11-04,59050595.0
Total RWA Value,2022-11-05,58537563.0
Total RWA Value,2022-11-06,59001583.0
Total RWA Value,2022-11-07,59168696.0
Total RWA Value,2022-11-08,59109645.0
Total RWA Value,2022-11-09,59050595.0
Total RWA Value,2022-11-10,59345848.0
Total RWA Value,2022-11-11,59345848.0
Total RWA Value,2022-11-12,59227747.0
Total RWA Value,2022-11-13,59024317.0
Total RWA Value,2022-11-14,58982805.0
Total RWA Value,2022-11-15,59050595.0
Total RWA Value,2022-11-16,59123527.0
Total RWA Value,2022-11-17,59064463.0
Total RWA Value,2022-11-18,58999138.0
Total RWA Value,2022-11-19,59249127.0
Total RWA Value,2022-11-20,59189996.0
Total RWA Value,2022-11-21,59189996.0
Total RWA Value,2022-11-22,59189996.0
Total RWA Value,2022-11-23,59249127.0
Total RWA Value,2022-11-24,61486112.0
Total RWA Value,2022-11-25,61424748.0
Total RWA Value,2022-11-26,61357801.0
Total RWA Value,2022-11-27,61424748.0
Total RWA Value,2022-11-28,61424748.0
Total RWA Value,2022-11-29,61424748.0
Total RWA Value,2022-11-30,61731565.0
Total RWA Value,2022-12-01,61615326.0
Total RWA Value,2022-12-02,61676757.0
Total RWA Value,2022-12-03,61408918.0
Total RWA Value,2022-12-04,61425197.0
Total RWA Value,2022-12-05,61553895.0
Total RWA Value,2022-12-06,61492464.0
Total RWA Value,2022-12-07,61387171.0
Total RWA Value,2022-12-08,62220947.0
Total RWA Value,2022-12-09,62114842.0
Total RWA Value,2022-12-10,62134359.0
Total RWA Value,2022-12-11,62135665.0
Total RWA Value,2022-12-12,62158788.0
Total RWA Value,2022-12-13,62158788.0
Total RWA Value,2022-12-14,62136659.0
Total RWA Value,2022-12-15,62154126.0
Total RWA Value,2022-12-16,62220947.0
Total RWA Value,2022-12-17,62220947.0
Total RWA Value,2022-12-18,62158788.0
Total RWA Value,2022-12-19,62158104.0
Total RWA Value,2022-12-20,62158788.0
Total RWA Value,2022-12-21,62196676.0
Total RWA Value,2022-12-22,62516655.0
Total RWA Value,2022-12-23,62454263.0
Total RWA Value,2022-12-24,62391872.0
Total RWA Value,2022-12-25,62454263.0
Total RWA Value,2022-12-26,62516655.0
Total RWA Value,2022-12-27,62546029.0
Total RWA Value,2022-12-28,62440932.0
Total RWA Value,2022-12-29,62483546.0
Total RWA Value,2022-12-30,62572393.0
Total RWA Value,2022-12-31,62572393.0
Total RWA Value,2023-01-01,62634965.0
Total RWA Value,2023-01-02,62566261.0
Total RWA Value,2023-01-03,62572393.0
Total RWA Value,2023-01-04,62572393.0
Total RWA Value,2023-01-05,62634965.0
Total RWA Value,2023-01-06,62634965.0
Total RWA Value,2023-01-07,62819892.0
Total RWA Value,2023-01-08,62882712.0
Total RWA Value,2023-01-09,62819892.0
Total RWA Value,2023-01-10,62882712.0
Total RWA Value,2023-01-11,62747084.0
Total RWA Value,2023-01-12,63322451.0
Total RWA Value,2023-01-13,62882712.0
Total RWA Value,2023-01-14,63704134.0
Total RWA Value,2023-01-15,63704134.0
Total RWA Value,2023-01-16,63831288.0
Total RWA Value,2023-01-17,63576980.0
Total RWA Value,2023-01-18,63484331.0
Total RWA Value,2023-01-19,63499764.0
Total RWA Value,2023-01-20,63499129.0
Total RWA Value,2023-01-21,64259465.0
Total RWA Value,2023-01-22,64454953.0
Total RWA Value,2023-01-23,64390626.0
Total RWA Value,2023-01-24,64326300.0
Total RWA Value,2023-01-25,64269050.0
Total RWA Value,2023-01-26,64095369.0
Total RWA Value,2023-01-27,65418108.0
Total RWA Value,2023-01-28,65418288.0
Total RWA Value,2023-01-29,65483706.0
Total RWA Value,2023-01-30,65399448.0
Total RWA Value,2023-01-31,65483886.0
Total RWA Value,2023-02-01,66346964.0
Total RWA Value,2023-02-02,66202445.0
Total RWA Value,2023-02-03,66346964.0
Total RWA Value,2023-02-04,81866789.0
Total RWA Value,2023-02-05,81772197.0
Total RWA Value,2023-02-06,81800022.0
Total RWA Value,2023-02-07,81866789.0
Total RWA Value,2023-02-08,90482135.0
Total RWA Value,2023-02-09,91831078.0
Total RWA Value,2023-02-10,91831078.0
Total RWA Value,2023-02-11,98150037.0
Total RWA Value,2023-02-12,98518812.0
Total RWA Value,2023-02-13,98213290.0
Total RWA Value,2023-02-14,103785973.0
Total RWA Value,2023-02-15,104962063.0
Total RWA Value,2023-02-16,105878399.0
Total RWA Value,2023-02-17,106422266.0
Total RWA Value,2023-02-18,106689002.0
Total RWA Value,2023-02-19,106657186.0
Total RWA Value,2023-02-20,106672125.0
Total RWA Value,2023-02-21,106589126.0
Total RWA Value,2023-02-22,106684201.0
Total RWA Value,2023-02-23,107036895.0
Total RWA Value,2023-02-24,106695858.0
Total RWA Value,2023-02-25,107738718.0
Total RWA Value,2023-02-26,107771273.0
Total RWA Value,2023-02-27,107846722.0
Total RWA Value,2023-02-28,107949993.0
Total RWA Value,2023-03-01,109870359.0
Total RWA Value,2023-03-02,110520242.0
Total RWA Value,2023-03-03,111264500.0
Total RWA Value,2023-03-04,116089448.0
Total RWA Value,2023-03-05,116182752.0
Total RWA Value,2023-03-06,116112704.0
Total RWA Value,2023-03-07,118816349.0
Total RWA Value,2023-03-08,118959587.0
Total RWA Value,2023-03-09,118811832.0
Total RWA Value,2023-03-10,118953709.0
Total RWA Value,2023-03-11,119014014.0
Total RWA Value,2023-03-12,116850364.0
Total RWA Value,2023-03-13,118991250.0
Total RWA Value,2023-03-14,119879131.0
Total RWA Value,2023-03-15,119220136.0
Total RWA Value,2023-03-16,121143464.0
Total RWA Value,2023-03-17,123435133.0
Total RWA Value,2023-03-18,125231974.0
Total RWA Value,2023-03-19,125303574.0
Total RWA Value,2023-03-20,125231974.0
Total RWA Value,2023-03-21,125039879.0
Total RWA Value,2023-03-22,124986436.0
Total RWA Value,2023-03-23,126114936.0
Total RWA Value,2023-03-24,125990833.0
Total RWA Value,2023-03-25,126168616.0
Total RWA Value,2023-03-26,126240216.0
Total RWA Value,2023-03-27,125882215.0
Total RWA Value,2023-03-28,134310195.0
Total RWA Value,2023-03-29,135113355.0
Total RWA Value,2023-03-30,140074159.0
Total RWA Value,2023-03-31,140225714.0
Total RWA Value,2023-04-01,140250492.0
Total RWA Value,2023-04-02,140322736.0
Total RWA Value,2023-04-03,140322736.0
Total RWA Value,2023-04-04,140335087.0
Total RWA Value,2023-04-05,140073425.0
Total RWA Value,2023-04-06,140287010.0
Total RWA Value,2023-04-07,142898549.0
Total RWA Value,2023-04-08,143612222.0
Total RWA Value,2023-04-09,143539736.0
Total RWA Value,2023-04-10,143684962.0
Total RWA Value,2023-04-11,143359104.0
Total RWA Value,2023-04-12,143976343.0
Total RWA Value,2023-04-13,145517090.0
Total RWA Value,2023-04-14,145716252.0
Total RWA Value,2023-04-15,175779814.0
Total RWA Value,2023-04-16,175705628.0
Total RWA Value,2023-04-17,175691747.0
Total RWA Value,2023-04-18,176011385.0
Total RWA Value,2023-04-19,176117631.0
Total RWA Value,2023-04-20,176249228.0
Total RWA Value,2023-04-21,177987231.0
Total RWA Value,2023-04-22,177867134.0
Total RWA Value,2023-04-23,177868858.0
Total RWA Value,2023-04-24,177541922.0
Total RWA Value,2023-04-25,180140517.0
Total RWA Value,2023-04-26,180764139.0
Total RWA Value,2023-04-27,180793341.0
Total RWA Value,2023-04-28,181126792.0
Total RWA Value,2023-04-29,181122623.0
Total RWA Value,2023-04-30,181232107.0
Total RWA Value,2023-05-01,181194984.0
Total RWA Value,2023-05-02,181394147.0
Total RWA Value,2023-05-03,186211089.0
Total RWA Value,2023-05-04,187782784.0
Total RWA Value,2023-05-05,187707865.0
Total RWA Value,2023-05-06,193258879.0
Total RWA Value,2023-05-07,193258879.0
Total RWA Value,2023-05-08,193054388.0
Total RWA Value,2023-05-09,193731992.0
Total RWA Value,2023-05-10,196022988.0
Total RWA Value,2023-05-11,195798191.0
Total RWA Value,2023-05-12,196322688.0
Total RWA Value,2023-05-13,197511596.0
Total RWA Value,2023-05-14,197587844.0
Total RWA Value,2023-05-15,197593655.0
Total RWA Value,2023-05-16,197616168.0
Total RWA Value,2023-05-17,199819226.0
Total RWA Value,2023-05-18,211621604.0
Total RWA Value,2023-05-19,215605928.0
Total RWA Value,2023-05-20,222392902.0
Total RWA Value,2023-05-21,222475793.0
Total RWA Value,2023-05-22,222661147.0
Total RWA Value,2023-05-23,196332223.0
Total RWA Value,2023-05-24,188193739.0
Total RWA Value,2023-05-25,188143097.0
Total RWA Value,2023-05-26,188742375.0
Total RWA Value,2023-05-27,189781871.0
Total RWA Value,2023-05-28,189854833.0
Total RWA Value,2023-05-29,189773344.0
Total RWA Value,2023-05-30,189868068.0
Total RWA Value,2023-05-31,189334793.0
Total RWA Value,2023-06-01,189116484.0
Total RWA Value,2023-06-02,189775526.0
Total RWA Value,2023-06-03,190024218.0
Total RWA Value,2023-06-04,190077826.0
Total RWA Value,2023-06-05,190180323.0
Total RWA Value,2023-06-06,196325993.0
Total RWA Value,2023-06-07,196722948.0
Total RWA Value,2023-06-08,200720071.0
Total RWA Value,2023-06-09,195624264.0
Total RWA Value,2023-06-10,196058903.0
Total RWA Value,2023-06-11,196103503.0
Total RWA Value,2023-06-12,195915375.0
Total RWA Value,2023-06-13,228299985.0
Total RWA Value,2023-06-14,231666619.0
Total RWA Value,2023-06-15,231935245.0
Total RWA Value,2023-06-16,237045272.0
Total RWA Value,2023-06-17,238599037.0
Total RWA Value,2023-06-18,238184699.0
Total RWA Value,2023-06-19,236260779.0
Total RWA Value,2023-06-20,236478104.0
Total RWA Value,2023-06-21,235576657.0
Total RWA Value,2023-06-22,224210010.0
Total RWA Value,2023-06-23,223579159.0
Total RWA Value,2023-06-24,224133511.0
Total RWA Value,2023-06-25,224052723.0
Total RWA Value,2023-06-26,224051141.0
Total RWA Value,2023-06-27,224232286.0
Total RWA Value,2023-06-28,224059568.0
Total RWA Value,2023-06-29,224274847.0
Total RWA Value,2023-06-30,224929093.0
Total RWA Value,2023-07-01,226004945.0
Total RWA Value,2023-07-02,226046326.0
Total RWA Value,2023-07-03,226046326.0
Total RWA Value,2023-07-04,226096926.0
Total RWA Value,2023-07-05,225921847.0
Total RWA Value,2023-07-06,225321138.0
Total RWA Value,2023-07-07,230168023.0
Total RWA Value,2023-07-08,230285168.0
Total RWA Value,2023-07-09,230284517.0
Total RWA Value,2023-07-10,230567896.0
Total RWA Value,2023-07-11,229715335.0
Total RWA Value,2023-07-12,230786581.0
Total RWA Value,2023-07-13,236879695.0
Total RWA Value,2023-07-14,236970913.0
Total RWA Value,2023-07-15,234497161.0
Total RWA Value,2023-07-16,234530518.0
Total RWA Value,2023-07-17,234455476.0
Total RWA Value,2023-07-18,235311304.0
Total RWA Value,2023-07-19,254365203.0
Total RWA Value,2023-07-20,249234825.0
Total RWA Value,2023-07-21,249374090.0
Total RWA Value,2023-07-22,249887691.0
Total RWA Value,2023-07-23,249839909.0
Total RWA Value,2023-07-24,249689139.0
Total RWA Value,2023-07-25,249959550.0
Total RWA Value,2023-07-26,251996839.0
Total RWA Value,2023-07-27,251802239.0
Total RWA Value,2023-07-28,259829088.0
Total RWA Value,2023-07-29,262081761.0
Total RWA Value,2023-07-30,262084522.0
Total RWA Value,2023-07-31,262121380.0
Total RWA Value,2023-08-01,262183414.0
Total RWA Value,2023-08-02,262866918.0
Total RWA Value,2023-08-03,262812394.0
Total RWA Value,2023-08-04,263600212.0
Total RWA Value,2023-08-05,264038419.0
Total RWA Value,2023-08-06,263948548.0
Total RWA Value,2023-08-07,264025181.0
Total RWA Value,2023-08-08,263186560.0
Total RWA Value,2023-08-09,258817295.0
Total RWA Value,2023-08-10,258742377.0
Total RWA Value,2023-08-11,264969247.0
Total RWA Value,2023-08-12,264174172.0
Total RWA Value,2023-08-13,264139774.0
Total RWA Value,2023-08-14,264184475.0
Total RWA Value,2023-08-15,263084831.0
Total RWA Value,2023-08-16,262587077.0
Total RWA Value,2023-08-17,262396630.0
Total RWA Value,2023-08-18,261945735.0
Total RWA Value,2023-08-19,255947553.0
Total RWA Value,2023-08-20,255688756.0
Total RWA Value,2023-08-21,255715657.0
Total RWA Value,2023-08-22,255707349.0
Total RWA Value,2023-08-23,254167068.0
Total RWA Value,2023-08-24,256053148.0
Total RWA Value,2023-08-25,255895856.0
Total RWA Value,2023-08-26,257349501.0
Total RWA Value,2023-08-27,257350508.0
Total RWA Value,2023-08-28,257310753.0
Total RWA Value,2023-08-29,258454251.0
Total RWA Value,2023-08-30,260549648.0
Total RWA Value,2023-08-31,260464902.0
Total RWA Value,2023-09-01,260182921.0
Total RWA Value,2023-09-02,262375972.0
Total RWA Value,2023-09-03,262395622.0
Total RWA Value,2023-09-04,262298483.0
Total RWA Value,2023-09-05,262443915.0
Total RWA Value,2023-09-06,262490467.0
Total RWA Value,2023-09-07,268297185.0
Total RWA Value,2023-09-08,267852342.0
Total RWA Value,2023-09-09,265825457.0
Total RWA Value,2023-09-10,265898236.0
Total RWA Value,2023-09-11,266109044.0
Total RWA Value,2023-09-12,267849926.0
Total RWA Value,2023-09-13,267884089.0
Total RWA Value,2023-09-14,267637858.0
Total RWA Value,2023-09-15,267787297.0
Total RWA Value,2023-09-16,268018924.0
Total RWA Value,2023-09-17,267911337.0
Total RWA Value,2023-09-18,267975437.0
Total RWA Value,2023-09-19,300798569.0
Total RWA Value,2023-09-20,300400066.0
Total RWA Value,2023-09-21,301393387.0
Total RWA Value,2023-09-22,301824991.0
Total RWA Value,2023-09-23,301351085.0
Total RWA Value,2023-09-24,301372780.0
Total RWA Value,2023-09-25,301691998.0
Total RWA Value,2023-09-26,301327209.0
Total RWA Value,2023-09-27,302216014.0
Total RWA Value,2023-09-28,303602544.0
Total RWA Value,2023-09-29,306999250.0
Total RWA Value,2023-09-30,310444386.0
Total RWA Value,2023-10-01,310297919.0
Total RWA Value,2023-10-02,310441884.0
Total RWA Value,2023-10-03,310406462.0
Total RWA Value,2023-10-04,311071275.0
Total RWA Value,2023-10-05,312526361.0
Total RWA Value,2023-10-06,313120670.0
Total RWA Value,2023-10-07,316439696.0
Total RWA Value,2023-10-08,316483994.0
Total RWA Value,2023-10-09,316493988.0
Total RWA Value,2023-10-10,317786740.0
Total RWA Value,2023-10-11,319307200.0
Total RWA Value,2023-10-12,319902050.0
Total RWA Value,2023-10-13,318204290.0
Total RWA Value,2023-10-14,313610618.0
Total RWA Value,2023-10-15,313612587.0
Total RWA Value,2023-10-16,313646198.0
Total RWA Value,2023-10-17,310942282.0
Total RWA Value,2023-10-18,311224106.0
Total RWA Value,2023-10-19,309722686.0
Total RWA Value,2023-10-20,309981757.0
Total RWA Value,2023-10-21,324383806.0
Total RWA Value,2023-10-22,324437329.0
Total RWA Value,2023-10-23,324497116.0
Total RWA Value,2023-10-24,322768859.0
Total RWA Value,2023-10-25,314453475.0
Total RWA Value,2023-10-26,315028258.0
Total RWA Value,2023-10-27,315729069.0
Total RWA Value,2023-10-28,318577230.0
Total RWA Value,2023-10-29,318533056.0
Total RWA Value,2023-10-30,318766493.0
Total RWA Value,2023-10-31,381385958.0
Total RWA Value,2023-11-01,355113480.0
Total RWA Value,2023-11-02,331906554.0
Total RWA Value,2023-11-03,359855358.0
Total RWA Value,2023-11-04,359841448.0
Total RWA Value,2023-11-05,359828046.0
Total RWA Value,2023-11-06,361011145.0
Total RWA Value,2023-11-07,360736370.0
Total RWA Value,2023-11-08,361016188.0
Total RWA Value,2023-11-09,361864356.0
Total RWA Value,2023-11-10,359174962.0
Total RWA Value,2023-11-11,358961456.0
Total RWA Value,2023-11-12,359194345.0
Total RWA Value,2023-11-13,358972020.0
Total RWA Value,2023-11-14,357512693.0
Total RWA Value,2023-11-15,357126196.0
Total RWA Value,2023-11-16,357733830.0
Total RWA Value,2023-11-17,359544175.0
Total RWA Value,2023-11-18,360500707.0
Total RWA Value,2023-11-19,360163049.0
Total RWA Value,2023-11-20,360205987.0
Total RWA Value,2023-11-21,358877650.0
Total RWA Value,2023-11-22,358673339.0
Total RWA Value,2023-11-23,358686267.0
Total RWA Value,2023-11-24,358749201.0
Total RWA Value,2023-11-25,357076953.0
Total RWA Value,2023-11-26,357207560.0
Total RWA Value,2023-11-27,357126762.0
Total RWA Value,2023-11-28,360740398.0
Total RWA Value,2023-11-29,357937775.0
Total RWA Value,2023-11-30,358928266.0
Total RWA Value,2023-12-01,358950519.0
Total RWA Value,2023-12-02,359036183.0
Total RWA Value,2023-12-03,359223107.0
Total RWA Value,2023-12-04,357382710.0
Total RWA Value,2023-12-05,357213282.0
Total RWA Value,2023-12-06,346800036.0
Total RWA Value,2023-12-07,346982566.0
Total RWA Value,2023-12-08,346759339.0
Total RWA Value,2023-12-09,347009783.0
Total RWA Value,2023-12-10,345301164.0
Total RWA Value,2023-12-11,345352812.0
Total RWA Value,2023-12-12,345935465.0
Total RWA Value,2023-12-13,342743601.0
Total RWA Value,2023-12-14,341955880.0
Total RWA Value,2023-12-15,342131281.0
Total RWA Value,2023-12-16,335468087.0
Total RWA Value,2023-12-17,335793854.0
Total RWA Value,2023-12-18,335971861.0
Total RWA Value,2023-12-19,335707276.0
Total RWA Value,2023-12-20,332619426.0
Total RWA Value,2023-12-21,361234356.0
Total RWA Value,2023-12-22,358348258.0
Total RWA Value,2023-12-23,358640863.0
Total RWA Value,2023-12-24,358712763.0
Total RWA Value,2023-12-25,358832733.0
Total RWA Value,2023-12-26,358994012.0
Total RWA Value,2023-12-27,358630099.0
Total RWA Value,2023-12-28,362295619.0
Total RWA Value,2023-12-29,362235587.0
Total RWA Value,2023-12-30,360898725.0
Total RWA Value,2023-12-31,360380517.0
Total RWA Value,2024-01-01,353408580.0
Total RWA Value,2024-01-02,354033095.0
Total RWA Value,2024-01-03,348743136.0
Total RWA Value,2024-01-04,346868306.0
Total RWA Value,2024-01-05,348394114.0
Total RWA Value,2024-01-06,348440840.0
Total RWA Value,2024-01-07,348508293.0
Total RWA Value,2024-01-08,348528524.0
Total RWA Value,2024-01-09,342954644.0
Total RWA Value,2024-01-10,343216484.0
Total RWA Value,2024-01-11,341623316.0
Total RWA Value,2024-01-12,342520781.0
Total RWA Value,2024-01-13,342635775.0
Total RWA Value,2024-01-14,343000769.0
Total RWA Value,2024-01-15,343124339.0
Total RWA Value,2024-01-16,357105257.0
Total RWA Value,2024-01-17,357274768.0
Total RWA Value,2024-01-18,356897003.0
Total RWA Value,2024-01-19,357806454.0
Total RWA Value,2024-01-20,360195135.0
Total RWA Value,2024-01-21,360209069.0
Total RWA Value,2024-01-22,360283222.0
Total RWA Value,2024-01-23,358558120.0
Total RWA Value,2024-01-24,365625495.0
Total RWA Value,2024-01-25,363366989.0
Total RWA Value,2024-01-26,362879832.0
Total RWA Value,2024-01-27,363367621.0
Total RWA Value,2024-01-28,361844058.0
Total RWA Value,2024-01-29,363590551.0
Total RWA Value,2024-01-30,393760350.0
Total RWA Value,2024-01-31,363240561.0
Total RWA Value,2024-02-01,361918877.0
Total RWA Value,2024-02-02,361038086.0
Total RWA Value,2024-02-03,360933335.0
Total RWA Value,2024-02-04,360821467.0
Total RWA Value,2024-02-05,361011767.0
Total RWA Value,2024-02-06,360987838.0
Total RWA Value,2024-02-07,360010359.0
Total RWA Value,2024-02-08,358943692.0
Total RWA Value,2024-02-09,359012053.0
Total RWA Value,2024-02-10,358914958.0
Total RWA Value,2024-02-11,359384118.0
Total RWA Value,2024-02-12,359336194.0
Total RWA Value,2024-02-13,359649396.0
Total RWA Value,2024-02-14,359540974.0
Total RWA Value,2024-02-15,368770186.0
Total RWA Value,2024-02-16,368278142.0
Total RWA Value,2024-02-17,364787889.0
Total RWA Value,2024-02-18,363993343.0
Total RWA Value,2024-02-19,364429659.0
Total RWA Value,2024-02-20,364743410.0
Total RWA Value,2024-02-21,363320592.0
Total RWA Value,2024-02-22,363031786.0
Total RWA Value,2024-02-23,359945147.0
Total RWA Value,2024-02-24,361685877.0
Total RWA Value,2024-02-25,366936488.0
Total RWA Value,2024-02-26,367233182.0
Total RWA Value,2024-02-27,368845306.0
Total RWA Value,2024-02-28,362053652.0
Total RWA Value,2024-02-29,358581994.0
Total RWA Value,2024-03-01,359034900.0
Total RWA Value,2024-03-02,356037353.0
Total RWA Value,2024-03-03,356530700.0
Total RWA Value,2024-03-04,356689711.0
Total RWA Value,2024-03-05,360301780.0
Total RWA Value,2024-03-06,358814271.0
Total RWA Value,2024-03-07,359538376.0
Total RWA Value,2024-03-08,392107205.0
Total RWA Value,2024-03-09,397589067.0
Total RWA Value,2024-03-10,398124726.0
Total RWA Value,2024-03-11,396705342.0
Total RWA Value,2024-03-12,404099863.0
Total RWA Value,2024-03-13,421585083.0
Total RWA Value,2024-03-14,403669527.0
Total RWA Value,2024-03-15,404351292.0
Total RWA Value,2024-03-16,402680325.0
Total RWA Value,2024-03-17,403732694.0
Total RWA Value,2024-03-18,403128604.0
Total RWA Value,2024-03-19,410097806.0
Total RWA Value,2024-03-20,410264318.0
Total RWA Value,2024-03-21,410196316.0
Total RWA Value,2024-03-22,407133759.0
Total RWA Value,2024-03-23,409613933.0
Total RWA Value,2024-03-24,408363891.0
Total RWA Value,2024-03-25,404033323.0
Total RWA Value,2024-03-26,395932670.0
Total RWA Value,2024-03-27,446460464.0
Total RWA Value,2024-03-28,481125037.0
Total RWA Value,2024-03-29,482400234.0
Total RWA Value,2024-03-30,483449434.0
Total RWA Value,2024-03-31,480951976.0
Total RWA Value,2024-04-01,481230565.0
Total RWA Value,2024-04-02,485147808.0
Total RWA Value,2024-04-03,485769634.0
Total RWA Value,2024-04-04,484380084.0
Total RWA Value,2024-04-05,487598913.0
Total RWA Value,2024-04-06,522873045.0
Total RWA Value,2024-04-07,523060420.0
Total RWA Value,2024-04-08,523097842.0
Total RWA Value,2024-04-09,523567437.0
Total RWA Value,2024-04-10,544361069.0
Total RWA Value,2024-04-11,559954873.0
Total RWA Value,2024-04-12,560449034.0
Total RWA Value,2024-04-13,566907461.0
Total RWA Value,2024-04-14,570205397.0
Total RWA Value,2024-04-15,568441647.0
Total RWA Value,2024-04-16,579746035.0
Total RWA Value,2024-04-17,578784069.0
Total RWA Value,2024-04-18,578106473.0
Total RWA Value,2024-04-19,580021653.0
Total RWA Value,2024-04-20,578778052.0
Total RWA Value,2024-04-21,579674495.0
Total RWA Value,2024-04-22,579650419.0
Total RWA Value,2024-04-23,590302875.0
Total RWA Value,2024-04-24,581902866.0
Total RWA Value,2024-04-25,582137406.0
Total RWA Value,2024-04-26,584288689.0
Total RWA Value,2024-04-27,628720265.0
Total RWA Value,2024-04-28,630220241.0
Total RWA Value,2024-04-29,628426796.0
Total RWA Value,2024-04-30,637719492.0
Total RWA Value,2024-05-01,634040592.0
Total RWA Value,2024-05-02,641442074.0
Total RWA Value,2024-05-03,649172066.0
Total RWA Value,2024-05-04,649444549.0
Total RWA Value,2024-05-05,646089617.0
Total RWA Value,2024-05-06,648312403.0
Total RWA Value,2024-05-07,649682597.0
Total RWA Value,2024-05-08,651526136.0
Total RWA Value,2024-05-09,651201876.0
Total RWA Value,2024-05-10,650947994.0
Total RWA Value,2024-05-11,649697124.0
Total RWA Value,2024-05-12,649195940.0
Total RWA Value,2024-05-13,650427779.0
Total RWA Value,2024-05-14,667693134.0
Total RWA Value,2024-05-15,714184755.0
Total RWA Value,2024-05-16,717211842.0
Total RWA Value,2024-05-17,709309790.0
Total RWA Value,2024-05-18,721410409.0
Total RWA Value,2024-05-19,721531106.0
Total RWA Value,2024-05-20,722731754.0
Total RWA Value,2024-05-21,757758997.0
Total RWA Value,2024-05-22,742891443.0
Total RWA Value,2024-05-23,747558690.0
Total RWA Value,2024-05-24,752256831.0
Total RWA Value,2024-05-25,783174033.0
Total RWA Value,2024-05-26,784785463.0
Total RWA Value,2024-05-27,785931112.0
Total RWA Value,2024-05-28,785645669.0
Total RWA Value,2024-05-29,793533507.0
Total RWA Value,2024-05-30,788106286.0
Total RWA Value,2024-05-31,792093554.0
Total RWA Value,2024-06-01,792220067.0
Total RWA Value,2024-06-02,791947479.0
Total RWA Value,2024-06-03,791860611.0
Total RWA Value,2024-06-04,800657758.0
Total RWA Value,2024-06-05,857147372.0
Total RWA Value,2024-06-06,854348472.0
Total RWA Value,2024-06-07,872036358.0
Total RWA Value,2024-06-08,908208124.0
Total RWA Value,2024-06-09,910056999.0
Total RWA Value,2024-06-10,909873381.0
Total RWA Value,2024-06-11,911118680.0
Total RWA Value,2024-06-12,912272518.0
Total RWA Value,2024-06-13,913231019.0
Total RWA Value,2024-06-14,935697524.0
Total RWA Value,2024-06-15,934000817.0
Total RWA Value,2024-06-16,935521305.0
Total RWA Value,2024-06-17,932858581.0
Total RWA Value,2024-06-18,928099361.0
Total RWA Value,2024-06-19,933080180.0
Total RWA Value,2024-06-20,933666892.0
Total RWA Value,2024-06-21,937888080.0
Total RWA Value,2024-06-22,949569007.0
Total RWA Value,2024-06-23,950264749.0
Total RWA Value,2024-06-24,950796515.0
Total RWA Value,2024-06-25,955132891.0
Total RWA Value,2024-06-26,943439823.0
Total RWA Value,2024-06-27,949214645.0
Total RWA Value,2024-06-28,948249016.0
Total RWA Value,2024-06-29,952654953.0
Total RWA Value,2024-06-30,952723954.0
Total RWA Value,2024-07-01,953055440.0
Total RWA Value,2024-07-02,938905262.0
Total RWA Value,2024-07-03,950653656.0
Total RWA Value,2024-07-04,960164166.0
Total RWA Value,2024-07-05,963000226.0
Total RWA Value,2024-07-06,1457288531.0
Total RWA Value,2024-07-07,1456739147.0
Total RWA Value,2024-07-08,1456902890.0
Total RWA Value,2024-07-09,2488449960.0
Total RWA Value,2024-07-10,2490928445.0
Total RWA Value,2024-07-11,2500789714.0
Total RWA Value,2024-07-12,2542248628.0
Total RWA Value,2024-07-13,2547595909.0
Total RWA Value,2024-07-14,2548743422.0
Total RWA Value,2024-07-15,2558009328.0
Total RWA Value,2024-07-16,2567862873.0
Total RWA Value,2024-07-17,2576459623.0
Total RWA Value,2024-07-18,2581531205.0
Total RWA Value,2024-07-19,2576951926.0
Total RWA Value,2024-07-20,2579389326.0
Total RWA Value,2024-07-21,2584673009.0
Total RWA Value,2024-07-22,2590672806.0
Total RWA Value,2024-07-23,2590448379.0
Total RWA Value,2024-07-24,2598240805.0
Total RWA Value,2024-07-25,2598029538.0
Total RWA Value,2024-07-26,2578356864.0
Total RWA Value,2024-07-27,2534846122.0
Total RWA Value,2024-07-28,2544123771.0
Total RWA Value,2024-07-29,2558653009.0
Total RWA Value,2024-07-30,2579673445.0
Total RWA Value,2024-07-31,2605730590.0
Total RWA Value,2024-08-01,2622582428.0
Total RWA Value,2024-08-02,2642872245.0
Total RWA Value,2024-08-03,2648949816.0
Total RWA Value,2024-08-04,2653472090.0
Total RWA Value,2024-08-05,2652752343.0
Total RWA Value,2024-08-06,2603067252.0
Total RWA Value,2024-08-07,2582003654.0
Total RWA Value,2024-08-08,2587894888.0
Total RWA Value,2024-08-09,2623272912.0
Total RWA Value,2024-08-10,2632986373.0
Total RWA Value,2024-08-11,2634482029.0
Total RWA Value,2024-08-12,2632880487.0
Total RWA Value,2024-08-13,2697766650.0
Total RWA Value,2024-08-14,2695806099.0
Total RWA Value,2024-08-15,2696806631.0
Total RWA Value,2024-08-16,2692999326.0
Total RWA Value,2024-08-17,2699556726.0
Total RWA Value,2024-08-18,2704355048.0
Total RWA Value,2024-08-19,2706199574.0
Total RWA Value,2024-08-20,2703910726.0
Total RWA Value,2024-08-21,2713088207.0
Total RWA Value,2024-08-22,2720156684.0
Total RWA Value,2024-08-23,2724059755.0
Total RWA Value,2024-08-24,2766300869.0
Total RWA Value,2024-08-25,2763971115.0
Total RWA Value,2024-08-26,2768138316.0
Total RWA Value,2024-08-27,2771620673.0
Total RWA Value,2024-08-28,2815591358.0
Total RWA Value,2024-08-29,2829659568.0
Total RWA Value,2024-08-30,2845089557.0
Total RWA Value,2024-08-31,2841437995.0
Total RWA Value,2024-09-01,2841787661.0
Total RWA Value,2024-09-02,2846300476.0
Total RWA Value,2024-09-03,2862172841.0
Total RWA Value,2024-09-04,2875315459.0
Total RWA Value,2024-09-05,2883812345.0
Total RWA Value,2024-09-06,2890136513.0
Total RWA Value,2024-09-07,2892670701.0
Total RWA Value,2024-09-08,2893200481.0
Total RWA Value,2024-09-09,2899512807.0
Total RWA Value,2024-09-10,2894040448.0
Total RWA Value,2024-09-11,2899822691.0
Total RWA Value,2024-09-12,2902860701.0
Total RWA Value,2024-09-13,2926357921.0
Total RWA Value,2024-09-14,2942041908.0
Total RWA Value,2024-09-15,2944658127.0
Total RWA Value,2024-09-16,2951569983.0
Total RWA Value,2024-09-17,2957818133.0
Total RWA Value,2024-09-18,2959599387.0
Total RWA Value,2024-09-19,2956997043.0
Total RWA Value,2024-09-20,2965134382.0
Total RWA Value,2024-09-21,2987637468.0
Total RWA Value,2024-09-22,2989252184.0
Total RWA Value,2024-09-23,2989424974.0
Total RWA Value,2024-09-24,3004464422.0
Total RWA Value,2024-09-25,3016918565.0
Total RWA Value,2024-09-26,3021997754.0
Total RWA Value,2024-09-27,3036731174.0
Total RWA Value,2024-09-28,3035985490.0
Total RWA Value,2024-09-29,3042605898.0
Total RWA Value,2024-09-30,3044460958.0
Total RWA Value,2024-10-01,3043077998.0
Total RWA Value,2024-10-02,3089956208.0
Total RWA Value,2024-10-03,3083737357.0
Total RWA Value,2024-10-04,3110046152.0
Total RWA Value,2024-10-05,3124911730.0
Total RWA Value,2024-10-06,3128649601.0
Total RWA Value,2024-10-07,3121553841.0
Total RWA Value,2024-10-08,3108389334.0
Total RWA Value,2024-10-09,3113055717.0
Total RWA Value,2024-10-10,3110432755.0
Total RWA Value,2024-10-11,3137119229.0
Total RWA Value,2024-10-12,3174311171.0
Total RWA Value,2024-10-13,3171728810.0
Total RWA Value,2024-10-14,3169747270.0
Total RWA Value,2024-10-15,3178423264.0
Total RWA Value,2024-10-16,3191606076.0
Total RWA Value,2024-10-17,3222947368.0
Total RWA Value,2024-10-18,3227296920.0
Total RWA Value,2024-10-19,3273256982.0
Total RWA Value,2024-10-20,3272003807.0
Total RWA Value,2024-10-21,3277506701.0
Total RWA Value,2024-10-22,3293587023.0
Total RWA Value,2024-10-23,3320264178.0
Total RWA Value,2024-10-24,3283090475.0
Total RWA Value,2024-10-25,3291013102.0
Total RWA Value,2024-10-26,3285344984.0
Total RWA Value,2024-10-27,3284860484.0
Total RWA Value,2024-10-28,3289167924.0
Total RWA Value,2024-10-29,3297189906.0
Total RWA Value,2024-10-30,3304476867.0
Total RWA Value,2024-10-31,3310095832.0
Total RWA Value,2024-11-01,3245888831.0
Total RWA Value,2024-11-02,3270802891.0
Total RWA Value,2024-11-03,3270357430.0
Total RWA Value,2024-11-04,3270038748.0
Total RWA Value,2024-11-05,3263352357.0
Total RWA Value,2024-11-06,3244916243.0
Total RWA Value,2024-11-07,3200748027.0
Total RWA Value,2024-11-08,3218214027.0
Total RWA Value,2024-11-09,3208683447.0
Total RWA Value,2024-11-10,3205987307.0
Total RWA Value,2024-11-11,3206982980.0
Total RWA Value,2024-11-12,3207220734.0
Total RWA Value,2024-11-13,3178824433.0
Total RWA Value,2024-11-14,3170677341.0
Total RWA Value,2024-11-15,3143599495.0
Total RWA Value,2024-11-16,3124398852.0
Total RWA Value,2024-11-17,3118564983.0
Total RWA Value,2024-11-18,3130932297.0
Total RWA Value,2024-11-19,3246177078.0
Total RWA Value,2024-11-20,3272178230.0
Total RWA Value,2024-11-21,3291022017.0
Total RWA Value,2024-11-22,3299080629.0
Total RWA Value,2024-11-23,3343135801.0
Total RWA Value,2024-11-24,3345797504.0
Total RWA Value,2024-11-25,3343876508.0
Total RWA Value,2024-11-26,3314180662.0
Total RWA Value,2024-11-27,3309508475.0
Total RWA Value,2024-11-28,3324593031.0
Total RWA Value,2024-11-29,3338853937.0
Total RWA Value,2024-11-30,3353877864.0
Total RWA Value,2024-12-01,3363047587.0
Total RWA Value,2024-12-02,3381831619.0
Total RWA Value,2024-12-03,3390933837.0
Total RWA Value,2024-12-04,3420307457.0
Total RWA Value,2024-12-05,3403950322.0
Total RWA Value,2024-12-06,3388299559.0
Total RWA Value,2024-12-07,3418517813.0
Total RWA Value,2024-12-08,3459571373.0
Total RWA Value,2024-12-09,3532443931.0
Total RWA Value,2024-12-10,3570461773.0
Total RWA Value,2024-12-11,3648816377.0
Total RWA Value,2024-12-12,3754268423.0
Total RWA Value,2024-12-13,3777991406.0
Total RWA Value,2024-12-14,3779113731.0
Total RWA Value,2024-12-15,3782208069.0
Total RWA Value,2024-12-16,3789745740.0
Total RWA Value,2024-12-17,3843413853.0
Total RWA Value,2024-12-18,3862488673.0
Total RWA Value,2024-12-19,3985956299.0
Total RWA Value,2024-12-20,4190996046.0
Total RWA Value,2024-12-21,4346521832.0
Total RWA Value,2024-12-22,4364983382.0
Total RWA Value,2024-12-23,4384984367.0
Total RWA Value,2024-12-24,4427202406.0
Total RWA Value,2024-12-25,4490371878.0
Total RWA Value,2024-12-26,4559061175.0
Total RWA Value,2024-12-27,4638409400.0
Total RWA Value,2024-12-28,4691326109.0
Total RWA Value,2024-12-29,4708707593.0
Total RWA Value,2024-12-30,4717287650.0
Total RWA Value,2024-12-31,4680248317.0
Total RWA Value,2025-01-01,4572996157.0
Total RWA Value,2025-01-02,4616668744.0
Total RWA Value,2025-01-03,4692053960.0
Total RWA Value,2025-01-04,4730818843.0
Total RWA Value,2025-01-05,4768954031.0
Total RWA Value,2025-01-06,4800756380.0
Total RWA Value,2025-01-07,4826312248.0
Total RWA Value,2025-01-08,4825575416.0
Total RWA Value,2025-01-09,4742000611.0
Total RWA Value,2025-01-10,4704892409.0
Total RWA Value,2025-01-11,4627775188.0
Total RWA Value,2025-01-12,4598897331.0
Total RWA Value,2025-01-13,4588979528.0
Total RWA Value,2025-01-14,4577684350.0
Total RWA Value,2025-01-15,4575060826.0
Total RWA Value,2025-01-16,4480689541.0
Total RWA Value,2025-01-17,4482711220.0
Total RWA Value,2025-01-18,4477635153.0
Total RWA Value,2025-01-19,4468844217.0
Total RWA Value,2025-01-20,4313204385.0
Total RWA Value,2025-01-21,4284112093.0
Total RWA Value,2025-01-22,4290869116.0
Total RWA Value,2025-01-23,4299780045.0
Total RWA Value,2025-01-24,4295425663.0
Total RWA Value,2025-01-25,4314724019.0
Total RWA Value,2025-01-26,4321445751.0
Total RWA Value,2025-01-27,4308540962.0
Total RWA Value,2025-01-28,4268259925.0
Total RWA Value,2025-01-29,4254904137.0
Total RWA Value,2025-01-30,4242428969.0
Total RWA Value,2025-01-31,4264038338.0
Total RWA Value,2025-02-01,4312029415.0
Total RWA Value,2025-02-02,4357687871.0
Total RWA Value,2025-02-03,4347189117.0
Total RWA Value,2025-02-04,4347371679.0
Total RWA Value,2025-02-05,4384808183.0
Total RWA Value,2025-02-06,4399569195.0
Total RWA Value,2025-02-07,4389284712.0
Total RWA Value,2025-02-08,4393835724.0
Total RWA Value,2025-02-09,4393989596.0
Total RWA Value,2025-02-10,4397557755.0
Total RWA Value,2025-02-11,4409460979.0
Total RWA Value,2025-02-12,4406052816.0
Total RWA Value,2025-02-13,4405341626.0
Total RWA Value,2025-02-14,4440761632.0
Total RWA Value,2025-02-15,4428510051.0
Total RWA Value,2025-02-16,4425999415.0
Total RWA Value,2025-02-17,4421791431.0
Total RWA Value,2025-02-18,4427252796.0
Total RWA Value,2025-02-19,4529917295.0
Total RWA Value,2025-02-20,4571714779.0
Total RWA Value,2025-02-21,4621788028.0
Total RWA Value,2025-02-22,4616982222.0
Total RWA Value,2025-02-23,4621461906.0
Total RWA Value,2025-02-24,4627093898.0
Total RWA Value,2025-02-25,4630036990.0
Total RWA Value,2025-02-26,4579874066.0
Total RWA Value,2025-02-27,4630645949.0
Total RWA Value,2025-02-28,4665312534.0
Total RWA Value,2025-03-01,4596534188.0
Total RWA Value,2025-03-02,4626325057.0
Total RWA Value,2025-03-03,4622919918.0
Total RWA Value,2025-03-04,4665076336.0
Total RWA Value,2025-03-05,4683906883.0
Total RWA Value,2025-03-06,4672349281.0
Total RWA Value,2025-03-07,4663835737.0
Total RWA Value,2025-03-08,4780988820.0
Total RWA Value,2025-03-09,4780771462.0
Total RWA Value,2025-03-10,4773497973.0
Total RWA Value,2025-03-11,4740974501.0
Total RWA Value,2025-03-12,4897717244.0
Total RWA Value,2025-03-13,5179100729.0
Total RWA Value,2025-03-14,5417261743.0
Total RWA Value,2025-03-15,5897279842.0
Total RWA Value,2025-03-16,5860651982.0
Total RWA Value,2025-03-17,5900937295.0
Total RWA Value,2025-03-18,5896022304.0
Total RWA Value,2025-03-19,6095869384.0
Total RWA Value,2025-03-20,6218019007.0
Total RWA Value,2025-03-21,6297562251.0
Total RWA Value,2025-03-22,6511309662.0
Total RWA Value,2025-03-23,6508328445.0
Total RWA Value,2025-03-24,6539001884.0
Total RWA Value,2025-03-25,6792302924.0
Total RWA Value,2025-03-26,7268651994.0
Total RWA Value,2025-03-27,7262897624.0
Total RWA Value,2025-03-28,7273768569.0
Total RWA Value,2025-03-29,7213566448.0
Total RWA Value,2025-03-30,7210951234.0
Total RWA Value,2025-03-31,7210080207.0
Total RWA Value,2025-04-01,7261836780.0
Total RWA Value,2025-04-02,7185192347.0
Total RWA Value,2025-04-03,7199421141.0
Total RWA Value,2025-04-04,7282273399.0
Total RWA Value,2025-04-05,7187862227.0
Total RWA Value,2025-04-06,7182665341.0
Total RWA Value,2025-04-07,7130002555.0
Total RWA Value,2025-04-08,7267569391.0
Total RWA Value,2025-04-09,7474659809.0
Total RWA Value,2025-04-10,7697825884.0
Total RWA Value,2025-04-11,7895580575.0
Total RWA Value,2025-04-12,8047034410.0
Total RWA Value,2025-04-13,8030579564.0
Total RWA Value,2025-04-14,8028180193.0
Total RWA Value,2025-04-15,8096410653.0
Total RWA Value,2025-04-16,8181843201.0
Total RWA Value,2025-04-17,8311885112.0
Total RWA Value,2025-04-18,8407997254.0
Total RWA Value,2025-04-19,8400773545.0
Total RWA Value,2025-04-20,8397304418.0
Total RWA Value,2025-04-21,8415490941.0
Total RWA Value,2025-04-22,8467372372.0
Total RWA Value,2025-04-23,8589091425.0
Total RWA Value,2025-04-24,8630832952.0
Total RWA Value,2025-04-25,8647440574.0
Total RWA Value,2025-04-26,8655325253.0
Total RWA Value,2025-04-27,8667354504.0
Total RWA Value,2025-04-28,8665963086.0
Total RWA Value,2025-04-29,8655352700.0
Total RWA Value,2025-04-30,8640654903.0
Total RWA Value,2025-05-01,8772241280.0
Total RWA Value,2025-05-02,8933183077.0
Total RWA Value,2025-05-03,8969559446.0
Total RWA Value,2025-05-04,8971815493.0
Total RWA Value,2025-05-05,8973595339.0
Total RWA Value,2025-05-06,9082337570.0
Total RWA Value,2025-05-07,9320318931.0
Total RWA Value,2025-05-08,9511315310.0
Total RWA Value,2025-05-09,9512011591.0
Total RWA Value,2025-05-10,9600587488.0
Total RWA Value,2025-05-11,9586816850.0
Total RWA Value,2025-05-12,9568255787.0
Total RWA Value,2025-05-13,9536254750.0
Total RWA Value,2025-05-14,9549302412.0
Total RWA Value,2025-05-15,9510706073.0
Total RWA Value,2025-05-16,9589082338.0
Total RWA Value,2025-05-17,9612949462.0
Total RWA Value,2025-05-18,9626971778.0
Total RWA Value,2025-05-19,9642137597.0
Total RWA Value,2025-05-20,9650785165.0
Total RWA Value,2025-05-21,9755833632.0
Total RWA Value,2025-05-22,9776565107.0
Total RWA Value,2025-05-23,9780577813.0
Total RWA Value,2025-05-24,9814179267.0
Total RWA Value,2025-05-25,9818362630.0
Total RWA Value,2025-05-26,9805119277.0
Total RWA Value,2025-05-27,9811860298.0
Total RWA Value,2025-05-28,9773314368.0
Total RWA Value,2025-05-29,9749590534.0
Total RWA Value,2025-05-30,9801807856.0
Total RWA Value,2025-05-31,9794897670.0
Total RWA Value,2025-06-01,9790933617.0
Total RWA Value,2025-06-02,9804607815.0
Total RWA Value,2025-06-03,9851376300.0
Total RWA Value,2025-06-04,9842769309.0
Total RWA Value,2025-06-05,9846709000.0
Total RWA Value,2025-06-06,9872163310.0
Total RWA Value,2025-06-07,9835512601.0
Total RWA Value,2025-06-08,9835003788.0
Total RWA Value,2025-06-09,9838788318.0
Total RWA Value,2025-06-10,9837464800.0
Total RWA Value,2025-06-11,9914265278.0
Total RWA Value,2025-06-12,9920113873.0
Total RWA Value,2025-06-13,9931655457.0
Total RWA Value,2025-06-14,9942595776.0
Total RWA Value,2025-06-15,9957816244.0
Total RWA Value,2025-06-16,9954214072.0
Total RWA Value,2025-06-17,9946887831.0
Total RWA Value,2025-06-18,9952787652.0
Total RWA Value,2025-06-19,9981398248.0
Total RWA Value,2025-06-20,9986164760.0
Total RWA Value,2025-06-21,10000970555.0
Total RWA Value,2025-06-22,10008235662.0
Total RWA Value,2025-06-23,10006778807.0
Total RWA Value,2025-06-24,10004970354.0
Total RWA Value,2025-06-25,10033310935.0
Total RWA Value,2025-06-26,10070896009.0
Total RWA Value,2025-06-27,10061620223.0
Total RWA Value,2025-06-28,10047901688.0
Total RWA Value,2025-06-29,10045841760.0
Total RWA Value,2025-06-30,10042110289.0
Total RWA Value,2025-07-01,10077853033.0
Total RWA Value,2025-07-02,10085053559.0
Total RWA Value,2025-07-03,10076039550.0
Total RWA Value,2025-07-04,10066881808.0
Total RWA Value,2025-07-05,10097079127.0
Total RWA Value,2025-07-06,10091477855.0
Total RWA Value,2025-07-07,10080965245.0
Total RWA Value,2025-07-08,10128265744.0
Total RWA Value,2025-07-09,10113412793.0
Total RWA Value,2025-07-10,10114563509.0
Total RWA Value,2025-07-11,10127862164.0
Total RWA Value,2025-07-12,10161371041.0
Total RWA Value,2025-07-13,10159308946.0
Total RWA Value,2025-07-14,10171443642.0
Total RWA Value,2025-07-15,10192844853.0
Total RWA Value,2025-07-16,10176115522.0
Total RWA Value,2025-07-17,10172429282.0
Total RWA Value,2025-07-18,9848902212.0
Total RWA Value,2025-07-19,9645671273.0
Total RWA Value,2025-07-20,9660423151.0
Total RWA Value,2025-07-21,9648093351.0
Total RWA Value,2025-07-22,9457329208.0
Total RWA Value,2025-07-23,9459875582.0
Total RWA Value,2025-07-24,9004566245.0
Total RWA Value,2025-07-25,9417611420.0
Total RWA Value,2025-07-26,9392297757.0
Total RWA Value,2025-07-27,9393076387.0
Total RWA Value,2025-07-28,9381987570.0
Total RWA Value,2025-07-29,9396293389.0
Total RWA Value,2025-07-30,9508607176.0
Total RWA Value,2025-07-31,9535639912.0
Total RWA Value,2025-08-01,9619139760.0
Total RWA Value,2025-08-02,9748241980.0
Total RWA Value,2025-08-03,10229717667.0
Total RWA Value,2025-08-04,10248166950.0
Total RWA Value,2025-08-05,10034094532.0
Total RWA Value,2025-08-06,10173977713.0
Total RWA Value,2025-08-07,10204347956.0
Total RWA Value,2025-08-08,10308483681.0
Total RWA Value,2025-08-09,10807389848.0
Total RWA Value,2025-08-10,10799646786.0
Total RWA Value,2025-08-11,10800715198.0
Total RWA Value,2025-08-12,10953192825.0
Total RWA Value,2025-08-13,11006241211.0
Total RWA Value,2025-08-14,11069409772.0
Total RWA Value,2025-08-15,11777463833.0
Total RWA Value,2025-08-16,11776738749.0
Total RWA Value,2025-08-17,11771038947.0
Total RWA Value,2025-08-18,11784076652.0
Total RWA Value,2025-08-19,11843369945.0
Total RWA Value,2025-08-20,11875869456.0
Total RWA Value,2025-08-21,11953325831.0
Total RWA Value,2025-08-22,11966953793.0
Total RWA Value,2025-08-23,12026741397.0
Total RWA Value,2025-08-24,12017301816.0
Total RWA Value,2025-08-25,12013413244.0
Total RWA Value,2025-08-26,12020258126.0
Total RWA Value,2025-08-27,12051125005.0
Total RWA Value,2025-08-28,12079849620.0
Total RWA Value,2025-08-29,12122010297.0
Total RWA Value,2025-08-30,12195411140.0
Total RWA Value,2025-08-31,12199177064.0
Total RWA Value,2025-09-01,12217540154.0
Total RWA Value,2025-09-02,12283892098.0
Total RWA Value,2025-09-03,12141479984.0
Total RWA Value,2025-09-04,12272662536.0
Total RWA Value,2025-09-05,12355413591.0
Total RWA Value,2025-09-06,12377916906.0
Total RWA Value,2025-09-07,12400253503.0
Total RWA Value,2025-09-08,12346758009.0
Total RWA Value,2025-09-09,12680105311.0
Total RWA Value,2025-09-10,12757866589.0
Total RWA Value,2025-09-11,12815005816.0
Total RWA Value,2025-09-12,12968825235.0
Total RWA Value,2025-09-13,13053250061.0
Total RWA Value,2025-09-14,12989108252.0
Total RWA Value,2025-09-15,12924573912.0
Total RWA Value,2025-09-16,13098133405.0
Total RWA Value,2025-09-17,13095554699.0
Total RWA Value,2025-09-18,13126308556.0
Total RWA Value,2025-09-19,13105987747.0
Total RWA Value,2025-09-20,13162695797.0
Total RWA Value,2025-09-21,13157710719.0
Total RWA Value,2025-09-22,13169815799.0
Total RWA Value,2025-09-23,13237031669.0
Total RWA Value,2025-09-24,13308123389.0
Total RWA Value,2025-09-25,13291772684.0
Total RWA Value,2025-09-26,13356068156.0
Total RWA Value,2025-09-27,13399108800.0
Total RWA Value,2025-09-28,13415640978.0
Total RWA Value,2025-09-29,13420682851.0
Total RWA Value,2025-09-30,13985526409.0
Total RWA Value,2025-10-01,14165382123.0
Total RWA Value,2025-10-02,14308705019.0
Total RWA Value,2025-10-03,14467916894.0
Total RWA Value,2025-10-04,14537150577.0
Total RWA Value,2025-10-05,14554835435.0
Total RWA Value,2025-10-06,14572959918.0
Total RWA Value,2025-10-07,14708068570.0
Total RWA Value,2025-10-08,14795946198.0
Total RWA Value,2025-10-09,14842618548.0
Total RWA Value,2025-10-10,14881324451.0
Total RWA Value,2025-10-11,14889647242.0
Total RWA Value,2025-10-12,14883035821.0
Total RWA Value,2025-10-13,14915809525.0
Total RWA Value,2025-10-14,14910011562.0
Total RWA Value,2025-10-15,14937888410.0
Total RWA Value,2025-10-16,15006622456.0
Total RWA Value,2025-10-17,15170408090.0
Total RWA Value,2025-10-18,15729449561.0
Total RWA Value,2025-10-19,15727343496.0
Total RWA Value,2025-10-20,15742150510.0
Total RWA Value,2025-10-21,15948077181.0
Total RWA Value,2025-10-22,15809155287.0
Total RWA Value,2025-10-23,15859442174.0
Total RWA Value,2025-10-24,15894190956.0
Total RWA Value,2025-10-25,15938832699.0
Total RWA Value,2025-10-26,15943209473.0
Total RWA Value,2025-10-27,15913336340.0
Total RWA Value,2025-10-28,15830329062.0
Total RWA Value,2025-10-29,15885483107.0
Total RWA Value,2025-10-30,15850022875.0
Total RWA Value,2025-10-31,15897467254.0
Total RWA Value,2025-11-01,15969666877.0
Total RWA Value,2025-11-02,15988030804.0
Total RWA Value,2025-11-03,15977914814.0
Total RWA Value,2025-11-04,15946263548.0
Total RWA Value,2025-11-05,15863857470.0
Total RWA Value,2025-11-06,15778409437.0
Total RWA Value,2025-11-07,15743478306.0
Total RWA Value,2025-11-08,15722908904.0
Total RWA Value,2025-11-09,15715659221.0
Total RWA Value,2025-11-10,15779584401.0
Total RWA Value,2025-11-11,15559765561.0
Total RWA Value,2025-11-12,15610757870.0
Total RWA Value,2025-11-13,15379743657.0
Total RWA Value,2025-11-14,15469183224.0
Total RWA Value,2025-11-15,15398410684.0
Total RWA Value,2025-11-16,15427582445.0
Total RWA Value,2025-11-17,15424964574.0
Total RWA Value,2025-11-18,15015313342.0
Total RWA Value,2025-11-19,15044957171.0
Total RWA Value,2025-11-20,15185475930.0
Total RWA Value,2025-11-21,15204300456.0
Total RWA Value,2025-11-22,15165942027.0
Total RWA Value,2025-11-23,15149841055.0
Total RWA Value,2025-11-24,15143363778.0
Total RWA Value,2025-11-25,15206714782.0
Total RWA Value,2025-11-26,14823770007.0
Total RWA Value,2025-11-27,14867550034.0
Total RWA Value,2025-11-28,14918770039.0
Total RWA Value,2025-11-29,14983610134.0
Total RWA Value,2025-11-30,14996396943.0
Total RWA Value,2025-12-01,15078692581.0
Total RWA Value,2025-12-02,15142112942.0
Total RWA Value,2025-12-03,14757921404.0
Total RWA Value,2025-12-04,14215926943.0
Total RWA Value,2025-12-05,14340080537.0
Total RWA Value,2025-12-06,14855746450.0
Total RWA Value,2025-12-07,14884198818.0
Total RWA Value,2025-12-08,14877901611.0
Total RWA Value,2025-12-09,14884698842.0
Total RWA Value,2025-12-10,14460505366.0
Total RWA Value,2025-12-11,14543547481.0
Total RWA Value,2025-12-12,14567760008.0
Total RWA Value,2025-12-13,14613653193.0
Total RWA Value,2025-12-14,14612412168.0
Total RWA Value,2025-12-15,14621946020.0
Total RWA Value,2025-12-16,14634504916.0
Total RWA Value,2025-12-17,14645611304.0
Total RWA Value,2025-12-18,14719674945.0
Total RWA Value,2025-12-19,14692769450.0
Total RWA Value,2025-12-20,14724443274.0
Total RWA Value,2025-12-21,14748442932.0
Total RWA Value,2025-12-22,14756089869.0
Total RWA Value,2025-12-23,14882717228.0
Total RWA Value,2025-12-24,15091819417.0
Total RWA Value,2025-12-25,15089477738.0
Total RWA Value,2025-12-26,15117247663.0
Total RWA Value,2025-12-27,15128400983.0
Total RWA Value,2025-12-28,15130259354.0
Total RWA Value,2025-12-29,15096610891.0
Total RWA Value,2025-12-30,15081605961.0
Total RWA Value,2025-12-31,15101456920.0
Total RWA Value,2026-01-01,15065709591.0
Total RWA Value,2026-01-02,15100421953.0
Total RWA Value,2026-01-03,15146946144.0
Total RWA Value,2026-01-04,14993329178.0
Total RWA Value,2026-01-05,15067210355.0
Total RWA Value,2026-01-06,15117547093.0
Total RWA Value,2026-01-07,15122679470.0
Total RWA Value,2026-01-08,15225111217.0
Total RWA Value,2026-01-09,15201905379.0
Total RWA Value,2026-01-10,15251935709.0
Total RWA Value,2026-01-11,15268521772.0
Total RWA Value,2026-01-12,15293410218.0
Total RWA Value,2026-01-13,15396435486.0
Total RWA Value,2026-01-14,15510515652.0
Total RWA Value,2026-01-15,15563750755.0
Total RWA Value,2026-01-16,15759210169.0
Total RWA Value,2026-01-17,15782757969.0
Total RWA Value,2026-01-18,15816970675.0
Total RWA Value,2026-01-19,16059821254.0
Total RWA Value,2026-01-20,16060763557.0
Total RWA Value,2026-01-21,16336467706.0
Total RWA Value,2026-01-22,16650533692.0
Total RWA Value,2026-01-23,17088506176.0
Total RWA Value,2026-01-24,17221306798.0
Total RWA Value,2026-01-25,17268129713.0
Total RWA Value,2026-01-26,17363601957.0
Total RWA Value,2026-01-27,17285817022.0
Total RWA Value,2026-01-28,17642634844.0
Total RWA Value,2026-01-29,18141960473.0
Total RWA Value,2026-01-30,18211383735.0
Total RWA Value,2026-01-31,17648273999.0
Total RWA Value,2026-02-01,18531029226.0
Total RWA Value,2026-02-02,18490460490.0
Total RWA Value,2026-02-03,18514901250.0
Total RWA Value,2026-02-04,18896886218.0
Total RWA Value,2026-02-05,18841355073.0
Total RWA Value,2026-02-06,18509910867.0
Total RWA Value,2026-02-07,18891758425.0
Total RWA Value,2026-02-08,18999447861.0
Total RWA Value,2026-02-09,19053618753.0
Total RWA Value,2026-02-10,19036157019.0
Total RWA Value,2026-02-11,19494164815.0
Total RWA Value,2026-02-12,19508069474.0
Total RWA Value,2026-02-13,19376857055.0
Total RWA Value,2026-02-14,19544982206.0
Total RWA Value,2026-02-15,19581656299.0
Total RWA Value,2026-02-16,19568319894.0
Total RWA Value,2026-02-17,19662962934.0
Total RWA Value,2026-02-18,19580736303.0
Total RWA Value,2026-02-19,19744954582.0
Total RWA Value,2026-02-20,19765543885.0
Total RWA Value,2026-02-21,19959040542.0
Total RWA Value,2026-02-22,19992036842.0
Total RWA Value,2026-02-23,20038073418.0
Total RWA Value,2026-02-24,20107900850.0
Total RWA Value,2026-02-25,20065116443.0
Total RWA Value,2026-02-26,20197471632.0
Total RWA Value,2026-02-27,20241413232.0
Total RWA Value,2026-02-28,20487574463.0
Total RWA Value,2026-03-01,20580189632.0
Total RWA Value,2026-03-02,20606631002.0
Total RWA Value,2026-03-03,20726538391.0
Total RWA Value,2026-03-04,20734943139.0
Total RWA Value,2026-03-05,20768716613.0
Total RWA Value,2026-03-06,20700232795.0
Total RWA Value,2026-03-07,20885753590.0
Total RWA Value,2026-03-08,20888201185.0
Total RWA Value,2026-03-09,20717812969.0
Total RWA Value,2026-03-10,20931222179.0
Total RWA Value,2026-03-11,21069726433.0
Total RWA Value,2026-03-12,20828765729.0
Total RWA Value,2026-03-13,20970384698.0
Total RWA Value,2026-03-14,21131343951.0
Total RWA Value,2026-03-15,21162992210.0
Total RWA Value,2026-03-16,21111006650.0
Total RWA Value,2026-03-17,21157372826.0
Total RWA Value,2026-03-18,21439763198.0
Total RWA Value,2026-03-19,21387432422.0
Total RWA Value,2026-03-20,21431381135.0
Total RWA Value,2026-03-21,21339667161.0
Total RWA Value,2026-03-22,21336076228.0
Total RWA Value,2026-03-23,21211820098.0
Total RWA Value,2026-03-24,21244971763.0
Total RWA Value,2026-03-25,21487115511.0
Total RWA Value,2026-03-26,21687567967.0
Total RWA Value,2026-03-27,21880105908.0
Total RWA Value,2026-03-28,21928665612.0
Total RWA Value,2026-03-29,21918866533.0
Total RWA Value,2026-03-30,21835723767.0
Total RWA Value,2026-03-31,22334816530.0
Total RWA Value,2026-04-01,22875961313.0
Total RWA Value,2026-04-02,23167460325.0
Total RWA Value,2026-04-03,23537821466.0
Total RWA Value,2026-04-04,23353237459.0
Total RWA Value,2026-04-05,23310686462.0
Total RWA Value,2026-04-06,23231079319.0
Total RWA Value,2026-04-07,23359801689.0
Total RWA Value,2026-04-08,24206781151.0
Total RWA Value,2026-04-09,24227520583.0
Total RWA Value,2026-04-10,24340890442.0
Total RWA Value,2026-04-11,24375179331.0
Total RWA Value,2026-04-12,24383030427.0
Total RWA Value,2026-04-13,24299586715.0
Total RWA Value,2026-04-14,24577910675.0
Total RWA Value,2026-04-15,24705506070.0
Total RWA Value,2026-04-16,24906340145.0
Total RWA Value,2026-04-17,25128238348.0
Total RWA Value,2026-04-18,25309424458.0
Total RWA Value,2026-04-19,25251161652.0
Total RWA Value,2026-04-20,25167516149.0
Total RWA Value,2026-04-21,25293348760.0
Total RWA Value,2026-04-22,25217518213.0
Total RWA Value,2026-04-23,25136381604.0
Total RWA Value,2026-04-24,24618395021.0
Total RWA Value,2026-04-25,24515037258.0
Total RWA Value,2026-04-26,24509625491.0
Total RWA Value,2026-04-27,24485618432.0
Total RWA Value,2026-04-28,24662592449.0
Total RWA Value,2026-04-29,24322583533.0
Total RWA Value,2026-04-30,24186466868.0
Total RWA Value,2026-05-01,24175429295.0
Total RWA Value,2026-05-02,24313069405.0
Total RWA Value,2026-05-03,24314049607.0
Total RWA Value,2026-05-04,24312662600.0
Total RWA Value,2026-05-05,24182936636.0
Total RWA Value,2026-05-06,24373990552.0
Total RWA Value,2026-05-07,24629422040.0
Total RWA Value,2026-05-08,24643381987.0
Total RWA Value,2026-05-09,24858349555.0
Total RWA Value,2026-05-10,24921188286.0
Total RWA Value,2026-05-11,24899535823.0
Total RWA Value,2026-05-12,25405530258.0
Total RWA Value,2026-05-13,24887317740.0
Total RWA Value,2026-05-14,24933624004.0
Total RWA Value,2026-05-15,24914892238.0
Total RWA Value,2026-05-16,25234109251.0
Total RWA Value,2026-05-17,25224288792.0
Total RWA Value,2026-05-18,25181420184.0
Total RWA Value,2026-05-19,25179033297.0
Total RWA Value,2026-05-20,24997912739.0
Total RWA Value,2026-05-21,25013953445.0
Total RWA Value,2026-05-22,24984759959.0
Total RWA Value,2026-05-23,24932854713.0
Total RWA Value,2026-05-24,24967453534.0
Total RWA Value,2026-05-25,25022750615.0
Total RWA Value,2026-05-26,25024075762.0
Total RWA Value,2026-05-27,24863311639.0
Total RWA Value,2026-05-28,24740663635.0
Total RWA Value,2026-05-29,24692617488.0
Total RWA Value,2026-05-30,24767260407.0
Total RWA Value,2026-05-31,24781768073.0
Total RWA Value,2026-06-01,24796963345.0
Total RWA Value,2026-06-02,24507455490.0
Total RWA Value,2026-06-03,24470416419.0
Total RWA Value,2026-06-04,24275138171.0
Total RWA Value,2026-06-05,24219119563.0
Total RWA Value,2026-06-06,23900821122.0
Total RWA Value,2026-06-07,23883837733.0
Total RWA Value,2026-06-08,23938172729.0
Total RWA Value,2026-06-09,24075615837.0
Total RWA Value,2026-06-10,24185937636.0
Total RWA Value,2026-06-11,24036634509.0
Total RWA Value,2026-06-12,24266208554.0
Total RWA Value,2026-06-13,24229651124.0
Total RWA Value,2026-06-14,24245826835.0
Total RWA Value,2026-06-15,24358832503.0
Total RWA Value,2026-06-16,24372324600.0
Total RWA Value,2026-06-17,24456742756.0
Total RWA Value,2026-06-18,24367973737.0
Total RWA Value,2026-06-19,24300610942.0
Total RWA Value,2026-06-20,24277982055.0
Total RWA Value,2026-06-21,24290344171.0
Total RWA Value,2026-06-22,24275744340.0
Total RWA Value,2026-06-23,24280939857.0
Total RWA Value,2026-06-24,24140696921.0
Total RWA Value,2026-06-25,24061607276.0
Total RWA Value,2026-06-26,23909236135.0
Total RWA Value,2026-06-27,23773186142.0
Total RWA Value,2026-06-28,23422400468.0
Total RWA Value,2026-06-29,23418479197.0
Total RWA Value,2026-06-30,23497095684.0
Total RWA Value,2026-07-01,23473498579.0
Total RWA Value,2026-07-02,23502414975.0
Total RWA Value,2026-07-03,23643277737.0
Total RWA Value,2026-07-04,23734948325.0
Total RWA Value,2026-07-05,23728507006.0
Total RWA Value,2026-07-06,23763694281.0
Total RWA Value,2026-07-07,22816126738.0
Total RWA Value,2026-07-08,22704840495.0
Total RWA Value,2026-07-09,23586790353.0
Total RWA Value,2026-07-10,23969843131.0
Total RWA Value,2026-07-11,24411837947.0
Total RWA Value,2026-07-12,24391818103.0
Total RWA Value,2026-07-13,24287985265.0
Total RWA Value,2026-07-14,24196119928.0
Total RWA Value,2026-07-15,24314523817.0
Total RWA Value,2026-07-16,23771999206.0
Total RWA Value,2026-07-17,23663926326.0
Total RWA Value,2026-07-18,23587621799.0
Total RWA Value,2026-07-19,23600496823.0
Total RWA Value,2026-07-20,23608919911.0
Total RWA Value,2026-07-21,23617522547.0
Total RWA Value,2026-07-22,23865495871.0
Total RWA Value,2026-07-23,23907941397.0
Total RWA Value,2026-07-24,24811164704.0
Total RWA Value,2026-07-25,24892562906.0
Total RWA Value,2026-07-26,24900316209.0
Total RWA Value,2026-07-27,24968454795.0
Total RWA Value,2026-07-28,24863623689.0
Total RWA Value,2026-07-29,24847833286.0
Total RWA Value,2026-07-30,24872497176.0
Total RWA Value,2026-07-31,25002277495.0
Total RWA Value,2026-08-01,24926405983.0
Total RWA Value,2026-08-02,24716639915.0
Total RWA Value,2026-08-03,24946860503.0
Total RWA Value,2026-08-04,24752355330.0
Total RWA Value,2026-08-05,25068674795.0
Total RWA Value,2026-08-06,25267336518.0
Total RWA Value,2026-08-07,25261554665.0
Total RWA Value,2026-08-08,25554197402.0
Total RWA Value,2026-08-09,25558610063.0
Total RWA Value,2026-08-10,25532369413.0
Total RWA Value,2026-08-11,25645209677.0
Total RWA Value,2026-08-12,25624747421.0
Total RWA Value,2026-08-13,25694269824.0
Total RWA Value,2026-08-14,25655924376.0
Total RWA Value,2026-08-15,25735618670.0
Total RWA Value,2026-08-16,25735732860.0
Total RWA Value,2026-08-17,25760273218.0
Total RWA Value,2026-08-18,25838194535.0
Total RWA Value,2026-08-19,25723419124.0
Total RWA Value,2026-08-20,25981530364.0
Total RWA Value,2026-08-21,25911056535.0
