date,coin,notional_usd
2025-12-31,AAPL,1231551.177095
2025-12-31,AMD,2291304.24975
2025-12-31,AMZN,2451864.4131
2025-12-31,COIN,4754255.52104
2025-12-31,CRCL,3639027.074028
2025-12-31,EUR,962097.6523349999
2025-12-31,GOLD,3497485.47291
2025-12-31,GOOGL,5211931.0287625
2025-12-31,HOOD,2588412.6191950003
2025-12-31,INTC,1561936.0596099996
2025-12-31,JPY,274065.3839
2025-12-31,META,993959.776325
2025-12-31,MSFT,704452.6879225001
2025-12-31,MSTR,1798871.5224074998
2025-12-31,MU,852482.8650600001
2025-12-31,NFLX,574862.23773
2025-12-31,NVDA,8404899.735380001
2025-12-31,ORCL,6025787.55245
2025-12-31,PLTR,3220101.107685
2025-12-31,SILVER,44118096.625687495
2025-12-31,TSLA,13447467.8799
2025-12-31,XYZ100,104583039.6105
2026-01-01,AAPL,206063.218625
2026-01-01,AMD,204702.1002
2026-01-01,AMZN,407603.41381749994
2026-01-01,COIN,637552.37424
2026-01-01,CRCL,46114.46797199999
2026-01-01,EUR,177386.461655
2026-01-01,GOLD,1035745.1081450001
2026-01-01,GOOGL,342270.41399999993
2026-01-01,HOOD,451894.08735000005
2026-01-01,INTC,657069.703775
2026-01-01,JPY,54155.125499999995
2026-01-01,META,240942.20314000003
2026-01-01,MSFT,158885.5495625
2026-01-01,MSTR,119328.27720750001
2026-01-01,MU,9308.582072500001
2026-01-01,NFLX,209505.090615
2026-01-01,NVDA,1287314.678925
2026-01-01,ORCL,68325.6948
2026-01-01,PLTR,641824.98304
2026-01-01,SILVER,4821175.6038
2026-01-01,TSLA,1937554.0404
2026-01-01,XYZ100,36760419.191425
2026-01-02,AAPL,2105965.230395
2026-01-02,AMD,2215044.25604
2026-01-02,AMZN,4744023.744675
2026-01-02,COIN,3926443.52004
2026-01-02,CRCL,1066603.6178279999
2026-01-02,EUR,1026178.7356499999
2026-01-02,GOLD,6419629.09875
2026-01-02,GOOGL,7807472.161440001
2026-01-02,HOOD,3785215.23968
2026-01-02,INTC,2251428.7321400004
2026-01-02,JPY,576633.6917000001
2026-01-02,META,2726627.3288700003
2026-01-02,MSFT,1366409.3464875
2026-01-02,MSTR,5298217.3688925
2026-01-02,MU,582354.77394
2026-01-02,NFLX,491113.59770250006
2026-01-02,NVDA,11791764.029265001
2026-01-02,ORCL,1546087.4719000002
2026-01-02,PLTR,7676463.574825001
2026-01-02,SILVER,30115560.7708225
2026-01-02,TSLA,15005443.04966
2026-01-02,XYZ100,190657852.1616
2026-01-03,AAPL,387738.67907250003
2026-01-03,AMD,373643.0712
2026-01-03,AMZN,6370620.441965001
2026-01-03,COIN,250329.37347000002
2026-01-03,CRCL,633724.191478
2026-01-03,EUR,336626.34948
2026-01-03,GOLD,2136194.5355625
2026-01-03,GOOGL,1309637.1933749998
2026-01-03,HOOD,294622.54360000003
2026-01-03,INTC,2048841.6446899998
2026-01-03,JPY,495555.6415
2026-01-03,META,3524737.3545999997
2026-01-03,MSFT,313109.97731499997
2026-01-03,MSTR,113497.2312675
2026-01-03,MU,185126.12255500004
2026-01-03,NFLX,38901.4711085
2026-01-03,NVDA,1485539.22177
2026-01-03,ORCL,1294247.3925949999
2026-01-03,PLTR,550789.9893675001
2026-01-03,SILVER,5914159.0172875
2026-01-03,TSLA,1525836.1302999998
2026-01-03,XYZ100,37582228.919625
2026-01-04,AAPL,90630.45068
2026-01-04,AMD,634383.625725
2026-01-04,AMZN,803716.8617100001
2026-01-04,COIN,476876.35744
2026-01-04,CRCL,130726.31644800001
2026-01-04,EUR,760796.4152650001
2026-01-04,GOLD,2594205.2912999997
2026-01-04,GOOGL,961304.8303
2026-01-04,HOOD,283281.0598
2026-01-04,INTC,327393.30525
2026-01-04,JPY,1018068.62715
2026-01-04,META,513408.31844
2026-01-04,MSFT,123542.49917999998
2026-01-04,MSTR,2146181.95539
2026-01-04,MU,7408.471915000001
2026-01-04,NFLX,96360.09185699999
2026-01-04,NVDA,1233594.5117650002
2026-01-04,ORCL,87404.792895
2026-01-04,PLTR,3004492.32553
2026-01-04,SILVER,5439462.962499999
2026-01-04,TSLA,1935348.426375
2026-01-04,XYZ100,37554907.1041
2026-01-05,AAPL,1448357.3103600002
2026-01-05,AMD,2647447.6696200003
2026-01-05,AMZN,6170446.1799800005
2026-01-05,COIN,6808070.59
2026-01-05,CRCL,999225.2158289999
2026-01-05,EUR,1258999.916275
2026-01-05,GOLD,11016327.378099998
2026-01-05,GOOGL,7961088.294749999
2026-01-05,HOOD,9285054.603120001
2026-01-05,INTC,1519935.336045
2026-01-05,JPY,232460.10315
2026-01-05,META,3559298.7383925
2026-01-05,MSFT,1311762.5274599998
2026-01-05,MSTR,9158030.337495
2026-01-05,MU,609386.4315
2026-01-05,NFLX,731412.7015455
2026-01-05,NVDA,9428632.8813225
2026-01-05,ORCL,3089420.66664
2026-01-05,PLTR,9780769.016575
2026-01-05,SILVER,25482309.343122497
2026-01-05,TSLA,12134220.41402
2026-01-05,XYZ100,175939518.99754998
2026-01-06,AAPL,1621402.3915875
2026-01-06,AMD,2187557.846145
2026-01-06,AMZN,7003727.695660001
2026-01-06,CL,635454.677205
2026-01-06,COIN,4032956.599050001
2026-01-06,CRCL,613476.43126
2026-01-06,EUR,1428722.01515
2026-01-06,GOLD,16810387.8073375
2026-01-06,GOOGL,11261089.917120002
2026-01-06,HOOD,2674535.7407475
2026-01-06,INTC,1757777.67825
2026-01-06,JPY,784113.5561999999
2026-01-06,META,1539425.6499349999
2026-01-06,MSFT,1262202.84176
2026-01-06,MSTR,10610740.832124999
2026-01-06,MU,1082836.6388400001
2026-01-06,NFLX,438815.402181
2026-01-06,NVDA,9826584.591570001
2026-01-06,ORCL,1117186.8233349998
2026-01-06,PLTR,2533954.40838
2026-01-06,SILVER,49556798.6106775
2026-01-06,TSLA,14408926.7767025
2026-01-06,XYZ100,149500149.016925
2026-01-07,AAPL,1457644.008005
2026-01-07,AMD,2906501.723295
2026-01-07,AMZN,3083989.4954000004
2026-01-07,CL,746359.83674925
2026-01-07,COIN,3997319.42088
2026-01-07,CRCL,648094.55925
2026-01-07,EUR,1248267.98795
2026-01-07,GOLD,7830899.33904
2026-01-07,GOOGL,8825820.05526
2026-01-07,HOOD,6254476.531994999
2026-01-07,INTC,4949882.207985001
2026-01-07,JPY,2394408.7238999996
2026-01-07,META,1982990.6509200002
2026-01-07,MSFT,1186098.1955750003
2026-01-07,MSTR,13449269.3781
2026-01-07,MU,1836450.9227175002
2026-01-07,NFLX,393882.8583690001
2026-01-07,NVDA,12000017.964170001
2026-01-07,ORCL,1082232.8236975002
2026-01-07,PLTR,6811401.511775
2026-01-07,SILVER,57714114.55211499
2026-01-07,TSLA,8919424.99134
2026-01-07,XYZ100,151578242.42090002
2026-01-08,AAPL,2052280.8401325003
2026-01-08,AMD,5109780.974549999
2026-01-08,AMZN,6180350.201874999
2026-01-08,CL,1123125.7413285
2026-01-08,COIN,10124880.3491625
2026-01-08,CRCL,2604818.9893600005
2026-01-08,EUR,1166371.8668824998
2026-01-08,GOLD,6569365.296925
2026-01-08,GOOGL,12525175.958250001
2026-01-08,HOOD,11367846.3061275
2026-01-08,INTC,6910343.6163375005
2026-01-08,JPY,1311378.978
2026-01-08,META,3031316.5388825
2026-01-08,MSFT,1497251.990175
2026-01-08,MSTR,12605195.2901175
2026-01-08,MU,2494676.34801
2026-01-08,NFLX,1344649.0375629999
2026-01-08,NVDA,17657375.974255
2026-01-08,ORCL,2744745.9740999998
2026-01-08,PLTR,9265611.802762501
2026-01-08,SILVER,35905845.21505
2026-01-08,TSLA,16282637.086327503
2026-01-08,XYZ100,211687002.2727
2026-01-09,AAPL,1302050.3880450001
2026-01-09,AMD,1153521.79935
2026-01-09,AMZN,2830258.45448
2026-01-09,CL,1762632.5306087497
2026-01-09,COIN,2157631.084125
2026-01-09,CRCL,859815.837292
2026-01-09,EUR,1302968.0599175
2026-01-09,GOLD,4420412.08056
2026-01-09,GOOGL,4798831.305362499
2026-01-09,HOOD,3112142.8625100004
2026-01-09,INTC,5279409.242129999
2026-01-09,JPY,871874.7564000001
2026-01-09,META,1422677.5605000001
2026-01-09,MSFT,1247378.43672
2026-01-09,MSTR,8846197.43945
2026-01-09,MU,1256120.48139
2026-01-09,NFLX,720387.87359
2026-01-09,NVDA,7510742.949712501
2026-01-09,ORCL,1517445.1826000002
2026-01-09,PLTR,2536474.27486
2026-01-09,SILVER,39015197.462115
2026-01-09,TSLA,12618220.6030125
2026-01-09,XYZ100,179036548.39935
2026-01-10,AAPL,66345.59057
2026-01-10,AMD,114566.38583
2026-01-10,AMZN,730226.17011
2026-01-10,CL,267244.07627925003
2026-01-10,COIN,247127.765785
2026-01-10,CRCL,19620.879977499997
2026-01-10,EUR,236311.558545
2026-01-10,GOLD,5107555.956510001
2026-01-10,GOOGL,1188204.467625
2026-01-10,HOOD,462976.12341500004
2026-01-10,INTC,4260696.0596875
2026-01-10,JPY,184712.00247500002
2026-01-10,META,68389.6783825
2026-01-10,MSFT,32530.54911
2026-01-10,MSTR,754152.5003
2026-01-10,MU,240596.7439275
2026-01-10,NFLX,29700.79094475
2026-01-10,NVDA,1239682.5739
2026-01-10,ORCL,804588.769315
2026-01-10,PLTR,176680.87395
2026-01-10,SILVER,10597865.651144998
2026-01-10,TSLA,1098701.322655
2026-01-10,XYZ100,38462383.8588
2026-01-11,AAPL,257606.49682250002
2026-01-11,AMD,96196.78080000001
2026-01-11,AMZN,1576720.8612250001
2026-01-11,CL,664966.6373075
2026-01-11,COIN,6303118.3542599995
2026-01-11,CRCL,536052.65383
2026-01-11,EUR,23771475.946399998
2026-01-11,GOLD,3879847.181205
2026-01-11,GOOGL,694235.8325474999
2026-01-11,HOOD,91575.6023325
2026-01-11,INTC,533456.45274
2026-01-11,JPY,48446266.20075001
2026-01-11,META,61922.05541250001
2026-01-11,MSFT,72854.9262
2026-01-11,MSTR,918764.9900975
2026-01-11,MU,37883.6546125
2026-01-11,NFLX,798796.0492720001
2026-01-11,NVDA,2412212.7693000003
2026-01-11,ORCL,58656.1913575
2026-01-11,PLTR,193439.08545
2026-01-11,SILVER,7638558.296320001
2026-01-11,TSLA,741387.987735
2026-01-11,XYZ100,49915767.7194
2026-01-12,AAPL,3361096.6211950006
2026-01-12,AMD,2830925.374765
2026-01-12,AMZN,7470452.756407499
2026-01-12,CL,1625838.114952
2026-01-12,COIN,4492587.386157501
2026-01-12,CRCL,1271749.768884
2026-01-12,EUR,2578044.6135925003
2026-01-12,GOLD,27088279.374117497
2026-01-12,GOOGL,9677141.23623
2026-01-12,HOOD,5388431.351572501
2026-01-12,INTC,11376287.5212
2026-01-12,JPY,6216394.137875
2026-01-12,META,2028940.4332800002
2026-01-12,MSFT,1066815.19116
2026-01-12,MSTR,8164056.570302499
2026-01-12,MU,1540460.6502925002
2026-01-12,NFLX,803060.168132
2026-01-12,NVDA,7422408.03645
2026-01-12,ORCL,2720622.78343
2026-01-12,PLTR,4607008.33923
2026-01-12,SILVER,70880523.11219999
2026-01-12,SNDK,622355.1132400001
2026-01-12,TSLA,14752051.77556
2026-01-12,XYZ100,170862393.0975
2026-01-13,AAPL,1768523.0039600001
2026-01-13,AMD,3659391.2969800006
2026-01-13,AMZN,8990476.132809998
2026-01-13,CL,1650956.512095
2026-01-13,COIN,4904283.519
2026-01-13,CRCL,5601099.8943374995
2026-01-13,EUR,1002423.3576500001
2026-01-13,GOLD,12454565.230529997
2026-01-13,GOOGL,9370984.867800001
2026-01-13,HOOD,12329895.673980001
2026-01-13,INTC,6018921.524560001
2026-01-13,JPY,3347848.7633999996
2026-01-13,META,3300647.276395
2026-01-13,MSFT,1848922.63311
2026-01-13,MSTR,11655213.72312
2026-01-13,MU,3260202.95358
2026-01-13,NFLX,2213835.2318005003
2026-01-13,NVDA,9929210.31697
2026-01-13,ORCL,5813685.414
2026-01-13,PLTR,9084329.6407425
2026-01-13,SILVER,111203009.46291
2026-01-13,SNDK,3096676.532125
2026-01-13,TSLA,21595706.195630003
2026-01-13,XYZ100,191963401.2804
2026-01-14,AAPL,1311079.7081925003
2026-01-14,AMD,3626824.5830300003
2026-01-14,AMZN,4871104.4192
2026-01-14,CL,2086691.1975882498
2026-01-14,COIN,7720599.8051875
2026-01-14,COPPER,1632215.6852595
2026-01-14,CRCL,4118481.4336929996
2026-01-14,EUR,879797.5874875
2026-01-14,GOLD,18817038.459614996
2026-01-14,GOOGL,8690081.386
2026-01-14,HOOD,6517467.499455
2026-01-14,INTC,10486278.187035
2026-01-14,JPY,2023491.2395749998
2026-01-14,META,2667816.8793
2026-01-14,MSFT,2059661.3077574999
2026-01-14,MSTR,19730614.8045325
2026-01-14,MU,3112053.4612575006
2026-01-14,NFLX,1203499.381152
2026-01-14,NVDA,9929567.074537499
2026-01-14,ORCL,3595544.95875
2026-01-14,PLTR,7884726.542904999
2026-01-14,RIVN,182894.59552
2026-01-14,SILVER,156732720.88455
2026-01-14,SNDK,751889.222175
2026-01-14,TSLA,18173430.01335
2026-01-14,XYZ100,288952125.23925
2026-01-15,AAPL,1512982.41561
2026-01-15,AMD,4771488.93701
2026-01-15,AMZN,3899206.1350800004
2026-01-15,BABA,364152.75792500004
2026-01-15,CL,1645856.6939842498
2026-01-15,COIN,7446846.41006
2026-01-15,COPPER,3158906.0475615
2026-01-15,CRCL,3481053.188364
2026-01-15,EUR,2390176.916385
2026-01-15,GOLD,17832201.69185
2026-01-15,GOOGL,6970435.720845001
2026-01-15,HOOD,15479025.148325
2026-01-15,INTC,8290362.376100001
2026-01-15,JPY,1336821.7848000003
2026-01-15,META,6948070.352460002
2026-01-15,MSFT,2442475.08738
2026-01-15,MSTR,14841176.647680003
2026-01-15,MU,3312348.6781124994
2026-01-15,NFLX,732482.8222005
2026-01-15,NVDA,9200851.97198
2026-01-15,ORCL,1333404.99565
2026-01-15,PLTR,5210858.508742499
2026-01-15,RIVN,345666.71628
2026-01-15,SILVER,209040875.40733
2026-01-15,SNDK,2661988.1492850003
2026-01-15,TSLA,9245731.75127
2026-01-15,XYZ100,287028444.0655
2026-01-16,AAPL,1602603.3168
2026-01-16,AMD,4028992.4969999995
2026-01-16,AMZN,3166161.9579000003
2026-01-16,BABA,957296.0014500002
2026-01-16,CL,920925.2032737499
2026-01-16,COIN,3297298.642305
2026-01-16,COPPER,11592479.496279499
2026-01-16,CRCL,2531202.538176
2026-01-16,EUR,1969737.0886474997
2026-01-16,GOLD,26237286.633825
2026-01-16,GOOGL,7612633.7238
2026-01-16,HOOD,6130432.3856999995
2026-01-16,INTC,7742614.30494
2026-01-16,JPY,1640295.1179999998
2026-01-16,META,3540371.8879
2026-01-16,MSFT,2320957.514205
2026-01-16,MSTR,7844082.791580001
2026-01-16,MU,4049853.804425
2026-01-16,NFLX,475355.6729092501
2026-01-16,NVDA,9619951.62186
2026-01-16,ORCL,2520752.8815
2026-01-16,PLTR,13796324.29686
2026-01-16,RIVN,231027.585145
2026-01-16,SILVER,140346717.603885
2026-01-16,SNDK,1596067.0564925
2026-01-16,TSLA,8510387.65432
2026-01-16,XYZ100,196709392.173
2026-01-17,AAPL,1187996.02272
2026-01-17,AMD,124868.66369999999
2026-01-17,AMZN,4583432.329125
2026-01-17,BABA,223440.23550750004
2026-01-17,CL,242719.348951
2026-01-17,COIN,592267.1904999999
2026-01-17,COPPER,1879609.979997
2026-01-17,CRCL,147414.01673225
2026-01-17,EUR,1576158.6959275003
2026-01-17,GOLD,1937052.821
2026-01-17,GOOGL,1548840.3188399998
2026-01-17,HOOD,215643.93597
2026-01-17,INTC,488982.63194999995
2026-01-17,JPY,625066.53105
2026-01-17,META,313945.9787975
2026-01-17,MSFT,141004.11328000002
2026-01-17,MSTR,322855.49465999997
2026-01-17,MU,795144.6716100001
2026-01-17,NFLX,23886.5901615
2026-01-17,NVDA,1050677.51063
2026-01-17,ORCL,1524221.4075375001
2026-01-17,PLTR,162271.08078999998
2026-01-17,RIVN,36828.2616
2026-01-17,SILVER,8984280.6181375
2026-01-17,SNDK,112303.92502
2026-01-17,TSLA,1132393.72277
2026-01-17,XYZ100,119290033.2798
2026-01-18,AAPL,290968.97952
2026-01-18,AMD,268774.2366
2026-01-18,AMZN,739485.973985
2026-01-18,BABA,140324.6423475
2026-01-18,CL,213645.84697575
2026-01-18,COIN,545382.853225
2026-01-18,COPPER,2356207.6374290003
2026-01-18,CRCL,141497.66125099998
2026-01-18,EUR,1623957.5368099997
2026-01-18,GOLD,10186005.841399997
2026-01-18,GOOGL,1201528.8380375
2026-01-18,HOOD,245571.227095
2026-01-18,INTC,224235.92967
2026-01-18,JPY,1125247.88175
2026-01-18,META,81088.2509675
2026-01-18,MSFT,110407.04757
2026-01-18,MSTR,1093717.27868
2026-01-18,MU,364551.23760000005
2026-01-18,NFLX,108960.82342425
2026-01-18,NVDA,1119522.09831
2026-01-18,ORCL,86789.40075
2026-01-18,PLTR,415484.58406
2026-01-18,RIVN,31250.984030000003
2026-01-18,SILVER,40857169.463640004
2026-01-18,SNDK,98797.34861249999
2026-01-18,TSLA,1479786.16824
2026-01-18,XYZ100,83048940.01625
2026-01-19,AAPL,2357017.9725075
2026-01-19,AMD,462377.64881999994
2026-01-19,AMZN,1943700.494225
2026-01-19,BABA,367570.31328
2026-01-19,CL,1001762.5921599999
2026-01-19,COIN,2861760.4161300003
2026-01-19,COPPER,19239087.8676645
2026-01-19,CRCL,973444.36339275
2026-01-19,EUR,1606506.86425
2026-01-19,GOLD,15111859.362049999
2026-01-19,GOOGL,2421196.426625
2026-01-19,HOOD,3190827.1334275003
2026-01-19,INTC,2112310.4177874997
2026-01-19,JPY,1697310.3925750002
2026-01-19,META,1398462.78435
2026-01-19,MSFT,874155.036535
2026-01-19,MSTR,3675406.0722075
2026-01-19,MU,1405064.26501
2026-01-19,NFLX,538201.9289749999
2026-01-19,NVDA,7130994.263249998
2026-01-19,ORCL,2635301.67057
2026-01-19,PLTR,1723611.86318
2026-01-19,RIVN,38057.512615
2026-01-19,SILVER,93249295.3605525
2026-01-19,SNDK,285614.28509250004
2026-01-19,TSLA,5728068.11437
2026-01-19,XYZ100,169581584.90475
2026-01-20,AAPL,6116091.03675
2026-01-20,AMD,3517392.2670600004
2026-01-20,AMZN,8243173.8146925
2026-01-20,BABA,610678.89441
2026-01-20,CL,918709.0289927499
2026-01-20,COIN,6128335.705965
2026-01-20,COPPER,25331326.9025775
2026-01-20,CRCL,3882853.537875
2026-01-20,EUR,2899851.0691150003
2026-01-20,GOLD,27569257.122820005
2026-01-20,GOOGL,15633266.933392499
2026-01-20,HOOD,18748687.1617125
2026-01-20,INTC,17983316.399977498
2026-01-20,JPY,3396764.140625
2026-01-20,META,5052989.81208
2026-01-20,MSFT,1779773.00709
2026-01-20,MSTR,9817451.28822
2026-01-20,MU,4968753.7703925
2026-01-20,NFLX,8385330.410384
2026-01-20,NVDA,17494996.761549998
2026-01-20,ORCL,7396046.7077250015
2026-01-20,PLTR,12390796.91745
2026-01-20,RIVN,387661.6115899999
2026-01-20,SILVER,146364797.0125125
2026-01-20,SNDK,3799272.8274375
2026-01-20,TSLA,19957316.713687498
2026-01-20,XYZ100,291796525.65595
2026-01-21,AAPL,2584773.316825
2026-01-21,AMD,5011055.740575
2026-01-21,AMZN,3991751.260302501
2026-01-21,BABA,612722.5098749999
2026-01-21,CL,1918287.97462525
2026-01-21,COIN,4764508.07441
2026-01-21,COPPER,19857025.311107747
2026-01-21,CRCL,3523775.46904
2026-01-21,EUR,2598074.92515
2026-01-21,GOLD,90295496.80125001
2026-01-21,GOOGL,20039822.208315
2026-01-21,HOOD,14471269.443869997
2026-01-21,INTC,32041053.64382
2026-01-21,JPY,2032713.4974999998
2026-01-21,META,3827908.521255
2026-01-21,MSFT,1643968.1675
2026-01-21,MSTR,6973326.396612501
2026-01-21,MU,11842077.546
2026-01-21,NATGAS,404849.0103
2026-01-21,NFLX,8836867.7278425
2026-01-21,NVDA,19010461.352925
2026-01-21,ORCL,4286658.1421024995
2026-01-21,PLTR,10632594.562469998
2026-01-21,RIVN,994996.4185499998
2026-01-21,SILVER,204769132.78576502
2026-01-21,SNDK,3064389.3702450003
2026-01-21,TSLA,21324923.927812498
2026-01-21,XYZ100,340811115.1238
2026-01-22,AAPL,3319841.03598
2026-01-22,AMD,8224154.8378725005
2026-01-22,AMZN,5100981.27094
2026-01-22,BABA,3254242.677605
2026-01-22,CL,1783284.2171412501
2026-01-22,COIN,11067501.0056
2026-01-22,COPPER,6705608.98197
2026-01-22,CRCL,1564711.998603
2026-01-22,EUR,2107819.7924349997
2026-01-22,GOLD,56359572.76746001
2026-01-22,GOOGL,9856714.7289525
2026-01-22,HOOD,19086402.399
2026-01-22,INTC,35390168.515775
2026-01-22,JPY,2323431.184275
2026-01-22,META,9499129.459205002
2026-01-22,MSFT,4309050.02744
2026-01-22,MSTR,7450448.92857
2026-01-22,MU,9857101.97843
2026-01-22,NATGAS,12411704.18608
2026-01-22,NFLX,4767940.04756925
2026-01-22,NVDA,21290306.94
2026-01-22,ORCL,4747918.39
2026-01-22,PLTR,8269095.49971
2026-01-22,RIVN,934133.1697424998
2026-01-22,SILVER,156192845.42984748
2026-01-22,SNDK,4102492.4621100007
2026-01-22,TSLA,22922672.2025
2026-01-22,XYZ100,384771037.064
2026-01-23,AAPL,1559591.9141850001
2026-01-23,AMD,5974928.618555
2026-01-23,AMZN,3934153.8873725003
2026-01-23,BABA,1389175.6382925
2026-01-23,CL,3713269.7600350003
2026-01-23,COIN,13728559.807525
2026-01-23,COPPER,28363839.4737075
2026-01-23,CRCL,1914054.6978719998
2026-01-23,EUR,3435762.3567749998
2026-01-23,GOLD,65710667.466625
2026-01-23,GOOGL,6027854.194687501
2026-01-23,HOOD,12542168.278732501
2026-01-23,INTC,23855253.848559998
2026-01-23,JPY,4471407.7184999995
2026-01-23,META,4679625.977812499
2026-01-23,MSFT,2024070.5909100003
2026-01-23,MSTR,3816419.0087250005
2026-01-23,MU,6812083.13048
2026-01-23,NATGAS,4723276.11108
2026-01-23,NFLX,2147371.9128875
2026-01-23,NVDA,21948864.84447
2026-01-23,ORCL,1722986.2835624998
2026-01-23,PLTR,2529629.63736
2026-01-23,RIVN,701627.3011200002
2026-01-23,SILVER,276591187.1107001
2026-01-23,SNDK,10274731.413925
2026-01-23,TSLA,17123364.78685
2026-01-23,XYZ100,211299884.35744998
2026-01-24,AAPL,60838.3170675
2026-01-24,AMD,118486.00127
2026-01-24,AMZN,121871.352015
2026-01-24,BABA,325423.4798325
2026-01-24,CL,956284.2999359999
2026-01-24,COIN,259804.22037999998
2026-01-24,COPPER,14034916.348824
2026-01-24,CRCL,148798.85242625
2026-01-24,EUR,811621.071415
2026-01-24,GOLD,16870005.1089
2026-01-24,GOOGL,293372.83152
2026-01-24,HOOD,289752.36331999995
2026-01-24,INTC,1153058.9031975
2026-01-24,JPY,1160731.121
2026-01-24,META,196066.68312
2026-01-24,MSFT,153457.6547175
2026-01-24,MSTR,113164.797465
2026-01-24,MU,341112.7622
2026-01-24,NATGAS,7637587.2304875
2026-01-24,NFLX,143808.40184025
2026-01-24,NVDA,873818.0592049999
2026-01-24,ORCL,53169.36302999999
2026-01-24,PLTR,50481.917069999996
2026-01-24,RIVN,21094.6252275
2026-01-24,SILVER,55710317.2855
2026-01-24,SNDK,81551.23685999999
2026-01-24,TSLA,894729.38204
2026-01-24,XYZ100,50548844.378375
2026-01-25,AAPL,1438129.090645
2026-01-25,AMD,183289.93814999997
2026-01-25,AMZN,1273043.41093
2026-01-25,BABA,118300.155775
2026-01-25,CL,2947429.725552
2026-01-25,COIN,616104.4355
2026-01-25,COPPER,28537721.903923
2026-01-25,CRCL,318410.66615049995
2026-01-25,EUR,20137080.014379997
2026-01-25,GOLD,36266669.81221499
2026-01-25,GOOGL,1443118.39888
2026-01-25,HOOD,859341.4872225
2026-01-25,INTC,2084585.7923100002
2026-01-25,JPY,39176569.753475
2026-01-25,META,983560.4059200002
2026-01-25,MSFT,749459.5666875
2026-01-25,MSTR,1348229.0374999999
2026-01-25,MU,1255870.2235625002
2026-01-25,NATGAS,6870202.1674649995
2026-01-25,NFLX,1507178.77257375
2026-01-25,NVDA,4848333.381165
2026-01-25,ORCL,486808.468155
2026-01-25,PLTR,954904.29715
2026-01-25,RIVN,157010.435765
2026-01-25,SILVER,100583661.14275
2026-01-25,SNDK,696729.38024
2026-01-25,TSLA,3005497.2029399998
2026-01-25,XYZ100,83415004.4328
2026-01-26,AAPL,4187371.3812000006
2026-01-26,AMD,2969127.1748125
2026-01-26,AMZN,4400166.564235
2026-01-26,BABA,1205448.5854475002
2026-01-26,CL,3041547.38931375
2026-01-26,COIN,12186468.468080001
2026-01-26,COPPER,82856972.611875
2026-01-26,CRCL,3026129.52601725
2026-01-26,EUR,3242747.088625
2026-01-26,GOLD,128624497.740845
2026-01-26,GOOGL,6917372.5611000005
2026-01-26,HOOD,18011504.713949997
2026-01-26,INTC,12238324.98728
2026-01-26,JPY,7630178.814700001
2026-01-26,META,4120762.7290374995
2026-01-26,MSFT,2567085.1377
2026-01-26,MSTR,5438707.473262501
2026-01-26,MU,5364438.3048
2026-01-26,NATGAS,13798347.24384
2026-01-26,NFLX,3100866.2170100003
2026-01-26,NVDA,13797757.0777375
2026-01-26,ORCL,2291026.35998
2026-01-26,PLTR,5831422.7908
2026-01-26,RIVN,535479.0373
2026-01-26,SILVER,915402322.9874499
2026-01-26,SNDK,4596984.52265
2026-01-26,TSLA,12706756.094864998
2026-01-26,USAR,546005.92743
2026-01-26,XYZ100,221195837.44927502
2026-01-27,AAPL,3536204.7391949994
2026-01-27,AMD,1797492.83037
2026-01-27,AMZN,3866823.141525
2026-01-27,BABA,1053840.294635
2026-01-27,CL,2759961.1437615003
2026-01-27,COIN,3549438.1834600004
2026-01-27,COPPER,30234792.751665
2026-01-27,CRCL,3997078.593534
2026-01-27,CRWV,1046748.1177999999
2026-01-27,EUR,8003115.895312499
2026-01-27,GOLD,109511413.09507501
2026-01-27,GOOGL,8984173.324312499
2026-01-27,HOOD,15391381.935832499
2026-01-27,INTC,8736854.65985
2026-01-27,JPY,4119436.7499500006
2026-01-27,META,2451687.2361699995
2026-01-27,MSFT,1978572.853075
2026-01-27,MSTR,5972182.97025
2026-01-27,MU,11265848.049495002
2026-01-27,NATGAS,8543105.063264998
2026-01-27,NFLX,2492867.58863175
2026-01-27,NVDA,13682263.069557501
2026-01-27,ORCL,2132567.9742525006
2026-01-27,PLATINUM,1510164.57425
2026-01-27,PLTR,4190581.3395875
2026-01-27,RIVN,639877.4282150001
2026-01-27,SILVER,1111802036.972
2026-01-27,SNDK,7446914.9802775
2026-01-27,TSLA,12348603.598297501
2026-01-27,USAR,626706.2139999999
2026-01-27,XYZ100,195855302.7145
2026-01-28,AAPL,3212099.2794375005
2026-01-28,AMD,3204876.85826
2026-01-28,AMZN,6499413.434804999
2026-01-28,BABA,1019677.4470574999
2026-01-28,CL,10818863.984423
2026-01-28,COIN,6025136.7047525
2026-01-28,COPPER,38147003.1658005
2026-01-28,CRCL,7189513.526817
2026-01-28,CRWV,787605.8751
2026-01-28,EUR,5965810.493775
2026-01-28,GOLD,255844014.49368
2026-01-28,GOOGL,8685994.8287175
2026-01-28,HOOD,6838152.8599875
2026-01-28,INTC,13125926.14811
2026-01-28,JPY,6902132.997250001
2026-01-28,META,14401161.4971475
2026-01-28,MSFT,8331951.636450001
2026-01-28,MSTR,3102618.9595
2026-01-28,MU,14527652.34393
2026-01-28,NATGAS,6615773.14692
2026-01-28,NFLX,821280.0595855002
2026-01-28,NVDA,21814520.852799997
2026-01-28,ORCL,4991689.1435125
2026-01-28,PLATINUM,8847023.4338625
2026-01-28,PLTR,4339841.3679599995
2026-01-28,RIVN,873917.44518
2026-01-28,SILVER,1170868382.7389998
2026-01-28,SNDK,6518294.955519999
2026-01-28,TSLA,23061950.408340003
2026-01-28,USAR,1015761.8252850001
2026-01-28,XYZ100,297391009.48282504
2026-01-29,AAPL,9162049.248530002
2026-01-29,AMD,3414531.59532
2026-01-29,AMZN,6892381.9300175
2026-01-29,BABA,1177925.1567300002
2026-01-29,CL,16184852.206781251
2026-01-29,COIN,7662925.983404999
2026-01-29,COPPER,300243124.975721
2026-01-29,CRCL,4665430.99881375
2026-01-29,CRWV,507411.4014999999
2026-01-29,EUR,5707501.640925
2026-01-29,GOLD,524553470.03400004
2026-01-29,GOOGL,13756350.5268525
2026-01-29,HOOD,8276907.776652
2026-01-29,INTC,10037245.018709999
2026-01-29,JPY,2973341.130125
2026-01-29,META,12320992.480089996
2026-01-29,MSFT,9549117.48495
2026-01-29,MSTR,5509912.354874999
2026-01-29,MU,9720292.215765
2026-01-29,NATGAS,9151250.054962499
2026-01-29,NFLX,1538530.712455
2026-01-29,NVDA,22031417.371075
2026-01-29,ORCL,4250825.8231
2026-01-29,PLATINUM,18075777.94592
2026-01-29,PLTR,13273967.134319998
2026-01-29,RIVN,1308462.2804
2026-01-29,SILVER,1508231198.25495
2026-01-29,SNDK,9568175.064524997
2026-01-29,TSLA,46617921.30840249
2026-01-29,URNM,1169729.0064825
2026-01-29,USAR,745120.331865
2026-01-29,XYZ100,318969147.8521
2026-01-30,AAPL,6194854.712104999
2026-01-30,AMD,4987533.9711925
2026-01-30,AMZN,5373760.172874999
2026-01-30,BABA,470338.33487499994
2026-01-30,CL,13666709.453425001
2026-01-30,COIN,6467881.595565001
2026-01-30,COPPER,264550430.7562187
2026-01-30,CRCL,4247684.3326125
2026-01-30,CRWV,317834.87351249997
2026-01-30,EUR,5037928.5761750005
2026-01-30,GOLD,661860214.918645
2026-01-30,GOOGL,10557193.620119998
2026-01-30,HOOD,30520649.44920125
2026-01-30,INTC,8495534.216295
2026-01-30,JPY,3775237.794
2026-01-30,META,5337863.18459
2026-01-30,MSFT,4481031.17601
2026-01-30,MSTR,9002318.4405
2026-01-30,MU,12364102.683075001
2026-01-30,NATGAS,4767211.8767
2026-01-30,NFLX,701248.588272
2026-01-30,NVDA,24267019.4505225
2026-01-30,ORCL,1761447.1223674996
2026-01-30,PLATINUM,13067178.979229998
2026-01-30,PLTR,4104548.0789125003
2026-01-30,RIVN,2617284.18982
2026-01-30,SILVER,2975958915.8878803
2026-01-30,SNDK,23692274.029980004
2026-01-30,TSLA,26381929.0022575
2026-01-30,URNM,1757309.5085174998
2026-01-30,USAR,984092.9148800002
2026-01-30,XYZ100,318727196.40569997
2026-01-31,AAPL,481192.3531800001
2026-01-31,AMD,473706.46257000003
2026-01-31,AMZN,1617443.1378
2026-01-31,BABA,1911554.6014375002
2026-01-31,CL,1407407.5653375
2026-01-31,COIN,2721042.64194
2026-01-31,COPPER,24597401.470824
2026-01-31,CRCL,821981.159076
2026-01-31,CRWV,27125.645625
2026-01-31,EUR,994604.1868350001
2026-01-31,GOLD,66548572.27380001
2026-01-31,GOOGL,2843026.66215
2026-01-31,HOOD,622145.91407925
2026-01-31,INTC,2211760.4612049996
2026-01-31,JPY,1208008.11075
2026-01-31,META,1549817.8886400003
2026-01-31,MSFT,756863.2450400001
2026-01-31,MSTR,5830890.329775
2026-01-31,MU,2282260.8408875
2026-01-31,NATGAS,538731.73714
2026-01-31,NFLX,70698.439929
2026-01-31,NVDA,3334631.233350001
2026-01-31,ORCL,263997.51535249996
2026-01-31,PLATINUM,690163.8004725002
2026-01-31,PLTR,1071598.1945500001
2026-01-31,RIVN,97689.5746875
2026-01-31,SILVER,153548163.12405
2026-01-31,SNDK,816962.0896800001
2026-01-31,TSLA,3631540.4404824995
2026-01-31,URNM,58957.14158999999
2026-01-31,USAR,59994.74465999999
2026-01-31,XYZ100,73373953.76055
2026-02-01,AAPL,379646.32551999995
2026-02-01,AMD,455523.8355
2026-02-01,AMZN,897275.043625
2026-02-01,BABA,154752.08565
2026-02-01,CL,5059148.12246325
2026-02-01,COIN,2802672.0325375
2026-02-01,COPPER,19128119.13507075
2026-02-01,CRCL,611090.9466415001
2026-02-01,CRWV,1366.8534900000002
2026-02-01,EUR,999984.0544249999
2026-02-01,GOLD,87591790.97823001
2026-02-01,GOOGL,1242186.0434425
2026-02-01,HOOD,1021107.4813215
2026-02-01,INTC,528803.468355
2026-02-01,JPY,1890144.6709500002
2026-02-01,META,504665.0385700001
2026-02-01,MSFT,714380.2244874999
2026-02-01,MSTR,6242190.209604999
2026-02-01,MU,631142.1663749999
2026-02-01,NATGAS,775088.8038600001
2026-02-01,NFLX,37624.03425
2026-02-01,NVDA,2237166.0370625
2026-02-01,ORCL,247463.543025
2026-02-01,PLATINUM,821696.51249
2026-02-01,PLTR,850594.7128674998
2026-02-01,RIVN,15217.201422499998
2026-02-01,SILVER,224759949.963705
2026-02-01,SNDK,465725.44815750007
2026-02-01,TSLA,3162945.8488275
2026-02-01,URNM,30800.133280000005
2026-02-01,USAR,55868.10943499999
2026-02-01,XYZ100,68376914.61125
2026-02-02,AAPL,6413567.181000001
2026-02-02,AMD,6826015.9275
2026-02-02,AMZN,5192998.7669675
2026-02-02,BABA,1772865.6345150003
2026-02-02,CL,8651504.2390425
2026-02-02,COIN,9644756.510239998
2026-02-02,COPPER,100570640.38616402
2026-02-02,CRCL,5148394.486026499
2026-02-02,CRWV,278808.01716000005
2026-02-02,EUR,5229802.9207
2026-02-02,GOLD,484439224.344315
2026-02-02,GOOGL,13847528.5245
2026-02-02,HOOD,28398044.767191008
2026-02-02,INTC,10820583.361890001
2026-02-02,JPY,2176856.2383
2026-02-02,META,5980278.023812501
2026-02-02,MSFT,2555030.1371649997
2026-02-02,MSTR,27829152.598995
2026-02-02,MU,16249501.415520003
2026-02-02,NATGAS,17411447.627305
2026-02-02,NFLX,1548237.7337927502
2026-02-02,NVDA,21411038.452635
2026-02-02,ORCL,8727024.99865
2026-02-02,PLATINUM,10580811.754975
2026-02-02,PLTR,30833759.6909225
2026-02-02,RIVN,1289078.851825
2026-02-02,SILVER,1711047563.0276003
2026-02-02,SNDK,19196184.700485
2026-02-02,TSLA,23673236.730635
2026-02-02,URNM,502532.01319500007
2026-02-02,USAR,680329.697325
2026-02-02,XYZ100,351905818.907425
2026-02-03,AAPL,3790958.54329
2026-02-03,AMD,10198352.5738425
2026-02-03,AMZN,5031719.3385
2026-02-03,BABA,2400562.9432675
2026-02-03,CL,14626791.547443999
2026-02-03,COIN,8720640.8468
2026-02-03,COPPER,113072701.961794
2026-02-03,CRCL,4184069.35448425
2026-02-03,CRWV,604504.91756
2026-02-03,EUR,3279066.2446749997
2026-02-03,GOLD,396396649.8613225
2026-02-03,GOOGL,11367415.405085
2026-02-03,HOOD,15023964.3879475
2026-02-03,INTC,14328650.714895
2026-02-03,JPY,2291993.1901
2026-02-03,META,3847592.765385
2026-02-03,MSFT,2561678.0532
2026-02-03,MSTR,20093557.541265
2026-02-03,MU,9638973.862119999
2026-02-03,NATGAS,12692788.327287499
2026-02-03,NFLX,1602583.15393
2026-02-03,NVDA,16677814.220760003
2026-02-03,ORCL,3367441.8106875
2026-02-03,PLATINUM,18139151.068605002
2026-02-03,PLTR,24872079.2999175
2026-02-03,RIVN,605089.362045
2026-02-03,SILVER,1209670728.812625
2026-02-03,SNDK,16830708.4227075
2026-02-03,TSLA,22785743.2122975
2026-02-03,TSM,820736.0783925
2026-02-03,URNM,539524.1548375
2026-02-03,USAR,727258.22401
2026-02-03,XYZ100,299238940.58449996
2026-02-04,AAPL,5472438.2006175
2026-02-04,AMD,20623999.38276
2026-02-04,AMZN,6778175.130405001
2026-02-04,BABA,2230187.7087749997
2026-02-04,CL,10234127.27766975
2026-02-04,COIN,6466235.4384375
2026-02-04,COPPER,60674983.5534125
2026-02-04,CRCL,3555385.0309909997
2026-02-04,CRWV,510442.10640750005
2026-02-04,EUR,3568190.0624999995
2026-02-04,GOLD,311405285.88864005
2026-02-04,GOOGL,41985778.580295004
2026-02-04,HOOD,9244395.966421
2026-02-04,INTC,12467387.3186
2026-02-04,JPY,3340374.7545000003
2026-02-04,META,6246473.453925
2026-02-04,MSFT,5430864.72344
2026-02-04,MSTR,9819922.655025
2026-02-04,MU,13621371.295227502
2026-02-04,NATGAS,8788717.638275
2026-02-04,NFLX,2209698.4255762496
2026-02-04,NVDA,20970852.9723825
2026-02-04,ORCL,3513179.7867300003
2026-02-04,PLATINUM,7883604.378570001
2026-02-04,PLTR,16880796.505
2026-02-04,RIVN,617314.1062500001
2026-02-04,SILVER,1278282772.421355
2026-02-04,SNDK,14149414.78784
2026-02-04,TSLA,19396076.658
2026-02-04,TSM,760244.62976
2026-02-04,URNM,1174363.950025
2026-02-04,USAR,483713.4867775
2026-02-04,XYZ100,401997546.324
2026-02-05,AAPL,8498045.975055
2026-02-05,AMD,11648019.327345
2026-02-05,AMZN,19965051.56552
2026-02-05,BABA,827537.429775
2026-02-05,CL,7357861.877547501
2026-02-05,COIN,12894543.000340002
2026-02-05,COPPER,59572815.964044
2026-02-05,CRCL,6376256.28687075
2026-02-05,CRWV,300825.81688
2026-02-05,EUR,2877158.2234199997
2026-02-05,GOLD,281682469.04841
2026-02-05,GOOGL,31743064.791469995
2026-02-05,HOOD,12555518.212770501
2026-02-05,INTC,11958575.5873425
2026-02-05,JPY,2210576.3204
2026-02-05,META,7065637.745890001
2026-02-05,MSFT,5979365.907299999
2026-02-05,MSTR,22350384.740115
2026-02-05,MU,31577919.080472503
2026-02-05,NATGAS,7235425.665929999
2026-02-05,NFLX,4781413.769219
2026-02-05,NVDA,23838721.697069995
2026-02-05,ORCL,4732083.9506925
2026-02-05,PLATINUM,11596138.952069998
2026-02-05,PLTR,17443862.8675025
2026-02-05,RIVN,3675629.5443875
2026-02-05,SILVER,3506045417.775215
2026-02-05,SNDK,64620394.67519999
2026-02-05,TSLA,20936215.249404997
2026-02-05,TSM,765630.3368725001
2026-02-05,URNM,714879.59745
2026-02-05,USAR,1336895.35065
2026-02-05,XYZ100,541042211.066475
2026-02-06,AAPL,5828331.192319999
2026-02-06,AMD,6701262.4214200005
2026-02-06,AMZN,17039181.229629997
2026-02-06,BABA,1497809.5387125
2026-02-06,CL,3750808.4161032503
2026-02-06,COIN,10915529.425359998
2026-02-06,COPPER,37517460.914279245
2026-02-06,CRCL,3762581.1081719995
2026-02-06,CRWV,326030.75658999995
2026-02-06,EUR,4403844.8336025
2026-02-06,GOLD,159498131.40856248
2026-02-06,GOOGL,18011499.093525
2026-02-06,HOOD,14625472.59951
2026-02-06,INTC,9332038.598225
2026-02-06,JPY,1693169.99
2026-02-06,META,3854668.1777549996
2026-02-06,MSFT,7416883.787089999
2026-02-06,MSTR,22618336.2704
2026-02-06,MU,15499124.8204
2026-02-06,NATGAS,5507007.2786625
2026-02-06,NFLX,2329638.250415
2026-02-06,NVDA,22232079.921419997
2026-02-06,ORCL,3424748.4278700002
2026-02-06,PLATINUM,8440475.014795
2026-02-06,PLTR,11662428.143997498
2026-02-06,RIVN,1917106.141275
2026-02-06,SILVER,1798805193.0176702
2026-02-06,SNDK,16756952.137380002
2026-02-06,TSLA,20038527.75333
2026-02-06,TSM,29123179.84436
2026-02-06,URNM,400607.17515
2026-02-06,USAR,4950720.7150799995
2026-02-06,XYZ100,367855367.6766
2026-02-07,AAPL,466195.8604874999
2026-02-07,AMD,64619.395617500006
2026-02-07,AMZN,1410950.549575
2026-02-07,BABA,37972.8027
2026-02-07,CL,192875.77485899997
2026-02-07,COIN,835154.8162050002
2026-02-07,COPPER,2119588.1269829995
2026-02-07,CRCL,1379319.442835
2026-02-07,CRWV,1333142.7762324999
2026-02-07,EUR,228820.011545
2026-02-07,GOLD,14860408.4923125
2026-02-07,GOOGL,901336.48304
2026-02-07,HOOD,925703.8733515
2026-02-07,INTC,334260.12286500004
2026-02-07,JPY,786029.8765
2026-02-07,META,516152.0933200001
2026-02-07,MSFT,476611.42817250005
2026-02-07,MSTR,5137952.7105825
2026-02-07,MU,262037.51735
2026-02-07,NATGAS,688362.7234275
2026-02-07,NFLX,29048.433183
2026-02-07,NVDA,794476.203525
2026-02-07,ORCL,151925.67759250003
2026-02-07,PLATINUM,104930.6896625
2026-02-07,PLTR,330586.10400999995
2026-02-07,RIVN,12073.9793175
2026-02-07,SILVER,15228683.410655
2026-02-07,SNDK,100091.075205
2026-02-07,TSLA,1296743.1433425
2026-02-07,TSM,4112835.7116
2026-02-07,URNM,99097.12029749999
2026-02-07,USAR,2887.9497675
2026-02-07,XYZ100,40677368.699999996
2026-02-08,AAPL,537188.66383
2026-02-08,AMD,40279.8742
2026-02-08,AMZN,532053.4711050001
2026-02-08,BABA,28504.771514999997
2026-02-08,CL,176433.33955975
2026-02-08,COIN,614029.375575
2026-02-08,COPPER,9965802.966165
2026-02-08,CRCL,952310.2583172501
2026-02-08,CRWV,77735.2986025
2026-02-08,EUR,548982.78806
2026-02-08,GOLD,43612240.59318
2026-02-08,GOOGL,760410.276
2026-02-08,HOOD,637490.72895
2026-02-08,INTC,350254.57170749997
2026-02-08,JPY,3350687.3008000003
2026-02-08,META,193041.1512625
2026-02-08,MSFT,460275.748515
2026-02-08,MSTR,2187525.10977
2026-02-08,MU,131167.0362
2026-02-08,NATGAS,1527552.6983599998
2026-02-08,NFLX,45907.43901075
2026-02-08,NVDA,1416662.4465049999
2026-02-08,ORCL,117252.51756000002
2026-02-08,PLATINUM,8374410.1606725
2026-02-08,PLTR,320597.3068024999
2026-02-08,RIVN,95976.824775
2026-02-08,SILVER,88284876.89734499
2026-02-08,SNDK,214746.98144
2026-02-08,TSLA,2075415.3420000002
2026-02-08,TSM,2761545.888735
2026-02-08,URNM,68941.95077000001
2026-02-08,USAR,139771.6276
2026-02-08,XYZ100,37653761.6985
2026-02-09,AAPL,3512565.6081425
2026-02-09,AMD,7178989.731557501
2026-02-09,AMZN,7432762.0210425
2026-02-09,BABA,1007978.1384299999
2026-02-09,CL,2622650.1546389996
2026-02-09,COIN,8530447.82282
2026-02-09,COPPER,34975627.5285375
2026-02-09,CRCL,3306645.719136
2026-02-09,CRWV,1703738.99704
2026-02-09,EUR,3600927.108887499
2026-02-09,GOLD,110260469.40656
2026-02-09,GOOGL,7910580.524955
2026-02-09,HOOD,12763878.230057498
2026-02-09,INTC,21727625.8624
2026-02-09,JPY,2763947.33055
2026-02-09,META,4187385.002865
2026-02-09,MSFT,5451470.2152625
2026-02-09,MSTR,11939830.287765
2026-02-09,MU,25031289.280882496
2026-02-09,NATGAS,1680450.330455
2026-02-09,NFLX,2120272.2011205005
2026-02-09,NVDA,30047941.06332
2026-02-09,ORCL,7632849.487775
2026-02-09,PLATINUM,8362486.194412499
2026-02-09,PLTR,9947788.8727025
2026-02-09,RIVN,2406683.41476
2026-02-09,SILVER,527620734.2697099
2026-02-09,SNDK,14659043.391870001
2026-02-09,TSLA,12774976.6328
2026-02-09,TSM,1126820.1277
2026-02-09,URNM,2728835.6505825
2026-02-09,USAR,1404295.92705
2026-02-09,XYZ100,236893052.9592
2026-02-10,AAPL,4897554.1457625
2026-02-10,AMD,6450320.8228275
2026-02-10,AMZN,7625277.39037
2026-02-10,BABA,857549.546325
2026-02-10,CL,3292935.2996434993
2026-02-10,COIN,10129972.059105
2026-02-10,COPPER,21170610.527648002
2026-02-10,CRCL,2693214.61788
2026-02-10,CRWV,749681.4294700001
2026-02-10,EUR,1799715.9823649998
2026-02-10,GOLD,51068357.9426025
2026-02-10,GOOGL,9461555.297039999
2026-02-10,HOOD,14880614.2236855
2026-02-10,INTC,12106528.118727501
2026-02-10,JPY,1753738.2719999999
2026-02-10,META,4530380.53525
2026-02-10,MSFT,9474535.813987501
2026-02-10,MSTR,11704565.8086525
2026-02-10,MU,17554005.012539998
2026-02-10,NATGAS,1355359.2056550002
2026-02-10,NFLX,4902123.3779879995
2026-02-10,NVDA,27371638.309155
2026-02-10,ORCL,6150952.3212
2026-02-10,PLATINUM,3167113.6873500003
2026-02-10,PLTR,10285605.3388275
2026-02-10,RIVN,5867866.06378
2026-02-10,SILVER,369310667.37705
2026-02-10,SNDK,14636432.31618
2026-02-10,TSLA,14512794.898279998
2026-02-10,TSM,811374.664285
2026-02-10,URNM,2594428.3938299995
2026-02-10,USAR,2617446.5592
2026-02-10,XYZ100,241177264.86914998
2026-02-11,AAPL,5832467.26482
2026-02-11,AMD,4447824.413077501
2026-02-11,AMZN,4871659.59179
2026-02-11,BABA,1620286.572255
2026-02-11,CL,1988243.8555062497
2026-02-11,COIN,8734476.869975
2026-02-11,COPPER,20750652.781378496
2026-02-11,CRCL,3259698.2077530003
2026-02-11,CRWV,597205.580115
2026-02-11,EUR,3004280.7553499998
2026-02-11,GOLD,84712158.11250001
2026-02-11,GOOGL,22759213.22103
2026-02-11,HOOD,17200835.244631503
2026-02-11,INTC,10238677.2896
2026-02-11,JPY,4048246.3786
2026-02-11,META,7072356.756525001
2026-02-11,MSFT,5507220.60189
2026-02-11,MSTR,11714612.753025003
2026-02-11,MU,20250062.42774
2026-02-11,NATGAS,847974.997555
2026-02-11,NFLX,2070813.1335375
2026-02-11,NVDA,19177975.88364
2026-02-11,ORCL,3046481.2841425003
2026-02-11,PLATINUM,4477151.658775
2026-02-11,PLTR,9951199.966087501
2026-02-11,RIVN,2653712.404205
2026-02-11,SILVER,458706685.8465
2026-02-11,SNDK,12346174.717867503
2026-02-11,TSLA,17232834.3693825
2026-02-11,TSM,896050.5344000001
2026-02-11,URNM,131100.11703000002
2026-02-11,USAR,256180.969575
2026-02-11,XYZ100,322908847.20849997
2026-02-12,AAPL,6113405.176039999
2026-02-12,AMD,3583986.2079700003
2026-02-12,AMZN,5447821.477745
2026-02-12,BABA,1168208.8525425
2026-02-12,CL,1888512.9587094998
2026-02-12,COIN,13629035.225225
2026-02-12,COPPER,16397099.591958
2026-02-12,CRCL,4582854.904610001
2026-02-12,CRWV,413050.593345
2026-02-12,EUR,2919160.4640549994
2026-02-12,GOLD,85378438.07349999
2026-02-12,GOOGL,11574303.42432
2026-02-12,HOOD,13528515.234255748
2026-02-12,INTC,7899376.6642375
2026-02-12,JPY,2101728.8782500005
2026-02-12,META,6260358.375787501
2026-02-12,MSFT,3655073.6377524994
2026-02-12,MSTR,8918779.98228
2026-02-12,MU,27434239.40565
2026-02-12,NATGAS,1392212.509485
2026-02-12,NFLX,2612244.50337125
2026-02-12,NVDA,19707360.795622498
2026-02-12,ORCL,3300691.5770425005
2026-02-12,PLATINUM,6893073.7499750005
2026-02-12,PLTR,9600230.31768
2026-02-12,RIVN,4752047.846650001
2026-02-12,SILVER,781400941.4654051
2026-02-12,SNDK,20934014.409585
2026-02-12,TSLA,16779009.6334225
2026-02-12,TSM,1397930.6431475002
2026-02-12,URNM,689891.8316849999
2026-02-12,USAR,379161.212975
2026-02-12,XYZ100,387283907.72889996
2026-02-13,AAPL,5439011.26248
2026-02-13,AMD,4465325.424432501
2026-02-13,AMZN,5962109.15655
2026-02-13,BABA,2976013.9881599997
2026-02-13,CL,1374856.220604
2026-02-13,COIN,17039191.446675
2026-02-13,COPPER,19514449.433035
2026-02-13,CRCL,4354971.747206001
2026-02-13,CRWV,1468811.542065
2026-02-13,EUR,1032721.3518275002
2026-02-13,GOLD,44687391.304325
2026-02-13,GOOGL,12442186.37528
2026-02-13,HOOD,11774261.373622501
2026-02-13,INTC,7613118.17517
2026-02-13,JPY,1378526.5158000002
2026-02-13,META,3957050.11998
2026-02-13,MSFT,3838091.29704
2026-02-13,MSTR,9033994.055002501
2026-02-13,MU,9767826.553575
2026-02-13,NATGAS,3623824.7781449994
2026-02-13,NFLX,2494774.728501
2026-02-13,NVDA,21305696.501662496
2026-02-13,ORCL,4281432.649065
2026-02-13,PLATINUM,4588095.946500001
2026-02-13,PLTR,8891592.40023
2026-02-13,RIVN,13835955.441945001
2026-02-13,SILVER,463369691.3521651
2026-02-13,SNDK,13575265.431699999
2026-02-13,TSLA,22249634.56906
2026-02-13,TSM,434272.76248
2026-02-13,URNM,157896.02125000002
2026-02-13,USAR,1324706.08472
2026-02-13,XYZ100,409525029.892125
2026-02-14,AAPL,413349.56950000004
2026-02-14,AMD,247343.46064999996
2026-02-14,AMZN,558830.79109
2026-02-14,BABA,298493.59787
2026-02-14,CL,145201.709385
2026-02-14,COIN,1425661.83669
2026-02-14,COPPER,487356.2457839999
2026-02-14,CRCL,472784.99281350005
2026-02-14,CRWV,58770.81951
2026-02-14,EUR,402642.5061925
2026-02-14,GOLD,7706831.9328
2026-02-14,GOOGL,915629.08415
2026-02-14,HOOD,742331.308379
2026-02-14,INTC,757086.2816849999
2026-02-14,JPY,185418.6806
2026-02-14,META,134059.90406250002
2026-02-14,MSFT,480202.7403
2026-02-14,MSTR,2037093.0635649997
2026-02-14,MU,354250.4757
2026-02-14,NATGAS,827320.3532450001
2026-02-14,NFLX,24709.6919475
2026-02-14,NVDA,1481198.12635
2026-02-14,ORCL,183417.01299000002
2026-02-14,PLATINUM,78150.2288875
2026-02-14,PLTR,359537.84016500006
2026-02-14,RIVN,161612.84639999998
2026-02-14,SILVER,5807040.27619
2026-02-14,SNDK,422243.6886525
2026-02-14,TSLA,2314698.5911124996
2026-02-14,TSM,150711.6293375
2026-02-14,URNM,106047.8066575
2026-02-14,USAR,8242.766965
2026-02-14,XYZ100,37501944.242125
2026-02-15,AAPL,253176.26008
2026-02-15,AMD,653965.26192
2026-02-15,AMZN,430553.761425
2026-02-15,BABA,59770.38525
2026-02-15,CL,268668.47011199995
2026-02-15,COIN,1034847.7307500001
2026-02-15,COPPER,2447235.3752347506
2026-02-15,CRCL,180667.68280725
2026-02-15,CRWV,22630.635
2026-02-15,EUR,611395.2830999999
2026-02-15,GOLD,22708919.982045002
2026-02-15,GOOGL,671993.27784
2026-02-15,HOOD,1057076.4244460003
2026-02-15,INTC,165566.712
2026-02-15,JPY,401033.2659
2026-02-15,META,198746.56087
2026-02-15,MSFT,498443.59166000003
2026-02-15,MSTR,2097472.9949275004
2026-02-15,MU,139097.22696
2026-02-15,NATGAS,1025591.46866
2026-02-15,NFLX,593540.28188375
2026-02-15,NVDA,3444667.3209749996
2026-02-15,ORCL,39663.894045
2026-02-15,PLATINUM,1576598.1
2026-02-15,PLTR,278997.2371625
2026-02-15,RIVN,11053.983464999998
2026-02-15,SILVER,69724462.584225
2026-02-15,SNDK,410246.40689999994
2026-02-15,TSLA,1881710.5629550002
2026-02-15,TSM,14643.1005
2026-02-15,URNM,12211.44657
2026-02-15,USAR,32691.790054999998
2026-02-15,XYZ100,58461268.464949995
2026-02-16,AAPL,1425436.341855
2026-02-16,AMD,887725.54675
2026-02-16,AMZN,895908.0200099999
2026-02-16,BABA,611065.65088
2026-02-16,CL,1916812.742792
2026-02-16,COIN,5838974.102744999
2026-02-16,COPPER,7875349.0255935
2026-02-16,CRCL,639256.57817625
2026-02-16,CRWV,6673.200795000001
2026-02-16,EUR,1331099.709255
2026-02-16,GOLD,26650942.960987497
2026-02-16,GOOGL,1956769.48212
2026-02-16,HOOD,924556.7388480002
2026-02-16,INTC,670686.6449050001
2026-02-16,JPY,875905.6974
2026-02-16,META,959004.6527
2026-02-16,MSFT,827871.2022
2026-02-16,MSTR,6984312.171029999
2026-02-16,MU,767718.0305850001
2026-02-16,NATGAS,1400341.5338
2026-02-16,NFLX,631099.6741292499
2026-02-16,NVDA,4871662.30677
2026-02-16,ORCL,148027.961
2026-02-16,PLATINUM,2213101.7870325
2026-02-16,PLTR,2593553.3299000002
2026-02-16,RIVN,25821.174209999997
2026-02-16,SILVER,147510220.93764
2026-02-16,SNDK,166736.09412
2026-02-16,TSLA,2956531.51482
2026-02-16,TSM,14631.180049999999
2026-02-16,URNM,8472.3847875
2026-02-16,USAR,4796048.969775
2026-02-16,XYZ100,103300476.72534999
2026-02-17,AAPL,6369004.404279999
2026-02-17,AMD,4780328.7747599995
2026-02-17,AMZN,6063017.6654125005
2026-02-17,BABA,1499814.42023
2026-02-17,CL,5240492.096717999
2026-02-17,COIN,10602937.923000002
2026-02-17,COPPER,13939059.4874125
2026-02-17,CRCL,2898328.856076
2026-02-17,CRWV,275947.76958
2026-02-17,EUR,1992496.113425
2026-02-17,GOLD,89417466.524135
2026-02-17,GOOGL,11375340.714015
2026-02-17,HOOD,6551310.961268501
2026-02-17,INTC,8679039.472915
2026-02-17,JPY,1036503.4611249999
2026-02-17,META,5523854.391379999
2026-02-17,MSFT,6404703.481385
2026-02-17,MSTR,6343046.128125
2026-02-17,MU,16897459.18644
2026-02-17,NATGAS,4654163.221762501
2026-02-17,NFLX,5487416.0461875005
2026-02-17,NVDA,25241589.365687504
2026-02-17,ORCL,3252724.4157500006
2026-02-17,PLATINUM,8206434.880875
2026-02-17,PLTR,9984266.326597499
2026-02-17,RIVN,5569042.57168
2026-02-17,SILVER,417459650.3903575
2026-02-17,SNDK,10536791.280227501
2026-02-17,TSLA,17642952.6315
2026-02-17,TSM,521278.25669000007
2026-02-17,URNM,1945280.105755
2026-02-17,USAR,1055776.5119999999
2026-02-17,XYZ100,342395001.33145
2026-02-18,AAPL,4430837.888632501
2026-02-18,AMD,7101510.970627501
2026-02-18,AMZN,4557225.2654625
2026-02-18,BABA,457677.80124000006
2026-02-18,CL,6335272.470285
2026-02-18,COIN,5395092.459885
2026-02-18,COPPER,7672966.916436001
2026-02-18,CRCL,1989325.7026335
2026-02-18,CRWV,2260175.3124174997
2026-02-18,EUR,2762904.932975
2026-02-18,GOLD,49412212.6866625
2026-02-18,GOOGL,8141379.654375
2026-02-18,HOOD,3107284.41851875
2026-02-18,INTC,5845388.426849999
2026-02-18,JPY,1583582.5096000002
2026-02-18,META,3439863.40893
2026-02-18,MSFT,3008426.28995
2026-02-18,MSTR,4052522.6095
2026-02-18,MU,14243227.321680002
2026-02-18,NATGAS,2586279.8181499997
2026-02-18,NFLX,1368785.544392
2026-02-18,NVDA,35571096.27617
2026-02-18,ORCL,1896948.9844500003
2026-02-18,PLATINUM,2753983.9813
2026-02-18,PLTR,8180089.2972
2026-02-18,RIVN,1495574.4818924998
2026-02-18,SILVER,204413119.73117998
2026-02-18,SNDK,15612492.286994997
2026-02-18,TSLA,10925330.38347
2026-02-18,TSM,669139.4739025
2026-02-18,URNM,1644358.747275
2026-02-18,USAR,791736.84425
2026-02-18,XYZ100,238293202.56000003
2026-02-19,AAPL,3062723.0922925
2026-02-19,AMD,3414003.9510675
2026-02-19,AMZN,2343515.6950499997
2026-02-19,BABA,2103786.10246
2026-02-19,CL,17407195.212449
2026-02-19,COIN,5699714.229895001
2026-02-19,COPPER,7216846.95241125
2026-02-19,CRCL,2489064.0524649997
2026-02-19,CRWV,1174409.35238
2026-02-19,EUR,6253315.242795
2026-02-19,GOLD,52458706.947524995
2026-02-19,GOOGL,6620979.2096
2026-02-19,HOOD,3796447.0517139994
2026-02-19,INTC,5517673.284427499
2026-02-19,JPY,3346298.82635
2026-02-19,META,2348175.152725
2026-02-19,MSFT,3012468.134555
2026-02-19,MSTR,4977345.97899
2026-02-19,MU,6583871.808540001
2026-02-19,NATGAS,6434221.446315
2026-02-19,NFLX,2171756.6396990004
2026-02-19,NVDA,18983672.388720002
2026-02-19,ORCL,2811323.9519
2026-02-19,PLATINUM,1795713.9710400002
2026-02-19,PLTR,6462743.5161999995
2026-02-19,RIVN,1563583.6600650002
2026-02-19,SILVER,228351700.43802002
2026-02-19,SKHX,4053.50253
2026-02-19,SNDK,20208503.2397575
2026-02-19,TSLA,15194124.109427502
2026-02-19,TSM,1585297.0054450002
2026-02-19,URNM,851236.4773499998
2026-02-19,USAR,311299.7008275001
2026-02-19,XYZ100,324937505.711
2026-02-20,AAPL,4636839.9079625
2026-02-20,AMD,5627115.795314999
2026-02-20,AMZN,5811935.66844
2026-02-20,BABA,2672828.0856000003
2026-02-20,CL,16208225.89448
2026-02-20,COIN,7954007.276039999
2026-02-20,COPPER,7898884.726075
2026-02-20,CRCL,2250965.77210775
2026-02-20,CRWV,779943.3255
2026-02-20,EUR,6971937.591675
2026-02-20,GOLD,73813769.87527001
2026-02-20,GOOGL,12453325.54466
2026-02-20,HOOD,6428883.681185
2026-02-20,HYUNDAI,297573.3760875
2026-02-20,INTC,5838793.6191
2026-02-20,JPY,4526803.2771000005
2026-02-20,META,2609498.93075
2026-02-20,MSFT,3514783.10385
2026-02-20,MSTR,7013581.7821725
2026-02-20,MU,19562933.2027675
2026-02-20,NATGAS,4269729.681585
2026-02-20,NFLX,2355312.7083515003
2026-02-20,NVDA,26292736.865100004
2026-02-20,ORCL,1806035.97625
2026-02-20,PLATINUM,2550478.2565349997
2026-02-20,PLTR,8471833.0956
2026-02-20,RIVN,1631746.74014
2026-02-20,SILVER,496765810.22964996
2026-02-20,SKHX,1659509.2147499998
2026-02-20,SMSN,465093.91449500003
2026-02-20,SNDK,16634227.143635
2026-02-20,TSLA,12803758.413065
2026-02-20,TSM,321300.45516250003
2026-02-20,URNM,429116.38031250006
2026-02-20,USAR,248923.74139500005
2026-02-20,XYZ100,451906135.527
2026-02-21,AAPL,267458.55035
2026-02-21,AMD,134465.24832
2026-02-21,AMZN,260089.6467125
2026-02-21,BABA,236835.31160249998
2026-02-21,CL,653302.241139
2026-02-21,COIN,914537.11317
2026-02-21,COPPER,683664.6132804999
2026-02-21,CRCL,608221.919074
2026-02-21,CRWV,155827.03124999997
2026-02-21,EUR,2796474.226
2026-02-21,GOLD,21875400.3528875
2026-02-21,GOOGL,1876993.1973499996
2026-02-21,HOOD,835638.0073840001
2026-02-21,HYUNDAI,135101.5746
2026-02-21,INTC,373891.25822
2026-02-21,JPY,1961101.9404999998
2026-02-21,META,252021.79251750003
2026-02-21,MSFT,480180.0917925
2026-02-21,MSTR,1429497.036195
2026-02-21,MU,381391.45078
2026-02-21,NATGAS,454776.7529
2026-02-21,NFLX,33403.205963
2026-02-21,NVDA,2203178.8385874997
2026-02-21,ORCL,254922.30224999998
2026-02-21,PLATINUM,54463.868559999995
2026-02-21,PLTR,347804.06626
2026-02-21,RIVN,129310.50816
2026-02-21,SILVER,18309987.039600004
2026-02-21,SKHX,256252.92863750004
2026-02-21,SMSN,170079.43275
2026-02-21,SNDK,435040.5822525
2026-02-21,TSLA,1377215.0447475
2026-02-21,TSM,58476.23163
2026-02-21,URNM,226045.99488749998
2026-02-21,USAR,17608.6687875
2026-02-21,XYZ100,79998422.5
2026-02-22,AAPL,511690.688535
2026-02-22,AMD,226502.1255
2026-02-22,AMZN,595693.704125
2026-02-22,BABA,47315.259737500004
2026-02-22,CL,4674553.150459499
2026-02-22,COIN,816280.77468
2026-02-22,COPPER,1272138.539856
2026-02-22,CRCL,310917.39145
2026-02-22,CRWV,6225.54741
2026-02-22,EUR,5981764.982220001
2026-02-22,GOLD,45284185.52844
2026-02-22,GOOGL,1600142.0687799999
2026-02-22,HOOD,513234.81998525
2026-02-22,HYUNDAI,664825.3069725
2026-02-22,INTC,155486.73210000002
2026-02-22,JPY,2255840.8197
2026-02-22,META,148949.9529775
2026-02-22,MSFT,286457.65466999996
2026-02-22,MSTR,913844.781
2026-02-22,MU,96779.37812000001
2026-02-22,NATGAS,2352672.6126399995
2026-02-22,NFLX,106430.71198275
2026-02-22,NVDA,2759536.1400424996
2026-02-22,ORCL,78331.58757
2026-02-22,PLATINUM,279677.1379725
2026-02-22,PLTR,1209894.6446875
2026-02-22,RIVN,2164.8915600000005
2026-02-22,SILVER,126199817.3907075
2026-02-22,SKHX,1211028.7939749998
2026-02-22,SMSN,409178.1394500001
2026-02-22,SNDK,137481.55698
2026-02-22,TSLA,1393749.98824
2026-02-22,TSM,39751.04032
2026-02-22,URNM,695875.7832000001
2026-02-22,USAR,18242.667855
2026-02-22,XYZ100,59274403.09445
2026-02-23,AAPL,4853420.835077501
2026-02-23,AMD,2515734.9243225
2026-02-23,AMZN,3686813.98983
2026-02-23,BABA,2300631.5128475
2026-02-23,CL,14861162.12902125
2026-02-23,COIN,6041507.0526625
2026-02-23,COPPER,8156627.98090275
2026-02-23,CRCL,1837697.254943
2026-02-23,CRWV,554641.1626225
2026-02-23,EUR,5887289.273887499
2026-02-23,GOLD,78437921.18633999
2026-02-23,GOOGL,7455897.502355001
2026-02-23,HOOD,6596750.5018029995
2026-02-23,HYUNDAI,439861.33491
2026-02-23,INTC,4282943.391600001
2026-02-23,JPY,2680460.64
2026-02-23,META,4257610.84945
2026-02-23,MSFT,5950960.899600001
2026-02-23,MSTR,6538677.525770001
2026-02-23,MU,6826408.25758
2026-02-23,NATGAS,10149874.630789999
2026-02-23,NFLX,2059225.5225850001
2026-02-23,NVDA,18592264.269495
2026-02-23,ORCL,1904184.7090175
2026-02-23,PLATINUM,3669131.06872
2026-02-23,PLTR,7553520.7791975
2026-02-23,RIVN,2880525.573
2026-02-23,SILVER,481056319.24832
2026-02-23,SKHX,1616967.3612225
2026-02-23,SMSN,461175.78696
2026-02-23,SNDK,16497555.029520001
2026-02-23,TSLA,10993803.065630002
2026-02-23,TSM,561419.3745650001
2026-02-23,URNM,2960739.5456600003
2026-02-23,USAR,283280.78251
2026-02-23,XYZ100,281090609.159375
2026-02-24,AAPL,2883440.3233050006
2026-02-24,AMD,11884261.555320002
2026-02-24,AMZN,3799520.9409149997
2026-02-24,BABA,817729.2597075001
2026-02-24,CL,22606804.92672
2026-02-24,COIN,7039781.738525
2026-02-24,COPPER,27567776.580259994
2026-02-24,CRCL,2786790.02617125
2026-02-24,CRWV,2252056.5938999997
2026-02-24,EUR,3682610.8503150004
2026-02-24,GOLD,102100805.090535
2026-02-24,GOOGL,7279765.224025001
2026-02-24,HOOD,5224410.07310875
2026-02-24,HYUNDAI,137023.2145425
2026-02-24,INTC,8998779.192075001
2026-02-24,JPY,3189852.0471999994
2026-02-24,META,1928599.7380649997
2026-02-24,MSFT,2814911.90233
2026-02-24,MSTR,5530615.195462501
2026-02-24,MU,10078613.472377501
2026-02-24,NATGAS,7551364.74609
2026-02-24,NFLX,2095358.9584000001
2026-02-24,NVDA,42569849.8324
2026-02-24,ORCL,1675655.2085000002
2026-02-24,PLATINUM,6581494.867172501
2026-02-24,PLTR,5000755.397
2026-02-24,RIVN,1904229.1223250001
2026-02-24,SILVER,680721544.7330024
2026-02-24,SKHX,2072878.8566099997
2026-02-24,SMSN,1106896.5953924998
2026-02-24,SNDK,34067861.3795875
2026-02-24,TSLA,7971299.60704
2026-02-24,TSM,1032914.960415
2026-02-24,URNM,1257947.7959699996
2026-02-24,USAR,2169896.541375
2026-02-24,XYZ100,205202539.74615002
2026-02-25,AAPL,2810852.0009999997
2026-02-25,AMD,5796378.5058025
2026-02-25,AMZN,3891540.4507350004
2026-02-25,BABA,3573032.6580950003
2026-02-25,CL,11223689.501556
2026-02-25,COIN,12425561.362440001
2026-02-25,COPPER,25163595.381943
2026-02-25,CRCL,32801773.716596
2026-02-25,CRWV,2708165.9917800003
2026-02-25,EUR,6826671.93156
2026-02-25,GOLD,68921922.63686
2026-02-25,GOOGL,4662684.484425
2026-02-25,HOOD,9490143.69049325
2026-02-25,HYUNDAI,1722452.0157899996
2026-02-25,INTC,6067952.345805
2026-02-25,JPY,9920754.44975
2026-02-25,META,3287507.7029499994
2026-02-25,MSFT,5745324.749805001
2026-02-25,MSTR,7707557.013270001
2026-02-25,MU,18510002.427
2026-02-25,NATGAS,6852678.446757499
2026-02-25,NFLX,4907993.964767749
2026-02-25,NVDA,69558737.77968
2026-02-25,ORCL,2927678.5786125
2026-02-25,PLATINUM,7546746.427115001
2026-02-25,PLTR,6957653.506430001
2026-02-25,RIVN,3275969.4563900004
2026-02-25,SILVER,931218327.87636
2026-02-25,SKHX,2919703.5251875
2026-02-25,SMSN,1242826.8800925
2026-02-25,SNDK,14392745.813150002
2026-02-25,TSLA,8684569.419
2026-02-25,TSM,2085682.4304875
2026-02-25,URNM,3022290.8265374997
2026-02-25,USAR,1225359.28716
2026-02-25,XYZ100,250196493.50895
2026-02-26,AAPL,3955812.8657775
2026-02-26,AMD,4603275.16199
2026-02-26,AMZN,3354071.675955
2026-02-26,BABA,4145004.1184175005
2026-02-26,CL,23136658.739578996
2026-02-26,COIN,8294895.075239999
2026-02-26,COPPER,9205963.751376
2026-02-26,CRCL,36799169.422743
2026-02-26,CRWV,4179902.5474799997
2026-02-26,EUR,7125693.540000001
2026-02-26,GOLD,52746790.418785006
2026-02-26,GOOGL,13262794.8081875
2026-02-26,HOOD,7372149.43562625
2026-02-26,HYUNDAI,536238.4392
2026-02-26,INTC,6202079.595555001
2026-02-26,JPY,6837535.0649999995
2026-02-26,META,3229435.6799600003
2026-02-26,MSFT,7055248.02213
2026-02-26,MSTR,6007178.786262499
2026-02-26,MU,34118739.0340875
2026-02-26,NATGAS,3958938.973145
2026-02-26,NFLX,7047494.67480275
2026-02-26,NVDA,98760626.34095
2026-02-26,ORCL,2780285.98525
2026-02-26,PLATINUM,7035258.740129999
2026-02-26,PLTR,4221291.2133
2026-02-26,RIVN,2066908.440855
2026-02-26,SILVER,656530152.88233
2026-02-26,SKHX,4817262.7048
2026-02-26,SMSN,2571789.1770200003
2026-02-26,SNDK,16689398.26945
2026-02-26,TSLA,7315396.029795
2026-02-26,TSM,4060312.8900075
2026-02-26,URNM,1770833.6588800002
2026-02-26,USAR,1659181.9820700004
2026-02-26,XYZ100,240765393.15780002
2026-02-27,AAPL,4544251.95291
2026-02-27,AMD,3113900.8731699996
2026-02-27,AMZN,8320843.953729998
2026-02-27,BABA,4189102.2253375
2026-02-27,CL,22644098.546657
2026-02-27,COIN,7451372.903940001
2026-02-27,COPPER,20997662.507308498
2026-02-27,CRCL,16641831.790614001
2026-02-27,CRWV,3660984.83502
2026-02-27,EUR,9926837.767100003
2026-02-27,GOLD,88642796.25168
2026-02-27,GOOGL,8679056.472775
2026-02-27,HOOD,8413405.9075755
2026-02-27,HYUNDAI,615635.8622249999
2026-02-27,INTC,7057317.44188
2026-02-27,JPY,11267713.3281
2026-02-27,META,5311567.381557501
2026-02-27,MSFT,5864897.5145924995
2026-02-27,MSTR,4699448.939850001
2026-02-27,MU,16223415.062400004
2026-02-27,NATGAS,9080007.52087
2026-02-27,NFLX,8030346.991784251
2026-02-27,NVDA,44357318.4229175
2026-02-27,ORCL,4063949.7245075
2026-02-27,PLATINUM,16936003.527494997
2026-02-27,PLTR,4714474.015975
2026-02-27,RIVN,2865963.51432
2026-02-27,SILVER,479215209.8215625
2026-02-27,SKHX,5237886.622605
2026-02-27,SMSN,2102912.8089750004
2026-02-27,SNDK,7405667.85037
2026-02-27,TSLA,7751561.994512498
2026-02-27,TSM,827183.6136025001
2026-02-27,URNM,1059583.6044700001
2026-02-27,USAR,1123012.4777950002
2026-02-27,XYZ100,228311521.26
2026-02-28,AAPL,1299939.981375
2026-02-28,AMD,816692.2541699999
2026-02-28,AMZN,2208604.9555675
2026-02-28,BABA,414877.24317000003
2026-02-28,CL,7379863.657984
2026-02-28,COIN,3945621.4040249996
2026-02-28,COPPER,9117106.090863999
2026-02-28,CRCL,6778171.145508001
2026-02-28,CRWV,205702.08846250002
2026-02-28,EUR,5019886.593485001
2026-02-28,GOLD,177209184.00039998
2026-02-28,GOOGL,2767586.2717500003
2026-02-28,HOOD,8080034.435352
2026-02-28,HYUNDAI,2701749.7187325
2026-02-28,INTC,3183228.940919999
2026-02-28,JPY,12947102.7056
2026-02-28,META,987350.699375
2026-02-28,MSFT,943469.6617125
2026-02-28,MSTR,6725685.908055001
2026-02-28,MU,3537603.23099
2026-02-28,NATGAS,3172858.48844
2026-02-28,NFLX,526006.60909575
2026-02-28,NVDA,16313550.748897498
2026-02-28,ORCL,1419551.5696049999
2026-02-28,PLATINUM,671410.7931300001
2026-02-28,PLTR,6388623.6453
2026-02-28,RIVN,460510.14145
2026-02-28,SILVER,207437378.70166498
2026-02-28,SKHX,2117849.3318400006
2026-02-28,SMSN,3743595.3505025003
2026-02-28,SNDK,556703.1180975
2026-02-28,TSLA,7809179.1568749985
2026-02-28,TSM,6616215.13027
2026-02-28,URNM,241880.33310000002
2026-02-28,USAR,20589.805792500003
2026-02-28,XYZ100,96959528.7606
2026-03-01,AAPL,550882.49645
2026-03-01,AMD,289650.7102375
2026-03-01,AMZN,3568161.90592
2026-03-01,BABA,115976.575
2026-03-01,CL,28420508.56610525
2026-03-01,COIN,1298874.46275
2026-03-01,COPPER,8174463.866331
2026-03-01,CRCL,2865105.6225200007
2026-03-01,CRWV,324127.21995500004
2026-03-01,EUR,11354307.156885
2026-03-01,GOLD,105454466.38353749
2026-03-01,GOOGL,1490423.9030999998
2026-03-01,HOOD,2824126.8007679996
2026-03-01,HYUNDAI,17702.404065000002
2026-03-01,INTC,487222.355745
2026-03-01,JPY,9074773.698150001
2026-03-01,META,472170.25377499993
2026-03-01,MSFT,740971.9074450001
2026-03-01,MSTR,4329416.786129999
2026-03-01,MU,1737025.3145
2026-03-01,NATGAS,3834141.228575
2026-03-01,NFLX,323788.11459
2026-03-01,NVDA,18481610.332575
2026-03-01,ORCL,712789.9494850001
2026-03-01,PLATINUM,1765636.1073
2026-03-01,PLTR,6124356.41916
2026-03-01,RIVN,2583030.49648
2026-03-01,SILVER,180170126.7823
2026-03-01,SKHX,541534.87236
2026-03-01,SMSN,3262729.5162049998
2026-03-01,SNDK,850240.83456
2026-03-01,TSLA,4628889.7492
2026-03-01,TSM,2024658.096675
2026-03-01,URNM,167821.27890000003
2026-03-01,USAR,693692.6507349999
2026-03-01,XYZ100,79209233.527025
2026-03-02,AAPL,5272934.2318899995
2026-03-02,AMD,2829900.9285
2026-03-02,AMZN,13662416.480075002
2026-03-02,BABA,1804794.7038599998
2026-03-02,CL,110213259.07937124
2026-03-02,COIN,7059797.417199999
2026-03-02,COPPER,12142204.360307248
2026-03-02,CRCL,29952392.72339625
2026-03-02,CRWV,1514701.36167
2026-03-02,EUR,10670976.354692502
2026-03-02,EWJ,109719.71085875
2026-03-02,EWY,864070.5808175
2026-03-02,GOLD,191940422.30428
2026-03-02,GOOGL,7630550.95
2026-03-02,HOOD,19441221.323988
2026-03-02,HYUNDAI,911601.3205
2026-03-02,INTC,6411185.169885
2026-03-02,JPY,11564748.287850002
2026-03-02,META,3485912.1145875
2026-03-02,MSFT,3486228.23
2026-03-02,MSTR,5786435.569599999
2026-03-02,MU,10023298.86814
2026-03-02,NATGAS,12201192.932692502
2026-03-02,NFLX,3622348.84074375
2026-03-02,NVDA,76208815.10000001
2026-03-02,ORCL,1310721.9404175
2026-03-02,PLATINUM,5600287.86868
2026-03-02,PLTR,22417552.698780004
2026-03-02,RIVN,2876533.1756975
2026-03-02,SILVER,942247525.5861975
2026-03-02,SKHX,7535993.82228
2026-03-02,SMSN,1871387.75733
2026-03-02,SNDK,5706397.727707501
2026-03-02,TSLA,19529362.16616
2026-03-02,TSM,3305017.9774949993
2026-03-02,URNM,1353996.53469
2026-03-02,USAR,1331536.8105600001
2026-03-02,XYZ100,321915132.122725
2026-03-03,AAPL,4066219.1256399993
2026-03-03,AMD,4306404.0449324995
2026-03-03,AMZN,8755258.94825
2026-03-03,BABA,4773852.14922
2026-03-03,CL,231408132.2070647
2026-03-03,COIN,12036738.986937499
2026-03-03,COPPER,17229870.34793125
2026-03-03,CRCL,48015325.090887
2026-03-03,CRWV,1375041.8046625003
2026-03-03,EUR,11699939.768745001
2026-03-03,EWJ,534096.7625
2026-03-03,EWY,7690406.003280001
2026-03-03,GOLD,329265546.040225
2026-03-03,GOOGL,9512256.828157501
2026-03-03,HOOD,18159164.813474998
2026-03-03,HYUNDAI,919213.599915
2026-03-03,INTC,12595225.096937502
2026-03-03,JPY,9789810.285850001
2026-03-03,META,2941966.9563299995
2026-03-03,MSFT,6186714.32728
2026-03-03,MSTR,8963739.23676
2026-03-03,MU,13053083.239039999
2026-03-03,NATGAS,38140824.696275
2026-03-03,NFLX,4994618.743614
2026-03-03,NVDA,126217210.89601749
2026-03-03,ORCL,1886281.1372474998
2026-03-03,PLATINUM,23339852.7357
2026-03-03,PLTR,12905989.558149999
2026-03-03,RIVN,7898730.35879
2026-03-03,SILVER,1379913404.45998
2026-03-03,SKHX,17758859.971075
2026-03-03,SMSN,5010991.912640001
2026-03-03,SNDK,14636325.753562499
2026-03-03,TSLA,16512972.18028
2026-03-03,TSM,2195124.5069549996
2026-03-03,URNM,2222423.3603850002
2026-03-03,USAR,2351855.718765
2026-03-03,XYZ100,553197985.6223251
2026-03-04,AAPL,4846794.221225
2026-03-04,AMD,4385766.4884075
2026-03-04,AMZN,7899167.442180001
2026-03-04,BABA,5135833.0141050005
2026-03-04,BRENTOIL,1351043.384925
2026-03-04,CL,201439816.34517124
2026-03-04,COIN,19356932.85587
2026-03-04,COPPER,11745384.13632
2026-03-04,CRCL,31189540.7214855
2026-03-04,CRWV,1598574.3382375
2026-03-04,EUR,11484615.828824999
2026-03-04,EWJ,189218.25576674996
2026-03-04,EWY,35276186.0497675
2026-03-04,GOLD,109008218.836175
2026-03-04,GOOGL,9941285.5140375
2026-03-04,HOOD,16016737.819344252
2026-03-04,HYUNDAI,1859623.42817
2026-03-04,INTC,10086522.902722502
2026-03-04,JPY,13464753.896249998
2026-03-04,META,1816952.0898375001
2026-03-04,MSFT,6764018.598609999
2026-03-04,MSTR,12872192.20716
2026-03-04,MU,12419052.19992
2026-03-04,NATGAS,37826909.17227
2026-03-04,NFLX,4100043.7599549997
2026-03-04,NVDA,33217280.620737497
2026-03-04,ORCL,1466769.6839250003
2026-03-04,PALLADIUM,6785.9119375
2026-03-04,PLATINUM,20180556.694065
2026-03-04,PLTR,12635042.68235
2026-03-04,RIVN,1925047.2422399998
2026-03-04,SILVER,842391199.117515
2026-03-04,SKHX,9432909.136395002
2026-03-04,SMSN,2313781.985625
2026-03-04,SNDK,12518623.741485
2026-03-04,TSLA,15608371.3176
2026-03-04,TSM,1326747.4344425
2026-03-04,URNM,453308.05960000004
2026-03-04,USAR,1619462.474955
2026-03-04,XYZ100,457412251.847625
2026-03-05,AAPL,4039141.13811
2026-03-05,AMD,4769170.401465
2026-03-05,AMZN,7805552.53555
2026-03-05,BABA,5051090.1353474995
2026-03-05,BRENTOIL,19997782.268555
2026-03-05,CL,242707330.71656147
2026-03-05,COIN,18498369.8249625
2026-03-05,COPPER,10205778.3029875
2026-03-05,CRCL,26826749.027820006
2026-03-05,CRWV,2473958.5119375004
2026-03-05,EUR,14679926.977074997
2026-03-05,EWJ,133992.47892000002
2026-03-05,EWY,34838466.19062
2026-03-05,GOLD,123376750.448555
2026-03-05,GOOGL,8252451.3654
2026-03-05,HOOD,14383744.635284249
2026-03-05,HYUNDAI,2353940.8662599996
2026-03-05,INTC,11693054.268225
2026-03-05,JPY,11467059.7368
2026-03-05,META,3509106.7708125003
2026-03-05,MSFT,5999027.6305225
2026-03-05,MSTR,6928516.401299999
2026-03-05,MU,8012203.113875001
2026-03-05,NATGAS,22289002.346557498
2026-03-05,NFLX,4640366.7710730005
2026-03-05,NVDA,30022360.14987
2026-03-05,ORCL,4455568.0035475
2026-03-05,PALLADIUM,109052.86273
2026-03-05,PLATINUM,17689318.42557
2026-03-05,PLTR,12964132.864670001
2026-03-05,RIVN,2936473.5008025
2026-03-05,SILVER,656209703.1577499
2026-03-05,SKHX,12656182.295767497
2026-03-05,SMSN,1738906.4666400002
2026-03-05,SNDK,10374418.212
2026-03-05,TSLA,17507536.069805
2026-03-05,TSM,1030500.7959200001
2026-03-05,URNM,664132.2008025
2026-03-05,USAR,3044853.6577600003
2026-03-05,XYZ100,400389306.857925
2026-03-06,AAPL,3151249.14
2026-03-06,AMD,3487923.1663875007
2026-03-06,AMZN,5217542.0859900005
2026-03-06,BABA,3961780.66845
2026-03-06,BRENTOIL,54828149.699135
2026-03-06,CL,404183477.1994123
2026-03-06,COIN,9909851.547434999
2026-03-06,COPPER,17782779.1570405
2026-03-06,CRCL,27480666.548860002
2026-03-06,CRWV,1902855.36245
2026-03-06,EUR,18153000.4621275
2026-03-06,EWJ,116574.87726450001
2026-03-06,EWY,15703342.23885
2026-03-06,GOLD,89103728.07009749
2026-03-06,GOOGL,7698228.126699999
2026-03-06,HOOD,9216563.840535
2026-03-06,HYUNDAI,432028.53166
2026-03-06,INTC,11880112.92995
2026-03-06,JPY,11254590.934499998
2026-03-06,META,2642308.32894
2026-03-06,MSFT,4579274.962224999
2026-03-06,MSTR,6895417.674315001
2026-03-06,MU,14146587.041620001
2026-03-06,NATGAS,21146237.415807497
2026-03-06,NFLX,2112577.75507
2026-03-06,NVDA,74270225.467225
2026-03-06,ORCL,11146878.442162499
2026-03-06,PALLADIUM,99098.20778
2026-03-06,PLATINUM,11859734.689505
2026-03-06,PLTR,17069295.330945
2026-03-06,RIVN,2685094.041455
2026-03-06,SILVER,434194460.5954925
2026-03-06,SKHX,4204303.720015
2026-03-06,SMSN,1017438.7280000001
2026-03-06,SNDK,7530703.940024999
2026-03-06,TSLA,18492418.082975
2026-03-06,TSM,887846.6116800001
2026-03-06,URNM,1347343.49841
2026-03-06,USAR,1416242.0293724998
2026-03-06,XYZ100,523500492.584225
2026-03-07,AAPL,782869.806
2026-03-07,AMD,388588.26351749996
2026-03-07,AMZN,474158.7522
2026-03-07,BABA,138442.32756250002
2026-03-07,BRENTOIL,16843801.78728
2026-03-07,CL,143665501.49964252
2026-03-07,COIN,1353458.52216
2026-03-07,COPPER,2686582.4282870004
2026-03-07,CRCL,3519867.85375525
2026-03-07,CRWV,28706.880614999995
2026-03-07,EUR,14637239.484077502
2026-03-07,EWJ,18796.410528
2026-03-07,EWY,723806.2494699999
2026-03-07,GOLD,7067800.846574999
2026-03-07,GOOGL,1168083.8939099999
2026-03-07,HOOD,715270.269458
2026-03-07,HYUNDAI,71263.24250000001
2026-03-07,INTC,623800.7147925
2026-03-07,JPY,11558502.317300001
2026-03-07,META,264116.875
2026-03-07,MSFT,92370.1191
2026-03-07,MSTR,1917666.89312
2026-03-07,MU,18640765.660522502
2026-03-07,NATGAS,3045898.62184
2026-03-07,NFLX,118138.593794
2026-03-07,NVDA,42929095.36047
2026-03-07,ORCL,310014.77925
2026-03-07,PALLADIUM,36404.836912499995
2026-03-07,PLATINUM,121308.86081999999
2026-03-07,PLTR,619072.6268375
2026-03-07,RIVN,28282.236812499996
2026-03-07,SILVER,12150931.002704998
2026-03-07,SKHX,239120.37541000004
2026-03-07,SMSN,75545.05769999999
2026-03-07,SNDK,12423692.176065
2026-03-07,TSLA,3203369.1246800004
2026-03-07,TSM,154777.60135999997
2026-03-07,URNM,201409.08974999998
2026-03-07,USAR,53042.36559000001
2026-03-07,XYZ100,61696194.2388
2026-03-08,AAPL,575123.1033600001
2026-03-08,AMD,441272.7145025
2026-03-08,AMZN,1029352.9167000002
2026-03-08,BABA,84328.206115
2026-03-08,BRENTOIL,37359222.577405
2026-03-08,CL,336803995.91054004
2026-03-08,COIN,1325820.1313500002
2026-03-08,COPPER,7913812.3558825
2026-03-08,CRCL,5415294.07488
2026-03-08,CRWV,71925.7901225
2026-03-08,EUR,16757192.115415
2026-03-08,EWJ,47490.96573599999
2026-03-08,EWY,1412943.98635
2026-03-08,GOLD,35006906.5486875
2026-03-08,GOOGL,3250277.9077
2026-03-08,HOOD,4131881.5577899995
2026-03-08,HYUNDAI,339358.66624
2026-03-08,INTC,1219190.83473
2026-03-08,JPY,12518679.124325
2026-03-08,META,438756.04637999996
2026-03-08,MSFT,506012.33692250005
2026-03-08,MSTR,1847139.5325600002
2026-03-08,MU,4047214.4823174994
2026-03-08,NATGAS,7770433.7021625
2026-03-08,NFLX,79200.98442025
2026-03-08,NVDA,33710074.050315
2026-03-08,ORCL,157034.35668499998
2026-03-08,PALLADIUM,59809.90530000001
2026-03-08,PLATINUM,2935387.622375
2026-03-08,PLTR,741915.9891575001
2026-03-08,RIVN,24827.14404
2026-03-08,SILVER,94050912.51864998
2026-03-08,SKHX,1132089.406605
2026-03-08,SMSN,387454.78641
2026-03-08,SNDK,1302843.5730075
2026-03-08,TSLA,3878311.944359999
2026-03-08,TSM,1680950.1057250001
2026-03-08,URNM,482039.78626250004
2026-03-08,USAR,27044.815367499996
2026-03-08,XYZ100,105449130.266025
2026-03-09,AAPL,3951676.0897574998
2026-03-09,AMD,3087691.2494999995
2026-03-09,AMZN,6675854.6359375
2026-03-09,BABA,4699492.5035625
2026-03-09,BRENTOIL,283300941.14605004
2026-03-09,CL,1895309638.4970438
2026-03-09,COIN,11714277.0498225
2026-03-09,COPPER,21467717.698800005
2026-03-09,CRCL,28874659.569420498
2026-03-09,CRWV,2224613.9000950004
2026-03-09,EUR,19928653.77125
2026-03-09,EWJ,794670.852478
2026-03-09,EWY,19681554.63828
2026-03-09,GOLD,82472205.45357
2026-03-09,GOOGL,12163404.0737375
2026-03-09,HOOD,14654148.852740249
2026-03-09,HYUNDAI,535697.6049
2026-03-09,INTC,11775236.095519999
2026-03-09,JPY,15307658.858774997
2026-03-09,META,3485734.8004000005
2026-03-09,MSFT,4151280.939
2026-03-09,MSTR,9537014.009650001
2026-03-09,MU,21666007.284885004
2026-03-09,NATGAS,41696075.89862
2026-03-09,NFLX,4225488.829530501
2026-03-09,NVDA,35856827.694240004
2026-03-09,ORCL,4945068.18195
2026-03-09,PALLADIUM,211158.86256000004
2026-03-09,PLATINUM,10960838.862329999
2026-03-09,PLTR,8045376.846779999
2026-03-09,RIVN,1494885.5157125
2026-03-09,SILVER,449024866.9663725
2026-03-09,SKHX,4644009.738139999
2026-03-09,SMSN,1177637.3634900001
2026-03-09,SNDK,20876212.91836
2026-03-09,TSLA,19011414.642587498
2026-03-09,TSM,3362553.4334
2026-03-09,URNM,2663379.605535
2026-03-09,USAR,1939517.1209400005
2026-03-09,XYZ100,553448480.1478751
2026-03-10,AAPL,2565083.7310175
2026-03-10,AMD,2516186.0412000003
2026-03-10,AMZN,3543274.3476775
2026-03-10,BABA,3698931.36972
2026-03-10,BRENTOIL,193365481.29629248
2026-03-10,CL,1178222834.931088
2026-03-10,COIN,10860695.641475001
2026-03-10,COPPER,12324836.960444251
2026-03-10,CRCL,28658608.50882
2026-03-10,CRWV,2259228.1712275
2026-03-10,EUR,13251040.900249999
2026-03-10,EWJ,429033.88126650004
2026-03-10,EWY,35157642.565665
2026-03-10,GOLD,76469933.03788999
2026-03-10,GOOGL,7074335.486674999
2026-03-10,HOOD,13912209.281534998
2026-03-10,HYUNDAI,584360.537415
2026-03-10,INTC,12884693.8834125
2026-03-10,JPY,12602039.063700002
2026-03-10,META,2378479.665195
2026-03-10,MSFT,2256986.0201375005
2026-03-10,MSTR,15844308.628275
2026-03-10,MU,12270604.9992425
2026-03-10,NATGAS,19497843.4102275
2026-03-10,NFLX,1605418.8553845
2026-03-10,NVDA,24420409.9688
2026-03-10,ORCL,6985034.196040001
2026-03-10,PALLADIUM,71060.2086525
2026-03-10,PLATINUM,6314009.464195001
2026-03-10,PLTR,6244405.847680001
2026-03-10,RIVN,4239919.8388225
2026-03-10,SILVER,236404835.3436
2026-03-10,SKHX,7238849.429065
2026-03-10,SMSN,841148.3763049998
2026-03-10,SNDK,11017205.974125
2026-03-10,TSLA,21364956.325544998
2026-03-10,TSM,1336945.7507749998
2026-03-10,URNM,2984245.690035
2026-03-10,USAR,1921718.8050125001
2026-03-10,XYZ100,379224231.305625
2026-03-11,AAPL,3069588.9159
2026-03-11,AMD,2141755.14451
2026-03-11,AMZN,3749949.8179650004
2026-03-11,BABA,2005143.80196
2026-03-11,BRENTOIL,151775219.55986997
2026-03-11,CL,1095645037.7722502
2026-03-11,COIN,11532523.517414998
2026-03-11,COPPER,8404710.57334275
2026-03-11,CRCL,30939070.482369997
2026-03-11,CRWV,2559340.7145
2026-03-11,EUR,10061598.88116
2026-03-11,EWJ,559520.3214632501
2026-03-11,EWY,9480851.4999975
2026-03-11,GOLD,63099157.357710004
2026-03-11,GOOGL,5037914.23521
2026-03-11,HOOD,17397533.4312105
2026-03-11,HYUNDAI,448767.69432
2026-03-11,INTC,9473339.1568675
2026-03-11,JPY,4850302.4955
2026-03-11,META,2430506.5940775
2026-03-11,MSFT,3277112.7200625003
2026-03-11,MSTR,7661240.2488375
2026-03-11,MU,6506570.28659
2026-03-11,NATGAS,16541119.149030002
2026-03-11,NFLX,1605563.76173175
2026-03-11,NVDA,12491377.832735
2026-03-11,ORCL,14261724.98895
2026-03-11,PALLADIUM,15789.508875
2026-03-11,PLATINUM,7577902.296637501
2026-03-11,PLTR,8965129.953285
2026-03-11,RIVN,3019959.26475
2026-03-11,SILVER,230347607.743105
2026-03-11,SKHX,2830102.7288100002
2026-03-11,SMSN,844823.53624
2026-03-11,SNDK,14008528.579349998
2026-03-11,TSLA,22446563.8768
2026-03-11,TSM,1604036.2045975
2026-03-11,URNM,613293.68402
2026-03-11,USAR,1988556.2623875
2026-03-11,XYZ100,270989186.3828
2026-03-12,AAPL,4414873.321050001
2026-03-12,AMD,2480918.5860400004
2026-03-12,AMZN,3432055.94004
2026-03-12,BABA,3004356.87414
2026-03-12,BRENTOIL,236855801.07027748
2026-03-12,CL,1256506841.2422898
2026-03-12,COIN,12983382.9615825
2026-03-12,COPPER,18215872.879802004
2026-03-12,CRCL,25018710.7533875
2026-03-12,CRWV,2083084.6346625001
2026-03-12,EUR,17121156.95004
2026-03-12,EWJ,799704.3994950001
2026-03-12,EWY,12566618.046772499
2026-03-12,GOLD,82298328.6978225
2026-03-12,GOOGL,19441699.88617
2026-03-12,HOOD,13482528.0642195
2026-03-12,HYUNDAI,336805.50897749997
2026-03-12,INTC,8260435.596464999
2026-03-12,JPY,12670114.075575
2026-03-12,META,3171306.0167
2026-03-12,MSFT,1875151.3037625
2026-03-12,MSTR,5493206.079954999
2026-03-12,MU,9087892.4157
2026-03-12,NATGAS,26861607.224812504
2026-03-12,NFLX,2639380.687242
2026-03-12,NVDA,15881360.221875
2026-03-12,ORCL,5838803.8578
2026-03-12,PALLADIUM,33639.042085
2026-03-12,PLATINUM,15703288.520605002
2026-03-12,PLTR,16534459.7443575
2026-03-12,RIVN,1579876.283885
2026-03-12,SILVER,255364049.0902125
2026-03-12,SKHX,3485953.6936250003
2026-03-12,SMSN,896360.04009
2026-03-12,SNDK,12406285.51488
2026-03-12,TSLA,15834001.0192
2026-03-12,TSM,3004001.4186
2026-03-12,URNM,348529.40395
2026-03-12,USAR,969265.0123199999
2026-03-12,XYZ100,328289294.40965
2026-03-13,AAPL,3227897.7015000004
2026-03-13,AMD,2386237.37925
2026-03-13,AMZN,3208754.1122000003
2026-03-13,BABA,2585043.58515
2026-03-13,BRENTOIL,160123599.86181
2026-03-13,CL,732939593.9739498
2026-03-13,COIN,19885881.919545
2026-03-13,COPPER,7537617.69478
2026-03-13,CRCL,17480988.6161
2026-03-13,CRWV,2693495.9173675
2026-03-13,EUR,14611129.234065
2026-03-13,EWJ,454630.8899549999
2026-03-13,EWY,8373883.604415
2026-03-13,GOLD,105393113.49405
2026-03-13,GOOGL,13253649.389789999
2026-03-13,HOOD,20348909.458738
2026-03-13,HYUNDAI,139187.905155
2026-03-13,INTC,8891534.0572675
2026-03-13,JPY,4654276.939249999
2026-03-13,META,4327940.32328
2026-03-13,MSFT,2506291.1820975
2026-03-13,MSTR,15750949.00995
2026-03-13,MU,11718434.2333
2026-03-13,NATGAS,20111915.4122625
2026-03-13,NFLX,1620328.1862145
2026-03-13,NVDA,22110914.329790004
2026-03-13,ORCL,5434876.06717
2026-03-13,PALLADIUM,102876.62983500001
2026-03-13,PLATINUM,7865458.688920001
2026-03-13,PLTR,15088283.255475
2026-03-13,RIVN,3037443.14664
2026-03-13,SILVER,263555981.02440748
2026-03-13,SKHX,1165582.5393450002
2026-03-13,SMSN,430008.67167
2026-03-13,SNDK,11703396.000825
2026-03-13,TSLA,14948957.917905001
2026-03-13,TSM,764032.9119599999
2026-03-13,URNM,718291.2016350001
2026-03-13,USAR,1614327.750555
2026-03-13,XYZ100,293194122.68537503
2026-03-14,AAPL,256117.221135
2026-03-14,AMD,664845.09147
2026-03-14,AMZN,471108.9933725
2026-03-14,BABA,83126.94663
2026-03-14,BRENTOIL,91365067.95228751
2026-03-14,CL,268193057.6460915
2026-03-14,COIN,2588563.3831199994
2026-03-14,COPPER,2250173.705754
2026-03-14,CRCL,3336848.04915
2026-03-14,CRWV,771477.7526375001
2026-03-14,EUR,8202224.118164999
2026-03-14,EWJ,11779.033746000001
2026-03-14,EWY,1865754.644
2026-03-14,GOLD,12103560.856692502
2026-03-14,GOOGL,532993.39797
2026-03-14,HOOD,1401986.22547725
2026-03-14,HYUNDAI,29987.623744999997
2026-03-14,INTC,1003970.103675
2026-03-14,JPY,6535178.3925
2026-03-14,META,1821444.417225
2026-03-14,MSFT,283743.7752325
2026-03-14,MSTR,3128659.339685
2026-03-14,MU,1744392.2567175
2026-03-14,NATGAS,3687541.5697625005
2026-03-14,NFLX,105737.67325050003
2026-03-14,NVDA,2441473.11914
2026-03-14,ORCL,161296.333385
2026-03-14,PALLADIUM,10944.26824
2026-03-14,PLATINUM,142359.65359
2026-03-14,PLTR,582061.32764
2026-03-14,RIVN,601613.8896625
2026-03-14,SILVER,13486323.203710001
2026-03-14,SKHX,333007.128475
2026-03-14,SMSN,163278.56584
2026-03-14,SNDK,882746.1106725001
2026-03-14,TSLA,2212462.33916
2026-03-14,TSM,138317.0796
2026-03-14,URNM,72956.29396250001
2026-03-14,USAR,11228.479200000002
2026-03-14,XYZ100,102308546.34674999
2026-03-15,AAPL,578442.9904875
2026-03-15,AMD,790923.3859049999
2026-03-15,AMZN,393363.64634999994
2026-03-15,BABA,41806.6504
2026-03-15,BRENTOIL,133137462.696345
2026-03-15,CL,376508797.89843243
2026-03-15,COIN,1671686.4816774998
2026-03-15,COPPER,2296565.5089575
2026-03-15,CRCL,3479846.144275
2026-03-15,CRWV,135387.5976225
2026-03-15,EUR,12216091.694
2026-03-15,EWJ,34495.524048
2026-03-15,EWY,2156231.7211875003
2026-03-15,GOLD,41421414.7664525
2026-03-15,GOOGL,985951.0995
2026-03-15,HOOD,3452017.6025865
2026-03-15,HYUNDAI,50399.37761250001
2026-03-15,INTC,1041260.0121449999
2026-03-15,JPY,6990461.607249999
2026-03-15,META,2125889.3941250006
2026-03-15,MSFT,208140.12644749996
2026-03-15,MSTR,3094175.8540650005
2026-03-15,MU,1181108.1848300002
2026-03-15,NATGAS,7278893.530035
2026-03-15,NFLX,154695.26427325
2026-03-15,NVDA,6896653.2162675
2026-03-15,ORCL,102082.3259775
2026-03-15,PALLADIUM,157225.74685999998
2026-03-15,PLATINUM,1689370.941505
2026-03-15,PLTR,1239961.1786999998
2026-03-15,RIVN,79835.06051000001
2026-03-15,SILVER,51141567.87967501
2026-03-15,SKHX,625760.7425999999
2026-03-15,SMSN,294201.499555
2026-03-15,SNDK,2032560.407835
2026-03-15,TSLA,6628874.75978
2026-03-15,TSM,1305269.796875
2026-03-15,URNM,43798.936109999995
2026-03-15,USAR,23529.001232500003
2026-03-15,XYZ100,137929539.96800002
2026-03-16,AAPL,1239012.4464000002
2026-03-16,AMD,1681395.5334349999
2026-03-16,AMZN,2859934.0620125
2026-03-16,BABA,2914825.547565
2026-03-16,BRENTOIL,232332418.7436875
2026-03-16,CL,680017299.126855
2026-03-16,COIN,12045455.869070001
2026-03-16,COPPER,10084568.6823
2026-03-16,CRCL,18907577.708605
2026-03-16,CRWV,3583481.5578374993
2026-03-16,EUR,10994716.593810001
2026-03-16,EWJ,689096.7347880001
2026-03-16,EWY,12930863.9418375
2026-03-16,GOLD,59251563.34045749
2026-03-16,GOOGL,4613056.085165
2026-03-16,HOOD,8484951.558076002
2026-03-16,HYUNDAI,303225.51530250005
2026-03-16,INTC,6709456.2249
2026-03-16,JPY,8721972.1111
2026-03-16,META,4332302.0317925
2026-03-16,MSFT,1934689.5372325
2026-03-16,MSTR,9019243.081485001
2026-03-16,MU,7629103.09326
2026-03-16,NATGAS,13890354.078465
2026-03-16,NFLX,1290982.405518
2026-03-16,NVDA,36555747.35127
2026-03-16,ORCL,3091504.19395
2026-03-16,PALLADIUM,181609.1102
2026-03-16,PLATINUM,14442024.668539999
2026-03-16,PLTR,7555824.000762501
2026-03-16,RIVN,3555032.0498174997
2026-03-16,SILVER,299425355.2427725
2026-03-16,SKHX,3025207.4325375
2026-03-16,SMSN,731131.50096
2026-03-16,SNDK,13860782.764125
2026-03-16,TSLA,14913491.93285
2026-03-16,TSM,1297599.633625
2026-03-16,URNM,737857.6527174999
2026-03-16,USAR,1841745.2956375
2026-03-16,XYZ100,203185993.3172
2026-03-17,AAPL,2652260.8861800004
2026-03-17,AMD,1402911.8469799997
2026-03-17,AMZN,5060027.323294999
2026-03-17,BABA,2374310.7486349996
2026-03-17,BRENTOIL,142280645.60149997
2026-03-17,CL,410412405.850931
2026-03-17,COIN,8103321.270279999
2026-03-17,COPPER,4792081.804802501
2026-03-17,CRCL,22975590.301295
2026-03-17,CRWV,2651696.4690149995
2026-03-17,EUR,14239198.9603
2026-03-17,EWJ,641295.3155542499
2026-03-17,EWY,14178212.488999998
2026-03-17,GOLD,35423769.2934125
2026-03-17,GOOGL,4454540.682074999
2026-03-17,HOOD,8902685.785295501
2026-03-17,HYUNDAI,343567.9514575
2026-03-17,INTC,8236053.106725001
2026-03-17,JPY,4986969.55575
2026-03-17,META,1760351.156355
2026-03-17,MSFT,1361324.473685
2026-03-17,MSTR,10772038.445317501
2026-03-17,MU,8097677.401739999
2026-03-17,NATGAS,6305828.38074
2026-03-17,NFLX,978059.676778
2026-03-17,NVDA,17780158.562889997
2026-03-17,ORCL,3260971.6642700005
2026-03-17,PALLADIUM,61809.2688
2026-03-17,PLATINUM,9689047.931829998
2026-03-17,PLTR,6048659.47023
2026-03-17,RIVN,1541009.1526875
2026-03-17,SILVER,161754259.91169
2026-03-17,SKHX,2355971.010495
2026-03-17,SMSN,933120.51249
2026-03-17,SNDK,9795808.404585
2026-03-17,TSLA,11346115.9456125
2026-03-17,TSM,981363.3623049998
2026-03-17,URNM,533319.08223
2026-03-17,USAR,838429.8858
2026-03-17,XYZ100,196583282.464725
2026-03-18,AAPL,2748407.294025
2026-03-18,AMD,2298929.0247
2026-03-18,AMZN,2702697.3752999995
2026-03-18,BABA,6473066.652894999
2026-03-18,BRENTOIL,258363502.861095
2026-03-18,CL,852682368.3639077
2026-03-18,COIN,14003541.026999999
2026-03-18,COPPER,16097943.994535254
2026-03-18,CRCL,25884158.228985
2026-03-18,CRWV,2307009.2223749994
2026-03-18,EUR,11026497.594525
2026-03-18,EWJ,659338.8435440001
2026-03-18,EWY,17333078.044664998
2026-03-18,GOLD,85439844.1322925
2026-03-18,GOOGL,5047312.474425
2026-03-18,HOOD,19834291.795230255
2026-03-18,HYUNDAI,211815.90081499997
2026-03-18,INTC,5997151.827345001
2026-03-18,JPY,9040387.6116
2026-03-18,META,3100909.505537499
2026-03-18,MSFT,2451095.9810399995
2026-03-18,MSTR,8546111.231655002
2026-03-18,MU,23203012.117545
2026-03-18,NATGAS,34085713.70336
2026-03-18,NFLX,1019515.5478665
2026-03-18,NVDA,19481924.346884996
2026-03-18,ORCL,3274357.4877450005
2026-03-18,PALLADIUM,190612.38516749998
2026-03-18,PLATINUM,18479849.391185
2026-03-18,PLTR,8865269.5168675
2026-03-18,RIVN,1744755.7352225
2026-03-18,SILVER,301927424.514735
2026-03-18,SKHX,5098387.1891075
2026-03-18,SMSN,1100770.461245
2026-03-18,SNDK,11099474.9288
2026-03-18,SP500,26760883.366925
2026-03-18,TSLA,9646409.405875
2026-03-18,TSM,947745.8398175
2026-03-18,URNM,1157244.987465
2026-03-18,USAR,1098869.1120225
2026-03-18,XYZ100,295524523.332025
2026-03-19,AAPL,2573140.085065
2026-03-19,AMD,2253676.836405
2026-03-19,AMZN,3319153.79661
2026-03-19,BABA,5560351.424009999
2026-03-19,BRENTOIL,635063212.5604725
2026-03-19,CL,978080014.842468
2026-03-19,COIN,12049890.405759998
2026-03-19,COPPER,28267041.494107503
2026-03-19,CRCL,48998911.25505
2026-03-19,CRWV,2091006.864135
2026-03-19,EUR,9109254.24084
2026-03-19,EWJ,1401818.14389475
2026-03-19,EWY,16767784.149119997
2026-03-19,GOLD,267989123.00481746
2026-03-19,GOOGL,3983628.953025
2026-03-19,HOOD,12916292.85048
2026-03-19,HYUNDAI,156456.019065
2026-03-19,INTC,5524166.5654175
2026-03-19,JPY,10587471.3396
2026-03-19,META,2836240.8000674993
2026-03-19,MSFT,1660918.4455275002
2026-03-19,MSTR,7736089.535410001
2026-03-19,MU,17112989.03699
2026-03-19,NATGAS,52933831.5625
2026-03-19,NFLX,1090880.2692497498
2026-03-19,NVDA,21717986.8842
2026-03-19,ORCL,3048211.26953
2026-03-19,PALLADIUM,548669.26801
2026-03-19,PLATINUM,25372310.874505002
2026-03-19,PLTR,12444656.7455
2026-03-19,RIVN,6381949.83426
2026-03-19,SILVER,853056606.8881125
2026-03-19,SKHX,3190537.1720950003
2026-03-19,SMSN,691055.5516425
2026-03-19,SNDK,13979965.17843
2026-03-19,SP500,122003963.620125
2026-03-19,TSLA,20718098.003700003
2026-03-19,TSM,916381.013415
2026-03-19,URNM,1662530.4007599999
2026-03-19,USAR,973063.4232800001
2026-03-19,XYZ100,365527788.278
2026-03-20,AAPL,3110978.68152
2026-03-20,AMD,1361503.4406875002
2026-03-20,AMZN,3199185.2515224996
2026-03-20,BABA,1162899.8620950002
2026-03-20,BRENTOIL,314452832.31179994
2026-03-20,CL,426055020.58097
2026-03-20,COIN,14114568.62742
2026-03-20,COPPER,11429218.982277501
2026-03-20,CRCL,49107821.641059995
2026-03-20,CRWV,1987136.1810299999
2026-03-20,EUR,11997155.85
2026-03-20,EWJ,3455746.0965755
2026-03-20,EWY,9850434.729075
2026-03-20,GOLD,169795399.7655775
2026-03-20,GOOGL,5514338.5194025
2026-03-20,HOOD,11858219.782738
2026-03-20,HYUNDAI,137683.36974999998
2026-03-20,INTC,6343348.5664099995
2026-03-20,JPY,10990133.944250003
2026-03-20,META,2353296.22346
2026-03-20,MSFT,2679705.1303749997
2026-03-20,MSTR,5841646.6564825
2026-03-20,MU,12503856.331710001
2026-03-20,NATGAS,37267033.274955004
2026-03-20,NFLX,1442157.2199879999
2026-03-20,NVDA,16146624.786224999
2026-03-20,ORCL,2239952.9411025
2026-03-20,PALLADIUM,256556.008825
2026-03-20,PLATINUM,14018166.4112875
2026-03-20,PLTR,14062134.06353
2026-03-20,RIVN,3966077.8839500006
2026-03-20,SILVER,427190864.1534375
2026-03-20,SKHX,2899682.8985500005
2026-03-20,SMSN,378200.94438
2026-03-20,SNDK,14834282.26
2026-03-20,SP500,116772478.74925
2026-03-20,TSLA,24966933.979382504
2026-03-20,TSM,951360.7295500002
2026-03-20,URNM,606781.012425
2026-03-20,USAR,1858683.4165025
2026-03-20,XYZ100,251795325.77400002
2026-03-21,AAPL,341904.21265
2026-03-21,AMD,852114.5755200001
2026-03-21,AMZN,602033.1831699999
2026-03-21,BABA,668912.4673199999
2026-03-21,BRENTOIL,72626637.6616
2026-03-21,CL,71182564.190244
2026-03-21,COIN,2579215.40873
2026-03-21,COPPER,12586707.704408253
2026-03-21,CRCL,5148517.896565
2026-03-21,CRWV,235690.55005
2026-03-21,EUR,5647362.6015975
2026-03-21,EWJ,413690.496912
2026-03-21,EWY,3282450.1032000002
2026-03-21,GOLD,21019926.682214998
2026-03-21,GOOGL,750117.327345
2026-03-21,HOOD,2531117.0005739997
2026-03-21,HYUNDAI,7215.8533275
2026-03-21,INTC,1274070.05884
2026-03-21,JPY,10175512.62425
2026-03-21,META,532232.5111125001
2026-03-21,MSFT,263199.70062
2026-03-21,MSTR,2717460.4284449997
2026-03-21,MU,1742836.2787150005
2026-03-21,NATGAS,4378292.023709999
2026-03-21,NFLX,134042.56215749998
2026-03-21,NVDA,5721457.584075001
2026-03-21,ORCL,185107.225045
2026-03-21,PALLADIUM,20763.806757500002
2026-03-21,PLATINUM,453816.792
2026-03-21,PLTR,1723356.45261
2026-03-21,RIVN,2507.4629325
2026-03-21,SILVER,21407381.1769075
2026-03-21,SKHX,615115.6653825
2026-03-21,SMSN,306197.8082325
2026-03-21,SNDK,826760.002125
2026-03-21,SP500,15244547.708399996
2026-03-21,TSLA,3189859.93242
2026-03-21,TSM,229269.15972999996
2026-03-21,URNM,37910.47031999999
2026-03-21,USAR,109262.14072499998
2026-03-21,XYZ100,40546470.796799995
2026-03-22,AAPL,715332.080205
2026-03-22,AMD,479786.28773249994
2026-03-22,AMZN,879182.066265
2026-03-22,BABA,629063.2158125
2026-03-22,BRENTOIL,202211878.036425
2026-03-22,CL,208385415.35276625
2026-03-22,COIN,3840299.4701025
2026-03-22,COPPER,3014991.094029
2026-03-22,CRCL,5462886.791110001
2026-03-22,CRWV,205170.08107749998
2026-03-22,EUR,9390983.910930002
2026-03-22,EWJ,109994.50147675
2026-03-22,EWY,4325901.751375
2026-03-22,GOLD,66199408.2926
2026-03-22,GOOGL,1025067.30984
2026-03-22,HOOD,5221380.037426
2026-03-22,HYUNDAI,110007.31378
2026-03-22,INTC,1152957.30345
2026-03-22,JPY,9568024.0383
2026-03-22,META,1108759.21722
2026-03-22,MSFT,554892.1112925
2026-03-22,MSTR,5994160.336035
2026-03-22,MU,1896985.26472
2026-03-22,NATGAS,10847582.6074875
2026-03-22,NFLX,57603.105587
2026-03-22,NVDA,6087305.798040001
2026-03-22,ORCL,167390.25167250002
2026-03-22,PALLADIUM,34984.164897500006
2026-03-22,PLATINUM,3292259.7408
2026-03-22,PLTR,1524252.8698649998
2026-03-22,RIVN,26145.492065
2026-03-22,SILVER,102934722.14590502
2026-03-22,SKHX,2347367.91875
2026-03-22,SMSN,476322.98002499994
2026-03-22,SNDK,1440006.3465800001
2026-03-22,SP500,46305894.24225
2026-03-22,TSLA,9024851.88969
2026-03-22,TSM,1062403.69053
2026-03-22,URNM,119834.16880000001
2026-03-22,USAR,88947.8217525
2026-03-22,XYZ100,78835254.52440001
2026-03-23,AAPL,4629726.039085
2026-03-23,AMD,4224721.9672625
2026-03-23,AMZN,6689240.616812499
2026-03-23,BABA,5859607.337325
2026-03-23,BRENTOIL,942838423.3543102
2026-03-23,CL,1254135467.34609
2026-03-23,COIN,15786728.089950003
2026-03-23,COPPER,46548231.5736685
2026-03-23,CRCL,62916161.493204996
2026-03-23,CRWV,6048531.498105
2026-03-23,EUR,11172239.8049625
2026-03-23,EWJ,3623594.3997575
2026-03-23,EWY,25362560.3420175
2026-03-23,GOLD,579839951.5371501
2026-03-23,GOOGL,10407256.84635
2026-03-23,HOOD,16693227.274673
2026-03-23,HYUNDAI,378640.11812500004
2026-03-23,INTC,12065040.664912501
2026-03-23,JPY,10180675.940000001
2026-03-23,META,6346050.833125
2026-03-23,MSFT,4813354.984030001
2026-03-23,MSTR,14790683.189327499
2026-03-23,MU,26290590.733767502
2026-03-23,NATGAS,55356778.518599994
2026-03-23,NFLX,3745914.702375
2026-03-23,NVDA,43850882.256437495
2026-03-23,ORCL,4647362.974415
2026-03-23,PALLADIUM,431165.899125
2026-03-23,PLATINUM,44558964.4045275
2026-03-23,PLTR,18751103.693514995
2026-03-23,RIVN,5505287.775435
2026-03-23,SILVER,1352352289.4626203
2026-03-23,SKHX,6731100.296182499
2026-03-23,SMSN,919001.36895
2026-03-23,SNDK,17689451.387050003
2026-03-23,SP500,289383252.86242497
2026-03-23,TSLA,33769852.10157
2026-03-23,TSM,2544847.4102299996
2026-03-23,URNM,755232.19085
2026-03-23,USAR,3808999.8040749994
2026-03-23,XYZ100,377431923.09625
2026-03-24,AAPL,3231753.081375
2026-03-24,AMD,2377811.5528125004
2026-03-24,AMZN,3309548.6303825
2026-03-24,BABA,2856431.671465
2026-03-24,BRENTOIL,554355110.9968499
2026-03-24,CL,772867297.2002
2026-03-24,COIN,16672150.758159999
2026-03-24,COPPER,23087776.713331494
2026-03-24,CRCL,108834174.91966799
2026-03-24,CRWV,3851050.3473750004
2026-03-24,EUR,13324026.126765002
2026-03-24,EWJ,612700.7408855
2026-03-24,EWY,20785160.593810003
2026-03-24,GOLD,232132306.91475
2026-03-24,GOOGL,4162540.038959999
2026-03-24,HOOD,11415098.95277625
2026-03-24,HYUNDAI,131871.1331
2026-03-24,INTC,7595723.956800001
2026-03-24,JPY,8148265.3629
2026-03-24,META,1631792.6581700002
2026-03-24,MSFT,2908303.69974
2026-03-24,MSTR,6453522.674565001
2026-03-24,MU,21705933.887310006
2026-03-24,NATGAS,30184317.249089997
2026-03-24,NFLX,974076.0295499999
2026-03-24,NVDA,22237935.7724125
2026-03-24,ORCL,1833833.7378025
2026-03-24,PALLADIUM,217780.574375
2026-03-24,PLATINUM,23362249.826387502
2026-03-24,PLTR,13315268.57875
2026-03-24,RIVN,1950267.0388500004
2026-03-24,SILVER,607914907.8967301
2026-03-24,SKHX,4831140.11751
2026-03-24,SMSN,381355.7531699999
2026-03-24,SNDK,9388545.3225625
2026-03-24,SP500,229028397.1085
2026-03-24,TSLA,28345714.053559996
2026-03-24,TSM,892845.8868
2026-03-24,URNM,174777.2310725
2026-03-24,USAR,2292719.1897824993
2026-03-24,XYZ100,296447946.8808
2026-03-25,AAPL,2079640.5404799997
2026-03-25,AMD,3466431.4125625
2026-03-25,AMZN,2540835.4068899998
2026-03-25,BABA,3922130.202185
2026-03-25,BRENTOIL,401356366.06894994
2026-03-25,CL,548208008.07184
2026-03-25,COIN,10647204.7475
2026-03-25,COPPER,12373330.813519
2026-03-25,COST,4006.8865100000003
2026-03-25,CRCL,74589543.92139749
2026-03-25,CRWV,1900374.35468
2026-03-25,DKNG,138296.82118
2026-03-25,EUR,15220460.74615
2026-03-25,EWJ,538870.99791375
2026-03-25,EWY,10990746.115460001
2026-03-25,GOLD,141021780.95367002
2026-03-25,GOOGL,5217660.997412499
2026-03-25,HIMS,6367.191089999999
2026-03-25,HOOD,14014381.488954002
2026-03-25,HYUNDAI,18341.229195
2026-03-25,INTC,12739761.678925
2026-03-25,JPY,8423857.295
2026-03-25,LLY,4273.817789
2026-03-25,META,2405136.3201074996
2026-03-25,MSFT,4244902.384297499
2026-03-25,MSTR,6021662.43191
2026-03-25,MU,18247593.234885
2026-03-25,NATGAS,27361118.497405
2026-03-25,NFLX,1247376.34827
2026-03-25,NVDA,22484520.55902
2026-03-25,ORCL,2700249.16
2026-03-25,PALLADIUM,195359.25262500002
2026-03-25,PLATINUM,20930348.607954998
2026-03-25,PLTR,7184189.2696
2026-03-25,RIVN,1797007.7681
2026-03-25,SILVER,450259616.449335
2026-03-25,SKHX,3115953.040725
2026-03-25,SMSN,502595.45519999997
2026-03-25,SNDK,18938846.3355
2026-03-25,SP500,194006016.2339
2026-03-25,TSLA,20778015.753055
2026-03-25,TSM,818722.9652224999
2026-03-25,URNM,688795.59753
2026-03-25,USAR,2044523.5308749997
2026-03-25,XYZ100,175050307.3704
2026-03-26,AAPL,4050118.18992
2026-03-26,AMD,3041776.1087375
2026-03-26,AMZN,3757260.4339799997
2026-03-26,BABA,948201.906975
2026-03-26,BRENTOIL,352790204.321475
2026-03-26,CL,435261156.5322269
2026-03-26,COIN,8454480.582929999
2026-03-26,COPPER,6650612.84943125
2026-03-26,COST,16347.2291735
2026-03-26,CRCL,41013965.337814495
2026-03-26,CRWV,2668500.983025
2026-03-26,DKNG,45469.319632499995
2026-03-26,EUR,19371191.877074998
2026-03-26,EWJ,445204.89244774997
2026-03-26,EWY,14367240.105434999
2026-03-26,GOLD,127603200.8713375
2026-03-26,GOOGL,6566697.065047501
2026-03-26,HIMS,229348.3257075
2026-03-26,HOOD,8940688.175496
2026-03-26,HYUNDAI,139890.44174
2026-03-26,INTC,6459739.6413275
2026-03-26,JPY,7897001.938799999
2026-03-26,LLY,15757.527806249998
2026-03-26,META,5412454.52538
2026-03-26,MSFT,2961152.4190325
2026-03-26,MSTR,3898187.1074000006
2026-03-26,MU,16049109.909442503
2026-03-26,NATGAS,17175042.04905
2026-03-26,NFLX,4431840.862417
2026-03-26,NVDA,20379481.487985
2026-03-26,ORCL,1327835.3908499999
2026-03-26,PALLADIUM,435696.5031749999
2026-03-26,PLATINUM,20965751.290675
2026-03-26,PLTR,6945428.64015
2026-03-26,RIVN,1294619.2078500001
2026-03-26,SILVER,573867352.63074
2026-03-26,SKHX,4307220.0600000005
2026-03-26,SMSN,483332.8916075
2026-03-26,SNDK,31887119.561175
2026-03-26,SP500,190546317.1232
2026-03-26,TSLA,17767541.55865
2026-03-26,TSM,884665.3277749999
2026-03-26,URNM,214481.93531250002
2026-03-26,USAR,648627.5835375
2026-03-26,XYZ100,214304958.729725
2026-03-27,AAPL,3660739.67552
2026-03-27,AMD,1666372.7813999997
2026-03-27,AMZN,6846407.788815
2026-03-27,BABA,716806.261215
2026-03-27,BRENTOIL,362654812.9097
2026-03-27,CL,397619320.087817
2026-03-27,COIN,9152471.922165
2026-03-27,COPPER,3349789.363266
2026-03-27,COST,7732.8491
2026-03-27,CRCL,40773267.108696
2026-03-27,CRWV,3611940.3575775004
2026-03-27,DKNG,1179.30632
2026-03-27,EUR,18729698.34529
2026-03-27,EWJ,788957.3107875
2026-03-27,EWY,15861876.734830001
2026-03-27,GOLD,144041740.064375
2026-03-27,GOOGL,14758734.082860002
2026-03-27,HIMS,228099.66815999997
2026-03-27,HOOD,10364447.2403985
2026-03-27,HYUNDAI,109024.65798
2026-03-27,INTC,8314850.124687499
2026-03-27,JPY,11603387.532525
2026-03-27,LLY,18719.886808
2026-03-27,META,7786621.640700001
2026-03-27,MSFT,4045410.192785
2026-03-27,MSTR,7965210.593025
2026-03-27,MU,32014466.0281375
2026-03-27,NATGAS,16160066.89748
2026-03-27,NFLX,3477074.72692525
2026-03-27,NVDA,32793286.712159995
2026-03-27,ORCL,1795910.0352
2026-03-27,PALLADIUM,581664.31163
2026-03-27,PLATINUM,21701426.2479175
2026-03-27,PLTR,8302733.743679999
2026-03-27,RIVN,1853307.59875
2026-03-27,SILVER,405785908.86925
2026-03-27,SKHX,1565105.814875
2026-03-27,SMSN,278414.87265
2026-03-27,SNDK,16113409.33406
2026-03-27,SP500,222205576.07770002
2026-03-27,TSLA,34029582.302835
2026-03-27,TSM,874371.5789925
2026-03-27,URNM,829504.9010150001
2026-03-27,USAR,571187.0792499998
2026-03-27,XYZ100,193990198.84435
2026-03-28,AAPL,911894.7345899999
2026-03-28,AMD,504293.48594999994
2026-03-28,AMZN,577639.97845
2026-03-28,BABA,240013.24003
2026-03-28,BRENTOIL,76860038.77037501
2026-03-28,CL,114077027.78580526
2026-03-28,COIN,2271339.751765
2026-03-28,COPPER,256060.93442399998
2026-03-28,COST,215.26246349999997
2026-03-28,CRCL,3189022.876826
2026-03-28,CRWV,132750.66435
2026-03-28,DKNG,10.63296
2026-03-28,EUR,16107696.274319997
2026-03-28,EWJ,33884.825058500006
2026-03-28,EWY,721159.14285
2026-03-28,GOLD,9398572.909274999
2026-03-28,GOOGL,2697308.557355
2026-03-28,HIMS,5901.759555
2026-03-28,HOOD,2433671.0462447507
2026-03-28,HYUNDAI,3307.49352
2026-03-28,INTC,1521541.4539825004
2026-03-28,JPY,7899491.3161
2026-03-28,LLY,989.710368
2026-03-28,META,915285.8783599999
2026-03-28,MSFT,686379.69736
2026-03-28,MSTR,2072485.5250500003
2026-03-28,MU,8311947.981435
2026-03-28,NATGAS,3851535.3624
2026-03-28,NFLX,580975.68973625
2026-03-28,NVDA,3803903.2203
2026-03-28,ORCL,334483.026345
2026-03-28,PALLADIUM,23918.203395
2026-03-28,PLATINUM,376838.92533
2026-03-28,PLTR,1219765.9288799998
2026-03-28,RIVN,9055.60029
2026-03-28,SILVER,7118271.420555
2026-03-28,SKHX,100177.48607
2026-03-28,SMSN,30420.3550125
2026-03-28,SNDK,689215.3224000001
2026-03-28,SP500,31132297.970699996
2026-03-28,TSLA,6829435.1253225
2026-03-28,TSM,148885.97533
2026-03-28,URNM,11646.960885
2026-03-28,USAR,9315.252035000001
2026-03-28,XYZ100,28658126.733599998
2026-03-29,AAPL,554504.51808
2026-03-29,AMD,274217.741
2026-03-29,AMZN,880596.0592225001
2026-03-29,BABA,69188.54107500002
2026-03-29,BRENTOIL,114059087.80105
2026-03-29,CL,181481698.67073825
2026-03-29,COIN,1524384.030635
2026-03-29,COPPER,2081741.8807247502
2026-03-29,COST,372.5014715
2026-03-29,CRCL,3023350.6467937506
2026-03-29,CRWV,25763.74265
2026-03-29,DKNG,689.167975
2026-03-29,EUR,14472827.48961
2026-03-29,EWJ,80751.4492535
2026-03-29,EWY,2066608.71786
2026-03-29,GOLD,32532592.691885002
2026-03-29,GOOGL,1271359.127405
2026-03-29,HIMS,755.9773250000001
2026-03-29,HOOD,1302879.37536
2026-03-29,HYUNDAI,10095.276974999999
2026-03-29,INTC,1189438.7270850001
2026-03-29,JPY,12525944.7049
2026-03-29,LLY,2311.2739540000002
2026-03-29,META,419463.601935
2026-03-29,MSFT,375037.84719999996
2026-03-29,MSTR,1221032.9834
2026-03-29,MU,1522038.6042324998
2026-03-29,NATGAS,14965471.288800001
2026-03-29,NFLX,59311.101792
2026-03-29,NVDA,3872701.3992075
2026-03-29,ORCL,26099.1385875
2026-03-29,PALLADIUM,57206.1026625
2026-03-29,PLATINUM,4426075.3881
2026-03-29,PLTR,952312.7264124999
2026-03-29,RIVN,20445.070967500003
2026-03-29,SILVER,54705027.634937495
2026-03-29,SKHX,684632.3149400001
2026-03-29,SMSN,168228.8024625
2026-03-29,SNDK,753121.5665399999
2026-03-29,SP500,52315357.8544
2026-03-29,TSLA,5106656.97801
2026-03-29,TSM,12684.137549999998
2026-03-29,URNM,30248.952375
2026-03-29,USAR,3564.6027799999997
2026-03-29,XYZ100,59420256.840675
2026-03-30,AAPL,3063036.1203325
2026-03-30,AMD,2038262.7218249997
2026-03-30,AMZN,2572717.45127
2026-03-30,BABA,716857.78296
2026-03-30,BRENTOIL,362722457.38560003
2026-03-30,CL,542602885.4416801
2026-03-30,COIN,7287035.8246524995
2026-03-30,COPPER,6983666.8149172515
2026-03-30,COST,23248.202691
2026-03-30,CRCL,32021673.4498245
2026-03-30,CRWV,2270346.5289924997
2026-03-30,DKNG,34506.85194
2026-03-30,EUR,18537567.57555
2026-03-30,EWJ,884234.173537
2026-03-30,EWY,8038100.63333
2026-03-30,GOLD,94627616.594435
2026-03-30,GOOGL,13115936.157475
2026-03-30,HIMS,72905.45479
2026-03-30,HOOD,12524909.156134
2026-03-30,HYUNDAI,335958.8412225
2026-03-30,INTC,8496563.50488
2026-03-30,JPY,10418593.31
2026-03-30,LLY,217183.013016
2026-03-30,META,4310343.57808
2026-03-30,MSFT,6862045.275800001
2026-03-30,MSTR,5746096.13504
2026-03-30,MU,36488811.41516
2026-03-30,NATGAS,50781852.552412495
2026-03-30,NFLX,1203768.425736
2026-03-30,NVDA,23108899.1777
2026-03-30,ORCL,701378.42967
2026-03-30,PALLADIUM,694074.61585
2026-03-30,PLATINUM,17418082.3201
2026-03-30,PLTR,6822511.5153
2026-03-30,RIVN,367780.85375999997
2026-03-30,SILVER,282529051.32246757
2026-03-30,SKHX,3397477.2714699996
2026-03-30,SMSN,945701.123705
2026-03-30,SNDK,25081343.506967496
2026-03-30,SP500,224690349.62880003
2026-03-30,TSLA,23914489.78215
2026-03-30,TSM,2788023.06225
2026-03-30,URNM,550914.9144349999
2026-03-30,USAR,643680.1519
2026-03-30,XYZ100,214118911.7662
2026-03-31,AAPL,4370361.8444575
2026-03-31,AMD,2228037.3365249997
2026-03-31,AMZN,4433976.382805
2026-03-31,BABA,979963.20092
2026-03-31,BRENTOIL,704957715.037575
2026-03-31,CL,821644225.2376275
2026-03-31,COIN,12033930.471035002
2026-03-31,COPPER,7430200.380894
2026-03-31,COST,21076.61976
2026-03-31,CRCL,33489543.399664745
2026-03-31,CRWV,4596454.512000001
2026-03-31,DKNG,24960.422475
2026-03-31,EUR,12662278.578697503
2026-03-31,EWJ,1207635.7414492501
2026-03-31,EWY,20510911.25553
2026-03-31,GOLD,151051630.09333497
2026-03-31,GOOGL,10571330.698077502
2026-03-31,HIMS,305294.40644500003
2026-03-31,HOOD,18158734.7175075
2026-03-31,HYUNDAI,383110.03258500004
2026-03-31,INTC,10956068.0162725
2026-03-31,JPY,10145834.7056
2026-03-31,LLY,157118.88067999997
2026-03-31,META,4291657.61643
2026-03-31,MSFT,5965114.42776
2026-03-31,MSTR,7370972.75365
2026-03-31,MU,57108096.6042875
2026-03-31,NATGAS,27301397.97065
2026-03-31,NFLX,1400226.352856
2026-03-31,NVDA,34079543.099385
2026-03-31,ORCL,1859369.226
2026-03-31,PALLADIUM,1021222.5458399999
2026-03-31,PLATINUM,19206260.803444996
2026-03-31,PLTR,8500384.657875001
2026-03-31,RIVN,1106429.6693999998
2026-03-31,SILVER,338684448.21286994
2026-03-31,SKHX,4053372.9944400005
2026-03-31,SMSN,928657.1326
2026-03-31,SNDK,34855319.1498125
2026-03-31,SP500,418269984.29239994
2026-03-31,TSLA,30649875.895400003
2026-03-31,TSM,3636512.5608549993
2026-03-31,URNM,297063.294365
2026-03-31,USAR,949799.3663199999
2026-03-31,XYZ100,466474839.41435
2026-04-01,AAPL,2764727.61355
2026-04-01,AMD,2237562.05134
2026-04-01,AMZN,3276321.1732125003
2026-04-01,BABA,1030397.1717649999
2026-04-01,BRENTOIL,734289882.4699875
2026-04-01,CL,842697244.516485
2026-04-01,COIN,16209596.5096125
2026-04-01,COPPER,6208331.88529925
2026-04-01,COST,94776.42809025
2026-04-01,CRCL,41417200.1114235
2026-04-01,CRWV,3802486.555175
2026-04-01,DKNG,51065.729100000004
2026-04-01,EUR,13981468.6856625
2026-04-01,EWJ,1468316.1476122502
2026-04-01,EWY,13035262.29785
2026-04-01,GOLD,106415212.0031325
2026-04-01,GOOGL,12563371.4073875
2026-04-01,HIMS,143118.441615
2026-04-01,HOOD,11836172.78836575
2026-04-01,HYUNDAI,176604.65311499996
2026-04-01,INTC,19396175.42295
2026-04-01,JPY,11819573.9166
2026-04-01,LLY,1431960.426624
2026-04-01,META,4139092.057725
2026-04-01,MSFT,3796192.8246825007
2026-04-01,MSTR,4668885.24564
2026-04-01,MU,32889760.457805004
2026-04-01,NATGAS,15655272.820110003
2026-04-01,NFLX,1733095.0353885
2026-04-01,NVDA,25893825.4410975
2026-04-01,ORCL,1387661.5810600002
2026-04-01,PALLADIUM,917373.6693000001
2026-04-01,PLATINUM,14469092.9742275
2026-04-01,PLTR,9274902.137585
2026-04-01,RIVN,1285108.0981000003
2026-04-01,SILVER,290021630.46086
2026-04-01,SKHX,2739437.1359699997
2026-04-01,SMSN,1241147.9696
2026-04-01,SNDK,41074853.55155
2026-04-01,SP500,309823073.24565005
2026-04-01,TSLA,17359912.524490003
2026-04-01,TSM,1996499.59425
2026-04-01,URNM,197010.71443999998
2026-04-01,USAR,1760063.463535
2026-04-01,XYZ100,363142307.1475
2026-04-02,AAPL,3653027.8570800005
2026-04-02,AMD,3186994.700925
2026-04-02,AMZN,4639186.28747
2026-04-02,BABA,1724753.584925
2026-04-02,BRENTOIL,814582694.4819748
2026-04-02,CL,1184784859.2435975
2026-04-02,COIN,14422413.4970825
2026-04-02,COPPER,10417320.47789875
2026-04-02,COST,1545549.158664
2026-04-02,CRCL,39810095.186400004
2026-04-02,CRWV,3938883.5728200004
2026-04-02,DKNG,338518.2156125
2026-04-02,EUR,12328285.7300775
2026-04-02,EWJ,1683205.0503000002
2026-04-02,EWY,14639682.087535
2026-04-02,GOLD,218119631.56725
2026-04-02,GOOGL,8056836.869175001
2026-04-02,HIMS,296711.02474250004
2026-04-02,HOOD,15647425.891366
2026-04-02,HYUNDAI,1563091.0352999999
2026-04-02,INTC,16744602.863450002
2026-04-02,JPY,13250214.331575
2026-04-02,LLY,775165.8657435001
2026-04-02,META,3112443.3694199994
2026-04-02,MSFT,4054763.21436
2026-04-02,MSTR,6034969.64964
2026-04-02,MU,27293930.56138
2026-04-02,NATGAS,23301584.820270002
2026-04-02,NFLX,3574776.8801095
2026-04-02,NVDA,33042795.533317503
2026-04-02,ORCL,2325543.3479025
2026-04-02,PALLADIUM,873337.0797025
2026-04-02,PLATINUM,14084441.91925
2026-04-02,PLTR,10044914.583182499
2026-04-02,RIVN,1901210.2366850001
2026-04-02,SILVER,402254029.7211
2026-04-02,SKHX,3560966.86033
2026-04-02,SMSN,1024183.7937975
2026-04-02,SNDK,47215986.498862505
2026-04-02,SP500,500685902.6344999
2026-04-02,TSLA,28200606.169529997
2026-04-02,TSM,680304.3740475
2026-04-02,URNM,239592.2876
2026-04-02,USAR,1890276.149525
2026-04-02,XYZ100,461480943.0639
2026-04-03,AAPL,563260.4255025
2026-04-03,AMD,233053.04589
2026-04-03,AMZN,424093.70118750003
2026-04-03,BABA,124627.857045
2026-04-03,BRENTOIL,77072140.24875
2026-04-03,CL,140371212.17368
2026-04-03,COIN,1364735.37858
2026-04-03,COPPER,1043399.664675
2026-04-03,COST,1910311.1590675
2026-04-03,CRCL,4196469.529923
2026-04-03,CRWV,424425.38545000006
2026-04-03,DKNG,357128.11625500006
2026-04-03,EUR,4338539.700565
2026-04-03,EWJ,386867.16447599995
2026-04-03,EWY,2006363.5770000003
2026-04-03,GOLD,17981512.79466
2026-04-03,GOOGL,1007023.442755
2026-04-03,HIMS,328189.93204000004
2026-04-03,HOOD,1574672.3266990003
2026-04-03,HYUNDAI,20385.186560000002
2026-04-03,INTC,1482746.46093
2026-04-03,JPY,5185896.9876
2026-04-03,LLY,4940.607455
2026-04-03,META,626435.139975
2026-04-03,MSFT,772616.5609125
2026-04-03,MSTR,2600645.1554324995
2026-04-03,MU,1744836.7156725
2026-04-03,NATGAS,1032519.3010999999
2026-04-03,NFLX,70987.4634895
2026-04-03,NVDA,3241105.746779999
2026-04-03,ORCL,145059.8062725
2026-04-03,PALLADIUM,100515.91745
2026-04-03,PLATINUM,283702.5425125
2026-04-03,PLTR,986063.424225
2026-04-03,RIVN,4843.76946
2026-04-03,SILVER,9938931.4762575
2026-04-03,SKHX,1234359.05125
2026-04-03,SMSN,331992.15025999997
2026-04-03,SNDK,1847886.1238775
2026-04-03,SP500,55226870.63537501
2026-04-03,TSLA,4940315.441302501
2026-04-03,TSM,104666.21099999998
2026-04-03,URNM,96092.1644625
2026-04-03,USAR,15183.2771675
2026-04-03,XYZ100,77861355.6267
2026-04-04,AAPL,105861.87656750002
2026-04-04,AMD,158029.61919499998
2026-04-04,AMZN,266177.836775
2026-04-04,BABA,30467.089649999998
2026-04-04,BRENTOIL,43575015.493125
2026-04-04,CL,63580135.88051999
2026-04-04,COIN,722611.418815
2026-04-04,COPPER,497955.95505600004
2026-04-04,COST,1885.5190575
2026-04-04,CRCL,1179771.50181375
2026-04-04,CRWV,149865.36482249998
2026-04-04,DKNG,463665.58428999997
2026-04-04,EUR,5501514.8274449995
2026-04-04,EWJ,394196.670252
2026-04-04,EWY,1134855.8714625
2026-04-04,GOLD,3503282.293735
2026-04-04,GOOGL,1355967.9886200002
2026-04-04,HIMS,569195.7336249999
2026-04-04,HOOD,602628.0798967499
2026-04-04,HYUNDAI,7442.99855
2026-04-04,INTC,643177.0818125
2026-04-04,JPY,3129680.70675
2026-04-04,LLY,792707.48206325
2026-04-04,META,235187.63618
2026-04-04,MSFT,138013.27413
2026-04-04,MSTR,769009.71362
2026-04-04,MU,725446.9621499999
2026-04-04,NATGAS,1062018.9723375
2026-04-04,NFLX,121093.4635905
2026-04-04,NVDA,1472346.9937
2026-04-04,ORCL,25870.526725000003
2026-04-04,PALLADIUM,33740.925457499994
2026-04-04,PLATINUM,74396.41202500001
2026-04-04,PLTR,480703.9202499999
2026-04-04,RIVN,117311.60403000002
2026-04-04,SILVER,8620500.69855
2026-04-04,SKHX,194749.21802999996
2026-04-04,SMSN,132605.4543
2026-04-04,SNDK,1852773.7791875
2026-04-04,SP500,27489171.001249995
2026-04-04,TSLA,1615875.1488100002
2026-04-04,TSM,163884.24947999997
2026-04-04,URNM,163298.27981250003
2026-04-04,USAR,730.2710500000001
2026-04-04,XYZ100,20569505.571149997
2026-04-05,AAPL,227159.66576
2026-04-05,AMD,311079.63977999997
2026-04-05,AMZN,478186.8939225
2026-04-05,BABA,56828.8778425
2026-04-05,BRENTOIL,117031434.84780002
2026-04-05,CL,277976942.63416004
2026-04-05,COIN,2938175.3113749996
2026-04-05,COPPER,1111370.814803
2026-04-05,COST,1041623.3125724999
2026-04-05,CRCL,4638073.121535
2026-04-05,CRWV,47461.8767
2026-04-05,DKNG,459929.48387999996
2026-04-05,EUR,3388200.70006
2026-04-05,EWJ,505169.6996040001
2026-04-05,EWY,2717344.7778300005
2026-04-05,GOLD,33870214.026149996
2026-04-05,GOOGL,1341712.7837750004
2026-04-05,HIMS,376854.42242
2026-04-05,HOOD,3321419.4516885
2026-04-05,HYUNDAI,37696.092007499996
2026-04-05,INTC,2032100.125
2026-04-05,JPY,2267275.15245
2026-04-05,LLY,2831.078448
2026-04-05,META,515199.3272325
2026-04-05,MSFT,279709.709125
2026-04-05,MSTR,3764575.1738524996
2026-04-05,MU,1440163.9788374999
2026-04-05,NATGAS,3863136.381875
2026-04-05,NFLX,63121.512872
2026-04-05,NVDA,3182656.1053224998
2026-04-05,ORCL,214379.3787625
2026-04-05,PALLADIUM,145777.68855
2026-04-05,PLATINUM,13593359.763585
2026-04-05,PLTR,1139079.27014
2026-04-05,RIVN,2584.2328500000003
2026-04-05,SILVER,68755127.03811
2026-04-05,SKHX,319987.4671225
2026-04-05,SMSN,461622.19414499996
2026-04-05,SNDK,1924442.6874500003
2026-04-05,SP500,53417146.1109
2026-04-05,TSLA,4315121.7789
2026-04-05,TSM,131908.91259999998
2026-04-05,URNM,188701.20908
2026-04-05,USAR,6353.2749525
2026-04-05,XYZ100,65827807.284825005
2026-04-06,AAPL,4118538.4040249996
2026-04-06,AMD,1694104.14691
2026-04-06,AMZN,1611092.0145875001
2026-04-06,BABA,758375.6521249999
2026-04-06,BRENTOIL,500295003.73305005
2026-04-06,CL,882618246.780985
2026-04-06,COIN,6840915.82592
2026-04-06,COPPER,5270770.1853825
2026-04-06,COST,10238.6095725
2026-04-06,CRCL,29716385.079690743
2026-04-06,CRWV,989789.348405
2026-04-06,DKNG,350798.637875
2026-04-06,EUR,9629671.963312501
2026-04-06,EWJ,1437197.1029112502
2026-04-06,EWY,10630182.346725
2026-04-06,GOLD,69819451.93518752
2026-04-06,GOOGL,7105255.054065
2026-04-06,HIMS,562574.0636999999
2026-04-06,HOOD,12627926.821661247
2026-04-06,HYUNDAI,9449.3258375
2026-04-06,INTC,11012354.72656
2026-04-06,JPY,9935808.839824999
2026-04-06,LLY,231243.41696925
2026-04-06,META,1950624.2353600003
2026-04-06,MSFT,1559468.831305
2026-04-06,MSTR,7211726.188065001
2026-04-06,MU,10920844.205599999
2026-04-06,NATGAS,28549632.608729996
2026-04-06,NFLX,1657095.87618
2026-04-06,NVDA,10251198.14554
2026-04-06,ORCL,979689.367225
2026-04-06,PALLADIUM,1058533.02784
2026-04-06,PLATINUM,9196426.25664
2026-04-06,PLTR,4015550.4075
2026-04-06,RIVN,464835.6729
2026-04-06,SILVER,257251371.51755995
2026-04-06,SKHX,1098688.3541175001
2026-04-06,SMSN,736287.508075
2026-04-06,SNDK,26573150.017609995
2026-04-06,SP500,217990664.70975003
2026-04-06,TSLA,29812994.0885875
2026-04-06,TSM,3799435.3742874996
2026-04-06,URNM,159416.0156625
2026-04-06,USAR,787530.912235
2026-04-06,XYZ100,307041073.43
2026-04-07,AAPL,13354750.711575
2026-04-07,AMD,3499739.5698375003
2026-04-07,AMZN,5900883.697380001
2026-04-07,BABA,1316102.3887
2026-04-07,BRENTOIL,1050052665.70024
2026-04-07,CL,2146167946.2990584
2026-04-07,COIN,9276213.257425
2026-04-07,COPPER,4481697.963864
2026-04-07,COST,105889.141225
2026-04-07,CRCL,33155603.707081247
2026-04-07,CRWV,1574944.125705
2026-04-07,DKNG,142760.762235
2026-04-07,EUR,13188677.145682499
2026-04-07,EWJ,2293479.767061
2026-04-07,EWY,20078282.1344
2026-04-07,GOLD,106096227.01957999
2026-04-07,GOOGL,12124001.2131
2026-04-07,HIMS,355165.54809750005
2026-04-07,HOOD,11802200.417723998
2026-04-07,HYUNDAI,115904.13156000002
2026-04-07,INTC,21333570.307919998
2026-04-07,JPY,3329000.129575
2026-04-07,LLY,71552.8336515
2026-04-07,META,4353684.015525
2026-04-07,MSFT,2558442.9327525
2026-04-07,MSTR,6566888.064
2026-04-07,MU,9616319.693200001
2026-04-07,NATGAS,23693770.42188
2026-04-07,NFLX,1232703.3907605
2026-04-07,NVDA,23331975.471045002
2026-04-07,ORCL,1685821.9546575
2026-04-07,PALLADIUM,667620.5377650001
2026-04-07,PLATINUM,19622628.99714
2026-04-07,PLTR,7784970.816849998
2026-04-07,RIVN,444528.42486749997
2026-04-07,SILVER,446343745.7217375
2026-04-07,SKHX,2192355.03482
2026-04-07,SMSN,1460678.9409224996
2026-04-07,SNDK,17428559.189062502
2026-04-07,SP500,416722927.332375
2026-04-07,TSLA,33475893.7953
2026-04-07,TSM,4471610.094175
2026-04-07,URNM,560655.5133150001
2026-04-07,USAR,1820298.9385274996
2026-04-07,XYZ100,613102095.865
2026-04-08,AAPL,5276375.019675
2026-04-08,AMD,2048163.3257274998
2026-04-08,AMZN,2902672.6979250005
2026-04-08,BABA,6337194.548512501
2026-04-08,BRENTOIL,1024511490.9552598
2026-04-08,CL,1927810737.4340742
2026-04-08,COIN,8253507.9627
2026-04-08,COPPER,4548946.3239
2026-04-08,COST,266243.4260475
2026-04-08,CRCL,32596812.58812
2026-04-08,CRWV,2020383.6398925001
2026-04-08,DKNG,4821.9822
2026-04-08,EUR,9456432.80202
2026-04-08,EWJ,1732287.2748150001
2026-04-08,EWY,21520623.7843725
2026-04-08,GOLD,78004820.8820925
2026-04-08,GOOGL,14273364.50176
2026-04-08,HIMS,254784.685395
2026-04-08,HOOD,20458466.058096003
2026-04-08,HYUNDAI,176327.10774250003
2026-04-08,INTC,19949823.943200003
2026-04-08,JPY,2811064.5131
2026-04-08,LLY,252659.038375
2026-04-08,META,5373655.050400001
2026-04-08,MSFT,4366908.171999999
2026-04-08,MSTR,6350200.166867501
2026-04-08,MU,51033789.744540006
2026-04-08,NATGAS,25610667.1795525
2026-04-08,NFLX,1435821.2365325002
2026-04-08,NVDA,28581854.4109875
2026-04-08,ORCL,4549542.4881
2026-04-08,PALLADIUM,748038.2805
2026-04-08,PLATINUM,8811780.65573
2026-04-08,PLTR,9985332.46032
2026-04-08,RIVN,1240697.3765999998
2026-04-08,SILVER,286721806.8043875
2026-04-08,SKHX,7844007.71124
2026-04-08,SMSN,1628858.3787
2026-04-08,SNDK,45030717.59865
2026-04-08,SP500,449966218.724025
2026-04-08,TSLA,41098232.147385
2026-04-08,TSM,1545931.2944675
2026-04-08,URNM,419770.3251150001
2026-04-08,USAR,1460320.7429449998
2026-04-08,XYZ100,331014790.16812503
2026-04-09,AAPL,3298300.4062175
2026-04-09,AMD,1377323.31704
2026-04-09,AMZN,8517299.37057
2026-04-09,BABA,4254521.11434
2026-04-09,BRENTOIL,656185789.6191849
2026-04-09,CL,1347545567.157183
2026-04-09,COIN,16194576.315019999
2026-04-09,COPPER,4574748.0882790005
2026-04-09,COST,199958.85845
2026-04-09,CRCL,49941636.33943125
2026-04-09,CRWV,5235071.496134999
2026-04-09,DKNG,227169.42708999998
2026-04-09,EUR,1848861.8470799997
2026-04-09,EWJ,1517791.1161159999
2026-04-09,EWY,12292904.798089998
2026-04-09,GOLD,42007394.45619
2026-04-09,GOOGL,10035644.256819999
2026-04-09,HIMS,229000.3420125
2026-04-09,HOOD,12846815.27112725
2026-04-09,HYUNDAI,73070.14580249999
2026-04-09,INTC,20387273.54321
2026-04-09,JP225,942502.3693
2026-04-09,JPY,1289191.2916249998
2026-04-09,KR200,32884.92692625
2026-04-09,LLY,53422.55868824999
2026-04-09,META,4838752.565790001
2026-04-09,MSFT,5832222.847200001
2026-04-09,MSTR,7413198.484587501
2026-04-09,MU,12938256.043734998
2026-04-09,NATGAS,18612497.43444
2026-04-09,NFLX,1154777.828868
2026-04-09,NVDA,12187819.6019325
2026-04-09,ORCL,2925797.53536
2026-04-09,PALLADIUM,573350.3281875
2026-04-09,PLATINUM,5341304.90031
2026-04-09,PLTR,8287808.86066
2026-04-09,RIVN,345160.96249000006
2026-04-09,SILVER,205426829.226615
2026-04-09,SKHX,2347911.30405
2026-04-09,SMSN,395221.4941025
2026-04-09,SNDK,24807627.754160002
2026-04-09,SP500,306301017.992125
2026-04-09,TSLA,28781115.473050006
2026-04-09,TSM,1684869.0322949998
2026-04-09,URNM,150275.14395000003
2026-04-09,USAR,468800.28343499993
2026-04-09,XYZ100,262496017.0091
2026-04-10,AAPL,3230033.5313999993
2026-04-10,AMD,3578201.3376
2026-04-10,AMZN,5135513.073705
2026-04-10,BABA,1558557.3937725
2026-04-10,BRENTOIL,284524318.79763
2026-04-10,CL,703697508.6080543
2026-04-10,COIN,7166688.98205
2026-04-10,COPPER,11615794.6894
2026-04-10,COST,59967.789753
2026-04-10,CRCL,42304398.309702
2026-04-10,CRWV,8408087.334420001
2026-04-10,DKNG,52572.310092499996
2026-04-10,EUR,2156086.390625
2026-04-10,EWJ,1008675.4988557501
2026-04-10,EWY,5252464.8467999995
2026-04-10,GOLD,44779316.37426
2026-04-10,GOOGL,7774598.753380001
2026-04-10,HIMS,237216.122935
2026-04-10,HOOD,7785774.297135
2026-04-10,HYUNDAI,640855.357065
2026-04-10,INTC,13641062.123325
2026-04-10,JP225,717629.108
2026-04-10,JPY,1265121.9006
2026-04-10,KR200,331979.57471799996
2026-04-10,LLY,69457.424976
2026-04-10,META,3118509.3947
2026-04-10,MSFT,6791610.6742549995
2026-04-10,MSTR,4934821.47493
2026-04-10,MU,12855837.1787125
2026-04-10,NATGAS,13406741.361999998
2026-04-10,NFLX,811452.915
2026-04-10,NVDA,17804680.4957175
2026-04-10,ORCL,3533223.36008
2026-04-10,PALLADIUM,391062.07071
2026-04-10,PLATINUM,3857769.7579874997
2026-04-10,PLTR,21796698.014100004
2026-04-10,RIVN,454168.62592
2026-04-10,SILVER,128960307.67145
2026-04-10,SKHX,960259.032615
2026-04-10,SMSN,264631.7646425
2026-04-10,SNDK,22777470.032659996
2026-04-10,SP500,220515363.48642504
2026-04-10,TSLA,26430531.931154996
2026-04-10,TSM,4793138.1746425005
2026-04-10,URNM,76708.38456
2026-04-10,USAR,1317694.4180350003
2026-04-10,XYZ100,181063951.90382499
2026-04-11,AAPL,892354.8443400001
2026-04-11,AMD,1396239.09342
2026-04-11,AMZN,1502218.69579
2026-04-11,BABA,468760.96306
2026-04-11,BRENTOIL,98276069.71970998
2026-04-11,CL,234299605.0219465
2026-04-11,COIN,3225891.29808
2026-04-11,COPPER,1076626.8058672498
2026-04-11,COST,3875.89171
2026-04-11,CRCL,4307561.727297001
2026-04-11,CRWV,434962.84875
2026-04-11,DKNG,1510.2284400000003
2026-04-11,EUR,5790092.1359425
2026-04-11,EWJ,68742.74064
2026-04-11,EWY,3045888.0009524995
2026-04-11,GOLD,3343504.61692
2026-04-11,GOOGL,1998558.0525550002
2026-04-11,HIMS,2959.8880625
2026-04-11,HOOD,2301714.3823080002
2026-04-11,HYUNDAI,116040.13449499999
2026-04-11,INTC,1742803.5354850001
2026-04-11,JP225,127113.88924
2026-04-11,JPY,4107680.742
2026-04-11,KR200,19982.55125325
2026-04-11,LLY,657.6104535
2026-04-11,META,1218918.5124000001
2026-04-11,MSFT,1354125.8170800002
2026-04-11,MSTR,2818249.085375
2026-04-11,MU,2963530.264765
2026-04-11,NATGAS,1852513.9190225
2026-04-11,NFLX,336593.743915
2026-04-11,NVDA,4872935.172875
2026-04-11,ORCL,174207.21272999997
2026-04-11,PALLADIUM,34095.180392500006
2026-04-11,PLATINUM,233102.0078125
2026-04-11,PLTR,2352345.557595
2026-04-11,RIVN,101182.60439
2026-04-11,SILVER,7991809.6036375
2026-04-11,SKHX,175029.9573825
2026-04-11,SMSN,44844.48995249999
2026-04-11,SNDK,2551457.5929550002
2026-04-11,SP500,48311921.64699999
2026-04-11,TSLA,7111328.188632501
2026-04-11,TSM,362432.858355
2026-04-11,URNM,6264.482229999999
2026-04-11,USAR,109169.81979
2026-04-11,XYZ100,43069135.40825
2026-04-12,AAPL,1832534.2139175003
2026-04-12,AMD,1730913.0722325
2026-04-12,AMZN,3055601.0905
2026-04-12,BABA,1301584.2322325
2026-04-12,BRENTOIL,386366739.907375
2026-04-12,CL,851460476.3943757
2026-04-12,COIN,6205075.774424998
2026-04-12,COPPER,7465528.284302001
2026-04-12,COST,4738.8656895
2026-04-12,CRCL,10628542.575182
2026-04-12,CRWV,667090.1959350001
2026-04-12,DKNG,11199.3975725
2026-04-12,EUR,4470624.0502575
2026-04-12,EWJ,304573.60188
2026-04-12,EWY,9262677.2967525
2026-04-12,GOLD,30892601.172615
2026-04-12,GOOGL,2895694.7290200004
2026-04-12,HIMS,34861.503435
2026-04-12,HOOD,5345762.82703625
2026-04-12,HYUNDAI,41238.807045
2026-04-12,INTC,6309694.466425
2026-04-12,JP225,440806.3712375
2026-04-12,JPY,9981745.0854
2026-04-12,KR200,36987.25170975
2026-04-12,LLY,4094.1454409999997
2026-04-12,META,1836931.337815
2026-04-12,MSFT,2260398.5258125
2026-04-12,MSTR,6316398.5278
2026-04-12,MU,6244325.679150001
2026-04-12,NATGAS,7531400.982489999
2026-04-12,NFLX,314522.76453
2026-04-12,NVDA,11520458.517975003
2026-04-12,ORCL,1006931.8492699999
2026-04-12,PALLADIUM,42386.889125
2026-04-12,PLATINUM,3760944.5659975
2026-04-12,PLTR,4878162.8024325
2026-04-12,RIVN,130234.7020275
2026-04-12,SILVER,71294584.7856825
2026-04-12,SKHX,1270052.663705
2026-04-12,SMSN,897451.1717600002
2026-04-12,SNDK,4824557.8534
2026-04-12,SP500,215300902.97100005
2026-04-12,TSLA,11689620.3390975
2026-04-12,TSM,1055794.57254
2026-04-12,URNM,68869.31557499999
2026-04-12,USAR,373825.01686499995
2026-04-12,XYZ100,135181231.88955
2026-04-13,AAPL,3601029.59314
2026-04-13,AMD,2152015.18532
2026-04-13,AMZN,4282045.41842
2026-04-13,BABA,2417307.0429599998
2026-04-13,BRENTOIL,439558455.03998744
2026-04-13,CL,1033727876.403375
2026-04-13,COIN,7810862.6562
2026-04-13,COPPER,17702794.277429998
2026-04-13,COST,98009.68622250001
2026-04-13,CRCL,26488240.714607246
2026-04-13,CRWV,4207335.51812
2026-04-13,DKNG,78954.43801000001
2026-04-13,EUR,9417397.656960001
2026-04-13,EWJ,796185.97044
2026-04-13,EWY,14928347.569380002
2026-04-13,GOLD,37620820.178279996
2026-04-13,GOOGL,6524241.377850001
2026-04-13,HIMS,540547.053445
2026-04-13,HOOD,7605181.070385
2026-04-13,HYUNDAI,42854.2013525
2026-04-13,INTC,10361529.560250001
2026-04-13,JP225,859078.4601799999
2026-04-13,JPY,3505613.73255
2026-04-13,KR200,98532.47385600001
2026-04-13,LLY,136704.5361225
2026-04-13,META,3120324.9116399996
2026-04-13,MSFT,6305615.853232501
2026-04-13,MSTR,8360766.91936
2026-04-13,MU,7568325.904422499
2026-04-13,NATGAS,10938180.755715001
2026-04-13,NFLX,1099883.36412
2026-04-13,NVDA,16149260.354962498
2026-04-13,ORCL,4261904.884737499
2026-04-13,PALLADIUM,162837.75041999997
2026-04-13,PLATINUM,5050251.355775
2026-04-13,PLTR,8293721.7519775005
2026-04-13,RIVN,572348.0862000001
2026-04-13,SILVER,158115878.93265748
2026-04-13,SKHX,1671622.545
2026-04-13,SMSN,1534872.7802425
2026-04-13,SNDK,29069303.683050003
2026-04-13,SP500,367666130.7228
2026-04-13,TSLA,21101159.48535
2026-04-13,TSM,2071881.9686925001
2026-04-13,URNM,128027.18657000002
2026-04-13,USAR,524138.94942500006
2026-04-13,XYZ100,231202691.47375
2026-04-14,AAPL,2378888.093505
2026-04-14,AMD,2286207.095295
2026-04-14,AMZN,5968216.4659825
2026-04-14,BABA,1170258.7460775
2026-04-14,BRENTOIL,351156812.72155
2026-04-14,CL,841967155.9346513
2026-04-14,COIN,5191352.098875
2026-04-14,COPPER,17657691.030320246
2026-04-14,COST,47346.268959999994
2026-04-14,CRCL,42152267.024406
2026-04-14,CRWV,3504851.8078
2026-04-14,DKNG,22284.32706
2026-04-14,EUR,4663612.6342075
2026-04-14,EWJ,1200152.87106275
2026-04-14,EWY,6272068.214125
2026-04-14,GOLD,34919010.7777
2026-04-14,GOOGL,6789346.2886925
2026-04-14,HIMS,320882.06538
2026-04-14,HOOD,9824917.040763998
2026-04-14,HYUNDAI,64349.57675999999
2026-04-14,INTC,6366737.29419
2026-04-14,JP225,497949.27073499997
2026-04-14,JPY,2027888.1839499997
2026-04-14,KR200,59546.86845749999
2026-04-14,LLY,36055.317172
2026-04-14,META,3205065.5200999994
2026-04-14,MSFT,4171268.4595225
2026-04-14,MSTR,7051017.226905
2026-04-14,MU,19153051.72482
2026-04-14,NATGAS,10359823.3536
2026-04-14,NFLX,1668062.0076
2026-04-14,NVDA,39094651.530090004
2026-04-14,ORCL,9949335.353565002
2026-04-14,PALLADIUM,105974.38312500001
2026-04-14,PLATINUM,5325185.227437501
2026-04-14,PLTR,3881964.2278950005
2026-04-14,RIVN,1052699.8920950003
2026-04-14,SILVER,141302340.81614998
2026-04-14,SKHX,2485118.1374899996
2026-04-14,SMSN,672814.2624725
2026-04-14,SNDK,36346325.718885005
2026-04-14,SP500,281961963.345
2026-04-14,TSLA,20625349.263455
2026-04-14,TSM,1512087.2192525
2026-04-14,URNM,641876.4092475
2026-04-14,USAR,355145.8110200001
2026-04-14,XYZ100,167730018.55155
2026-04-15,AAPL,2334579.3560699997
2026-04-15,AMD,1345494.9918475
2026-04-15,AMZN,2718984.998665
2026-04-15,BABA,1467794.21581
2026-04-15,BRENTOIL,289171106.86683005
2026-04-15,CL,548960403.8949853
2026-04-15,COIN,5632906.713839999
2026-04-15,COPPER,16827804.083391998
2026-04-15,COST,123419.80272450001
2026-04-15,CRCL,29059670.849295
2026-04-15,CRWV,2411793.54735
2026-04-15,DKNG,29253.042397499994
2026-04-15,EUR,5364491.9523
2026-04-15,EWJ,622763.511662
2026-04-15,EWY,6638401.48335
2026-04-15,GOLD,44274960.679005004
2026-04-15,GOOGL,3995672.5389174996
2026-04-15,HIMS,6811647.247462501
2026-04-15,HOOD,23787464.567004
2026-04-15,HYUNDAI,53437.4167275
2026-04-15,INTC,8286713.855505
2026-04-15,JP225,80577.1746
2026-04-15,JPY,3134788.8808999998
2026-04-15,KR200,54510.708579
2026-04-15,LLY,235691.43420899997
2026-04-15,META,3477809.3232675004
2026-04-15,MSFT,5817118.4137125
2026-04-15,MSTR,4437846.67552
2026-04-15,MU,8156524.00475
2026-04-15,NATGAS,7804276.4292
2026-04-15,NFLX,2283792.900736
2026-04-15,NVDA,17872160.5230075
2026-04-15,ORCL,11351431.2439775
2026-04-15,PALLADIUM,112766.95215499999
2026-04-15,PLATINUM,10826257.110524999
2026-04-15,PLTR,5933042.608875
2026-04-15,RIVN,625468.908075
2026-04-15,SILVER,212002394.5737
2026-04-15,SKHX,1895212.9510425
2026-04-15,SMSN,405757.46989500005
2026-04-15,SNDK,23564785.024785
2026-04-15,SP500,422539036.85625
2026-04-15,TSLA,30310664.5152
2026-04-15,TSM,3357647.3855125
2026-04-15,URNM,263433.35962000006
2026-04-15,USAR,569615.10177
2026-04-15,XYZ100,163486034.775725
2026-04-16,AAPL,3344284.9164074995
2026-04-16,AMD,5542323.727325
2026-04-16,AMZN,2375636.2834225
2026-04-16,BABA,5454734.716255001
2026-04-16,BIRD,1194277.117085
2026-04-16,BRENTOIL,173587767.797925
2026-04-16,CL,524344261.0929075
2026-04-16,COIN,3898064.631565
2026-04-16,COPPER,7266373.3257
2026-04-16,COST,187527.72267025002
2026-04-16,CRCL,22002931.2112
2026-04-16,CRWV,1275940.22325
2026-04-16,DKNG,66717.92732000002
2026-04-16,EUR,2679464.7932799994
2026-04-16,EWJ,789590.03802
2026-04-16,EWY,6477239.028154999
2026-04-16,GOLD,21172485.4864875
2026-04-16,GOOGL,4353065.518925
2026-04-16,HIMS,11089741.90752
2026-04-16,HOOD,12165819.576193
2026-04-16,HYUNDAI,33361.34409
2026-04-16,INTC,6934288.814385
2026-04-16,JP225,329009.40359999996
2026-04-16,JPY,1143251.99065
2026-04-16,KR200,39568.114888749995
2026-04-16,LLY,92011.37577500001
2026-04-16,META,2049157.3055000002
2026-04-16,MSFT,10449293.9377125
2026-04-16,MSTR,6206586.0241
2026-04-16,MU,11269031.928
2026-04-16,NATGAS,5837370.666900001
2026-04-16,NFLX,8770762.07524275
2026-04-16,NVDA,12721577.39388
2026-04-16,ORCL,5940710.8256925
2026-04-16,PALLADIUM,59128.98300000001
2026-04-16,PLATINUM,11246381.6825475
2026-04-16,PLTR,4615856.68417
2026-04-16,RIVN,842826.6332500001
2026-04-16,SILVER,147286034.6450625
2026-04-16,SKHX,667786.304975
2026-04-16,SMSN,1129515.6827449999
2026-04-16,SNDK,25567208.0344
2026-04-16,SP500,318063598.68167496
2026-04-16,TSLA,21918012.9932
2026-04-16,TSM,3467985.361395
2026-04-16,URNM,278382.46858750004
2026-04-16,USAR,984231.8285175
2026-04-16,XYZ100,255460570.710175
2026-04-17,AAPL,2805020.4626599997
2026-04-17,AMD,4217598.0624375
2026-04-17,AMZN,5094332.2339625
2026-04-17,BABA,3030832.11492
2026-04-17,BIRD,1329989.4402750002
2026-04-17,BRENTOIL,518743128.965225
2026-04-17,CL,960735937.3693022
2026-04-17,COIN,7148545.483229999
2026-04-17,COPPER,3608991.954204
2026-04-17,COST,82617.01327950001
2026-04-17,CRCL,31791906.6507725
2026-04-17,CRWV,2070088.16535
2026-04-17,DKNG,81577.87382
2026-04-17,EUR,6986143.239890001
2026-04-17,EWJ,851927.4942554999
2026-04-17,EWY,10470728.9251875
2026-04-17,GOLD,35457003.902385
2026-04-17,GOOGL,7607981.87825
2026-04-17,HIMS,8131074.922950001
2026-04-17,HOOD,11554206.8288715
2026-04-17,HYUNDAI,61433.91857
2026-04-17,INTC,6914686.76433
2026-04-17,JP225,288284.9963175
2026-04-17,JPY,2253009.04935
2026-04-17,KR200,76738.59430124999
2026-04-17,LLY,204208.9528125
2026-04-17,META,3792318.7804700006
2026-04-17,MSFT,7159729.036524999
2026-04-17,MSTR,21211442.18126
2026-04-17,MU,5606561.2941575
2026-04-17,NATGAS,6877782.531525001
2026-04-17,NFLX,5805507.465407999
2026-04-17,NVDA,9066740.985802498
2026-04-17,ORCL,8020479.6192999985
2026-04-17,PALLADIUM,422255.667405
2026-04-17,PLATINUM,11228509.108114997
2026-04-17,PLTR,5739532.631782501
2026-04-17,RIVN,617995.3598099999
2026-04-17,SILVER,200047630.71657497
2026-04-17,SKHX,1259964.26133
2026-04-17,SMSN,609094.8066899999
2026-04-17,SNDK,12277918.364449998
2026-04-17,SP500,322722831.1228
2026-04-17,TSLA,19697033.1922875
2026-04-17,TSM,2846525.70603
2026-04-17,URNM,202873.34306249997
2026-04-17,USAR,1521269.6970199998
2026-04-17,XYZ100,249488869.17125
2026-04-18,AAPL,1020697.343725
2026-04-18,AMD,1418280.4440225
2026-04-18,AMZN,1074950.96922
2026-04-18,BABA,556710.090285
2026-04-18,BIRD,38985.5019
2026-04-18,BRENTOIL,104515055.28344
2026-04-18,CL,315352148.08977103
2026-04-18,COIN,3013726.355675
2026-04-18,COPPER,373601.93084499997
2026-04-18,COST,36195.684796
2026-04-18,CRCL,4966521.54349
2026-04-18,CRWV,430630.580875
2026-04-18,DKNG,2021.7912175
2026-04-18,EUR,5701257.198160001
2026-04-18,EWJ,29929.526255000004
2026-04-18,EWY,1860959.670065
2026-04-18,GOLD,18427742.243417498
2026-04-18,GOOGL,1681399.3868
2026-04-18,HIMS,2260008.4629149996
2026-04-18,HOOD,6850262.179212501
2026-04-18,HYUNDAI,41154.270495
2026-04-18,INTC,2901201.95772
2026-04-18,JP225,160737.89173
2026-04-18,JPY,7189830.647999999
2026-04-18,KR200,2250.7403062500002
2026-04-18,LLY,94.135228
2026-04-18,META,1229357.86897
2026-04-18,MSFT,1689603.2092350002
2026-04-18,MSTR,7389169.314119999
2026-04-18,MU,3144811.579635
2026-04-18,NATGAS,541048.6318125
2026-04-18,NFLX,418012.8222875001
2026-04-18,NVDA,4652364.7289849995
2026-04-18,ORCL,2683629.8908500005
2026-04-18,PALLADIUM,19886.6934
2026-04-18,PLATINUM,453813.05154749996
2026-04-18,PLTR,2675951.5854599997
2026-04-18,RIVN,404135.7710775
2026-04-18,SILVER,12282981.3194275
2026-04-18,SKHX,150007.85305
2026-04-18,SMSN,52893.0046975
2026-04-18,SNDK,1525287.23568
2026-04-18,SP500,74460752.33115001
2026-04-18,TSLA,6513558.220695
2026-04-18,TSM,682773.8386299999
2026-04-18,URNM,72984.020395
2026-04-18,USAR,49703.73704
2026-04-18,XYZ100,38690272.12485
2026-04-19,AAPL,481617.2616025
2026-04-19,AMD,1060316.2706999998
2026-04-19,AMZN,2802442.8962475
2026-04-19,BABA,510530.9108625
2026-04-19,BIRD,5005.1877
2026-04-19,BRENTOIL,198016077.89100003
2026-04-19,CL,488074454.3937425
2026-04-19,COIN,7127384.613919999
2026-04-19,COPPER,2770776.7370579997
2026-04-19,COST,2461.7807460000004
2026-04-19,CRCL,8861497.684154999
2026-04-19,CRWV,517661.39424999995
2026-04-19,DKNG,0.0
2026-04-19,EUR,6940446.236099999
2026-04-19,EWJ,113199.46187550001
2026-04-19,EWY,3109720.8604174997
2026-04-19,GOLD,26282919.7797725
2026-04-19,GOOGL,2109812.6255200002
2026-04-19,HIMS,560104.2666
2026-04-19,HOOD,8219931.572292
2026-04-19,HYUNDAI,254984.23661000002
2026-04-19,INTC,1586305.9344900001
2026-04-19,JP225,149769.23821
2026-04-19,JPY,7452712.268025001
2026-04-19,KR200,27843.6122875
2026-04-19,LLY,39115.435054500005
2026-04-19,META,828673.49322
2026-04-19,MSFT,1410143.84851
2026-04-19,MSTR,10497579.53615
2026-04-19,MU,1304235.785965
2026-04-19,NATGAS,2394675.5904300003
2026-04-19,NFLX,501081.70544499997
2026-04-19,NVDA,3825376.81668
2026-04-19,ORCL,990963.72171
2026-04-19,PALLADIUM,63937.30128
2026-04-19,PLATINUM,2255651.1790600005
2026-04-19,PLTR,1989604.74636
2026-04-19,RIVN,125712.033885
2026-04-19,SILVER,65945383.247535
2026-04-19,SKHX,508871.23212749994
2026-04-19,SMSN,182541.86664999995
2026-04-19,SNDK,2841067.08003
2026-04-19,SP500,96800980.13890001
2026-04-19,TSLA,6256630.83006
2026-04-19,TSM,614520.3842249999
2026-04-19,URNM,5531.071634999999
2026-04-19,USAR,29351.82978
2026-04-19,XYZ100,57795970.812474996
2026-04-20,AAPL,6798037.7666724995
2026-04-20,AMD,2399718.420885
2026-04-20,AMZN,5171646.4755375
2026-04-20,BABA,2349794.8950375
2026-04-20,BIRD,502215.4779
2026-04-20,BRENTOIL,313358593.95534
2026-04-20,CL,763807592.0409392
2026-04-20,COIN,11876843.468640001
2026-04-20,COPPER,5175292.14571425
2026-04-20,COST,10362.872142000002
2026-04-20,CRCL,22087138.3960095
2026-04-20,CRWV,2391041.8805
2026-04-20,DKNG,10728.626040000001
2026-04-20,EUR,3477721.8924899995
2026-04-20,EWJ,867345.9403950002
2026-04-20,EWY,5937583.1225625
2026-04-20,GOLD,34326428.6862675
2026-04-20,GOOGL,5008789.504775
2026-04-20,HIMS,6943310.552565001
2026-04-20,HOOD,17840759.29952125
2026-04-20,HYUNDAI,66100.01477499999
2026-04-20,INTC,7126338.074899999
2026-04-20,JP225,1117611.4137175
2026-04-20,JPY,2529479.9819499995
2026-04-20,KR200,34176.257473749996
2026-04-20,LLY,85922.6239575
2026-04-20,META,2304816.1758
2026-04-20,MSFT,3675881.5026725
2026-04-20,MSTR,20057632.210000005
2026-04-20,MU,7191463.408779999
2026-04-20,NATGAS,5134462.04305
2026-04-20,NFLX,1715417.5259780001
2026-04-20,NVDA,10671813.306925
2026-04-20,ORCL,4521778.1
2026-04-20,PALLADIUM,185614.6579825
2026-04-20,PLATINUM,11917071.497325
2026-04-20,PLTR,6017648.7070700005
2026-04-20,RIVN,767492.1826599999
2026-04-20,SILVER,163990048.79205
2026-04-20,SKHX,1622063.4960899998
2026-04-20,SMSN,329880.5632675
2026-04-20,SNDK,10208861.3702525
2026-04-20,SP500,299380740.39597505
2026-04-20,TSLA,16393960.249064999
2026-04-20,TSM,1199019.9809
2026-04-20,URNM,606575.9278350001
2026-04-20,USAR,2546661.1698175003
2026-04-20,XYZ100,171833219.9969
2026-04-21,AAPL,5384511.41031
2026-04-21,AMD,2232195.4363500006
2026-04-21,AMZN,12504098.941564998
2026-04-21,BABA,1545132.3136300002
2026-04-21,BIRD,666088.1072399999
2026-04-21,BRENTOIL,336902640.83274996
2026-04-21,CL,986352034.2480091
2026-04-21,COIN,6673748.026725
2026-04-21,COPPER,4471940.2870287495
2026-04-21,COST,121005.88031999998
2026-04-21,CRCL,15494835.966997502
2026-04-21,CRWV,1331365.9170000001
2026-04-21,DKNG,12056.179355000002
2026-04-21,EUR,8896809.6448375
2026-04-21,EWJ,817616.7911242502
2026-04-21,EWY,32481994.607359998
2026-04-21,GOLD,74334183.47691
2026-04-21,GOOGL,3898256.1812400003
2026-04-21,HIMS,11073689.102625001
2026-04-21,HOOD,7496493.858873499
2026-04-21,HYUNDAI,153731.89012500003
2026-04-21,INTC,4557877.22313
2026-04-21,JP225,280678.7056575
2026-04-21,JPY,7603441.797150001
2026-04-21,KR200,21955.173011000003
2026-04-21,LLY,148107.84493599998
2026-04-21,META,1161383.0431500003
2026-04-21,MSFT,2826240.0135
2026-04-21,MSTR,13846809.968312502
2026-04-21,MU,5287842.4095
2026-04-21,NATGAS,8312646.7704875
2026-04-21,NFLX,992408.3428509999
2026-04-21,NVDA,8296663.1559999995
2026-04-21,ORCL,7297402.912799999
2026-04-21,PALLADIUM,229976.711475
2026-04-21,PLATINUM,12028603.95564
2026-04-21,PLTR,3007152.6527025
2026-04-21,RIVN,831989.2618875002
2026-04-21,SILVER,266870196.99472496
2026-04-21,SKHX,1606292.5164549998
2026-04-21,SMSN,1574173.1030899999
2026-04-21,SNDK,11004018.9549
2026-04-21,SP500,294261327.451325
2026-04-21,TSLA,11849270.97711
2026-04-21,TSM,779766.32874
2026-04-21,URNM,44618.03972000001
2026-04-21,USAR,2689604.740095
2026-04-21,XYZ100,210158232.426
2026-04-22,AAPL,1795729.3611850003
2026-04-22,AMD,4847330.36634
2026-04-22,AMZN,2734681.5756
2026-04-22,BABA,2750742.6698124995
2026-04-22,BIRD,301841.293815
2026-04-22,BRENTOIL,208830536.25637
2026-04-22,CL,696270489.5658605
2026-04-22,COIN,4652159.85166
2026-04-22,COPPER,5222499.25182025
2026-04-22,COST,3088.833048
2026-04-22,CRCL,15030964.885536
2026-04-22,CRWV,1622594.7689
2026-04-22,DKNG,12847.32981
2026-04-22,EUR,4369504.32632
2026-04-22,EWJ,465140.675937
2026-04-22,EWY,5490136.629075
2026-04-22,GOLD,47971195.1602125
2026-04-22,GOOGL,3807125.3163125
2026-04-22,HIMS,5141699.7317200005
2026-04-22,HOOD,5022341.89581475
2026-04-22,HYUNDAI,74732.961575
2026-04-22,INTC,5753096.594930001
2026-04-22,JP225,556433.1327450001
2026-04-22,JPY,3898747.064374999
2026-04-22,KR200,78811.63293
2026-04-22,LLY,60919.8082965
2026-04-22,META,1468244.02683
2026-04-22,MSFT,3936860.5914724995
2026-04-22,MSTR,9925978.693185
2026-04-22,MU,11073244.995779999
2026-04-22,NATGAS,5881928.600932499
2026-04-22,NFLX,446289.82083100005
2026-04-22,NVDA,6975412.5724
2026-04-22,ORCL,3501343.4133599997
2026-04-22,PALLADIUM,185382.5743
2026-04-22,PLATINUM,8948977.13798
2026-04-22,PLTR,3220181.6421075
2026-04-22,RIVN,1665683.8688549998
2026-04-22,SILVER,172777383.652445
2026-04-22,SKHX,2280059.7731450005
2026-04-22,SMSN,1098317.94
2026-04-22,SNDK,8430371.627535
2026-04-22,SP500,255030663.9517
2026-04-22,TSLA,35664553.5521025
2026-04-22,TSM,1441034.291025
2026-04-22,URNM,180664.55834
2026-04-22,USAR,1290948.3304375
2026-04-22,XYZ100,140852168.34152502
2026-04-23,AAPL,3411244.2606849996
2026-04-23,AMD,5579629.3829499995
2026-04-23,AMZN,5875288.183755
2026-04-23,BABA,1271955.9821600001
2026-04-23,BIRD,116781.87565000002
2026-04-23,BRENTOIL,376595298.16961
2026-04-23,CL,896996318.3561453
2026-04-23,COIN,4729566.88776
2026-04-23,COPPER,8358580.204578001
2026-04-23,COST,96929.094276
2026-04-23,CRCL,14121834.92049
2026-04-23,CRWV,1936367.0507999999
2026-04-23,DKNG,50864.754097499994
2026-04-23,EUR,4513445.327099999
2026-04-23,EWJ,917447.7882062499
2026-04-23,EWY,14175852.822897501
2026-04-23,GOLD,42140413.041155
2026-04-23,GOOGL,7642661.630152499
2026-04-23,HIMS,19374329.288659997
2026-04-23,HOOD,10734570.5340575
2026-04-23,HYUNDAI,133054.922715
2026-04-23,INTC,25232576.67762
2026-04-23,JP225,1167073.064355
2026-04-23,JPY,4061263.9649999994
2026-04-23,KR200,63361.59959525001
2026-04-23,LLY,71848.63991
2026-04-23,META,3973245.665625
2026-04-23,MSFT,5725733.5787275005
2026-04-23,MSTR,8891145.52294
2026-04-23,MU,9067408.467840001
2026-04-23,NATGAS,11692181.437774999
2026-04-23,NFLX,1782065.3366752502
2026-04-23,NVDA,13645489.897462502
2026-04-23,ORCL,9056388.3296325
2026-04-23,PALLADIUM,357053.892525
2026-04-23,PLATINUM,10612715.43423
2026-04-23,PLTR,6063364.852117499
2026-04-23,RIVN,452333.68830000004
2026-04-23,SILVER,280410716.59515
2026-04-23,SKHX,2169896.0931200003
2026-04-23,SMSN,1156059.6330149998
2026-04-23,SNDK,11671460.662975
2026-04-23,SP500,361845931.01879996
2026-04-23,TSLA,31691944.609600004
2026-04-23,TSM,1585198.433805
2026-04-23,URNM,201130.65296500002
2026-04-23,USAR,1057566.9588699997
2026-04-23,XYZ100,275471316.20825
2026-04-24,AAPL,3141192.6764249997
2026-04-24,AMD,11817715.2656025
2026-04-24,AMZN,5500201.47086
2026-04-24,BABA,3086736.537
2026-04-24,BIRD,2304060.2808299996
2026-04-24,BRENTOIL,335018072.00137496
2026-04-24,CL,671114245.852383
2026-04-24,COIN,6363685.94225
2026-04-24,COPPER,5448346.498175999
2026-04-24,COST,38119.73266
2026-04-24,CRCL,15194939.76995175
2026-04-24,CRWV,3591204.8132249997
2026-04-24,DKNG,191214.923155
2026-04-24,EUR,4966986.778109999
2026-04-24,EWJ,719314.355975
2026-04-24,EWY,6755007.76158
2026-04-24,GOLD,29486267.3291
2026-04-24,GOOGL,11267727.173812501
2026-04-24,HIMS,5492012.754480001
2026-04-24,HOOD,8392237.212967498
2026-04-24,HYUNDAI,272010.5832225
2026-04-24,INTC,49168590.99682
2026-04-24,JP225,186430.03962
2026-04-24,JPY,2139673.629675
2026-04-24,KR200,36911.094135
2026-04-24,LLY,278086.9733775
2026-04-24,META,2686569.91635
2026-04-24,MSFT,4941145.8464725
2026-04-24,MSTR,7888165.987255
2026-04-24,MU,15384518.446365
2026-04-24,NATGAS,7816509.967575
2026-04-24,NFLX,1208847.525795
2026-04-24,NVDA,25704798.331695
2026-04-24,ORCL,6222415.423574999
2026-04-24,PALLADIUM,270583.32743999996
2026-04-24,PLATINUM,11396421.229925001
2026-04-24,PLTR,5535506.5562375
2026-04-24,RIVN,395892.511355
2026-04-24,SILVER,250119187.62929997
2026-04-24,SKHX,1101092.1899075
2026-04-24,SMSN,575695.9987499999
2026-04-24,SNDK,22815827.083715003
2026-04-24,SP500,235116582.63009998
2026-04-24,TSLA,18126587.1349475
2026-04-24,TSM,4366863.4422
2026-04-24,URNM,1369861.2642750002
2026-04-24,USAR,681534.54264
2026-04-24,XYZ100,251442734.9694
2026-04-25,AAPL,1992910.5581199997
2026-04-25,AMD,2791143.9569099997
2026-04-25,AMZN,1315258.1837600002
2026-04-25,BABA,191027.384415
2026-04-25,BIRD,9719.694915
2026-04-25,BRENTOIL,75381709.99961
2026-04-25,CL,82467824.46696898
2026-04-25,COIN,1103701.6513999999
2026-04-25,COPPER,338864.99348625
2026-04-25,COST,1388.6913150000003
2026-04-25,CRCL,1089573.121205
2026-04-25,CRWV,314928.61759999994
2026-04-25,DKNG,56260.22658
2026-04-25,EUR,508357.03125
2026-04-25,EWJ,30691.761387500002
2026-04-25,EWY,690936.9787200001
2026-04-25,GOLD,7578276.42123
2026-04-25,GOOGL,1653947.049965
2026-04-25,HIMS,288234.24981
2026-04-25,HOOD,1677333.5357274998
2026-04-25,HYUNDAI,186961.74120249998
2026-04-25,INTC,1676784.37596
2026-04-25,JP225,112415.423715
2026-04-25,JPY,184511.20335
2026-04-25,KR200,98396.04403199999
2026-04-25,LLY,30517.06752
2026-04-25,META,858694.5126900001
2026-04-25,MSFT,1021308.31275
2026-04-25,MSTR,2069072.7953200003
2026-04-25,MU,984771.1043625
2026-04-25,NATGAS,707360.9989725
2026-04-25,NFLX,298637.4314475
2026-04-25,NVDA,5586593.8805725
2026-04-25,ORCL,596696.41185
2026-04-25,PALLADIUM,124201.66515249999
2026-04-25,PLATINUM,592758.6858375
2026-04-25,PLTR,1088552.9490675
2026-04-25,RIVN,80941.00657499999
2026-04-25,SILVER,18715496.810185
2026-04-25,SKHX,446315.24237000005
2026-04-25,SMSN,74458.00374000001
2026-04-25,SNDK,534097.64772
2026-04-25,SP500,37999663.609775
2026-04-25,TSLA,3214030.6371800005
2026-04-25,TSM,3552633.4743
2026-04-25,URNM,577915.205725
2026-04-25,USAR,25526.697982499998
2026-04-25,XYZ100,31878135.838400003
2026-04-26,AAPL,802815.90739
2026-04-26,AMD,1291814.91178
2026-04-26,AMZN,2660314.1538350005
2026-04-26,BABA,498864.86212500004
2026-04-26,BIRD,7774000.429247499
2026-04-26,BRENTOIL,53137834.257375
2026-04-26,CL,151774092.13008898
2026-04-26,COIN,1530452.2531350001
2026-04-26,COPPER,5726386.2719209995
2026-04-26,COST,17058662.135821003
2026-04-26,CRCL,2607569.40486225
2026-04-26,CRWV,124440.744
2026-04-26,DKNG,1760003.2307625
2026-04-26,EUR,2034414.8191125002
2026-04-26,EWJ,1581788.8151695
2026-04-26,EWY,939103.547385
2026-04-26,GOLD,15771031.6084575
2026-04-26,GOOGL,973644.7757575
2026-04-26,HIMS,172517.54625
2026-04-26,HOOD,2529864.1582800006
2026-04-26,HYUNDAI,2239995.21606
2026-04-26,INTC,3701984.15898
2026-04-26,JP225,196292.71683
2026-04-26,JPY,675393.7047000001
2026-04-26,KR200,1347820.65499275
2026-04-26,LLY,6393860.92055475
2026-04-26,META,1086593.5337375
2026-04-26,MSFT,1495843.478325
2026-04-26,MSTR,4624504.44933
2026-04-26,MU,1107589.8978
2026-04-26,NATGAS,1485665.72037
2026-04-26,NFLX,230711.23245600003
2026-04-26,NVDA,5390581.59486
2026-04-26,ORCL,344282.33427
2026-04-26,PALLADIUM,28219.85432
2026-04-26,PLATINUM,2058078.1949999998
2026-04-26,PLTR,1466008.69935
2026-04-26,RIVN,2623223.0779699995
2026-04-26,SILVER,49911585.570322506
2026-04-26,SKHX,798028.642105
2026-04-26,SMSN,131302.9546425
2026-04-26,SNDK,894717.465165
2026-04-26,SP500,83840144.38152501
2026-04-26,TSLA,4717445.70297
2026-04-26,TSM,5815949.503502499
2026-04-26,URNM,1338266.9643575002
2026-04-26,USAR,2507737.8098150003
2026-04-26,XYZ100,59797486.154800005
2026-04-27,AAPL,4969473.102495
2026-04-27,AMD,13648778.546355002
2026-04-27,AMZN,13375745.401930002
2026-04-27,BABA,1974235.3890750003
2026-04-27,BIRD,148661.2125
2026-04-27,BRENTOIL,130024613.26624998
2026-04-27,CL,418906696.77748805
2026-04-27,COIN,8023130.71014
2026-04-27,COPPER,4792053.1522245
2026-04-27,COST,176162.01432300004
2026-04-27,CRCL,21336987.93699
2026-04-27,CRWV,4107878.6152
2026-04-27,DKNG,214752.87167999998
2026-04-27,EUR,3445356.7039125
2026-04-27,EWJ,208749.3436
2026-04-27,EWY,4372244.61495
2026-04-27,GOLD,31742693.215530004
2026-04-27,GOOGL,13265588.4046075
2026-04-27,HIMS,4721279.101559999
2026-04-27,HOOD,11790753.767527
2026-04-27,HYUNDAI,213002.51062999998
2026-04-27,INTC,32207370.510770004
2026-04-27,JP225,258225.45646499997
2026-04-27,JPY,3207143.74025
2026-04-27,KR200,108662.838957
2026-04-27,LLY,408163.78410499997
2026-04-27,META,5261531.641892499
2026-04-27,MSFT,8105144.36367
2026-04-27,MSTR,13385022.038865
2026-04-27,MU,22378407.7845775
2026-04-27,NATGAS,8501676.609790001
2026-04-27,NFLX,1126511.64325125
2026-04-27,NVDA,47620130.7891375
2026-04-27,ORCL,9616826.856967501
2026-04-27,PALLADIUM,271979.53499
2026-04-27,PLATINUM,7481217.736799999
2026-04-27,PLTR,10077410.00216
2026-04-27,RIVN,1307526.31542
2026-04-27,SILVER,184338026.662125
2026-04-27,SKHX,2393769.486255
2026-04-27,SMSN,908534.08265
2026-04-27,SNDK,28905162.72798
2026-04-27,SP500,224198941.533525
2026-04-27,TSLA,23313921.182910003
2026-04-27,TSM,24396505.428000003
2026-04-27,URNM,2249190.94386
2026-04-27,USAR,2979566.58165
2026-04-27,XYZ100,195316831.483525
2026-04-28,AAPL,5580564.0887675
2026-04-28,AMD,6006048.888239999
2026-04-28,AMZN,7294111.3516
2026-04-28,BABA,1913886.14563
2026-04-28,BIRD,198419.24750500004
2026-04-28,BRENTOIL,289087170.88102496
2026-04-28,CL,706764121.3682594
2026-04-28,COIN,5950053.5188
2026-04-28,COPPER,29315793.523962
2026-04-28,COST,208746.42715200002
2026-04-28,CRCL,17627046.249896996
2026-04-28,CRWV,3470801.629925
2026-04-28,DKNG,8782.644135
2026-04-28,EUR,5159358.350389999
2026-04-28,EWJ,438586.64804875
2026-04-28,EWY,6725429.1219999995
2026-04-28,GOLD,71027647.139505
2026-04-28,GOOGL,10374381.92522
2026-04-28,HIMS,2488424.0947825
2026-04-28,HOOD,17614203.767279
2026-04-28,HYUNDAI,144910.0865625
2026-04-28,INTC,16211547.32625
2026-04-28,JP225,180490.14072
2026-04-28,JPY,5925127.316399999
2026-04-28,KR200,79942.00545450002
2026-04-28,LLY,292255.5269625
2026-04-28,META,4884387.76961
2026-04-28,MSFT,5484998.183820001
2026-04-28,MSTR,8930839.12497
2026-04-28,MU,21591009.898874998
2026-04-28,NATGAS,6165106.508265001
2026-04-28,NFLX,1419676.2639867503
2026-04-28,NVDA,73401174.85398498
2026-04-28,ORCL,12222398.501307499
2026-04-28,PALLADIUM,260429.10326249996
2026-04-28,PLATINUM,7799324.5803000005
2026-04-28,PLTR,5914080.142079999
2026-04-28,RIVN,418892.33241000003
2026-04-28,SILVER,393962419.85985005
2026-04-28,SKHX,2875426.14538
2026-04-28,SMSN,1558640.7255999998
2026-04-28,SNDK,38835947.19147
2026-04-28,SP500,196345679.38212502
2026-04-28,TSLA,22799707.44534
2026-04-28,TSM,6505460.012295
2026-04-28,URNM,1512103.5495825002
2026-04-28,USAR,1525183.4206125
2026-04-28,XYZ100,227152985.973375
2026-04-29,AAPL,3573108.96944
2026-04-29,AMD,10073491.887315
2026-04-29,AMZN,43210773.0072
2026-04-29,BABA,1099458.1814700002
2026-04-29,BIRD,233305.91804249998
2026-04-29,BRENTOIL,355804303.48942506
2026-04-29,CL,826075454.2159786
2026-04-29,COIN,8619363.1419
2026-04-29,COPPER,5349961.0906045
2026-04-29,COST,55127.941573
2026-04-29,CRCL,29543981.537233
2026-04-29,CRWV,4282011.8241
2026-04-29,DKNG,13208.962005000001
2026-04-29,EUR,4891306.388255
2026-04-29,EWJ,443573.69963775005
2026-04-29,EWY,7120219.3326
2026-04-29,GOLD,65018542.988175
2026-04-29,GOOGL,41883691.1295
2026-04-29,HIMS,2291675.378085
2026-04-29,HOOD,22995239.448588748
2026-04-29,HYUNDAI,133624.9338975
2026-04-29,INTC,72516703.40594001
2026-04-29,JP225,59155.200475000005
2026-04-29,JPY,5861062.8141
2026-04-29,KR200,45174.8330125
2026-04-29,LLY,275239.7165455
2026-04-29,META,21472978.655645
2026-04-29,MSFT,27620707.962750003
2026-04-29,MSTR,12740660.395359999
2026-04-29,MU,25028173.481520005
2026-04-29,NATGAS,6278318.323795
2026-04-29,NFLX,761527.1404924999
2026-04-29,NVDA,43114402.809582494
2026-04-29,ORCL,5843298.90235
2026-04-29,PALLADIUM,501326.38677
2026-04-29,PLATINUM,6181309.755272499
2026-04-29,PLTR,6696076.3858625
2026-04-29,RIVN,616632.66546
2026-04-29,SILVER,285269156.19207
2026-04-29,SKHX,2993828.2688675
2026-04-29,SMSN,2218039.8262275
2026-04-29,SNDK,57554054.794350006
2026-04-29,SP500,365155250.17499995
2026-04-29,TSLA,30535252.785532504
2026-04-29,TSM,3059755.5921875006
2026-04-29,URNM,726855.81346
2026-04-29,USAR,1508685.6500374998
2026-04-29,XYZ100,300031046.26735
2026-04-30,AAPL,28791416.647762496
2026-04-30,AMD,11767477.634837499
2026-04-30,AMZN,22107352.72032
2026-04-30,BABA,1415935.3143975001
2026-04-30,BIRD,100586.13082250001
2026-04-30,BRENTOIL,304690894.6973
2026-04-30,CL,865942330.9438574
2026-04-30,COIN,5778710.0487375
2026-04-30,COPPER,3689005.4094740003
2026-04-30,COST,194113.6901775
2026-04-30,CRCL,18487602.29444625
2026-04-30,CRWV,3029146.3150000004
2026-04-30,DKNG,8946.092925
2026-04-30,EUR,5795265.15287
2026-04-30,EWJ,929264.94177275
2026-04-30,EWY,5182933.925625
2026-04-30,GOLD,55577587.5399375
2026-04-30,GOOGL,34896095.2295725
2026-04-30,HIMS,1096337.62938
2026-04-30,HOOD,8064733.367733
2026-04-30,HYUNDAI,73181.35560000001
2026-04-30,INTC,47618454.986375004
2026-04-30,JP225,191431.02302999998
2026-04-30,JPY,24920028.062400002
2026-04-30,KR200,46814.3163225
2026-04-30,LLY,749865.605652
2026-04-30,META,18429331.095262498
2026-04-30,MSFT,13124201.98065
2026-04-30,MSTR,28024181.346812498
2026-04-30,MU,34488566.85924
2026-04-30,NATGAS,8869624.684650002
2026-04-30,NFLX,866776.1690314999
2026-04-30,NVDA,75931234.42435
2026-04-30,ORCL,3920768.9711750005
2026-04-30,PALLADIUM,850351.90744
2026-04-30,PLATINUM,3291703.0758750006
2026-04-30,PLTR,5805026.107155
2026-04-30,RIVN,1748758.1332125
2026-04-30,SILVER,223797475.35822496
2026-04-30,SKHX,3099165.6235825
2026-04-30,SMSN,1461708.0432325
2026-04-30,SNDK,72810266.38935
2026-04-30,SP500,377829490.3636
2026-04-30,TSLA,23414128.257
2026-04-30,TSM,5223874.445625001
2026-04-30,URNM,1126729.4082
2026-04-30,USAR,3619210.5464
2026-04-30,XYZ100,303247150.79725
2026-05-01,AAPL,17164814.9336675
2026-05-01,AMD,6576337.83914
2026-05-01,AMZN,11968899.781125
2026-05-01,BABA,1583367.105755
2026-05-01,BIRD,187524.40707
2026-05-01,BRENTOIL,247149118.65600002
2026-05-01,CBRS,3370154.9975
2026-05-01,CL,860456009.2986342
2026-05-01,COIN,9839008.959300002
2026-05-01,COPPER,3774804.77897575
2026-05-01,COST,129135.38736
2026-05-01,CRCL,23843653.585726503
2026-05-01,CRWV,3293403.1156
2026-05-01,DKNG,13724.874719999998
2026-05-01,EUR,4917654.350319999
2026-05-01,EWJ,634693.0587575
2026-05-01,EWY,4959773.535745
2026-05-01,GOLD,42863152.18876499
2026-05-01,GOOGL,18777901.255669996
2026-05-01,HIMS,1463007.77716
2026-05-01,HOOD,9235327.411942
2026-05-01,HYUNDAI,152212.26238
2026-05-01,INTC,32187326.96365
2026-05-01,JP225,227556.88448
2026-05-01,JPY,10905121.881675001
2026-05-01,KR200,122491.07057249999
2026-05-01,LLY,555783.8706075001
2026-05-01,META,8933107.63138
2026-05-01,MSFT,5279011.34985
2026-05-01,MSTR,23494347.621850003
2026-05-01,MU,28023138.5109925
2026-05-01,NATGAS,10747994.80776
2026-05-01,NFLX,1317380.895039
2026-05-01,NVDA,30387879.701459996
2026-05-01,ORCL,11754785.0277
2026-05-01,PALLADIUM,128235.377925
2026-05-01,PLATINUM,2325875.5662849997
2026-05-01,PLTR,6937522.038362499
2026-05-01,RIVN,1814472.27253
2026-05-01,SILVER,214807776.68889004
2026-05-01,SKHX,1650230.943205
2026-05-01,SMSN,339322.073585
2026-05-01,SNDK,80164043.1252
2026-05-01,SP500,207084263.113
2026-05-01,TSLA,28449474.707887497
2026-05-01,TSM,6522155.802950001
2026-05-01,URNM,239420.83727249998
2026-05-01,USAR,2993696.44422
2026-05-01,XYZ100,187081789.3407
2026-05-02,AAPL,641268.7766799999
2026-05-02,AMD,1475906.2452
2026-05-02,AMZN,408395.829465
2026-05-02,BABA,192496.72035
2026-05-02,BIRD,208208.07055750003
2026-05-02,BRENTOIL,27024185.8677
2026-05-02,CBRS,3033957.1293
2026-05-02,CL,49672491.0763725
2026-05-02,COIN,1727135.9024474998
2026-05-02,COPPER,677836.4587629999
2026-05-02,COST,1614.9067599999998
2026-05-02,CRCL,1310197.083195
2026-05-02,CRWV,193549.83407500002
2026-05-02,DKNG,523.184215
2026-05-02,EUR,3904577.7767499993
2026-05-02,EWJ,48421.57398225
2026-05-02,EWY,457845.40988999995
2026-05-02,GOLD,2283524.414565
2026-05-02,GOOGL,1017900.71019
2026-05-02,HIMS,670274.87452
2026-05-02,HOOD,862389.434363
2026-05-02,HYUNDAI,77324.89751
2026-05-02,INTC,5342589.138300001
2026-05-02,JP225,22752.185302500002
2026-05-02,JPY,4769711.636325001
2026-05-02,KR200,19897.883235
2026-05-02,LLY,25133.78007525
2026-05-02,META,790375.0757550001
2026-05-02,MSFT,803906.734905
2026-05-02,MSTR,3367045.209375
2026-05-02,MU,3174230.4379425
2026-05-02,NATGAS,511611.15997
2026-05-02,NFLX,636241.4087970001
2026-05-02,NVDA,3243589.736925
2026-05-02,ORCL,247436.88266499998
2026-05-02,PALLADIUM,13257.459052499999
2026-05-02,PLATINUM,623112.480425
2026-05-02,PLTR,894896.0402074999
2026-05-02,RIVN,34642.7293225
2026-05-02,SILVER,7982486.7694
2026-05-02,SKHX,559572.3930400001
2026-05-02,SMSN,111449.05200000001
2026-05-02,SNDK,6875431.101
2026-05-02,SP500,25361346.918
2026-05-02,TSLA,1582131.9812575001
2026-05-02,TSM,750197.3772750001
2026-05-02,URNM,228668.85062999997
2026-05-02,USAR,79004.67674
2026-05-02,XYZ100,31942399.635175005
2026-05-03,AAPL,1122396.401015
2026-05-03,AMD,1772298.2531200002
2026-05-03,AMZN,704052.0089750001
2026-05-03,BABA,283289.7278125
2026-05-03,BIRD,55932.990342499994
2026-05-03,BRENTOIL,125420307.41789998
2026-05-03,CBRS,2507328.0771000003
2026-05-03,CL,246347348.00025004
2026-05-03,COIN,693446.6538025
2026-05-03,COPPER,2259973.346982
2026-05-03,COST,4798.62166
2026-05-03,CRCL,1813999.2639449998
2026-05-03,CRWV,491965.33310000005
2026-05-03,DKNG,4455.916920000001
2026-05-03,EUR,7383321.709535001
2026-05-03,EWJ,36786.048289499995
2026-05-03,EWY,2591355.081375
2026-05-03,GOLD,11735161.14057
2026-05-03,GOOGL,1533348.5424075
2026-05-03,HIMS,177974.22915499998
2026-05-03,HOOD,1183758.0510910002
2026-05-03,HYUNDAI,96358.29729000002
2026-05-03,INTC,3683672.1264
2026-05-03,JP225,212063.99742
2026-05-03,JPY,3685201.3015
2026-05-03,KR200,39464.62254
2026-05-03,LLY,39912.11350875
2026-05-03,META,1438464.0229375
2026-05-03,MSFT,1360057.7613424999
2026-05-03,MSTR,2510753.86743
2026-05-03,MU,3193754.2288274993
2026-05-03,NATGAS,3351041.36745
2026-05-03,NFLX,68366.395738
2026-05-03,NVDA,6007266.356299999
2026-05-03,ORCL,835949.3100774998
2026-05-03,PALLADIUM,128794.780745
2026-05-03,PLATINUM,1103396.2819500002
2026-05-03,PLTR,1779576.316665
2026-05-03,RIVN,1731347.8582625003
2026-05-03,SILVER,87702533.18104498
2026-05-03,SKHX,2065467.43635
2026-05-03,SMSN,241952.013815
2026-05-03,SNDK,7383337.37435
2026-05-03,SP500,51502871.08225
2026-05-03,TSLA,4516876.1749925
2026-05-03,TSM,578411.99577
2026-05-03,URNM,133691.84903999997
2026-05-03,USAR,209343.84459999998
2026-05-03,XYZ100,47684292.6573
2026-05-04,AAPL,6280193.762370001
2026-05-04,AMD,8984725.0596225
2026-05-04,AMZN,10387719.79466
2026-05-04,BABA,2717313.7425975003
2026-05-04,BIRD,171734.41057500002
2026-05-04,BRENTOIL,529199179.7350001
2026-05-04,BX,38182.154500000004
2026-05-04,CBRS,6670051.374825001
2026-05-04,CL,1092608411.22057
2026-05-04,COIN,10520854.0942925
2026-05-04,COPPER,5717043.305425
2026-05-04,COST,292903.497966
2026-05-04,CRCL,43062023.55105
2026-05-04,CRWV,3609686.515625
2026-05-04,DKNG,34914.21769500001
2026-05-04,DRAM,511377.18299999996
2026-05-04,EUR,4564793.282827499
2026-05-04,EWJ,639159.033608
2026-05-04,EWY,9774291.2326875
2026-05-04,EWZ,11389.6385775
2026-05-04,GME,5877593.3444475
2026-05-04,GOLD,67184679.29970999
2026-05-04,GOOGL,10609118.794755
2026-05-04,HIMS,1519856.2313
2026-05-04,HOOD,11746504.5775
2026-05-04,HYUNDAI,1116906.905485
2026-05-04,INTC,33219093.132172503
2026-05-04,JP225,122970.26736750001
2026-05-04,JPY,6282945.3953249995
2026-05-04,KR200,95529.95190749998
2026-05-04,LITE,1499500.3252324997
2026-05-04,LLY,337102.05390749994
2026-05-04,META,10695551.17008
2026-05-04,MRVL,172246.9512
2026-05-04,MSFT,12382807.13918
2026-05-04,MSTR,23710322.08319
2026-05-04,MU,53705245.92285
2026-05-04,NATGAS,11385442.010277502
2026-05-04,NFLX,588729.462363
2026-05-04,NVDA,39632602.3689
2026-05-04,ORCL,9758423.445375001
2026-05-04,PALLADIUM,753336.711125
2026-05-04,PLATINUM,5317422.295005
2026-05-04,PLTR,18669756.39285
2026-05-04,RIVN,2610634.16792
2026-05-04,RKLB,11526.0475875
2026-05-04,SILVER,269737293.3097
2026-05-04,SKHX,3917328.3651000005
2026-05-04,SMSN,1258288.86898
2026-05-04,SNDK,71096642.15579998
2026-05-04,SP500,327833126.2162
2026-05-04,TSLA,17683111.465229996
2026-05-04,TSM,5199778.73988
2026-05-04,URNM,361685.83783000003
2026-05-04,USAR,2579470.6071
2026-05-04,XLE,309612.87808
2026-05-04,XYZ100,324459567.6188
2026-05-05,AAPL,6483423.111660001
2026-05-05,AMD,46430312.003924996
2026-05-05,AMZN,25906102.50923
2026-05-05,BABA,934057.007715
2026-05-05,BIRD,152757.54634
2026-05-05,BRENTOIL,317823960.4002
2026-05-05,BX,108372.27840000001
2026-05-05,CBRS,3116888.1267
2026-05-05,CL,713135793.39247
2026-05-05,COIN,15036448.2143525
2026-05-05,COPPER,6777938.0020125
2026-05-05,COST,115833.48021000001
2026-05-05,CRCL,53120189.972987495
2026-05-05,CRWV,1945503.2642249998
2026-05-05,DKNG,95481.85945
2026-05-05,DRAM,3393015.5050999997
2026-05-05,EBAY,25917.476039999998
2026-05-05,EUR,5741709.4380749995
2026-05-05,EWJ,252536.2638225
2026-05-05,EWY,7783372.2110375
2026-05-05,EWZ,120991.12776
2026-05-05,GME,880078.36455
2026-05-05,GOLD,36805365.673555
2026-05-05,GOOGL,15808010.83155
2026-05-05,HIMS,1077426.825
2026-05-05,HOOD,10094811.100063
2026-05-05,HYUNDAI,593429.7802950001
2026-05-05,INTC,51628160.204775
2026-05-05,JP225,331776.4185
2026-05-05,JPY,3706240.1496749995
2026-05-05,KR200,203685.81900000002
2026-05-05,LITE,3556070.4246824994
2026-05-05,LLY,203207.3236755
2026-05-05,META,10477650.6202275
2026-05-05,MRVL,339401.3994
2026-05-05,MSFT,7264342.298450001
2026-05-05,MSTR,13928876.3523
2026-05-05,MU,61944169.42954999
2026-05-05,NATGAS,11724451.806049999
2026-05-05,NFLX,1305598.2080899999
2026-05-05,NVDA,28974392.33946
2026-05-05,ORCL,6786126.944025
2026-05-05,PALLADIUM,716905.2210499999
2026-05-05,PLATINUM,2395596.857395
2026-05-05,PLTR,12082754.0479875
2026-05-05,RIVN,579415.2519375001
2026-05-05,RKLB,294925.54034999997
2026-05-05,SILVER,164763713.8543125
2026-05-05,SKHX,6716324.32618
2026-05-05,SMSN,1536441.0133800001
2026-05-05,SNDK,89113370.108
2026-05-05,SP500,207961328.157
2026-05-05,TSLA,24745692.9665725
2026-05-05,TSM,3873588.5124700004
2026-05-05,URNM,1225638.1488
2026-05-05,USAR,2313346.3543599998
2026-05-05,XLE,149506.69832
2026-05-05,XYZ100,220965187.04
2026-05-05,ZM,13325.3092
2026-05-06,AAPL,3968903.23831
2026-05-06,AMD,36139585.104202494
2026-05-06,AMZN,8924866.100390002
2026-05-06,BABA,4622220.49894
2026-05-06,BIRD,3239329.6315500005
2026-05-06,BRENTOIL,594398948.68438
2026-05-06,BX,21781.2257
2026-05-06,CBRS,1483369.6163
2026-05-06,CL,1367646640.6629713
2026-05-06,COIN,10716723.001822501
2026-05-06,COPPER,9066066.03790875
2026-05-06,COST,49567.5514785
2026-05-06,CRCL,39872284.30638
2026-05-06,CRWV,3479050.7206
2026-05-06,DKNG,103942.90764000002
2026-05-06,DRAM,5865561.90555
2026-05-06,EBAY,129098.47702500001
2026-05-06,EUR,3657747.4985200004
2026-05-06,EWJ,960411.823059
2026-05-06,EWY,12838284.44205
2026-05-06,EWZ,92842.62439
2026-05-06,GME,831096.0544
2026-05-06,GOLD,69021549.1704375
2026-05-06,GOOGL,17298150.408625
2026-05-06,HIMS,2427311.8796949997
2026-05-06,HOOD,9306333.74025
2026-05-06,HYUNDAI,863802.8394600002
2026-05-06,INTC,35976266.7448
2026-05-06,JP225,880186.4309700001
2026-05-06,JPY,7672263.36535
2026-05-06,KR200,446013.1173
2026-05-06,LITE,3763873.45335
2026-05-06,LLY,287358.012984
2026-05-06,META,8725001.15375
2026-05-06,MRVL,584439.5554
2026-05-06,MSFT,7489580.401372502
2026-05-06,MSTR,13949142.065624999
2026-05-06,MU,57137238.6820575
2026-05-06,NATGAS,15017587.689120002
2026-05-06,NFLX,1076661.16757625
2026-05-06,NVDA,59476205.45234
2026-05-06,ORCL,19585282.49458
2026-05-06,PALLADIUM,979213.3223750001
2026-05-06,PLATINUM,3588613.1244075
2026-05-06,PLTR,5202403.28501
2026-05-06,RIVN,462199.56320000003
2026-05-06,RKLB,553035.42413
2026-05-06,SILVER,238273312.784295
2026-05-06,SKHX,11677909.689174999
2026-05-06,SMSN,3957445.68432
2026-05-06,SNDK,97780620.72625001
2026-05-06,SP500,326162716.3093749
2026-05-06,TSLA,43318762.73064
2026-05-06,TSM,8015855.5455249995
2026-05-06,URNM,1305201.4680375
2026-05-06,USAR,3805130.993625
2026-05-06,XLE,347769.26437499997
2026-05-06,XYZ100,226867329.35685
2026-05-06,ZM,486374.52366000006
2026-05-07,AAPL,7309320.1363
2026-05-07,AMD,17174719.128215
2026-05-07,AMZN,5747823.1088000005
2026-05-07,BABA,3662288.64068
2026-05-07,BIRD,4200026.78277
2026-05-07,BRENTOIL,647973628.918795
2026-05-07,BX,32872.601599999995
2026-05-07,CBRS,651263.508725
2026-05-07,CL,1200085978.3603342
2026-05-07,COIN,28429746.340475
2026-05-07,COPPER,10535028.1359825
2026-05-07,COST,77951.48640875
2026-05-07,CRCL,37583099.01205
2026-05-07,CRWV,16816004.942625
2026-05-07,DKNG,98532.14083500001
2026-05-07,DRAM,2226618.4856000002
2026-05-07,EBAY,307909.78722500004
2026-05-07,EUR,3875533.4594374998
2026-05-07,EWJ,1108888.108679
2026-05-07,EWY,14950774.768474998
2026-05-07,EWZ,80923.1605875
2026-05-07,GME,524492.53762
2026-05-07,GOLD,64548334.478792496
2026-05-07,GOOGL,12086765.6924
2026-05-07,HIMS,1151600.58611
2026-05-07,HOOD,11006761.611976499
2026-05-07,HYUNDAI,409359.202945
2026-05-07,INTC,27695001.54525
2026-05-07,JP225,1019228.0065499999
2026-05-07,JPY,1946278.09725
2026-05-07,KR200,133546.2085325
2026-05-07,LITE,3121032.114705
2026-05-07,LLY,255620.57168849997
2026-05-07,META,7524903.7825
2026-05-07,MRVL,594004.575325
2026-05-07,MSFT,9421926.6177975
2026-05-07,MSTR,11268719.981125
2026-05-07,MU,68322976.7805
2026-05-07,NATGAS,44364604.105395
2026-05-07,NFLX,588076.80301
2026-05-07,NVDA,72478931.7825
2026-05-07,ORCL,18115428.3615125
2026-05-07,PALLADIUM,800439.483935
2026-05-07,PLATINUM,2274301.552965
2026-05-07,PLTR,11681982.199132498
2026-05-07,RIVN,503818.2429499999
2026-05-07,RKLB,2033784.2953125
2026-05-07,SILVER,304344473.37882
2026-05-07,SKHX,12232858.879
2026-05-07,SMSN,4286271.315375
2026-05-07,SNDK,87432400.2532
2026-05-07,SP500,372196207.113825
2026-05-07,TSLA,41313833.133375004
2026-05-07,TSM,9218730.2558
2026-05-07,URNM,1483620.45146
2026-05-07,USAR,3040167.8545
2026-05-07,XLE,536909.50768
2026-05-07,XYZ100,227867442.3501
2026-05-07,ZM,334369.06392000004
2026-05-08,AAPL,6326128.095360001
2026-05-08,AMD,28070906.476275
2026-05-08,AMZN,4764717.93704
2026-05-08,BABA,2196281.07344
2026-05-08,BIRD,960629.2894
2026-05-08,BRENTOIL,263597643.1919675
2026-05-08,BX,7027.294375
2026-05-08,CBRS,2192614.6608
2026-05-08,CL,602473436.2348858
2026-05-08,COIN,14974954.681015
2026-05-08,COPPER,12426592.202643499
2026-05-08,COST,113043.69032
2026-05-08,CRCL,24341807.110200003
2026-05-08,CRWV,12712720.641749999
2026-05-08,DKNG,65359.09542
2026-05-08,DRAM,7118581.471925
2026-05-08,EBAY,42499.837875
2026-05-08,EUR,2936984.3832
2026-05-08,EWJ,726493.782205
2026-05-08,EWY,19855734.846915003
2026-05-08,EWZ,48954.6451675
2026-05-08,GME,565355.8115175001
2026-05-08,GOLD,33513927.076849997
2026-05-08,GOOGL,10004061.4056825
2026-05-08,HIMS,5722291.859115
2026-05-08,HOOD,7181207.076839999
2026-05-08,HYUNDAI,987838.13766
2026-05-08,INTC,75324528.67875001
2026-05-08,JP225,700824.72825
2026-05-08,JPY,1823938.61375
2026-05-08,KR200,141466.26992750002
2026-05-08,LITE,3438011.0073375003
2026-05-08,LLY,368625.1568475
2026-05-08,META,4109780.5626600008
2026-05-08,MRVL,736015.9207499999
2026-05-08,MSFT,7976091.0487
2026-05-08,MSTR,8755951.5420075
2026-05-08,MU,73105924.21062
2026-05-08,NATGAS,31224189.237679996
2026-05-08,NFLX,834048.133933
2026-05-08,NVDA,45374428.37886
2026-05-08,ORCL,7769200.719330001
2026-05-08,PALLADIUM,471085.95625
2026-05-08,PLATINUM,1945992.7818800001
2026-05-08,PLTR,3994514.0927999993
2026-05-08,RIVN,450607.69215
2026-05-08,RKLB,5196901.097335
2026-05-08,SILVER,238620635.144
2026-05-08,SKHX,6960420.2475000005
2026-05-08,SMSN,2417423.00049
2026-05-08,SNDK,139173826.0561
2026-05-08,SP500,260671297.19872501
2026-05-08,TSLA,30673267.4376825
2026-05-08,TSM,6217735.481842499
2026-05-08,URNM,1314258.8878399997
2026-05-08,USAR,2020433.3561099998
2026-05-08,XLE,42917.4337725
2026-05-08,XYZ100,228019095.606
2026-05-08,ZM,328265.239375
2026-05-09,AAPL,1228029.7040025
2026-05-09,AMD,1446347.2003074999
2026-05-09,AMZN,722679.24582
2026-05-09,BABA,725189.38072
2026-05-09,BIRD,763395.6035699999
2026-05-09,BRENTOIL,41516720.5478775
2026-05-09,BX,1280497.3808
2026-05-09,CBRS,1504964.048
2026-05-09,CL,68113823.6737525
2026-05-09,COIN,1214889.0410475002
2026-05-09,COPPER,2757719.244494
2026-05-09,COST,19195.3872
2026-05-09,CRCL,3474681.217015
2026-05-09,CRWV,294775.86425
2026-05-09,DKNG,8265.1396425
2026-05-09,DRAM,4360783.71225
2026-05-09,EBAY,20832.558
2026-05-09,EUR,283288.84477
2026-05-09,EWJ,168890.904468
2026-05-09,EWY,3167427.3776924997
2026-05-09,EWZ,1799.3611749999998
2026-05-09,GME,203107.26334499998
2026-05-09,GOLD,6543897.412289999
2026-05-09,GOOGL,1902511.5089999998
2026-05-09,HIMS,2623195.219875
2026-05-09,HOOD,536910.7964985
2026-05-09,HYUNDAI,58708.601950000004
2026-05-09,INTC,3104004.957725
2026-05-09,JP225,80327.59875
2026-05-09,JPY,123118.77
2026-05-09,KR200,46079.49696
2026-05-09,LITE,2869275.7347299997
2026-05-09,LLY,142656.39259775
2026-05-09,META,937366.734135
2026-05-09,MRVL,70682.707025
2026-05-09,MSFT,800533.1175
2026-05-09,MSTR,2320752.5494175
2026-05-09,MU,9691864.652105
2026-05-09,NATGAS,3937249.8956874995
2026-05-09,NFLX,153846.79423325
2026-05-09,NVDA,9377705.30466
2026-05-09,ORCL,739991.7357975
2026-05-09,PALLADIUM,136362.14959500002
2026-05-09,PLATINUM,170572.11155999996
2026-05-09,PLTR,541008.065875
2026-05-09,RIVN,10631.13517
2026-05-09,RKLB,384005.14215
2026-05-09,SILVER,16584469.667684998
2026-05-09,SKHX,3639236.6026
2026-05-09,SMSN,209065.2909175
2026-05-09,SNDK,9121430.3626
2026-05-09,SP500,19522559.181199998
2026-05-09,TSLA,3649887.5794749996
2026-05-09,TSM,659592.2569925
2026-05-09,URNM,66852.665325
2026-05-09,USAR,355327.69361250004
2026-05-09,XLE,21177.504365
2026-05-09,XYZ100,46052721.85425
2026-05-09,ZM,96667.09520250002
2026-05-10,AAPL,1462627.6412850001
2026-05-10,AMD,2943983.6603125003
2026-05-10,AMZN,1589376.4374875
2026-05-10,BABA,1372253.1171825
2026-05-10,BIRD,78955.994335
2026-05-10,BRENTOIL,116521630.97294998
2026-05-10,BX,22956.2388
2026-05-10,CBRS,3843557.2349249995
2026-05-10,CL,209692460.44091925
2026-05-10,COIN,5057904.3946375
2026-05-10,COPPER,13073823.249806251
2026-05-10,COST,11006.3287525
2026-05-10,CRCL,7669598.448435
2026-05-10,CRWV,415819.58725000004
2026-05-10,DKNG,4300.0556625
2026-05-10,DRAM,2576354.560025
2026-05-10,EBAY,8490.867
2026-05-10,EUR,2191613.93152
2026-05-10,EWJ,89620.61232525001
2026-05-10,EWY,5258551.777705001
2026-05-10,EWZ,1199.880885
2026-05-10,GME,93605.92156
2026-05-10,GOLD,22718356.690925
2026-05-10,GOOGL,1339297.5701000001
2026-05-10,HIMS,3558714.24006
2026-05-10,HOOD,2798178.64014125
2026-05-10,HYUNDAI,228320.62415999995
2026-05-10,INTC,11848821.7316
2026-05-10,JP225,93807.383785
2026-05-10,JPY,472096.2579
2026-05-10,KR200,76075.40469249999
2026-05-10,LITE,1216456.593435
2026-05-10,LLY,156323.48485
2026-05-10,META,1236650.2475949998
2026-05-10,MRVL,49395.76087500001
2026-05-10,MSFT,1720194.3027524997
2026-05-10,MSTR,5050640.59646
2026-05-10,MU,18014674.183225002
2026-05-10,NATGAS,5167384.097287499
2026-05-10,NFLX,108158.27212800001
2026-05-10,NVDA,10130408.7696
2026-05-10,ORCL,10274773.368225
2026-05-10,PALLADIUM,307110.5593125
2026-05-10,PLATINUM,772220.3393125
2026-05-10,PLTR,1837835.8320399998
2026-05-10,RIVN,42849.9926875
2026-05-10,RKLB,472187.12467499997
2026-05-10,SILVER,81208848.64657499
2026-05-10,SKHX,3802303.174625
2026-05-10,SMSN,899497.5043950002
2026-05-10,SNDK,14605487.860599998
2026-05-10,SP500,69547225.19264999
2026-05-10,TSLA,7470144.657595
2026-05-10,TSM,660473.485945
2026-05-10,URNM,205859.14669999998
2026-05-10,USAR,275867.92682999995
2026-05-10,XLE,899126.3500450001
2026-05-10,XYZ100,124879566.1456
2026-05-10,ZM,18845.642900000003
2026-05-11,AAPL,3685537.36975
2026-05-11,AMD,20941118.506575
2026-05-11,AMZN,4994875.25647
2026-05-11,BABA,2196596.29798
2026-05-11,BIRD,1335431.8107125
2026-05-11,BRENTOIL,236615124.825125
2026-05-11,BX,59853.233825
2026-05-11,CBRS,6756554.192499999
2026-05-11,CL,518669671.47592294
2026-05-11,COIN,27955431.336947497
2026-05-11,COPPER,13746502.184908504
2026-05-11,COST,121609.27232999999
2026-05-11,CRCL,101602346.44106252
2026-05-11,CRWV,3940805.6081250003
2026-05-11,DKNG,31483.195150000003
2026-05-11,DRAM,19563343.269225
2026-05-11,EBAY,80725.5939
2026-05-11,EUR,2375339.1048749997
2026-05-11,EWJ,431099.6790195
2026-05-11,EWY,26412980.5614
2026-05-11,EWZ,20788.299
2026-05-11,GME,7028879.20879
2026-05-11,GOLD,59224604.92294501
2026-05-11,GOOGL,12038036.890405
2026-05-11,HIMS,39570449.5772375
2026-05-11,HOOD,11070176.233587999
2026-05-11,HYUNDAI,452456.80701249995
2026-05-11,INTC,60588751.227850005
2026-05-11,JP225,454208.89504
2026-05-11,JPY,2070033.3458999998
2026-05-11,KR200,156781.58334250003
2026-05-11,LITE,8181672.447825001
2026-05-11,LLY,269157.57667325
2026-05-11,META,3660895.6047599996
2026-05-11,MRVL,610788.9863
2026-05-11,MSFT,7956910.213132499
2026-05-11,MSTR,10615514.3997925
2026-05-11,MU,147647907.33399
2026-05-11,NATGAS,40125216.9578925
2026-05-11,NFLX,832135.4090175001
2026-05-11,NVDA,48503388.772
2026-05-11,ORCL,16053740.6654175
2026-05-11,PALLADIUM,1872976.5635250001
2026-05-11,PLATINUM,2481791.3084799997
2026-05-11,PLTR,4681638.2296775
2026-05-11,RIVN,321824.5527
2026-05-11,RKLB,6494402.4885
2026-05-11,SILVER,313750242.39897
2026-05-11,SKHX,15616396.365
2026-05-11,SMSN,3209057.2443500003
2026-05-11,SNDK,126983941.443125
2026-05-11,SP500,164941123.2894
2026-05-11,TSLA,52907937.2022375
2026-05-11,TSM,5136802.63535
2026-05-11,URNM,843844.50556
2026-05-11,USAR,1965291.512955
2026-05-11,XLE,310200.4330425
2026-05-11,XYZ100,206952263.9977
2026-05-11,ZM,358381.52399749996
2026-05-12,AAPL,6470291.232685
2026-05-12,AMD,18051888.74392
2026-05-12,AMZN,5029736.3865425
2026-05-12,BABA,3403403.2067400003
2026-05-12,BIRD,590684.991225
2026-05-12,BRENTOIL,167769635.2682
2026-05-12,BX,16562.8575
2026-05-12,CBRS,3226524.8783249995
2026-05-12,CL,365805853.24511147
2026-05-12,COIN,19661618.5299825
2026-05-12,COPPER,34337184.120925
2026-05-12,COST,158699.871438
2026-05-12,CRCL,57742322.2125675
2026-05-12,CRWV,6664254.89665
2026-05-12,DKNG,7753.5199649999995
2026-05-12,DRAM,13475505.3975
2026-05-12,EBAY,245418.41520000002
2026-05-12,EUR,1490590.0653875
2026-05-12,EWJ,1041868.1913540001
2026-05-12,EWY,24326244.729364995
2026-05-12,EWZ,157452.3293625
2026-05-12,GME,2202632.6731199995
2026-05-12,GOLD,55926157.985685006
2026-05-12,GOOGL,13601209.520249998
2026-05-12,HIMS,18526248.8082
2026-05-12,HOOD,6936368.131443
2026-05-12,HYUNDAI,1279271.27988
2026-05-12,INTC,60519746.65315
2026-05-12,JP225,193679.3927025
2026-05-12,JPY,2507336.9769
2026-05-12,KR200,703977.4771649999
2026-05-12,LITE,10335314.7016
2026-05-12,LLY,193028.09160475
2026-05-12,META,5522475.66793
2026-05-12,MRVL,768936.24055
2026-05-12,MSFT,3800897.199605
2026-05-12,MSTR,9507023.850809999
2026-05-12,MU,163577901.1819875
2026-05-12,NATGAS,31706712.175497502
2026-05-12,NFLX,647639.16192
2026-05-12,NVDA,43702428.01296001
2026-05-12,ORCL,11610175.017284999
2026-05-12,PALLADIUM,1620457.5628799999
2026-05-12,PLATINUM,3141337.4017999996
2026-05-12,PLTR,8441156.6715175
2026-05-12,RIVN,649699.4741625001
2026-05-12,RKLB,5196120.708249999
2026-05-12,SILVER,347516033.15058
2026-05-12,SKHX,24382397.292
2026-05-12,SMSN,6286506.413937499
2026-05-12,SNDK,152186709.12875
2026-05-12,SP500,290751760.71345
2026-05-12,TSLA,28060976.2219725
2026-05-12,TSM,6317029.662134999
2026-05-12,URNM,1474260.98926
2026-05-12,USAR,2283208.1726400005
2026-05-12,XLE,217577.3427475
2026-05-12,XYZ100,232640620.36859998
2026-05-12,ZM,498054.26872749993
2026-05-13,AAPL,8062766.963437499
2026-05-13,AMD,14779675.1254375
2026-05-13,AMZN,4384806.301960001
2026-05-13,BABA,9805347.1877625
2026-05-13,BIRD,447766.06715749996
2026-05-13,BRENTOIL,206227210.952025
2026-05-13,BX,40306.84969999999
2026-05-13,CBRS,9540241.370749999
2026-05-13,CL,352798752.2417572
2026-05-13,COIN,15693918.999937499
2026-05-13,COPPER,39350399.595907494
2026-05-13,COST,491460.78047
2026-05-13,CRCL,40080755.9148575
2026-05-13,CRWV,5090157.4716
2026-05-13,DKNG,16067.515287500002
2026-05-13,DRAM,9610597.59275
2026-05-13,EBAY,98511.82315000001
2026-05-13,EUR,1946117.6974400003
2026-05-13,EWJ,841333.0380299999
2026-05-13,EWY,14901029.481600001
2026-05-13,EWZ,71128.22706
2026-05-13,GME,174988.75558000003
2026-05-13,GOLD,46341791.5905
2026-05-13,GOOGL,19182240.698617503
2026-05-13,HIMS,5829197.51125
2026-05-13,HOOD,5389777.271772001
2026-05-13,HYUNDAI,1041619.0118725001
2026-05-13,INTC,50552135.595
2026-05-13,JP225,449888.7200625
2026-05-13,JPY,9424666.43715
2026-05-13,KR200,297386.9571125
2026-05-13,LITE,4577617.819685
2026-05-13,LLY,325636.078185
2026-05-13,META,10132147.341529999
2026-05-13,MRVL,2941780.72075
2026-05-13,MSFT,3869638.7039625
2026-05-13,MSTR,9058714.719935
2026-05-13,MU,135875222.9845275
2026-05-13,NATGAS,37613097.46627499
2026-05-13,NFLX,606757.33125475
2026-05-13,NVDA,76410043.54373
2026-05-13,ORCL,5495631.085895
2026-05-13,PALLADIUM,722029.2773849999
2026-05-13,PLATINUM,2730251.5865
2026-05-13,PLTR,4933716.8967125
2026-05-13,RIVN,915917.0387899998
2026-05-13,RKLB,6146868.100425
2026-05-13,SILVER,291291229.43266255
2026-05-13,SKHX,15714909.08025
2026-05-13,SMSN,9385100.8852125
2026-05-13,SNDK,95365031.18092498
2026-05-13,SP500,336979801.6099
2026-05-13,TSLA,40002370.535255
2026-05-13,TSM,2804518.7156350003
2026-05-13,URNM,1541195.4803374999
2026-05-13,USAR,2139094.70346
2026-05-13,XLE,250438.59133999996
2026-05-13,XYZ100,215965794.89905
2026-05-13,ZM,270730.492515
2026-05-14,AAPL,7314352.824295001
2026-05-14,AMD,15791055.479732499
2026-05-14,AMZN,4736733.53784
2026-05-14,BABA,7297739.662040001
2026-05-14,BIRD,882807.3182925
2026-05-14,BRENTOIL,195122510.7759975
2026-05-14,BX,24188.44015
2026-05-14,CBRS,269081679.15449995
2026-05-14,CL,345779062.3350045
2026-05-14,COIN,31442314.513775
2026-05-14,COPPER,22332658.4257
2026-05-14,COST,180033.1246875
2026-05-14,CRCL,77919828.687925
2026-05-14,CRWV,6416323.633649999
2026-05-14,DKNG,20053.472144999996
2026-05-14,DRAM,12436247.22165
2026-05-14,EBAY,101826.81740000001
2026-05-14,EUR,2913556.6451250003
2026-05-14,EWJ,812773.9364690002
2026-05-14,EWY,12455915.133200001
2026-05-14,EWZ,20884.45662
2026-05-14,GME,217347.9395325
2026-05-14,GOLD,36746859.84894
2026-05-14,GOOGL,10902150.9044875
2026-05-14,HIMS,1900858.4993649998
2026-05-14,HOOD,7589588.030665999
2026-05-14,HYUNDAI,1649505.4521575002
2026-05-14,INTC,53095914.1564
2026-05-14,JP225,171150.705
2026-05-14,JPY,4978153.840275001
2026-05-14,KR200,78465.403905
2026-05-14,LITE,3373792.3493325002
2026-05-14,LLY,345788.59097699996
2026-05-14,META,13902644.808644999
2026-05-14,MRVL,2865779.4707500003
2026-05-14,MSFT,5502045.749039999
2026-05-14,MSTR,12586451.84588
2026-05-14,MU,145371118.62690002
2026-05-14,NATGAS,31034611.551372502
2026-05-14,NFLX,448190.94713050005
2026-05-14,NVDA,113544014.88996
2026-05-14,ORCL,8486613.12764
2026-05-14,PALLADIUM,1113416.70324
2026-05-14,PLATINUM,3372926.10157
2026-05-14,PLTR,6943959.519037501
2026-05-14,PURRDAT,526095.51885
2026-05-14,RIVN,593806.07624
2026-05-14,RKLB,4277681.12635
2026-05-14,SILVER,273128135.05324495
2026-05-14,SKHX,9589011.39405
2026-05-14,SMSN,3594396.8213699996
2026-05-14,SNDK,92739855.10790001
2026-05-14,SP500,342354782.894125
2026-05-14,TSLA,29938238.372360002
2026-05-14,TSM,7847198.96361
2026-05-14,URNM,1229670.4875
2026-05-14,USAR,3240942.45561
2026-05-14,XLE,94274.060365
2026-05-14,XYZ100,337397444.3929
2026-05-14,ZM,857557.1299750002
2026-05-15,AAPL,8204804.76963
2026-05-15,AMD,14983322.203227503
2026-05-15,AMZN,8794391.086110001
2026-05-15,BABA,3663926.6898874994
2026-05-15,BIRD,644177.739485
2026-05-15,BRENTOIL,111810121.15842502
2026-05-15,BX,52065.898875
2026-05-15,CBRS,87509331.695325
2026-05-15,CL,309446746.36641896
2026-05-15,COIN,11892865.50322
2026-05-15,COPPER,21297963.728399
2026-05-15,COST,241663.445015
2026-05-15,CRCL,35979956.54343
2026-05-15,CRWV,4967005.44045
2026-05-15,DKNG,30406.215
2026-05-15,DRAM,27154836.4164
2026-05-15,EBAY,79884.555075
2026-05-15,EUR,4418593.9697925
2026-05-15,EWJ,930515.29183025
2026-05-15,EWY,21657974.559427496
2026-05-15,EWZ,22172.55019
2026-05-15,GME,133902.58785
2026-05-15,GOLD,68541183.1008375
2026-05-15,GOOGL,15275295.104999999
2026-05-15,HIMS,1237731.7026
2026-05-15,HOOD,5598979.18783875
2026-05-15,HYUNDAI,1670218.3793249999
2026-05-15,INTC,76760108.499375
2026-05-15,JP225,439818.7899
2026-05-15,JPY,5590771.331
2026-05-15,KR200,209201.72270000004
2026-05-15,LITE,4927580.43745
2026-05-15,LLY,336269.55769650004
2026-05-15,META,11179192.66989
2026-05-15,MRVL,3859420.41905
2026-05-15,MSFT,8462087.71956
2026-05-15,MSTR,10413630.263137499
2026-05-15,MU,152333513.71194
2026-05-15,NATGAS,16729618.38132
2026-05-15,NFLX,586896.197652
2026-05-15,NVDA,132850645.23823503
2026-05-15,ORCL,7935344.897962499
2026-05-15,PALLADIUM,796967.2450324999
2026-05-15,PLATINUM,2762687.123725
2026-05-15,PLTR,4725925.44905
2026-05-15,PURRDAT,2344835.624
2026-05-15,RIVN,1049921.1067849998
2026-05-15,RKLB,4942291.547325
2026-05-15,SILVER,373290742.12897
2026-05-15,SKHX,12916365.71225
2026-05-15,SMSN,4932227.097255
2026-05-15,SNDK,166299111.467
2026-05-15,SP500,482683570.46212506
2026-05-15,TSLA,29577366.961155005
2026-05-15,TSM,6412266.551399998
2026-05-15,URNM,2026882.75595
2026-05-15,USAR,1812775.6817500002
2026-05-15,XLE,2684945.16771
2026-05-15,XYZ100,462223020.29399997
2026-05-15,ZM,301851.205095
2026-05-16,AAPL,1214529.439325
2026-05-16,AMD,1303434.5504150002
2026-05-16,AMZN,658149.398505
2026-05-16,BABA,393595.0457675
2026-05-16,BIRD,567165.6036899999
2026-05-16,BRENTOIL,25616946.527774997
2026-05-16,BX,1769.9625
2026-05-16,CBRS,9691021.3165
2026-05-16,CL,52153417.48575
2026-05-16,COIN,1107543.6488
2026-05-16,COPPER,1257335.0601279999
2026-05-16,COST,12100.1362875
2026-05-16,CRCL,2494297.72377
2026-05-16,CRWV,648497.9275499999
2026-05-16,DKNG,11619.5013
2026-05-16,DRAM,2875158.24335
2026-05-16,EBAY,16219.275824999999
2026-05-16,EUR,401996.0037600001
2026-05-16,EWJ,208412.24189625002
2026-05-16,EWY,933261.8187449999
2026-05-16,EWZ,3103.22963
2026-05-16,GME,20442.577802499996
2026-05-16,GOLD,26672175.282097496
2026-05-16,GOOGL,2515692.4540625
2026-05-16,HIMS,289955.75616
2026-05-16,HOOD,892107.2624024999
2026-05-16,HYUNDAI,296157.0975975
2026-05-16,INTC,2003564.6079999998
2026-05-16,JP225,23254.05591
2026-05-16,JPY,441089.65935
2026-05-16,KR200,14589.394079999996
2026-05-16,LITE,208406.98911999998
2026-05-16,LLY,17969.252945
2026-05-16,META,1148300.840125
2026-05-16,MRVL,1318914.279375
2026-05-16,MSFT,1636322.3726124999
2026-05-16,MSTR,2695466.9983225
2026-05-16,MU,10089004.036150001
2026-05-16,NATGAS,1954454.7701174999
2026-05-16,NFLX,189757.64927249998
2026-05-16,NVDA,7484995.810207498
2026-05-16,ORCL,972117.0840825
2026-05-16,PALLADIUM,64244.21445
2026-05-16,PLATINUM,633104.9258799999
2026-05-16,PLTR,1125857.92079
2026-05-16,PURRDAT,283612.76999999996
2026-05-16,RIVN,129001.57920000001
2026-05-16,RKLB,314226.75480000005
2026-05-16,SILVER,34966470.96592
2026-05-16,SKHX,2196780.03175
2026-05-16,SMSN,356635.52426
2026-05-16,SNDK,6099182.848275
2026-05-16,SP500,39419507.86125
2026-05-16,TSLA,3482145.8458225
2026-05-16,TSM,1052343.6622124999
2026-05-16,URNM,745727.7074900001
2026-05-16,USAR,112255.110955
2026-05-16,XLE,68314.4530675
2026-05-16,XYZ100,24046283.05235
2026-05-16,ZM,9827.85765
2026-05-17,AAPL,3043890.16998
2026-05-17,AMD,1640765.628775
2026-05-17,AMZN,493077.61640500004
2026-05-17,BABA,509906.88936000003
2026-05-17,BIRD,279107.78358999995
2026-05-17,BRENTOIL,55059988.339375
2026-05-17,BX,82.54575
2026-05-17,CBRS,10777271.204699999
2026-05-17,CL,81547570.44266249
2026-05-17,COIN,2109100.9293750003
2026-05-17,COPPER,3078967.51404
2026-05-17,COST,26005.59955
2026-05-17,CRCL,4156328.0278800004
2026-05-17,CRWV,198978.29875000002
2026-05-17,DKNG,941.0484799999999
2026-05-17,DRAM,2032057.58425
2026-05-17,EBAY,17892.9387
2026-05-17,EUR,353459.682705
2026-05-17,EWJ,363556.503768
2026-05-17,EWY,5263212.5625
2026-05-17,EWZ,944.6728549999998
2026-05-17,GME,82167.01864250001
2026-05-17,GOLD,7214947.14108
2026-05-17,GOOGL,2534071.77469
2026-05-17,HIMS,211905.7551
2026-05-17,HOOD,1487320.9871797499
2026-05-17,HYUNDAI,697513.1332050001
2026-05-17,INTC,4070638.72875
2026-05-17,JP225,59287.229145000005
2026-05-17,JPY,739306.0962
2026-05-17,KR200,346700.98905
2026-05-17,LITE,530091.3682499999
2026-05-17,LLY,207379.44725925
2026-05-17,META,1189567.675075
2026-05-17,MRVL,609529.8447
2026-05-17,MSFT,1678707.8094000001
2026-05-17,MSTR,3195528.1725
2026-05-17,MU,11711783.067555
2026-05-17,NATGAS,3476163.9060925
2026-05-17,NFLX,244513.078894
2026-05-17,NVDA,9503513.2717125
2026-05-17,ORCL,1563117.8505
2026-05-17,PALLADIUM,66551.7913875
2026-05-17,PLATINUM,578952.34017
2026-05-17,PLTR,1333975.4000374998
2026-05-17,PURRDAT,476550.9785
2026-05-17,RIVN,31015.146525
2026-05-17,RKLB,1097716.7551000002
2026-05-17,SILVER,54412595.63617501
2026-05-17,SKHX,3144007.8516
2026-05-17,SMSN,960515.5016900001
2026-05-17,SNDK,6347755.889999999
2026-05-17,SP500,75077869.14202501
2026-05-17,SPCX,5124606.631999999
2026-05-17,TSLA,5274452.11776
2026-05-17,TSM,404699.44207499997
2026-05-17,URNM,165959.821175
2026-05-17,USAR,108254.13333749998
2026-05-17,XLE,41536.454540000006
2026-05-17,XYZ100,64222669.312199995
2026-05-17,ZM,1766.075839
2026-05-18,AAPL,5453821.17816
2026-05-18,AMD,23195406.149485003
2026-05-18,AMZN,5655922.683230001
2026-05-18,BABA,2286235.4157825
2026-05-18,BIRD,1351028.7321749998
2026-05-18,BRENTOIL,324228549.15505
2026-05-18,BX,8370.984375
2026-05-18,CBRS,52625588.427850015
2026-05-18,CL,631985321.9158579
2026-05-18,COIN,9902029.7794775
2026-05-18,COPPER,10317144.311565
2026-05-18,COST,307756.19655
2026-05-18,CRCL,29512229.714849997
2026-05-18,CRWV,5834185.2688075
2026-05-18,DKNG,87348.30676499999
2026-05-18,DRAM,12837149.987525
2026-05-18,EBAY,40008.5568
2026-05-18,EUR,1875736.7628000001
2026-05-18,EWJ,1072882.5751605001
2026-05-18,EWY,30075470.266780004
2026-05-18,EWZ,31779.822185000005
2026-05-18,GBP,116779.45
2026-05-18,GME,203708.0302875
2026-05-18,GOLD,37301533.119
2026-05-18,GOOGL,17730285.5501425
2026-05-18,HIMS,4240502.833125
2026-05-18,HOOD,9816944.07281
2026-05-18,HYUNDAI,870875.0658224999
2026-05-18,INTC,91966657.7149
2026-05-18,JP225,270442.36817750003
2026-05-18,JPY,1697184.8590499999
2026-05-18,KR200,835555.2283625001
2026-05-18,LITE,6850783.172414999
2026-05-18,LLY,267433.81667699997
2026-05-18,META,7262555.518404999
2026-05-18,MRVL,3234820.4174249996
2026-05-18,MSFT,9305813.914965002
2026-05-18,MSTR,15838302.528380001
2026-05-18,MU,164971791.73439997
2026-05-18,NATGAS,13432089.269234998
2026-05-18,NFLX,1143638.1781975
2026-05-18,NVDA,95405821.31008498
2026-05-18,ORCL,10937470.372335
2026-05-18,PALLADIUM,935584.5905175
2026-05-18,PLATINUM,2664446.9333625
2026-05-18,PLTR,5669489.02625
2026-05-18,PURRDAT,1995707.5071999999
2026-05-18,RIVN,441085.71027000004
2026-05-18,RKLB,10201087.796775
2026-05-18,SILVER,263071280.942925
2026-05-18,SKHX,11232602.368174998
2026-05-18,SMSN,9388641.017944999
2026-05-18,SNDK,136620007.13257498
2026-05-18,SP500,567804033.9157
2026-05-18,SPCX,56601060.5976
2026-05-18,TSLA,31850035.705080003
2026-05-18,TSM,5094509.473199999
2026-05-18,URNM,353161.89572
2026-05-18,USAR,4345668.582075
2026-05-18,XLE,2432881.171875
2026-05-18,XYZ100,495524671.60755
2026-05-18,ZM,134168.8252125
2026-05-19,AAPL,3945065.7022500006
2026-05-19,AMD,12691634.737079998
2026-05-19,AMZN,4933168.764225
2026-05-19,BABA,1747811.94364
2026-05-19,BIRD,279928.67030999996
2026-05-19,BRENTOIL,116967018.4826
2026-05-19,BX,16094.110225
2026-05-19,CBRS,55804596.37285
2026-05-19,CL,331187417.19335
2026-05-19,COIN,7073848.6322
2026-05-19,COPPER,5429870.719416
2026-05-19,COST,357849.3618
2026-05-19,CRCL,45075113.342590004
2026-05-19,CRWV,5731199.261422501
2026-05-19,DKNG,23099.709149999995
2026-05-19,DRAM,12056324.5611
2026-05-19,EBAY,42291.9204
2026-05-19,EUR,1853693.572395
2026-05-19,EWJ,404212.74754500005
2026-05-19,EWY,23529987.381720003
2026-05-19,EWZ,36488.428265
2026-05-19,GBP,95707.00995
2026-05-19,GME,112872.45730000001
2026-05-19,GOLD,297971199.69912
2026-05-19,GOOGL,17419158.274979997
2026-05-19,HIMS,3120975.9787350004
2026-05-19,HOOD,8164856.855916
2026-05-19,HYUNDAI,1272077.9384925
2026-05-19,INTC,87795497.988
2026-05-19,JP225,396260.1399825
2026-05-19,JPY,3320768.6851500003
2026-05-19,KR200,391027.41356250003
2026-05-19,LITE,5067438.96204
2026-05-19,LLY,548331.9883944999
2026-05-19,META,4630247.17806
2026-05-19,MRVL,2651540.860175
2026-05-19,MSFT,8574959.06041
2026-05-19,MSTR,4987408.17813
2026-05-19,MU,206377929.87196
2026-05-19,NATGAS,12573816.495675
2026-05-19,NFLX,988295.9698474999
2026-05-19,NVDA,132613636.81447501
2026-05-19,ORCL,7985929.736155
2026-05-19,PALLADIUM,487256.0364675001
2026-05-19,PLATINUM,1481804.8098999998
2026-05-19,PLTR,3924350.12543
2026-05-19,PURRDAT,7093070.229425
2026-05-19,RIVN,339096.30543000007
2026-05-19,RKLB,8911537.525099998
2026-05-19,SILVER,217351683.7376
2026-05-19,SKHX,9472494.924200002
2026-05-19,SMSN,4426049.941147501
2026-05-19,SNDK,149264352.80625
2026-05-19,SP500,376221611.78762496
2026-05-19,SPCX,6814923.588024999
2026-05-19,TSLA,30496285.650145005
2026-05-19,TSM,4023679.0656425
2026-05-19,URNM,274413.84246250003
2026-05-19,USAR,2100742.057995
2026-05-19,XLE,848109.1705349999
2026-05-19,XYZ100,381966434.83650005
2026-05-19,ZM,134188.04112
2026-05-20,AAPL,8159798.393915
2026-05-20,AMD,16841094.810667496
2026-05-20,AMZN,6899059.5538975
2026-05-20,BABA,2999305.2212125
2026-05-20,BIRD,249357.65082749998
2026-05-20,BRENTOIL,274622316.94380003
2026-05-20,BX,35444.604
2026-05-20,CBRS,39288630.291375004
2026-05-20,CL,607370369.4593921
2026-05-20,COIN,7678882.055319999
2026-05-20,COPPER,6518545.215226
2026-05-20,COST,373574.308905
2026-05-20,CRCL,25335968.617905002
2026-05-20,CRWV,5984472.689480001
2026-05-20,DKNG,66920.5193075
2026-05-20,DRAM,8505142.50525
2026-05-20,EBAY,124593.99680000001
2026-05-20,EUR,1555195.91165
2026-05-20,EWJ,941828.5459925
2026-05-20,EWY,32231891.626815002
2026-05-20,EWZ,179648.09094999998
2026-05-20,GBP,84943.538475
2026-05-20,GME,189828.9427375
2026-05-20,GOLD,39527820.331425
2026-05-20,GOOGL,22787474.853180002
2026-05-20,HIMS,1421678.11193
2026-05-20,HOOD,7975674.792096
2026-05-20,HYUNDAI,957055.0317299999
2026-05-20,INTC,102500368.46724999
2026-05-20,JP225,262197.226095
2026-05-20,JPY,2093761.0039499998
2026-05-20,KR200,153831.93211999998
2026-05-20,LITE,6230362.800802501
2026-05-20,LLY,1210514.0833
2026-05-20,META,7446889.26516
2026-05-20,MRVL,3006347.3605000004
2026-05-20,MSFT,8503146.1000725
2026-05-20,MSTR,7125476.534840001
2026-05-20,MU,152352038.820725
2026-05-20,NATGAS,51980003.9244875
2026-05-20,NFLX,546314.445495
2026-05-20,NVDA,201799658.429
2026-05-20,ORCL,8094672.048524999
2026-05-20,PALLADIUM,501870.8665375
2026-05-20,PLATINUM,1033512.6168000001
2026-05-20,PLTR,5612872.12156
2026-05-20,PURRDAT,8327215.353724999
2026-05-20,RIVN,796313.9790475001
2026-05-20,RKLB,9034971.002525
2026-05-20,SILVER,238408890.3460075
2026-05-20,SKHX,12404852.9649
2026-05-20,SMSN,9094401.79452
2026-05-20,SNDK,88257650.17500001
2026-05-20,SP500,328834126.93755
2026-05-20,SPCX,11045118.1122
2026-05-20,TSLA,26469614.969219998
2026-05-20,TSM,3601294.6655099997
2026-05-20,URNM,294833.6428125
2026-05-20,USAR,3438989.6645400003
2026-05-20,XLE,1998553.5258000002
2026-05-20,XYZ100,459393747.25185
2026-05-20,ZM,136054.1403315
2026-05-21,AAPL,4903419.116099999
2026-05-21,AMD,21256821.97337
2026-05-21,AMZN,7878558.532335001
2026-05-21,ARM,37205.91522500001
2026-05-21,BABA,2956402.77965
2026-05-21,BIRD,296930.92884000007
2026-05-21,BRENTOIL,363178745.40466005
2026-05-21,BX,26287.97265
2026-05-21,CBRS,23364159.197774995
2026-05-21,CL,901142218.9934518
2026-05-21,COIN,6496559.2147200005
2026-05-21,COPPER,8435059.62594625
2026-05-21,COST,249059.00285249998
2026-05-21,CRCL,34790891.883525
2026-05-21,CRWV,7497712.7837000005
2026-05-21,DKNG,10155.531262499999
2026-05-21,DRAM,26651243.3544
2026-05-21,EBAY,51083.031975
2026-05-21,EUR,1449483.7541999999
2026-05-21,EWJ,452844.2820759999
2026-05-21,EWT,27974.408537499996
2026-05-21,EWY,19045353.4391675
2026-05-21,EWZ,157879.707225
2026-05-21,GBP,206319.32772500004
2026-05-21,GME,231385.594245
2026-05-21,GOLD,40895060.508264996
2026-05-21,GOOGL,14713194.058575002
2026-05-21,HIMS,2449499.85907
2026-05-21,HOOD,4896062.71990625
2026-05-21,HYUNDAI,948215.1680000001
2026-05-21,INTC,76787563.8519
2026-05-21,JP225,285485.2683675
2026-05-21,JPY,2035128.3525
2026-05-21,KR200,476044.85758500005
2026-05-21,LITE,4101033.9492899994
2026-05-21,LLY,1549220.3569170001
2026-05-21,META,6637160.704275001
2026-05-21,MRVL,3533910.4602
2026-05-21,MSFT,12443411.7424575
2026-05-21,MSTR,7463837.689610001
2026-05-21,MU,180573598.002655
2026-05-21,NATGAS,34231022.43218
2026-05-21,NFLX,661736.3523965
2026-05-21,NVDA,125218986.1285725
2026-05-21,ORCL,9398235.065865
2026-05-21,PALLADIUM,771666.5446875
2026-05-21,PLATINUM,950090.8905625
2026-05-21,PLTR,6034810.28889
2026-05-21,PURRDAT,8152445.5435
2026-05-21,RIVN,631524.43623
2026-05-21,RKLB,6311226.109275
2026-05-21,SILVER,247408265.0267125
2026-05-21,SKHX,14600971.743900001
2026-05-21,SMSN,4205931.476175001
2026-05-21,SNDK,99115306.81414999
2026-05-21,SP500,309468618.562
2026-05-21,SPCX,35605195.168725
2026-05-21,TSLA,35627055.79524
2026-05-21,TSM,3103180.4702249994
2026-05-21,URNM,490142.90703000006
2026-05-21,USAR,2587002.1366
2026-05-21,XLE,1205056.7505
2026-05-21,XYZ100,296495137.1695
2026-05-21,ZM,683460.49513125
2026-05-22,AAPL,6221968.2831075
2026-05-22,AMD,21794064.835837502
2026-05-22,AMZN,6457506.009990001
2026-05-22,ARM,1264855.5850000002
2026-05-22,BABA,3679842.00312
2026-05-22,BIRD,260559.2225625
2026-05-22,BRENTOIL,239204652.97575
2026-05-22,BX,10938.9969
2026-05-22,CBRS,46297857.80725
2026-05-22,CL,588172329.1890329
2026-05-22,COIN,6598878.30375
2026-05-22,COPPER,5976960.112456
2026-05-22,COST,153743.0615
2026-05-22,CRCL,28869812.581467506
2026-05-22,CRWV,4366632.8871
2026-05-22,DKNG,11022.238825
2026-05-22,DRAM,12285613.7482
2026-05-22,EBAY,36772.971900000004
2026-05-22,EUR,1019799.544435
2026-05-22,EWJ,292215.07729600003
2026-05-22,EWT,37286.27911
2026-05-22,EWY,6514932.9390475
2026-05-22,EWZ,80409.87733999999
2026-05-22,GBP,151464.84649999999
2026-05-22,GME,131229.3700875
2026-05-22,GOLD,19356695.226360004
2026-05-22,GOOGL,10735175.13432
2026-05-22,HIMS,1717818.5334825001
2026-05-22,HOOD,4950857.515533749
2026-05-22,HYUNDAI,304347.489795
2026-05-22,INTC,55321759.420375004
2026-05-22,JP225,982507.5119825001
2026-05-22,JPY,1453304.4526
2026-05-22,KR200,89425.1974375
2026-05-22,LITE,2542799.7125999997
2026-05-22,LLY,902989.7858475
2026-05-22,META,6443928.2178675
2026-05-22,MRVL,2640931.4102249998
2026-05-22,MSFT,6657234.882112499
2026-05-22,MSTR,10882017.10473
2026-05-22,MU,87197695.24424
2026-05-22,NATGAS,43305705.978599995
2026-05-22,NFLX,794428.5479905
2026-05-22,NVDA,90262220.877225
2026-05-22,ORCL,7967600.370800001
2026-05-22,PALLADIUM,611171.0307
2026-05-22,PLATINUM,1661582.9045399998
2026-05-22,PLTR,3347386.192
2026-05-22,PURRDAT,6944705.423600001
2026-05-22,RIVN,822157.364945
2026-05-22,RKLB,8005421.9503999995
2026-05-22,SILVER,133950080.38816252
2026-05-22,SKHX,5966688.9395
2026-05-22,SMSN,3337612.4584000004
2026-05-22,SNDK,58274258.50365
2026-05-22,SP500,308379764.8
2026-05-22,SPCX,21856830.89535
2026-05-22,TSLA,43049896.922249995
2026-05-22,TSM,2770971.5701200003
2026-05-22,URNM,266563.22930249997
2026-05-22,USAR,2384034.42124
2026-05-22,XLE,1120695.43293
2026-05-22,XYZ100,202028237.1058
2026-05-22,ZM,300529.44761
2026-05-23,AAPL,1718257.2609999997
2026-05-23,AMD,4947462.4305
2026-05-23,AMZN,1951708.6189499998
2026-05-23,ARM,257591.04054999998
2026-05-23,BABA,588951.1524824998
2026-05-23,BIRD,371040.190465
2026-05-23,BRENTOIL,279978723.645375
2026-05-23,BX,1107.09795
2026-05-23,CBRS,5909033.699175001
2026-05-23,CL,395850582.851787
2026-05-23,COIN,3030622.1107199998
2026-05-23,COPPER,3689139.211179
2026-05-23,COST,9166.689
2026-05-23,CRCL,7167280.059747501
2026-05-23,CRWV,712280.1992500001
2026-05-23,DKNG,28188.974632500005
2026-05-23,DRAM,4530600.675349999
2026-05-23,EBAY,1475.1009
2026-05-23,EUR,780226.59919
2026-05-23,EWJ,224191.9539875
2026-05-23,EWT,8180.1997425
2026-05-23,EWY,8043860.24931
2026-05-23,EWZ,3091.92036
2026-05-23,GBP,8509.88615
2026-05-23,GME,51675.04897499999
2026-05-23,GOLD,15091832.060369998
2026-05-23,GOOGL,2973945.71991
2026-05-23,HIMS,500110.5901
2026-05-23,HOOD,1309860.4102814998
2026-05-23,HYUNDAI,88427.69471249999
2026-05-23,INTC,13822275.653775001
2026-05-23,JP225,215902.074765
2026-05-23,JPY,383024.44909999997
2026-05-23,KR200,282783.54192
2026-05-23,LITE,546036.723645
2026-05-23,LLY,104837.44383000002
2026-05-23,META,2373487.5721374997
2026-05-23,MRVL,892273.1498000001
2026-05-23,MSFT,1735960.3355899996
2026-05-23,MSTR,6294833.623515
2026-05-23,MU,16587409.751235
2026-05-23,NATGAS,2183908.5482625
2026-05-23,NFLX,162439.20630000002
2026-05-23,NVDA,24387744.462399997
2026-05-23,ORCL,1995838.0308375002
2026-05-23,PALLADIUM,116207.15054999999
2026-05-23,PLATINUM,145436.95957500002
2026-05-23,PLTR,1812779.02379
2026-05-23,PURRDAT,1467846.1979999999
2026-05-23,RIVN,221596.597925
2026-05-23,RKLB,3077611.2349500004
2026-05-23,SILVER,46170628.04275
2026-05-23,SKHX,4366662.07845
2026-05-23,SMSN,1421834.2526274999
2026-05-23,SNDK,6932189.341200001
2026-05-23,SP500,174227415.791175
2026-05-23,SPCX,13404576.319999998
2026-05-23,TSLA,10376398.00776
2026-05-23,TSM,1013603.8821474998
2026-05-23,URNM,141747.12941999998
2026-05-23,USAR,131317.27412000002
2026-05-23,XLE,237504.42030499998
2026-05-23,XYZ100,108174572.17650001
2026-05-23,ZM,8596.959929999999
2026-05-24,AAPL,767773.8305
2026-05-24,AMD,2654507.790675
2026-05-24,AMZN,1080146.1773025
2026-05-24,ARM,132677.01405
2026-05-24,BABA,501990.309125
2026-05-24,BIRD,102408.13316249999
2026-05-24,BRENTOIL,123198553.52397749
2026-05-24,BX,146862.3481
2026-05-24,CBRS,3637376.027525
2026-05-24,CL,293676710.5561865
2026-05-24,COIN,1595286.04557
2026-05-24,COPPER,5103170.1133590005
2026-05-24,COST,46625.890320000006
2026-05-24,CRCL,3365705.621115
2026-05-24,CRWV,947121.6371
2026-05-24,DKNG,67789.70004
2026-05-24,DRAM,1992414.9833250002
2026-05-24,EBAY,13307.9276
2026-05-24,EUR,844491.2262600003
2026-05-24,EWJ,541418.8417974999
2026-05-24,EWT,41362.095385
2026-05-24,EWY,9850947.8635475
2026-05-24,EWZ,119124.9436775
2026-05-24,GBP,8987.799625
2026-05-24,GME,29559.4306875
2026-05-24,GOLD,40292107.60783251
2026-05-24,GOOGL,2099814.3183
2026-05-24,HIMS,216717.79116000002
2026-05-24,HOOD,1406153.513385
2026-05-24,HYUNDAI,112275.00555
2026-05-24,INTC,5565109.720275001
2026-05-24,JP225,166283.5539375
2026-05-24,JPY,382122.45389999996
2026-05-24,KR200,142734.03803999998
2026-05-24,LITE,1953732.8016000001
2026-05-24,LLY,557342.2216350001
2026-05-24,META,998859.1177424999
2026-05-24,MRVL,458883.8142
2026-05-24,MSFT,727104.8710800001
2026-05-24,MSTR,1582177.2052975
2026-05-24,MU,18914985.451567497
2026-05-24,NATGAS,2331448.6616700003
2026-05-24,NFLX,158538.404945
2026-05-24,NVDA,11707778.72529
2026-05-24,ORCL,1089626.9767375002
2026-05-24,PALLADIUM,797559.8199000001
2026-05-24,PLATINUM,837070.5952
2026-05-24,PLTR,740532.47496
2026-05-24,PURRDAT,899252.1469500001
2026-05-24,RIVN,26647.90968
2026-05-24,RKLB,1356907.44
2026-05-24,SILVER,117957544.22810002
2026-05-24,SKHX,4329942.999025
2026-05-24,SMSN,2475487.5965400003
2026-05-24,SNDK,5057602.002900001
2026-05-24,SP500,94598319.329625
2026-05-24,SPCX,22490629.409499995
2026-05-24,TSLA,5799584.6113625
2026-05-24,TSM,762069.2087249999
2026-05-24,URNM,129539.701125
2026-05-24,USAR,160478.38795499998
2026-05-24,XLE,122770.4645475
2026-05-24,XYZ100,68877303.0
2026-05-24,ZM,207671.336865
2026-05-25,AAPL,1928168.4399474997
2026-05-25,AMD,990403.181505
2026-05-25,AMZN,1616738.8442175
2026-05-25,ARM,291021.61395
2026-05-25,BABA,1485326.3879475
2026-05-25,BIRD,104886.74119500001
2026-05-25,BRENTOIL,168447722.1574125
2026-05-25,BX,779.03685
2026-05-25,CBRS,1704631.7422
2026-05-25,CL,384392678.63713866
2026-05-25,COIN,1455173.824545
2026-05-25,COPPER,7854669.7506585
2026-05-25,COST,15190.723860000002
2026-05-25,CRCL,4124509.584525
2026-05-25,CRWV,356338.77859999996
2026-05-25,DKNG,18293.6745
2026-05-25,DRAM,1715410.1825
2026-05-25,EBAY,1005.540875
2026-05-25,EUR,1162038.6999549998
2026-05-25,EWJ,422919.024619
2026-05-25,EWT,83834.84694
2026-05-25,EWY,5116634.83359
2026-05-25,EWZ,166387.69393500002
2026-05-25,GBP,160043.97125000003
2026-05-25,GME,28638.6255475
2026-05-25,GOLD,39210565.809240006
2026-05-25,GOOGL,2691562.8753
2026-05-25,HIMS,120116.17158749998
2026-05-25,HOOD,1047417.9496899999
2026-05-25,HYUNDAI,600983.5481199999
2026-05-25,INTC,4855718.442050001
2026-05-25,JP225,1826494.5698025
2026-05-25,JPY,807373.4785999999
2026-05-25,KR200,124606.3923
2026-05-25,LITE,3046768.6017050003
2026-05-25,LLY,463090.93055499997
2026-05-25,META,1906125.4692
2026-05-25,MRVL,947335.6347749999
2026-05-25,MSFT,1276899.07902
2026-05-25,MSTR,2023685.6855650002
2026-05-25,MU,23525006.644325003
2026-05-25,NATGAS,17032445.19828
2026-05-25,NFLX,98303.027053
2026-05-25,NVDA,17250228.79904
2026-05-25,ORCL,1038860.2545
2026-05-25,PALLADIUM,238538.91523000004
2026-05-25,PLATINUM,760128.9807849999
2026-05-25,PLTR,689193.68692
2026-05-25,PURRDAT,308081.43494999997
2026-05-25,RIVN,21567.14562
2026-05-25,RKLB,805090.9075
2026-05-25,SILVER,132815873.650425
2026-05-25,SKHX,9904761.873825
2026-05-25,SMSN,7743759.55068
2026-05-25,SNDK,7816120.711425001
2026-05-25,SP500,187775789.07015002
2026-05-25,SPCX,5661253.90165
2026-05-25,TSLA,5024343.85944
2026-05-25,TSM,926640.5547500001
2026-05-25,URNM,275189.8569
2026-05-25,USAR,747360.4083624999
2026-05-25,XLE,160819.39573500003
2026-05-25,XYZ100,177379582.3195
2026-05-25,ZM,6292.67295
2026-05-26,AAPL,7494456.907695
2026-05-26,AMD,19229067.74698
2026-05-26,AMZN,4414998.4659375
2026-05-26,ARM,1528763.6682000002
2026-05-26,BABA,1655818.42005
2026-05-26,BB,1442089.96311
2026-05-26,BIRD,409058.20557000005
2026-05-26,BRENTOIL,190394974.21284
2026-05-26,BX,12109.88075
2026-05-26,CBRS,33925127.9935
2026-05-26,CL,380133146.114416
2026-05-26,COIN,4660925.6904875
2026-05-26,COPPER,5468499.9808
2026-05-26,COST,120798.32047125
2026-05-26,CRCL,35372118.19221
2026-05-26,CRWV,3740951.9781499994
2026-05-26,DKNG,160347.7121325
2026-05-26,DRAM,22538547.132074997
2026-05-26,EBAY,19073.71125
2026-05-26,EUR,1965122.5858875
2026-05-26,EWJ,419495.37342499994
2026-05-26,EWT,271996.87679999997
2026-05-26,EWY,23051588.05677
2026-05-26,EWZ,111657.38075
2026-05-26,GBP,51060.43035
2026-05-26,GME,80172.17808
2026-05-26,GOLD,26150838.998039998
2026-05-26,GOOGL,12301322.042700002
2026-05-26,HIMS,1384988.04175
2026-05-26,HOOD,3972048.4495440004
2026-05-26,HYUNDAI,493596.7685250001
2026-05-26,INTC,57883953.676300004
2026-05-26,JP225,972603.08937
2026-05-26,JPY,1209868.6331250002
2026-05-26,KR200,256021.170075
2026-05-26,LITE,7265655.18056
2026-05-26,LLY,2012822.3533074998
2026-05-26,META,8504937.620399999
2026-05-26,MRVL,10066101.78565
2026-05-26,MSFT,6562492.7175625
2026-05-26,MSTR,7531407.68492
2026-05-26,MU,240560949.57138
2026-05-26,NATGAS,13279021.451150002
2026-05-26,NFLX,383217.25547100004
2026-05-26,NVDA,66719822.15750251
2026-05-26,ORCL,5059654.9244475
2026-05-26,PALLADIUM,451260.70353000006
2026-05-26,PLATINUM,958195.012075
2026-05-26,PLTR,3852746.6515875002
2026-05-26,PURRDAT,5189290.240599999
2026-05-26,RIVN,863245.816495
2026-05-26,RKLB,5306672.5424999995
2026-05-26,SILVER,104397382.68914999
2026-05-26,SKHX,24039035.8488
2026-05-26,SMSN,4660410.29247
2026-05-26,SNDK,109711287.48615
2026-05-26,SP500,261022211.3232
2026-05-26,SPCX,15237459.2916
2026-05-26,TSLA,29650349.4099
2026-05-26,TSM,3262652.5689600003
2026-05-26,URNM,243301.0175375
2026-05-26,USAR,2646362.540825
2026-05-26,XLE,253079.179925
2026-05-26,XYZ100,242567517.52415
2026-05-26,ZM,674770.9801875
2026-05-27,AAPL,6667124.115724999
2026-05-27,AMD,26093690.830464996
2026-05-27,AMZN,9941786.231919998
2026-05-27,ARM,1114304.47
2026-05-27,BABA,2772299.9225025005
2026-05-27,BB,10498768.505085003
2026-05-27,BIRD,909574.8181975001
2026-05-27,BRENTOIL,256291922.44761997
2026-05-27,BX,20211.540800000002
2026-05-27,CBRS,35028108.99895
2026-05-27,CL,563170995.060063
2026-05-27,COIN,5472420.1722
2026-05-27,COPPER,4724389.913660999
2026-05-27,COST,102318.792295
2026-05-27,CRCL,28387437.75488
2026-05-27,CRWV,6275675.6703375
2026-05-27,DKNG,17526.279375
2026-05-27,DRAM,41449226.74375
2026-05-27,EBAY,175432.7235
2026-05-27,EUR,1608818.4857100002
2026-05-27,EWJ,320395.483642
2026-05-27,EWT,79382.58600000001
2026-05-27,EWY,27181826.965625003
2026-05-27,EWZ,83882.73546
2026-05-27,GBP,24008.79175
2026-05-27,GME,763050.2186474999
2026-05-27,GOLD,45608469.5184125
2026-05-27,GOOGL,12202205.424425
2026-05-27,HIMS,4038683.7199374996
2026-05-27,HOOD,9273921.72310975
2026-05-27,HYUNDAI,693468.8111925
2026-05-27,INTC,44625930.0864
2026-05-27,JP225,915229.63176
2026-05-27,JPY,2090236.318425
2026-05-27,KR200,392650.49571
2026-05-27,LITE,5619976.397262501
2026-05-27,LLY,6904341.92985
2026-05-27,META,30149717.046120003
2026-05-27,MRVL,28445116.720399994
2026-05-27,MSFT,5580070.332667501
2026-05-27,MSTR,9360772.608487502
2026-05-27,MU,440921966.3465375
2026-05-27,NATGAS,13321189.727315
2026-05-27,NFLX,294752.45330999995
2026-05-27,NVDA,81593316.231245
2026-05-27,ORCL,4766703.321765
2026-05-27,PALLADIUM,646855.0513
2026-05-27,PLATINUM,1414319.937075
2026-05-27,PLTR,5052281.83279
2026-05-27,PURRDAT,2851921.6047749994
2026-05-27,RIVN,1426285.5425
2026-05-27,RKLB,13375465.552999998
2026-05-27,SILVER,163163923.17065
2026-05-27,SKHX,40807806.999749996
2026-05-27,SMSN,5974052.6559999995
2026-05-27,SNDK,112411553.98825
2026-05-27,SP500,292491363.901425
2026-05-27,SPCX,8177011.35755
2026-05-27,TSLA,30058246.864754997
2026-05-27,TSM,8700738.857020002
2026-05-27,URNM,307524.08843999996
2026-05-27,USAR,3624592.19396
2026-05-27,XLE,711135.8499999999
2026-05-27,XYZ100,304417831.72349995
2026-05-27,ZM,748963.0615575
2026-05-28,AAPL,5506839.920595
2026-05-28,AMD,19374221.615017496
2026-05-28,AMZN,11540976.058935
2026-05-28,ARM,5426786.014675
2026-05-28,BABA,1659899.3305475002
2026-05-28,BB,12075367.22577
2026-05-28,BIRD,228546.70085499997
2026-05-28,BRENTOIL,248044228.07679752
2026-05-28,BX,86768.38380000001
2026-05-28,CBRS,27343405.727750003
2026-05-28,CL,472062072.64077526
2026-05-28,COIN,6485112.98928
2026-05-28,COPPER,9476469.942102
2026-05-28,COST,191503.17151875
2026-05-28,CRCL,31743389.292925004
2026-05-28,CRWV,6146842.602475
2026-05-28,DKNG,23864.3415675
2026-05-28,DRAM,34482042.831
2026-05-28,EBAY,93468.76487500001
2026-05-28,EUR,2920419.51651
2026-05-28,EWJ,135117.42005749998
2026-05-28,EWT,99783.31986
2026-05-28,EWY,27404392.480274998
2026-05-28,EWZ,72676.12625
2026-05-28,GBP,211966.14737499997
2026-05-28,GME,180180.83299000002
2026-05-28,GOLD,70766738.61645
2026-05-28,GOOGL,10342135.991020001
2026-05-28,HIMS,882632.0585125
2026-05-28,HOOD,13380796.804662
2026-05-28,HYUNDAI,775980.02692
2026-05-28,INTC,51598237.516125
2026-05-28,JP225,801102.07731
2026-05-28,JPY,1079316.39375
2026-05-28,KR200,1219447.9613800002
2026-05-28,LITE,5907224.93802
2026-05-28,LLY,1863531.0171100001
2026-05-28,META,13132079.981622502
2026-05-28,MRVL,14910630.62565
2026-05-28,MSFT,10074271.45456
2026-05-28,MSTR,13789295.555354998
2026-05-28,MU,246315722.36437255
2026-05-28,NATGAS,12066161.2956
2026-05-28,NFLX,670303.5601845001
2026-05-28,NVDA,63389443.06324999
2026-05-28,ORCL,16389819.038250001
2026-05-28,PALLADIUM,360053.7489375
2026-05-28,PLATINUM,3882784.8563475003
2026-05-28,PLTR,6342927.259269999
2026-05-28,PURRDAT,4368683.0696
2026-05-28,QNT,4376266.481775
2026-05-28,RIVN,769028.5808149999
2026-05-28,RKLB,10055123.6967
2026-05-28,SILVER,156297293.0026425
2026-05-28,SKHX,27545856.6867
2026-05-28,SMSN,6924120.432150002
2026-05-28,SNDK,108797755.5314
2026-05-28,SP500,247409029.61437503
2026-05-28,SPCX,10238581.189000001
2026-05-28,TSLA,20764744.531675
2026-05-28,TSM,4559378.417634999
2026-05-28,URNM,165873.663725
2026-05-28,USAR,2784927.78243
2026-05-28,XLE,611596.09132
2026-05-28,XYZ100,281758330.25915
2026-05-28,ZM,186289.086166
2026-05-29,AAPL,3911559.37728
2026-05-29,AMD,16716825.37845
2026-05-29,AMZN,9502278.792369999
2026-05-29,ARM,10742308.583275
2026-05-29,ASML,369892.773525
2026-05-29,BABA,1209254.1797699998
2026-05-29,BB,13631513.1672
2026-05-29,BIRD,341084.0573525
2026-05-29,BRENTOIL,269183021.610225
2026-05-29,BX,11208.071925000002
2026-05-29,CBRS,16926459.485799998
2026-05-29,CL,471732708.5468625
2026-05-29,COIN,7449487.70608
2026-05-29,COPPER,2316903.795081
2026-05-29,COST,266237.268132
2026-05-29,CRCL,32837959.359510005
2026-05-29,CRWV,4585668.33585
2026-05-29,DKNG,121378.54625999999
2026-05-29,DRAM,11849977.254050002
2026-05-29,EBAY,333425.075625
2026-05-29,EUR,2197842.2372425
2026-05-29,EWJ,437513.89379099995
2026-05-29,EWT,32243.160099999997
2026-05-29,EWY,10152177.134650001
2026-05-29,EWZ,152308.16064000002
2026-05-29,GBP,41920.709025000004
2026-05-29,GME,563832.9830199999
2026-05-29,GOLD,59611355.242249995
2026-05-29,GOOGL,15548835.607305
2026-05-29,HIMS,1481633.0844525
2026-05-29,HOOD,17389635.20586
2026-05-29,HYUNDAI,495071.52869999997
2026-05-29,INTC,59618546.101975
2026-05-29,JP225,265837.167705
2026-05-29,JPY,457587.69045
2026-05-29,KR200,546473.281445
2026-05-29,LITE,6966977.602469999
2026-05-29,LLY,1236531.9398049999
2026-05-29,META,8413334.1896625
2026-05-29,MRVL,7782028.5579
2026-05-29,MSFT,43966535.798590004
2026-05-29,MSTR,8893461.735405
2026-05-29,MU,160991902.31800002
2026-05-29,NATGAS,6662820.91072
2026-05-29,NFLX,636569.933832
2026-05-29,NVDA,85688217.054025
2026-05-29,ORCL,37020721.941895
2026-05-29,PALLADIUM,562049.39613
2026-05-29,PLATINUM,986556.1462500001
2026-05-29,PLTR,15901172.806184998
2026-05-29,PURRDAT,8251003.198775
2026-05-29,QNT,6441676.2797
2026-05-29,RIVN,1838410.8558375
2026-05-29,RKLB,14908995.475675
2026-05-29,SILVER,127678583.6073375
2026-05-29,SKHX,13433140.706249999
2026-05-29,SMSN,4237497.4224375
2026-05-29,SNDK,63576103.233825006
2026-05-29,SP500,212691073.55725002
2026-05-29,SPCX,21483228.335599996
2026-05-29,TSLA,16403635.121054998
2026-05-29,TSM,6962941.980749999
2026-05-29,URNM,612993.0336
2026-05-29,USAR,2579418.694875
2026-05-29,XLE,429154.25577
2026-05-29,XYZ100,224819635.461825
2026-05-29,ZM,133502.86048
2026-05-30,AAPL,991881.7265
2026-05-30,AMD,2858349.0415999996
2026-05-30,AMZN,1456279.0984425002
2026-05-30,ARM,4362798.672000001
2026-05-30,ASML,93848.468525
2026-05-30,BABA,626510.4873749999
2026-05-30,BB,3325672.7749000005
2026-05-30,BIRD,256466.26125
2026-05-30,BRENTOIL,23900418.4973125
2026-05-30,BX,2961.985925
2026-05-30,CBRS,1104423.7547
2026-05-30,CL,44353283.808207
2026-05-30,COIN,720153.2648775
2026-05-30,COPPER,618530.1968125
2026-05-30,COST,11640.889283999999
2026-05-30,CRCL,4389920.481892499
2026-05-30,CRWV,2135908.6172999996
2026-05-30,DKNG,236123.52800000005
2026-05-30,DRAM,1960382.80635
2026-05-30,EBAY,7045.83945
2026-05-30,EUR,101528.50786999999
2026-05-30,EWJ,20060.08076125
2026-05-30,EWT,2720.3526
2026-05-30,EWY,2100543.0231824997
2026-05-30,EWZ,192538.8299625
2026-05-30,GBP,365.6564
2026-05-30,GME,979085.6740599999
2026-05-30,GOLD,6030373.345919999
2026-05-30,GOOGL,1486456.9513499998
2026-05-30,HIMS,308663.33488250006
2026-05-30,HOOD,2571661.7403999995
2026-05-30,HYUNDAI,32796.27164
2026-05-30,INTC,8628883.9036
2026-05-30,JP225,40287.157035
2026-05-30,JPY,274858.427975
2026-05-30,KR200,153750.0206025
2026-05-30,LITE,772820.08473
2026-05-30,LLY,270703.575825
2026-05-30,META,691084.36266
2026-05-30,MRVL,319214.1656
2026-05-30,MSFT,8119365.724472499
2026-05-30,MSTR,1966686.788415
2026-05-30,MU,21007088.594475
2026-05-30,NATGAS,15033732.245639998
2026-05-30,NFLX,313424.727942
2026-05-30,NVDA,11744938.396499999
2026-05-30,ORCL,3732859.3288499997
2026-05-30,PALLADIUM,49620.90141000001
2026-05-30,PLATINUM,127102.87448
2026-05-30,PLTR,1907540.1747675
2026-05-30,PURRDAT,4502797.99945
2026-05-30,QNT,589884.3912725
2026-05-30,RIVN,116747.70215000001
2026-05-30,RKLB,876056.7774000001
2026-05-30,SILVER,8170175.537099998
2026-05-30,SKHX,3273770.67135
2026-05-30,SMSN,413109.815
2026-05-30,SNDK,4669052.12995
2026-05-30,SP500,44748925.037
2026-05-30,SPCX,8137561.746
2026-05-30,TSLA,3268241.7453074995
2026-05-30,TSM,677422.1869874999
2026-05-30,URNM,38271.9784
2026-05-30,USAR,322604.819295
2026-05-30,XLE,30726.87663
2026-05-30,XYZ100,38397406.1926
2026-05-30,ZM,150832.98612299998
2026-05-31,AAPL,437681.94613000005
2026-05-31,AMD,3895637.0880525
2026-05-31,AMZN,420834.58605
2026-05-31,ARM,3073110.35525
2026-05-31,ASML,82578.41675
2026-05-31,BABA,287434.6761
2026-05-31,BB,4101469.490195
2026-05-31,BIRD,272860.91598
2026-05-31,BRENTOIL,38416860.594330005
2026-05-31,BX,5526.3781500000005
2026-05-31,CBRS,706934.8908
2026-05-31,CL,79499724.12415375
2026-05-31,COIN,1435849.4422799998
2026-05-31,COPPER,1071339.612
2026-05-31,COST,58538.6046225
2026-05-31,CRCL,2679698.729745
2026-05-31,CRWV,6911063.8457
2026-05-31,DKNG,67341.1128325
2026-05-31,DRAM,5327148.7155
2026-05-31,EBAY,1139.2503749999998
2026-05-31,EUR,718216.3559999999
2026-05-31,EWJ,48614.360228
2026-05-31,EWT,595.4442
2026-05-31,EWY,5251806.651645
2026-05-31,EWZ,30897.04073
2026-05-31,GBP,2721.25815
2026-05-31,GME,2794674.88128
2026-05-31,GOLD,11192150.987729998
2026-05-31,GOOGL,1558390.0371575
2026-05-31,HIMS,138440.84576
2026-05-31,HOOD,5788045.290410999
2026-05-31,HYUNDAI,468994.08765
2026-05-31,INTC,7583672.68035
2026-05-31,JP225,92456.77833
2026-05-31,JPY,827420.9292499999
2026-05-31,KR200,28483.74375
2026-05-31,LITE,641911.5615000001
2026-05-31,LLY,317124.1393575
2026-05-31,META,1038545.9742000002
2026-05-31,MRVL,702868.5312
2026-05-31,MSFT,8818477.51071
2026-05-31,MSTR,914187.54728
2026-05-31,MU,29969086.703625
2026-05-31,NATGAS,6831030.0032575
2026-05-31,NFLX,251624.08636199997
2026-05-31,NVDA,19480266.9615925
2026-05-31,ORCL,5380418.95038
2026-05-31,PALLADIUM,130666.66311249998
2026-05-31,PLATINUM,970251.9001175001
2026-05-31,PLTR,12089147.795262499
2026-05-31,PURRDAT,1490642.8475
2026-05-31,QNT,946039.00836
2026-05-31,RIVN,342372.0006
2026-05-31,RKLB,312279.7043
2026-05-31,SILVER,37054378.199200004
2026-05-31,SKHX,14722960.021875
2026-05-31,SMSN,1809316.85933
2026-05-31,SNDK,6682112.6183
2026-05-31,SP500,70425226.1742
2026-05-31,SPCX,5879031.3917499995
2026-05-31,TSLA,2757618.68265
2026-05-31,TSM,4081626.8631525
2026-05-31,URNM,38953.224
2026-05-31,USAR,909461.4924149999
2026-05-31,XLE,19842.025759999997
2026-05-31,XYZ100,83852551.969
2026-05-31,ZM,94632.62001750001
2026-06-01,AAPL,5776938.611475
2026-06-01,AMD,20896997.9434725
2026-06-01,AMZN,8656042.879435001
2026-06-01,ARM,48969579.6755
2026-06-01,ASML,289081.42175000004
2026-06-01,BABA,739311.54583
2026-06-01,BB,17842206.712849997
2026-06-01,BIRD,647044.3994875001
2026-06-01,BRENTOIL,318428718.97781247
2026-06-01,BX,14810.029400000001
2026-06-01,CBRS,11999930.4777
2026-06-01,CL,560978026.2977097
2026-06-01,COIN,6774708.166172501
2026-06-01,COPPER,12119011.442442
2026-06-01,COST,132465.00138250002
2026-06-01,CRCL,26225405.6557675
2026-06-01,CRWV,29976451.433424998
2026-06-01,DELL,848123.5533000001
2026-06-01,DKNG,453811.85081999993
2026-06-01,DRAM,25015007.6829
2026-06-01,EBAY,208306.7046
2026-06-01,EUR,2216263.0688
2026-06-01,EWJ,512476.50781999994
2026-06-01,EWT,1229663.0779999997
2026-06-01,EWY,28550628.372849997
2026-06-01,EWZ,102097.52774749999
2026-06-01,GBP,406706.496
2026-06-01,GME,11400848.13129
2026-06-01,GOLD,35852614.983679995
2026-06-01,GOOGL,26945396.538719997
2026-06-01,HIMS,3700003.47282
2026-06-01,HOOD,17416316.754038
2026-06-01,HYUNDAI,1054649.4142449999
2026-06-01,IBM,8273627.2079
2026-06-01,INTC,64039590.31024999
2026-06-01,JP225,766227.69765
2026-06-01,JPY,454978.8972
2026-06-01,KR200,1050482.979
2026-06-01,LITE,8716205.617604999
2026-06-01,LLY,1522993.10849
2026-06-01,META,11552162.169205
2026-06-01,MRVL,14059408.6059
2026-06-01,MSFT,29402934.31257
2026-06-01,MSTR,13450815.1170625
2026-06-01,MU,160007265.7346975
2026-06-01,NATGAS,9554200.27131
2026-06-01,NFLX,622957.3041880002
2026-06-01,NVDA,169787876.37240002
2026-06-01,ORCL,31245845.827435
2026-06-01,PALLADIUM,1531864.8587125002
2026-06-01,PLATINUM,2265363.45347
2026-06-01,PLTR,32756825.76936
2026-06-01,PURRDAT,25995123.5825
2026-06-01,QNT,1471340.7795499999
2026-06-01,RIVN,1217010.4514175002
2026-06-01,RKLB,10273296.0899
2026-06-01,SILVER,124823175.89687999
2026-06-01,SKHX,39245977.642749995
2026-06-01,SMSN,9763778.290245
2026-06-01,SNDK,81557602.8177
2026-06-01,SP500,239372240.29275
2026-06-01,SPCX,24197596.89775
2026-06-01,TSLA,21810754.84175
2026-06-01,TSM,6445018.7401600005
2026-06-01,URNM,89589.240555
2026-06-01,USAR,2016213.94197
2026-06-01,XLE,304967.689995
2026-06-01,XYZ100,339907242.01409996
2026-06-01,ZM,617633.9953650001
2026-06-02,AAPL,11370196.07475
2026-06-02,AMD,25765610.523454998
2026-06-02,AMZN,7571306.2680625
2026-06-02,ARM,25798569.009800002
2026-06-02,ASML,357079.820625
2026-06-02,BABA,2949731.299024999
2026-06-02,BB,23170812.04317
2026-06-02,BIRD,365347.25347999996
2026-06-02,BRENTOIL,192376036.77826503
2026-06-02,BX,39685.3506
2026-06-02,CBRS,19987722.217925
2026-06-02,CL,348348126.95384276
2026-06-02,COIN,4833064.4767350005
2026-06-02,COPPER,13564237.9302305
2026-06-02,COST,230413.01949
2026-06-02,CRCL,30824075.490700252
2026-06-02,CRWV,22829030.883750003
2026-06-02,DELL,4910618.5182
2026-06-02,DKNG,197077.307685
2026-06-02,DRAM,19970951.564999994
2026-06-02,EBAY,231567.548025
2026-06-02,EUR,1931711.04558
2026-06-02,EWJ,297913.64226750005
2026-06-02,EWT,325161.48915
2026-06-02,EWY,22355595.170755003
2026-06-02,EWZ,28438.30528
2026-06-02,GBP,102557.020875
2026-06-02,GME,3501714.47456
2026-06-02,GOLD,34923289.67120499
2026-06-02,GOOGL,35324014.432665005
2026-06-02,HIMS,2565759.4119525
2026-06-02,HOOD,8026242.98778975
2026-06-02,HYUNDAI,5903242.95264
2026-06-02,IBM,6888241.1324000005
2026-06-02,INTC,39681918.547199994
2026-06-02,JP225,656846.548725
2026-06-02,JPY,4795473.517200001
2026-06-02,KR200,1088982.9171024999
2026-06-02,LITE,14334070.147415
2026-06-02,LLY,689336.7468750001
2026-06-02,META,8511223.713474998
2026-06-02,MRVL,261761008.09675
2026-06-02,MSFT,20412408.03843
2026-06-02,MSTR,17005268.166875
2026-06-02,MU,161505070.66957504
2026-06-02,NATGAS,5800812.18555
2026-06-02,NFLX,1956687.5796284997
2026-06-02,NVDA,144036757.73009
2026-06-02,ORCL,19289192.673795
2026-06-02,PALLADIUM,646641.9469799999
2026-06-02,PLATINUM,1551544.3359225001
2026-06-02,PLTR,13033631.141114999
2026-06-02,PURRDAT,21945544.34625
2026-06-02,QNT,2120487.95892
2026-06-02,RIVN,987025.4507850001
2026-06-02,RKLB,7028302.40055
2026-06-02,SILVER,109404207.96962248
2026-06-02,SKHX,35742716.0063
2026-06-02,SMSN,14818215.00654
2026-06-02,SNDK,66602297.0481
2026-06-02,SP500,200463113.29605
2026-06-02,SPCX,13391761.103600001
2026-06-02,TSLA,21140266.097685
2026-06-02,TSM,5852934.6515999995
2026-06-02,URNM,668666.8315425001
2026-06-02,USAR,1882285.2540875
2026-06-02,XLE,1242310.1561099999
2026-06-02,XYZ100,385151682.30189997
2026-06-02,ZM,661405.5633225
2026-06-03,AAPL,7533511.50825
2026-06-03,AMD,54062548.08189
2026-06-03,AMZN,5125562.152359999
2026-06-03,ARM,38149319.31299999
2026-06-03,ASML,499556.10439999995
2026-06-03,AVGO,7956946.44465
2026-06-03,BABA,1189552.2970800002
2026-06-03,BB,50791565.78891999
2026-06-03,BIRD,286767.967605
2026-06-03,BRENTOIL,221066115.77376
2026-06-03,BX,81060.30412499998
2026-06-03,CBRS,10159421.183999998
2026-06-03,CL,329175990.3672338
2026-06-03,COIN,4718153.0345250005
2026-06-03,COPPER,12797246.3820255
2026-06-03,COST,537603.65696975
2026-06-03,CRCL,36884980.1041225
2026-06-03,CRWV,14594989.111200001
2026-06-03,DELL,3386963.9956500004
2026-06-03,DKNG,678571.05436
2026-06-03,DRAM,18679857.9672
2026-06-03,EBAY,214841.73187499997
2026-06-03,EUR,1142741.89566
2026-06-03,EWJ,626217.77608
2026-06-03,EWT,321901.77705
2026-06-03,EWY,12705665.815544998
2026-06-03,EWZ,1326390.4645625
2026-06-03,GBP,259594.9576
2026-06-03,GME,4032500.7833800004
2026-06-03,GOLD,38871934.32869999
2026-06-03,GOOGL,29794612.73951
2026-06-03,HIMS,2220007.947465
2026-06-03,HOOD,7058195.426152501
2026-06-03,HYUNDAI,3580138.1431624996
2026-06-03,IBM,4371194.976075
2026-06-03,INTC,73926977.96700001
2026-06-03,JP225,701736.6488999999
2026-06-03,JPY,1718591.472
2026-06-03,KR200,529090.2330149999
2026-06-03,LITE,16616652.036239998
2026-06-03,LLY,1361175.1466250003
2026-06-03,META,13217936.460375004
2026-06-03,MRVL,298075648.19060004
2026-06-03,MSFT,49950916.43811499
2026-06-03,MSTR,16963311.843225002
2026-06-03,MU,144521270.7315
2026-06-03,NATGAS,5380243.204822499
2026-06-03,NFLX,827055.79321575
2026-06-03,NVDA,92270536.58632
2026-06-03,ORCL,49270416.55382001
2026-06-03,PALLADIUM,499053.66232750006
2026-06-03,PLATINUM,1349272.6659
2026-06-03,PLTR,23623579.604165
2026-06-03,PURRDAT,19218033.8955
2026-06-03,QNT,2568438.8879925
2026-06-03,RIVN,1459595.875725
2026-06-03,RKLB,6742775.1749
2026-06-03,SILVER,125160746.07571
2026-06-03,SKHX,27799384.037299998
2026-06-03,SMSN,13908224.0070375
2026-06-03,SNDK,84540140.9594
2026-06-03,SP500,255125277.8758
2026-06-03,SPCX,51667034.300325
2026-06-03,TSLA,31476346.187684998
2026-06-03,TSM,5247463.869
2026-06-03,URNM,485206.9585125
2026-06-03,USAR,4726235.74563
2026-06-03,XLE,408452.8669675
2026-06-03,XYZ100,378144451.47135
2026-06-03,ZM,227502.34338
2026-06-04,AAPL,3889779.5644174996
2026-06-04,AMD,14226623.2143
2026-06-04,AMZN,6228581.17762
2026-06-04,ARM,18073958.860825
2026-06-04,ASML,537873.6535000001
2026-06-04,AVGO,19774079.912199996
2026-06-04,BABA,531091.9959525
2026-06-04,BB,33491072.55822
2026-06-04,BIRD,96987.99896999999
2026-06-04,BRENTOIL,160329385.301025
2026-06-04,BX,45773.0
2026-06-04,CBRS,8507212.413900001
2026-06-04,CL,289780444.6232685
2026-06-04,COIN,9953148.340485001
2026-06-04,COPPER,9649541.199957
2026-06-04,COST,346070.680508
2026-06-04,CRCL,30900735.364399
2026-06-04,CRWV,9586738.37325
2026-06-04,DELL,2930566.6182
2026-06-04,DKNG,256738.0938
2026-06-04,DRAM,21057750.704024997
2026-06-04,EBAY,27277.223750000005
2026-06-04,EUR,1973141.958585
2026-06-04,EWJ,252487.8872
2026-06-04,EWT,216041.28149999998
2026-06-04,EWY,18515941.763699997
2026-06-04,EWZ,967693.1092675002
2026-06-04,GBP,48268.32780000001
2026-06-04,GME,1142751.384855
2026-06-04,GOLD,38874975.7004375
2026-06-04,GOOGL,25148747.940360002
2026-06-04,HIMS,6910366.627750001
2026-06-04,HOOD,8712192.7356035
2026-06-04,HYUNDAI,3639003.8938875003
2026-06-04,IBM,1948234.3199999998
2026-06-04,INTC,65500678.5108
2026-06-04,JP225,677387.6538750001
2026-06-04,JPY,1638179.1319249999
2026-06-04,KR200,634758.1290750001
2026-06-04,LITE,7786084.4893975
2026-06-04,LLY,2733516.893965
2026-06-04,META,7199367.9609075
2026-06-04,MRVL,196321770.95204997
2026-06-04,MSFT,5768565.195195
2026-06-04,MSTR,34982397.5419875
2026-06-04,MU,228451498.72624502
2026-06-04,NATGAS,6777789.457520001
2026-06-04,NFLX,980288.9159759999
2026-06-04,NOW,311578.958275
2026-06-04,NVDA,92634666.26282
2026-06-04,ORCL,20303268.7995125
2026-06-04,PALLADIUM,812441.8426199998
2026-06-04,PLATINUM,964393.3255200001
2026-06-04,PLTR,5245645.688975
2026-06-04,PURRDAT,21345612.9677
2026-06-04,QNT,58266948.08706
2026-06-04,RIVN,913901.44372
2026-06-04,RKLB,5740646.133599999
2026-06-04,SILVER,100055282.71406999
2026-06-04,SKHX,53671572.427200004
2026-06-04,SMSN,19649333.3418875
2026-06-04,SNDK,99645017.4003
2026-06-04,SP500,515926303.28260005
2026-06-04,SPCX,41101253.11755
2026-06-04,TSLA,16313681.353135003
2026-06-04,TSM,4560751.363104999
2026-06-04,URNM,369664.60486
2026-06-04,USAR,1190757.6348249998
2026-06-04,XLE,253575.9934
2026-06-04,XYZ100,622848583.2285
2026-06-04,ZM,377519.15446
2026-06-05,AAPL,10563641.570509998
2026-06-05,AMD,37916336.42904
2026-06-05,AMZN,7596070.065775
2026-06-05,ARM,16539900.4196
2026-06-05,ASML,434959.63402500004
2026-06-05,AVGO,11200867.1001
2026-06-05,BABA,1604266.796875
2026-06-05,BB,32216690.717529994
2026-06-05,BIRD,303895.26678000006
2026-06-05,BRENTOIL,190969055.42591247
2026-06-05,BX,206943.22074999998
2026-06-05,CBRS,8180499.167249999
2026-06-05,CL,356849909.21796954
2026-06-05,COIN,12481210.3594425
2026-06-05,COPPER,11844395.618767252
2026-06-05,COST,261902.77027200002
2026-06-05,CRCL,35662295.956094496
2026-06-05,CRWV,8975563.896237498
2026-06-05,DELL,2171099.413125
2026-06-05,DKNG,210160.69233
2026-06-05,DRAM,35282705.004675
2026-06-05,EBAY,38338.2065
2026-06-05,EUR,4635925.169922501
2026-06-05,EWJ,615740.508504
2026-06-05,EWT,351104.628175
2026-06-05,EWY,39726094.004557505
2026-06-05,EWZ,1023581.107065
2026-06-05,GBP,120465.91350000002
2026-06-05,GME,326732.78605500003
2026-06-05,GOLD,58534696.278270006
2026-06-05,GOOGL,18337599.2098475
2026-06-05,HIMS,3531694.9949324992
2026-06-05,HOOD,12862155.745027497
2026-06-05,HYUNDAI,2693380.344875
2026-06-05,IBM,2217256.243
2026-06-05,INTC,43456297.8631
2026-06-05,JP225,1844239.1590575
2026-06-05,JPY,2066289.482475
2026-06-05,KR200,811973.49982
2026-06-05,LITE,13767854.352319999
2026-06-05,LLY,4891812.4644375
2026-06-05,META,11880952.54227
2026-06-05,MRVL,163844517.112725
2026-06-05,MSFT,14810155.572315
2026-06-05,MSTR,26908272.97605
2026-06-05,MU,321166870.31795996
2026-06-05,NATGAS,5400988.898355
2026-06-05,NFLX,730214.39234975
2026-06-05,NOW,4391592.668649999
2026-06-05,NVDA,152910906.49188748
2026-06-05,ORCL,14539019.81516
2026-06-05,PALLADIUM,1275091.0304525
2026-06-05,PLATINUM,1336004.2623275
2026-06-05,PLTR,10449801.7312
2026-06-05,PURRDAT,13129748.224499999
2026-06-05,QNT,25605898.02484
2026-06-05,RIVN,511747.0749250001
2026-06-05,RKLB,6299527.7995
2026-06-05,SILVER,164790622.93789
2026-06-05,SKHX,76670207.848
2026-06-05,SMSN,24332930.384975
2026-06-05,SNDK,112238023.10235
2026-06-05,SP500,896620852.3287501
2026-06-05,SPCX,31453595.467
2026-06-05,TSLA,28521204.04089
2026-06-05,TSM,5534221.91168
2026-06-05,URNM,1031851.88275
2026-06-05,USAR,1895211.222575
2026-06-05,XLE,250184.7279125
2026-06-05,XYZ100,1005057697.7976
2026-06-05,ZM,444770.49948
2026-06-06,AAPL,6593853.2429575
2026-06-06,AMD,26146234.177449998
2026-06-06,AMZN,5137102.768325
2026-06-06,ARM,2276968.69865
2026-06-06,ASML,905840.18315
2026-06-06,AVGO,3714963.293125
2026-06-06,BABA,2034232.05577
2026-06-06,BB,4550804.2968
2026-06-06,BIRD,109053.1010975
2026-06-06,BRENTOIL,46253028.360562496
2026-06-06,BX,1015.8915000000001
2026-06-06,CBRS,5600994.104675
2026-06-06,CL,77223300.17101225
2026-06-06,COIN,4329678.022845
2026-06-06,COPPER,10865773.725948751
2026-06-06,COST,1424097.4477425
2026-06-06,CRCL,12149098.37394325
2026-06-06,CRWV,5664343.8089850005
2026-06-06,DELL,139819.34720000002
2026-06-06,DKNG,12257.384974999999
2026-06-06,DRAM,8786254.35875
2026-06-06,EBAY,19612.98955
2026-06-06,EUR,381372.17657
2026-06-06,EWJ,858376.6500680001
2026-06-06,EWT,49112.247989999996
2026-06-06,EWY,7442950.37512
2026-06-06,EWZ,6540.824474999999
2026-06-06,GBP,10320.210799999999
2026-06-06,GME,143099.73992
2026-06-06,GOLD,15555371.700275004
2026-06-06,GOOGL,6954922.697782501
2026-06-06,HIMS,647159.27265
2026-06-06,HOOD,5440361.010135001
2026-06-06,HYUNDAI,249366.95609499997
2026-06-06,IBM,630214.9869999998
2026-06-06,INTC,16643981.23881
2026-06-06,JP225,210458.2386
2026-06-06,JPY,7770503.3789
2026-06-06,KR200,91390.93636749999
2026-06-06,LITE,1122046.97669
2026-06-06,LLY,2444018.2128425003
2026-06-06,META,2999412.5516699995
2026-06-06,MRVL,49590480.466350004
2026-06-06,MSFT,3894416.23635
2026-06-06,MSTR,5042637.4495525
2026-06-06,MU,60727268.588240005
2026-06-06,NATGAS,1716604.5761699998
2026-06-06,NFLX,472437.73150200007
2026-06-06,NOW,337144.4622
2026-06-06,NVDA,25098273.80961
2026-06-06,ORCL,6993982.18941
2026-06-06,PALLADIUM,145282.83813
2026-06-06,PLATINUM,516022.4048700001
2026-06-06,PLTR,4210268.7505125
2026-06-06,PURRDAT,817572.674425
2026-06-06,QNT,1183469.0892725
2026-06-06,RIVN,227182.94241
2026-06-06,RKLB,3052969.0505250003
2026-06-06,SILVER,12669027.444480002
2026-06-06,SKHX,4509005.4764250005
2026-06-06,SMSN,1924745.7092999998
2026-06-06,SNDK,13349923.8642
2026-06-06,SP500,105469736.36255
2026-06-06,SPCX,11573086.480200002
2026-06-06,TSLA,11088107.349599998
2026-06-06,TSM,8749546.03339
2026-06-06,URNM,173621.9888
2026-06-06,USAR,2015344.26266
2026-06-06,XLE,96875.146675
2026-06-06,XYZ100,146008124.1922
2026-06-06,ZM,599971.8061755
2026-06-07,AAPL,2619879.916005
2026-06-07,AMD,8395878.2317175
2026-06-07,AMZN,1693592.5664300001
2026-06-07,ARM,725581.5095000002
2026-06-07,ASML,274168.5201
2026-06-07,AVGO,914935.239
2026-06-07,BABA,256083.67614
2026-06-07,BB,6248287.32957
2026-06-07,BIRD,89792.53192
2026-06-07,BRENTOIL,132492476.41874999
2026-06-07,BX,987.270175
2026-06-07,CBRS,1802658.3497999997
2026-06-07,CL,250180631.6207165
2026-06-07,COIN,1985871.6435325001
2026-06-07,COPPER,5591614.2847065
2026-06-07,COST,661.475588
2026-06-07,CRCL,8555203.357514
2026-06-07,CRWV,3550958.4175500004
2026-06-07,DELL,344557.39955000003
2026-06-07,DKNG,1564.9491375
2026-06-07,DRAM,10734489.730800001
2026-06-07,EBAY,10317.090625
2026-06-07,EUR,1454037.1835500002
2026-06-07,EWJ,562795.1081235
2026-06-07,EWT,100607.67512500001
2026-06-07,EWY,15217979.019937498
2026-06-07,EWZ,183337.00699999998
2026-06-07,GBP,15890.956875000002
2026-06-07,GME,532289.3076175
2026-06-07,GOLD,14347673.679059999
2026-06-07,GOOGL,5105187.448399999
2026-06-07,HIMS,317907.573735
2026-06-07,HOOD,3204311.239811499
2026-06-07,HYUNDAI,1027241.1887700001
2026-06-07,IBM,266380.35985
2026-06-07,INTC,9461712.36435
2026-06-07,JP225,369897.98747
2026-06-07,JPY,1620377.5813999998
2026-06-07,KR200,338494.45587999996
2026-06-07,LITE,1364652.9940375
2026-06-07,LLY,1360473.8476500001
2026-06-07,META,1745688.3301025003
2026-06-07,MRVL,36978206.885249995
2026-06-07,MSFT,2034855.6976725
2026-06-07,MSTR,11072066.388835
2026-06-07,MU,59529900.59297
2026-06-07,NATGAS,3747233.477295
2026-06-07,NFLX,429743.2399275
2026-06-07,NOW,143049.083625
2026-06-07,NVDA,23263217.0189475
2026-06-07,ORCL,5416878.85092
2026-06-07,PALLADIUM,269292.55809999997
2026-06-07,PLATINUM,715335.2929124999
2026-06-07,PLTR,2886346.87599
2026-06-07,PURRDAT,637591.509375
2026-06-07,QNT,654545.29896
2026-06-07,RIVN,274904.18184
2026-06-07,RKLB,1507954.3125
2026-06-07,SILVER,69830885.32818751
2026-06-07,SKHX,82269792.33
2026-06-07,SMSN,11573138.420444999
2026-06-07,SNDK,15649616.01485
2026-06-07,SP500,119056506.364875
2026-06-07,SPCX,20928466.664325003
2026-06-07,TSLA,6524057.7274925
2026-06-07,TSM,4769288.319042499
2026-06-07,URNM,101749.4731575
2026-06-07,USAR,1146986.968175
2026-06-07,XLE,21467.622005
2026-06-07,XYZ100,224309349.774825
2026-06-07,ZM,60746.56709625
2026-06-08,AAPL,17798446.06765
2026-06-08,AMD,25382604.6866925
2026-06-08,AMZN,4440263.355517501
2026-06-08,ARM,5689488.410625
2026-06-08,ASML,477409.8693
2026-06-08,AVGO,1331246.8194000002
2026-06-08,BABA,1773869.9769250003
2026-06-08,BB,9501182.8275
2026-06-08,BIRD,175284.8804075
2026-06-08,BRENTOIL,227782810.8669475
2026-06-08,BX,174173.10640000002
2026-06-08,CBRS,18219640.246299997
2026-06-08,CL,480562061.6384508
2026-06-08,COIN,7684210.905939999
2026-06-08,COPPER,11908019.221731503
2026-06-08,COST,101343.36955599999
2026-06-08,CRCL,21761878.724452004
2026-06-08,CRWV,6111305.228565
2026-06-08,DELL,1287338.2400000002
2026-06-08,DKNG,554274.904975
2026-06-08,DRAM,30191867.236575004
2026-06-08,EBAY,204733.50400000002
2026-06-08,EUR,1903781.425135
2026-06-08,EWJ,674528.9802389999
2026-06-08,EWT,131786.73976750002
2026-06-08,EWY,35295008.1858
2026-06-08,EWZ,770224.7575749998
2026-06-08,GBP,105883.9549
2026-06-08,GME,2534772.9892450003
2026-06-08,GOLD,46382558.18912
2026-06-08,GOOGL,13412312.980375
2026-06-08,HIMS,1746137.5689999997
2026-06-08,HOOD,8907511.51602
2026-06-08,HYUNDAI,2101044.491775
2026-06-08,IBM,1088464.3938250002
2026-06-08,INTC,73288280.382
2026-06-08,JP225,998386.7762
2026-06-08,JPY,1498614.25385
2026-06-08,KR200,907607.2524199999
2026-06-08,LITE,5157983.044497499
2026-06-08,LLY,13434802.4781425
2026-06-08,META,4098246.02901
2026-06-08,MRVL,124660187.83272499
2026-06-08,MSFT,6687937.5337
2026-06-08,MSTR,20251927.2065625
2026-06-08,MU,285858253.01655
2026-06-08,NATGAS,5828985.937872499
2026-06-08,NFLX,437606.8032375
2026-06-08,NOW,264764.896375
2026-06-08,NVDA,62242025.55832501
2026-06-08,ORCL,14639249.593044998
2026-06-08,PALLADIUM,852437.4567
2026-06-08,PLATINUM,1611622.3703824999
2026-06-08,PLTR,4581049.290615
2026-06-08,PURRDAT,6884417.737500001
2026-06-08,QNT,3805629.5503
2026-06-08,RIVN,608731.02897
2026-06-08,RKLB,5521050.115174999
2026-06-08,SILVER,127118937.47447503
2026-06-08,SKHX,122586592.65020001
2026-06-08,SMSN,21223843.852715
2026-06-08,SNDK,111594620.57835001
2026-06-08,SP500,770265665.1019
2026-06-08,SPCX,94638154.0874
2026-06-08,TSLA,21995955.6723
2026-06-08,TSM,5252236.039399999
2026-06-08,URNM,262291.0596675
2026-06-08,USAR,1181190.6289600001
2026-06-08,XLE,1210938.4779375
2026-06-08,XYZ100,710398954.449
2026-06-08,ZM,381466.873557
2026-06-09,AAPL,29852341.13987
2026-06-09,AMD,47539539.852805
2026-06-09,AMZN,7675658.404474999
2026-06-09,ARM,8602530.3945
2026-06-09,ASML,1192273.7114249999
2026-06-09,AVGO,2403489.40065
2026-06-09,BABA,1259040.8534200003
2026-06-09,BB,14311748.4706875
2026-06-09,BIRD,155523.22048
2026-06-09,BRENTOIL,205201603.79296252
2026-06-09,BX,449764.47559999995
2026-06-09,CBRS,16720447.621875001
2026-06-09,CL,574027319.8717946
2026-06-09,COIN,4811278.12273
2026-06-09,COPPER,12933428.457525
2026-06-09,COST,113961.26520450001
2026-06-09,CRCL,29670063.895471994
2026-06-09,CRWV,9650683.8547275
2026-06-09,DELL,2524772.18335
2026-06-09,DKNG,2403268.1078399997
2026-06-09,DRAM,38071406.009325
2026-06-09,EBAY,50292.601950000004
2026-06-09,EUR,1202230.9638625
2026-06-09,EWJ,810997.81262775
2026-06-09,EWT,1038756.870705
2026-06-09,EWY,41326606.096200004
2026-06-09,EWZ,33374.64198
2026-06-09,GBP,44063.91285
2026-06-09,GME,2059122.080865
2026-06-09,GOLD,50653552.626660004
2026-06-09,GOOGL,18583613.015762497
2026-06-09,HIMS,3249164.237805
2026-06-09,HOOD,10518601.738810001
2026-06-09,HYUNDAI,1591487.3570400001
2026-06-09,IBM,1484946.8667
2026-06-09,INTC,117490190.83835
2026-06-09,JP225,754913.82462
2026-06-09,JPY,1556547.1674750003
2026-06-09,KR200,317873.905775
2026-06-09,LITE,12163615.229867497
2026-06-09,LLY,3129830.5681650005
2026-06-09,META,8738470.017900001
2026-06-09,MRVL,150654447.75875
2026-06-09,MSFT,7876796.538577501
2026-06-09,MSTR,17487986.419205002
2026-06-09,MU,410168297.122475
2026-06-09,NATGAS,6370019.23134
2026-06-09,NBIS,1193457.0839
2026-06-09,NFLX,821321.081641
2026-06-09,NOW,2143806.54345
2026-06-09,NVDA,68318351.088045
2026-06-09,ORCL,14629744.827104999
2026-06-09,PALLADIUM,1162555.9369
2026-06-09,PLATINUM,2180766.1528274994
2026-06-09,PLTR,5530118.1600049995
2026-06-09,PURRDAT,5926467.0222000005
2026-06-09,QNT,3837053.22928
2026-06-09,RIVN,813160.9626450001
2026-06-09,RKLB,8385885.817325001
2026-06-09,SILVER,191711709.94720498
2026-06-09,SKHX,128763372.07562499
2026-06-09,SMSN,23817088.67796
2026-06-09,SNDK,201100049.62977502
2026-06-09,SP500,942909790.8879001
2026-06-09,SPCX,71501870.4417
2026-06-09,TSLA,24991699.22697
2026-06-09,TSM,5780082.0631125
2026-06-09,URNM,361295.41947499994
2026-06-09,USAR,1996219.5391249997
2026-06-09,WDC,35776.647562499995
2026-06-09,XLE,403823.076585
2026-06-09,XYZ100,1055997319.1487001
2026-06-09,ZM,1133539.75874475
2026-06-10,AAPL,9046737.1776
2026-06-10,AMD,19436975.889595002
2026-06-10,AMZN,5775061.299507501
2026-06-10,ARM,5389798.554374999
2026-06-10,ASML,809102.8002749999
2026-06-10,AVGO,3184602.293
2026-06-10,BABA,6293688.044175001
2026-06-10,BB,9727341.029784998
2026-06-10,BIRD,149718.20571
2026-06-10,BRENTOIL,264461322.94237503
2026-06-10,BX,162820.863375
2026-06-10,CBRS,26783388.898399998
2026-06-10,CL,621365987.7662842
2026-06-10,COIN,4791017.19374
2026-06-10,COPPER,27134658.7097375
2026-06-10,COST,76628.36668050001
2026-06-10,CRCL,19139119.90114825
2026-06-10,CRWV,7725746.553125001
2026-06-10,DELL,2220801.7012
2026-06-10,DKNG,1203097.77336
2026-06-10,DRAM,28340113.30505
2026-06-10,EBAY,29873.7575
2026-06-10,EUR,2457807.541365
2026-06-10,EWJ,544054.0090435001
2026-06-10,EWT,140483.54881000004
2026-06-10,EWY,33737854.804657504
2026-06-10,EWZ,63648.47992
2026-06-10,GBP,14083.810125000002
2026-06-10,GME,519303.4000075
2026-06-10,GOLD,96186220.97510499
2026-06-10,GOOGL,10564046.83941
2026-06-10,HIMS,3487480.8007050003
2026-06-10,HOOD,12634401.202904
2026-06-10,HYUNDAI,5427737.13024
2026-06-10,IBM,1905734.55735
2026-06-10,INTC,76863133.45889999
2026-06-10,JP225,930878.4921975001
2026-06-10,JPY,942995.3587999998
2026-06-10,KR200,570625.4040000001
2026-06-10,LITE,13353381.6697875
2026-06-10,LLY,1545378.032075
2026-06-10,META,5089020.756015
2026-06-10,MRVL,79132813.05659999
2026-06-10,MSFT,11949711.50093
2026-06-10,MSTR,18303589.24295
2026-06-10,MU,251096427.19567
2026-06-10,NATGAS,8648676.962687502
2026-06-10,NBIS,3148774.048
2026-06-10,NFLX,330646.5757275
2026-06-10,NOW,2369437.915
2026-06-10,NVDA,49465108.740862496
2026-06-10,ORCL,56076825.417239994
2026-06-10,PALLADIUM,1259613.9461449997
2026-06-10,PLATINUM,2049731.1479700003
2026-06-10,PLTR,4305164.464125
2026-06-10,PURRDAT,7705129.143250001
2026-06-10,QNT,5285905.5826200005
2026-06-10,RIVN,1058478.62883
2026-06-10,RKLB,6259324.589474999
2026-06-10,SILVER,273108035.56873006
2026-06-10,SKHX,117357439.5342
2026-06-10,SMSN,24128868.785662502
2026-06-10,SNDK,135720773.523
2026-06-10,SP500,1081853306.041125
2026-06-10,SPCX,67024772.856000006
2026-06-10,TSLA,25109962.531372502
2026-06-10,TSM,4795271.380055
2026-06-10,URNM,773407.16086
2026-06-10,USAR,1239928.27189
2026-06-10,WDC,79167.63307499999
2026-06-10,XLE,955747.719755
2026-06-10,XYZ100,889135417.142625
2026-06-10,ZM,360920.0112445
2026-06-11,AAPL,7822485.653999999
2026-06-11,AMD,24583814.700435
2026-06-11,AMZN,7204120.54123
2026-06-11,ARM,4848236.9436
2026-06-11,ASML,1666728.2184000001
2026-06-11,AVGO,2261314.5993999997
2026-06-11,BABA,7178715.833899999
2026-06-11,BB,5300412.0119025
2026-06-11,BIRD,492977.9273975
2026-06-11,BRENTOIL,385947615.10046
2026-06-11,BX,182050.0505
2026-06-11,CBRS,12451657.908500003
2026-06-11,CL,729216063.7700701
2026-06-11,COIN,4529820.8635100005
2026-06-11,COPPER,20128148.655720003
2026-06-11,COST,79591.55076425
2026-06-11,CRCL,17384751.496612497
2026-06-11,CRWV,8834563.648455
2026-06-11,DELL,679172.05125
2026-06-11,DKNG,380800.51157250005
2026-06-11,DRAM,27091185.103125
2026-06-11,EBAY,155366.48475
2026-06-11,EUR,2085906.70769
2026-06-11,EWJ,1668800.460957
2026-06-11,EWT,113977.15090000001
2026-06-11,EWY,32501905.2371
2026-06-11,EWZ,65775.97922
2026-06-11,GBP,74012.1816
2026-06-11,GME,1032325.72857
2026-06-11,GOLD,109600935.71762249
2026-06-11,GOOGL,19123935.13116
2026-06-11,HIMS,2808165.5458500003
2026-06-11,HOOD,14110591.986303749
2026-06-11,HYUNDAI,1915607.9205
2026-06-11,IBM,418012.4382
2026-06-11,INTC,127230563.48730001
2026-06-11,JP225,3664034.6976925
2026-06-11,JPY,1853475.928425
2026-06-11,KR200,652519.56384
2026-06-11,LITE,8450807.865367498
2026-06-11,LLY,2923547.7636675006
2026-06-11,META,10926394.600484999
2026-06-11,MRVL,96855066.588875
2026-06-11,MSFT,10399059.37106
2026-06-11,MSTR,18372655.78125
2026-06-11,MU,205912689.34927502
2026-06-11,NATGAS,9263770.90342
2026-06-11,NBIS,2713331.8476
2026-06-11,NFLX,819124.6271785
2026-06-11,NOW,293628.24675000005
2026-06-11,NVDA,64966288.930237494
2026-06-11,ORCL,39666226.363905005
2026-06-11,PALLADIUM,961734.357345
2026-06-11,PLATINUM,1603737.7086400003
2026-06-11,PLTR,5389742.040119999
2026-06-11,PURRDAT,5628407.6088
2026-06-11,QNT,8795747.56815
2026-06-11,RIVN,1505033.4974025
2026-06-11,RKLB,8231967.47875
2026-06-11,SILVER,269038383.7846875
2026-06-11,SKHX,127594772.32319997
2026-06-11,SMSN,27004685.78592
2026-06-11,SNDK,159417026.55900002
2026-06-11,SP500,825141439.808
2026-06-11,SPCX,127382457.10925
2026-06-11,TSLA,41398256.846625
2026-06-11,TSM,5038065.984105
2026-06-11,URNM,323963.85348
2026-06-11,USAR,1577683.529085
2026-06-11,WDC,50572.17808
2026-06-11,XLE,497605.5151575001
2026-06-11,XYZ100,637448625.0702499
2026-06-11,ZM,486921.02671850007
2026-06-12,AAPL,4422841.416
2026-06-12,AMD,36544240.338502504
2026-06-12,AMZN,7360892.827665
2026-06-12,ARM,7608360.34
2026-06-12,ASML,944508.9776249999
2026-06-12,AVGO,1252901.7467999998
2026-06-12,BABA,1408996.49418
2026-06-12,BB,4498580.993749999
2026-06-12,BIRD,60650.22776
2026-06-12,BRENTOIL,277206680.51351005
2026-06-12,BX,207014.2668
2026-06-12,CBRS,15383224.119199999
2026-06-12,CL,552508242.9572738
2026-06-12,COIN,2504139.2567025
2026-06-12,COPPER,21820369.3825825
2026-06-12,COST,13226.96012175
2026-06-12,CRCL,16228271.529855002
2026-06-12,CRWV,16694670.3903525
2026-06-12,DELL,1068195.6868
2026-06-12,DKNG,326403.76139999996
2026-06-12,DRAM,28542671.669700004
2026-06-12,EBAY,11543.1
2026-06-12,EUR,791806.3547624999
2026-06-12,EWJ,1579578.3577200002
2026-06-12,EWT,321244.308625
2026-06-12,EWY,16897194.58592
2026-06-12,EWZ,86771.28111999999
2026-06-12,GBP,109573.93507500002
2026-06-12,GME,316907.0796375
2026-06-12,GOLD,44316505.85549001
2026-06-12,GOOGL,18579735.493619997
2026-06-12,HIMS,1695305.2480625
2026-06-12,HOOD,8611331.397428999
2026-06-12,HYUNDAI,1057772.5477425002
2026-06-12,IBM,330479.24587499996
2026-06-12,INTC,89192928.619
2026-06-12,JP225,490413.97892749996
2026-06-12,JPY,3256683.513525
2026-06-12,KR200,282797.88375
2026-06-12,LITE,6656536.818475
2026-06-12,LLY,1648055.3836800002
2026-06-12,META,6591755.591504999
2026-06-12,MRVL,51896780.7332
2026-06-12,MSFT,15678325.1043
2026-06-12,MSTR,17283014.88086
2026-06-12,MU,132433086.41103001
2026-06-12,NATGAS,6364407.22659
2026-06-12,NBIS,6123873.9132
2026-06-12,NFLX,403437.44124
2026-06-12,NOW,546688.3976
2026-06-12,NVDA,49980558.49488
2026-06-12,ORCL,20534922.737545
2026-06-12,PALLADIUM,749960.12975
2026-06-12,PLATINUM,974448.9001175
2026-06-12,PLTR,5531611.260825002
2026-06-12,PURRDAT,6250097.980000001
2026-06-12,QNT,4332968.702435
2026-06-12,RIVN,1504818.3072475
2026-06-12,RKLB,19126089.50665
2026-06-12,SILVER,125318843.534175
2026-06-12,SKHX,88931972.05187498
2026-06-12,SMSN,24209250.86574
2026-06-12,SNDK,151388490.198775
2026-06-12,SP500,490596296.83735
2026-06-12,SPCX,1392225081.1462502
2026-06-12,TSLA,55169719.610625006
2026-06-12,TSM,2772007.0375775
2026-06-12,URNM,163668.94815
2026-06-12,USAR,1696030.48875
2026-06-12,WDC,118593.23300000001
2026-06-12,XLE,667522.16778
2026-06-12,XYZ100,639395978.44615
2026-06-12,ZM,460789.52413725003
2026-06-13,AAPL,1141457.3554099998
2026-06-13,AMD,3720262.4136599996
2026-06-13,AMZN,2248789.30264
2026-06-13,ARM,860811.9345000002
2026-06-13,ASML,136504.268025
2026-06-13,AVGO,494122.18265000003
2026-06-13,BABA,839535.4494924999
2026-06-13,BB,170416.08817499998
2026-06-13,BIRD,6085.98666
2026-06-13,BRENTOIL,45189460.4617725
2026-06-13,BX,29360.518200000002
2026-06-13,CBRS,806747.5051999999
2026-06-13,CL,68598956.1680175
2026-06-13,COIN,899177.34522
2026-06-13,COPPER,2043001.4415615003
2026-06-13,COST,4367.901993
2026-06-13,CRCL,2296958.5145767503
2026-06-13,CRWV,2675751.228
2026-06-13,DELL,96116.56665000001
2026-06-13,DKNG,53386.771815
2026-06-13,DRAM,5226673.395
2026-06-13,EBAY,11922.85325
2026-06-13,EUR,299187.78426
2026-06-13,EWJ,130051.171019
2026-06-13,EWT,14270.836549999998
2026-06-13,EWY,4106883.684255
2026-06-13,EWZ,11033.839034999999
2026-06-13,GBP,145920.30645
2026-06-13,GME,102083.47039499998
2026-06-13,GOLD,7112057.450644999
2026-06-13,GOOGL,3066063.2768775
2026-06-13,HIMS,35773.708527500006
2026-06-13,HOOD,1449241.7036020001
2026-06-13,HYUNDAI,96516.99109999998
2026-06-13,IBM,48649.647375
2026-06-13,INTC,8340589.502525001
2026-06-13,JP225,97519.8042
2026-06-13,JPY,833655.320575
2026-06-13,KR200,23603.082930000004
2026-06-13,LITE,651512.7937500001
2026-06-13,LLY,132550.75764
2026-06-13,META,1305800.67185
2026-06-13,MRVL,5347948.428900001
2026-06-13,MSFT,1405009.9026975
2026-06-13,MSTR,1752811.0799999998
2026-06-13,MU,19760655.50325
2026-06-13,NATGAS,694230.8271625
2026-06-13,NBIS,2683675.8819750003
2026-06-13,NFLX,152998.23266
2026-06-13,NOW,325536.34525
2026-06-13,NVDA,6618783.12768
2026-06-13,ORCL,2314201.5223275
2026-06-13,PALLADIUM,47006.547645
2026-06-13,PLATINUM,119588.72905000001
2026-06-13,PLTR,1147376.2647875
2026-06-13,PURRDAT,932921.1756000001
2026-06-13,QNT,107218.00222000001
2026-06-13,RIVN,144354.95054999998
2026-06-13,RKLB,1342704.909375
2026-06-13,SILVER,16825520.4858025
2026-06-13,SKHX,8877245.991750002
2026-06-13,SMSN,2815771.4753475
2026-06-13,SNDK,12368406.7098
2026-06-13,SP500,69284827.27437499
2026-06-13,SPCX,63256362.29269999
2026-06-13,TSLA,5802122.0449
2026-06-13,TSM,775519.52566
2026-06-13,URNM,24835.755674999997
2026-06-13,USAR,607699.58781
2026-06-13,WDC,30225.20176
2026-06-13,XLE,98662.64752499998
2026-06-13,XYZ100,97592957.61840001
2026-06-13,ZM,105705.7836555
2026-06-14,AAPL,1622015.9432124998
2026-06-14,AMD,4617747.85539
2026-06-14,AMZN,2399426.06465
2026-06-14,ARM,1091446.8546
2026-06-14,ASML,178154.58442500004
2026-06-14,AVGO,604922.7866000001
2026-06-14,BABA,761108.378085
2026-06-14,BB,581696.890205
2026-06-14,BIRD,10391.347102500002
2026-06-14,BRENTOIL,186586001.44142
2026-06-14,BX,28527.70865
2026-06-14,CBRS,974981.6994500001
2026-06-14,CL,247745644.7978958
2026-06-14,COIN,1936034.4017100004
2026-06-14,COPPER,2651927.4568140004
2026-06-14,COST,5780.5680465000005
2026-06-14,CRCL,7757624.808318
2026-06-14,CRWV,3795945.373
2026-06-14,DELL,500661.26302500005
2026-06-14,DKNG,26183.902350000004
2026-06-14,DRAM,12093060.856575
2026-06-14,EBAY,2018.3790000000004
2026-06-14,EUR,1333356.34096
2026-06-14,EWJ,241704.4877305
2026-06-14,EWT,98700.81970000001
2026-06-14,EWY,9971108.080472501
2026-06-14,EWZ,64258.483519999994
2026-06-14,GBP,68164.72845
2026-06-14,GME,279487.29979499994
2026-06-14,GOLD,30852422.100884996
2026-06-14,GOOGL,3757404.4686749997
2026-06-14,HIMS,319677.1861
2026-06-14,HOOD,1712159.86063875
2026-06-14,HYUNDAI,305396.44452
2026-06-14,IBM,251000.51089999996
2026-06-14,INTC,19699312.86625
2026-06-14,JP225,202757.3719875
2026-06-14,JPY,2273575.98
2026-06-14,KR200,107102.78271
2026-06-14,LITE,2136018.2736750003
2026-06-14,LLY,271492.04339999997
2026-06-14,META,2044874.2270899995
2026-06-14,MRVL,12036433.802174998
2026-06-14,MSFT,3178178.88477
2026-06-14,MSTR,5655019.410945
2026-06-14,MU,34430987.0043825
2026-06-14,NATGAS,1167393.8855424998
2026-06-14,NBIS,3320690.0351
2026-06-14,NFLX,295829.379094
2026-06-14,NOW,454419.487575
2026-06-14,NVDA,11450187.114285
2026-06-14,ORCL,3244095.9256200003
2026-06-14,PALLADIUM,42075.849062500005
2026-06-14,PLATINUM,545256.401055
2026-06-14,PLTR,1337250.83569
2026-06-14,PURRDAT,1282322.1295
2026-06-14,QNT,132558.13048500003
2026-06-14,RIVN,91873.32887249999
2026-06-14,RKLB,1667585.145
2026-06-14,SILVER,59690214.53529
2026-06-14,SKHX,39015034.738749996
2026-06-14,SMSN,6626357.398255
2026-06-14,SNDK,17197222.086375
2026-06-14,SP500,154392654.1068
2026-06-14,SPCX,44097732.0828
2026-06-14,TSLA,4894543.22059
2026-06-14,TSM,1424227.91049
2026-06-14,URNM,8569.7144725
2026-06-14,USAR,731278.3167249999
2026-06-14,WDC,41418.90348749999
2026-06-14,XLE,44077.210515
2026-06-14,XYZ100,194690244.6828
2026-06-14,ZM,75849.07943925
2026-06-15,AAPL,4528703.257297499
2026-06-15,AMD,37043295.806774996
2026-06-15,AMZN,6419148.694825
2026-06-15,ARM,11775902.1761
2026-06-15,ASML,606299.892825
2026-06-15,AVGO,1449015.587375
2026-06-15,BABA,2026709.1049750003
2026-06-15,BB,4557443.3452275
2026-06-15,BIRD,149670.034905
2026-06-15,BRENTOIL,94094409.2956875
2026-06-15,BX,19120.562700000002
2026-06-15,CBRS,10616109.7815
2026-06-15,CL,217155719.21376452
2026-06-15,COIN,6111383.653092502
2026-06-15,COPPER,10851575.1955515
2026-06-15,COST,48116.811818
2026-06-15,CRCL,36762712.979739
2026-06-15,CRWV,9397560.762625
2026-06-15,DELL,873026.5733999999
2026-06-15,DKNG,49540.48446
2026-06-15,DRAM,30617737.5585
2026-06-15,EBAY,53873.894474999994
2026-06-15,EUR,2499732.537375
2026-06-15,EWJ,1472630.1976804999
2026-06-15,EWT,156277.35375
2026-06-15,EWY,13734370.897625
2026-06-15,EWZ,57166.291130000005
2026-06-15,GBP,54551.1806
2026-06-15,GME,613114.8939825001
2026-06-15,GOLD,59418282.75144
2026-06-15,GOOGL,21331223.546197496
2026-06-15,HIMS,1572043.94655
2026-06-15,HOOD,11418263.405168
2026-06-15,HYUNDAI,863634.6780549999
2026-06-15,IBM,924317.0942500001
2026-06-15,INTC,52043563.3977
2026-06-15,JP225,1379037.9859200001
2026-06-15,JPY,2281290.6776
2026-06-15,KR200,211496.88356499997
2026-06-15,LITE,8847485.828440001
2026-06-15,LLY,1332793.5736500002
2026-06-15,META,8840302.866202502
2026-06-15,MRVL,55507607.8289
2026-06-15,MSFT,13237023.45537
2026-06-15,MSTR,15662475.794750003
2026-06-15,MU,129956452.98405002
2026-06-15,NATGAS,3786420.01224
2026-06-15,NBIS,22180998.610999998
2026-06-15,NFLX,489137.62303950003
2026-06-15,NOK,120240.19666499998
2026-06-15,NOW,1831241.543625
2026-06-15,NVDA,53585564.927480005
2026-06-15,ORCL,14370264.190175
2026-06-15,PALLADIUM,480516.48564
2026-06-15,PLATINUM,799511.3217999999
2026-06-15,PLTR,3643036.5154425
2026-06-15,PURRDAT,5225723.7883
2026-06-15,QNT,783439.7416300001
2026-06-15,RIVN,503920.06441
2026-06-15,RKLB,8339010.7504
2026-06-15,SILVER,89906650.38368998
2026-06-15,SKHX,63084780.737125
2026-06-15,SMH,299061.66265749995
2026-06-15,SMSN,17699832.976324998
2026-06-15,SNDK,98353714.7566
2026-06-15,SP500,538802627.6232
2026-06-15,SPCX,640469257.27125
2026-06-15,TSLA,24386572.067295
2026-06-15,TSM,5469871.337342501
2026-06-15,URNM,164548.05124499998
2026-06-15,USAR,672562.4944500001
2026-06-15,WDC,105544.0376575
2026-06-15,XLE,166149.37033
2026-06-15,XYZ100,641740584.9880999
2026-06-15,ZM,357578.523072
2026-06-16,AAPL,3457634.8449999997
2026-06-16,AMD,31223194.902030002
2026-06-16,AMZN,3950802.44317
2026-06-16,ARM,11652275.4736
2026-06-16,ASML,389164.86199999996
2026-06-16,AVGO,1367618.2286999996
2026-06-16,BABA,1603759.4041199998
2026-06-16,BB,3306737.74668
2026-06-16,BIRD,67046.9150925
2026-06-16,BRENTOIL,114742014.0701975
2026-06-16,BX,60367.503
2026-06-16,CBRS,8551484.960699998
2026-06-16,CL,273358227.5772075
2026-06-16,COIN,7996248.67004
2026-06-16,COPPER,5696831.87756025
2026-06-16,COST,63201.40866375001
2026-06-16,CRCL,16151077.11456
2026-06-16,CRWV,14686523.985924998
2026-06-16,DELL,833362.0326250001
2026-06-16,DKNG,73363.62000000001
2026-06-16,DRAM,46382530.004300006
2026-06-16,EBAY,153539.99300000002
2026-06-16,EUR,2746109.2439375003
2026-06-16,EWJ,621896.6680225001
2026-06-16,EWT,60491.930850000004
2026-06-16,EWY,16390417.409544999
2026-06-16,EWZ,57127.0246725
2026-06-16,GBP,151900.85624999998
2026-06-16,GME,794421.6855875001
2026-06-16,GOLD,34934644.7608725
2026-06-16,GOOGL,15597560.488282504
2026-06-16,HIMS,4271069.2352775
2026-06-16,HOOD,11886429.6735855
2026-06-16,HYUNDAI,1471945.43188
2026-06-16,IBM,398674.386
2026-06-16,INTC,48072508.158575
2026-06-16,JP225,1136336.7025300001
2026-06-16,JPY,1981490.3181
2026-06-16,KR200,310736.32752
2026-06-16,LITE,12597356.774537498
2026-06-16,LLY,885733.8224475001
2026-06-16,META,7516143.025754999
2026-06-16,MRVL,61030769.079725
2026-06-16,MSFT,10026295.11971
2026-06-16,MSTR,11905710.790600002
2026-06-16,MU,183381636.27420002
2026-06-16,NATGAS,3909681.4090949995
2026-06-16,NBIS,22031492.6469
2026-06-16,NFLX,897892.238772
2026-06-16,NOK,1344972.9818199999
2026-06-16,NOW,429214.40100000007
2026-06-16,NVDA,29584680.9048375
2026-06-16,ORCL,12790436.544249998
2026-06-16,PALLADIUM,576820.7273125
2026-06-16,PLATINUM,1495392.808
2026-06-16,PLTR,3766598.875965
2026-06-16,PURRDAT,13762591.493625
2026-06-16,QNT,1185957.3826950002
2026-06-16,RIVN,1001025.7146399999
2026-06-16,RKLB,9830320.9302
2026-06-16,SILVER,86363229.30540249
2026-06-16,SKHX,66685923.910000004
2026-06-16,SMH,1519610.6311724999
2026-06-16,SMSN,25493446.99782
2026-06-16,SNDK,124022740.426
2026-06-16,SP500,299708128.716725
2026-06-16,SPCX,1633583898.47805
2026-06-16,TSLA,24752806.550465
2026-06-16,TSM,4041256.3040074995
2026-06-16,URNM,308142.38869999995
2026-06-16,USAR,912193.75199
2026-06-16,WDC,11442089.869720003
2026-06-16,XLE,233426.41746749997
2026-06-16,XYZ100,548450465.05395
2026-06-16,ZM,209296.75003125003
2026-06-17,AAPL,7133128.716439999
2026-06-17,AMD,19355310.22887
2026-06-17,AMZN,6571156.518809999
2026-06-17,ARM,10599196.9419
2026-06-17,ASML,751825.99855
2026-06-17,AVGO,5139575.665949999
2026-06-17,BABA,1313869.6883399999
2026-06-17,BB,3433611.4103825
2026-06-17,BIRD,6714210.59628
2026-06-17,BRENTOIL,167577524.1586125
2026-06-17,BX,75833.20625
2026-06-17,CBRS,6683855.0589
2026-06-17,CL,312448902.4215585
2026-06-17,COIN,4657317.601
2026-06-17,COPPER,7815446.739240251
2026-06-17,COST,32661.550763
2026-06-17,CRCL,23001029.757962998
2026-06-17,CRWV,20264654.2445
2026-06-17,DELL,676259.8575
2026-06-17,DKNG,80079.412195
2026-06-17,DRAM,47746874.98575
2026-06-17,EBAY,39615.51435
2026-06-17,EUR,3187012.8140000002
2026-06-17,EWJ,962907.7115997499
2026-06-17,EWT,199902.573
2026-06-17,EWY,21363079.616460003
2026-06-17,EWZ,57888.50109000001
2026-06-17,GBP,39007.5729
2026-06-17,GME,630243.7281825
2026-06-17,GOLD,104161812.1444875
2026-06-17,GOOGL,17082208.573202502
2026-06-17,HIMS,3307727.70813
2026-06-17,HOOD,21334657.065996002
2026-06-17,HYUNDAI,1399379.444775
2026-06-17,IBM,1929919.5153750002
2026-06-17,INTC,54820803.34125
2026-06-17,JP225,1650599.1063375
2026-06-17,JPY,4607125.762800001
2026-06-17,KR200,408087.226475
2026-06-17,LITE,10410857.233725
2026-06-17,LLY,961293.8341549999
2026-06-17,META,8820789.559875
2026-06-17,MRVL,41662162.724175006
2026-06-17,MSFT,17534271.707155
2026-06-17,MSTR,15644524.749585
2026-06-17,MU,177901003.84579995
2026-06-17,NATGAS,4688255.305375
2026-06-17,NBIS,21776596.571374997
2026-06-17,NFLX,1971163.19735
2026-06-17,NOK,1465046.9807625
2026-06-17,NOW,553023.01054
2026-06-17,NVDA,48487737.49351
2026-06-17,ORCL,7580360.8822325
2026-06-17,PALLADIUM,851598.4224375001
2026-06-17,PLATINUM,953088.3969525002
2026-06-17,PLTR,6237992.620800001
2026-06-17,PURRDAT,11217841.452174999
2026-06-17,QNT,1917123.30713
2026-06-17,RIVN,750764.5022100001
2026-06-17,RKLB,3753880.6312
2026-06-17,SILVER,121425837.263325
2026-06-17,SKHX,116927441.38024999
2026-06-17,SMH,1095251.0337149997
2026-06-17,SMSN,21589030.176
2026-06-17,SNDK,131681841.79319999
2026-06-17,SP500,399573895.71
2026-06-17,SPCX,911007735.786225
2026-06-17,TSLA,18112214.516185
2026-06-17,TSM,3145917.20162
2026-06-17,URNM,228878.28018000003
2026-06-17,USAR,3784954.767075
2026-06-17,WDC,19949593.177124996
2026-06-17,XLE,138857.52354749996
2026-06-17,XYZ100,618915097.1727749
2026-06-17,ZM,463863.12362499995
2026-06-18,AAPL,7063067.823374999
2026-06-18,AMD,26355222.6961725
2026-06-18,AMZN,8992103.4891775
2026-06-18,ARM,13141908.1864
2026-06-18,ASML,562262.758775
2026-06-18,AVGO,2921617.455
2026-06-18,BABA,2630906.1264474997
2026-06-18,BB,6570303.260334999
2026-06-18,BIRD,3778266.3272574996
2026-06-18,BRENTOIL,101673002.75492498
2026-06-18,BX,45341.320349999995
2026-06-18,CBRS,16756061.942100001
2026-06-18,CL,211766214.01170346
2026-06-18,COIN,5593608.376705
2026-06-18,COPPER,8325579.589441501
2026-06-18,COST,221424.805368
2026-06-18,CRCL,22408856.077734
2026-06-18,CRWV,11405407.507
2026-06-18,DELL,777834.1895999999
2026-06-18,DKNG,161877.03421500002
2026-06-18,DRAM,64001832.93140001
2026-06-18,EBAY,103377.8898
2026-06-18,EUR,3050982.9024
2026-06-18,EWJ,963028.4438275
2026-06-18,EWT,424408.11465
2026-06-18,EWY,15117733.896880003
2026-06-18,EWZ,75570.24204
2026-06-18,GBP,98743.569925
2026-06-18,GME,1609531.3644200002
2026-06-18,GOLD,32010863.69821
2026-06-18,GOOGL,17862760.24225
2026-06-18,HIMS,4260985.184925
2026-06-18,HOOD,14784932.409650002
2026-06-18,HYUNDAI,1099871.87464
2026-06-18,IBM,3327132.5795250004
2026-06-18,INTC,166940432.615625
2026-06-18,JP225,2766943.8007750004
2026-06-18,JPY,5583140.77835
2026-06-18,KR200,1811401.1242900002
2026-06-18,LITE,13229989.94817
2026-06-18,LLY,1949123.3506900002
2026-06-18,META,9213387.966517499
2026-06-18,MINIMAX,2054553.1957125003
2026-06-18,MRVL,78003569.441275
2026-06-18,MSFT,25344749.437945
2026-06-18,MSTR,41750542.435499996
2026-06-18,MU,152298372.522125
2026-06-18,NATGAS,13177982.45076
2026-06-18,NBIS,14882327.073
2026-06-18,NFLX,3024212.5774735
2026-06-18,NOK,1051539.92955
2026-06-18,NOW,498534.83611499995
2026-06-18,NVDA,35201646.6095625
2026-06-18,ORCL,13814105.653624998
2026-06-18,PALLADIUM,1809847.10672
2026-06-18,PLATINUM,859455.56936
2026-06-18,PLTR,7925496.939165
2026-06-18,PURRDAT,10066790.52765
2026-06-18,QNT,3971296.1969649997
2026-06-18,RIVN,978711.9654000001
2026-06-18,RKLB,3163131.5472000004
2026-06-18,SILVER,107694608.63576
2026-06-18,SKHX,137017886.4918
2026-06-18,SMH,3205873.00264
2026-06-18,SMSN,29635202.61221
2026-06-18,SNDK,110991334.37664999
2026-06-18,SP500,322614277.913925
2026-06-18,SPCX,899085178.2019249
2026-06-18,TSLA,21405068.1945375
2026-06-18,TSM,7781285.500349999
2026-06-18,URNM,153918.44382749998
2026-06-18,USAR,925025.57849
2026-06-18,WDC,18271577.353590004
2026-06-18,XLE,270880.04433
2026-06-18,XYZ100,553236731.08745
2026-06-18,ZM,136792.31165949997
2026-06-19,AAPL,3703134.6369600003
2026-06-19,AMD,4079216.5902975006
2026-06-19,AMZN,1668030.6624075
2026-06-19,ARM,4604663.493300001
2026-06-19,ASML,249839.6355
2026-06-19,AVGO,1208534.0917
2026-06-19,BABA,326425.90035
2026-06-19,BB,605232.305055
2026-06-19,BIRD,337745.9081075
2026-06-19,BRENTOIL,68728817.28024
2026-06-19,BX,198215.00625
2026-06-19,CBRS,1796522.97525
2026-06-19,CL,138937052.0987145
2026-06-19,COIN,1429877.7396
2026-06-19,COPPER,1354219.124982
2026-06-19,COST,137793.78965000002
2026-06-19,CRCL,3890770.92421875
2026-06-19,CRWV,1199841.9224999999
2026-06-19,DELL,127884.9735
2026-06-19,DKNG,12518.57446
2026-06-19,DRAM,27705898.159349997
2026-06-19,EBAY,44483.3538
2026-06-19,EUR,4212731.6804
2026-06-19,EWJ,565996.109294
2026-06-19,EWT,236331.90350000001
2026-06-19,EWY,11433196.9875
2026-06-19,EWZ,13809.18193
2026-06-19,GBP,239186.28587500003
2026-06-19,GME,1056948.27588
2026-06-19,GOLD,28984949.347419996
2026-06-19,GOOGL,4502172.49356
2026-06-19,HIMS,1439199.2898749998
2026-06-19,HOOD,2381109.8450774997
2026-06-19,HYUNDAI,1302976.3451174998
2026-06-19,IBM,3526664.8164
2026-06-19,INTC,31002447.8589
2026-06-19,JP225,1373924.59776
2026-06-19,JPY,2279980.031225
2026-06-19,KR200,1090292.2050125
2026-06-19,LITE,827146.3788575
2026-06-19,LLY,586195.93716
2026-06-19,META,2211312.3798550004
2026-06-19,MINIMAX,249420.93340500002
2026-06-19,MRVL,26837107.930999998
2026-06-19,MSFT,4937577.67188
2026-06-19,MSTR,6920403.35424
2026-06-19,MU,65631854.174449995
2026-06-19,NATGAS,2351068.7884724997
2026-06-19,NBIS,1362558.5477500001
2026-06-19,NFLX,586145.5244999999
2026-06-19,NOK,143803.672365
2026-06-19,NOW,93669.33331
2026-06-19,NVDA,10185386.324645
2026-06-19,ORCL,1877621.6275024998
2026-06-19,PALLADIUM,411509.88184499997
2026-06-19,PLATINUM,521064.6864275
2026-06-19,PLTR,1088563.7687825
2026-06-19,PURRDAT,2029661.4441000002
2026-06-19,QNT,871475.9488100001
2026-06-19,RIVN,92591.34104500001
2026-06-19,RKLB,516928.824575
2026-06-19,SILVER,94124637.48362501
2026-06-19,SKHX,126036707.6496
2026-06-19,SMH,1943800.1246000002
2026-06-19,SMSN,27655987.168617498
2026-06-19,SNDK,22649797.48395
2026-06-19,SP500,126369589.61295
2026-06-19,SPCX,138031029.4088
2026-06-19,TSLA,6268238.216899999
2026-06-19,TSM,4219710.55016
2026-06-19,URNM,53255.070232499995
2026-06-19,USAR,466544.39955000003
2026-06-19,WDC,2964688.1799075003
2026-06-19,XLE,122655.75600000001
2026-06-19,XYZ100,152557374.165625
2026-06-19,ZM,19850.031991999997
2026-06-20,AAPL,561762.49767
2026-06-20,AMD,2539863.9896799996
2026-06-20,AMZN,1123826.09323
2026-06-20,ARM,551724.6555
2026-06-20,ASML,289140.91880000004
2026-06-20,AVGO,232820.154625
2026-06-20,BABA,122665.43547999999
2026-06-20,BB,991502.3091049999
2026-06-20,BIRD,29223.35914
2026-06-20,BRENTOIL,42909858.353232495
2026-06-20,BX,9743.60385
2026-06-20,CBRS,563528.0804
2026-06-20,CL,80351039.72277549
2026-06-20,COIN,944953.9060874999
2026-06-20,COPPER,401342.20640200004
2026-06-20,COST,37558.577069249994
2026-06-20,CRCL,2148162.8894459996
2026-06-20,CRWV,506746.487975
2026-06-20,DELL,80983.01942499999
2026-06-20,DKNG,9022.128775
2026-06-20,DRAM,18540399.502575003
2026-06-20,EBAY,3039.6067
2026-06-20,EUR,1077679.22865
2026-06-20,EWJ,97602.36851999999
2026-06-20,EWT,55017.596325
2026-06-20,EWY,5312135.289815
2026-06-20,EWZ,8608.464590000001
2026-06-20,GBP,175482.7578
2026-06-20,GME,407529.15200249996
2026-06-20,GOLD,2412582.357195
2026-06-20,GOOGL,1645785.03456
2026-06-20,HIMS,520376.73649999994
2026-06-20,HOOD,788428.7487575001
2026-06-20,HYUNDAI,64676.88
2026-06-20,IBM,224813.20750000002
2026-06-20,INTC,22573684.5551
2026-06-20,JP225,117667.6859
2026-06-20,JPY,306766.26385
2026-06-20,KR200,94583.39165000002
2026-06-20,LITE,660234.58371
2026-06-20,LLY,48686.526525
2026-06-20,META,378218.2746575
2026-06-20,MINIMAX,259902.6402375
2026-06-20,MRVL,5271367.276625
2026-06-20,MSFT,923740.799055
2026-06-20,MSTR,6145147.45392
2026-06-20,MU,19917207.399074998
2026-06-20,NATGAS,384896.3328
2026-06-20,NBIS,1925472.392025
2026-06-20,NFLX,64310.5669675
2026-06-20,NOK,51568.3014
2026-06-20,NOW,88690.05807
2026-06-20,NVDA,5040923.913405
2026-06-20,ORCL,621234.84219
2026-06-20,PALLADIUM,42839.38509750001
2026-06-20,PLATINUM,109700.94425
2026-06-20,PLTR,582369.9685649999
2026-06-20,PURRDAT,809846.28875
2026-06-20,QNT,472971.51405750006
2026-06-20,RIVN,91951.32481999998
2026-06-20,RKLB,402531.885525
2026-06-20,SILVER,17006540.263905
2026-06-20,SKHX,46657051.7979
2026-06-20,SMH,981778.5639874999
2026-06-20,SMSN,8210063.455359999
2026-06-20,SNDK,6485556.73325
2026-06-20,SP500,31021868.923449997
2026-06-20,SPCX,39812007.532000005
2026-06-20,TSLA,2210733.92775
2026-06-20,TSM,558972.12739
2026-06-20,URNM,142496.8634625
2026-06-20,USAR,92655.44456999999
2026-06-20,WDC,1500996.4987
2026-06-20,XLE,320087.04124
2026-06-20,XYZ100,40832283.220575005
2026-06-20,ZM,17680.646987999997
2026-06-21,AAPL,1251920.4592125004
2026-06-21,AMD,1730400.5813325003
2026-06-21,AMZN,1041258.4775899999
2026-06-21,ARM,967974.0798000001
2026-06-21,ASML,139851.68625
2026-06-21,AVGO,416742.18200000003
2026-06-21,BABA,81293.87311500001
2026-06-21,BB,876511.0728000001
2026-06-21,BIRD,16614.297495
2026-06-21,BRENTOIL,77079023.74300501
2026-06-21,BX,26044.0677
2026-06-21,CBRS,2413489.0288
2026-06-21,CL,178017792.65815476
2026-06-21,COIN,911876.5254
2026-06-21,COPPER,884891.3666427501
2026-06-21,COST,2851.2962774999996
2026-06-21,CRCL,2269104.10926875
2026-06-21,CRWV,1214115.1961
2026-06-21,DELL,64340.091899999985
2026-06-21,DKNG,20791.444955
2026-06-21,DRAM,21442667.3781
2026-06-21,EBAY,7070.542200000001
2026-06-21,EUR,374427.06470000005
2026-06-21,EWJ,257313.259346
2026-06-21,EWT,32418.7682
2026-06-21,EWY,6707961.080189999
2026-06-21,EWZ,12678.474284999998
2026-06-21,GBP,242854.09824999998
2026-06-21,GME,197792.49763
2026-06-21,GOLD,10937018.170374999
2026-06-21,GOOGL,2223732.37394
2026-06-21,HIMS,1833458.9036724998
2026-06-21,HOOD,734524.40037
2026-06-21,HYUNDAI,147262.54448500002
2026-06-21,IBM,89912.92940000001
2026-06-21,INTC,10224228.314625
2026-06-21,JP225,534830.717945
2026-06-21,JPY,1461070.94165
2026-06-21,KR200,128878.18020000002
2026-06-21,LITE,1054998.71184
2026-06-21,LLY,52086.88368500001
2026-06-21,META,761731.41082
2026-06-21,MINIMAX,228568.8039975
2026-06-21,MRVL,7660220.4166
2026-06-21,MSFT,1171275.6454399999
2026-06-21,MSTR,3490825.146025
2026-06-21,MU,20435187.620925
2026-06-21,NATGAS,2224153.1266624997
2026-06-21,NBIS,864469.15995
2026-06-21,NFLX,187039.39950000003
2026-06-21,NOK,346904.37565000006
2026-06-21,NOW,46868.10284
2026-06-21,NVDA,6287143.460422499
2026-06-21,ORCL,520813.651365
2026-06-21,PALLADIUM,188971.674535
2026-06-21,PLATINUM,328054.17729
2026-06-21,PLTR,1834022.82129
2026-06-21,PURRDAT,934712.9014499999
2026-06-21,QNT,150402.18414
2026-06-21,RIVN,53689.826969999995
2026-06-21,RKLB,440641.39385000005
2026-06-21,SILVER,35367330.7382375
2026-06-21,SKHX,80884865.76
2026-06-21,SMH,258563.63928750003
2026-06-21,SMSN,9506308.8398
2026-06-21,SNDK,6254157.48265
2026-06-21,SP500,57435429.331775
2026-06-21,SPCX,43285499.44124999
2026-06-21,TSLA,2524479.96405
2026-06-21,TSM,900398.63895
2026-06-21,URNM,82709.821875
2026-06-21,USAR,185276.45913750003
2026-06-21,WDC,1631750.0028400002
2026-06-21,XLE,54112.385669999996
2026-06-21,XYZ100,99908634.36060001
2026-06-21,ZM,9545.28714725
2026-06-22,AAPL,10054532.841857499
2026-06-22,AMD,17916850.3917725
2026-06-22,AMZN,10264630.279804999
2026-06-22,ARM,5855244.767975
2026-06-22,ASML,763852.5166500001
2026-06-22,AVGO,2704531.1337999995
2026-06-22,BABA,5187638.62521
2026-06-22,BB,9872499.199860001
2026-06-22,BE,27575.580375
2026-06-22,BIRD,1445673.9227699998
2026-06-22,BRENTOIL,99672533.66355251
2026-06-22,BX,204706.05599999998
2026-06-22,CBRS,20132926.9728
2026-06-22,CL,247286329.49719504
2026-06-22,COIN,8557707.107139999
2026-06-22,COPPER,3072606.11844975
2026-06-22,COST,81268.8479575
2026-06-22,CRCL,18441439.7323455
2026-06-22,CRWV,15573181.329249999
2026-06-22,DELL,1145023.36875
2026-06-22,DKNG,123152.60271999998
2026-06-22,DRAM,84379048.28912501
2026-06-22,EBAY,122923.51875
2026-06-22,EUR,1738701.3545900001
2026-06-22,EWJ,805304.2183320001
2026-06-22,EWT,411794.040375
2026-06-22,EWY,18497971.205025
2026-06-22,EWZ,65682.358735
2026-06-22,GBP,218902.25699999998
2026-06-22,GME,919147.5946099999
2026-06-22,GOLD,28809687.5757
2026-06-22,GOOGL,48990574.57288501
2026-06-22,HIMS,5078693.005785
2026-06-22,HOOD,24486176.464259997
2026-06-22,HYUNDAI,880843.1462399999
2026-06-22,IBM,9369271.6119
2026-06-22,INTC,74137183.28750001
2026-06-22,JP225,2565247.962525
2026-06-22,JPY,26790423.891974997
2026-06-22,KR200,518870.4373125
2026-06-22,LITE,9542232.284
2026-06-22,LLY,1493812.8334249998
2026-06-22,META,7652337.0324675
2026-06-22,MINIMAX,12916544.991375
2026-06-22,MRVL,75844116.31019999
2026-06-22,MSFT,16920231.1533
2026-06-22,MSTR,35608605.77526
2026-06-22,MU,174054907.61699998
2026-06-22,NATGAS,9217552.327805
2026-06-22,NBIS,8102315.784150001
2026-06-22,NFLX,3773453.926009499
2026-06-22,NOK,2374241.524135
2026-06-22,NOW,454966.61010499997
2026-06-22,NVDA,65492335.61773
2026-06-22,ORCL,16236293.085889997
2026-06-22,PALLADIUM,563748.7779600001
2026-06-22,PLATINUM,856545.76854
2026-06-22,PLTR,12578096.99008
2026-06-22,PURRDAT,6258230.158600001
2026-06-22,QCOM,726650.491575
2026-06-22,QNT,10965947.17664
2026-06-22,RIVN,3330144.7428375
2026-06-22,RKLB,7222164.531075001
2026-06-22,SILVER,98052178.3557375
2026-06-22,SKHX,178539868.50375
2026-06-22,SMH,3404993.3022000003
2026-06-22,SMSN,27642306.881337497
2026-06-22,SNDK,101248049.32507502
2026-06-22,SP500,272909526.86402506
2026-06-22,SPCX,950471001.5045
2026-06-22,STRC,6666.420474999999
2026-06-22,TSLA,39181381.60282499
2026-06-22,TSM,9107327.0193025
2026-06-22,URNM,219425.08230000004
2026-06-22,USAR,2999468.4407325
2026-06-22,WDC,7274469.13875
2026-06-22,XLE,210642.718905
2026-06-22,XYZ100,473208177.5628
2026-06-22,ZHIPU,21359819.8919025
2026-06-22,ZM,658362.056607
2026-06-23,AAPL,12128253.414035
2026-06-23,AMD,22505110.6785125
2026-06-23,AMZN,9675014.505495
2026-06-23,ARM,10800802.52015
2026-06-23,ASML,950806.1826000002
2026-06-23,AVGO,5373654.3887
2026-06-23,BABA,3848026.0258950004
2026-06-23,BB,12149491.845024997
2026-06-23,BE,2343839.6504
2026-06-23,BIRD,341607.22872
2026-06-23,BRENTOIL,50625108.29647499
2026-06-23,BX,134895.039925
2026-06-23,CBRS,53218276.91505
2026-06-23,CL,236498356.237836
2026-06-23,COIN,5364657.18635
2026-06-23,COPPER,5713636.62961
2026-06-23,COST,247999.03287775003
2026-06-23,CRCL,20950286.943540502
2026-06-23,CRWV,13090092.90515
2026-06-23,DELL,2016706.8758749997
2026-06-23,DKNG,203610.026875
2026-06-23,DRAM,161561389.70235
2026-06-23,EBAY,127441.4976
2026-06-23,EUR,2881440.1307750004
2026-06-23,EWJ,908781.2214907501
2026-06-23,EWT,334704.20875
2026-06-23,EWY,47031513.84382
2026-06-23,EWZ,60353.4979425
2026-06-23,GBP,104140.2321
2026-06-23,GME,1747056.3784849998
2026-06-23,GOLD,37118103.47456
2026-06-23,GOOGL,29087442.982372496
2026-06-23,HIMS,3101125.7130899997
2026-06-23,HOOD,19868415.5369
2026-06-23,HYUNDAI,2762465.2658
2026-06-23,IBM,8453737.844999999
2026-06-23,INTC,102298980.16239999
2026-06-23,JP225,2991609.97352
2026-06-23,JPY,11362952.428650001
2026-06-23,KR200,1981052.09478
2026-06-23,LITE,11788716.604172502
2026-06-23,LLY,3353454.6938199997
2026-06-23,META,10341003.971595002
2026-06-23,MINIMAX,9705109.37893
2026-06-23,MRVL,54651180.4603
2026-06-23,MSFT,14791608.202814998
2026-06-23,MSTR,29190020.8776675
2026-06-23,MU,480115817.33199996
2026-06-23,NATGAS,17408665.41061
2026-06-23,NBIS,18072397.139650002
2026-06-23,NFLX,2521443.164427
2026-06-23,NOK,3211934.2243200005
2026-06-23,NOW,449946.6972375
2026-06-23,NVDA,73142402.4568125
2026-06-23,ORCL,15325505.552955
2026-06-23,PALLADIUM,271190.05443749996
2026-06-23,PLATINUM,960177.40756
2026-06-23,PLTR,21247069.479345
2026-06-23,PURRDAT,9601067.956499998
2026-06-23,QCOM,1408143.5898749998
2026-06-23,QNT,9889389.759149998
2026-06-23,RIVN,1248144.818245
2026-06-23,RKLB,6488824.528899999
2026-06-23,SILVER,154140004.2415775
2026-06-23,SKHX,365340847.90157497
2026-06-23,SMH,3491661.0787500003
2026-06-23,SMSN,52154649.210614994
2026-06-23,SNDK,255818402.6004
2026-06-23,SP500,431517405.64192504
2026-06-23,SPCX,1064539848.5202501
2026-06-23,STRC,537687.8671999999
2026-06-23,TSLA,29569128.992
2026-06-23,TSM,9568657.43914
2026-06-23,URNM,396647.8746224999
2026-06-23,USAR,2871015.1715325
2026-06-23,WDC,3896079.26236
2026-06-23,XLE,145524.52468250002
2026-06-23,XYZ100,781986554.8194
2026-06-23,ZHIPU,22311783.83763
2026-06-23,ZM,649700.19033675
2026-06-24,AAPL,10680033.892524999
2026-06-24,AMD,14066808.303599998
2026-06-24,AMZN,10192409.64825
2026-06-24,ARM,8777765.373
2026-06-24,ASML,453943.07855
2026-06-24,AVGO,6077700.256150001
2026-06-24,BABA,2356008.4810599997
2026-06-24,BB,16849068.76692
2026-06-24,BE,1496570.221125
2026-06-24,BIRD,475032.02917500003
2026-06-24,BRENTOIL,103732195.2263125
2026-06-24,BX,106131.431625
2026-06-24,CBRS,32921938.36695
2026-06-24,CL,178555322.4070755
2026-06-24,COIN,6873338.519319999
2026-06-24,COPPER,5365437.493629999
2026-06-24,COST,37301.27787
2026-06-24,CRCL,15729948.189063998
2026-06-24,CRWV,5845511.50344
2026-06-24,DELL,1292782.67405
2026-06-24,DKNG,164867.27543
2026-06-24,DRAM,181210179.288
2026-06-24,EBAY,345262.04235
2026-06-24,EUR,4852009.326525
2026-06-24,EWJ,1133612.05104
2026-06-24,EWT,295118.2431
2026-06-24,EWY,59901946.513997495
2026-06-24,EWZ,118028.96952
2026-06-24,GBP,141677.65079999997
2026-06-24,GME,684716.3560899999
2026-06-24,GOLD,57218031.24344999
2026-06-24,GOOGL,22948602.36534
2026-06-24,HIMS,5259708.02355
2026-06-24,HOOD,9242016.3531
2026-06-24,HYUNDAI,1006467.8794499999
2026-06-24,IBM,1783697.3385
2026-06-24,INTC,71127068.556225
2026-06-24,JP225,2477225.6391425002
2026-06-24,JPY,3501665.2202500002
2026-06-24,KR200,1460368.9518974999
2026-06-24,LITE,6700379.538104999
2026-06-24,LLY,2012028.217675
2026-06-24,META,7167613.060889999
2026-06-24,MINIMAX,4187991.6212400002
2026-06-24,MRVL,32888814.908200003
2026-06-24,MSFT,8848955.020739999
2026-06-24,MSTR,54657816.46527601
2026-06-24,MU,653386699.6470501
2026-06-24,NATGAS,6850509.0859699985
2026-06-24,NBIS,24110904.803499997
2026-06-24,NFLX,996915.6977337501
2026-06-24,NOK,5953565.02272
2026-06-24,NOW,350214.47233499994
2026-06-24,NVDA,38928709.24826
2026-06-24,ORCL,8170246.9841
2026-06-24,PALLADIUM,549312.5852925
2026-06-24,PLATINUM,1799351.6285575
2026-06-24,PLTR,6841635.0833225
2026-06-24,PURRDAT,5467527.0195
2026-06-24,QCOM,2920812.91495
2026-06-24,QNT,6500930.0311725
2026-06-24,RIVN,1773789.3156
2026-06-24,RKLB,3577958.9222999997
2026-06-24,SILVER,245780063.00635996
2026-06-24,SKHX,443250436.408
2026-06-24,SMH,1442927.5051575003
2026-06-24,SMSN,57277535.713065
2026-06-24,SNDK,201644627.08145
2026-06-24,SP500,507733691.60477495
2026-06-24,SPCX,349229025.83632493
2026-06-24,STRC,3313959.8140000002
2026-06-24,TSLA,16508069.28575
2026-06-24,TSM,3967516.18284
2026-06-24,URNM,380485.7405125
2026-06-24,USAR,1129562.03686
2026-06-24,WDC,2285187.50649
2026-06-24,XLE,229163.51024999996
2026-06-24,XYZ100,582346409.56525
2026-06-24,ZHIPU,13258352.183220001
2026-06-24,ZM,420621.5270175
2026-06-25,AAPL,21380128.58475
2026-06-25,AMD,20626749.136125
2026-06-25,AMZN,11261768.017357498
2026-06-25,ARM,7311301.38
2026-06-25,ASML,566536.744375
2026-06-25,AVGO,6430465.950500001
2026-06-25,BABA,3716124.1343475003
2026-06-25,BB,47454139.042559996
2026-06-25,BE,1203925.32045
2026-06-25,BIRD,442748.69595
2026-06-25,BRENTOIL,95374123.93118748
2026-06-25,BX,1226260.59435
2026-06-25,CBRS,24545445.804750007
2026-06-25,CL,182121551.04115102
2026-06-25,COIN,8213394.829340001
2026-06-25,COPPER,3078849.3883125
2026-06-25,COST,68261.4741585
2026-06-25,CRCL,16822674.1119645
2026-06-25,CRWV,7887059.572155
2026-06-25,DELL,2750829.47745
2026-06-25,DKNG,211284.4017375
2026-06-25,DRAM,191958658.622575
2026-06-25,EBAY,428083.09619999997
2026-06-25,EUR,1598392.9459049997
2026-06-25,EWJ,1666477.2573455004
2026-06-25,EWT,210598.69350000002
2026-06-25,EWY,26951800.7093825
2026-06-25,EWZ,100542.6059
2026-06-25,GBP,183996.04142500003
2026-06-25,GME,411735.43301250006
2026-06-25,GOLD,34607378.058075
2026-06-25,GOOGL,25714264.4702625
2026-06-25,HIMS,4769243.0802
2026-06-25,HOOD,10978649.201919002
2026-06-25,HYUNDAI,866122.2254999998
2026-06-25,IBM,7805891.110599999
2026-06-25,INTC,58367951.2536
2026-06-25,JP225,2053513.14065
2026-06-25,JPY,4277850.466399999
2026-06-25,KIOXIA,7768030.3139774995
2026-06-25,KR200,1008262.6281650001
2026-06-25,LITE,7110974.360479999
2026-06-25,LLY,2290962.31008
2026-06-25,META,10251528.685560001
2026-06-25,MINIMAX,1998189.33303
2026-06-25,MRVL,41160219.047249995
2026-06-25,MSFT,20952427.567995
2026-06-25,MSTR,52547375.52077351
2026-06-25,MU,568987538.60285
2026-06-25,NATGAS,9063456.3586125
2026-06-25,NBIS,21777627.898
2026-06-25,NFLX,1368470.226375
2026-06-25,NOK,3640135.6024375
2026-06-25,NOW,1861324.0277850002
2026-06-25,NVDA,51721664.8785975
2026-06-25,ORCL,5361170.58945
2026-06-25,PALLADIUM,1036845.9747449998
2026-06-25,PLATINUM,920122.62852
2026-06-25,PLTR,7871950.904879999
2026-06-25,PURRDAT,5872971.241650001
2026-06-25,QCOM,4284539.134949999
2026-06-25,QNT,5473738.3847125
2026-06-25,RIVN,610925.071635
2026-06-25,RKLB,6180842.8786975
2026-06-25,SILVER,220469796.78133503
2026-06-25,SKHX,337845594.96
2026-06-25,SMH,808019.62756
2026-06-25,SMSN,48232082.854375005
2026-06-25,SNDK,246863616.513
2026-06-25,SP500,330019312.48625004
2026-06-25,SPCX,253919486.77839997
2026-06-25,STRC,9515660.0414
2026-06-25,TSLA,12878424.198337499
2026-06-25,TSM,5500825.5457999995
2026-06-25,URNM,156834.06664000003
2026-06-25,USAR,1050232.717485
2026-06-25,WDC,15829932.569429997
2026-06-25,XLE,688167.36156
2026-06-25,XYZ100,574929889.0299749
2026-06-25,ZHIPU,6344075.399024999
2026-06-25,ZM,415617.709707
2026-06-26,AAPL,19637498.0583775
2026-06-26,AMD,27259473.316887494
2026-06-26,AMZN,11672196.5343375
2026-06-26,ARM,4636714.2822
2026-06-26,ASML,370315.84659999993
2026-06-26,AVGO,4208742.463075
2026-06-26,BABA,5023352.285274501
2026-06-26,BB,17732705.009625
2026-06-26,BE,1615181.53505
2026-06-26,BIRD,122804.15406749999
2026-06-26,BOT,1168552.13144
2026-06-26,BRENTOIL,101466854.9857
2026-06-26,BX,161651.20304999998
2026-06-26,CBRS,19106172.61845
2026-06-26,CL,185415411.651972
2026-06-26,COIN,13430482.975285
2026-06-26,COPPER,2386011.754968
2026-06-26,COST,34639.3673115
2026-06-26,CRCL,20221324.2044825
2026-06-26,CRWV,5386430.048545
2026-06-26,DELL,954820.604675
2026-06-26,DKNG,479049.8803125
2026-06-26,DRAM,142338015.2465
2026-06-26,EBAY,318089.41229999997
2026-06-26,EUR,3002460.4546999997
2026-06-26,EWJ,1002302.4903797501
2026-06-26,EWT,134290.2301
2026-06-26,EWY,28191172.186825
2026-06-26,EWZ,128523.5570025
2026-06-26,GBP,634468.6945000001
2026-06-26,GME,951315.7390274999
2026-06-26,GOLD,42311389.78495
2026-06-26,GOOGL,18583372.368100002
2026-06-26,HIMS,6602192.747375
2026-06-26,HOOD,10793054.774395
2026-06-26,HYUNDAI,844531.8775800001
2026-06-26,IBM,2771974.2182000005
2026-06-26,INTC,48557976.451474994
2026-06-26,JP225,1854222.61992
2026-06-26,JPY,2839208.4854500005
2026-06-26,KIOXIA,5199568.783337501
2026-06-26,KR200,790285.635315
2026-06-26,LITE,6694423.9022625005
2026-06-26,LLY,6243020.71961
2026-06-26,META,8996753.994120002
2026-06-26,MINIMAX,2073454.7256000002
2026-06-26,MRVL,28854350.327625003
2026-06-26,MSFT,23231848.69908
2026-06-26,MSTR,60317641.77239774
2026-06-26,MU,387773081.91342497
2026-06-26,NATGAS,8308979.93277
2026-06-26,NBIS,17810934.422500003
2026-06-26,NFLX,2515157.8031450002
2026-06-26,NOK,4096505.3618500005
2026-06-26,NOW,2206308.3491375
2026-06-26,NVDA,39471478.238749996
2026-06-26,ORCL,8675863.0878
2026-06-26,PALLADIUM,556389.2342999999
2026-06-26,PLATINUM,2248725.8045175
2026-06-26,PLTR,9799995.339145
2026-06-26,PURRDAT,8774341.1979
2026-06-26,QCOM,2738604.1166000003
2026-06-26,QNT,6729761.504970001
2026-06-26,RIVN,802790.3937250001
2026-06-26,RKLB,5493314.88225
2026-06-26,SILVER,222185138.38815
2026-06-26,SKHX,341904919.88545
2026-06-26,SMH,1706818.4885999998
2026-06-26,SMSN,37571466.869935006
2026-06-26,SNDK,201713646.86600006
2026-06-26,SOFTBANK,536651.686875
2026-06-26,SP500,475979495.40330005
2026-06-26,SPCX,301860600.55359995
2026-06-26,STRC,12676187.5344
2026-06-26,TSLA,14950107.563937502
2026-06-26,TSM,4451684.708075
2026-06-26,URNM,414493.1836
2026-06-26,USAR,1405772.4252
2026-06-26,WDC,8194534.574440001
2026-06-26,XLE,424408.24899000005
2026-06-26,XYZ100,539398293.9917
2026-06-26,ZHIPU,8125174.2528
2026-06-26,ZM,254044.89827874998
2026-06-27,AAPL,2525240.0858225008
2026-06-27,AMD,2709039.049925
2026-06-27,AMZN,1246966.97774
2026-06-27,ARM,1282428.1503
2026-06-27,ASML,28370.952899999997
2026-06-27,AVGO,347572.83194999996
2026-06-27,BABA,226532.704499
2026-06-27,BB,1629704.2392749998
2026-06-27,BE,437956.586875
2026-06-27,BIRD,37213.90526
2026-06-27,BOT,572170.952295
2026-06-27,BRENTOIL,32822839.636524998
2026-06-27,BX,27921.07415
2026-06-27,CBRS,15470747.291999998
2026-06-27,CL,57971183.370100014
2026-06-27,COIN,1191019.1704400002
2026-06-27,COPPER,595264.3170097499
2026-06-27,COST,391.39156099999997
2026-06-27,CRCL,2199844.6259315
2026-06-27,CRWV,487568.25177000003
2026-06-27,DELL,26192.752399999998
2026-06-27,DKNG,12365.632057499999
2026-06-27,DRAM,16392684.307625001
2026-06-27,EBAY,41043.884750000005
2026-06-27,EUR,281244.86280000006
2026-06-27,EWJ,348296.428818
2026-06-27,EWT,10351.94005
2026-06-27,EWY,2840914.42936
2026-06-27,EWZ,6555.394487500001
2026-06-27,GBP,203996.3445
2026-06-27,GME,35532.7476
2026-06-27,GOLD,4701659.440205
2026-06-27,GOOGL,2585805.958615
2026-06-27,HIMS,224399.79809999999
2026-06-27,HOOD,1879682.4629110002
2026-06-27,HYUNDAI,78858.5525
2026-06-27,IBM,225803.73270000002
2026-06-27,INTC,4550913.806125
2026-06-27,JP225,54240.83194
2026-06-27,JPY,822625.5828000001
2026-06-27,KIOXIA,241142.82999000003
2026-06-27,KR200,52907.10016000001
2026-06-27,LITE,229335.39053749997
2026-06-27,LLY,648819.5038874999
2026-06-27,META,1005196.1675399998
2026-06-27,MINIMAX,642712.9955025
2026-06-27,MRVL,2099736.6782000004
2026-06-27,MSFT,3073546.5129600004
2026-06-27,MSTR,7347942.7400275
2026-06-27,MU,29611593.279300004
2026-06-27,NATGAS,2697205.499455
2026-06-27,NBIS,1825826.69745
2026-06-27,NFLX,249924.79983225002
2026-06-27,NOK,245700.58774999998
2026-06-27,NOW,71267.19415000001
2026-06-27,NVDA,4072990.63962
2026-06-27,ORCL,1334042.2971150002
2026-06-27,PALLADIUM,35818.04305
2026-06-27,PLATINUM,133949.7649875
2026-06-27,PLTR,945399.25275
2026-06-27,PURRDAT,686751.2729750001
2026-06-27,QCOM,175676.401975
2026-06-27,QNT,511274.3954599999
2026-06-27,RIVN,318275.90704
2026-06-27,RKLB,250642.226065
2026-06-27,SILVER,9121025.827585
2026-06-27,SKHX,16495752.2551
2026-06-27,SMH,577413.1576174999
2026-06-27,SMSN,3372204.5147175
2026-06-27,SNDK,9680948.095649999
2026-06-27,SOFTBANK,53639.575776
2026-06-27,SP500,35783501.3856
2026-06-27,SPCX,25831075.975875
2026-06-27,STRC,1285487.65625
2026-06-27,TSLA,5494280.09295
2026-06-27,TSM,641860.13034
2026-06-27,URNM,16301.569599999999
2026-06-27,USAR,161486.41393500002
2026-06-27,WDC,271815.80899499997
2026-06-27,XLE,47788.85537999999
2026-06-27,XYZ100,41253773.03325
2026-06-27,ZHIPU,1156395.2363624999
2026-06-27,ZM,24419.44430625
2026-06-28,AAPL,2055132.49626
2026-06-28,AMD,5610864.1849275
2026-06-28,AMZN,1691312.002825
2026-06-28,ARM,1301387.56125
2026-06-28,ASML,130554.3504
2026-06-28,AVGO,585077.1392000001
2026-06-28,BABA,183035.9774995
2026-06-28,BB,3827861.0450250003
2026-06-28,BE,268724.72505
2026-06-28,BIRD,5098.07385
2026-06-28,BOT,3567123.21938
2026-06-28,BRENTOIL,47694010.147934996
2026-06-28,BX,25193.873525
2026-06-28,CBRS,3683963.69855
2026-06-28,CL,129463885.70215799
2026-06-28,COIN,1415803.82958
2026-06-28,COPPER,1087048.2434125
2026-06-28,COST,848.6605439999998
2026-06-28,CRCL,2368978.2230725
2026-06-28,CRWV,728825.9863650001
2026-06-28,DELL,75602.44595000001
2026-06-28,DKNG,20382.818265
2026-06-28,DRAM,32743853.817849994
2026-06-28,EBAY,10627.125825
2026-06-28,EUR,840504.2758199999
2026-06-28,EWJ,306109.7799175
2026-06-28,EWT,195147.80752499998
2026-06-28,EWY,8856786.7456275
2026-06-28,EWZ,17841.676760000002
2026-06-28,GBP,290553.74549999996
2026-06-28,GME,36412.747605
2026-06-28,GOLD,8541593.60922
2026-06-28,GOOGL,3056637.9066399997
2026-06-28,HIMS,609259.8458
2026-06-28,HOOD,2546956.4464815
2026-06-28,HYUNDAI,149383.64025
2026-06-28,IBM,125504.437175
2026-06-28,INTC,5261739.021
2026-06-28,JP225,311806.3202175
2026-06-28,JPY,605641.5564
2026-06-28,KIOXIA,575617.3403749999
2026-06-28,KR200,84978.4276875
2026-06-28,LITE,299493.60805
2026-06-28,LLY,613778.7418750001
2026-06-28,META,2312223.202455
2026-06-28,MINIMAX,201773.1113125
2026-06-28,MRVL,2819599.3075
2026-06-28,MSFT,2950635.9828
2026-06-28,MSTR,10694116.098697
2026-06-28,MU,43150709.60384999
2026-06-28,NATGAS,2237836.5179600003
2026-06-28,NBIS,3036924.7390999994
2026-06-28,NFLX,259471.61407999997
2026-06-28,NOK,478727.6096
2026-06-28,NOW,246956.64075000002
2026-06-28,NVDA,6542510.119875
2026-06-28,ORCL,1077846.4888449998
2026-06-28,PALLADIUM,32268.598050000004
2026-06-28,PLATINUM,326256.3325625
2026-06-28,PLTR,944260.9162349999
2026-06-28,PURRDAT,896817.467
2026-06-28,QCOM,354897.487275
2026-06-28,QNT,173328.78287999998
2026-06-28,RIVN,281674.69533
2026-06-28,RKLB,842992.2547200002
2026-06-28,SILVER,30369060.6725
2026-06-28,SKHX,98570987.9854
2026-06-28,SMH,348220.98478000006
2026-06-28,SMSN,12006833.48684
2026-06-28,SNDK,9026950.01215
2026-06-28,SOFTBANK,46945.923879500006
2026-06-28,SP500,65284486.637600005
2026-06-28,SPCX,22561848.15195
2026-06-28,STRC,2082633.6669500002
2026-06-28,TSLA,3701331.06419
2026-06-28,TSM,753882.5836574999
2026-06-28,URNM,143814.48304
2026-06-28,USAR,329317.83156749996
2026-06-28,WDC,607265.50408
2026-06-28,XLE,47880.7405875
2026-06-28,XYZ100,129953485.14697501
2026-06-28,ZHIPU,1460086.5602399998
2026-06-28,ZM,58530.421039
2026-06-29,AAPL,14445495.676372498
2026-06-29,AMAT,656940.4637524999
2026-06-29,AMD,34199634.076775
2026-06-29,AMZN,14919442.5306225
2026-06-29,ARM,4788709.858125001
2026-06-29,ASML,959531.3895999999
2026-06-29,AVGO,3450409.67025
2026-06-29,BABA,2588762.7829960003
2026-06-29,BB,20519609.2836
2026-06-29,BE,3202158.303825
2026-06-29,BIRD,73608.0448
2026-06-29,BOT,7834649.420115
2026-06-29,BRENTOIL,43221099.812400006
2026-06-29,BX,146573.035225
2026-06-29,CBRS,25734962.323125
2026-06-29,CL,111871484.56528
2026-06-29,COIN,11853000.940375
2026-06-29,COPPER,5836868.0721
2026-06-29,COST,56178.702279
2026-06-29,CRCL,15855873.820347998
2026-06-29,CRWV,5793150.323955
2026-06-29,DELL,1722532.6199999999
2026-06-29,DKNG,191711.68837499997
2026-06-29,DRAM,165214403.038625
2026-06-29,EBAY,146421.190575
2026-06-29,EUR,1307697.55696
2026-06-29,EWJ,1049846.165151
2026-06-29,EWT,381919.98887500004
2026-06-29,EWY,19052619.8655
2026-06-29,EWZ,63021.0953775
2026-06-29,GBP,266118.00725
2026-06-29,GME,149730.47715
2026-06-29,GOLD,29368079.686060004
2026-06-29,GOOGL,33999758.885625
2026-06-29,HIMS,3725869.297815
2026-06-29,HOOD,8171181.591156
2026-06-29,HYUNDAI,1404235.7043
2026-06-29,IBM,1731056.8704000001
2026-06-29,INTC,41000008.752000004
2026-06-29,JP225,2494977.37116
2026-06-29,JPY,29426256.5322
2026-06-29,KIOXIA,5553332.188405001
2026-06-29,KR200,517633.07284499996
2026-06-29,LITE,6919899.061242499
2026-06-29,LLY,5597967.28353
2026-06-29,META,7683731.869275
2026-06-29,MINIMAX,957634.87077
2026-06-29,MRVL,19987964.254800003
2026-06-29,MSFT,33681215.5474875
2026-06-29,MSTR,88148212.91981624
2026-06-29,MU,439195232.886375
2026-06-29,NATGAS,8028671.651565001
2026-06-29,NBIS,12574995.5576
2026-06-29,NFLX,1436547.5462459999
2026-06-29,NOK,2761551.3547049994
2026-06-29,NOW,1461827.0098124999
2026-06-29,NVDA,29331978.989197496
2026-06-29,ORCL,6644469.545155
2026-06-29,PALLADIUM,1012110.8569299999
2026-06-29,PLATINUM,3101140.2261125003
2026-06-29,PLTR,8445855.528125
2026-06-29,PURRDAT,5173340.7487
2026-06-29,QCOM,3231797.3819500008
2026-06-29,QNT,6051599.2096875
2026-06-29,RIVN,1321616.5392149999
2026-06-29,RKLB,14381317.271067502
2026-06-29,SILVER,114853337.34382503
2026-06-29,SKHX,334348049.20579994
2026-06-29,SMH,1921155.2596899997
2026-06-29,SMSN,45847397.40459
2026-06-29,SNDK,175542096.18765
2026-06-29,SOFTBANK,311252.31608
2026-06-29,SP500,447704634.602425
2026-06-29,SPCX,237896940.16875
2026-06-29,STRC,42296164.733550005
2026-06-29,TSLA,23749211.943015
2026-06-29,TSM,6795705.583099999
2026-06-29,URNM,175743.67886
2026-06-29,USAR,1475064.49137
2026-06-29,WDC,23789595.185775
2026-06-29,XLE,239632.40720249998
2026-06-29,XYZ100,409632099.63265
2026-06-29,ZHIPU,3447892.14384
2026-06-29,ZM,314761.59336550004
2026-06-30,AAPL,8174563.8212
2026-06-30,AMAT,5144750.2010625
2026-06-30,AMD,23014345.654005
2026-06-30,AMZN,9546315.828367501
2026-06-30,ARM,3315871.8910000003
2026-06-30,ASML,1483403.7225
2026-06-30,AVGO,2153404.7060000002
2026-06-30,BABA,1880063.2756620003
2026-06-30,BB,10208108.26675
2026-06-30,BE,5784915.204899999
2026-06-30,BIRD,85160.7861225
2026-06-30,BOT,8057597.265910001
2026-06-30,BRENTOIL,57452940.820099995
2026-06-30,BX,46979.634000000005
2026-06-30,CBRS,16809219.197699998
2026-06-30,CL,78974379.0635735
2026-06-30,COIN,10305240.000379998
2026-06-30,COPPER,3671812.7351145
2026-06-30,COST,141862.209312
2026-06-30,CRCL,73024626.6672225
2026-06-30,CRWV,4798709.836515
2026-06-30,DELL,1083550.0499999998
2026-06-30,DKNG,703971.98452
2026-06-30,DRAM,79762817.76035
2026-06-30,EBAY,19845.359099999998
2026-06-30,EUR,2587703.974485
2026-06-30,EWJ,976899.9018479999
2026-06-30,EWT,110503.94192499999
2026-06-30,EWY,17051215.5570225
2026-06-30,EWZ,89768.32757750001
2026-06-30,GBP,152877.803575
2026-06-30,GME,224526.23135250004
2026-06-30,GOLD,50345671.355815
2026-06-30,GOOGL,14346014.38365
2026-06-30,HIMS,3458446.5272399997
2026-06-30,HOOD,5203891.8054075
2026-06-30,HYUNDAI,603810.466025
2026-06-30,IBM,721534.2164
2026-06-30,INTC,47105450.8925
2026-06-30,JP225,1279434.5223225001
2026-06-30,JPY,9128947.6006
2026-06-30,KIOXIA,3249060.88425
2026-06-30,KR200,692356.1636475
2026-06-30,LITE,4294417.0179625
2026-06-30,LLY,2860836.2382599995
2026-06-30,META,6268555.390797499
2026-06-30,MINIMAX,1045465.3728
2026-06-30,MRVL,17044641.705025002
2026-06-30,MSFT,26457291.89787
2026-06-30,MSTR,36141754.98502
2026-06-30,MU,191591508.26462498
2026-06-30,NATGAS,6678686.46254
2026-06-30,NBIS,10922394.284499997
2026-06-30,NFLX,592898.0132899999
2026-06-30,NOK,985944.50292
2026-06-30,NOW,521992.42577
2026-06-30,NVDA,42444682.93698999
2026-06-30,ORCL,8736123.16416
2026-06-30,PALLADIUM,1142404.415025
2026-06-30,PLATINUM,2340989.64619
2026-06-30,PLTR,5128866.953402501
2026-06-30,PURRDAT,5958375.836
2026-06-30,QCOM,2321893.945875
2026-06-30,QNT,8236480.10692
2026-06-30,RIVN,686666.0902499999
2026-06-30,RKLB,5024656.9798799995
2026-06-30,SILVER,161926557.0706875
2026-06-30,SKHX,343102624.3665
2026-06-30,SMH,1039881.0656925
2026-06-30,SMSN,32787273.931275
2026-06-30,SNDK,161799798.7818
2026-06-30,SOFTBANK,389513.947091
2026-06-30,SP500,256194184.64
2026-06-30,SPCX,253338203.48512498
2026-06-30,STRC,10173584.5886
2026-06-30,TSLA,25066798.722349998
2026-06-30,TSM,4135618.77858
2026-06-30,URNM,203590.92575250004
2026-06-30,USAR,656027.87681
2026-06-30,WDC,2906708.37756
2026-06-30,XLE,60485.555550000005
2026-06-30,XYZ100,336482889.6573
2026-06-30,ZHIPU,4279739.481825
2026-06-30,ZM,318474.40908675
2026-07-01,AAPL,16138233.978485
2026-07-01,AMAT,1546541.2899999998
2026-07-01,AMD,32869833.07166
2026-07-01,AMZN,14528306.65374
2026-07-01,ARM,5479370.5339750005
2026-07-01,ASML,987765.3480000001
2026-07-01,AVGO,3029138.2704000003
2026-07-01,BABA,3766857.2472
2026-07-01,BB,12327085.34005
2026-07-01,BE,5248919.34365
2026-07-01,BIRD,248339.79625000007
2026-07-01,BOT,12822457.1394
2026-07-01,BRENTOIL,56325948.8128425
2026-07-01,BX,101853.1052
2026-07-01,CBRS,16643409.338299997
2026-07-01,CL,105422008.938883
2026-07-01,COIN,6390116.729375001
2026-07-01,COPPER,3208005.784935
2026-07-01,COST,64979.265629500005
2026-07-01,CRCL,45706487.920880005
2026-07-01,CRWV,14042302.788960002
2026-07-01,DELL,2580504.1575999996
2026-07-01,DKNG,164466.239495
2026-07-01,DRAM,148621777.80865002
2026-07-01,EBAY,59284.855875
2026-07-01,EUR,1821729.46026
2026-07-01,EWJ,1152130.3557375001
2026-07-01,EWT,130501.47889999999
2026-07-01,EWY,27274348.67508
2026-07-01,EWZ,135339.16984000002
2026-07-01,GBP,157150.58025
2026-07-01,GME,202123.44718500003
2026-07-01,GOLD,64754099.53002
2026-07-01,GOOGL,13872912.2331625
2026-07-01,HIMS,4293408.912
2026-07-01,HOOD,13546760.082156
2026-07-01,HYUNDAI,727833.3489375
2026-07-01,IBM,1140778.6739999999
2026-07-01,INTC,53941176.751499996
2026-07-01,JP225,1383029.48547
2026-07-01,JPY,3683963.9104000004
2026-07-01,KIOXIA,2080227.2143800003
2026-07-01,KR200,713174.9095900002
2026-07-01,LITE,3783622.1163000003
2026-07-01,LLY,1786397.3521874996
2026-07-01,META,68789160.97087501
2026-07-01,MINIMAX,201076.26417749998
2026-07-01,MRVL,19691135.7867
2026-07-01,MSFT,26629889.4455375
2026-07-01,MSTR,46757957.9222445
2026-07-01,MU,458634998.21282506
2026-07-01,NATGAS,2930056.1724
2026-07-01,NBIS,64490004.699999996
2026-07-01,NFLX,2596348.333398
2026-07-01,NOK,1583805.5681325002
2026-07-01,NOW,1077785.46416
2026-07-01,NVDA,41328879.945240006
2026-07-01,ORCL,5670704.4324900005
2026-07-01,PALLADIUM,967980.96423
2026-07-01,PLATINUM,1717956.8077
2026-07-01,PLTR,6798682.68958
2026-07-01,PURRDAT,5332189.94
2026-07-01,QCOM,6581798.1925
2026-07-01,QNT,5751400.6886625
2026-07-01,RIVN,474069.4255574999
2026-07-01,RKLB,3611834.3469449994
2026-07-01,SILVER,134210055.78121002
2026-07-01,SKHX,552093785.797
2026-07-01,SMH,2921506.8174
2026-07-01,SMSN,46970188.532365
2026-07-01,SNDK,219565888.26885
2026-07-01,SOFTBANK,372249.054544
2026-07-01,SP500,392486977.015875
2026-07-01,SPCX,340768021.140225
2026-07-01,STRC,12323558.008125
2026-07-01,TSLA,28555718.634299997
2026-07-01,TSM,5580030.084679999
2026-07-01,URNM,134552.38139999998
2026-07-01,USAR,787398.28128
2026-07-01,WDC,9223500.98481
2026-07-01,XLE,77044.31427249999
2026-07-01,XYZ100,346736166.1847
2026-07-01,ZHIPU,761766.95023
2026-07-01,ZM,576439.537168
2026-07-02,AAPL,19803085.36065
2026-07-02,AMAT,3489544.1955500008
2026-07-02,AMD,40874785.44708
2026-07-02,AMZN,11886426.3015
2026-07-02,ARM,7496343.8176
2026-07-02,ASML,1033157.6059000001
2026-07-02,AVGO,6032511.9909
2026-07-02,BABA,1852447.837833
2026-07-02,BB,16086165.866100004
2026-07-02,BE,3850968.8347499995
2026-07-02,BIRD,143804.3992175
2026-07-02,BOT,7516429.567740001
2026-07-02,BRENTOIL,44701398.60254999
2026-07-02,BX,91399.741225
2026-07-02,CBRS,13411226.5767
2026-07-02,CL,66248633.83936001
2026-07-02,COIN,6738966.077972501
2026-07-02,COPPER,3756629.05298325
2026-07-02,COST,127471.477975
2026-07-02,CRCL,30810683.29623875
2026-07-02,CRWV,10917984.46398
2026-07-02,DELL,1475053.1531999998
2026-07-02,DKNG,376574.7510225
2026-07-02,DRAM,205342291.57924998
2026-07-02,EBAY,147813.87232499997
2026-07-02,EUR,2057356.8367849998
2026-07-02,EWJ,1147450.3372755
2026-07-02,EWT,123002.253375
2026-07-02,EWY,64903251.5123625
2026-07-02,EWZ,167053.06478
2026-07-02,GBP,199024.62352499997
2026-07-02,GME,368028.26889999997
2026-07-02,GOLD,59439563.7847
2026-07-02,GOOGL,13593319.223850003
2026-07-02,HIMS,3237735.78535
2026-07-02,HOOD,20392252.99157
2026-07-02,HYUNDAI,1127974.98337
2026-07-02,IBM,1246859.7948749997
2026-07-02,INTC,74635301.48939998
2026-07-02,JP225,2027320.7701050001
2026-07-02,JPY,13530171.308925001
2026-07-02,KIOXIA,4377257.815140001
2026-07-02,KR200,921897.9733399999
2026-07-02,LITE,3925243.40555
2026-07-02,LLY,2412039.31647
2026-07-02,META,37974182.550720006
2026-07-02,MINIMAX,1340618.96535
2026-07-02,MRVL,35605836.33
2026-07-02,MSFT,30429737.95316
2026-07-02,MSTR,37853269.09553475
2026-07-02,MU,517905686.6200501
2026-07-02,NATGAS,4051970.5017550006
2026-07-02,NBIS,40179622.266224995
2026-07-02,NFLX,1822439.924942
2026-07-02,NOK,2264777.8776
2026-07-02,NOW,625455.5911500001
2026-07-02,NVDA,37297433.488125
2026-07-02,ORCL,10003047.399030002
2026-07-02,PALLADIUM,433115.0521775
2026-07-02,PLATINUM,1677109.3133025002
2026-07-02,PLTR,8868385.806560002
2026-07-02,PURRDAT,6156327.428075001
2026-07-02,QCOM,2214799.146
2026-07-02,QNT,2812000.81643
2026-07-02,RIVN,1932213.97923
2026-07-02,RKLB,3375958.5090000005
2026-07-02,SILVER,157870007.67200002
2026-07-02,SKHX,778171428.5334
2026-07-02,SMH,5156190.3308175
2026-07-02,SMSN,66990048.99859999
2026-07-02,SNDK,371491273.3799251
2026-07-02,SOFTBANK,816058.112575
2026-07-02,SP500,432989364.71737504
2026-07-02,SPCX,217854379.6023
2026-07-02,STRC,10481006.869175
2026-07-02,TSLA,68069828.6064475
2026-07-02,TSM,6228190.587154999
2026-07-02,URNM,367331.66231999994
2026-07-02,USAR,747695.264915
2026-07-02,WDC,3985076.537402501
2026-07-02,XLE,105126.54348
2026-07-02,XYZ100,514002098.88789994
2026-07-02,ZHIPU,5067233.2071475005
2026-07-02,ZM,503103.01528299996
2026-07-03,AAPL,7701645.287799999
2026-07-03,AMAT,367377.14294
2026-07-03,AMD,8121920.2644175
2026-07-03,AMZN,2962605.247235
2026-07-03,ARM,2394006.35975
2026-07-03,ASML,1041945.355
2026-07-03,AVGO,760831.5499999999
2026-07-03,BABA,488630.53310174996
2026-07-03,BB,2047738.4913750002
2026-07-03,BE,664402.3827000001
2026-07-03,BIRD,63588.96913499999
2026-07-03,BOT,2811541.5777050005
2026-07-03,BRENTOIL,26870749.9916625
2026-07-03,BX,52906.031
2026-07-03,CBRS,2828360.8908
2026-07-03,CL,47310470.259547494
2026-07-03,COIN,1942071.04176
2026-07-03,COPPER,1475772.243023
2026-07-03,COST,11501.6988515
2026-07-03,CRCL,12690224.949881751
2026-07-03,CRWV,2776744.1797375
2026-07-03,DELL,60245.0892
2026-07-03,DKNG,26514.53253
2026-07-03,DRAM,65335881.66930001
2026-07-03,EBAY,33845.2417
2026-07-03,EUR,512638.288915
2026-07-03,EWJ,999238.2697259999
2026-07-03,EWT,28761.182775
2026-07-03,EWY,33638542.243609995
2026-07-03,EWZ,87013.46024999999
2026-07-03,GBP,149143.54112499996
2026-07-03,GME,98570.328635
2026-07-03,GOLD,39790383.73210749
2026-07-03,GOOGL,3113828.06883
2026-07-03,HIMS,844489.681875
2026-07-03,HOOD,3749858.6119050006
2026-07-03,HYUNDAI,731019.4197000001
2026-07-03,IBM,1246328.1013000002
2026-07-03,INTC,17652315.71675
2026-07-03,JP225,1188512.8102125002
2026-07-03,JPY,2620439.000175
2026-07-03,KIOXIA,9202814.37586
2026-07-03,KR200,1681161.9853375
2026-07-03,LITE,1645842.0540924997
2026-07-03,LLY,625079.43065
2026-07-03,META,6136198.7592899995
2026-07-03,MINIMAX,862825.6540225
2026-07-03,MRVL,13226667.817274999
2026-07-03,MSFT,4813703.8447275
2026-07-03,MSTR,12218476.473525
2026-07-03,MU,159123277.238115
2026-07-03,NATGAS,1486425.5278875
2026-07-03,NBIS,10195005.06875
2026-07-03,NFLX,1751523.2139400004
2026-07-03,NOK,501207.66656999994
2026-07-03,NOW,289003.2136
2026-07-03,NVDA,8469951.8504325
2026-07-03,ORCL,3708883.8823499996
2026-07-03,PALLADIUM,638332.7299199998
2026-07-03,PLATINUM,385556.8102
2026-07-03,PLTR,3487233.0840525
2026-07-03,PURRDAT,1543631.3720500001
2026-07-03,QCOM,512100.91524999996
2026-07-03,QNT,78146.6252125
2026-07-03,RIVN,89235.62847499999
2026-07-03,RKLB,349456.529525
2026-07-03,SILVER,62619311.690842494
2026-07-03,SKHX,560478161.44125
2026-07-03,SMH,456943.93909500004
2026-07-03,SMSN,47167138.427625
2026-07-03,SNDK,92285923.52244999
2026-07-03,SOFTBANK,255898.41222599996
2026-07-03,SP500,96025038.24374999
2026-07-03,SPCX,34758540.237725
2026-07-03,STRC,1093698.99855
2026-07-03,TSLA,13006935.2856225
2026-07-03,TSM,1597233.5470800002
2026-07-03,URNM,34774.4508625
2026-07-03,USAR,420079.39178
2026-07-03,WDC,1059996.2996649998
2026-07-03,XLE,41625.557055
2026-07-03,XYZ100,137147863.8823
2026-07-03,ZHIPU,4534652.913
2026-07-03,ZM,25570.913697
